event_id,_time,host,user,parent_process_name,parent_process_id,process_name,process_id,command_line,signature_status,classification,note
PROC-00699,2026-08-04T12:17:32Z,APP-API-02,ACME\admin.jlee,taskeng.exe,887,powershell.exe,6034,powershell.exe -File C:\Ops\Rotate-Logs.ps1,signed,benign,routine maintenance
PROC-01181,2026-08-04T12:19:13Z,ADMIN-WS-07,ACME\admin.rpatel,explorer.exe,6227,powershell.exe,8107,powershell.exe Get-Service,signed,benign,routine admin
PROC-00507,2026-08-04T12:28:41Z,VULN-SCAN-01,NT AUTHORITY\SYSTEM,services.exe,7781,backup-agent.exe,6921,backup-agent.exe --run,signed,benign,scheduled backup
PROC-01102,2026-08-04T12:30:20Z,ADMIN-WS-07,ACME\svc_deploy,taskeng.exe,6231,powershell.exe,1491,powershell.exe -File C:\Ops\Rotate-Logs.ps1,signed,benign,routine maintenance
PROC-01010,2026-08-04T12:31:21Z,WEB-EDGE-01,ACME\svc_deploy,taskeng.exe,1289,powershell.exe,1038,powershell.exe -File C:\Ops\Rotate-Logs.ps1,signed,benign,routine maintenance
PROC-00353,2026-08-04T12:34:56Z,WEB-EDGE-01,NT AUTHORITY\SYSTEM,chrome.exe,496,msedgewebview2.exe,14996,msedgewebview2.exe --utility-sub-type=network,signed,benign,normal browser activity
PROC-00118,2026-08-04T12:36:47Z,ADMIN-WS-07,ACME\admin.rpatel,chrome.exe,4614,msedgewebview2.exe,3748,msedgewebview2.exe --utility-sub-type=network,signed,benign,normal browser activity
PROC-00418,2026-08-04T12:38:07Z,DEPLOY-01,NT AUTHORITY\SYSTEM,explorer.exe,7693,powershell.exe,5671,powershell.exe Get-Service,signed,benign,routine admin
PROC-00982,2026-08-04T12:46:22Z,DEPLOY-01,ACME\svc_deploy,services.exe,5850,backup-agent.exe,7509,backup-agent.exe --run,signed,benign,scheduled backup
PROC-00988,2026-08-04T12:53:08Z,FILE-01,ACME\svc_backup,explorer.exe,5775,powershell.exe,1971,powershell.exe Get-Service,signed,benign,routine admin
PROC-00608,2026-08-04T12:58:09Z,ADMIN-WS-07,ACME\svc_deploy,taskeng.exe,1949,powershell.exe,8555,powershell.exe -File C:\Ops\Rotate-Logs.ps1,signed,benign,routine maintenance
PROC-01364,2026-08-04T12:59:06Z,WEB-EDGE-01,NT AUTHORITY\SYSTEM,explorer.exe,5215,powershell.exe,10391,powershell.exe Get-Service,signed,benign,routine admin
PROC-00534,2026-08-04T13:00:51Z,ADMIN-WS-11,NT AUTHORITY\SYSTEM,taskeng.exe,8024,powershell.exe,3283,powershell.exe -File C:\Ops\Rotate-Logs.ps1,signed,benign,routine maintenance
PROC-00837,2026-08-04T13:01:22Z,VULN-SCAN-01,NT AUTHORITY\SYSTEM,wsmprovhost.exe,4341,powershell.exe,7067,powershell.exe -File C:\Deploy\Install-Agent.ps1,signed,benign,approved deployment
PROC-00597,2026-08-04T13:02:00Z,DEPLOY-01,ACME\svc_backup,services.exe,6064,backup-agent.exe,13925,backup-agent.exe --run,signed,benign,scheduled backup
PROC-00836,2026-08-04T13:08:49Z,DEPLOY-01,ACME\svc_backup,chrome.exe,2597,msedgewebview2.exe,9715,msedgewebview2.exe --utility-sub-type=network,signed,benign,normal browser activity
PROC-00689,2026-08-04T13:11:28Z,DEPLOY-01,ACME\svc_deploy,services.exe,4649,backup-agent.exe,5053,backup-agent.exe --run,signed,benign,scheduled backup
PROC-01246,2026-08-04T13:14:12Z,VULN-SCAN-01,ACME\admin.rpatel,services.exe,1606,backup-agent.exe,5181,backup-agent.exe --run,signed,benign,scheduled backup
PROC-01202,2026-08-04T13:15:47Z,APP-API-02,ACME\svc_deploy,wsmprovhost.exe,7046,powershell.exe,1385,powershell.exe -File C:\Deploy\Install-Agent.ps1,signed,benign,approved deployment
PROC-00913,2026-08-04T13:21:19Z,DEPLOY-01,NT AUTHORITY\SYSTEM,taskeng.exe,4834,powershell.exe,8420,powershell.exe -File C:\Ops\Rotate-Logs.ps1,signed,benign,routine maintenance
PROC-01484,2026-08-04T13:22:47Z,ADMIN-WS-07,ACME\admin.jlee,wsmprovhost.exe,5551,powershell.exe,4636,powershell.exe -File C:\Deploy\Install-Agent.ps1,signed,benign,approved deployment
PROC-00914,2026-08-04T13:23:06Z,APP-API-02,ACME\admin.rpatel,services.exe,1550,backup-agent.exe,6598,backup-agent.exe --run,signed,benign,scheduled backup
PROC-01304,2026-08-04T13:38:27Z,ADMIN-WS-11,ACME\svc_deploy,services.exe,1232,backup-agent.exe,5484,backup-agent.exe --run,signed,benign,scheduled backup
PROC-00137,2026-08-04T13:41:45Z,WEB-EDGE-01,ACME\svc_deploy,explorer.exe,8932,powershell.exe,4097,powershell.exe Get-Service,signed,benign,routine admin
PROC-01293,2026-08-04T13:47:15Z,FILE-01,ACME\svc_backup,chrome.exe,8544,msedgewebview2.exe,5630,msedgewebview2.exe --utility-sub-type=network,signed,benign,normal browser activity
PROC-01121,2026-08-04T13:55:36Z,VULN-SCAN-01,ACME\admin.jlee,taskeng.exe,3389,powershell.exe,12104,powershell.exe -File C:\Ops\Rotate-Logs.ps1,signed,benign,routine maintenance
PROC-00221,2026-08-04T14:13:53Z,DEPLOY-01,NT AUTHORITY\SYSTEM,explorer.exe,5859,powershell.exe,1517,powershell.exe Get-Service,signed,benign,routine admin
PROC-00268,2026-08-04T14:15:24Z,FILE-01,ACME\admin.rpatel,wsmprovhost.exe,944,powershell.exe,10043,powershell.exe -File C:\Deploy\Install-Agent.ps1,signed,benign,approved deployment
PROC-00870,2026-08-04T14:18:23Z,VULN-SCAN-01,ACME\svc_backup,services.exe,833,backup-agent.exe,4148,backup-agent.exe --run,signed,benign,scheduled backup
PROC-00441,2026-08-04T14:18:28Z,FILE-01,ACME\svc_deploy,services.exe,3116,backup-agent.exe,7797,backup-agent.exe --run,signed,benign,scheduled backup
PROC-00132,2026-08-04T14:21:00Z,WEB-EDGE-01,NT AUTHORITY\SYSTEM,explorer.exe,3687,powershell.exe,4624,powershell.exe Get-Service,signed,benign,routine admin
PROC-00977,2026-08-04T14:21:43Z,APP-API-02,NT AUTHORITY\SYSTEM,wsmprovhost.exe,1652,powershell.exe,8909,powershell.exe -File C:\Deploy\Install-Agent.ps1,signed,benign,approved deployment
PROC-00807,2026-08-04T14:32:58Z,WEB-EDGE-01,ACME\admin.rpatel,services.exe,3013,backup-agent.exe,14543,backup-agent.exe --run,signed,benign,scheduled backup
PROC-01411,2026-08-04T14:39:24Z,ADMIN-WS-11,ACME\admin.rpatel,explorer.exe,2822,powershell.exe,1692,powershell.exe Get-Service,signed,benign,routine admin
PROC-00863,2026-08-04T14:40:19Z,ADMIN-WS-07,ACME\svc_backup,wsmprovhost.exe,4374,powershell.exe,14936,powershell.exe -File C:\Deploy\Install-Agent.ps1,signed,benign,approved deployment
PROC-00893,2026-08-04T14:45:18Z,ADMIN-WS-11,NT AUTHORITY\SYSTEM,chrome.exe,2133,msedgewebview2.exe,2514,msedgewebview2.exe --utility-sub-type=network,signed,benign,normal browser activity
PROC-00806,2026-08-04T14:50:49Z,ADMIN-WS-11,NT AUTHORITY\SYSTEM,services.exe,8785,backup-agent.exe,9253,backup-agent.exe --run,signed,benign,scheduled backup
PROC-00787,2026-08-04T15:02:31Z,VULN-SCAN-01,ACME\svc_deploy,taskeng.exe,3775,powershell.exe,12399,powershell.exe -File C:\Ops\Rotate-Logs.ps1,signed,benign,routine maintenance
PROC-00990,2026-08-04T15:05:34Z,VULN-SCAN-01,ACME\admin.rpatel,explorer.exe,7655,powershell.exe,13469,powershell.exe Get-Service,signed,benign,routine admin
PROC-00057,2026-08-04T15:09:30Z,ADMIN-WS-07,ACME\svc_deploy,chrome.exe,2937,msedgewebview2.exe,14892,msedgewebview2.exe --utility-sub-type=network,signed,benign,normal browser activity
PROC-00313,2026-08-04T15:10:32Z,APP-API-02,ACME\svc_deploy,explorer.exe,5671,powershell.exe,8385,powershell.exe Get-Service,signed,benign,routine admin
PROC-00136,2026-08-04T15:16:14Z,FILE-01,ACME\svc_backup,wsmprovhost.exe,8660,powershell.exe,4007,powershell.exe -File C:\Deploy\Install-Agent.ps1,signed,benign,approved deployment
PROC-INC-001,2026-08-04T15:17:12Z,ADMIN-WS-07,ACME\admin.jlee,explorer.exe,4020,powershell.exe,8420,"powershell.exe -NoProfile -Command ""Start-BitsTransfer https://download.sysinternals.com/tools/ProcDump.zip C:\Users\Public\Documents\diag.zip""",signed,suspicious,User-launched PowerShell downloads from a legitimate domain
PROC-INC-002,2026-08-04T15:17:20Z,ADMIN-WS-07,ACME\admin.jlee,powershell.exe,4020,bitsadmin.exe,8472,bitsadmin.exe /transfer diag https://download.sysinternals.com/tools/ProcDump.zip C:\Users\Public\Documents\diag.zip,signed,suspicious,Alternate transfer utility in same chain
PROC-INC-003,2026-08-04T15:17:44Z,ADMIN-WS-07,ACME\admin.jlee,powershell.exe,4020,powershell.exe,8496,powershell.exe Expand-Archive C:\Users\Public\Documents\diag.zip C:\Users\Public\Documents\diag,signed,suspicious,Archive extraction
PROC-INC-004,2026-08-04T15:18:03Z,ADMIN-WS-07,ACME\admin.jlee,powershell.exe,4020,procdump64.exe,8516,C:\Users\Public\Documents\diag\procdump64.exe -accepteula -ma lsass.exe C:\Users\Public\Documents\lsass.dmp,signed,malicious,Signed utility used for credential dumping
PROC-INC-005,2026-08-04T15:21:12Z,ADMIN-WS-07,NT AUTHORITY\SYSTEM,services.exe,4020,rundll32.exe,8620,"rundll32.exe C:\ProgramData\TelemetryCache\telemetry.dll,Start",signed,malicious,Persistence-launched callback
PROC-01286,2026-08-04T15:32:34Z,APP-API-02,ACME\svc_deploy,wsmprovhost.exe,7458,powershell.exe,6768,powershell.exe -File C:\Deploy\Install-Agent.ps1,signed,benign,approved deployment
PROC-00070,2026-08-04T15:33:16Z,WEB-EDGE-01,ACME\admin.jlee,chrome.exe,4273,msedgewebview2.exe,7930,msedgewebview2.exe --utility-sub-type=network,signed,benign,normal browser activity
PROC-00971,2026-08-04T15:36:42Z,APP-API-02,ACME\svc_backup,explorer.exe,3205,powershell.exe,5467,powershell.exe Get-Service,signed,benign,routine admin
PROC-00695,2026-08-04T15:37:38Z,VULN-SCAN-01,ACME\admin.jlee,services.exe,8637,backup-agent.exe,5611,backup-agent.exe --run,signed,benign,scheduled backup
PROC-01353,2026-08-04T15:38:36Z,ADMIN-WS-11,NT AUTHORITY\SYSTEM,taskeng.exe,6596,powershell.exe,3515,powershell.exe -File C:\Ops\Rotate-Logs.ps1,signed,benign,routine maintenance
PROC-00886,2026-08-04T15:40:40Z,ADMIN-WS-11,ACME\admin.rpatel,wsmprovhost.exe,4780,powershell.exe,2954,powershell.exe -File C:\Deploy\Install-Agent.ps1,signed,benign,approved deployment
PROC-01382,2026-08-04T15:41:08Z,VULN-SCAN-01,ACME\admin.jlee,explorer.exe,7784,powershell.exe,7577,powershell.exe Get-Service,signed,benign,routine admin
PROC-01233,2026-08-04T15:42:45Z,APP-API-02,ACME\svc_deploy,chrome.exe,3103,msedgewebview2.exe,5255,msedgewebview2.exe --utility-sub-type=network,signed,benign,normal browser activity
PROC-01222,2026-08-04T15:43:21Z,APP-API-02,ACME\admin.rpatel,taskeng.exe,1304,powershell.exe,12830,powershell.exe -File C:\Ops\Rotate-Logs.ps1,signed,benign,routine maintenance
PROC-01450,2026-08-04T15:43:22Z,ADMIN-WS-07,ACME\admin.rpatel,services.exe,5963,backup-agent.exe,9324,backup-agent.exe --run,signed,benign,scheduled backup
PROC-00970,2026-08-04T16:03:57Z,ADMIN-WS-07,NT AUTHORITY\SYSTEM,wsmprovhost.exe,2322,powershell.exe,6755,powershell.exe -File C:\Deploy\Install-Agent.ps1,signed,benign,approved deployment
PROC-00164,2026-08-04T16:07:26Z,DEPLOY-01,ACME\svc_deploy,wsmprovhost.exe,2838,powershell.exe,4414,powershell.exe -File C:\Deploy\Install-Agent.ps1,signed,benign,approved deployment
PROC-01223,2026-08-04T16:10:18Z,DEPLOY-01,ACME\admin.jlee,services.exe,5663,backup-agent.exe,13852,backup-agent.exe --run,signed,benign,scheduled backup
PROC-00496,2026-08-04T16:20:50Z,ADMIN-WS-11,ACME\svc_backup,wsmprovhost.exe,7369,powershell.exe,2085,powershell.exe -File C:\Deploy\Install-Agent.ps1,signed,benign,approved deployment
PROC-00409,2026-08-04T16:27:30Z,APP-API-02,ACME\svc_backup,taskeng.exe,6589,powershell.exe,6169,powershell.exe -File C:\Ops\Rotate-Logs.ps1,signed,benign,routine maintenance
PROC-00148,2026-08-04T16:31:14Z,APP-API-02,ACME\admin.jlee,chrome.exe,6606,msedgewebview2.exe,6500,msedgewebview2.exe --utility-sub-type=network,signed,benign,normal browser activity
PROC-01198,2026-08-04T16:44:17Z,APP-API-02,ACME\svc_deploy,taskeng.exe,8641,powershell.exe,3397,powershell.exe -File C:\Ops\Rotate-Logs.ps1,signed,benign,routine maintenance
PROC-00647,2026-08-04T16:55:38Z,APP-API-02,ACME\admin.rpatel,chrome.exe,4816,msedgewebview2.exe,5394,msedgewebview2.exe --utility-sub-type=network,signed,benign,normal browser activity
PROC-01410,2026-08-04T16:56:15Z,APP-API-02,ACME\admin.jlee,chrome.exe,5122,msedgewebview2.exe,14605,msedgewebview2.exe --utility-sub-type=network,signed,benign,normal browser activity
PROC-00602,2026-08-04T16:56:45Z,ADMIN-WS-07,NT AUTHORITY\SYSTEM,taskeng.exe,6212,powershell.exe,7815,powershell.exe -File C:\Ops\Rotate-Logs.ps1,signed,benign,routine maintenance
PROC-00314,2026-08-04T16:59:48Z,DEPLOY-01,ACME\svc_backup,services.exe,7459,backup-agent.exe,5436,backup-agent.exe --run,signed,benign,scheduled backup
PROC-01180,2026-08-04T17:09:40Z,APP-API-02,ACME\admin.jlee,chrome.exe,5840,msedgewebview2.exe,3374,msedgewebview2.exe --utility-sub-type=network,signed,benign,normal browser activity
PROC-00636,2026-08-04T17:15:44Z,DEPLOY-01,ACME\svc_backup,explorer.exe,8957,powershell.exe,7902,powershell.exe Get-Service,signed,benign,routine admin
PROC-00004,2026-08-04T17:17:08Z,FILE-01,NT AUTHORITY\SYSTEM,chrome.exe,2081,msedgewebview2.exe,11817,msedgewebview2.exe --utility-sub-type=network,signed,benign,normal browser activity
PROC-01287,2026-08-04T17:31:37Z,VULN-SCAN-01,ACME\svc_backup,services.exe,2789,backup-agent.exe,10731,backup-agent.exe --run,signed,benign,scheduled backup
PROC-01002,2026-08-04T17:32:24Z,DEPLOY-01,ACME\svc_deploy,services.exe,4717,backup-agent.exe,4273,backup-agent.exe --run,signed,benign,scheduled backup
PROC-00341,2026-08-04T17:43:07Z,VULN-SCAN-01,ACME\svc_deploy,explorer.exe,4319,powershell.exe,14516,powershell.exe Get-Service,signed,benign,routine admin
PROC-00305,2026-08-04T17:50:40Z,APP-API-02,ACME\admin.jlee,chrome.exe,7795,msedgewebview2.exe,5479,msedgewebview2.exe --utility-sub-type=network,signed,benign,normal browser activity
PROC-00488,2026-08-04T17:50:57Z,VULN-SCAN-01,NT AUTHORITY\SYSTEM,services.exe,5939,backup-agent.exe,6106,backup-agent.exe --run,signed,benign,scheduled backup
PROC-00336,2026-08-04T17:56:49Z,DEPLOY-01,ACME\admin.rpatel,taskeng.exe,3564,powershell.exe,4548,powershell.exe -File C:\Ops\Rotate-Logs.ps1,signed,benign,routine maintenance
PROC-01480,2026-08-04T18:03:44Z,ADMIN-WS-11,ACME\admin.jlee,chrome.exe,1644,msedgewebview2.exe,7717,msedgewebview2.exe --utility-sub-type=network,signed,benign,normal browser activity
PROC-00167,2026-08-04T18:18:57Z,APP-API-02,ACME\svc_deploy,services.exe,8881,backup-agent.exe,14580,backup-agent.exe --run,signed,benign,scheduled backup
PROC-00756,2026-08-04T18:20:43Z,DEPLOY-01,NT AUTHORITY\SYSTEM,services.exe,2401,backup-agent.exe,2154,backup-agent.exe --run,signed,benign,scheduled backup
PROC-01290,2026-08-04T18:24:27Z,VULN-SCAN-01,NT AUTHORITY\SYSTEM,services.exe,593,backup-agent.exe,1608,backup-agent.exe --run,signed,benign,scheduled backup
PROC-00245,2026-08-04T18:32:22Z,DEPLOY-01,ACME\svc_backup,services.exe,5933,backup-agent.exe,4708,backup-agent.exe --run,signed,benign,scheduled backup
PROC-01125,2026-08-04T18:35:15Z,ADMIN-WS-07,ACME\svc_deploy,services.exe,2184,backup-agent.exe,11310,backup-agent.exe --run,signed,benign,scheduled backup
PROC-00106,2026-08-04T18:44:13Z,FILE-01,ACME\admin.jlee,explorer.exe,655,powershell.exe,8932,powershell.exe Get-Service,signed,benign,routine admin
PROC-01017,2026-08-04T19:00:02Z,APP-API-02,NT AUTHORITY\SYSTEM,explorer.exe,4508,powershell.exe,10725,powershell.exe Get-Service,signed,benign,routine admin
PROC-00229,2026-08-04T19:03:12Z,ADMIN-WS-07,ACME\admin.jlee,chrome.exe,346,msedgewebview2.exe,6364,msedgewebview2.exe --utility-sub-type=network,signed,benign,normal browser activity
PROC-00198,2026-08-04T19:40:49Z,ADMIN-WS-07,NT AUTHORITY\SYSTEM,explorer.exe,8618,powershell.exe,7460,powershell.exe Get-Service,signed,benign,routine admin
PROC-00362,2026-08-04T19:43:04Z,ADMIN-WS-11,ACME\svc_backup,chrome.exe,4412,msedgewebview2.exe,7353,msedgewebview2.exe --utility-sub-type=network,signed,benign,normal browser activity
PROC-00607,2026-08-04T19:44:14Z,ADMIN-WS-11,ACME\admin.rpatel,taskeng.exe,7452,powershell.exe,7694,powershell.exe -File C:\Ops\Rotate-Logs.ps1,signed,benign,routine maintenance
PROC-00593,2026-08-04T19:44:30Z,APP-API-02,ACME\admin.rpatel,services.exe,7837,backup-agent.exe,14237,backup-agent.exe --run,signed,benign,scheduled backup
PROC-00700,2026-08-04T19:51:45Z,WEB-EDGE-01,ACME\admin.jlee,taskeng.exe,3863,powershell.exe,14867,powershell.exe -File C:\Ops\Rotate-Logs.ps1,signed,benign,routine maintenance
PROC-00050,2026-08-04T19:58:11Z,ADMIN-WS-07,ACME\admin.rpatel,chrome.exe,7246,msedgewebview2.exe,12390,msedgewebview2.exe --utility-sub-type=network,signed,benign,normal browser activity
PROC-00841,2026-08-04T20:00:59Z,ADMIN-WS-07,ACME\svc_deploy,explorer.exe,7984,powershell.exe,5787,powershell.exe Get-Service,signed,benign,routine admin
PROC-00562,2026-08-04T20:06:59Z,VULN-SCAN-01,ACME\admin.rpatel,taskeng.exe,5605,powershell.exe,2488,powershell.exe -File C:\Ops\Rotate-Logs.ps1,signed,benign,routine maintenance
PROC-00287,2026-08-04T20:07:16Z,ADMIN-WS-07,NT AUTHORITY\SYSTEM,services.exe,2550,backup-agent.exe,13914,backup-agent.exe --run,signed,benign,scheduled backup
PROC-00472,2026-08-04T20:07:40Z,APP-API-02,ACME\svc_deploy,taskeng.exe,6204,powershell.exe,6342,powershell.exe -File C:\Ops\Rotate-Logs.ps1,signed,benign,routine maintenance
PROC-00366,2026-08-04T20:09:28Z,ADMIN-WS-11,ACME\admin.jlee,explorer.exe,5164,powershell.exe,5363,powershell.exe Get-Service,signed,benign,routine admin
PROC-00549,2026-08-04T20:23:39Z,ADMIN-WS-11,ACME\svc_deploy,explorer.exe,3297,powershell.exe,6578,powershell.exe Get-Service,signed,benign,routine admin
PROC-00060,2026-08-04T20:28:16Z,DEPLOY-01,ACME\admin.rpatel,chrome.exe,4144,msedgewebview2.exe,5238,msedgewebview2.exe --utility-sub-type=network,signed,benign,normal browser activity
PROC-01299,2026-08-04T20:40:41Z,DEPLOY-01,ACME\svc_backup,taskeng.exe,6938,powershell.exe,7094,powershell.exe -File C:\Ops\Rotate-Logs.ps1,signed,benign,routine maintenance
PROC-01087,2026-08-04T20:51:13Z,ADMIN-WS-07,ACME\admin.rpatel,taskeng.exe,6788,powershell.exe,12796,powershell.exe -File C:\Ops\Rotate-Logs.ps1,signed,benign,routine maintenance
PROC-01456,2026-08-04T20:53:17Z,ADMIN-WS-07,ACME\admin.jlee,explorer.exe,6874,powershell.exe,8346,powershell.exe Get-Service,signed,benign,routine admin
PROC-00960,2026-08-04T20:58:10Z,VULN-SCAN-01,ACME\admin.rpatel,taskeng.exe,1721,powershell.exe,4794,powershell.exe -File C:\Ops\Rotate-Logs.ps1,signed,benign,routine maintenance
PROC-01135,2026-08-04T21:05:47Z,ADMIN-WS-11,NT AUTHORITY\SYSTEM,wsmprovhost.exe,6101,powershell.exe,2168,powershell.exe -File C:\Deploy\Install-Agent.ps1,signed,benign,approved deployment
PROC-00527,2026-08-04T21:06:09Z,WEB-EDGE-01,ACME\admin.rpatel,wsmprovhost.exe,5177,powershell.exe,11987,powershell.exe -File C:\Deploy\Install-Agent.ps1,signed,benign,approved deployment
PROC-00669,2026-08-04T21:09:27Z,FILE-01,ACME\svc_deploy,taskeng.exe,1046,powershell.exe,12367,powershell.exe -File C:\Ops\Rotate-Logs.ps1,signed,benign,routine maintenance
PROC-00798,2026-08-04T21:17:18Z,APP-API-02,ACME\svc_deploy,taskeng.exe,2020,powershell.exe,14195,powershell.exe -File C:\Ops\Rotate-Logs.ps1,signed,benign,routine maintenance
PROC-01075,2026-08-04T21:34:54Z,WEB-EDGE-01,ACME\admin.jlee,wsmprovhost.exe,8710,powershell.exe,5398,powershell.exe -File C:\Deploy\Install-Agent.ps1,signed,benign,approved deployment
PROC-00613,2026-08-04T21:36:57Z,ADMIN-WS-07,NT AUTHORITY\SYSTEM,services.exe,5636,backup-agent.exe,11657,backup-agent.exe --run,signed,benign,scheduled backup
PROC-00635,2026-08-04T21:45:26Z,ADMIN-WS-11,ACME\svc_backup,taskeng.exe,2273,powershell.exe,13560,powershell.exe -File C:\Ops\Rotate-Logs.ps1,signed,benign,routine maintenance
PROC-00738,2026-08-04T21:58:50Z,DEPLOY-01,ACME\svc_backup,chrome.exe,2565,msedgewebview2.exe,7960,msedgewebview2.exe --utility-sub-type=network,signed,benign,normal browser activity
PROC-01231,2026-08-04T22:03:39Z,ADMIN-WS-07,NT AUTHORITY\SYSTEM,services.exe,2485,backup-agent.exe,1572,backup-agent.exe --run,signed,benign,scheduled backup
PROC-01094,2026-08-04T22:04:56Z,ADMIN-WS-07,ACME\admin.rpatel,wsmprovhost.exe,8597,powershell.exe,13293,powershell.exe -File C:\Deploy\Install-Agent.ps1,signed,benign,approved deployment
PROC-00734,2026-08-04T22:06:25Z,VULN-SCAN-01,ACME\admin.rpatel,chrome.exe,6115,msedgewebview2.exe,1790,msedgewebview2.exe --utility-sub-type=network,signed,benign,normal browser activity
PROC-00111,2026-08-04T22:07:51Z,ADMIN-WS-07,ACME\svc_deploy,taskeng.exe,7691,powershell.exe,12938,powershell.exe -File C:\Ops\Rotate-Logs.ps1,signed,benign,routine maintenance
PROC-00081,2026-08-04T22:09:08Z,DEPLOY-01,ACME\admin.jlee,wsmprovhost.exe,3150,powershell.exe,12315,powershell.exe -File C:\Deploy\Install-Agent.ps1,signed,benign,approved deployment
PROC-00939,2026-08-04T22:12:22Z,ADMIN-WS-11,ACME\svc_backup,services.exe,893,backup-agent.exe,9903,backup-agent.exe --run,signed,benign,scheduled backup
PROC-00223,2026-08-04T22:19:36Z,APP-API-02,ACME\admin.rpatel,wsmprovhost.exe,5605,powershell.exe,11764,powershell.exe -File C:\Deploy\Install-Agent.ps1,signed,benign,approved deployment
PROC-01155,2026-08-04T22:20:04Z,ADMIN-WS-11,ACME\admin.jlee,wsmprovhost.exe,1354,powershell.exe,10261,powershell.exe -File C:\Deploy\Install-Agent.ps1,signed,benign,approved deployment
PROC-00773,2026-08-04T22:20:17Z,ADMIN-WS-11,NT AUTHORITY\SYSTEM,services.exe,597,backup-agent.exe,3928,backup-agent.exe --run,signed,benign,scheduled backup
PROC-00150,2026-08-04T22:22:43Z,VULN-SCAN-01,ACME\svc_deploy,wsmprovhost.exe,4085,powershell.exe,12538,powershell.exe -File C:\Deploy\Install-Agent.ps1,signed,benign,approved deployment
PROC-00567,2026-08-04T22:25:45Z,FILE-01,NT AUTHORITY\SYSTEM,wsmprovhost.exe,6464,powershell.exe,11148,powershell.exe -File C:\Deploy\Install-Agent.ps1,signed,benign,approved deployment
PROC-00264,2026-08-04T22:30:41Z,APP-API-02,ACME\admin.rpatel,chrome.exe,503,msedgewebview2.exe,10409,msedgewebview2.exe --utility-sub-type=network,signed,benign,normal browser activity
PROC-00483,2026-08-04T22:31:48Z,APP-API-02,NT AUTHORITY\SYSTEM,chrome.exe,6714,msedgewebview2.exe,4414,msedgewebview2.exe --utility-sub-type=network,signed,benign,normal browser activity
PROC-00020,2026-08-04T22:33:13Z,WEB-EDGE-01,ACME\admin.rpatel,chrome.exe,2305,msedgewebview2.exe,11626,msedgewebview2.exe --utility-sub-type=network,signed,benign,normal browser activity
PROC-00400,2026-08-04T22:35:04Z,APP-API-02,ACME\admin.jlee,explorer.exe,6192,powershell.exe,8017,powershell.exe Get-Service,signed,benign,routine admin
PROC-01260,2026-08-04T22:51:12Z,FILE-01,NT AUTHORITY\SYSTEM,wsmprovhost.exe,4919,powershell.exe,1922,powershell.exe -File C:\Deploy\Install-Agent.ps1,signed,benign,approved deployment
PROC-00276,2026-08-04T22:56:15Z,APP-API-02,ACME\admin.jlee,services.exe,5927,backup-agent.exe,8211,backup-agent.exe --run,signed,benign,scheduled backup
PROC-01167,2026-08-04T23:24:03Z,DEPLOY-01,ACME\admin.jlee,services.exe,653,backup-agent.exe,4601,backup-agent.exe --run,signed,benign,scheduled backup
PROC-01492,2026-08-04T23:24:57Z,APP-API-02,NT AUTHORITY\SYSTEM,chrome.exe,7312,msedgewebview2.exe,12180,msedgewebview2.exe --utility-sub-type=network,signed,benign,normal browser activity
PROC-00214,2026-08-04T23:33:39Z,FILE-01,ACME\svc_backup,explorer.exe,5199,powershell.exe,10939,powershell.exe Get-Service,signed,benign,routine admin
PROC-00523,2026-08-04T23:35:31Z,FILE-01,ACME\admin.jlee,chrome.exe,2512,msedgewebview2.exe,11846,msedgewebview2.exe --utility-sub-type=network,signed,benign,normal browser activity
PROC-00840,2026-08-04T23:40:32Z,APP-API-02,ACME\svc_deploy,chrome.exe,5382,msedgewebview2.exe,12450,msedgewebview2.exe --utility-sub-type=network,signed,benign,normal browser activity
PROC-01482,2026-08-04T23:43:21Z,ADMIN-WS-07,ACME\svc_backup,wsmprovhost.exe,3968,powershell.exe,6319,powershell.exe -File C:\Deploy\Install-Agent.ps1,signed,benign,approved deployment
PROC-00319,2026-08-04T23:54:21Z,WEB-EDGE-01,NT AUTHORITY\SYSTEM,services.exe,3306,backup-agent.exe,3615,backup-agent.exe --run,signed,benign,scheduled backup
PROC-01317,2026-08-05T00:04:47Z,DEPLOY-01,ACME\admin.rpatel,services.exe,4232,backup-agent.exe,2530,backup-agent.exe --run,signed,benign,scheduled backup
PROC-00143,2026-08-05T00:07:39Z,ADMIN-WS-11,ACME\admin.rpatel,wsmprovhost.exe,7364,powershell.exe,7491,powershell.exe -File C:\Deploy\Install-Agent.ps1,signed,benign,approved deployment
PROC-00551,2026-08-05T00:12:58Z,WEB-EDGE-01,ACME\svc_backup,services.exe,3633,backup-agent.exe,11216,backup-agent.exe --run,signed,benign,scheduled backup
PROC-01077,2026-08-05T00:24:18Z,FILE-01,ACME\admin.jlee,taskeng.exe,6214,powershell.exe,8857,powershell.exe -File C:\Ops\Rotate-Logs.ps1,signed,benign,routine maintenance
PROC-00160,2026-08-05T00:27:18Z,WEB-EDGE-01,ACME\admin.jlee,chrome.exe,1815,msedgewebview2.exe,8719,msedgewebview2.exe --utility-sub-type=network,signed,benign,normal browser activity
PROC-00186,2026-08-05T00:28:16Z,VULN-SCAN-01,NT AUTHORITY\SYSTEM,taskeng.exe,469,powershell.exe,6147,powershell.exe -File C:\Ops\Rotate-Logs.ps1,signed,benign,routine maintenance
PROC-01044,2026-08-05T00:29:24Z,DEPLOY-01,ACME\svc_backup,explorer.exe,774,powershell.exe,9492,powershell.exe Get-Service,signed,benign,routine admin
PROC-01068,2026-08-05T00:34:12Z,FILE-01,ACME\admin.jlee,chrome.exe,4164,msedgewebview2.exe,11588,msedgewebview2.exe --utility-sub-type=network,signed,benign,normal browser activity
PROC-00124,2026-08-05T00:37:36Z,VULN-SCAN-01,ACME\svc_backup,taskeng.exe,8910,powershell.exe,7030,powershell.exe -File C:\Ops\Rotate-Logs.ps1,signed,benign,routine maintenance
PROC-01210,2026-08-05T00:46:46Z,WEB-EDGE-01,NT AUTHORITY\SYSTEM,explorer.exe,7006,powershell.exe,11465,powershell.exe Get-Service,signed,benign,routine admin
PROC-00725,2026-08-05T00:49:23Z,ADMIN-WS-11,ACME\svc_deploy,taskeng.exe,650,powershell.exe,12324,powershell.exe -File C:\Ops\Rotate-Logs.ps1,signed,benign,routine maintenance
PROC-00040,2026-08-05T01:05:16Z,ADMIN-WS-11,ACME\admin.jlee,taskeng.exe,1384,powershell.exe,2744,powershell.exe -File C:\Ops\Rotate-Logs.ps1,signed,benign,routine maintenance
PROC-00638,2026-08-05T01:10:16Z,DEPLOY-01,ACME\svc_backup,wsmprovhost.exe,6118,powershell.exe,6759,powershell.exe -File C:\Deploy\Install-Agent.ps1,signed,benign,approved deployment
PROC-01438,2026-08-05T01:10:57Z,ADMIN-WS-11,NT AUTHORITY\SYSTEM,explorer.exe,1397,powershell.exe,8142,powershell.exe Get-Service,signed,benign,routine admin
PROC-00092,2026-08-05T01:55:10Z,WEB-EDGE-01,ACME\admin.jlee,explorer.exe,1942,powershell.exe,10072,powershell.exe Get-Service,signed,benign,routine admin
PROC-00371,2026-08-05T01:57:51Z,FILE-01,ACME\svc_backup,wsmprovhost.exe,3029,powershell.exe,1051,powershell.exe -File C:\Deploy\Install-Agent.ps1,signed,benign,approved deployment
PROC-01477,2026-08-05T02:07:53Z,VULN-SCAN-01,ACME\svc_backup,wsmprovhost.exe,3111,powershell.exe,9162,powershell.exe -File C:\Deploy\Install-Agent.ps1,signed,benign,approved deployment
PROC-00943,2026-08-05T02:14:04Z,VULN-SCAN-01,ACME\svc_backup,wsmprovhost.exe,1202,powershell.exe,1247,powershell.exe -File C:\Deploy\Install-Agent.ps1,signed,benign,approved deployment
PROC-01278,2026-08-05T02:26:55Z,DEPLOY-01,ACME\admin.rpatel,chrome.exe,5678,msedgewebview2.exe,7381,msedgewebview2.exe --utility-sub-type=network,signed,benign,normal browser activity
PROC-01369,2026-08-05T02:31:08Z,DEPLOY-01,NT AUTHORITY\SYSTEM,wsmprovhost.exe,2346,powershell.exe,8877,powershell.exe -File C:\Deploy\Install-Agent.ps1,signed,benign,approved deployment
PROC-00159,2026-08-05T02:39:48Z,APP-API-02,ACME\admin.rpatel,services.exe,4971,backup-agent.exe,10669,backup-agent.exe --run,signed,benign,scheduled backup
PROC-01000,2026-08-05T02:46:45Z,ADMIN-WS-11,ACME\admin.rpatel,services.exe,5421,backup-agent.exe,8215,backup-agent.exe --run,signed,benign,scheduled backup
PROC-01078,2026-08-05T02:58:31Z,DEPLOY-01,ACME\svc_deploy,chrome.exe,2781,msedgewebview2.exe,12925,msedgewebview2.exe --utility-sub-type=network,signed,benign,normal browser activity
PROC-00291,2026-08-05T03:15:58Z,FILE-01,ACME\admin.rpatel,services.exe,3374,backup-agent.exe,7361,backup-agent.exe --run,signed,benign,scheduled backup
PROC-00626,2026-08-05T03:19:25Z,APP-API-02,NT AUTHORITY\SYSTEM,taskeng.exe,6099,powershell.exe,10547,powershell.exe -File C:\Ops\Rotate-Logs.ps1,signed,benign,routine maintenance
PROC-00172,2026-08-05T03:23:38Z,ADMIN-WS-07,NT AUTHORITY\SYSTEM,wsmprovhost.exe,3365,powershell.exe,13470,powershell.exe -File C:\Deploy\Install-Agent.ps1,signed,benign,approved deployment
PROC-01206,2026-08-05T03:27:42Z,APP-API-02,ACME\svc_deploy,chrome.exe,2970,msedgewebview2.exe,8867,msedgewebview2.exe --utility-sub-type=network,signed,benign,normal browser activity
PROC-01307,2026-08-05T03:48:19Z,VULN-SCAN-01,ACME\admin.rpatel,services.exe,8450,backup-agent.exe,13986,backup-agent.exe --run,signed,benign,scheduled backup
PROC-00945,2026-08-05T03:53:45Z,ADMIN-WS-11,ACME\svc_deploy,taskeng.exe,5844,powershell.exe,12883,powershell.exe -File C:\Ops\Rotate-Logs.ps1,signed,benign,routine maintenance
PROC-01236,2026-08-05T03:54:46Z,ADMIN-WS-11,ACME\admin.jlee,taskeng.exe,5249,powershell.exe,13221,powershell.exe -File C:\Ops\Rotate-Logs.ps1,signed,benign,routine maintenance
PROC-00501,2026-08-05T03:55:08Z,DEPLOY-01,ACME\admin.jlee,wsmprovhost.exe,4059,powershell.exe,13996,powershell.exe -File C:\Deploy\Install-Agent.ps1,signed,benign,approved deployment
PROC-01182,2026-08-05T04:02:39Z,ADMIN-WS-11,ACME\svc_backup,chrome.exe,340,msedgewebview2.exe,9217,msedgewebview2.exe --utility-sub-type=network,signed,benign,normal browser activity
PROC-00477,2026-08-05T04:03:14Z,WEB-EDGE-01,ACME\admin.rpatel,services.exe,3394,backup-agent.exe,3220,backup-agent.exe --run,signed,benign,scheduled backup
PROC-00735,2026-08-05T04:06:56Z,ADMIN-WS-11,ACME\svc_backup,taskeng.exe,2159,powershell.exe,12031,powershell.exe -File C:\Ops\Rotate-Logs.ps1,signed,benign,routine maintenance
PROC-00208,2026-08-05T04:08:25Z,ADMIN-WS-07,ACME\svc_backup,explorer.exe,4753,powershell.exe,11120,powershell.exe Get-Service,signed,benign,routine admin
PROC-00236,2026-08-05T04:11:58Z,WEB-EDGE-01,ACME\svc_backup,taskeng.exe,5119,powershell.exe,5162,powershell.exe -File C:\Ops\Rotate-Logs.ps1,signed,benign,routine maintenance
PROC-00288,2026-08-05T04:20:42Z,DEPLOY-01,ACME\admin.jlee,chrome.exe,1466,msedgewebview2.exe,8203,msedgewebview2.exe --utility-sub-type=network,signed,benign,normal browser activity
PROC-01328,2026-08-05T04:22:44Z,FILE-01,NT AUTHORITY\SYSTEM,explorer.exe,3856,powershell.exe,1411,powershell.exe Get-Service,signed,benign,routine admin
PROC-01412,2026-08-05T04:34:31Z,FILE-01,ACME\svc_backup,wsmprovhost.exe,1679,powershell.exe,10231,powershell.exe -File C:\Deploy\Install-Agent.ps1,signed,benign,approved deployment
PROC-00557,2026-08-05T04:36:35Z,FILE-01,ACME\svc_backup,wsmprovhost.exe,5866,powershell.exe,5977,powershell.exe -File C:\Deploy\Install-Agent.ps1,signed,benign,approved deployment
PROC-01049,2026-08-05T04:36:50Z,WEB-EDGE-01,NT AUTHORITY\SYSTEM,services.exe,7225,backup-agent.exe,9237,backup-agent.exe --run,signed,benign,scheduled backup
PROC-00586,2026-08-05T04:46:17Z,WEB-EDGE-01,ACME\admin.rpatel,wsmprovhost.exe,1673,powershell.exe,10030,powershell.exe -File C:\Deploy\Install-Agent.ps1,signed,benign,approved deployment
PROC-01281,2026-08-05T04:50:46Z,ADMIN-WS-11,ACME\svc_backup,explorer.exe,3749,powershell.exe,9442,powershell.exe Get-Service,signed,benign,routine admin
PROC-00078,2026-08-05T04:52:26Z,DEPLOY-01,NT AUTHORITY\SYSTEM,taskeng.exe,5466,powershell.exe,10619,powershell.exe -File C:\Ops\Rotate-Logs.ps1,signed,benign,routine maintenance
PROC-00462,2026-08-05T05:09:13Z,WEB-EDGE-01,ACME\admin.rpatel,taskeng.exe,6070,powershell.exe,14630,powershell.exe -File C:\Ops\Rotate-Logs.ps1,signed,benign,routine maintenance
PROC-00162,2026-08-05T05:37:22Z,FILE-01,ACME\admin.jlee,taskeng.exe,3222,powershell.exe,14840,powershell.exe -File C:\Ops\Rotate-Logs.ps1,signed,benign,routine maintenance
PROC-00792,2026-08-05T05:40:12Z,ADMIN-WS-11,ACME\svc_backup,taskeng.exe,2676,powershell.exe,14530,powershell.exe -File C:\Ops\Rotate-Logs.ps1,signed,benign,routine maintenance
PROC-00299,2026-08-05T06:18:36Z,VULN-SCAN-01,ACME\svc_backup,explorer.exe,7316,powershell.exe,7587,powershell.exe Get-Service,signed,benign,routine admin
PROC-00438,2026-08-05T06:20:22Z,APP-API-02,NT AUTHORITY\SYSTEM,wsmprovhost.exe,5788,powershell.exe,5035,powershell.exe -File C:\Deploy\Install-Agent.ps1,signed,benign,approved deployment
PROC-00651,2026-08-05T06:25:13Z,VULN-SCAN-01,ACME\svc_deploy,wsmprovhost.exe,2345,powershell.exe,8687,powershell.exe -File C:\Deploy\Install-Agent.ps1,signed,benign,approved deployment
PROC-00931,2026-08-05T06:25:49Z,FILE-01,ACME\svc_backup,services.exe,8602,backup-agent.exe,14571,backup-agent.exe --run,signed,benign,scheduled backup
PROC-00741,2026-08-05T06:34:55Z,ADMIN-WS-07,ACME\svc_deploy,services.exe,3879,backup-agent.exe,1749,backup-agent.exe --run,signed,benign,scheduled backup
PROC-00434,2026-08-05T06:41:27Z,FILE-01,ACME\svc_backup,explorer.exe,7054,powershell.exe,13574,powershell.exe Get-Service,signed,benign,routine admin
PROC-00937,2026-08-05T06:49:40Z,ADMIN-WS-11,ACME\svc_deploy,taskeng.exe,3994,powershell.exe,8076,powershell.exe -File C:\Ops\Rotate-Logs.ps1,signed,benign,routine maintenance
PROC-00631,2026-08-05T07:38:29Z,ADMIN-WS-11,ACME\admin.jlee,explorer.exe,6096,powershell.exe,7648,powershell.exe Get-Service,signed,benign,routine admin
PROC-00832,2026-08-05T07:44:52Z,ADMIN-WS-11,ACME\admin.rpatel,services.exe,8616,backup-agent.exe,4964,backup-agent.exe --run,signed,benign,scheduled backup
PROC-00671,2026-08-05T07:45:22Z,WEB-EDGE-01,ACME\admin.jlee,services.exe,480,backup-agent.exe,4133,backup-agent.exe --run,signed,benign,scheduled backup
PROC-01421,2026-08-05T07:51:29Z,ADMIN-WS-07,ACME\admin.rpatel,explorer.exe,2598,powershell.exe,2684,powershell.exe Get-Service,signed,benign,routine admin
PROC-00406,2026-08-05T08:02:41Z,APP-API-02,ACME\svc_deploy,taskeng.exe,5832,powershell.exe,11471,powershell.exe -File C:\Ops\Rotate-Logs.ps1,signed,benign,routine maintenance
PROC-00783,2026-08-05T08:11:10Z,DEPLOY-01,NT AUTHORITY\SYSTEM,taskeng.exe,3423,powershell.exe,10113,powershell.exe -File C:\Ops\Rotate-Logs.ps1,signed,benign,routine maintenance
PROC-00884,2026-08-05T08:11:41Z,VULN-SCAN-01,ACME\admin.jlee,taskeng.exe,1739,powershell.exe,9857,powershell.exe -File C:\Ops\Rotate-Logs.ps1,signed,benign,routine maintenance
PROC-01159,2026-08-05T08:15:11Z,APP-API-02,ACME\svc_deploy,explorer.exe,2296,powershell.exe,5483,powershell.exe Get-Service,signed,benign,routine admin
PROC-00494,2026-08-05T08:29:27Z,VULN-SCAN-01,ACME\svc_deploy,services.exe,5468,backup-agent.exe,11279,backup-agent.exe --run,signed,benign,scheduled backup
PROC-01337,2026-08-05T08:30:49Z,ADMIN-WS-07,ACME\svc_backup,wsmprovhost.exe,5063,powershell.exe,3957,powershell.exe -File C:\Deploy\Install-Agent.ps1,signed,benign,approved deployment
PROC-00043,2026-08-05T08:37:21Z,VULN-SCAN-01,ACME\admin.jlee,taskeng.exe,4398,powershell.exe,13920,powershell.exe -File C:\Ops\Rotate-Logs.ps1,signed,benign,routine maintenance
PROC-00520,2026-08-05T08:44:43Z,ADMIN-WS-11,ACME\svc_deploy,explorer.exe,3235,powershell.exe,7039,powershell.exe Get-Service,signed,benign,routine admin
PROC-01379,2026-08-05T08:45:57Z,ADMIN-WS-07,ACME\svc_deploy,services.exe,8404,backup-agent.exe,11494,backup-agent.exe --run,signed,benign,scheduled backup
PROC-00850,2026-08-05T08:55:48Z,FILE-01,ACME\admin.jlee,taskeng.exe,7812,powershell.exe,14552,powershell.exe -File C:\Ops\Rotate-Logs.ps1,signed,benign,routine maintenance
PROC-00059,2026-08-05T08:58:32Z,DEPLOY-01,ACME\svc_backup,taskeng.exe,6181,powershell.exe,6073,powershell.exe -File C:\Ops\Rotate-Logs.ps1,signed,benign,routine maintenance
PROC-01344,2026-08-05T09:01:10Z,ADMIN-WS-11,ACME\admin.rpatel,wsmprovhost.exe,5221,powershell.exe,14710,powershell.exe -File C:\Deploy\Install-Agent.ps1,signed,benign,approved deployment
PROC-00246,2026-08-05T09:05:54Z,ADMIN-WS-07,ACME\svc_backup,explorer.exe,7733,powershell.exe,4202,powershell.exe Get-Service,signed,benign,routine admin
PROC-00006,2026-08-05T09:15:05Z,DEPLOY-01,ACME\admin.jlee,explorer.exe,7393,powershell.exe,7475,powershell.exe Get-Service,signed,benign,routine admin
PROC-01203,2026-08-05T09:24:34Z,FILE-01,NT AUTHORITY\SYSTEM,services.exe,5813,backup-agent.exe,9626,backup-agent.exe --run,signed,benign,scheduled backup
PROC-00082,2026-08-05T09:39:12Z,WEB-EDGE-01,ACME\svc_deploy,chrome.exe,7925,msedgewebview2.exe,9934,msedgewebview2.exe --utility-sub-type=network,signed,benign,normal browser activity
PROC-00867,2026-08-05T09:48:25Z,VULN-SCAN-01,ACME\svc_backup,services.exe,1867,backup-agent.exe,2338,backup-agent.exe --run,signed,benign,scheduled backup
PROC-00331,2026-08-05T09:51:09Z,ADMIN-WS-07,NT AUTHORITY\SYSTEM,taskeng.exe,8609,powershell.exe,6984,powershell.exe -File C:\Ops\Rotate-Logs.ps1,signed,benign,routine maintenance
PROC-00041,2026-08-05T09:52:49Z,ADMIN-WS-07,ACME\admin.jlee,services.exe,3332,backup-agent.exe,11953,backup-agent.exe --run,signed,benign,scheduled backup
PROC-00395,2026-08-05T09:53:15Z,WEB-EDGE-01,NT AUTHORITY\SYSTEM,services.exe,5343,backup-agent.exe,11915,backup-agent.exe --run,signed,benign,scheduled backup
PROC-00077,2026-08-05T09:57:55Z,ADMIN-WS-07,ACME\admin.rpatel,explorer.exe,1079,powershell.exe,14932,powershell.exe Get-Service,signed,benign,routine admin
PROC-00500,2026-08-05T10:09:18Z,WEB-EDGE-01,ACME\svc_backup,explorer.exe,3794,powershell.exe,12756,powershell.exe Get-Service,signed,benign,routine admin
PROC-00412,2026-08-05T10:16:24Z,FILE-01,ACME\admin.rpatel,chrome.exe,4958,msedgewebview2.exe,11498,msedgewebview2.exe --utility-sub-type=network,signed,benign,normal browser activity
PROC-01383,2026-08-05T10:43:46Z,WEB-EDGE-01,ACME\admin.jlee,chrome.exe,3389,msedgewebview2.exe,11371,msedgewebview2.exe --utility-sub-type=network,signed,benign,normal browser activity
PROC-00031,2026-08-05T10:53:54Z,ADMIN-WS-07,ACME\svc_deploy,wsmprovhost.exe,857,powershell.exe,7794,powershell.exe -File C:\Deploy\Install-Agent.ps1,signed,benign,approved deployment
PROC-00785,2026-08-05T11:07:19Z,DEPLOY-01,ACME\svc_deploy,wsmprovhost.exe,3489,powershell.exe,4453,powershell.exe -File C:\Deploy\Install-Agent.ps1,signed,benign,approved deployment
PROC-00768,2026-08-05T11:08:48Z,ADMIN-WS-11,ACME\admin.jlee,chrome.exe,7774,msedgewebview2.exe,9922,msedgewebview2.exe --utility-sub-type=network,signed,benign,normal browser activity
PROC-00085,2026-08-05T11:12:26Z,APP-API-02,ACME\admin.rpatel,chrome.exe,6543,msedgewebview2.exe,9692,msedgewebview2.exe --utility-sub-type=network,signed,benign,normal browser activity
PROC-00598,2026-08-05T11:12:38Z,FILE-01,NT AUTHORITY\SYSTEM,taskeng.exe,2673,powershell.exe,5545,powershell.exe -File C:\Ops\Rotate-Logs.ps1,signed,benign,routine maintenance
PROC-01320,2026-08-05T11:20:45Z,DEPLOY-01,ACME\admin.rpatel,explorer.exe,3526,powershell.exe,9547,powershell.exe Get-Service,signed,benign,routine admin
PROC-00665,2026-08-05T11:32:07Z,DEPLOY-01,ACME\svc_deploy,services.exe,4575,backup-agent.exe,7752,backup-agent.exe --run,signed,benign,scheduled backup
PROC-00687,2026-08-05T11:39:08Z,WEB-EDGE-01,ACME\svc_backup,explorer.exe,1749,powershell.exe,3176,powershell.exe Get-Service,signed,benign,routine admin
PROC-00659,2026-08-05T11:59:29Z,APP-API-02,ACME\admin.rpatel,chrome.exe,472,msedgewebview2.exe,9741,msedgewebview2.exe --utility-sub-type=network,signed,benign,normal browser activity
PROC-00731,2026-08-05T12:00:30Z,ADMIN-WS-07,ACME\svc_deploy,explorer.exe,7652,powershell.exe,14307,powershell.exe Get-Service,signed,benign,routine admin
PROC-00810,2026-08-05T12:00:42Z,APP-API-02,ACME\admin.jlee,taskeng.exe,3627,powershell.exe,3883,powershell.exe -File C:\Ops\Rotate-Logs.ps1,signed,benign,routine maintenance
PROC-00296,2026-08-05T12:06:47Z,FILE-01,ACME\admin.rpatel,services.exe,8740,backup-agent.exe,10739,backup-agent.exe --run,signed,benign,scheduled backup
PROC-00795,2026-08-05T12:07:28Z,VULN-SCAN-01,ACME\admin.jlee,explorer.exe,4945,powershell.exe,13550,powershell.exe Get-Service,signed,benign,routine admin
PROC-00513,2026-08-05T12:11:45Z,ADMIN-WS-11,ACME\svc_backup,chrome.exe,3292,msedgewebview2.exe,8877,msedgewebview2.exe --utility-sub-type=network,signed,benign,normal browser activity
PROC-01035,2026-08-05T12:18:08Z,DEPLOY-01,ACME\admin.rpatel,chrome.exe,5172,msedgewebview2.exe,8624,msedgewebview2.exe --utility-sub-type=network,signed,benign,normal browser activity
PROC-00875,2026-08-05T12:25:44Z,APP-API-02,NT AUTHORITY\SYSTEM,taskeng.exe,2942,powershell.exe,12684,powershell.exe -File C:\Ops\Rotate-Logs.ps1,signed,benign,routine maintenance
PROC-01026,2026-08-05T12:32:37Z,FILE-01,ACME\admin.jlee,explorer.exe,6899,powershell.exe,3646,powershell.exe Get-Service,signed,benign,routine admin
PROC-00519,2026-08-05T12:40:11Z,APP-API-02,ACME\admin.rpatel,wsmprovhost.exe,4566,powershell.exe,9210,powershell.exe -File C:\Deploy\Install-Agent.ps1,signed,benign,approved deployment
PROC-00997,2026-08-05T12:41:31Z,APP-API-02,NT AUTHORITY\SYSTEM,explorer.exe,7357,powershell.exe,3834,powershell.exe Get-Service,signed,benign,routine admin
PROC-01406,2026-08-05T12:41:32Z,APP-API-02,ACME\svc_deploy,services.exe,3690,backup-agent.exe,1166,backup-agent.exe --run,signed,benign,scheduled backup
PROC-00016,2026-08-05T12:43:02Z,WEB-EDGE-01,ACME\svc_deploy,chrome.exe,4474,msedgewebview2.exe,6415,msedgewebview2.exe --utility-sub-type=network,signed,benign,normal browser activity
PROC-00306,2026-08-05T12:46:47Z,APP-API-02,ACME\svc_deploy,chrome.exe,6751,msedgewebview2.exe,12097,msedgewebview2.exe --utility-sub-type=network,signed,benign,normal browser activity
PROC-01418,2026-08-05T12:47:33Z,ADMIN-WS-11,ACME\admin.rpatel,services.exe,2512,backup-agent.exe,1765,backup-agent.exe --run,signed,benign,scheduled backup
PROC-01036,2026-08-05T12:48:05Z,VULN-SCAN-01,ACME\svc_backup,services.exe,3319,backup-agent.exe,13895,backup-agent.exe --run,signed,benign,scheduled backup
PROC-00819,2026-08-05T12:51:02Z,WEB-EDGE-01,ACME\svc_deploy,taskeng.exe,882,powershell.exe,10978,powershell.exe -File C:\Ops\Rotate-Logs.ps1,signed,benign,routine maintenance
PROC-00349,2026-08-05T12:56:44Z,WEB-EDGE-01,ACME\svc_deploy,chrome.exe,4396,msedgewebview2.exe,7996,msedgewebview2.exe --utility-sub-type=network,signed,benign,normal browser activity
PROC-00676,2026-08-05T13:02:36Z,ADMIN-WS-11,NT AUTHORITY\SYSTEM,wsmprovhost.exe,5978,powershell.exe,4571,powershell.exe -File C:\Deploy\Install-Agent.ps1,signed,benign,approved deployment
PROC-01336,2026-08-05T13:02:47Z,ADMIN-WS-07,ACME\admin.rpatel,wsmprovhost.exe,2190,powershell.exe,9658,powershell.exe -File C:\Deploy\Install-Agent.ps1,signed,benign,approved deployment
PROC-00212,2026-08-05T13:14:48Z,ADMIN-WS-11,ACME\svc_backup,chrome.exe,5985,msedgewebview2.exe,5137,msedgewebview2.exe --utility-sub-type=network,signed,benign,normal browser activity
PROC-00628,2026-08-05T13:32:56Z,APP-API-02,ACME\svc_deploy,taskeng.exe,6036,powershell.exe,2429,powershell.exe -File C:\Ops\Rotate-Logs.ps1,signed,benign,routine maintenance
PROC-00620,2026-08-05T13:34:18Z,DEPLOY-01,ACME\svc_backup,taskeng.exe,3137,powershell.exe,1674,powershell.exe -File C:\Ops\Rotate-Logs.ps1,signed,benign,routine maintenance
PROC-00906,2026-08-05T14:02:38Z,DEPLOY-01,ACME\svc_deploy,taskeng.exe,4719,powershell.exe,7434,powershell.exe -File C:\Ops\Rotate-Logs.ps1,signed,benign,routine maintenance
PROC-00540,2026-08-05T14:08:03Z,ADMIN-WS-07,NT AUTHORITY\SYSTEM,wsmprovhost.exe,1327,powershell.exe,11711,powershell.exe -File C:\Deploy\Install-Agent.ps1,signed,benign,approved deployment
PROC-01321,2026-08-05T14:10:13Z,FILE-01,ACME\admin.rpatel,explorer.exe,8296,powershell.exe,11685,powershell.exe Get-Service,signed,benign,routine admin
PROC-01197,2026-08-05T14:20:26Z,WEB-EDGE-01,ACME\svc_deploy,wsmprovhost.exe,7037,powershell.exe,4831,powershell.exe -File C:\Deploy\Install-Agent.ps1,signed,benign,approved deployment
PROC-00698,2026-08-05T14:38:24Z,ADMIN-WS-11,ACME\admin.jlee,explorer.exe,1242,powershell.exe,13621,powershell.exe Get-Service,signed,benign,routine admin
PROC-00024,2026-08-05T14:38:36Z,APP-API-02,ACME\svc_deploy,chrome.exe,2666,msedgewebview2.exe,4387,msedgewebview2.exe --utility-sub-type=network,signed,benign,normal browser activity
PROC-01045,2026-08-05T14:39:59Z,APP-API-02,ACME\svc_backup,explorer.exe,3982,powershell.exe,13490,powershell.exe Get-Service,signed,benign,routine admin
PROC-00553,2026-08-05T14:49:16Z,WEB-EDGE-01,NT AUTHORITY\SYSTEM,taskeng.exe,7028,powershell.exe,10095,powershell.exe -File C:\Ops\Rotate-Logs.ps1,signed,benign,routine maintenance
PROC-01301,2026-08-05T14:52:40Z,ADMIN-WS-11,ACME\svc_deploy,services.exe,5338,backup-agent.exe,14559,backup-agent.exe --run,signed,benign,scheduled backup
PROC-00459,2026-08-05T14:55:27Z,APP-API-02,ACME\admin.jlee,wsmprovhost.exe,8511,powershell.exe,4757,powershell.exe -File C:\Deploy\Install-Agent.ps1,signed,benign,approved deployment
PROC-00093,2026-08-05T15:00:08Z,APP-API-02,ACME\svc_backup,taskeng.exe,4113,powershell.exe,3596,powershell.exe -File C:\Ops\Rotate-Logs.ps1,signed,benign,routine maintenance
PROC-00374,2026-08-05T15:10:54Z,DEPLOY-01,ACME\svc_backup,chrome.exe,1681,msedgewebview2.exe,9649,msedgewebview2.exe --utility-sub-type=network,signed,benign,normal browser activity
PROC-01316,2026-08-05T15:20:24Z,VULN-SCAN-01,ACME\svc_deploy,taskeng.exe,2653,powershell.exe,7224,powershell.exe -File C:\Ops\Rotate-Logs.ps1,signed,benign,routine maintenance
PROC-00848,2026-08-05T15:28:12Z,ADMIN-WS-07,ACME\svc_backup,explorer.exe,1133,powershell.exe,2723,powershell.exe Get-Service,signed,benign,routine admin
PROC-01177,2026-08-05T15:47:51Z,VULN-SCAN-01,NT AUTHORITY\SYSTEM,wsmprovhost.exe,1838,powershell.exe,13152,powershell.exe -File C:\Deploy\Install-Agent.ps1,signed,benign,approved deployment
PROC-01367,2026-08-05T15:48:44Z,VULN-SCAN-01,ACME\admin.jlee,taskeng.exe,1193,powershell.exe,9519,powershell.exe -File C:\Ops\Rotate-Logs.ps1,signed,benign,routine maintenance
PROC-00951,2026-08-05T15:52:39Z,ADMIN-WS-07,ACME\admin.rpatel,services.exe,4898,backup-agent.exe,4994,backup-agent.exe --run,signed,benign,scheduled backup
PROC-01144,2026-08-05T16:05:17Z,ADMIN-WS-11,NT AUTHORITY\SYSTEM,chrome.exe,2468,msedgewebview2.exe,7348,msedgewebview2.exe --utility-sub-type=network,signed,benign,normal browser activity
PROC-00467,2026-08-05T16:05:20Z,ADMIN-WS-11,NT AUTHORITY\SYSTEM,services.exe,670,backup-agent.exe,5979,backup-agent.exe --run,signed,benign,scheduled backup
PROC-00657,2026-08-05T16:10:41Z,APP-API-02,ACME\svc_backup,chrome.exe,759,msedgewebview2.exe,2061,msedgewebview2.exe --utility-sub-type=network,signed,benign,normal browser activity
PROC-00293,2026-08-05T16:13:40Z,DEPLOY-01,ACME\admin.rpatel,services.exe,6159,backup-agent.exe,2957,backup-agent.exe --run,signed,benign,scheduled backup
PROC-01128,2026-08-05T16:17:29Z,DEPLOY-01,ACME\svc_deploy,wsmprovhost.exe,2501,powershell.exe,1993,powershell.exe -File C:\Deploy\Install-Agent.ps1,signed,benign,approved deployment
PROC-00588,2026-08-05T16:25:44Z,WEB-EDGE-01,ACME\admin.rpatel,explorer.exe,1495,powershell.exe,5053,powershell.exe Get-Service,signed,benign,routine admin
PROC-00295,2026-08-05T16:36:01Z,ADMIN-WS-07,ACME\svc_deploy,services.exe,2291,backup-agent.exe,9589,backup-agent.exe --run,signed,benign,scheduled backup
PROC-00554,2026-08-05T16:49:30Z,ADMIN-WS-11,ACME\admin.jlee,wsmprovhost.exe,5737,powershell.exe,8371,powershell.exe -File C:\Deploy\Install-Agent.ps1,signed,benign,approved deployment
PROC-00388,2026-08-05T16:56:55Z,WEB-EDGE-01,ACME\admin.jlee,services.exe,1420,backup-agent.exe,8678,backup-agent.exe --run,signed,benign,scheduled backup
PROC-00153,2026-08-05T16:57:15Z,VULN-SCAN-01,ACME\svc_deploy,chrome.exe,1891,msedgewebview2.exe,4302,msedgewebview2.exe --utility-sub-type=network,signed,benign,normal browser activity
PROC-01381,2026-08-05T17:16:01Z,ADMIN-WS-07,NT AUTHORITY\SYSTEM,chrome.exe,8251,msedgewebview2.exe,2586,msedgewebview2.exe --utility-sub-type=network,signed,benign,normal browser activity
PROC-00226,2026-08-05T17:21:22Z,ADMIN-WS-07,ACME\admin.rpatel,services.exe,8493,backup-agent.exe,10195,backup-agent.exe --run,signed,benign,scheduled backup
PROC-01488,2026-08-05T17:22:20Z,ADMIN-WS-11,ACME\admin.rpatel,taskeng.exe,2327,powershell.exe,5955,powershell.exe -File C:\Ops\Rotate-Logs.ps1,signed,benign,routine maintenance
PROC-01326,2026-08-05T17:34:27Z,VULN-SCAN-01,NT AUTHORITY\SYSTEM,wsmprovhost.exe,7919,powershell.exe,5648,powershell.exe -File C:\Deploy\Install-Agent.ps1,signed,benign,approved deployment
PROC-00941,2026-08-05T17:35:44Z,APP-API-02,NT AUTHORITY\SYSTEM,chrome.exe,4040,msedgewebview2.exe,2129,msedgewebview2.exe --utility-sub-type=network,signed,benign,normal browser activity
PROC-00582,2026-08-05T17:35:45Z,APP-API-02,ACME\svc_deploy,services.exe,3855,backup-agent.exe,10954,backup-agent.exe --run,signed,benign,scheduled backup
PROC-01443,2026-08-05T17:43:43Z,FILE-01,NT AUTHORITY\SYSTEM,services.exe,7232,backup-agent.exe,8598,backup-agent.exe --run,signed,benign,scheduled backup
PROC-00126,2026-08-05T17:48:14Z,ADMIN-WS-07,ACME\admin.jlee,wsmprovhost.exe,2292,powershell.exe,11992,powershell.exe -File C:\Deploy\Install-Agent.ps1,signed,benign,approved deployment
PROC-00948,2026-08-05T17:59:34Z,WEB-EDGE-01,ACME\svc_deploy,explorer.exe,918,powershell.exe,5940,powershell.exe Get-Service,signed,benign,routine admin
PROC-00973,2026-08-05T18:23:49Z,APP-API-02,ACME\admin.jlee,explorer.exe,4333,powershell.exe,10258,powershell.exe Get-Service,signed,benign,routine admin
PROC-00730,2026-08-05T18:24:09Z,VULN-SCAN-01,ACME\admin.jlee,chrome.exe,1594,msedgewebview2.exe,1635,msedgewebview2.exe --utility-sub-type=network,signed,benign,normal browser activity
PROC-01247,2026-08-05T18:25:36Z,ADMIN-WS-11,NT AUTHORITY\SYSTEM,wsmprovhost.exe,6188,powershell.exe,2682,powershell.exe -File C:\Deploy\Install-Agent.ps1,signed,benign,approved deployment
PROC-00417,2026-08-05T18:33:14Z,ADMIN-WS-07,ACME\admin.jlee,services.exe,1649,backup-agent.exe,12108,backup-agent.exe --run,signed,benign,scheduled backup
PROC-00794,2026-08-05T18:34:06Z,VULN-SCAN-01,ACME\admin.rpatel,wsmprovhost.exe,4368,powershell.exe,1763,powershell.exe -File C:\Deploy\Install-Agent.ps1,signed,benign,approved deployment
PROC-00032,2026-08-05T18:42:40Z,VULN-SCAN-01,ACME\admin.jlee,services.exe,8848,backup-agent.exe,10488,backup-agent.exe --run,signed,benign,scheduled backup
PROC-00495,2026-08-05T18:47:07Z,FILE-01,ACME\admin.jlee,explorer.exe,7069,powershell.exe,9430,powershell.exe Get-Service,signed,benign,routine admin
PROC-00573,2026-08-05T18:48:20Z,DEPLOY-01,NT AUTHORITY\SYSTEM,taskeng.exe,6120,powershell.exe,6109,powershell.exe -File C:\Ops\Rotate-Logs.ps1,signed,benign,routine maintenance
PROC-01166,2026-08-05T19:04:30Z,DEPLOY-01,ACME\admin.jlee,chrome.exe,8482,msedgewebview2.exe,14750,msedgewebview2.exe --utility-sub-type=network,signed,benign,normal browser activity
PROC-00146,2026-08-05T19:05:29Z,FILE-01,ACME\admin.rpatel,explorer.exe,3433,powershell.exe,11655,powershell.exe Get-Service,signed,benign,routine admin
PROC-00375,2026-08-05T19:07:02Z,WEB-EDGE-01,ACME\svc_deploy,services.exe,4634,backup-agent.exe,12518,backup-agent.exe --run,signed,benign,scheduled backup
PROC-00147,2026-08-05T19:09:22Z,VULN-SCAN-01,ACME\svc_deploy,wsmprovhost.exe,6469,powershell.exe,8712,powershell.exe -File C:\Deploy\Install-Agent.ps1,signed,benign,approved deployment
PROC-01046,2026-08-05T19:14:35Z,VULN-SCAN-01,ACME\admin.rpatel,chrome.exe,7029,msedgewebview2.exe,10465,msedgewebview2.exe --utility-sub-type=network,signed,benign,normal browser activity
PROC-00909,2026-08-05T19:32:03Z,WEB-EDGE-01,ACME\svc_deploy,explorer.exe,5840,powershell.exe,10059,powershell.exe Get-Service,signed,benign,routine admin
PROC-00530,2026-08-05T19:33:43Z,APP-API-02,ACME\svc_backup,services.exe,8730,backup-agent.exe,14282,backup-agent.exe --run,signed,benign,scheduled backup
PROC-00232,2026-08-05T19:50:07Z,ADMIN-WS-11,ACME\svc_backup,wsmprovhost.exe,1422,powershell.exe,13380,powershell.exe -File C:\Deploy\Install-Agent.ps1,signed,benign,approved deployment
PROC-00560,2026-08-05T19:52:51Z,APP-API-02,ACME\svc_backup,services.exe,2917,backup-agent.exe,10129,backup-agent.exe --run,signed,benign,scheduled backup
PROC-01110,2026-08-05T20:08:54Z,ADMIN-WS-11,NT AUTHORITY\SYSTEM,wsmprovhost.exe,1805,powershell.exe,4970,powershell.exe -File C:\Deploy\Install-Agent.ps1,signed,benign,approved deployment
PROC-00609,2026-08-05T20:10:33Z,VULN-SCAN-01,ACME\admin.rpatel,chrome.exe,6465,msedgewebview2.exe,7455,msedgewebview2.exe --utility-sub-type=network,signed,benign,normal browser activity
PROC-00564,2026-08-05T20:23:36Z,FILE-01,ACME\admin.rpatel,chrome.exe,8235,msedgewebview2.exe,12925,msedgewebview2.exe --utility-sub-type=network,signed,benign,normal browser activity
PROC-00079,2026-08-05T20:24:12Z,VULN-SCAN-01,ACME\svc_deploy,explorer.exe,6332,powershell.exe,12203,powershell.exe Get-Service,signed,benign,routine admin
PROC-01117,2026-08-05T20:29:14Z,WEB-EDGE-01,ACME\admin.rpatel,taskeng.exe,3822,powershell.exe,12034,powershell.exe -File C:\Ops\Rotate-Logs.ps1,signed,benign,routine maintenance
PROC-00571,2026-08-05T20:29:32Z,VULN-SCAN-01,ACME\admin.jlee,taskeng.exe,515,powershell.exe,14407,powershell.exe -File C:\Ops\Rotate-Logs.ps1,signed,benign,routine maintenance
PROC-01024,2026-08-05T20:43:35Z,ADMIN-WS-11,ACME\admin.jlee,wsmprovhost.exe,1341,powershell.exe,11761,powershell.exe -File C:\Deploy\Install-Agent.ps1,signed,benign,approved deployment
PROC-00061,2026-08-05T20:43:40Z,WEB-EDGE-01,ACME\admin.rpatel,explorer.exe,5104,powershell.exe,7088,powershell.exe Get-Service,signed,benign,routine admin
PROC-00193,2026-08-05T20:43:55Z,ADMIN-WS-07,NT AUTHORITY\SYSTEM,explorer.exe,726,powershell.exe,4539,powershell.exe Get-Service,signed,benign,routine admin
PROC-01408,2026-08-05T20:59:33Z,VULN-SCAN-01,ACME\admin.rpatel,explorer.exe,8214,powershell.exe,12338,powershell.exe Get-Service,signed,benign,routine admin
PROC-00552,2026-08-05T21:18:36Z,WEB-EDGE-01,ACME\svc_backup,chrome.exe,2984,msedgewebview2.exe,5875,msedgewebview2.exe --utility-sub-type=network,signed,benign,normal browser activity
PROC-01162,2026-08-05T21:19:34Z,FILE-01,NT AUTHORITY\SYSTEM,chrome.exe,7941,msedgewebview2.exe,10284,msedgewebview2.exe --utility-sub-type=network,signed,benign,normal browser activity
PROC-00865,2026-08-05T21:27:27Z,ADMIN-WS-11,ACME\svc_deploy,wsmprovhost.exe,7491,powershell.exe,1863,powershell.exe -File C:\Deploy\Install-Agent.ps1,signed,benign,approved deployment
PROC-01107,2026-08-05T21:32:38Z,WEB-EDGE-01,ACME\svc_deploy,chrome.exe,3248,msedgewebview2.exe,8513,msedgewebview2.exe --utility-sub-type=network,signed,benign,normal browser activity
PROC-01189,2026-08-05T21:39:54Z,FILE-01,NT AUTHORITY\SYSTEM,taskeng.exe,4728,powershell.exe,6168,powershell.exe -File C:\Ops\Rotate-Logs.ps1,signed,benign,routine maintenance
PROC-00407,2026-08-05T21:46:35Z,FILE-01,ACME\svc_deploy,chrome.exe,323,msedgewebview2.exe,4754,msedgewebview2.exe --utility-sub-type=network,signed,benign,normal browser activity
PROC-00704,2026-08-05T22:01:19Z,FILE-01,ACME\svc_deploy,explorer.exe,7683,powershell.exe,5353,powershell.exe Get-Service,signed,benign,routine admin
PROC-01212,2026-08-05T22:21:34Z,ADMIN-WS-11,ACME\svc_deploy,taskeng.exe,1316,powershell.exe,3771,powershell.exe -File C:\Ops\Rotate-Logs.ps1,signed,benign,routine maintenance
PROC-00753,2026-08-05T22:25:44Z,FILE-01,ACME\admin.rpatel,chrome.exe,1825,msedgewebview2.exe,5328,msedgewebview2.exe --utility-sub-type=network,signed,benign,normal browser activity
PROC-00343,2026-08-05T22:34:25Z,DEPLOY-01,NT AUTHORITY\SYSTEM,wsmprovhost.exe,4574,powershell.exe,13191,powershell.exe -File C:\Deploy\Install-Agent.ps1,signed,benign,approved deployment
PROC-00838,2026-08-05T22:35:13Z,ADMIN-WS-11,ACME\admin.rpatel,taskeng.exe,2544,powershell.exe,7180,powershell.exe -File C:\Ops\Rotate-Logs.ps1,signed,benign,routine maintenance
PROC-00045,2026-08-05T22:36:20Z,DEPLOY-01,ACME\admin.rpatel,wsmprovhost.exe,8598,powershell.exe,11859,powershell.exe -File C:\Deploy\Install-Agent.ps1,signed,benign,approved deployment
PROC-00900,2026-08-05T22:38:21Z,ADMIN-WS-11,NT AUTHORITY\SYSTEM,wsmprovhost.exe,3651,powershell.exe,14464,powershell.exe -File C:\Deploy\Install-Agent.ps1,signed,benign,approved deployment
PROC-01378,2026-08-05T22:44:33Z,ADMIN-WS-11,NT AUTHORITY\SYSTEM,explorer.exe,5012,powershell.exe,12817,powershell.exe Get-Service,signed,benign,routine admin
PROC-01042,2026-08-05T22:45:21Z,ADMIN-WS-07,ACME\admin.jlee,explorer.exe,8313,powershell.exe,5987,powershell.exe Get-Service,signed,benign,routine admin
PROC-00181,2026-08-05T22:49:19Z,ADMIN-WS-07,ACME\admin.rpatel,wsmprovhost.exe,1626,powershell.exe,9433,powershell.exe -File C:\Deploy\Install-Agent.ps1,signed,benign,approved deployment
PROC-00379,2026-08-05T22:54:04Z,ADMIN-WS-07,ACME\svc_backup,chrome.exe,2356,msedgewebview2.exe,12249,msedgewebview2.exe --utility-sub-type=network,signed,benign,normal browser activity
PROC-00257,2026-08-05T23:08:33Z,VULN-SCAN-01,NT AUTHORITY\SYSTEM,wsmprovhost.exe,2327,powershell.exe,11532,powershell.exe -File C:\Deploy\Install-Agent.ps1,signed,benign,approved deployment
PROC-00030,2026-08-05T23:11:00Z,ADMIN-WS-07,NT AUTHORITY\SYSTEM,chrome.exe,3886,msedgewebview2.exe,2516,msedgewebview2.exe --utility-sub-type=network,signed,benign,normal browser activity
PROC-01055,2026-08-05T23:17:08Z,APP-API-02,ACME\admin.rpatel,chrome.exe,3657,msedgewebview2.exe,1362,msedgewebview2.exe --utility-sub-type=network,signed,benign,normal browser activity
PROC-00303,2026-08-05T23:20:58Z,WEB-EDGE-01,ACME\svc_backup,explorer.exe,1138,powershell.exe,10122,powershell.exe Get-Service,signed,benign,routine admin
PROC-00680,2026-08-05T23:24:45Z,WEB-EDGE-01,ACME\svc_backup,wsmprovhost.exe,2213,powershell.exe,1334,powershell.exe -File C:\Deploy\Install-Agent.ps1,signed,benign,approved deployment
PROC-00192,2026-08-05T23:26:17Z,VULN-SCAN-01,ACME\svc_deploy,wsmprovhost.exe,3104,powershell.exe,8991,powershell.exe -File C:\Deploy\Install-Agent.ps1,signed,benign,approved deployment
PROC-01392,2026-08-05T23:41:44Z,ADMIN-WS-11,ACME\admin.rpatel,chrome.exe,2637,msedgewebview2.exe,9506,msedgewebview2.exe --utility-sub-type=network,signed,benign,normal browser activity
PROC-00107,2026-08-05T23:52:07Z,DEPLOY-01,ACME\svc_deploy,services.exe,7306,backup-agent.exe,1936,backup-agent.exe --run,signed,benign,scheduled backup
PROC-00259,2026-08-05T23:54:09Z,ADMIN-WS-11,ACME\admin.jlee,services.exe,4529,backup-agent.exe,6707,backup-agent.exe --run,signed,benign,scheduled backup
PROC-00129,2026-08-05T23:55:19Z,VULN-SCAN-01,NT AUTHORITY\SYSTEM,services.exe,4748,backup-agent.exe,12012,backup-agent.exe --run,signed,benign,scheduled backup
PROC-00131,2026-08-05T23:57:17Z,WEB-EDGE-01,ACME\admin.jlee,taskeng.exe,7806,powershell.exe,5462,powershell.exe -File C:\Ops\Rotate-Logs.ps1,signed,benign,routine maintenance
PROC-00025,2026-08-05T23:57:32Z,APP-API-02,ACME\svc_deploy,services.exe,5969,backup-agent.exe,2865,backup-agent.exe --run,signed,benign,scheduled backup
PROC-01237,2026-08-05T23:59:48Z,DEPLOY-01,ACME\svc_backup,chrome.exe,4648,msedgewebview2.exe,10372,msedgewebview2.exe --utility-sub-type=network,signed,benign,normal browser activity
PROC-01064,2026-08-06T00:08:39Z,DEPLOY-01,ACME\svc_backup,explorer.exe,2494,powershell.exe,13563,powershell.exe Get-Service,signed,benign,routine admin
PROC-01491,2026-08-06T00:12:42Z,ADMIN-WS-07,ACME\admin.rpatel,wsmprovhost.exe,8218,powershell.exe,6259,powershell.exe -File C:\Deploy\Install-Agent.ps1,signed,benign,approved deployment
PROC-00274,2026-08-06T00:32:28Z,VULN-SCAN-01,ACME\svc_backup,taskeng.exe,5632,powershell.exe,5810,powershell.exe -File C:\Ops\Rotate-Logs.ps1,signed,benign,routine maintenance
PROC-00791,2026-08-06T00:32:51Z,FILE-01,ACME\svc_deploy,explorer.exe,930,powershell.exe,11037,powershell.exe Get-Service,signed,benign,routine admin
PROC-00885,2026-08-06T00:36:15Z,ADMIN-WS-07,ACME\admin.jlee,services.exe,3838,backup-agent.exe,3259,backup-agent.exe --run,signed,benign,scheduled backup
PROC-00227,2026-08-06T00:36:41Z,APP-API-02,ACME\svc_deploy,wsmprovhost.exe,5275,powershell.exe,3885,powershell.exe -File C:\Deploy\Install-Agent.ps1,signed,benign,approved deployment
PROC-00851,2026-08-06T00:47:10Z,WEB-EDGE-01,ACME\svc_deploy,explorer.exe,5288,powershell.exe,14872,powershell.exe Get-Service,signed,benign,routine admin
PROC-01464,2026-08-06T00:53:36Z,ADMIN-WS-11,ACME\admin.jlee,explorer.exe,8851,powershell.exe,7560,powershell.exe Get-Service,signed,benign,routine admin
PROC-00610,2026-08-06T01:03:47Z,APP-API-02,NT AUTHORITY\SYSTEM,taskeng.exe,2116,powershell.exe,6919,powershell.exe -File C:\Ops\Rotate-Logs.ps1,signed,benign,routine maintenance
PROC-01130,2026-08-06T01:04:55Z,ADMIN-WS-11,ACME\svc_deploy,taskeng.exe,2847,powershell.exe,9486,powershell.exe -File C:\Ops\Rotate-Logs.ps1,signed,benign,routine maintenance
PROC-01485,2026-08-06T01:07:20Z,FILE-01,NT AUTHORITY\SYSTEM,taskeng.exe,6584,powershell.exe,11564,powershell.exe -File C:\Ops\Rotate-Logs.ps1,signed,benign,routine maintenance
PROC-00742,2026-08-06T01:15:05Z,DEPLOY-01,ACME\svc_deploy,wsmprovhost.exe,5836,powershell.exe,5191,powershell.exe -File C:\Deploy\Install-Agent.ps1,signed,benign,approved deployment
PROC-00493,2026-08-06T01:22:05Z,FILE-01,ACME\admin.rpatel,services.exe,1303,backup-agent.exe,10404,backup-agent.exe --run,signed,benign,scheduled backup
PROC-01431,2026-08-06T01:31:13Z,APP-API-02,ACME\admin.jlee,explorer.exe,4189,powershell.exe,14002,powershell.exe Get-Service,signed,benign,routine admin
PROC-00537,2026-08-06T01:40:36Z,ADMIN-WS-07,ACME\admin.rpatel,wsmprovhost.exe,1282,powershell.exe,8180,powershell.exe -File C:\Deploy\Install-Agent.ps1,signed,benign,approved deployment
PROC-00964,2026-08-06T02:00:49Z,FILE-01,ACME\svc_deploy,taskeng.exe,7842,powershell.exe,8348,powershell.exe -File C:\Ops\Rotate-Logs.ps1,signed,benign,routine maintenance
PROC-01472,2026-08-06T02:04:55Z,VULN-SCAN-01,NT AUTHORITY\SYSTEM,taskeng.exe,3036,powershell.exe,9564,powershell.exe -File C:\Ops\Rotate-Logs.ps1,signed,benign,routine maintenance
PROC-01145,2026-08-06T02:24:08Z,VULN-SCAN-01,NT AUTHORITY\SYSTEM,taskeng.exe,4902,powershell.exe,12052,powershell.exe -File C:\Ops\Rotate-Logs.ps1,signed,benign,routine maintenance
PROC-00684,2026-08-06T02:26:20Z,FILE-01,ACME\admin.rpatel,wsmprovhost.exe,4031,powershell.exe,3956,powershell.exe -File C:\Deploy\Install-Agent.ps1,signed,benign,approved deployment
PROC-00577,2026-08-06T02:38:06Z,APP-API-02,NT AUTHORITY\SYSTEM,taskeng.exe,5404,powershell.exe,6551,powershell.exe -File C:\Ops\Rotate-Logs.ps1,signed,benign,routine maintenance
PROC-01318,2026-08-06T02:38:20Z,WEB-EDGE-01,ACME\admin.jlee,chrome.exe,8286,msedgewebview2.exe,11308,msedgewebview2.exe --utility-sub-type=network,signed,benign,normal browser activity
PROC-00728,2026-08-06T02:45:41Z,ADMIN-WS-11,ACME\admin.rpatel,wsmprovhost.exe,2045,powershell.exe,10419,powershell.exe -File C:\Deploy\Install-Agent.ps1,signed,benign,approved deployment
PROC-01271,2026-08-06T02:52:40Z,VULN-SCAN-01,ACME\admin.rpatel,explorer.exe,541,powershell.exe,1230,powershell.exe Get-Service,signed,benign,routine admin
PROC-01069,2026-08-06T03:00:04Z,ADMIN-WS-07,ACME\admin.rpatel,services.exe,1428,backup-agent.exe,11082,backup-agent.exe --run,signed,benign,scheduled backup
PROC-00844,2026-08-06T03:09:15Z,WEB-EDGE-01,ACME\svc_deploy,chrome.exe,669,msedgewebview2.exe,8578,msedgewebview2.exe --utility-sub-type=network,signed,benign,normal browser activity
PROC-00116,2026-08-06T03:11:04Z,WEB-EDGE-01,NT AUTHORITY\SYSTEM,chrome.exe,467,msedgewebview2.exe,14819,msedgewebview2.exe --utility-sub-type=network,signed,benign,normal browser activity
PROC-01122,2026-08-06T03:16:31Z,ADMIN-WS-07,ACME\svc_backup,services.exe,7091,backup-agent.exe,4463,backup-agent.exe --run,signed,benign,scheduled backup
PROC-00297,2026-08-06T03:17:27Z,VULN-SCAN-01,ACME\svc_backup,services.exe,7492,backup-agent.exe,9804,backup-agent.exe --run,signed,benign,scheduled backup
PROC-00351,2026-08-06T03:34:26Z,DEPLOY-01,ACME\svc_deploy,wsmprovhost.exe,6326,powershell.exe,1348,powershell.exe -File C:\Deploy\Install-Agent.ps1,signed,benign,approved deployment
PROC-01052,2026-08-06T03:37:07Z,APP-API-02,ACME\admin.jlee,taskeng.exe,3924,powershell.exe,10475,powershell.exe -File C:\Ops\Rotate-Logs.ps1,signed,benign,routine maintenance
PROC-00652,2026-08-06T03:38:28Z,ADMIN-WS-07,ACME\admin.rpatel,explorer.exe,4250,powershell.exe,6021,powershell.exe Get-Service,signed,benign,routine admin
PROC-00328,2026-08-06T03:41:28Z,VULN-SCAN-01,ACME\svc_backup,services.exe,676,backup-agent.exe,11405,backup-agent.exe --run,signed,benign,scheduled backup
PROC-01405,2026-08-06T03:43:39Z,WEB-EDGE-01,NT AUTHORITY\SYSTEM,taskeng.exe,4577,powershell.exe,9441,powershell.exe -File C:\Ops\Rotate-Logs.ps1,signed,benign,routine maintenance
PROC-00272,2026-08-06T03:47:06Z,VULN-SCAN-01,ACME\admin.rpatel,wsmprovhost.exe,401,powershell.exe,14276,powershell.exe -File C:\Deploy\Install-Agent.ps1,signed,benign,approved deployment
PROC-00096,2026-08-06T03:54:46Z,FILE-01,ACME\svc_deploy,services.exe,5276,backup-agent.exe,4430,backup-agent.exe --run,signed,benign,scheduled backup
PROC-01296,2026-08-06T04:19:39Z,APP-API-02,ACME\admin.jlee,wsmprovhost.exe,8076,powershell.exe,14139,powershell.exe -File C:\Deploy\Install-Agent.ps1,signed,benign,approved deployment
PROC-01350,2026-08-06T04:23:41Z,ADMIN-WS-11,ACME\admin.jlee,explorer.exe,818,powershell.exe,9643,powershell.exe Get-Service,signed,benign,routine admin
PROC-00369,2026-08-06T04:26:22Z,ADMIN-WS-11,ACME\admin.rpatel,services.exe,2387,backup-agent.exe,9031,backup-agent.exe --run,signed,benign,scheduled backup
PROC-00508,2026-08-06T04:28:11Z,VULN-SCAN-01,ACME\svc_backup,services.exe,1356,backup-agent.exe,12874,backup-agent.exe --run,signed,benign,scheduled backup
PROC-00210,2026-08-06T04:28:45Z,ADMIN-WS-11,ACME\svc_backup,wsmprovhost.exe,5974,powershell.exe,8790,powershell.exe -File C:\Deploy\Install-Agent.ps1,signed,benign,approved deployment
PROC-00252,2026-08-06T05:04:31Z,WEB-EDGE-01,NT AUTHORITY\SYSTEM,explorer.exe,843,powershell.exe,14368,powershell.exe Get-Service,signed,benign,routine admin
PROC-01228,2026-08-06T05:09:00Z,FILE-01,ACME\admin.rpatel,explorer.exe,5549,powershell.exe,12820,powershell.exe Get-Service,signed,benign,routine admin
PROC-01416,2026-08-06T05:26:26Z,ADMIN-WS-07,ACME\svc_backup,taskeng.exe,2352,powershell.exe,7427,powershell.exe -File C:\Ops\Rotate-Logs.ps1,signed,benign,routine maintenance
PROC-00996,2026-08-06T05:28:40Z,APP-API-02,ACME\svc_backup,wsmprovhost.exe,6797,powershell.exe,9378,powershell.exe -File C:\Deploy\Install-Agent.ps1,signed,benign,approved deployment
PROC-01034,2026-08-06T05:31:48Z,WEB-EDGE-01,ACME\admin.rpatel,services.exe,8146,backup-agent.exe,2704,backup-agent.exe --run,signed,benign,scheduled backup
PROC-01057,2026-08-06T05:33:07Z,APP-API-02,ACME\svc_backup,chrome.exe,4081,msedgewebview2.exe,10032,msedgewebview2.exe --utility-sub-type=network,signed,benign,normal browser activity
PROC-01419,2026-08-06T05:35:10Z,VULN-SCAN-01,ACME\admin.rpatel,explorer.exe,4705,powershell.exe,12474,powershell.exe Get-Service,signed,benign,routine admin
PROC-00480,2026-08-06T05:45:47Z,ADMIN-WS-07,NT AUTHORITY\SYSTEM,taskeng.exe,8745,powershell.exe,12930,powershell.exe -File C:\Ops\Rotate-Logs.ps1,signed,benign,routine maintenance
PROC-00003,2026-08-06T05:48:58Z,ADMIN-WS-11,NT AUTHORITY\SYSTEM,explorer.exe,6398,powershell.exe,10560,powershell.exe Get-Service,signed,benign,routine admin
PROC-00454,2026-08-06T05:58:35Z,FILE-01,NT AUTHORITY\SYSTEM,chrome.exe,2926,msedgewebview2.exe,10110,msedgewebview2.exe --utility-sub-type=network,signed,benign,normal browser activity
PROC-00470,2026-08-06T06:01:21Z,DEPLOY-01,ACME\svc_backup,services.exe,8322,backup-agent.exe,11039,backup-agent.exe --run,signed,benign,scheduled backup
PROC-00348,2026-08-06T06:03:11Z,DEPLOY-01,NT AUTHORITY\SYSTEM,wsmprovhost.exe,4559,powershell.exe,9132,powershell.exe -File C:\Deploy\Install-Agent.ps1,signed,benign,approved deployment
PROC-01170,2026-08-06T06:11:15Z,ADMIN-WS-11,ACME\svc_backup,explorer.exe,7064,powershell.exe,13278,powershell.exe Get-Service,signed,benign,routine admin
PROC-00594,2026-08-06T06:18:09Z,FILE-01,ACME\svc_deploy,explorer.exe,3907,powershell.exe,4241,powershell.exe Get-Service,signed,benign,routine admin
PROC-01096,2026-08-06T06:18:57Z,APP-API-02,ACME\admin.rpatel,taskeng.exe,8443,powershell.exe,10235,powershell.exe -File C:\Ops\Rotate-Logs.ps1,signed,benign,routine maintenance
PROC-00141,2026-08-06T06:21:40Z,WEB-EDGE-01,ACME\svc_backup,services.exe,7363,backup-agent.exe,2763,backup-agent.exe --run,signed,benign,scheduled backup
PROC-01495,2026-08-06T06:28:14Z,WEB-EDGE-01,ACME\svc_deploy,explorer.exe,3529,powershell.exe,8120,powershell.exe Get-Service,signed,benign,routine admin
PROC-01129,2026-08-06T06:31:05Z,ADMIN-WS-07,ACME\svc_deploy,taskeng.exe,5320,powershell.exe,11254,powershell.exe -File C:\Ops\Rotate-Logs.ps1,signed,benign,routine maintenance
PROC-01076,2026-08-06T06:31:25Z,VULN-SCAN-01,ACME\admin.jlee,services.exe,5393,backup-agent.exe,7526,backup-agent.exe --run,signed,benign,scheduled backup
PROC-01127,2026-08-06T06:32:03Z,FILE-01,NT AUTHORITY\SYSTEM,chrome.exe,2792,msedgewebview2.exe,13368,msedgewebview2.exe --utility-sub-type=network,signed,benign,normal browser activity
PROC-01338,2026-08-06T06:40:05Z,APP-API-02,ACME\admin.jlee,taskeng.exe,6525,powershell.exe,8635,powershell.exe -File C:\Ops\Rotate-Logs.ps1,signed,benign,routine maintenance
PROC-00080,2026-08-06T06:48:07Z,ADMIN-WS-11,ACME\admin.rpatel,services.exe,6780,backup-agent.exe,12530,backup-agent.exe --run,signed,benign,scheduled backup
PROC-00805,2026-08-06T06:50:16Z,ADMIN-WS-11,ACME\admin.rpatel,taskeng.exe,4549,powershell.exe,13102,powershell.exe -File C:\Ops\Rotate-Logs.ps1,signed,benign,routine maintenance
PROC-00688,2026-08-06T06:55:59Z,DEPLOY-01,ACME\admin.jlee,chrome.exe,8841,msedgewebview2.exe,13162,msedgewebview2.exe --utility-sub-type=network,signed,benign,normal browser activity
PROC-00591,2026-08-06T06:58:20Z,ADMIN-WS-07,ACME\admin.jlee,wsmprovhost.exe,2618,powershell.exe,2879,powershell.exe -File C:\Deploy\Install-Agent.ps1,signed,benign,approved deployment
PROC-00327,2026-08-06T06:59:59Z,ADMIN-WS-11,ACME\svc_backup,chrome.exe,8255,msedgewebview2.exe,4305,msedgewebview2.exe --utility-sub-type=network,signed,benign,normal browser activity
PROC-00649,2026-08-06T07:00:58Z,FILE-01,ACME\admin.rpatel,taskeng.exe,1244,powershell.exe,8298,powershell.exe -File C:\Ops\Rotate-Logs.ps1,signed,benign,routine maintenance
PROC-00422,2026-08-06T07:18:28Z,APP-API-02,ACME\svc_deploy,explorer.exe,7136,powershell.exe,12116,powershell.exe Get-Service,signed,benign,routine admin
PROC-00952,2026-08-06T07:31:41Z,VULN-SCAN-01,ACME\admin.jlee,services.exe,8017,backup-agent.exe,13127,backup-agent.exe --run,signed,benign,scheduled backup
PROC-00917,2026-08-06T07:32:56Z,FILE-01,ACME\svc_deploy,wsmprovhost.exe,4762,powershell.exe,7882,powershell.exe -File C:\Deploy\Install-Agent.ps1,signed,benign,approved deployment
PROC-01215,2026-08-06T07:58:11Z,DEPLOY-01,ACME\svc_backup,chrome.exe,5317,msedgewebview2.exe,10318,msedgewebview2.exe --utility-sub-type=network,signed,benign,normal browser activity
PROC-00014,2026-08-06T08:06:47Z,ADMIN-WS-07,ACME\admin.jlee,taskeng.exe,4206,powershell.exe,9852,powershell.exe -File C:\Ops\Rotate-Logs.ps1,signed,benign,routine maintenance
PROC-00514,2026-08-06T08:13:00Z,VULN-SCAN-01,ACME\admin.jlee,chrome.exe,985,msedgewebview2.exe,6165,msedgewebview2.exe --utility-sub-type=network,signed,benign,normal browser activity
PROC-00749,2026-08-06T08:25:20Z,APP-API-02,NT AUTHORITY\SYSTEM,wsmprovhost.exe,5220,powershell.exe,3980,powershell.exe -File C:\Deploy\Install-Agent.ps1,signed,benign,approved deployment
PROC-00451,2026-08-06T08:29:44Z,FILE-01,ACME\svc_backup,taskeng.exe,4525,powershell.exe,9709,powershell.exe -File C:\Ops\Rotate-Logs.ps1,signed,benign,routine maintenance
PROC-00757,2026-08-06T08:35:22Z,ADMIN-WS-07,ACME\svc_deploy,taskeng.exe,2571,powershell.exe,7377,powershell.exe -File C:\Ops\Rotate-Logs.ps1,signed,benign,routine maintenance
PROC-00921,2026-08-06T08:55:03Z,ADMIN-WS-07,ACME\svc_deploy,wsmprovhost.exe,339,powershell.exe,13039,powershell.exe -File C:\Deploy\Install-Agent.ps1,signed,benign,approved deployment
PROC-00922,2026-08-06T09:00:52Z,WEB-EDGE-01,NT AUTHORITY\SYSTEM,chrome.exe,4903,msedgewebview2.exe,5435,msedgewebview2.exe --utility-sub-type=network,signed,benign,normal browser activity
PROC-01277,2026-08-06T09:07:46Z,VULN-SCAN-01,ACME\admin.jlee,taskeng.exe,7918,powershell.exe,6266,powershell.exe -File C:\Ops\Rotate-Logs.ps1,signed,benign,routine maintenance
PROC-00205,2026-08-06T09:07:59Z,VULN-SCAN-01,ACME\admin.jlee,chrome.exe,7066,msedgewebview2.exe,6557,msedgewebview2.exe --utility-sub-type=network,signed,benign,normal browser activity
PROC-00271,2026-08-06T09:10:36Z,ADMIN-WS-11,ACME\svc_deploy,explorer.exe,2475,powershell.exe,1165,powershell.exe Get-Service,signed,benign,routine admin
PROC-00675,2026-08-06T09:15:28Z,WEB-EDGE-01,ACME\admin.jlee,wsmprovhost.exe,3521,powershell.exe,5385,powershell.exe -File C:\Deploy\Install-Agent.ps1,signed,benign,approved deployment
PROC-01163,2026-08-06T09:18:50Z,FILE-01,ACME\admin.rpatel,services.exe,5207,backup-agent.exe,1306,backup-agent.exe --run,signed,benign,scheduled backup
PROC-01409,2026-08-06T09:28:17Z,VULN-SCAN-01,NT AUTHORITY\SYSTEM,chrome.exe,6962,msedgewebview2.exe,13528,msedgewebview2.exe --utility-sub-type=network,signed,benign,normal browser activity
PROC-00482,2026-08-06T09:34:16Z,APP-API-02,ACME\svc_backup,taskeng.exe,4319,powershell.exe,4031,powershell.exe -File C:\Ops\Rotate-Logs.ps1,signed,benign,routine maintenance
PROC-00925,2026-08-06T09:54:22Z,ADMIN-WS-07,ACME\admin.jlee,services.exe,4517,backup-agent.exe,13874,backup-agent.exe --run,signed,benign,scheduled backup
PROC-00183,2026-08-06T09:58:49Z,DEPLOY-01,ACME\svc_backup,chrome.exe,4804,msedgewebview2.exe,8843,msedgewebview2.exe --utility-sub-type=network,signed,benign,normal browser activity
PROC-00983,2026-08-06T10:00:36Z,ADMIN-WS-07,NT AUTHORITY\SYSTEM,chrome.exe,2435,msedgewebview2.exe,6442,msedgewebview2.exe --utility-sub-type=network,signed,benign,normal browser activity
PROC-00895,2026-08-06T10:01:17Z,FILE-01,ACME\svc_backup,taskeng.exe,6709,powershell.exe,3463,powershell.exe -File C:\Ops\Rotate-Logs.ps1,signed,benign,routine maintenance
PROC-01399,2026-08-06T10:01:23Z,WEB-EDGE-01,ACME\svc_deploy,services.exe,7531,backup-agent.exe,1423,backup-agent.exe --run,signed,benign,scheduled backup
PROC-00145,2026-08-06T10:05:16Z,ADMIN-WS-11,NT AUTHORITY\SYSTEM,services.exe,7965,backup-agent.exe,9331,backup-agent.exe --run,signed,benign,scheduled backup
PROC-00877,2026-08-06T10:07:44Z,DEPLOY-01,ACME\svc_backup,taskeng.exe,4328,powershell.exe,14140,powershell.exe -File C:\Ops\Rotate-Logs.ps1,signed,benign,routine maintenance
PROC-00280,2026-08-06T10:24:22Z,ADMIN-WS-11,NT AUTHORITY\SYSTEM,services.exe,1238,backup-agent.exe,13407,backup-agent.exe --run,signed,benign,scheduled backup
PROC-00760,2026-08-06T10:30:19Z,ADMIN-WS-11,ACME\admin.rpatel,chrome.exe,6274,msedgewebview2.exe,2257,msedgewebview2.exe --utility-sub-type=network,signed,benign,normal browser activity
PROC-00170,2026-08-06T10:36:29Z,WEB-EDGE-01,ACME\svc_backup,taskeng.exe,3731,powershell.exe,11592,powershell.exe -File C:\Ops\Rotate-Logs.ps1,signed,benign,routine maintenance
PROC-00535,2026-08-06T10:41:01Z,WEB-EDGE-01,NT AUTHORITY\SYSTEM,chrome.exe,5571,msedgewebview2.exe,5669,msedgewebview2.exe --utility-sub-type=network,signed,benign,normal browser activity
PROC-00944,2026-08-06T10:41:24Z,DEPLOY-01,ACME\admin.jlee,taskeng.exe,7735,powershell.exe,12594,powershell.exe -File C:\Ops\Rotate-Logs.ps1,signed,benign,routine maintenance
PROC-01327,2026-08-06T10:47:43Z,FILE-01,NT AUTHORITY\SYSTEM,explorer.exe,589,powershell.exe,7795,powershell.exe Get-Service,signed,benign,routine admin
PROC-00114,2026-08-06T11:00:00Z,WEB-EDGE-01,ACME\admin.jlee,wsmprovhost.exe,8753,powershell.exe,11816,powershell.exe -File C:\Deploy\Install-Agent.ps1,signed,benign,approved deployment
PROC-00733,2026-08-06T11:02:35Z,DEPLOY-01,ACME\svc_deploy,explorer.exe,6465,powershell.exe,8361,powershell.exe Get-Service,signed,benign,routine admin
PROC-01273,2026-08-06T11:04:37Z,ADMIN-WS-07,ACME\svc_backup,services.exe,4654,backup-agent.exe,13829,backup-agent.exe --run,signed,benign,scheduled backup
PROC-00986,2026-08-06T11:17:26Z,WEB-EDGE-01,NT AUTHORITY\SYSTEM,chrome.exe,2482,msedgewebview2.exe,4706,msedgewebview2.exe --utility-sub-type=network,signed,benign,normal browser activity
PROC-00487,2026-08-06T11:22:13Z,FILE-01,ACME\admin.jlee,chrome.exe,6012,msedgewebview2.exe,5117,msedgewebview2.exe --utility-sub-type=network,signed,benign,normal browser activity
PROC-01298,2026-08-06T11:35:20Z,APP-API-02,NT AUTHORITY\SYSTEM,wsmprovhost.exe,2934,powershell.exe,2230,powershell.exe -File C:\Deploy\Install-Agent.ps1,signed,benign,approved deployment
PROC-01005,2026-08-06T11:38:34Z,VULN-SCAN-01,ACME\svc_backup,wsmprovhost.exe,2073,powershell.exe,11858,powershell.exe -File C:\Deploy\Install-Agent.ps1,signed,benign,approved deployment
PROC-00661,2026-08-06T11:38:42Z,WEB-EDGE-01,ACME\svc_backup,chrome.exe,3372,msedgewebview2.exe,14388,msedgewebview2.exe --utility-sub-type=network,signed,benign,normal browser activity
PROC-00503,2026-08-06T11:48:53Z,VULN-SCAN-01,ACME\svc_deploy,services.exe,4463,backup-agent.exe,13945,backup-agent.exe --run,signed,benign,scheduled backup
PROC-00463,2026-08-06T11:51:48Z,FILE-01,ACME\svc_deploy,taskeng.exe,2850,powershell.exe,5582,powershell.exe -File C:\Ops\Rotate-Logs.ps1,signed,benign,routine maintenance
PROC-00089,2026-08-06T11:56:57Z,WEB-EDGE-01,ACME\admin.rpatel,wsmprovhost.exe,8374,powershell.exe,2335,powershell.exe -File C:\Deploy\Install-Agent.ps1,signed,benign,approved deployment
PROC-00828,2026-08-06T11:59:49Z,VULN-SCAN-01,NT AUTHORITY\SYSTEM,taskeng.exe,6655,powershell.exe,13118,powershell.exe -File C:\Ops\Rotate-Logs.ps1,signed,benign,routine maintenance
PROC-01099,2026-08-06T12:00:11Z,FILE-01,NT AUTHORITY\SYSTEM,services.exe,6162,backup-agent.exe,11036,backup-agent.exe --run,signed,benign,scheduled backup
PROC-01211,2026-08-06T12:00:32Z,WEB-EDGE-01,ACME\admin.jlee,taskeng.exe,6285,powershell.exe,7871,powershell.exe -File C:\Ops\Rotate-Logs.ps1,signed,benign,routine maintenance
PROC-00381,2026-08-06T12:02:06Z,DEPLOY-01,ACME\svc_backup,explorer.exe,1479,powershell.exe,8886,powershell.exe Get-Service,signed,benign,routine admin
PROC-00450,2026-08-06T12:02:54Z,ADMIN-WS-07,ACME\svc_deploy,chrome.exe,1312,msedgewebview2.exe,9698,msedgewebview2.exe --utility-sub-type=network,signed,benign,normal browser activity
PROC-01371,2026-08-06T12:36:50Z,WEB-EDGE-01,ACME\admin.jlee,wsmprovhost.exe,1315,powershell.exe,6081,powershell.exe -File C:\Deploy\Install-Agent.ps1,signed,benign,approved deployment
PROC-00550,2026-08-06T12:37:39Z,WEB-EDGE-01,ACME\svc_deploy,explorer.exe,433,powershell.exe,3071,powershell.exe Get-Service,signed,benign,routine admin
PROC-01451,2026-08-06T12:43:05Z,VULN-SCAN-01,ACME\svc_backup,taskeng.exe,5492,powershell.exe,2795,powershell.exe -File C:\Ops\Rotate-Logs.ps1,signed,benign,routine maintenance
PROC-01226,2026-08-06T12:44:29Z,FILE-01,ACME\admin.rpatel,chrome.exe,6445,msedgewebview2.exe,13603,msedgewebview2.exe --utility-sub-type=network,signed,benign,normal browser activity
PROC-00139,2026-08-06T12:50:06Z,WEB-EDGE-01,ACME\admin.jlee,chrome.exe,1964,msedgewebview2.exe,6568,msedgewebview2.exe --utility-sub-type=network,signed,benign,normal browser activity
PROC-00384,2026-08-06T12:54:58Z,ADMIN-WS-07,ACME\svc_deploy,services.exe,1765,backup-agent.exe,11850,backup-agent.exe --run,signed,benign,scheduled backup
PROC-00171,2026-08-06T12:56:51Z,ADMIN-WS-11,ACME\admin.rpatel,chrome.exe,5662,msedgewebview2.exe,10613,msedgewebview2.exe --utility-sub-type=network,signed,benign,normal browser activity
PROC-00262,2026-08-06T13:02:40Z,FILE-01,NT AUTHORITY\SYSTEM,taskeng.exe,6007,powershell.exe,4567,powershell.exe -File C:\Ops\Rotate-Logs.ps1,signed,benign,routine maintenance
PROC-01414,2026-08-06T13:06:41Z,WEB-EDGE-01,ACME\admin.rpatel,explorer.exe,4307,powershell.exe,11555,powershell.exe Get-Service,signed,benign,routine admin
PROC-01473,2026-08-06T13:13:24Z,FILE-01,ACME\admin.jlee,services.exe,4443,backup-agent.exe,8520,backup-agent.exe --run,signed,benign,scheduled backup
PROC-00648,2026-08-06T13:19:54Z,DEPLOY-01,ACME\svc_deploy,services.exe,1640,backup-agent.exe,11902,backup-agent.exe --run,signed,benign,scheduled backup
PROC-00179,2026-08-06T13:22:02Z,ADMIN-WS-11,ACME\svc_deploy,wsmprovhost.exe,3741,powershell.exe,12488,powershell.exe -File C:\Deploy\Install-Agent.ps1,signed,benign,approved deployment
PROC-01425,2026-08-06T13:30:11Z,FILE-01,ACME\admin.jlee,taskeng.exe,4027,powershell.exe,13930,powershell.exe -File C:\Ops\Rotate-Logs.ps1,signed,benign,routine maintenance
PROC-00653,2026-08-06T13:31:33Z,FILE-01,NT AUTHORITY\SYSTEM,taskeng.exe,3927,powershell.exe,11882,powershell.exe -File C:\Ops\Rotate-Logs.ps1,signed,benign,routine maintenance
PROC-01195,2026-08-06T13:41:48Z,FILE-01,ACME\svc_deploy,explorer.exe,8402,powershell.exe,7758,powershell.exe Get-Service,signed,benign,routine admin
PROC-00222,2026-08-06T13:42:21Z,ADMIN-WS-07,ACME\admin.jlee,services.exe,5506,backup-agent.exe,1787,backup-agent.exe --run,signed,benign,scheduled backup
PROC-00677,2026-08-06T13:52:12Z,APP-API-02,ACME\svc_backup,chrome.exe,7290,msedgewebview2.exe,6970,msedgewebview2.exe --utility-sub-type=network,signed,benign,normal browser activity
PROC-01091,2026-08-06T13:53:47Z,FILE-01,ACME\admin.jlee,wsmprovhost.exe,6512,powershell.exe,9361,powershell.exe -File C:\Deploy\Install-Agent.ps1,signed,benign,approved deployment
PROC-00270,2026-08-06T13:57:55Z,ADMIN-WS-11,ACME\svc_deploy,services.exe,7622,backup-agent.exe,13600,backup-agent.exe --run,signed,benign,scheduled backup
PROC-01385,2026-08-06T14:03:15Z,DEPLOY-01,ACME\admin.rpatel,explorer.exe,821,powershell.exe,13985,powershell.exe Get-Service,signed,benign,routine admin
PROC-00866,2026-08-06T14:08:02Z,FILE-01,ACME\svc_backup,chrome.exe,8437,msedgewebview2.exe,3649,msedgewebview2.exe --utility-sub-type=network,signed,benign,normal browser activity
PROC-00373,2026-08-06T14:19:54Z,FILE-01,ACME\admin.jlee,wsmprovhost.exe,8888,powershell.exe,4324,powershell.exe -File C:\Deploy\Install-Agent.ps1,signed,benign,approved deployment
PROC-00269,2026-08-06T14:20:50Z,VULN-SCAN-01,ACME\admin.jlee,wsmprovhost.exe,3755,powershell.exe,4959,powershell.exe -File C:\Deploy\Install-Agent.ps1,signed,benign,approved deployment
PROC-00780,2026-08-06T14:25:34Z,WEB-EDGE-01,NT AUTHORITY\SYSTEM,chrome.exe,8015,msedgewebview2.exe,3909,msedgewebview2.exe --utility-sub-type=network,signed,benign,normal browser activity
PROC-00473,2026-08-06T14:31:39Z,APP-API-02,NT AUTHORITY\SYSTEM,explorer.exe,5039,powershell.exe,13965,powershell.exe Get-Service,signed,benign,routine admin
PROC-00431,2026-08-06T14:37:56Z,FILE-01,ACME\svc_backup,services.exe,1796,backup-agent.exe,10734,backup-agent.exe --run,signed,benign,scheduled backup
PROC-00187,2026-08-06T14:42:22Z,ADMIN-WS-11,ACME\svc_deploy,taskeng.exe,2153,powershell.exe,11296,powershell.exe -File C:\Ops\Rotate-Logs.ps1,signed,benign,routine maintenance
PROC-01204,2026-08-06T14:44:44Z,ADMIN-WS-11,ACME\svc_backup,services.exe,4520,backup-agent.exe,10916,backup-agent.exe --run,signed,benign,scheduled backup
PROC-01185,2026-08-06T15:00:38Z,ADMIN-WS-11,ACME\admin.rpatel,chrome.exe,6751,msedgewebview2.exe,10813,msedgewebview2.exe --utility-sub-type=network,signed,benign,normal browser activity
PROC-00801,2026-08-06T15:06:31Z,APP-API-02,NT AUTHORITY\SYSTEM,explorer.exe,696,powershell.exe,4104,powershell.exe Get-Service,signed,benign,routine admin
PROC-00178,2026-08-06T15:14:55Z,APP-API-02,ACME\admin.jlee,chrome.exe,4725,msedgewebview2.exe,13028,msedgewebview2.exe --utility-sub-type=network,signed,benign,normal browser activity
PROC-00155,2026-08-06T15:16:47Z,DEPLOY-01,ACME\svc_backup,taskeng.exe,3530,powershell.exe,14327,powershell.exe -File C:\Ops\Rotate-Logs.ps1,signed,benign,routine maintenance
PROC-01221,2026-08-06T15:20:34Z,APP-API-02,NT AUTHORITY\SYSTEM,wsmprovhost.exe,6456,powershell.exe,13325,powershell.exe -File C:\Deploy\Install-Agent.ps1,signed,benign,approved deployment
PROC-01388,2026-08-06T15:21:46Z,ADMIN-WS-07,ACME\admin.rpatel,chrome.exe,5522,msedgewebview2.exe,6186,msedgewebview2.exe --utility-sub-type=network,signed,benign,normal browser activity
PROC-01171,2026-08-06T15:22:11Z,WEB-EDGE-01,ACME\admin.rpatel,taskeng.exe,8843,powershell.exe,7191,powershell.exe -File C:\Ops\Rotate-Logs.ps1,signed,benign,routine maintenance
PROC-00325,2026-08-06T15:41:48Z,APP-API-02,ACME\admin.rpatel,wsmprovhost.exe,3845,powershell.exe,5067,powershell.exe -File C:\Deploy\Install-Agent.ps1,signed,benign,approved deployment
PROC-00518,2026-08-06T15:42:10Z,ADMIN-WS-07,ACME\svc_backup,explorer.exe,4622,powershell.exe,8727,powershell.exe Get-Service,signed,benign,routine admin
PROC-00455,2026-08-06T15:53:21Z,WEB-EDGE-01,ACME\svc_deploy,services.exe,5448,backup-agent.exe,6800,backup-agent.exe --run,signed,benign,scheduled backup
PROC-01058,2026-08-06T16:14:29Z,ADMIN-WS-07,NT AUTHORITY\SYSTEM,chrome.exe,6379,msedgewebview2.exe,7256,msedgewebview2.exe --utility-sub-type=network,signed,benign,normal browser activity
PROC-00606,2026-08-06T16:21:28Z,APP-API-02,ACME\svc_deploy,taskeng.exe,2546,powershell.exe,14339,powershell.exe -File C:\Ops\Rotate-Logs.ps1,signed,benign,routine maintenance
PROC-00064,2026-08-06T16:24:41Z,WEB-EDGE-01,ACME\svc_backup,services.exe,5888,backup-agent.exe,11483,backup-agent.exe --run,signed,benign,scheduled backup
PROC-01268,2026-08-06T16:27:59Z,FILE-01,NT AUTHORITY\SYSTEM,services.exe,3076,backup-agent.exe,4379,backup-agent.exe --run,signed,benign,scheduled backup
PROC-00099,2026-08-06T16:28:45Z,FILE-01,ACME\admin.jlee,services.exe,2785,backup-agent.exe,11101,backup-agent.exe --run,signed,benign,scheduled backup
PROC-00910,2026-08-06T16:41:34Z,VULN-SCAN-01,ACME\admin.jlee,explorer.exe,4041,powershell.exe,12662,powershell.exe Get-Service,signed,benign,routine admin
PROC-00596,2026-08-06T16:44:50Z,WEB-EDGE-01,ACME\svc_deploy,explorer.exe,2635,powershell.exe,4319,powershell.exe Get-Service,signed,benign,routine admin
PROC-00809,2026-08-06T16:46:20Z,DEPLOY-01,ACME\admin.rpatel,services.exe,3409,backup-agent.exe,13714,backup-agent.exe --run,signed,benign,scheduled backup
PROC-00485,2026-08-06T16:51:11Z,DEPLOY-01,ACME\svc_deploy,explorer.exe,7532,powershell.exe,8631,powershell.exe Get-Service,signed,benign,routine admin
PROC-00368,2026-08-06T16:58:32Z,FILE-01,ACME\svc_deploy,wsmprovhost.exe,5450,powershell.exe,12017,powershell.exe -File C:\Deploy\Install-Agent.ps1,signed,benign,approved deployment
PROC-00830,2026-08-06T17:00:36Z,ADMIN-WS-07,NT AUTHORITY\SYSTEM,services.exe,5935,backup-agent.exe,11837,backup-agent.exe --run,signed,benign,scheduled backup
PROC-00784,2026-08-06T17:01:12Z,ADMIN-WS-11,NT AUTHORITY\SYSTEM,taskeng.exe,5752,powershell.exe,2895,powershell.exe -File C:\Ops\Rotate-Logs.ps1,signed,benign,routine maintenance
PROC-00465,2026-08-06T17:06:09Z,FILE-01,ACME\svc_deploy,chrome.exe,4520,msedgewebview2.exe,2570,msedgewebview2.exe --utility-sub-type=network,signed,benign,normal browser activity
PROC-00574,2026-08-06T17:11:22Z,DEPLOY-01,ACME\svc_backup,services.exe,3129,backup-agent.exe,2030,backup-agent.exe --run,signed,benign,scheduled backup
PROC-01038,2026-08-06T17:16:17Z,ADMIN-WS-11,ACME\admin.jlee,wsmprovhost.exe,5624,powershell.exe,3962,powershell.exe -File C:\Deploy\Install-Agent.ps1,signed,benign,approved deployment
PROC-01389,2026-08-06T17:16:30Z,WEB-EDGE-01,ACME\svc_backup,services.exe,410,backup-agent.exe,4183,backup-agent.exe --run,signed,benign,scheduled backup
PROC-00372,2026-08-06T17:18:28Z,WEB-EDGE-01,ACME\admin.rpatel,taskeng.exe,1665,powershell.exe,5832,powershell.exe -File C:\Ops\Rotate-Logs.ps1,signed,benign,routine maintenance
PROC-00633,2026-08-06T17:27:26Z,ADMIN-WS-11,ACME\svc_backup,taskeng.exe,3803,powershell.exe,11517,powershell.exe -File C:\Ops\Rotate-Logs.ps1,signed,benign,routine maintenance
PROC-01208,2026-08-06T17:49:05Z,VULN-SCAN-01,ACME\svc_deploy,services.exe,5377,backup-agent.exe,1161,backup-agent.exe --run,signed,benign,scheduled backup
PROC-01111,2026-08-06T17:50:40Z,DEPLOY-01,ACME\svc_deploy,wsmprovhost.exe,3460,powershell.exe,12455,powershell.exe -File C:\Deploy\Install-Agent.ps1,signed,benign,approved deployment
PROC-00286,2026-08-06T17:52:54Z,APP-API-02,ACME\svc_deploy,chrome.exe,5455,msedgewebview2.exe,13515,msedgewebview2.exe --utility-sub-type=network,signed,benign,normal browser activity
PROC-00215,2026-08-06T17:58:07Z,DEPLOY-01,ACME\admin.jlee,wsmprovhost.exe,2703,powershell.exe,5452,powershell.exe -File C:\Deploy\Install-Agent.ps1,signed,benign,approved deployment
PROC-00283,2026-08-06T18:18:47Z,WEB-EDGE-01,ACME\svc_backup,wsmprovhost.exe,962,powershell.exe,9944,powershell.exe -File C:\Deploy\Install-Agent.ps1,signed,benign,approved deployment
PROC-00579,2026-08-06T18:21:42Z,WEB-EDGE-01,ACME\admin.rpatel,services.exe,6825,backup-agent.exe,5891,backup-agent.exe --run,signed,benign,scheduled backup
PROC-00707,2026-08-06T18:22:49Z,FILE-01,ACME\svc_deploy,wsmprovhost.exe,1517,powershell.exe,3640,powershell.exe -File C:\Deploy\Install-Agent.ps1,signed,benign,approved deployment
PROC-01018,2026-08-06T18:33:31Z,APP-API-02,NT AUTHORITY\SYSTEM,wsmprovhost.exe,7424,powershell.exe,11071,powershell.exe -File C:\Deploy\Install-Agent.ps1,signed,benign,approved deployment
PROC-01363,2026-08-06T18:35:30Z,DEPLOY-01,NT AUTHORITY\SYSTEM,explorer.exe,8399,powershell.exe,13704,powershell.exe Get-Service,signed,benign,routine admin
PROC-00174,2026-08-06T18:36:53Z,WEB-EDGE-01,ACME\svc_backup,wsmprovhost.exe,2939,powershell.exe,4511,powershell.exe -File C:\Deploy\Install-Agent.ps1,signed,benign,approved deployment
PROC-01147,2026-08-06T18:50:51Z,WEB-EDGE-01,NT AUTHORITY\SYSTEM,chrome.exe,3534,msedgewebview2.exe,6121,msedgewebview2.exe --utility-sub-type=network,signed,benign,normal browser activity
PROC-01021,2026-08-06T18:51:11Z,ADMIN-WS-07,ACME\svc_backup,chrome.exe,4664,msedgewebview2.exe,9812,msedgewebview2.exe --utility-sub-type=network,signed,benign,normal browser activity
PROC-00898,2026-08-06T19:23:47Z,APP-API-02,ACME\svc_deploy,services.exe,2298,backup-agent.exe,13762,backup-agent.exe --run,signed,benign,scheduled backup
PROC-01014,2026-08-06T19:36:48Z,FILE-01,ACME\admin.jlee,chrome.exe,846,msedgewebview2.exe,9827,msedgewebview2.exe --utility-sub-type=network,signed,benign,normal browser activity
PROC-00144,2026-08-06T19:41:34Z,FILE-01,ACME\svc_deploy,explorer.exe,8126,powershell.exe,3649,powershell.exe Get-Service,signed,benign,routine admin
PROC-00448,2026-08-06T19:42:36Z,DEPLOY-01,ACME\svc_backup,explorer.exe,7817,powershell.exe,6744,powershell.exe Get-Service,signed,benign,routine admin
PROC-00561,2026-08-06T19:53:47Z,FILE-01,ACME\svc_backup,taskeng.exe,533,powershell.exe,5304,powershell.exe -File C:\Ops\Rotate-Logs.ps1,signed,benign,routine maintenance
PROC-01084,2026-08-06T20:04:11Z,FILE-01,NT AUTHORITY\SYSTEM,explorer.exe,3857,powershell.exe,9389,powershell.exe Get-Service,signed,benign,routine admin
PROC-01007,2026-08-06T20:14:38Z,ADMIN-WS-11,ACME\admin.jlee,chrome.exe,4077,msedgewebview2.exe,9962,msedgewebview2.exe --utility-sub-type=network,signed,benign,normal browser activity
PROC-00468,2026-08-06T20:18:41Z,APP-API-02,ACME\svc_backup,wsmprovhost.exe,2704,powershell.exe,8568,powershell.exe -File C:\Deploy\Install-Agent.ps1,signed,benign,approved deployment
PROC-01426,2026-08-06T20:47:35Z,APP-API-02,ACME\admin.rpatel,taskeng.exe,2200,powershell.exe,10667,powershell.exe -File C:\Ops\Rotate-Logs.ps1,signed,benign,routine maintenance
PROC-01213,2026-08-06T20:47:56Z,ADMIN-WS-07,ACME\svc_backup,taskeng.exe,1014,powershell.exe,3122,powershell.exe -File C:\Ops\Rotate-Logs.ps1,signed,benign,routine maintenance
PROC-00968,2026-08-06T20:51:01Z,ADMIN-WS-11,ACME\admin.rpatel,taskeng.exe,8542,powershell.exe,1747,powershell.exe -File C:\Ops\Rotate-Logs.ps1,signed,benign,routine maintenance
PROC-00427,2026-08-06T20:56:23Z,DEPLOY-01,ACME\svc_deploy,explorer.exe,5479,powershell.exe,10410,powershell.exe Get-Service,signed,benign,routine admin
PROC-00046,2026-08-06T20:57:44Z,WEB-EDGE-01,ACME\admin.rpatel,taskeng.exe,2271,powershell.exe,8993,powershell.exe -File C:\Ops\Rotate-Logs.ps1,signed,benign,routine maintenance
PROC-01033,2026-08-06T21:01:05Z,DEPLOY-01,ACME\admin.jlee,explorer.exe,5337,powershell.exe,9722,powershell.exe Get-Service,signed,benign,routine admin
PROC-00370,2026-08-06T21:21:19Z,VULN-SCAN-01,ACME\admin.jlee,chrome.exe,7544,msedgewebview2.exe,6296,msedgewebview2.exe --utility-sub-type=network,signed,benign,normal browser activity
PROC-01439,2026-08-06T21:26:21Z,FILE-01,ACME\svc_backup,taskeng.exe,8571,powershell.exe,3427,powershell.exe -File C:\Ops\Rotate-Logs.ps1,signed,benign,routine maintenance
PROC-01249,2026-08-06T21:27:01Z,FILE-01,ACME\admin.jlee,taskeng.exe,2900,powershell.exe,14878,powershell.exe -File C:\Ops\Rotate-Logs.ps1,signed,benign,routine maintenance
PROC-01048,2026-08-06T21:37:31Z,DEPLOY-01,ACME\svc_backup,explorer.exe,8685,powershell.exe,9838,powershell.exe Get-Service,signed,benign,routine admin
PROC-00842,2026-08-06T21:39:25Z,ADMIN-WS-07,NT AUTHORITY\SYSTEM,taskeng.exe,6750,powershell.exe,9411,powershell.exe -File C:\Ops\Rotate-Logs.ps1,signed,benign,routine maintenance
PROC-00008,2026-08-06T21:47:18Z,ADMIN-WS-07,ACME\svc_deploy,chrome.exe,1508,msedgewebview2.exe,2160,msedgewebview2.exe --utility-sub-type=network,signed,benign,normal browser activity
PROC-00165,2026-08-06T21:47:39Z,ADMIN-WS-07,NT AUTHORITY\SYSTEM,taskeng.exe,2050,powershell.exe,9022,powershell.exe -File C:\Ops\Rotate-Logs.ps1,signed,benign,routine maintenance
PROC-00871,2026-08-06T21:48:37Z,ADMIN-WS-07,ACME\admin.jlee,chrome.exe,1191,msedgewebview2.exe,3226,msedgewebview2.exe --utility-sub-type=network,signed,benign,normal browser activity
PROC-00230,2026-08-06T21:49:36Z,FILE-01,NT AUTHORITY\SYSTEM,wsmprovhost.exe,4768,powershell.exe,11595,powershell.exe -File C:\Deploy\Install-Agent.ps1,signed,benign,approved deployment
PROC-01016,2026-08-06T21:59:46Z,APP-API-02,ACME\svc_deploy,taskeng.exe,4673,powershell.exe,6065,powershell.exe -File C:\Ops\Rotate-Logs.ps1,signed,benign,routine maintenance
PROC-00976,2026-08-06T22:00:51Z,APP-API-02,NT AUTHORITY\SYSTEM,chrome.exe,6335,msedgewebview2.exe,8855,msedgewebview2.exe --utility-sub-type=network,signed,benign,normal browser activity
PROC-00878,2026-08-06T22:23:24Z,ADMIN-WS-07,ACME\admin.rpatel,taskeng.exe,6988,powershell.exe,7905,powershell.exe -File C:\Ops\Rotate-Logs.ps1,signed,benign,routine maintenance
PROC-01295,2026-08-06T22:26:39Z,APP-API-02,ACME\svc_backup,explorer.exe,8338,powershell.exe,12665,powershell.exe Get-Service,signed,benign,routine admin
PROC-00896,2026-08-06T22:31:59Z,ADMIN-WS-11,ACME\svc_backup,taskeng.exe,745,powershell.exe,8723,powershell.exe -File C:\Ops\Rotate-Logs.ps1,signed,benign,routine maintenance
PROC-00489,2026-08-06T22:48:25Z,APP-API-02,ACME\admin.jlee,explorer.exe,3720,powershell.exe,12170,powershell.exe Get-Service,signed,benign,routine admin
PROC-00739,2026-08-06T22:53:32Z,APP-API-02,ACME\svc_backup,services.exe,5910,backup-agent.exe,5639,backup-agent.exe --run,signed,benign,scheduled backup
PROC-00397,2026-08-06T23:01:52Z,APP-API-02,NT AUTHORITY\SYSTEM,services.exe,2433,backup-agent.exe,5887,backup-agent.exe --run,signed,benign,scheduled backup
PROC-00464,2026-08-06T23:03:47Z,ADMIN-WS-07,NT AUTHORITY\SYSTEM,taskeng.exe,7140,powershell.exe,2079,powershell.exe -File C:\Ops\Rotate-Logs.ps1,signed,benign,routine maintenance
PROC-00682,2026-08-06T23:05:51Z,DEPLOY-01,ACME\svc_backup,taskeng.exe,667,powershell.exe,1825,powershell.exe -File C:\Ops\Rotate-Logs.ps1,signed,benign,routine maintenance
PROC-00329,2026-08-06T23:07:05Z,FILE-01,ACME\admin.jlee,explorer.exe,1717,powershell.exe,9233,powershell.exe Get-Service,signed,benign,routine admin
PROC-00367,2026-08-06T23:12:45Z,FILE-01,ACME\admin.jlee,services.exe,4250,backup-agent.exe,9814,backup-agent.exe --run,signed,benign,scheduled backup
PROC-00761,2026-08-06T23:22:56Z,VULN-SCAN-01,NT AUTHORITY\SYSTEM,chrome.exe,909,msedgewebview2.exe,10813,msedgewebview2.exe --utility-sub-type=network,signed,benign,normal browser activity
PROC-00907,2026-08-06T23:28:05Z,WEB-EDGE-01,NT AUTHORITY\SYSTEM,chrome.exe,8306,msedgewebview2.exe,4686,msedgewebview2.exe --utility-sub-type=network,signed,benign,normal browser activity
PROC-00570,2026-08-06T23:28:15Z,FILE-01,ACME\admin.rpatel,explorer.exe,5847,powershell.exe,4844,powershell.exe Get-Service,signed,benign,routine admin
PROC-00012,2026-08-06T23:36:59Z,DEPLOY-01,ACME\admin.rpatel,taskeng.exe,1210,powershell.exe,5139,powershell.exe -File C:\Ops\Rotate-Logs.ps1,signed,benign,routine maintenance
PROC-00770,2026-08-06T23:46:53Z,VULN-SCAN-01,ACME\admin.jlee,explorer.exe,7803,powershell.exe,4591,powershell.exe Get-Service,signed,benign,routine admin
PROC-00238,2026-08-06T23:48:08Z,ADMIN-WS-11,ACME\admin.rpatel,explorer.exe,7709,powershell.exe,6952,powershell.exe Get-Service,signed,benign,routine admin
PROC-01250,2026-08-06T23:51:10Z,ADMIN-WS-11,ACME\admin.rpatel,explorer.exe,1267,powershell.exe,3760,powershell.exe Get-Service,signed,benign,routine admin
PROC-00506,2026-08-06T23:52:24Z,DEPLOY-01,ACME\admin.jlee,explorer.exe,3312,powershell.exe,10900,powershell.exe Get-Service,signed,benign,routine admin
PROC-00847,2026-08-06T23:53:27Z,ADMIN-WS-07,ACME\svc_backup,chrome.exe,7435,msedgewebview2.exe,12516,msedgewebview2.exe --utility-sub-type=network,signed,benign,normal browser activity
PROC-01082,2026-08-06T23:59:54Z,ADMIN-WS-11,ACME\svc_deploy,wsmprovhost.exe,322,powershell.exe,5365,powershell.exe -File C:\Deploy\Install-Agent.ps1,signed,benign,approved deployment
PROC-01190,2026-08-07T00:02:43Z,DEPLOY-01,NT AUTHORITY\SYSTEM,explorer.exe,2043,powershell.exe,3463,powershell.exe Get-Service,signed,benign,routine admin
PROC-00919,2026-08-07T00:03:19Z,FILE-01,ACME\svc_deploy,explorer.exe,7367,powershell.exe,14855,powershell.exe Get-Service,signed,benign,routine admin
PROC-01377,2026-08-07T00:11:04Z,FILE-01,ACME\svc_deploy,chrome.exe,3056,msedgewebview2.exe,5935,msedgewebview2.exe --utility-sub-type=network,signed,benign,normal browser activity
PROC-00304,2026-08-07T00:25:31Z,ADMIN-WS-07,NT AUTHORITY\SYSTEM,wsmprovhost.exe,2004,powershell.exe,1526,powershell.exe -File C:\Deploy\Install-Agent.ps1,signed,benign,approved deployment
PROC-01059,2026-08-07T00:30:01Z,VULN-SCAN-01,ACME\svc_deploy,chrome.exe,964,msedgewebview2.exe,8896,msedgewebview2.exe --utility-sub-type=network,signed,benign,normal browser activity
PROC-01356,2026-08-07T00:49:52Z,DEPLOY-01,ACME\svc_deploy,taskeng.exe,1069,powershell.exe,3314,powershell.exe -File C:\Ops\Rotate-Logs.ps1,signed,benign,routine maintenance
PROC-00546,2026-08-07T00:50:27Z,FILE-01,ACME\admin.rpatel,services.exe,3543,backup-agent.exe,4118,backup-agent.exe --run,signed,benign,scheduled backup
PROC-00069,2026-08-07T00:51:54Z,WEB-EDGE-01,ACME\admin.rpatel,taskeng.exe,979,powershell.exe,13830,powershell.exe -File C:\Ops\Rotate-Logs.ps1,signed,benign,routine maintenance
PROC-01365,2026-08-07T01:19:12Z,WEB-EDGE-01,NT AUTHORITY\SYSTEM,explorer.exe,7387,powershell.exe,10533,powershell.exe Get-Service,signed,benign,routine admin
PROC-00337,2026-08-07T01:34:46Z,FILE-01,ACME\svc_deploy,taskeng.exe,1302,powershell.exe,11968,powershell.exe -File C:\Ops\Rotate-Logs.ps1,signed,benign,routine maintenance
PROC-00350,2026-08-07T01:36:26Z,DEPLOY-01,ACME\svc_deploy,explorer.exe,1389,powershell.exe,1287,powershell.exe Get-Service,signed,benign,routine admin
PROC-00615,2026-08-07T01:36:33Z,FILE-01,ACME\svc_backup,explorer.exe,6762,powershell.exe,14050,powershell.exe Get-Service,signed,benign,routine admin
PROC-00324,2026-08-07T01:39:44Z,ADMIN-WS-11,ACME\admin.rpatel,chrome.exe,860,msedgewebview2.exe,14326,msedgewebview2.exe --utility-sub-type=network,signed,benign,normal browser activity
PROC-00411,2026-08-07T01:46:18Z,ADMIN-WS-11,ACME\svc_deploy,taskeng.exe,2813,powershell.exe,7204,powershell.exe -File C:\Ops\Rotate-Logs.ps1,signed,benign,routine maintenance
PROC-01081,2026-08-07T01:46:23Z,ADMIN-WS-07,ACME\svc_deploy,explorer.exe,7878,powershell.exe,5091,powershell.exe Get-Service,signed,benign,routine admin
PROC-01297,2026-08-07T01:52:39Z,WEB-EDGE-01,NT AUTHORITY\SYSTEM,chrome.exe,5199,msedgewebview2.exe,10076,msedgewebview2.exe --utility-sub-type=network,signed,benign,normal browser activity
PROC-01454,2026-08-07T02:00:04Z,WEB-EDGE-01,ACME\admin.rpatel,wsmprovhost.exe,7443,powershell.exe,4910,powershell.exe -File C:\Deploy\Install-Agent.ps1,signed,benign,approved deployment
PROC-00265,2026-08-07T02:01:16Z,VULN-SCAN-01,ACME\svc_deploy,wsmprovhost.exe,4824,powershell.exe,11310,powershell.exe -File C:\Deploy\Install-Agent.ps1,signed,benign,approved deployment
PROC-00484,2026-08-07T02:04:35Z,FILE-01,ACME\svc_backup,chrome.exe,6992,msedgewebview2.exe,13377,msedgewebview2.exe --utility-sub-type=network,signed,benign,normal browser activity
PROC-01153,2026-08-07T02:04:50Z,ADMIN-WS-07,ACME\admin.jlee,explorer.exe,3586,powershell.exe,8908,powershell.exe Get-Service,signed,benign,routine admin
PROC-00611,2026-08-07T02:44:08Z,WEB-EDGE-01,ACME\svc_deploy,explorer.exe,3496,powershell.exe,8092,powershell.exe Get-Service,signed,benign,routine admin
PROC-00068,2026-08-07T02:46:37Z,VULN-SCAN-01,ACME\admin.jlee,services.exe,640,backup-agent.exe,10918,backup-agent.exe --run,signed,benign,scheduled backup
PROC-00309,2026-08-07T02:48:52Z,FILE-01,ACME\admin.jlee,wsmprovhost.exe,5817,powershell.exe,2588,powershell.exe -File C:\Deploy\Install-Agent.ps1,signed,benign,approved deployment
PROC-00904,2026-08-07T02:52:21Z,DEPLOY-01,NT AUTHORITY\SYSTEM,chrome.exe,6710,msedgewebview2.exe,3707,msedgewebview2.exe --utility-sub-type=network,signed,benign,normal browser activity
PROC-00097,2026-08-07T03:13:39Z,WEB-EDGE-01,ACME\admin.jlee,explorer.exe,5931,powershell.exe,1753,powershell.exe Get-Service,signed,benign,routine admin
PROC-00133,2026-08-07T03:17:58Z,WEB-EDGE-01,ACME\svc_deploy,taskeng.exe,4418,powershell.exe,4349,powershell.exe -File C:\Ops\Rotate-Logs.ps1,signed,benign,routine maintenance
PROC-00957,2026-08-07T03:18:37Z,VULN-SCAN-01,ACME\svc_deploy,taskeng.exe,3796,powershell.exe,3536,powershell.exe -File C:\Ops\Rotate-Logs.ps1,signed,benign,routine maintenance
PROC-00526,2026-08-07T03:23:45Z,DEPLOY-01,NT AUTHORITY\SYSTEM,explorer.exe,3180,powershell.exe,9916,powershell.exe Get-Service,signed,benign,routine admin
PROC-00410,2026-08-07T03:33:33Z,ADMIN-WS-11,ACME\admin.jlee,explorer.exe,4500,powershell.exe,11599,powershell.exe Get-Service,signed,benign,routine admin
PROC-01265,2026-08-07T03:35:43Z,FILE-01,ACME\admin.rpatel,chrome.exe,8002,msedgewebview2.exe,1540,msedgewebview2.exe --utility-sub-type=network,signed,benign,normal browser activity
PROC-00710,2026-08-07T03:38:49Z,ADMIN-WS-11,ACME\svc_deploy,wsmprovhost.exe,995,powershell.exe,14073,powershell.exe -File C:\Deploy\Install-Agent.ps1,signed,benign,approved deployment
PROC-00471,2026-08-07T03:42:07Z,WEB-EDGE-01,NT AUTHORITY\SYSTEM,services.exe,6538,backup-agent.exe,4561,backup-agent.exe --run,signed,benign,scheduled backup
PROC-01184,2026-08-07T03:55:28Z,ADMIN-WS-11,ACME\svc_backup,taskeng.exe,7976,powershell.exe,13418,powershell.exe -File C:\Ops\Rotate-Logs.ps1,signed,benign,routine maintenance
PROC-00880,2026-08-07T03:55:43Z,WEB-EDGE-01,NT AUTHORITY\SYSTEM,wsmprovhost.exe,2275,powershell.exe,12926,powershell.exe -File C:\Deploy\Install-Agent.ps1,signed,benign,approved deployment
PROC-00075,2026-08-07T03:57:37Z,WEB-EDGE-01,ACME\svc_backup,taskeng.exe,1266,powershell.exe,14445,powershell.exe -File C:\Ops\Rotate-Logs.ps1,signed,benign,routine maintenance
PROC-01427,2026-08-07T04:09:59Z,FILE-01,NT AUTHORITY\SYSTEM,chrome.exe,6261,msedgewebview2.exe,10947,msedgewebview2.exe --utility-sub-type=network,signed,benign,normal browser activity
PROC-01124,2026-08-07T04:19:28Z,FILE-01,ACME\admin.jlee,explorer.exe,5943,powershell.exe,7780,powershell.exe Get-Service,signed,benign,routine admin
PROC-00502,2026-08-07T04:56:33Z,FILE-01,ACME\admin.rpatel,services.exe,3585,backup-agent.exe,12193,backup-agent.exe --run,signed,benign,scheduled backup
PROC-00261,2026-08-07T05:07:46Z,VULN-SCAN-01,ACME\svc_deploy,wsmprovhost.exe,1082,powershell.exe,14648,powershell.exe -File C:\Deploy\Install-Agent.ps1,signed,benign,approved deployment
PROC-00991,2026-08-07T05:11:51Z,ADMIN-WS-11,ACME\admin.rpatel,taskeng.exe,2350,powershell.exe,2261,powershell.exe -File C:\Ops\Rotate-Logs.ps1,signed,benign,routine maintenance
PROC-01086,2026-08-07T05:12:20Z,ADMIN-WS-07,ACME\admin.jlee,services.exe,3791,backup-agent.exe,3708,backup-agent.exe --run,signed,benign,scheduled backup
PROC-00015,2026-08-07T05:15:01Z,DEPLOY-01,ACME\admin.rpatel,explorer.exe,3563,powershell.exe,9517,powershell.exe Get-Service,signed,benign,routine admin
PROC-00766,2026-08-07T05:32:17Z,APP-API-02,ACME\admin.jlee,explorer.exe,7008,powershell.exe,10419,powershell.exe Get-Service,signed,benign,routine admin
PROC-00026,2026-08-07T05:55:42Z,FILE-01,ACME\svc_deploy,chrome.exe,3660,msedgewebview2.exe,14163,msedgewebview2.exe --utility-sub-type=network,signed,benign,normal browser activity
PROC-00859,2026-08-07T05:56:04Z,APP-API-02,ACME\svc_deploy,services.exe,3487,backup-agent.exe,1075,backup-agent.exe --run,signed,benign,scheduled backup
PROC-00218,2026-08-07T05:58:39Z,APP-API-02,ACME\admin.rpatel,explorer.exe,3710,powershell.exe,1965,powershell.exe Get-Service,signed,benign,routine admin
PROC-01186,2026-08-07T06:09:12Z,ADMIN-WS-11,NT AUTHORITY\SYSTEM,explorer.exe,4624,powershell.exe,11304,powershell.exe Get-Service,signed,benign,routine admin
PROC-01362,2026-08-07T06:21:12Z,ADMIN-WS-07,NT AUTHORITY\SYSTEM,services.exe,530,backup-agent.exe,1828,backup-agent.exe --run,signed,benign,scheduled backup
PROC-00933,2026-08-07T06:29:48Z,ADMIN-WS-07,ACME\admin.jlee,chrome.exe,8545,msedgewebview2.exe,13810,msedgewebview2.exe --utility-sub-type=network,signed,benign,normal browser activity
PROC-00225,2026-08-07T06:33:36Z,ADMIN-WS-11,NT AUTHORITY\SYSTEM,chrome.exe,5869,msedgewebview2.exe,8796,msedgewebview2.exe --utility-sub-type=network,signed,benign,normal browser activity
PROC-00775,2026-08-07T06:35:54Z,ADMIN-WS-11,NT AUTHORITY\SYSTEM,explorer.exe,1429,powershell.exe,9205,powershell.exe Get-Service,signed,benign,routine admin
PROC-00736,2026-08-07T06:36:47Z,APP-API-02,NT AUTHORITY\SYSTEM,taskeng.exe,1310,powershell.exe,1887,powershell.exe -File C:\Ops\Rotate-Logs.ps1,signed,benign,routine maintenance
PROC-00391,2026-08-07T06:37:24Z,ADMIN-WS-07,ACME\svc_deploy,services.exe,8176,backup-agent.exe,4447,backup-agent.exe --run,signed,benign,scheduled backup
PROC-00776,2026-08-07T06:49:08Z,ADMIN-WS-07,NT AUTHORITY\SYSTEM,explorer.exe,757,powershell.exe,12942,powershell.exe Get-Service,signed,benign,routine admin
PROC-01345,2026-08-07T06:50:56Z,VULN-SCAN-01,NT AUTHORITY\SYSTEM,chrome.exe,3836,msedgewebview2.exe,6081,msedgewebview2.exe --utility-sub-type=network,signed,benign,normal browser activity
PROC-00101,2026-08-07T06:52:34Z,DEPLOY-01,ACME\admin.jlee,explorer.exe,1683,powershell.exe,4452,powershell.exe Get-Service,signed,benign,routine admin
PROC-00234,2026-08-07T07:22:05Z,WEB-EDGE-01,ACME\svc_deploy,taskeng.exe,3248,powershell.exe,11572,powershell.exe -File C:\Ops\Rotate-Logs.ps1,signed,benign,routine maintenance
PROC-00860,2026-08-07T07:23:05Z,VULN-SCAN-01,ACME\svc_deploy,wsmprovhost.exe,7991,powershell.exe,10227,powershell.exe -File C:\Deploy\Install-Agent.ps1,signed,benign,approved deployment
PROC-01100,2026-08-07T07:31:19Z,FILE-01,ACME\svc_deploy,taskeng.exe,1930,powershell.exe,6384,powershell.exe -File C:\Ops\Rotate-Logs.ps1,signed,benign,routine maintenance
PROC-01040,2026-08-07T07:37:28Z,DEPLOY-01,ACME\svc_deploy,services.exe,5613,backup-agent.exe,5790,backup-agent.exe --run,signed,benign,scheduled backup
PROC-00646,2026-08-07T07:49:05Z,WEB-EDGE-01,NT AUTHORITY\SYSTEM,wsmprovhost.exe,3934,powershell.exe,4403,powershell.exe -File C:\Deploy\Install-Agent.ps1,signed,benign,approved deployment
PROC-00690,2026-08-07T07:54:10Z,FILE-01,ACME\admin.rpatel,wsmprovhost.exe,8373,powershell.exe,11487,powershell.exe -File C:\Deploy\Install-Agent.ps1,signed,benign,approved deployment
PROC-00555,2026-08-07T08:01:16Z,ADMIN-WS-07,ACME\admin.rpatel,wsmprovhost.exe,7375,powershell.exe,4485,powershell.exe -File C:\Deploy\Install-Agent.ps1,signed,benign,approved deployment
PROC-00216,2026-08-07T08:06:03Z,DEPLOY-01,ACME\admin.jlee,wsmprovhost.exe,7777,powershell.exe,4851,powershell.exe -File C:\Deploy\Install-Agent.ps1,signed,benign,approved deployment
PROC-01440,2026-08-07T08:08:54Z,WEB-EDGE-01,ACME\svc_deploy,taskeng.exe,908,powershell.exe,1712,powershell.exe -File C:\Ops\Rotate-Logs.ps1,signed,benign,routine maintenance
PROC-00578,2026-08-07T08:33:09Z,ADMIN-WS-07,NT AUTHORITY\SYSTEM,services.exe,7422,backup-agent.exe,11979,backup-agent.exe --run,signed,benign,scheduled backup
PROC-01029,2026-08-07T08:39:40Z,ADMIN-WS-07,ACME\admin.jlee,explorer.exe,7436,powershell.exe,12361,powershell.exe Get-Service,signed,benign,routine admin
PROC-00430,2026-08-07T08:49:09Z,DEPLOY-01,ACME\admin.rpatel,chrome.exe,2413,msedgewebview2.exe,9874,msedgewebview2.exe --utility-sub-type=network,signed,benign,normal browser activity
PROC-00428,2026-08-07T08:57:12Z,ADMIN-WS-07,ACME\admin.rpatel,chrome.exe,7639,msedgewebview2.exe,4465,msedgewebview2.exe --utility-sub-type=network,signed,benign,normal browser activity
PROC-01355,2026-08-07T09:02:35Z,ADMIN-WS-11,ACME\svc_backup,services.exe,7062,backup-agent.exe,6324,backup-agent.exe --run,signed,benign,scheduled backup
PROC-00720,2026-08-07T09:13:24Z,DEPLOY-01,NT AUTHORITY\SYSTEM,wsmprovhost.exe,5279,powershell.exe,14550,powershell.exe -File C:\Deploy\Install-Agent.ps1,signed,benign,approved deployment
PROC-00392,2026-08-07T09:37:55Z,DEPLOY-01,NT AUTHORITY\SYSTEM,taskeng.exe,6233,powershell.exe,9519,powershell.exe -File C:\Ops\Rotate-Logs.ps1,signed,benign,routine maintenance
PROC-00974,2026-08-07T09:54:07Z,ADMIN-WS-07,ACME\admin.jlee,wsmprovhost.exe,2327,powershell.exe,6692,powershell.exe -File C:\Deploy\Install-Agent.ps1,signed,benign,approved deployment
PROC-00962,2026-08-07T10:00:05Z,APP-API-02,ACME\svc_backup,explorer.exe,3027,powershell.exe,12432,powershell.exe Get-Service,signed,benign,routine admin
PROC-00018,2026-08-07T10:10:49Z,VULN-SCAN-01,NT AUTHORITY\SYSTEM,services.exe,4351,backup-agent.exe,6555,backup-agent.exe --run,signed,benign,scheduled backup
PROC-01062,2026-08-07T10:10:52Z,WEB-EDGE-01,NT AUTHORITY\SYSTEM,services.exe,1114,backup-agent.exe,14352,backup-agent.exe --run,signed,benign,scheduled backup
PROC-00361,2026-08-07T10:11:43Z,VULN-SCAN-01,ACME\admin.rpatel,chrome.exe,4644,msedgewebview2.exe,9046,msedgewebview2.exe --utility-sub-type=network,signed,benign,normal browser activity
PROC-00001,2026-08-07T10:14:30Z,FILE-01,ACME\svc_deploy,services.exe,1342,backup-agent.exe,14146,backup-agent.exe --run,signed,benign,scheduled backup
PROC-01354,2026-08-07T10:24:35Z,DEPLOY-01,ACME\admin.rpatel,services.exe,2771,backup-agent.exe,3537,backup-agent.exe --run,signed,benign,scheduled backup
PROC-00273,2026-08-07T10:25:10Z,DEPLOY-01,ACME\admin.jlee,explorer.exe,3159,powershell.exe,5824,powershell.exe Get-Service,signed,benign,routine admin
PROC-00683,2026-08-07T10:30:54Z,WEB-EDGE-01,NT AUTHORITY\SYSTEM,services.exe,8825,backup-agent.exe,11716,backup-agent.exe --run,signed,benign,scheduled backup
PROC-01041,2026-08-07T10:48:13Z,ADMIN-WS-11,ACME\admin.jlee,explorer.exe,3572,powershell.exe,6859,powershell.exe Get-Service,signed,benign,routine admin
PROC-01245,2026-08-07T10:48:30Z,ADMIN-WS-07,ACME\svc_backup,services.exe,8847,backup-agent.exe,9900,backup-agent.exe --run,signed,benign,scheduled backup
PROC-00911,2026-08-07T10:51:39Z,ADMIN-WS-07,NT AUTHORITY\SYSTEM,wsmprovhost.exe,380,powershell.exe,2285,powershell.exe -File C:\Deploy\Install-Agent.ps1,signed,benign,approved deployment
PROC-01027,2026-08-07T10:57:00Z,FILE-01,NT AUTHORITY\SYSTEM,chrome.exe,4751,msedgewebview2.exe,11233,msedgewebview2.exe --utility-sub-type=network,signed,benign,normal browser activity
PROC-00691,2026-08-07T11:07:08Z,FILE-01,NT AUTHORITY\SYSTEM,taskeng.exe,7427,powershell.exe,8082,powershell.exe -File C:\Ops\Rotate-Logs.ps1,signed,benign,routine maintenance
PROC-01219,2026-08-07T11:16:22Z,WEB-EDGE-01,ACME\admin.jlee,wsmprovhost.exe,5709,powershell.exe,9081,powershell.exe -File C:\Deploy\Install-Agent.ps1,signed,benign,approved deployment
PROC-01001,2026-08-07T11:17:53Z,ADMIN-WS-07,ACME\svc_backup,wsmprovhost.exe,2314,powershell.exe,5734,powershell.exe -File C:\Deploy\Install-Agent.ps1,signed,benign,approved deployment
PROC-00854,2026-08-07T11:18:53Z,ADMIN-WS-07,ACME\admin.rpatel,taskeng.exe,6607,powershell.exe,4354,powershell.exe -File C:\Ops\Rotate-Logs.ps1,signed,benign,routine maintenance
PROC-01103,2026-08-07T11:23:54Z,WEB-EDGE-01,ACME\admin.jlee,explorer.exe,7190,powershell.exe,7296,powershell.exe Get-Service,signed,benign,routine admin
PROC-00023,2026-08-07T11:38:00Z,ADMIN-WS-07,NT AUTHORITY\SYSTEM,explorer.exe,8265,powershell.exe,12360,powershell.exe Get-Service,signed,benign,routine admin
PROC-00963,2026-08-07T11:46:18Z,APP-API-02,ACME\admin.rpatel,wsmprovhost.exe,4355,powershell.exe,2749,powershell.exe -File C:\Deploy\Install-Agent.ps1,signed,benign,approved deployment
PROC-00603,2026-08-07T11:50:46Z,ADMIN-WS-11,NT AUTHORITY\SYSTEM,explorer.exe,5080,powershell.exe,4575,powershell.exe Get-Service,signed,benign,routine admin
PROC-00204,2026-08-07T11:53:22Z,ADMIN-WS-07,ACME\svc_backup,services.exe,5071,backup-agent.exe,1366,backup-agent.exe --run,signed,benign,scheduled backup
PROC-00705,2026-08-07T11:56:42Z,APP-API-02,ACME\svc_backup,services.exe,7943,backup-agent.exe,2490,backup-agent.exe --run,signed,benign,scheduled backup
PROC-00363,2026-08-07T12:05:09Z,APP-API-02,ACME\svc_deploy,wsmprovhost.exe,2556,powershell.exe,9711,powershell.exe -File C:\Deploy\Install-Agent.ps1,signed,benign,approved deployment
PROC-00879,2026-08-07T12:13:30Z,VULN-SCAN-01,ACME\admin.rpatel,services.exe,4990,backup-agent.exe,7563,backup-agent.exe --run,signed,benign,scheduled backup
PROC-00868,2026-08-07T12:26:43Z,ADMIN-WS-07,ACME\svc_backup,taskeng.exe,6402,powershell.exe,14997,powershell.exe -File C:\Ops\Rotate-Logs.ps1,signed,benign,routine maintenance
PROC-01065,2026-08-07T12:54:52Z,ADMIN-WS-07,ACME\svc_backup,chrome.exe,5878,msedgewebview2.exe,13903,msedgewebview2.exe --utility-sub-type=network,signed,benign,normal browser activity
PROC-00242,2026-08-07T13:10:45Z,ADMIN-WS-11,ACME\svc_deploy,explorer.exe,1768,powershell.exe,4294,powershell.exe Get-Service,signed,benign,routine admin
PROC-00185,2026-08-07T13:10:51Z,FILE-01,ACME\svc_deploy,wsmprovhost.exe,339,powershell.exe,1865,powershell.exe -File C:\Deploy\Install-Agent.ps1,signed,benign,approved deployment
PROC-00936,2026-08-07T13:17:19Z,ADMIN-WS-11,ACME\admin.jlee,taskeng.exe,1238,powershell.exe,6672,powershell.exe -File C:\Ops\Rotate-Logs.ps1,signed,benign,routine maintenance
PROC-00812,2026-08-07T13:29:51Z,WEB-EDGE-01,NT AUTHORITY\SYSTEM,chrome.exe,2509,msedgewebview2.exe,3200,msedgewebview2.exe --utility-sub-type=network,signed,benign,normal browser activity
PROC-00949,2026-08-07T13:33:45Z,DEPLOY-01,NT AUTHORITY\SYSTEM,wsmprovhost.exe,4519,powershell.exe,11227,powershell.exe -File C:\Deploy\Install-Agent.ps1,signed,benign,approved deployment
PROC-01123,2026-08-07T13:40:36Z,ADMIN-WS-07,ACME\svc_deploy,wsmprovhost.exe,4554,powershell.exe,12972,powershell.exe -File C:\Deploy\Install-Agent.ps1,signed,benign,approved deployment
PROC-01134,2026-08-07T13:45:05Z,DEPLOY-01,NT AUTHORITY\SYSTEM,services.exe,6635,backup-agent.exe,7998,backup-agent.exe --run,signed,benign,scheduled backup
PROC-00452,2026-08-07T13:46:25Z,APP-API-02,ACME\admin.rpatel,explorer.exe,487,powershell.exe,3751,powershell.exe Get-Service,signed,benign,routine admin
PROC-01396,2026-08-07T13:53:20Z,VULN-SCAN-01,NT AUTHORITY\SYSTEM,taskeng.exe,1425,powershell.exe,9662,powershell.exe -File C:\Ops\Rotate-Logs.ps1,signed,benign,routine maintenance
PROC-00541,2026-08-07T14:01:20Z,WEB-EDGE-01,ACME\svc_backup,explorer.exe,1307,powershell.exe,10307,powershell.exe Get-Service,signed,benign,routine admin
PROC-00575,2026-08-07T14:02:00Z,DEPLOY-01,ACME\svc_deploy,explorer.exe,788,powershell.exe,10417,powershell.exe Get-Service,signed,benign,routine admin
PROC-01415,2026-08-07T14:13:58Z,VULN-SCAN-01,NT AUTHORITY\SYSTEM,chrome.exe,7202,msedgewebview2.exe,7308,msedgewebview2.exe --utility-sub-type=network,signed,benign,normal browser activity
PROC-01071,2026-08-07T14:16:41Z,ADMIN-WS-07,NT AUTHORITY\SYSTEM,explorer.exe,5246,powershell.exe,6530,powershell.exe Get-Service,signed,benign,routine admin
PROC-00827,2026-08-07T14:17:15Z,APP-API-02,ACME\admin.rpatel,explorer.exe,4072,powershell.exe,11875,powershell.exe Get-Service,signed,benign,routine admin
PROC-01012,2026-08-07T14:20:49Z,FILE-01,ACME\admin.rpatel,wsmprovhost.exe,565,powershell.exe,11971,powershell.exe -File C:\Deploy\Install-Agent.ps1,signed,benign,approved deployment
PROC-00277,2026-08-07T14:31:46Z,DEPLOY-01,ACME\svc_backup,wsmprovhost.exe,8310,powershell.exe,3684,powershell.exe -File C:\Deploy\Install-Agent.ps1,signed,benign,approved deployment
PROC-00435,2026-08-07T14:34:05Z,ADMIN-WS-11,NT AUTHORITY\SYSTEM,taskeng.exe,2483,powershell.exe,8519,powershell.exe -File C:\Ops\Rotate-Logs.ps1,signed,benign,routine maintenance
PROC-00754,2026-08-07T14:43:41Z,FILE-01,NT AUTHORITY\SYSTEM,chrome.exe,8574,msedgewebview2.exe,1591,msedgewebview2.exe --utility-sub-type=network,signed,benign,normal browser activity
PROC-00796,2026-08-07T14:49:16Z,ADMIN-WS-07,ACME\svc_deploy,explorer.exe,1214,powershell.exe,2863,powershell.exe Get-Service,signed,benign,routine admin
PROC-01430,2026-08-07T15:00:25Z,DEPLOY-01,ACME\svc_backup,services.exe,5111,backup-agent.exe,11508,backup-agent.exe --run,signed,benign,scheduled backup
PROC-00088,2026-08-07T15:06:55Z,APP-API-02,ACME\svc_deploy,services.exe,2714,backup-agent.exe,10900,backup-agent.exe --run,signed,benign,scheduled backup
PROC-00961,2026-08-07T15:11:56Z,DEPLOY-01,NT AUTHORITY\SYSTEM,services.exe,8383,backup-agent.exe,12703,backup-agent.exe --run,signed,benign,scheduled backup
PROC-00169,2026-08-07T15:19:20Z,VULN-SCAN-01,ACME\svc_deploy,services.exe,4980,backup-agent.exe,11566,backup-agent.exe --run,signed,benign,scheduled backup
PROC-01458,2026-08-07T15:26:26Z,ADMIN-WS-11,ACME\admin.jlee,services.exe,3844,backup-agent.exe,4168,backup-agent.exe --run,signed,benign,scheduled backup
PROC-00696,2026-08-07T15:29:13Z,DEPLOY-01,NT AUTHORITY\SYSTEM,wsmprovhost.exe,507,powershell.exe,12145,powershell.exe -File C:\Deploy\Install-Agent.ps1,signed,benign,approved deployment
PROC-00729,2026-08-07T15:33:36Z,FILE-01,ACME\admin.jlee,taskeng.exe,1883,powershell.exe,10422,powershell.exe -File C:\Ops\Rotate-Logs.ps1,signed,benign,routine maintenance
PROC-00605,2026-08-07T15:37:53Z,ADMIN-WS-11,ACME\admin.jlee,taskeng.exe,7425,powershell.exe,5070,powershell.exe -File C:\Ops\Rotate-Logs.ps1,signed,benign,routine maintenance
PROC-01417,2026-08-07T15:42:29Z,VULN-SCAN-01,ACME\admin.rpatel,chrome.exe,8699,msedgewebview2.exe,11683,msedgewebview2.exe --utility-sub-type=network,signed,benign,normal browser activity
PROC-00664,2026-08-07T15:46:14Z,WEB-EDGE-01,ACME\admin.jlee,services.exe,8826,backup-agent.exe,8266,backup-agent.exe --run,signed,benign,scheduled backup
PROC-00981,2026-08-07T15:48:28Z,ADMIN-WS-11,ACME\admin.jlee,wsmprovhost.exe,5734,powershell.exe,13907,powershell.exe -File C:\Deploy\Install-Agent.ps1,signed,benign,approved deployment
PROC-01047,2026-08-07T15:54:08Z,FILE-01,NT AUTHORITY\SYSTEM,wsmprovhost.exe,8588,powershell.exe,3426,powershell.exe -File C:\Deploy\Install-Agent.ps1,signed,benign,approved deployment
PROC-00194,2026-08-07T15:54:39Z,FILE-01,ACME\svc_deploy,explorer.exe,6809,powershell.exe,11804,powershell.exe Get-Service,signed,benign,routine admin
PROC-00712,2026-08-07T15:59:31Z,WEB-EDGE-01,ACME\svc_backup,explorer.exe,8067,powershell.exe,9766,powershell.exe Get-Service,signed,benign,routine admin
PROC-01329,2026-08-07T16:00:54Z,ADMIN-WS-11,NT AUTHORITY\SYSTEM,wsmprovhost.exe,2346,powershell.exe,6824,powershell.exe -File C:\Deploy\Install-Agent.ps1,signed,benign,approved deployment
PROC-01150,2026-08-07T16:10:19Z,VULN-SCAN-01,ACME\admin.jlee,explorer.exe,1353,powershell.exe,14024,powershell.exe Get-Service,signed,benign,routine admin
PROC-01308,2026-08-07T16:10:24Z,DEPLOY-01,NT AUTHORITY\SYSTEM,explorer.exe,6379,powershell.exe,5275,powershell.exe Get-Service,signed,benign,routine admin
PROC-00142,2026-08-07T16:28:00Z,ADMIN-WS-11,ACME\svc_deploy,taskeng.exe,5124,powershell.exe,10843,powershell.exe -File C:\Ops\Rotate-Logs.ps1,signed,benign,routine maintenance
PROC-00723,2026-08-07T16:32:58Z,WEB-EDGE-01,NT AUTHORITY\SYSTEM,taskeng.exe,4208,powershell.exe,2367,powershell.exe -File C:\Ops\Rotate-Logs.ps1,signed,benign,routine maintenance
PROC-00157,2026-08-07T16:43:41Z,FILE-01,ACME\svc_deploy,taskeng.exe,2434,powershell.exe,9274,powershell.exe -File C:\Ops\Rotate-Logs.ps1,signed,benign,routine maintenance
PROC-00634,2026-08-07T16:45:06Z,DEPLOY-01,ACME\admin.jlee,wsmprovhost.exe,6401,powershell.exe,3555,powershell.exe -File C:\Deploy\Install-Agent.ps1,signed,benign,approved deployment
PROC-00716,2026-08-07T16:45:09Z,VULN-SCAN-01,ACME\svc_backup,taskeng.exe,5783,powershell.exe,11183,powershell.exe -File C:\Ops\Rotate-Logs.ps1,signed,benign,routine maintenance
PROC-01113,2026-08-07T16:58:20Z,ADMIN-WS-11,ACME\svc_backup,explorer.exe,3004,powershell.exe,3529,powershell.exe Get-Service,signed,benign,routine admin
PROC-00915,2026-08-07T17:19:19Z,APP-API-02,ACME\svc_deploy,taskeng.exe,623,powershell.exe,12636,powershell.exe -File C:\Ops\Rotate-Logs.ps1,signed,benign,routine maintenance
PROC-01157,2026-08-07T17:35:44Z,WEB-EDGE-01,NT AUTHORITY\SYSTEM,wsmprovhost.exe,3492,powershell.exe,6928,powershell.exe -File C:\Deploy\Install-Agent.ps1,signed,benign,approved deployment
PROC-00105,2026-08-07T17:37:36Z,WEB-EDGE-01,ACME\svc_deploy,chrome.exe,2009,msedgewebview2.exe,10922,msedgewebview2.exe --utility-sub-type=network,signed,benign,normal browser activity
PROC-01088,2026-08-07T17:37:39Z,DEPLOY-01,ACME\admin.jlee,wsmprovhost.exe,468,powershell.exe,4879,powershell.exe -File C:\Deploy\Install-Agent.ps1,signed,benign,approved deployment
PROC-01306,2026-08-07T17:39:44Z,FILE-01,ACME\svc_deploy,services.exe,642,backup-agent.exe,8905,backup-agent.exe --run,signed,benign,scheduled backup
PROC-00396,2026-08-07T17:56:10Z,FILE-01,ACME\admin.jlee,chrome.exe,6456,msedgewebview2.exe,2063,msedgewebview2.exe --utility-sub-type=network,signed,benign,normal browser activity
PROC-00055,2026-08-07T18:15:37Z,VULN-SCAN-01,ACME\svc_backup,chrome.exe,2852,msedgewebview2.exe,14235,msedgewebview2.exe --utility-sub-type=network,signed,benign,normal browser activity
PROC-01285,2026-08-07T18:21:50Z,ADMIN-WS-11,ACME\admin.rpatel,services.exe,4153,backup-agent.exe,3506,backup-agent.exe --run,signed,benign,scheduled backup
PROC-01479,2026-08-07T18:26:40Z,VULN-SCAN-01,ACME\svc_backup,chrome.exe,635,msedgewebview2.exe,1950,msedgewebview2.exe --utility-sub-type=network,signed,benign,normal browser activity
PROC-00569,2026-08-07T18:31:22Z,DEPLOY-01,ACME\admin.rpatel,chrome.exe,6747,msedgewebview2.exe,13333,msedgewebview2.exe --utility-sub-type=network,signed,benign,normal browser activity
PROC-00897,2026-08-07T18:33:25Z,ADMIN-WS-07,ACME\svc_deploy,wsmprovhost.exe,4354,powershell.exe,9687,powershell.exe -File C:\Deploy\Install-Agent.ps1,signed,benign,approved deployment
PROC-00510,2026-08-07T18:34:20Z,FILE-01,NT AUTHORITY\SYSTEM,wsmprovhost.exe,6752,powershell.exe,14258,powershell.exe -File C:\Deploy\Install-Agent.ps1,signed,benign,approved deployment
PROC-00067,2026-08-07T18:36:43Z,ADMIN-WS-11,ACME\svc_deploy,services.exe,4288,backup-agent.exe,7247,backup-agent.exe --run,signed,benign,scheduled backup
PROC-01339,2026-08-07T18:39:11Z,ADMIN-WS-11,ACME\admin.jlee,chrome.exe,5563,msedgewebview2.exe,13894,msedgewebview2.exe --utility-sub-type=network,signed,benign,normal browser activity
PROC-01452,2026-08-07T18:41:12Z,FILE-01,ACME\admin.jlee,services.exe,2445,backup-agent.exe,5258,backup-agent.exe --run,signed,benign,scheduled backup
PROC-01083,2026-08-07T18:50:18Z,WEB-EDGE-01,ACME\svc_backup,wsmprovhost.exe,8324,powershell.exe,3438,powershell.exe -File C:\Deploy\Install-Agent.ps1,signed,benign,approved deployment
PROC-00532,2026-08-07T18:50:55Z,ADMIN-WS-11,ACME\svc_backup,explorer.exe,8431,powershell.exe,1902,powershell.exe Get-Service,signed,benign,routine admin
PROC-01074,2026-08-07T19:08:57Z,ADMIN-WS-07,ACME\admin.rpatel,taskeng.exe,8093,powershell.exe,13059,powershell.exe -File C:\Ops\Rotate-Logs.ps1,signed,benign,routine maintenance
PROC-01264,2026-08-07T19:33:33Z,WEB-EDGE-01,ACME\admin.jlee,services.exe,5770,backup-agent.exe,12917,backup-agent.exe --run,signed,benign,scheduled backup
PROC-01314,2026-08-07T19:52:53Z,FILE-01,ACME\svc_backup,wsmprovhost.exe,5930,powershell.exe,4002,powershell.exe -File C:\Deploy\Install-Agent.ps1,signed,benign,approved deployment
PROC-00767,2026-08-07T19:55:15Z,VULN-SCAN-01,ACME\svc_deploy,services.exe,7617,backup-agent.exe,6592,backup-agent.exe --run,signed,benign,scheduled backup
PROC-00090,2026-08-07T19:55:25Z,APP-API-02,ACME\svc_deploy,wsmprovhost.exe,5195,powershell.exe,10350,powershell.exe -File C:\Deploy\Install-Agent.ps1,signed,benign,approved deployment
PROC-01230,2026-08-07T20:16:24Z,APP-API-02,ACME\svc_backup,explorer.exe,1773,powershell.exe,8893,powershell.exe Get-Service,signed,benign,routine admin
PROC-00751,2026-08-07T20:27:46Z,FILE-01,NT AUTHORITY\SYSTEM,wsmprovhost.exe,5461,powershell.exe,13821,powershell.exe -File C:\Deploy\Install-Agent.ps1,signed,benign,approved deployment
PROC-00769,2026-08-07T20:32:52Z,APP-API-02,ACME\svc_backup,chrome.exe,8820,msedgewebview2.exe,5004,msedgewebview2.exe --utility-sub-type=network,signed,benign,normal browser activity
PROC-00376,2026-08-07T20:33:52Z,WEB-EDGE-01,ACME\svc_backup,chrome.exe,8247,msedgewebview2.exe,13102,msedgewebview2.exe --utility-sub-type=network,signed,benign,normal browser activity
PROC-00950,2026-08-07T20:43:54Z,FILE-01,ACME\admin.jlee,chrome.exe,3518,msedgewebview2.exe,9851,msedgewebview2.exe --utility-sub-type=network,signed,benign,normal browser activity
PROC-00338,2026-08-07T20:50:55Z,VULN-SCAN-01,ACME\admin.jlee,chrome.exe,8231,msedgewebview2.exe,3250,msedgewebview2.exe --utility-sub-type=network,signed,benign,normal browser activity
PROC-01469,2026-08-07T20:51:12Z,FILE-01,ACME\svc_deploy,services.exe,8180,backup-agent.exe,3673,backup-agent.exe --run,signed,benign,scheduled backup
PROC-01053,2026-08-07T20:52:24Z,ADMIN-WS-11,ACME\admin.rpatel,wsmprovhost.exe,7663,powershell.exe,13455,powershell.exe -File C:\Deploy\Install-Agent.ps1,signed,benign,approved deployment
PROC-00308,2026-08-07T21:28:03Z,FILE-01,ACME\admin.rpatel,services.exe,3006,backup-agent.exe,13432,backup-agent.exe --run,signed,benign,scheduled backup
PROC-00947,2026-08-07T21:30:25Z,ADMIN-WS-11,ACME\admin.jlee,taskeng.exe,4317,powershell.exe,14769,powershell.exe -File C:\Ops\Rotate-Logs.ps1,signed,benign,routine maintenance
PROC-01039,2026-08-07T21:32:24Z,VULN-SCAN-01,ACME\svc_backup,explorer.exe,3144,powershell.exe,5494,powershell.exe Get-Service,signed,benign,routine admin
PROC-00818,2026-08-07T21:32:48Z,APP-API-02,ACME\svc_backup,explorer.exe,7087,powershell.exe,14148,powershell.exe Get-Service,signed,benign,routine admin
PROC-01067,2026-08-07T21:33:17Z,ADMIN-WS-11,ACME\admin.jlee,chrome.exe,6980,msedgewebview2.exe,7035,msedgewebview2.exe --utility-sub-type=network,signed,benign,normal browser activity
PROC-01481,2026-08-07T21:41:56Z,FILE-01,NT AUTHORITY\SYSTEM,wsmprovhost.exe,3842,powershell.exe,1118,powershell.exe -File C:\Deploy\Install-Agent.ps1,signed,benign,approved deployment
PROC-01013,2026-08-07T21:48:14Z,FILE-01,NT AUTHORITY\SYSTEM,wsmprovhost.exe,8579,powershell.exe,6743,powershell.exe -File C:\Deploy\Install-Agent.ps1,signed,benign,approved deployment
PROC-01457,2026-08-07T21:48:55Z,WEB-EDGE-01,ACME\admin.jlee,wsmprovhost.exe,4307,powershell.exe,13640,powershell.exe -File C:\Deploy\Install-Agent.ps1,signed,benign,approved deployment
PROC-01118,2026-08-07T21:52:17Z,VULN-SCAN-01,ACME\svc_backup,taskeng.exe,7792,powershell.exe,11206,powershell.exe -File C:\Ops\Rotate-Logs.ps1,signed,benign,routine maintenance
PROC-00250,2026-08-07T21:54:47Z,DEPLOY-01,ACME\admin.jlee,services.exe,6833,backup-agent.exe,14404,backup-agent.exe --run,signed,benign,scheduled backup
PROC-00224,2026-08-07T21:57:39Z,DEPLOY-01,NT AUTHORITY\SYSTEM,taskeng.exe,6849,powershell.exe,3627,powershell.exe -File C:\Ops\Rotate-Logs.ps1,signed,benign,routine maintenance
PROC-00161,2026-08-07T21:57:45Z,APP-API-02,NT AUTHORITY\SYSTEM,wsmprovhost.exe,5611,powershell.exe,7296,powershell.exe -File C:\Deploy\Install-Agent.ps1,signed,benign,approved deployment
PROC-00243,2026-08-07T21:58:32Z,VULN-SCAN-01,ACME\svc_backup,wsmprovhost.exe,3252,powershell.exe,11830,powershell.exe -File C:\Deploy\Install-Agent.ps1,signed,benign,approved deployment
PROC-01309,2026-08-07T21:58:44Z,APP-API-02,ACME\admin.jlee,chrome.exe,3188,msedgewebview2.exe,4350,msedgewebview2.exe --utility-sub-type=network,signed,benign,normal browser activity
PROC-01262,2026-08-07T22:09:39Z,FILE-01,ACME\admin.rpatel,chrome.exe,4378,msedgewebview2.exe,1682,msedgewebview2.exe --utility-sub-type=network,signed,benign,normal browser activity
PROC-00278,2026-08-07T22:31:05Z,VULN-SCAN-01,NT AUTHORITY\SYSTEM,wsmprovhost.exe,3493,powershell.exe,10445,powershell.exe -File C:\Deploy\Install-Agent.ps1,signed,benign,approved deployment
PROC-00047,2026-08-07T22:33:34Z,ADMIN-WS-07,ACME\svc_backup,explorer.exe,6697,powershell.exe,2082,powershell.exe Get-Service,signed,benign,routine admin
PROC-01079,2026-08-07T22:41:13Z,ADMIN-WS-07,ACME\svc_deploy,chrome.exe,3554,msedgewebview2.exe,7588,msedgewebview2.exe --utility-sub-type=network,signed,benign,normal browser activity
PROC-00398,2026-08-07T22:53:31Z,VULN-SCAN-01,ACME\admin.rpatel,wsmprovhost.exe,1290,powershell.exe,2843,powershell.exe -File C:\Deploy\Install-Agent.ps1,signed,benign,approved deployment
PROC-01325,2026-08-07T23:01:52Z,WEB-EDGE-01,ACME\svc_backup,explorer.exe,1652,powershell.exe,11219,powershell.exe Get-Service,signed,benign,routine admin
PROC-00284,2026-08-07T23:13:45Z,ADMIN-WS-11,ACME\admin.jlee,explorer.exe,7531,powershell.exe,11155,powershell.exe Get-Service,signed,benign,routine admin
PROC-01291,2026-08-07T23:27:05Z,APP-API-02,ACME\svc_backup,taskeng.exe,5780,powershell.exe,1096,powershell.exe -File C:\Ops\Rotate-Logs.ps1,signed,benign,routine maintenance
PROC-01386,2026-08-07T23:37:43Z,WEB-EDGE-01,ACME\svc_deploy,explorer.exe,3987,powershell.exe,9002,powershell.exe Get-Service,signed,benign,routine admin
PROC-00399,2026-08-07T23:57:18Z,DEPLOY-01,ACME\svc_deploy,wsmprovhost.exe,4315,powershell.exe,1073,powershell.exe -File C:\Deploy\Install-Agent.ps1,signed,benign,approved deployment
PROC-00076,2026-08-07T23:59:49Z,VULN-SCAN-01,ACME\svc_backup,wsmprovhost.exe,4198,powershell.exe,5263,powershell.exe -File C:\Deploy\Install-Agent.ps1,signed,benign,approved deployment
PROC-01174,2026-08-08T00:06:20Z,WEB-EDGE-01,ACME\admin.rpatel,wsmprovhost.exe,3075,powershell.exe,14901,powershell.exe -File C:\Deploy\Install-Agent.ps1,signed,benign,approved deployment
PROC-00826,2026-08-08T00:08:19Z,ADMIN-WS-11,ACME\admin.rpatel,taskeng.exe,3283,powershell.exe,7313,powershell.exe -File C:\Ops\Rotate-Logs.ps1,signed,benign,routine maintenance
PROC-01303,2026-08-08T00:09:24Z,ADMIN-WS-11,ACME\admin.jlee,services.exe,1004,backup-agent.exe,11404,backup-agent.exe --run,signed,benign,scheduled backup
PROC-00902,2026-08-08T00:21:16Z,ADMIN-WS-11,ACME\svc_backup,chrome.exe,7920,msedgewebview2.exe,1053,msedgewebview2.exe --utility-sub-type=network,signed,benign,normal browser activity
PROC-00402,2026-08-08T00:26:32Z,VULN-SCAN-01,ACME\admin.rpatel,taskeng.exe,6516,powershell.exe,2295,powershell.exe -File C:\Ops\Rotate-Logs.ps1,signed,benign,routine maintenance
PROC-00263,2026-08-08T00:40:10Z,VULN-SCAN-01,ACME\svc_backup,chrome.exe,5272,msedgewebview2.exe,7123,msedgewebview2.exe --utility-sub-type=network,signed,benign,normal browser activity
PROC-01475,2026-08-08T00:44:00Z,WEB-EDGE-01,NT AUTHORITY\SYSTEM,services.exe,4594,backup-agent.exe,6263,backup-agent.exe --run,signed,benign,scheduled backup
PROC-00456,2026-08-08T00:50:07Z,FILE-01,ACME\svc_deploy,explorer.exe,1439,powershell.exe,10722,powershell.exe Get-Service,signed,benign,routine admin
PROC-00094,2026-08-08T01:04:09Z,VULN-SCAN-01,ACME\admin.jlee,services.exe,4586,backup-agent.exe,13294,backup-agent.exe --run,signed,benign,scheduled backup
PROC-01433,2026-08-08T01:13:56Z,APP-API-02,NT AUTHORITY\SYSTEM,services.exe,2665,backup-agent.exe,9775,backup-agent.exe --run,signed,benign,scheduled backup
PROC-00191,2026-08-08T01:17:25Z,FILE-01,ACME\admin.rpatel,services.exe,4849,backup-agent.exe,7182,backup-agent.exe --run,signed,benign,scheduled backup
PROC-00803,2026-08-08T01:19:24Z,WEB-EDGE-01,ACME\svc_deploy,wsmprovhost.exe,1412,powershell.exe,9464,powershell.exe -File C:\Deploy\Install-Agent.ps1,signed,benign,approved deployment
PROC-00115,2026-08-08T01:43:26Z,APP-API-02,ACME\svc_backup,services.exe,1711,backup-agent.exe,7602,backup-agent.exe --run,signed,benign,scheduled backup
PROC-01242,2026-08-08T01:45:33Z,WEB-EDGE-01,NT AUTHORITY\SYSTEM,chrome.exe,1509,msedgewebview2.exe,13201,msedgewebview2.exe --utility-sub-type=network,signed,benign,normal browser activity
PROC-00491,2026-08-08T02:00:43Z,VULN-SCAN-01,NT AUTHORITY\SYSTEM,chrome.exe,2586,msedgewebview2.exe,3331,msedgewebview2.exe --utility-sub-type=network,signed,benign,normal browser activity
PROC-00095,2026-08-08T02:10:34Z,FILE-01,ACME\svc_deploy,wsmprovhost.exe,6243,powershell.exe,6332,powershell.exe -File C:\Deploy\Install-Agent.ps1,signed,benign,approved deployment
PROC-01435,2026-08-08T02:16:35Z,APP-API-02,ACME\svc_deploy,explorer.exe,7705,powershell.exe,8751,powershell.exe Get-Service,signed,benign,routine admin
PROC-00380,2026-08-08T02:22:04Z,APP-API-02,ACME\admin.jlee,wsmprovhost.exe,3517,powershell.exe,2148,powershell.exe -File C:\Deploy\Install-Agent.ps1,signed,benign,approved deployment
PROC-00629,2026-08-08T02:28:04Z,VULN-SCAN-01,ACME\admin.rpatel,taskeng.exe,7391,powershell.exe,3655,powershell.exe -File C:\Ops\Rotate-Logs.ps1,signed,benign,routine maintenance
PROC-00318,2026-08-08T02:35:12Z,WEB-EDGE-01,ACME\svc_backup,wsmprovhost.exe,574,powershell.exe,7598,powershell.exe -File C:\Deploy\Install-Agent.ps1,signed,benign,approved deployment
PROC-00969,2026-08-08T02:35:57Z,ADMIN-WS-11,ACME\svc_backup,explorer.exe,7198,powershell.exe,3523,powershell.exe Get-Service,signed,benign,routine admin
PROC-00294,2026-08-08T02:47:04Z,ADMIN-WS-07,ACME\svc_deploy,explorer.exe,2234,powershell.exe,11771,powershell.exe Get-Service,signed,benign,routine admin
PROC-00678,2026-08-08T02:50:39Z,DEPLOY-01,ACME\admin.rpatel,chrome.exe,1550,msedgewebview2.exe,8864,msedgewebview2.exe --utility-sub-type=network,signed,benign,normal browser activity
PROC-00443,2026-08-08T02:58:02Z,ADMIN-WS-07,ACME\admin.jlee,explorer.exe,347,powershell.exe,13085,powershell.exe Get-Service,signed,benign,routine admin
PROC-00643,2026-08-08T03:09:36Z,APP-API-02,NT AUTHORITY\SYSTEM,chrome.exe,1330,msedgewebview2.exe,8292,msedgewebview2.exe --utility-sub-type=network,signed,benign,normal browser activity
PROC-01160,2026-08-08T03:25:41Z,DEPLOY-01,NT AUTHORITY\SYSTEM,wsmprovhost.exe,3928,powershell.exe,11411,powershell.exe -File C:\Deploy\Install-Agent.ps1,signed,benign,approved deployment
PROC-00946,2026-08-08T03:33:43Z,VULN-SCAN-01,NT AUTHORITY\SYSTEM,explorer.exe,321,powershell.exe,7558,powershell.exe Get-Service,signed,benign,routine admin
PROC-01200,2026-08-08T03:35:09Z,FILE-01,ACME\svc_backup,explorer.exe,7088,powershell.exe,6305,powershell.exe Get-Service,signed,benign,routine admin
PROC-01060,2026-08-08T03:40:54Z,VULN-SCAN-01,ACME\svc_backup,explorer.exe,3040,powershell.exe,13720,powershell.exe Get-Service,signed,benign,routine admin
PROC-01193,2026-08-08T03:47:07Z,WEB-EDGE-01,ACME\svc_backup,explorer.exe,3132,powershell.exe,1270,powershell.exe Get-Service,signed,benign,routine admin
PROC-00547,2026-08-08T03:56:14Z,ADMIN-WS-11,ACME\svc_backup,chrome.exe,3570,msedgewebview2.exe,13038,msedgewebview2.exe --utility-sub-type=network,signed,benign,normal browser activity
PROC-00394,2026-08-08T04:00:16Z,ADMIN-WS-11,ACME\svc_backup,chrome.exe,5010,msedgewebview2.exe,2699,msedgewebview2.exe --utility-sub-type=network,signed,benign,normal browser activity
PROC-00302,2026-08-08T04:01:54Z,VULN-SCAN-01,ACME\admin.jlee,taskeng.exe,4343,powershell.exe,9087,powershell.exe -File C:\Ops\Rotate-Logs.ps1,signed,benign,routine maintenance
PROC-01142,2026-08-08T04:24:39Z,APP-API-02,ACME\svc_backup,chrome.exe,4737,msedgewebview2.exe,11164,msedgewebview2.exe --utility-sub-type=network,signed,benign,normal browser activity
PROC-01437,2026-08-08T04:29:27Z,APP-API-02,ACME\svc_backup,chrome.exe,5875,msedgewebview2.exe,2350,msedgewebview2.exe --utility-sub-type=network,signed,benign,normal browser activity
PROC-00220,2026-08-08T05:02:11Z,APP-API-02,ACME\svc_backup,taskeng.exe,2579,powershell.exe,5956,powershell.exe -File C:\Ops\Rotate-Logs.ps1,signed,benign,routine maintenance
PROC-00298,2026-08-08T05:18:53Z,WEB-EDGE-01,NT AUTHORITY\SYSTEM,chrome.exe,557,msedgewebview2.exe,8923,msedgewebview2.exe --utility-sub-type=network,signed,benign,normal browser activity
PROC-01387,2026-08-08T05:25:10Z,APP-API-02,ACME\svc_backup,wsmprovhost.exe,883,powershell.exe,8125,powershell.exe -File C:\Deploy\Install-Agent.ps1,signed,benign,approved deployment
PROC-01070,2026-08-08T05:42:28Z,APP-API-02,ACME\admin.jlee,taskeng.exe,4196,powershell.exe,5376,powershell.exe -File C:\Ops\Rotate-Logs.ps1,signed,benign,routine maintenance
PROC-01225,2026-08-08T05:47:29Z,ADMIN-WS-11,ACME\admin.jlee,explorer.exe,5148,powershell.exe,2365,powershell.exe Get-Service,signed,benign,routine admin
PROC-00524,2026-08-08T05:53:18Z,APP-API-02,ACME\svc_backup,explorer.exe,2109,powershell.exe,3796,powershell.exe Get-Service,signed,benign,routine admin
PROC-00820,2026-08-08T05:59:40Z,WEB-EDGE-01,NT AUTHORITY\SYSTEM,wsmprovhost.exe,865,powershell.exe,1837,powershell.exe -File C:\Deploy\Install-Agent.ps1,signed,benign,approved deployment
PROC-01032,2026-08-08T06:00:22Z,WEB-EDGE-01,ACME\admin.jlee,wsmprovhost.exe,1088,powershell.exe,7700,powershell.exe -File C:\Deploy\Install-Agent.ps1,signed,benign,approved deployment
PROC-00207,2026-08-08T06:08:04Z,DEPLOY-01,ACME\admin.rpatel,wsmprovhost.exe,3582,powershell.exe,10578,powershell.exe -File C:\Deploy\Install-Agent.ps1,signed,benign,approved deployment
PROC-00100,2026-08-08T06:13:36Z,DEPLOY-01,ACME\svc_deploy,chrome.exe,802,msedgewebview2.exe,3683,msedgewebview2.exe --utility-sub-type=network,signed,benign,normal browser activity
PROC-01028,2026-08-08T06:13:43Z,APP-API-02,ACME\admin.jlee,chrome.exe,6126,msedgewebview2.exe,2668,msedgewebview2.exe --utility-sub-type=network,signed,benign,normal browser activity
PROC-00421,2026-08-08T06:21:49Z,WEB-EDGE-01,ACME\svc_backup,services.exe,4701,backup-agent.exe,5983,backup-agent.exe --run,signed,benign,scheduled backup
PROC-00509,2026-08-08T06:34:13Z,FILE-01,ACME\admin.rpatel,wsmprovhost.exe,6843,powershell.exe,5082,powershell.exe -File C:\Deploy\Install-Agent.ps1,signed,benign,approved deployment
PROC-00744,2026-08-08T06:48:04Z,VULN-SCAN-01,ACME\admin.jlee,services.exe,8633,backup-agent.exe,2073,backup-agent.exe --run,signed,benign,scheduled backup
PROC-00460,2026-08-08T06:50:09Z,ADMIN-WS-11,ACME\svc_backup,taskeng.exe,3074,powershell.exe,10466,powershell.exe -File C:\Ops\Rotate-Logs.ps1,signed,benign,routine maintenance
PROC-00033,2026-08-08T06:51:50Z,ADMIN-WS-07,ACME\svc_backup,explorer.exe,4027,powershell.exe,12059,powershell.exe Get-Service,signed,benign,routine admin
PROC-00545,2026-08-08T07:02:03Z,ADMIN-WS-11,NT AUTHORITY\SYSTEM,services.exe,1462,backup-agent.exe,2429,backup-agent.exe --run,signed,benign,scheduled backup
PROC-01400,2026-08-08T07:02:23Z,WEB-EDGE-01,ACME\svc_deploy,taskeng.exe,1185,powershell.exe,5415,powershell.exe -File C:\Ops\Rotate-Logs.ps1,signed,benign,routine maintenance
PROC-01351,2026-08-08T07:03:38Z,WEB-EDGE-01,ACME\svc_backup,services.exe,4034,backup-agent.exe,3623,backup-agent.exe --run,signed,benign,scheduled backup
PROC-00592,2026-08-08T07:07:25Z,FILE-01,ACME\admin.rpatel,taskeng.exe,1436,powershell.exe,6567,powershell.exe -File C:\Ops\Rotate-Logs.ps1,signed,benign,routine maintenance
PROC-01214,2026-08-08T07:08:35Z,DEPLOY-01,ACME\svc_deploy,wsmprovhost.exe,8311,powershell.exe,8128,powershell.exe -File C:\Deploy\Install-Agent.ps1,signed,benign,approved deployment
PROC-00531,2026-08-08T07:13:55Z,FILE-01,ACME\svc_backup,taskeng.exe,6294,powershell.exe,8261,powershell.exe -File C:\Ops\Rotate-Logs.ps1,signed,benign,routine maintenance
PROC-00972,2026-08-08T07:18:51Z,VULN-SCAN-01,ACME\svc_deploy,wsmprovhost.exe,4764,powershell.exe,12083,powershell.exe -File C:\Deploy\Install-Agent.ps1,signed,benign,approved deployment
PROC-00711,2026-08-08T07:27:03Z,FILE-01,ACME\svc_backup,wsmprovhost.exe,5837,powershell.exe,6887,powershell.exe -File C:\Deploy\Install-Agent.ps1,signed,benign,approved deployment
PROC-00321,2026-08-08T07:34:53Z,ADMIN-WS-11,ACME\svc_deploy,services.exe,7859,backup-agent.exe,9462,backup-agent.exe --run,signed,benign,scheduled backup
PROC-00497,2026-08-08T07:38:28Z,WEB-EDGE-01,NT AUTHORITY\SYSTEM,taskeng.exe,8941,powershell.exe,9287,powershell.exe -File C:\Ops\Rotate-Logs.ps1,signed,benign,routine maintenance
PROC-01148,2026-08-08T07:48:54Z,ADMIN-WS-07,NT AUTHORITY\SYSTEM,explorer.exe,2459,powershell.exe,7791,powershell.exe Get-Service,signed,benign,routine admin
PROC-00511,2026-08-08T07:48:56Z,VULN-SCAN-01,ACME\admin.rpatel,wsmprovhost.exe,2753,powershell.exe,14048,powershell.exe -File C:\Deploy\Install-Agent.ps1,signed,benign,approved deployment
PROC-00029,2026-08-08T07:52:06Z,DEPLOY-01,NT AUTHORITY\SYSTEM,explorer.exe,5649,powershell.exe,14821,powershell.exe Get-Service,signed,benign,routine admin
PROC-00446,2026-08-08T07:54:30Z,ADMIN-WS-07,ACME\svc_backup,wsmprovhost.exe,5911,powershell.exe,9926,powershell.exe -File C:\Deploy\Install-Agent.ps1,signed,benign,approved deployment
PROC-00673,2026-08-08T08:00:12Z,APP-API-02,NT AUTHORITY\SYSTEM,services.exe,8204,backup-agent.exe,6387,backup-agent.exe --run,signed,benign,scheduled backup
PROC-00282,2026-08-08T08:07:35Z,FILE-01,ACME\svc_deploy,explorer.exe,4057,powershell.exe,7579,powershell.exe Get-Service,signed,benign,routine admin
PROC-01420,2026-08-08T08:11:24Z,APP-API-02,ACME\svc_deploy,explorer.exe,467,powershell.exe,11486,powershell.exe Get-Service,signed,benign,routine admin
PROC-00195,2026-08-08T08:26:11Z,DEPLOY-01,ACME\admin.rpatel,services.exe,8973,backup-agent.exe,14562,backup-agent.exe --run,signed,benign,scheduled backup
PROC-00709,2026-08-08T08:38:33Z,WEB-EDGE-01,NT AUTHORITY\SYSTEM,explorer.exe,379,powershell.exe,7717,powershell.exe Get-Service,signed,benign,routine admin
PROC-01348,2026-08-08T08:40:39Z,DEPLOY-01,ACME\admin.rpatel,chrome.exe,7563,msedgewebview2.exe,11935,msedgewebview2.exe --utility-sub-type=network,signed,benign,normal browser activity
PROC-01283,2026-08-08T08:43:19Z,APP-API-02,NT AUTHORITY\SYSTEM,explorer.exe,2736,powershell.exe,2702,powershell.exe Get-Service,signed,benign,routine admin
PROC-00843,2026-08-08T09:04:12Z,ADMIN-WS-11,NT AUTHORITY\SYSTEM,taskeng.exe,3556,powershell.exe,12132,powershell.exe -File C:\Ops\Rotate-Logs.ps1,signed,benign,routine maintenance
PROC-00253,2026-08-08T09:15:34Z,APP-API-02,ACME\admin.jlee,chrome.exe,8799,msedgewebview2.exe,8938,msedgewebview2.exe --utility-sub-type=network,signed,benign,normal browser activity
PROC-00275,2026-08-08T09:34:20Z,WEB-EDGE-01,ACME\admin.jlee,chrome.exe,2788,msedgewebview2.exe,1907,msedgewebview2.exe --utility-sub-type=network,signed,benign,normal browser activity
PROC-00852,2026-08-08T09:36:08Z,VULN-SCAN-01,NT AUTHORITY\SYSTEM,explorer.exe,3208,powershell.exe,12159,powershell.exe Get-Service,signed,benign,routine admin
PROC-00177,2026-08-08T09:37:56Z,WEB-EDGE-01,NT AUTHORITY\SYSTEM,wsmprovhost.exe,7405,powershell.exe,2005,powershell.exe -File C:\Deploy\Install-Agent.ps1,signed,benign,approved deployment
PROC-00345,2026-08-08T09:38:23Z,APP-API-02,ACME\svc_backup,services.exe,4122,backup-agent.exe,8483,backup-agent.exe --run,signed,benign,scheduled backup
PROC-01370,2026-08-08T09:42:39Z,ADMIN-WS-07,ACME\svc_deploy,explorer.exe,7330,powershell.exe,12902,powershell.exe Get-Service,signed,benign,routine admin
PROC-01097,2026-08-08T09:55:36Z,APP-API-02,ACME\admin.rpatel,explorer.exe,5546,powershell.exe,4767,powershell.exe Get-Service,signed,benign,routine admin
PROC-00189,2026-08-08T10:03:53Z,WEB-EDGE-01,ACME\svc_backup,wsmprovhost.exe,7078,powershell.exe,13800,powershell.exe -File C:\Deploy\Install-Agent.ps1,signed,benign,approved deployment
PROC-00881,2026-08-08T10:15:17Z,ADMIN-WS-11,NT AUTHORITY\SYSTEM,chrome.exe,7673,msedgewebview2.exe,14267,msedgewebview2.exe --utility-sub-type=network,signed,benign,normal browser activity
PROC-01334,2026-08-08T10:18:52Z,VULN-SCAN-01,ACME\admin.jlee,taskeng.exe,8197,powershell.exe,3032,powershell.exe -File C:\Ops\Rotate-Logs.ps1,signed,benign,routine maintenance
PROC-01486,2026-08-08T10:21:55Z,ADMIN-WS-07,ACME\svc_deploy,wsmprovhost.exe,8024,powershell.exe,4520,powershell.exe -File C:\Deploy\Install-Agent.ps1,signed,benign,approved deployment
PROC-01178,2026-08-08T10:27:47Z,VULN-SCAN-01,NT AUTHORITY\SYSTEM,explorer.exe,1006,powershell.exe,9276,powershell.exe Get-Service,signed,benign,routine admin
PROC-01104,2026-08-08T10:31:20Z,VULN-SCAN-01,NT AUTHORITY\SYSTEM,wsmprovhost.exe,8175,powershell.exe,10803,powershell.exe -File C:\Deploy\Install-Agent.ps1,signed,benign,approved deployment
PROC-00726,2026-08-08T10:41:06Z,ADMIN-WS-11,ACME\admin.jlee,services.exe,8013,backup-agent.exe,6552,backup-agent.exe --run,signed,benign,scheduled backup
PROC-00120,2026-08-08T10:42:48Z,APP-API-02,ACME\admin.rpatel,explorer.exe,5469,powershell.exe,3613,powershell.exe Get-Service,signed,benign,routine admin
PROC-00504,2026-08-08T10:54:31Z,ADMIN-WS-11,ACME\admin.jlee,services.exe,2855,backup-agent.exe,11212,backup-agent.exe --run,signed,benign,scheduled backup
PROC-01257,2026-08-08T10:55:12Z,WEB-EDGE-01,ACME\svc_deploy,services.exe,6490,backup-agent.exe,9640,backup-agent.exe --run,signed,benign,scheduled backup
PROC-00882,2026-08-08T11:09:08Z,VULN-SCAN-01,NT AUTHORITY\SYSTEM,explorer.exe,4132,powershell.exe,2954,powershell.exe Get-Service,signed,benign,routine admin
PROC-01238,2026-08-08T11:09:09Z,ADMIN-WS-07,NT AUTHORITY\SYSTEM,explorer.exe,1772,powershell.exe,7255,powershell.exe Get-Service,signed,benign,routine admin
PROC-01340,2026-08-08T11:12:38Z,ADMIN-WS-07,ACME\admin.rpatel,chrome.exe,3330,msedgewebview2.exe,6153,msedgewebview2.exe --utility-sub-type=network,signed,benign,normal browser activity
PROC-00929,2026-08-08T11:16:27Z,DEPLOY-01,ACME\admin.rpatel,explorer.exe,1508,powershell.exe,4176,powershell.exe Get-Service,signed,benign,routine admin
PROC-01465,2026-08-08T11:16:59Z,DEPLOY-01,ACME\admin.jlee,explorer.exe,3486,powershell.exe,12204,powershell.exe Get-Service,signed,benign,routine admin
PROC-01165,2026-08-08T11:18:14Z,FILE-01,ACME\svc_backup,taskeng.exe,8605,powershell.exe,10006,powershell.exe -File C:\Ops\Rotate-Logs.ps1,signed,benign,routine maintenance
PROC-00789,2026-08-08T11:21:52Z,ADMIN-WS-07,ACME\svc_deploy,chrome.exe,5788,msedgewebview2.exe,7322,msedgewebview2.exe --utility-sub-type=network,signed,benign,normal browser activity
PROC-00645,2026-08-08T11:22:12Z,APP-API-02,ACME\admin.rpatel,services.exe,4781,backup-agent.exe,1183,backup-agent.exe --run,signed,benign,scheduled backup
PROC-00323,2026-08-08T11:24:19Z,APP-API-02,ACME\admin.rpatel,wsmprovhost.exe,6532,powershell.exe,14481,powershell.exe -File C:\Deploy\Install-Agent.ps1,signed,benign,approved deployment
PROC-01490,2026-08-08T11:30:47Z,APP-API-02,ACME\svc_backup,chrome.exe,2942,msedgewebview2.exe,3254,msedgewebview2.exe --utility-sub-type=network,signed,benign,normal browser activity
PROC-00975,2026-08-08T11:41:35Z,APP-API-02,ACME\admin.rpatel,chrome.exe,5691,msedgewebview2.exe,9094,msedgewebview2.exe --utility-sub-type=network,signed,benign,normal browser activity
PROC-01375,2026-08-08T11:46:41Z,FILE-01,ACME\svc_backup,services.exe,2132,backup-agent.exe,9852,backup-agent.exe --run,signed,benign,scheduled backup
PROC-01112,2026-08-08T11:50:36Z,ADMIN-WS-11,NT AUTHORITY\SYSTEM,wsmprovhost.exe,2028,powershell.exe,11619,powershell.exe -File C:\Deploy\Install-Agent.ps1,signed,benign,approved deployment
PROC-00846,2026-08-08T12:02:23Z,ADMIN-WS-07,ACME\admin.jlee,chrome.exe,5214,msedgewebview2.exe,11194,msedgewebview2.exe --utility-sub-type=network,signed,benign,normal browser activity
PROC-00815,2026-08-08T12:11:14Z,VULN-SCAN-01,ACME\admin.jlee,explorer.exe,3678,powershell.exe,5573,powershell.exe Get-Service,signed,benign,routine admin
PROC-00307,2026-08-08T12:13:35Z,WEB-EDGE-01,ACME\svc_backup,wsmprovhost.exe,5936,powershell.exe,6648,powershell.exe -File C:\Deploy\Install-Agent.ps1,signed,benign,approved deployment
PROC-00027,2026-08-08T12:36:06Z,VULN-SCAN-01,ACME\admin.jlee,services.exe,1361,backup-agent.exe,13648,backup-agent.exe --run,signed,benign,scheduled backup
PROC-00442,2026-08-08T12:36:59Z,WEB-EDGE-01,NT AUTHORITY\SYSTEM,taskeng.exe,7264,powershell.exe,6545,powershell.exe -File C:\Ops\Rotate-Logs.ps1,signed,benign,routine maintenance
PROC-01248,2026-08-08T12:41:20Z,APP-API-02,ACME\svc_backup,chrome.exe,3518,msedgewebview2.exe,8788,msedgewebview2.exe --utility-sub-type=network,signed,benign,normal browser activity
PROC-00556,2026-08-08T12:43:56Z,APP-API-02,NT AUTHORITY\SYSTEM,services.exe,6536,backup-agent.exe,1438,backup-agent.exe --run,signed,benign,scheduled backup
PROC-01346,2026-08-08T12:46:22Z,APP-API-02,ACME\svc_deploy,explorer.exe,7367,powershell.exe,13385,powershell.exe Get-Service,signed,benign,routine admin
PROC-00217,2026-08-08T12:53:37Z,WEB-EDGE-01,ACME\svc_backup,chrome.exe,7827,msedgewebview2.exe,7260,msedgewebview2.exe --utility-sub-type=network,signed,benign,normal browser activity
PROC-00614,2026-08-08T13:00:51Z,ADMIN-WS-07,ACME\svc_deploy,explorer.exe,542,powershell.exe,12732,powershell.exe Get-Service,signed,benign,routine admin
PROC-01460,2026-08-08T13:02:01Z,APP-API-02,ACME\admin.rpatel,wsmprovhost.exe,6894,powershell.exe,10733,powershell.exe -File C:\Deploy\Install-Agent.ps1,signed,benign,approved deployment
PROC-00782,2026-08-08T13:02:47Z,ADMIN-WS-11,ACME\admin.jlee,wsmprovhost.exe,8275,powershell.exe,13914,powershell.exe -File C:\Deploy\Install-Agent.ps1,signed,benign,approved deployment
PROC-00666,2026-08-08T13:19:50Z,FILE-01,ACME\svc_deploy,wsmprovhost.exe,6397,powershell.exe,9238,powershell.exe -File C:\Deploy\Install-Agent.ps1,signed,benign,approved deployment
PROC-00630,2026-08-08T13:20:59Z,FILE-01,ACME\admin.rpatel,chrome.exe,4212,msedgewebview2.exe,3150,msedgewebview2.exe --utility-sub-type=network,signed,benign,normal browser activity
PROC-00285,2026-08-08T13:22:56Z,FILE-01,ACME\admin.jlee,taskeng.exe,8474,powershell.exe,3739,powershell.exe -File C:\Ops\Rotate-Logs.ps1,signed,benign,routine maintenance
PROC-00692,2026-08-08T13:23:27Z,ADMIN-WS-07,ACME\svc_deploy,wsmprovhost.exe,8510,powershell.exe,8131,powershell.exe -File C:\Deploy\Install-Agent.ps1,signed,benign,approved deployment
PROC-00619,2026-08-08T13:29:56Z,WEB-EDGE-01,ACME\svc_deploy,explorer.exe,5814,powershell.exe,3729,powershell.exe Get-Service,signed,benign,routine admin
PROC-00401,2026-08-08T13:33:27Z,DEPLOY-01,ACME\svc_deploy,explorer.exe,7620,powershell.exe,2117,powershell.exe Get-Service,signed,benign,routine admin
PROC-01152,2026-08-08T13:36:49Z,VULN-SCAN-01,NT AUTHORITY\SYSTEM,wsmprovhost.exe,8235,powershell.exe,8542,powershell.exe -File C:\Deploy\Install-Agent.ps1,signed,benign,approved deployment
PROC-01489,2026-08-08T13:38:59Z,WEB-EDGE-01,ACME\admin.jlee,taskeng.exe,7759,powershell.exe,4028,powershell.exe -File C:\Ops\Rotate-Logs.ps1,signed,benign,routine maintenance
PROC-00876,2026-08-08T13:55:02Z,ADMIN-WS-11,ACME\svc_deploy,taskeng.exe,5890,powershell.exe,8995,powershell.exe -File C:\Ops\Rotate-Logs.ps1,signed,benign,routine maintenance
PROC-00289,2026-08-08T14:11:37Z,FILE-01,ACME\admin.jlee,taskeng.exe,6391,powershell.exe,1871,powershell.exe -File C:\Ops\Rotate-Logs.ps1,signed,benign,routine maintenance
PROC-00612,2026-08-08T14:13:33Z,ADMIN-WS-11,ACME\admin.jlee,chrome.exe,5979,msedgewebview2.exe,4564,msedgewebview2.exe --utility-sub-type=network,signed,benign,normal browser activity
PROC-00248,2026-08-08T14:19:49Z,WEB-EDGE-01,ACME\admin.rpatel,taskeng.exe,3296,powershell.exe,12415,powershell.exe -File C:\Ops\Rotate-Logs.ps1,signed,benign,routine maintenance
PROC-01175,2026-08-08T14:57:46Z,VULN-SCAN-01,ACME\svc_backup,services.exe,7218,backup-agent.exe,8272,backup-agent.exe --run,signed,benign,scheduled backup
PROC-00781,2026-08-08T15:00:56Z,WEB-EDGE-01,ACME\admin.rpatel,wsmprovhost.exe,3705,powershell.exe,9806,powershell.exe -File C:\Deploy\Install-Agent.ps1,signed,benign,approved deployment
PROC-00449,2026-08-08T15:05:56Z,FILE-01,ACME\admin.rpatel,services.exe,8982,backup-agent.exe,6859,backup-agent.exe --run,signed,benign,scheduled backup
PROC-00825,2026-08-08T15:16:29Z,ADMIN-WS-07,NT AUTHORITY\SYSTEM,chrome.exe,4649,msedgewebview2.exe,14262,msedgewebview2.exe --utility-sub-type=network,signed,benign,normal browser activity
PROC-01025,2026-08-08T15:17:16Z,DEPLOY-01,ACME\admin.jlee,services.exe,8312,backup-agent.exe,9044,backup-agent.exe --run,signed,benign,scheduled backup
PROC-00762,2026-08-08T15:18:59Z,APP-API-02,ACME\svc_backup,wsmprovhost.exe,1478,powershell.exe,7010,powershell.exe -File C:\Deploy\Install-Agent.ps1,signed,benign,approved deployment
PROC-00180,2026-08-08T15:38:59Z,FILE-01,ACME\admin.jlee,chrome.exe,7408,msedgewebview2.exe,10298,msedgewebview2.exe --utility-sub-type=network,signed,benign,normal browser activity
PROC-01358,2026-08-08T15:42:40Z,ADMIN-WS-07,ACME\svc_backup,taskeng.exe,6695,powershell.exe,10495,powershell.exe -File C:\Ops\Rotate-Logs.ps1,signed,benign,routine maintenance
PROC-00965,2026-08-08T15:43:29Z,WEB-EDGE-01,NT AUTHORITY\SYSTEM,chrome.exe,5093,msedgewebview2.exe,8101,msedgewebview2.exe --utility-sub-type=network,signed,benign,normal browser activity
PROC-00112,2026-08-08T15:48:44Z,FILE-01,ACME\admin.jlee,wsmprovhost.exe,7666,powershell.exe,8316,powershell.exe -File C:\Deploy\Install-Agent.ps1,signed,benign,approved deployment
PROC-01037,2026-08-08T15:56:26Z,DEPLOY-01,ACME\svc_deploy,chrome.exe,862,msedgewebview2.exe,7325,msedgewebview2.exe --utility-sub-type=network,signed,benign,normal browser activity
PROC-00301,2026-08-08T15:58:50Z,ADMIN-WS-07,ACME\svc_backup,chrome.exe,5742,msedgewebview2.exe,7303,msedgewebview2.exe --utility-sub-type=network,signed,benign,normal browser activity
PROC-00444,2026-08-08T16:01:09Z,VULN-SCAN-01,NT AUTHORITY\SYSTEM,chrome.exe,7893,msedgewebview2.exe,7199,msedgewebview2.exe --utility-sub-type=network,signed,benign,normal browser activity
PROC-00479,2026-08-08T16:06:02Z,APP-API-02,NT AUTHORITY\SYSTEM,explorer.exe,1649,powershell.exe,14664,powershell.exe Get-Service,signed,benign,routine admin
PROC-00048,2026-08-08T16:06:32Z,WEB-EDGE-01,ACME\svc_backup,wsmprovhost.exe,6397,powershell.exe,9433,powershell.exe -File C:\Deploy\Install-Agent.ps1,signed,benign,approved deployment
PROC-01168,2026-08-08T16:08:41Z,WEB-EDGE-01,ACME\admin.rpatel,services.exe,5390,backup-agent.exe,14514,backup-agent.exe --run,signed,benign,scheduled backup
PROC-00103,2026-08-08T16:11:19Z,FILE-01,ACME\admin.jlee,chrome.exe,6028,msedgewebview2.exe,2440,msedgewebview2.exe --utility-sub-type=network,signed,benign,normal browser activity
PROC-00955,2026-08-08T16:15:30Z,FILE-01,ACME\svc_deploy,explorer.exe,8575,powershell.exe,7650,powershell.exe Get-Service,signed,benign,routine admin
PROC-00772,2026-08-08T16:16:02Z,ADMIN-WS-07,ACME\svc_deploy,services.exe,7193,backup-agent.exe,4217,backup-agent.exe --run,signed,benign,scheduled backup
PROC-01394,2026-08-08T16:16:08Z,ADMIN-WS-07,ACME\svc_backup,taskeng.exe,3125,powershell.exe,14185,powershell.exe -File C:\Ops\Rotate-Logs.ps1,signed,benign,routine maintenance
PROC-00938,2026-08-08T16:16:16Z,VULN-SCAN-01,NT AUTHORITY\SYSTEM,wsmprovhost.exe,826,powershell.exe,9634,powershell.exe -File C:\Deploy\Install-Agent.ps1,signed,benign,approved deployment
PROC-01008,2026-08-08T16:19:40Z,ADMIN-WS-07,ACME\svc_deploy,wsmprovhost.exe,741,powershell.exe,13483,powershell.exe -File C:\Deploy\Install-Agent.ps1,signed,benign,approved deployment
PROC-01282,2026-08-08T16:21:41Z,FILE-01,ACME\svc_backup,chrome.exe,3764,msedgewebview2.exe,3868,msedgewebview2.exe --utility-sub-type=network,signed,benign,normal browser activity
PROC-01244,2026-08-08T16:22:13Z,FILE-01,ACME\svc_backup,services.exe,4236,backup-agent.exe,8928,backup-agent.exe --run,signed,benign,scheduled backup
PROC-00235,2026-08-08T16:39:07Z,APP-API-02,ACME\admin.rpatel,explorer.exe,1427,powershell.exe,4589,powershell.exe Get-Service,signed,benign,routine admin
PROC-01289,2026-08-08T16:44:31Z,VULN-SCAN-01,NT AUTHORITY\SYSTEM,explorer.exe,2182,powershell.exe,11380,powershell.exe Get-Service,signed,benign,routine admin
PROC-00039,2026-08-08T16:45:54Z,FILE-01,ACME\admin.rpatel,wsmprovhost.exe,1842,powershell.exe,14532,powershell.exe -File C:\Deploy\Install-Agent.ps1,signed,benign,approved deployment
PROC-00808,2026-08-08T16:54:31Z,APP-API-02,ACME\admin.rpatel,explorer.exe,1314,powershell.exe,8720,powershell.exe Get-Service,signed,benign,routine admin
PROC-00831,2026-08-08T17:06:38Z,WEB-EDGE-01,ACME\admin.jlee,wsmprovhost.exe,6173,powershell.exe,9115,powershell.exe -File C:\Deploy\Install-Agent.ps1,signed,benign,approved deployment
PROC-00086,2026-08-08T17:18:38Z,FILE-01,ACME\admin.rpatel,wsmprovhost.exe,3886,powershell.exe,10129,powershell.exe -File C:\Deploy\Install-Agent.ps1,signed,benign,approved deployment
PROC-00389,2026-08-08T17:18:43Z,FILE-01,ACME\admin.jlee,taskeng.exe,5790,powershell.exe,7121,powershell.exe -File C:\Ops\Rotate-Logs.ps1,signed,benign,routine maintenance
PROC-01085,2026-08-08T17:25:12Z,ADMIN-WS-11,NT AUTHORITY\SYSTEM,taskeng.exe,2133,powershell.exe,7902,powershell.exe -File C:\Ops\Rotate-Logs.ps1,signed,benign,routine maintenance
PROC-01401,2026-08-08T17:26:20Z,WEB-EDGE-01,ACME\admin.rpatel,services.exe,5115,backup-agent.exe,6753,backup-agent.exe --run,signed,benign,scheduled backup
PROC-00102,2026-08-08T17:37:20Z,ADMIN-WS-11,ACME\admin.jlee,services.exe,8137,backup-agent.exe,10923,backup-agent.exe --run,signed,benign,scheduled backup
PROC-00310,2026-08-08T17:39:26Z,ADMIN-WS-07,ACME\svc_backup,chrome.exe,1862,msedgewebview2.exe,9519,msedgewebview2.exe --utility-sub-type=network,signed,benign,normal browser activity
PROC-00377,2026-08-08T17:46:27Z,APP-API-02,ACME\admin.jlee,taskeng.exe,1259,powershell.exe,14343,powershell.exe -File C:\Ops\Rotate-Logs.ps1,signed,benign,routine maintenance
PROC-01357,2026-08-08T17:55:01Z,WEB-EDGE-01,ACME\svc_backup,explorer.exe,4223,powershell.exe,13295,powershell.exe Get-Service,signed,benign,routine admin
PROC-00813,2026-08-08T18:06:32Z,WEB-EDGE-01,ACME\svc_deploy,wsmprovhost.exe,2258,powershell.exe,8325,powershell.exe -File C:\Deploy\Install-Agent.ps1,signed,benign,approved deployment
PROC-01255,2026-08-08T18:18:09Z,ADMIN-WS-11,NT AUTHORITY\SYSTEM,chrome.exe,1692,msedgewebview2.exe,8822,msedgewebview2.exe --utility-sub-type=network,signed,benign,normal browser activity
PROC-01292,2026-08-08T18:19:57Z,ADMIN-WS-07,ACME\admin.rpatel,taskeng.exe,4218,powershell.exe,1757,powershell.exe -File C:\Ops\Rotate-Logs.ps1,signed,benign,routine maintenance
PROC-00499,2026-08-08T18:54:40Z,VULN-SCAN-01,ACME\svc_backup,taskeng.exe,3967,powershell.exe,10202,powershell.exe -File C:\Ops\Rotate-Logs.ps1,signed,benign,routine maintenance
PROC-01461,2026-08-08T19:00:07Z,VULN-SCAN-01,ACME\admin.jlee,taskeng.exe,2374,powershell.exe,11642,powershell.exe -File C:\Ops\Rotate-Logs.ps1,signed,benign,routine maintenance
PROC-01030,2026-08-08T19:12:26Z,WEB-EDGE-01,NT AUTHORITY\SYSTEM,chrome.exe,6817,msedgewebview2.exe,8422,msedgewebview2.exe --utility-sub-type=network,signed,benign,normal browser activity
PROC-00038,2026-08-08T19:13:46Z,FILE-01,NT AUTHORITY\SYSTEM,wsmprovhost.exe,6916,powershell.exe,5116,powershell.exe -File C:\Deploy\Install-Agent.ps1,signed,benign,approved deployment
PROC-01384,2026-08-08T19:20:36Z,APP-API-02,ACME\admin.rpatel,explorer.exe,3641,powershell.exe,4890,powershell.exe Get-Service,signed,benign,routine admin
PROC-00845,2026-08-08T19:39:18Z,APP-API-02,ACME\svc_backup,services.exe,8709,backup-agent.exe,14968,backup-agent.exe --run,signed,benign,scheduled backup
PROC-01239,2026-08-08T19:39:20Z,ADMIN-WS-11,ACME\admin.jlee,taskeng.exe,5106,powershell.exe,9294,powershell.exe -File C:\Ops\Rotate-Logs.ps1,signed,benign,routine maintenance
PROC-00932,2026-08-08T19:56:32Z,VULN-SCAN-01,ACME\svc_deploy,chrome.exe,1636,msedgewebview2.exe,6876,msedgewebview2.exe --utility-sub-type=network,signed,benign,normal browser activity
PROC-00777,2026-08-08T19:56:50Z,ADMIN-WS-11,ACME\admin.rpatel,wsmprovhost.exe,3392,powershell.exe,10642,powershell.exe -File C:\Deploy\Install-Agent.ps1,signed,benign,approved deployment
PROC-00365,2026-08-08T19:59:11Z,ADMIN-WS-07,ACME\admin.rpatel,taskeng.exe,4100,powershell.exe,7754,powershell.exe -File C:\Ops\Rotate-Logs.ps1,signed,benign,routine maintenance
PROC-01205,2026-08-08T20:00:32Z,ADMIN-WS-07,ACME\svc_backup,wsmprovhost.exe,8427,powershell.exe,2828,powershell.exe -File C:\Deploy\Install-Agent.ps1,signed,benign,approved deployment
PROC-00926,2026-08-08T20:00:37Z,ADMIN-WS-07,ACME\svc_deploy,taskeng.exe,8932,powershell.exe,5645,powershell.exe -File C:\Ops\Rotate-Logs.ps1,signed,benign,routine maintenance
PROC-00083,2026-08-08T20:07:25Z,DEPLOY-01,ACME\svc_backup,taskeng.exe,6023,powershell.exe,7387,powershell.exe -File C:\Ops\Rotate-Logs.ps1,signed,benign,routine maintenance
PROC-00013,2026-08-08T20:22:19Z,WEB-EDGE-01,ACME\svc_deploy,explorer.exe,7480,powershell.exe,12430,powershell.exe Get-Service,signed,benign,routine admin
PROC-00627,2026-08-08T20:27:31Z,ADMIN-WS-11,NT AUTHORITY\SYSTEM,wsmprovhost.exe,8913,powershell.exe,12900,powershell.exe -File C:\Deploy\Install-Agent.ps1,signed,benign,approved deployment
PROC-00655,2026-08-08T20:37:04Z,WEB-EDGE-01,ACME\svc_deploy,wsmprovhost.exe,2324,powershell.exe,11470,powershell.exe -File C:\Deploy\Install-Agent.ps1,signed,benign,approved deployment
PROC-00883,2026-08-08T20:41:07Z,ADMIN-WS-07,ACME\svc_backup,taskeng.exe,4189,powershell.exe,13052,powershell.exe -File C:\Ops\Rotate-Logs.ps1,signed,benign,routine maintenance
PROC-00623,2026-08-08T20:44:57Z,VULN-SCAN-01,ACME\svc_deploy,explorer.exe,1452,powershell.exe,14900,powershell.exe Get-Service,signed,benign,routine admin
PROC-00021,2026-08-08T20:54:29Z,ADMIN-WS-07,NT AUTHORITY\SYSTEM,explorer.exe,7456,powershell.exe,9121,powershell.exe Get-Service,signed,benign,routine admin
PROC-00999,2026-08-08T21:08:04Z,ADMIN-WS-11,ACME\admin.rpatel,taskeng.exe,7039,powershell.exe,7090,powershell.exe -File C:\Ops\Rotate-Logs.ps1,signed,benign,routine maintenance
PROC-01368,2026-08-08T21:15:30Z,ADMIN-WS-11,NT AUTHORITY\SYSTEM,chrome.exe,4187,msedgewebview2.exe,2447,msedgewebview2.exe --utility-sub-type=network,signed,benign,normal browser activity
PROC-01101,2026-08-08T21:22:03Z,FILE-01,NT AUTHORITY\SYSTEM,explorer.exe,6344,powershell.exe,14943,powershell.exe Get-Service,signed,benign,routine admin
PROC-01114,2026-08-08T21:24:49Z,ADMIN-WS-11,ACME\admin.rpatel,services.exe,4777,backup-agent.exe,13861,backup-agent.exe --run,signed,benign,scheduled backup
PROC-01227,2026-08-08T21:29:07Z,ADMIN-WS-07,NT AUTHORITY\SYSTEM,wsmprovhost.exe,579,powershell.exe,10270,powershell.exe -File C:\Deploy\Install-Agent.ps1,signed,benign,approved deployment
PROC-00642,2026-08-08T21:30:44Z,APP-API-02,NT AUTHORITY\SYSTEM,explorer.exe,1185,powershell.exe,12287,powershell.exe Get-Service,signed,benign,routine admin
PROC-00959,2026-08-08T21:33:29Z,WEB-EDGE-01,ACME\svc_deploy,explorer.exe,7200,powershell.exe,13650,powershell.exe Get-Service,signed,benign,routine admin
PROC-00621,2026-08-08T21:41:22Z,APP-API-02,NT AUTHORITY\SYSTEM,services.exe,4032,backup-agent.exe,5479,backup-agent.exe --run,signed,benign,scheduled backup
PROC-01449,2026-08-08T21:47:49Z,VULN-SCAN-01,NT AUTHORITY\SYSTEM,explorer.exe,1582,powershell.exe,4943,powershell.exe Get-Service,signed,benign,routine admin
PROC-00196,2026-08-08T21:50:15Z,ADMIN-WS-11,ACME\svc_deploy,wsmprovhost.exe,1943,powershell.exe,6950,powershell.exe -File C:\Deploy\Install-Agent.ps1,signed,benign,approved deployment
PROC-00357,2026-08-08T22:00:32Z,ADMIN-WS-11,ACME\admin.rpatel,chrome.exe,7106,msedgewebview2.exe,12978,msedgewebview2.exe --utility-sub-type=network,signed,benign,normal browser activity
PROC-00475,2026-08-08T22:28:27Z,DEPLOY-01,ACME\admin.jlee,explorer.exe,1882,powershell.exe,2145,powershell.exe Get-Service,signed,benign,routine admin
PROC-00978,2026-08-08T22:32:51Z,DEPLOY-01,NT AUTHORITY\SYSTEM,wsmprovhost.exe,6940,powershell.exe,2523,powershell.exe -File C:\Deploy\Install-Agent.ps1,signed,benign,approved deployment
PROC-00765,2026-08-08T22:33:24Z,ADMIN-WS-11,ACME\admin.jlee,taskeng.exe,7480,powershell.exe,7584,powershell.exe -File C:\Ops\Rotate-Logs.ps1,signed,benign,routine maintenance
PROC-00063,2026-08-08T22:41:33Z,DEPLOY-01,ACME\svc_backup,explorer.exe,1538,powershell.exe,5820,powershell.exe Get-Service,signed,benign,routine admin
PROC-00128,2026-08-08T22:42:08Z,DEPLOY-01,ACME\admin.jlee,wsmprovhost.exe,1261,powershell.exe,3429,powershell.exe -File C:\Deploy\Install-Agent.ps1,signed,benign,approved deployment
PROC-01235,2026-08-08T22:45:07Z,DEPLOY-01,ACME\svc_deploy,explorer.exe,4581,powershell.exe,11436,powershell.exe Get-Service,signed,benign,routine admin
PROC-01161,2026-08-08T22:55:01Z,WEB-EDGE-01,ACME\admin.jlee,explorer.exe,821,powershell.exe,6716,powershell.exe Get-Service,signed,benign,routine admin
PROC-00228,2026-08-08T23:13:51Z,DEPLOY-01,ACME\admin.rpatel,taskeng.exe,5003,powershell.exe,13727,powershell.exe -File C:\Ops\Rotate-Logs.ps1,signed,benign,routine maintenance
PROC-00966,2026-08-08T23:30:59Z,WEB-EDGE-01,ACME\svc_deploy,taskeng.exe,6457,powershell.exe,6248,powershell.exe -File C:\Ops\Rotate-Logs.ps1,signed,benign,routine maintenance
PROC-00539,2026-08-08T23:31:29Z,DEPLOY-01,NT AUTHORITY\SYSTEM,taskeng.exe,4488,powershell.exe,9644,powershell.exe -File C:\Ops\Rotate-Logs.ps1,signed,benign,routine maintenance
PROC-01243,2026-08-08T23:34:19Z,DEPLOY-01,ACME\admin.rpatel,taskeng.exe,2098,powershell.exe,7603,powershell.exe -File C:\Ops\Rotate-Logs.ps1,signed,benign,routine maintenance
PROC-00587,2026-08-08T23:42:34Z,APP-API-02,ACME\svc_backup,services.exe,3036,backup-agent.exe,13208,backup-agent.exe --run,signed,benign,scheduled backup
PROC-01022,2026-08-08T23:49:11Z,WEB-EDGE-01,ACME\svc_deploy,chrome.exe,4627,msedgewebview2.exe,4956,msedgewebview2.exe --utility-sub-type=network,signed,benign,normal browser activity
PROC-00663,2026-08-09T00:01:21Z,FILE-01,ACME\admin.jlee,wsmprovhost.exe,1993,powershell.exe,14244,powershell.exe -File C:\Deploy\Install-Agent.ps1,signed,benign,approved deployment
PROC-01192,2026-08-09T00:02:48Z,VULN-SCAN-01,NT AUTHORITY\SYSTEM,explorer.exe,1034,powershell.exe,6864,powershell.exe Get-Service,signed,benign,routine admin
PROC-00903,2026-08-09T00:10:34Z,FILE-01,ACME\svc_deploy,services.exe,7012,backup-agent.exe,13354,backup-agent.exe --run,signed,benign,scheduled backup
PROC-00864,2026-08-09T00:11:27Z,ADMIN-WS-11,ACME\svc_backup,explorer.exe,8758,powershell.exe,1485,powershell.exe Get-Service,signed,benign,routine admin
PROC-01191,2026-08-09T00:14:07Z,DEPLOY-01,ACME\svc_backup,wsmprovhost.exe,1366,powershell.exe,4949,powershell.exe -File C:\Deploy\Install-Agent.ps1,signed,benign,approved deployment
PROC-00458,2026-08-09T00:16:21Z,VULN-SCAN-01,ACME\svc_deploy,explorer.exe,3217,powershell.exe,8571,powershell.exe Get-Service,signed,benign,routine admin
PROC-01300,2026-08-09T00:17:21Z,ADMIN-WS-07,ACME\admin.rpatel,chrome.exe,3215,msedgewebview2.exe,3354,msedgewebview2.exe --utility-sub-type=network,signed,benign,normal browser activity
PROC-00244,2026-08-09T00:22:11Z,FILE-01,NT AUTHORITY\SYSTEM,taskeng.exe,5742,powershell.exe,7903,powershell.exe -File C:\Ops\Rotate-Logs.ps1,signed,benign,routine maintenance
PROC-00429,2026-08-09T00:23:10Z,ADMIN-WS-07,ACME\admin.rpatel,taskeng.exe,1830,powershell.exe,4079,powershell.exe -File C:\Ops\Rotate-Logs.ps1,signed,benign,routine maintenance
PROC-01341,2026-08-09T00:23:39Z,ADMIN-WS-11,ACME\admin.jlee,wsmprovhost.exe,1101,powershell.exe,5173,powershell.exe -File C:\Deploy\Install-Agent.ps1,signed,benign,approved deployment
PROC-00415,2026-08-09T00:28:11Z,DEPLOY-01,ACME\admin.rpatel,services.exe,492,backup-agent.exe,4337,backup-agent.exe --run,signed,benign,scheduled backup
PROC-00548,2026-08-09T00:34:40Z,FILE-01,ACME\admin.rpatel,chrome.exe,5585,msedgewebview2.exe,7538,msedgewebview2.exe --utility-sub-type=network,signed,benign,normal browser activity
PROC-01050,2026-08-09T00:45:37Z,WEB-EDGE-01,ACME\svc_backup,services.exe,8094,backup-agent.exe,3935,backup-agent.exe --run,signed,benign,scheduled backup
PROC-00833,2026-08-09T00:50:03Z,DEPLOY-01,ACME\svc_deploy,services.exe,3943,backup-agent.exe,5878,backup-agent.exe --run,signed,benign,scheduled backup
PROC-00002,2026-08-09T00:52:18Z,DEPLOY-01,ACME\svc_deploy,wsmprovhost.exe,4860,powershell.exe,4012,powershell.exe -File C:\Deploy\Install-Agent.ps1,signed,benign,approved deployment
PROC-01467,2026-08-09T01:10:41Z,FILE-01,ACME\admin.jlee,chrome.exe,6479,msedgewebview2.exe,10301,msedgewebview2.exe --utility-sub-type=network,signed,benign,normal browser activity
PROC-00890,2026-08-09T01:22:44Z,VULN-SCAN-01,ACME\admin.jlee,explorer.exe,6164,powershell.exe,8970,powershell.exe Get-Service,signed,benign,routine admin
PROC-00312,2026-08-09T01:29:23Z,ADMIN-WS-11,ACME\admin.rpatel,wsmprovhost.exe,2338,powershell.exe,10825,powershell.exe -File C:\Deploy\Install-Agent.ps1,signed,benign,approved deployment
PROC-00624,2026-08-09T01:38:33Z,ADMIN-WS-11,ACME\svc_deploy,taskeng.exe,1034,powershell.exe,13103,powershell.exe -File C:\Ops\Rotate-Logs.ps1,signed,benign,routine maintenance
PROC-00565,2026-08-09T01:43:18Z,VULN-SCAN-01,ACME\admin.rpatel,wsmprovhost.exe,7000,powershell.exe,13668,powershell.exe -File C:\Deploy\Install-Agent.ps1,signed,benign,approved deployment
PROC-00668,2026-08-09T01:47:31Z,WEB-EDGE-01,ACME\svc_backup,services.exe,8060,backup-agent.exe,2371,backup-agent.exe --run,signed,benign,scheduled backup
PROC-00209,2026-08-09T01:52:31Z,WEB-EDGE-01,NT AUTHORITY\SYSTEM,taskeng.exe,1898,powershell.exe,8523,powershell.exe -File C:\Ops\Rotate-Logs.ps1,signed,benign,routine maintenance
PROC-01256,2026-08-09T01:56:39Z,DEPLOY-01,ACME\admin.rpatel,explorer.exe,8065,powershell.exe,9404,powershell.exe Get-Service,signed,benign,routine admin
PROC-01330,2026-08-09T01:57:33Z,FILE-01,ACME\svc_backup,taskeng.exe,2502,powershell.exe,9249,powershell.exe -File C:\Ops\Rotate-Logs.ps1,signed,benign,routine maintenance
PROC-00476,2026-08-09T02:02:48Z,APP-API-02,NT AUTHORITY\SYSTEM,wsmprovhost.exe,5767,powershell.exe,7715,powershell.exe -File C:\Deploy\Install-Agent.ps1,signed,benign,approved deployment
PROC-00998,2026-08-09T02:08:37Z,ADMIN-WS-07,NT AUTHORITY\SYSTEM,wsmprovhost.exe,507,powershell.exe,8278,powershell.exe -File C:\Deploy\Install-Agent.ps1,signed,benign,approved deployment
PROC-00724,2026-08-09T02:09:10Z,DEPLOY-01,NT AUTHORITY\SYSTEM,taskeng.exe,750,powershell.exe,1841,powershell.exe -File C:\Ops\Rotate-Logs.ps1,signed,benign,routine maintenance
PROC-00512,2026-08-09T02:20:42Z,VULN-SCAN-01,ACME\admin.jlee,wsmprovhost.exe,8694,powershell.exe,7667,powershell.exe -File C:\Deploy\Install-Agent.ps1,signed,benign,approved deployment
PROC-00425,2026-08-09T02:39:36Z,DEPLOY-01,ACME\svc_deploy,chrome.exe,932,msedgewebview2.exe,13961,msedgewebview2.exe --utility-sub-type=network,signed,benign,normal browser activity
PROC-00071,2026-08-09T02:43:01Z,FILE-01,ACME\svc_backup,services.exe,2799,backup-agent.exe,10530,backup-agent.exe --run,signed,benign,scheduled backup
PROC-01376,2026-08-09T02:43:44Z,ADMIN-WS-07,ACME\svc_deploy,taskeng.exe,5224,powershell.exe,2290,powershell.exe -File C:\Ops\Rotate-Logs.ps1,signed,benign,routine maintenance
PROC-00119,2026-08-09T02:43:47Z,FILE-01,ACME\admin.jlee,explorer.exe,8668,powershell.exe,5581,powershell.exe Get-Service,signed,benign,routine admin
PROC-00457,2026-08-09T02:46:30Z,ADMIN-WS-11,ACME\admin.jlee,taskeng.exe,8191,powershell.exe,5917,powershell.exe -File C:\Ops\Rotate-Logs.ps1,signed,benign,routine maintenance
PROC-00930,2026-08-09T02:51:00Z,APP-API-02,NT AUTHORITY\SYSTEM,wsmprovhost.exe,2605,powershell.exe,2543,powershell.exe -File C:\Deploy\Install-Agent.ps1,signed,benign,approved deployment
PROC-01217,2026-08-09T03:01:50Z,APP-API-02,ACME\svc_deploy,services.exe,5911,backup-agent.exe,6001,backup-agent.exe --run,signed,benign,scheduled backup
PROC-00042,2026-08-09T03:02:22Z,APP-API-02,ACME\svc_deploy,wsmprovhost.exe,8948,powershell.exe,1407,powershell.exe -File C:\Deploy\Install-Agent.ps1,signed,benign,approved deployment
PROC-00359,2026-08-09T03:15:48Z,FILE-01,ACME\svc_backup,services.exe,7541,backup-agent.exe,6951,backup-agent.exe --run,signed,benign,scheduled backup
PROC-00385,2026-08-09T03:15:48Z,FILE-01,NT AUTHORITY\SYSTEM,chrome.exe,5532,msedgewebview2.exe,8158,msedgewebview2.exe --utility-sub-type=network,signed,benign,normal browser activity
PROC-00764,2026-08-09T03:26:58Z,FILE-01,ACME\admin.rpatel,explorer.exe,969,powershell.exe,14030,powershell.exe Get-Service,signed,benign,routine admin
PROC-01446,2026-08-09T03:29:27Z,ADMIN-WS-07,ACME\svc_backup,chrome.exe,8161,msedgewebview2.exe,12156,msedgewebview2.exe --utility-sub-type=network,signed,benign,normal browser activity
PROC-01154,2026-08-09T03:37:13Z,ADMIN-WS-07,ACME\svc_deploy,services.exe,6477,backup-agent.exe,3530,backup-agent.exe --run,signed,benign,scheduled backup
PROC-01240,2026-08-09T03:37:51Z,APP-API-02,ACME\admin.jlee,services.exe,7526,backup-agent.exe,8852,backup-agent.exe --run,signed,benign,scheduled backup
PROC-00912,2026-08-09T03:54:47Z,VULN-SCAN-01,ACME\svc_deploy,services.exe,7661,backup-agent.exe,8271,backup-agent.exe --run,signed,benign,scheduled backup
PROC-00347,2026-08-09T03:55:29Z,ADMIN-WS-07,ACME\admin.rpatel,explorer.exe,8988,powershell.exe,5789,powershell.exe Get-Service,signed,benign,routine admin
PROC-00746,2026-08-09T04:11:10Z,FILE-01,ACME\svc_deploy,wsmprovhost.exe,8479,powershell.exe,7759,powershell.exe -File C:\Deploy\Install-Agent.ps1,signed,benign,approved deployment
PROC-00862,2026-08-09T04:16:26Z,DEPLOY-01,ACME\svc_deploy,explorer.exe,8172,powershell.exe,9991,powershell.exe Get-Service,signed,benign,routine admin
PROC-00901,2026-08-09T04:21:44Z,APP-API-02,ACME\admin.jlee,taskeng.exe,7822,powershell.exe,4178,powershell.exe -File C:\Ops\Rotate-Logs.ps1,signed,benign,routine maintenance
PROC-01138,2026-08-09T04:25:46Z,WEB-EDGE-01,ACME\admin.jlee,services.exe,7224,backup-agent.exe,5455,backup-agent.exe --run,signed,benign,scheduled backup
PROC-01361,2026-08-09T04:33:06Z,APP-API-02,ACME\svc_deploy,services.exe,3582,backup-agent.exe,4969,backup-agent.exe --run,signed,benign,scheduled backup
PROC-01342,2026-08-09T04:39:11Z,APP-API-02,NT AUTHORITY\SYSTEM,taskeng.exe,1092,powershell.exe,7543,powershell.exe -File C:\Ops\Rotate-Logs.ps1,signed,benign,routine maintenance
PROC-00498,2026-08-09T04:39:19Z,APP-API-02,ACME\admin.rpatel,taskeng.exe,5812,powershell.exe,2194,powershell.exe -File C:\Ops\Rotate-Logs.ps1,signed,benign,routine maintenance
PROC-00916,2026-08-09T04:45:52Z,WEB-EDGE-01,ACME\admin.jlee,services.exe,8643,backup-agent.exe,12705,backup-agent.exe --run,signed,benign,scheduled backup
PROC-01478,2026-08-09T04:47:26Z,ADMIN-WS-07,NT AUTHORITY\SYSTEM,explorer.exe,2697,powershell.exe,2812,powershell.exe Get-Service,signed,benign,routine admin
PROC-00927,2026-08-09T05:04:53Z,DEPLOY-01,ACME\admin.jlee,explorer.exe,1315,powershell.exe,12649,powershell.exe Get-Service,signed,benign,routine admin
PROC-01444,2026-08-09T05:09:40Z,ADMIN-WS-07,ACME\svc_deploy,taskeng.exe,2828,powershell.exe,5304,powershell.exe -File C:\Ops\Rotate-Logs.ps1,signed,benign,routine maintenance
PROC-01043,2026-08-09T05:12:53Z,ADMIN-WS-07,NT AUTHORITY\SYSTEM,chrome.exe,4238,msedgewebview2.exe,13787,msedgewebview2.exe --utility-sub-type=network,signed,benign,normal browser activity
PROC-00231,2026-08-09T05:15:44Z,WEB-EDGE-01,ACME\svc_backup,chrome.exe,8183,msedgewebview2.exe,9804,msedgewebview2.exe --utility-sub-type=network,signed,benign,normal browser activity
PROC-01149,2026-08-09T05:17:52Z,VULN-SCAN-01,ACME\svc_deploy,taskeng.exe,8892,powershell.exe,10973,powershell.exe -File C:\Ops\Rotate-Logs.ps1,signed,benign,routine maintenance
PROC-01359,2026-08-09T05:38:14Z,ADMIN-WS-11,ACME\admin.rpatel,taskeng.exe,7370,powershell.exe,1996,powershell.exe -File C:\Ops\Rotate-Logs.ps1,signed,benign,routine maintenance
PROC-00416,2026-08-09T05:39:46Z,VULN-SCAN-01,ACME\svc_backup,explorer.exe,2224,powershell.exe,13644,powershell.exe Get-Service,signed,benign,routine admin
PROC-00581,2026-08-09T05:41:09Z,ADMIN-WS-11,ACME\admin.jlee,taskeng.exe,6064,powershell.exe,10069,powershell.exe -File C:\Ops\Rotate-Logs.ps1,signed,benign,routine maintenance
PROC-01218,2026-08-09T05:45:00Z,APP-API-02,ACME\svc_backup,explorer.exe,3639,powershell.exe,12518,powershell.exe Get-Service,signed,benign,routine admin
PROC-00641,2026-08-09T05:52:58Z,FILE-01,ACME\admin.rpatel,wsmprovhost.exe,6631,powershell.exe,14780,powershell.exe -File C:\Deploy\Install-Agent.ps1,signed,benign,approved deployment
PROC-00942,2026-08-09T05:58:11Z,VULN-SCAN-01,ACME\admin.jlee,chrome.exe,7570,msedgewebview2.exe,6536,msedgewebview2.exe --utility-sub-type=network,signed,benign,normal browser activity
PROC-00747,2026-08-09T06:16:16Z,APP-API-02,ACME\svc_backup,chrome.exe,663,msedgewebview2.exe,9727,msedgewebview2.exe --utility-sub-type=network,signed,benign,normal browser activity
PROC-01305,2026-08-09T06:42:09Z,APP-API-02,ACME\admin.jlee,explorer.exe,3564,powershell.exe,1996,powershell.exe Get-Service,signed,benign,routine admin
PROC-00714,2026-08-09T06:47:34Z,APP-API-02,ACME\admin.jlee,taskeng.exe,5087,powershell.exe,1308,powershell.exe -File C:\Ops\Rotate-Logs.ps1,signed,benign,routine maintenance
PROC-00924,2026-08-09T06:48:05Z,ADMIN-WS-11,ACME\svc_backup,explorer.exe,8711,powershell.exe,8362,powershell.exe Get-Service,signed,benign,routine admin
PROC-00958,2026-08-09T06:49:51Z,VULN-SCAN-01,ACME\svc_backup,services.exe,8579,backup-agent.exe,8915,backup-agent.exe --run,signed,benign,scheduled backup
PROC-01216,2026-08-09T06:51:27Z,APP-API-02,ACME\admin.jlee,explorer.exe,8479,powershell.exe,6320,powershell.exe Get-Service,signed,benign,routine admin
PROC-00889,2026-08-09T06:58:59Z,ADMIN-WS-07,ACME\svc_deploy,explorer.exe,1097,powershell.exe,2891,powershell.exe Get-Service,signed,benign,routine admin
PROC-00618,2026-08-09T07:07:17Z,WEB-EDGE-01,NT AUTHORITY\SYSTEM,explorer.exe,4606,powershell.exe,7895,powershell.exe Get-Service,signed,benign,routine admin
PROC-00984,2026-08-09T07:15:18Z,ADMIN-WS-11,ACME\admin.jlee,wsmprovhost.exe,1091,powershell.exe,9841,powershell.exe -File C:\Deploy\Install-Agent.ps1,signed,benign,approved deployment
PROC-01333,2026-08-09T07:19:45Z,ADMIN-WS-07,ACME\svc_backup,wsmprovhost.exe,678,powershell.exe,14926,powershell.exe -File C:\Deploy\Install-Agent.ps1,signed,benign,approved deployment
PROC-00686,2026-08-09T07:28:51Z,WEB-EDGE-01,ACME\admin.jlee,explorer.exe,4708,powershell.exe,5071,powershell.exe Get-Service,signed,benign,routine admin
PROC-01258,2026-08-09T07:36:00Z,ADMIN-WS-07,NT AUTHORITY\SYSTEM,services.exe,6614,backup-agent.exe,12327,backup-agent.exe --run,signed,benign,scheduled backup
PROC-01349,2026-08-09T07:43:50Z,ADMIN-WS-07,NT AUTHORITY\SYSTEM,explorer.exe,6467,powershell.exe,4927,powershell.exe Get-Service,signed,benign,routine admin
PROC-00708,2026-08-09T07:49:59Z,ADMIN-WS-07,ACME\svc_backup,chrome.exe,7365,msedgewebview2.exe,10449,msedgewebview2.exe --utility-sub-type=network,signed,benign,normal browser activity
PROC-00559,2026-08-09T07:54:05Z,VULN-SCAN-01,ACME\admin.rpatel,explorer.exe,2100,powershell.exe,9453,powershell.exe Get-Service,signed,benign,routine admin
PROC-01374,2026-08-09T08:01:56Z,DEPLOY-01,NT AUTHORITY\SYSTEM,chrome.exe,5869,msedgewebview2.exe,5107,msedgewebview2.exe --utility-sub-type=network,signed,benign,normal browser activity
PROC-01131,2026-08-09T08:08:05Z,VULN-SCAN-01,ACME\admin.jlee,services.exe,2225,backup-agent.exe,3376,backup-agent.exe --run,signed,benign,scheduled backup
PROC-00516,2026-08-09T08:13:17Z,FILE-01,NT AUTHORITY\SYSTEM,chrome.exe,6476,msedgewebview2.exe,5017,msedgewebview2.exe --utility-sub-type=network,signed,benign,normal browser activity
PROC-01347,2026-08-09T08:14:24Z,ADMIN-WS-07,ACME\admin.rpatel,services.exe,5078,backup-agent.exe,14623,backup-agent.exe --run,signed,benign,scheduled backup
PROC-01234,2026-08-09T08:15:09Z,WEB-EDGE-01,NT AUTHORITY\SYSTEM,services.exe,2366,backup-agent.exe,8344,backup-agent.exe --run,signed,benign,scheduled backup
PROC-00233,2026-08-09T08:17:58Z,WEB-EDGE-01,NT AUTHORITY\SYSTEM,chrome.exe,8934,msedgewebview2.exe,4438,msedgewebview2.exe --utility-sub-type=network,signed,benign,normal browser activity
PROC-00679,2026-08-09T08:27:00Z,VULN-SCAN-01,ACME\svc_deploy,wsmprovhost.exe,6921,powershell.exe,8011,powershell.exe -File C:\Deploy\Install-Agent.ps1,signed,benign,approved deployment
PROC-01424,2026-08-09T08:27:00Z,DEPLOY-01,ACME\svc_deploy,chrome.exe,7147,msedgewebview2.exe,6339,msedgewebview2.exe --utility-sub-type=network,signed,benign,normal browser activity
PROC-01073,2026-08-09T08:30:29Z,ADMIN-WS-07,ACME\admin.jlee,services.exe,8059,backup-agent.exe,2685,backup-agent.exe --run,signed,benign,scheduled backup
PROC-00058,2026-08-09T08:31:29Z,WEB-EDGE-01,ACME\svc_deploy,taskeng.exe,5548,powershell.exe,6951,powershell.exe -File C:\Ops\Rotate-Logs.ps1,signed,benign,routine maintenance
PROC-00891,2026-08-09T08:32:44Z,APP-API-02,ACME\svc_deploy,wsmprovhost.exe,7539,powershell.exe,11019,powershell.exe -File C:\Deploy\Install-Agent.ps1,signed,benign,approved deployment
PROC-00935,2026-08-09T08:39:23Z,VULN-SCAN-01,ACME\admin.jlee,chrome.exe,8505,msedgewebview2.exe,9825,msedgewebview2.exe --utility-sub-type=network,signed,benign,normal browser activity
PROC-00054,2026-08-09T08:42:08Z,ADMIN-WS-07,ACME\admin.rpatel,taskeng.exe,4356,powershell.exe,1058,powershell.exe -File C:\Ops\Rotate-Logs.ps1,signed,benign,routine maintenance
PROC-00219,2026-08-09T08:42:25Z,ADMIN-WS-11,ACME\svc_deploy,wsmprovhost.exe,5328,powershell.exe,6346,powershell.exe -File C:\Deploy\Install-Agent.ps1,signed,benign,approved deployment
PROC-01031,2026-08-09T09:01:16Z,ADMIN-WS-11,NT AUTHORITY\SYSTEM,taskeng.exe,3243,powershell.exe,1475,powershell.exe -File C:\Ops\Rotate-Logs.ps1,signed,benign,routine maintenance
PROC-00872,2026-08-09T09:03:00Z,APP-API-02,ACME\svc_deploy,taskeng.exe,6235,powershell.exe,4600,powershell.exe -File C:\Ops\Rotate-Logs.ps1,signed,benign,routine maintenance
PROC-00211,2026-08-09T09:06:46Z,FILE-01,ACME\admin.jlee,explorer.exe,6515,powershell.exe,5687,powershell.exe Get-Service,signed,benign,routine admin
PROC-00316,2026-08-09T09:08:58Z,FILE-01,ACME\svc_backup,chrome.exe,7213,msedgewebview2.exe,3034,msedgewebview2.exe --utility-sub-type=network,signed,benign,normal browser activity
PROC-00985,2026-08-09T09:13:30Z,FILE-01,ACME\svc_backup,explorer.exe,3683,powershell.exe,10287,powershell.exe Get-Service,signed,benign,routine admin
PROC-00829,2026-08-09T09:22:02Z,ADMIN-WS-07,ACME\admin.jlee,explorer.exe,2357,powershell.exe,6020,powershell.exe Get-Service,signed,benign,routine admin
PROC-01172,2026-08-09T09:27:52Z,DEPLOY-01,NT AUTHORITY\SYSTEM,services.exe,3083,backup-agent.exe,4983,backup-agent.exe --run,signed,benign,scheduled backup
PROC-00108,2026-08-09T09:33:25Z,WEB-EDGE-01,ACME\admin.jlee,wsmprovhost.exe,3653,powershell.exe,10742,powershell.exe -File C:\Deploy\Install-Agent.ps1,signed,benign,approved deployment
PROC-01126,2026-08-09T09:38:03Z,APP-API-02,ACME\admin.rpatel,chrome.exe,4266,msedgewebview2.exe,8605,msedgewebview2.exe --utility-sub-type=network,signed,benign,normal browser activity
PROC-00333,2026-08-09T09:54:22Z,APP-API-02,ACME\svc_backup,chrome.exe,4681,msedgewebview2.exe,10719,msedgewebview2.exe --utility-sub-type=network,signed,benign,normal browser activity
PROC-00702,2026-08-09T09:55:47Z,FILE-01,ACME\svc_deploy,chrome.exe,7940,msedgewebview2.exe,7743,msedgewebview2.exe --utility-sub-type=network,signed,benign,normal browser activity
PROC-00175,2026-08-09T10:05:42Z,DEPLOY-01,ACME\svc_deploy,taskeng.exe,3255,powershell.exe,9649,powershell.exe -File C:\Ops\Rotate-Logs.ps1,signed,benign,routine maintenance
PROC-01108,2026-08-09T10:11:32Z,ADMIN-WS-11,ACME\admin.rpatel,explorer.exe,8500,powershell.exe,13364,powershell.exe Get-Service,signed,benign,routine admin
PROC-00521,2026-08-09T10:29:46Z,ADMIN-WS-07,NT AUTHORITY\SYSTEM,taskeng.exe,5550,powershell.exe,9495,powershell.exe -File C:\Ops\Rotate-Logs.ps1,signed,benign,routine maintenance
PROC-00342,2026-08-09T10:30:31Z,VULN-SCAN-01,NT AUTHORITY\SYSTEM,services.exe,3510,backup-agent.exe,10408,backup-agent.exe --run,signed,benign,scheduled backup
PROC-00290,2026-08-09T10:31:44Z,ADMIN-WS-11,ACME\admin.rpatel,taskeng.exe,8545,powershell.exe,7679,powershell.exe -File C:\Ops\Rotate-Logs.ps1,signed,benign,routine maintenance
PROC-00066,2026-08-09T10:41:58Z,ADMIN-WS-11,ACME\admin.rpatel,wsmprovhost.exe,5680,powershell.exe,10484,powershell.exe -File C:\Deploy\Install-Agent.ps1,signed,benign,approved deployment
PROC-01422,2026-08-09T10:42:33Z,ADMIN-WS-07,ACME\admin.rpatel,taskeng.exe,4381,powershell.exe,12155,powershell.exe -File C:\Ops\Rotate-Logs.ps1,signed,benign,routine maintenance
PROC-00334,2026-08-09T10:52:58Z,FILE-01,ACME\admin.rpatel,wsmprovhost.exe,6977,powershell.exe,11637,powershell.exe -File C:\Deploy\Install-Agent.ps1,signed,benign,approved deployment
PROC-00835,2026-08-09T10:58:00Z,APP-API-02,NT AUTHORITY\SYSTEM,taskeng.exe,3136,powershell.exe,10935,powershell.exe -File C:\Ops\Rotate-Logs.ps1,signed,benign,routine maintenance
PROC-01483,2026-08-09T11:12:51Z,VULN-SCAN-01,ACME\admin.jlee,services.exe,7389,backup-agent.exe,14190,backup-agent.exe --run,signed,benign,scheduled backup
PROC-00908,2026-08-09T11:22:59Z,APP-API-02,ACME\admin.rpatel,services.exe,5119,backup-agent.exe,4172,backup-agent.exe --run,signed,benign,scheduled backup
PROC-00134,2026-08-09T11:25:41Z,FILE-01,ACME\svc_backup,wsmprovhost.exe,7573,powershell.exe,14066,powershell.exe -File C:\Deploy\Install-Agent.ps1,signed,benign,approved deployment
PROC-01139,2026-08-09T11:31:51Z,VULN-SCAN-01,ACME\svc_deploy,chrome.exe,1361,msedgewebview2.exe,12072,msedgewebview2.exe --utility-sub-type=network,signed,benign,normal browser activity
PROC-00149,2026-08-09T11:53:41Z,ADMIN-WS-11,NT AUTHORITY\SYSTEM,wsmprovhost.exe,8799,powershell.exe,13499,powershell.exe -File C:\Deploy\Install-Agent.ps1,signed,benign,approved deployment
PROC-00037,2026-08-09T12:00:21Z,APP-API-02,ACME\svc_backup,services.exe,5822,backup-agent.exe,9933,backup-agent.exe --run,signed,benign,scheduled backup
PROC-00681,2026-08-09T12:23:58Z,DEPLOY-01,NT AUTHORITY\SYSTEM,explorer.exe,8923,powershell.exe,13054,powershell.exe Get-Service,signed,benign,routine admin
PROC-00087,2026-08-09T12:25:56Z,ADMIN-WS-07,ACME\svc_deploy,services.exe,3855,backup-agent.exe,12231,backup-agent.exe --run,signed,benign,scheduled backup
PROC-00201,2026-08-09T12:32:58Z,FILE-01,ACME\admin.rpatel,wsmprovhost.exe,3532,powershell.exe,3432,powershell.exe -File C:\Deploy\Install-Agent.ps1,signed,benign,approved deployment
PROC-00320,2026-08-09T12:37:40Z,VULN-SCAN-01,ACME\admin.jlee,explorer.exe,6936,powershell.exe,9617,powershell.exe Get-Service,signed,benign,routine admin
PROC-01332,2026-08-09T12:43:06Z,ADMIN-WS-11,NT AUTHORITY\SYSTEM,taskeng.exe,8453,powershell.exe,12433,powershell.exe -File C:\Ops\Rotate-Logs.ps1,signed,benign,routine maintenance
PROC-00241,2026-08-09T12:55:21Z,VULN-SCAN-01,ACME\svc_backup,taskeng.exe,2615,powershell.exe,2231,powershell.exe -File C:\Ops\Rotate-Logs.ps1,signed,benign,routine maintenance
PROC-00525,2026-08-09T13:06:20Z,DEPLOY-01,ACME\svc_deploy,wsmprovhost.exe,7774,powershell.exe,13569,powershell.exe -File C:\Deploy\Install-Agent.ps1,signed,benign,approved deployment
PROC-00719,2026-08-09T13:14:06Z,WEB-EDGE-01,ACME\admin.rpatel,explorer.exe,5353,powershell.exe,5729,powershell.exe Get-Service,signed,benign,routine admin
PROC-00156,2026-08-09T13:15:31Z,ADMIN-WS-07,ACME\svc_deploy,wsmprovhost.exe,8438,powershell.exe,5361,powershell.exe -File C:\Deploy\Install-Agent.ps1,signed,benign,approved deployment
PROC-00062,2026-08-09T13:21:22Z,ADMIN-WS-07,ACME\svc_backup,wsmprovhost.exe,5404,powershell.exe,1560,powershell.exe -File C:\Deploy\Install-Agent.ps1,signed,benign,approved deployment
PROC-00260,2026-08-09T13:23:59Z,WEB-EDGE-01,NT AUTHORITY\SYSTEM,wsmprovhost.exe,2969,powershell.exe,11963,powershell.exe -File C:\Deploy\Install-Agent.ps1,signed,benign,approved deployment
PROC-00330,2026-08-09T13:45:24Z,VULN-SCAN-01,ACME\admin.rpatel,chrome.exe,3773,msedgewebview2.exe,13288,msedgewebview2.exe --utility-sub-type=network,signed,benign,normal browser activity
PROC-01380,2026-08-09T13:46:25Z,WEB-EDGE-01,ACME\svc_backup,services.exe,2903,backup-agent.exe,12085,backup-agent.exe --run,signed,benign,scheduled backup
PROC-00697,2026-08-09T14:00:53Z,APP-API-02,ACME\admin.jlee,wsmprovhost.exe,724,powershell.exe,10704,powershell.exe -File C:\Deploy\Install-Agent.ps1,signed,benign,approved deployment
PROC-00824,2026-08-09T14:01:02Z,ADMIN-WS-11,ACME\admin.jlee,services.exe,8106,backup-agent.exe,9381,backup-agent.exe --run,signed,benign,scheduled backup
PROC-00053,2026-08-09T14:01:35Z,APP-API-02,ACME\admin.rpatel,explorer.exe,779,powershell.exe,5720,powershell.exe Get-Service,signed,benign,routine admin
PROC-00732,2026-08-09T14:01:54Z,APP-API-02,ACME\svc_backup,wsmprovhost.exe,442,powershell.exe,12328,powershell.exe -File C:\Deploy\Install-Agent.ps1,signed,benign,approved deployment
PROC-00182,2026-08-09T14:08:16Z,APP-API-02,ACME\admin.rpatel,chrome.exe,6445,msedgewebview2.exe,7857,msedgewebview2.exe --utility-sub-type=network,signed,benign,normal browser activity
PROC-00954,2026-08-09T14:43:23Z,WEB-EDGE-01,NT AUTHORITY\SYSTEM,services.exe,8069,backup-agent.exe,3644,backup-agent.exe --run,signed,benign,scheduled backup
PROC-00405,2026-08-09T14:48:17Z,FILE-01,NT AUTHORITY\SYSTEM,explorer.exe,871,powershell.exe,12956,powershell.exe Get-Service,signed,benign,routine admin
PROC-01051,2026-08-09T15:02:59Z,WEB-EDGE-01,ACME\svc_deploy,chrome.exe,6487,msedgewebview2.exe,14138,msedgewebview2.exe --utility-sub-type=network,signed,benign,normal browser activity
PROC-00528,2026-08-09T15:06:01Z,ADMIN-WS-07,ACME\svc_deploy,services.exe,8482,backup-agent.exe,8504,backup-agent.exe --run,signed,benign,scheduled backup
PROC-01463,2026-08-09T15:06:47Z,ADMIN-WS-11,NT AUTHORITY\SYSTEM,explorer.exe,2280,powershell.exe,4396,powershell.exe Get-Service,signed,benign,routine admin
PROC-01133,2026-08-09T15:13:24Z,WEB-EDGE-01,NT AUTHORITY\SYSTEM,wsmprovhost.exe,6081,powershell.exe,3459,powershell.exe -File C:\Deploy\Install-Agent.ps1,signed,benign,approved deployment
PROC-00034,2026-08-09T15:14:44Z,DEPLOY-01,ACME\admin.rpatel,chrome.exe,7020,msedgewebview2.exe,7674,msedgewebview2.exe --utility-sub-type=network,signed,benign,normal browser activity
PROC-00339,2026-08-09T15:17:40Z,ADMIN-WS-07,ACME\admin.jlee,chrome.exe,1163,msedgewebview2.exe,6968,msedgewebview2.exe --utility-sub-type=network,signed,benign,normal browser activity
PROC-01429,2026-08-09T15:19:21Z,WEB-EDGE-01,ACME\svc_deploy,chrome.exe,4089,msedgewebview2.exe,3457,msedgewebview2.exe --utility-sub-type=network,signed,benign,normal browser activity
PROC-00585,2026-08-09T15:29:18Z,ADMIN-WS-11,ACME\admin.jlee,taskeng.exe,4440,powershell.exe,14335,powershell.exe -File C:\Ops\Rotate-Logs.ps1,signed,benign,routine maintenance
PROC-00660,2026-08-09T15:35:58Z,DEPLOY-01,NT AUTHORITY\SYSTEM,services.exe,4080,backup-agent.exe,14600,backup-agent.exe --run,signed,benign,scheduled backup
PROC-00894,2026-08-09T15:39:05Z,WEB-EDGE-01,ACME\admin.jlee,explorer.exe,2326,powershell.exe,2812,powershell.exe Get-Service,signed,benign,routine admin
PROC-01241,2026-08-09T15:45:14Z,WEB-EDGE-01,ACME\admin.jlee,wsmprovhost.exe,5269,powershell.exe,7289,powershell.exe -File C:\Deploy\Install-Agent.ps1,signed,benign,approved deployment
PROC-00899,2026-08-09T15:45:22Z,WEB-EDGE-01,ACME\svc_deploy,chrome.exe,2916,msedgewebview2.exe,9808,msedgewebview2.exe --utility-sub-type=network,signed,benign,normal browser activity
PROC-00408,2026-08-09T16:10:07Z,DEPLOY-01,NT AUTHORITY\SYSTEM,services.exe,1039,backup-agent.exe,9828,backup-agent.exe --run,signed,benign,scheduled backup
PROC-01391,2026-08-09T16:21:27Z,APP-API-02,ACME\admin.rpatel,chrome.exe,4270,msedgewebview2.exe,14265,msedgewebview2.exe --utility-sub-type=network,signed,benign,normal browser activity
PROC-00821,2026-08-09T16:28:53Z,APP-API-02,NT AUTHORITY\SYSTEM,explorer.exe,5629,powershell.exe,4798,powershell.exe Get-Service,signed,benign,routine admin
PROC-00788,2026-08-09T16:33:50Z,APP-API-02,ACME\admin.jlee,taskeng.exe,1104,powershell.exe,9222,powershell.exe -File C:\Ops\Rotate-Logs.ps1,signed,benign,routine maintenance
PROC-00436,2026-08-09T16:35:25Z,ADMIN-WS-11,ACME\admin.jlee,taskeng.exe,466,powershell.exe,7111,powershell.exe -File C:\Ops\Rotate-Logs.ps1,signed,benign,routine maintenance
PROC-01407,2026-08-09T16:44:25Z,APP-API-02,ACME\svc_backup,chrome.exe,7522,msedgewebview2.exe,4854,msedgewebview2.exe --utility-sub-type=network,signed,benign,normal browser activity
PROC-00403,2026-08-09T16:48:32Z,VULN-SCAN-01,NT AUTHORITY\SYSTEM,chrome.exe,7745,msedgewebview2.exe,7017,msedgewebview2.exe --utility-sub-type=network,signed,benign,normal browser activity
PROC-00640,2026-08-09T16:55:15Z,WEB-EDGE-01,ACME\svc_backup,chrome.exe,7521,msedgewebview2.exe,6394,msedgewebview2.exe --utility-sub-type=network,signed,benign,normal browser activity
PROC-00445,2026-08-09T17:03:37Z,APP-API-02,ACME\admin.jlee,services.exe,3040,backup-agent.exe,1423,backup-agent.exe --run,signed,benign,scheduled backup
PROC-00544,2026-08-09T17:04:06Z,ADMIN-WS-11,ACME\svc_deploy,wsmprovhost.exe,6799,powershell.exe,3106,powershell.exe -File C:\Deploy\Install-Agent.ps1,signed,benign,approved deployment
PROC-01494,2026-08-09T17:04:23Z,ADMIN-WS-07,ACME\admin.rpatel,taskeng.exe,6440,powershell.exe,10861,powershell.exe -File C:\Ops\Rotate-Logs.ps1,signed,benign,routine maintenance
PROC-01140,2026-08-09T17:16:10Z,VULN-SCAN-01,ACME\svc_backup,explorer.exe,6553,powershell.exe,1952,powershell.exe Get-Service,signed,benign,routine admin
PROC-01261,2026-08-09T17:28:32Z,WEB-EDGE-01,ACME\svc_backup,explorer.exe,5091,powershell.exe,13876,powershell.exe Get-Service,signed,benign,routine admin
PROC-01164,2026-08-09T17:39:49Z,FILE-01,ACME\svc_backup,explorer.exe,8659,powershell.exe,9186,powershell.exe Get-Service,signed,benign,routine admin
PROC-00158,2026-08-09T17:49:38Z,APP-API-02,ACME\admin.rpatel,taskeng.exe,1591,powershell.exe,8239,powershell.exe -File C:\Ops\Rotate-Logs.ps1,signed,benign,routine maintenance
PROC-00752,2026-08-09T18:11:56Z,FILE-01,ACME\admin.jlee,chrome.exe,3872,msedgewebview2.exe,14199,msedgewebview2.exe --utility-sub-type=network,signed,benign,normal browser activity
PROC-01413,2026-08-09T18:19:11Z,APP-API-02,ACME\svc_deploy,chrome.exe,2756,msedgewebview2.exe,4108,msedgewebview2.exe --utility-sub-type=network,signed,benign,normal browser activity
PROC-01445,2026-08-09T18:25:40Z,ADMIN-WS-11,ACME\svc_backup,taskeng.exe,3433,powershell.exe,6270,powershell.exe -File C:\Ops\Rotate-Logs.ps1,signed,benign,routine maintenance
PROC-00667,2026-08-09T18:55:31Z,FILE-01,ACME\svc_backup,explorer.exe,2267,powershell.exe,10529,powershell.exe Get-Service,signed,benign,routine admin
PROC-01132,2026-08-09T19:04:37Z,APP-API-02,NT AUTHORITY\SYSTEM,chrome.exe,8010,msedgewebview2.exe,3113,msedgewebview2.exe --utility-sub-type=network,signed,benign,normal browser activity
PROC-00466,2026-08-09T19:06:11Z,APP-API-02,ACME\svc_deploy,wsmprovhost.exe,2934,powershell.exe,12444,powershell.exe -File C:\Deploy\Install-Agent.ps1,signed,benign,approved deployment
PROC-01188,2026-08-09T19:07:25Z,APP-API-02,ACME\svc_backup,chrome.exe,6161,msedgewebview2.exe,11488,msedgewebview2.exe --utility-sub-type=network,signed,benign,normal browser activity
PROC-01288,2026-08-09T19:10:05Z,DEPLOY-01,ACME\admin.jlee,chrome.exe,1573,msedgewebview2.exe,1481,msedgewebview2.exe --utility-sub-type=network,signed,benign,normal browser activity
PROC-01311,2026-08-09T19:16:14Z,FILE-01,ACME\admin.rpatel,services.exe,7262,backup-agent.exe,12075,backup-agent.exe --run,signed,benign,scheduled backup
PROC-00505,2026-08-09T19:18:08Z,WEB-EDGE-01,ACME\admin.jlee,chrome.exe,2189,msedgewebview2.exe,11555,msedgewebview2.exe --utility-sub-type=network,signed,benign,normal browser activity
PROC-00563,2026-08-09T19:19:15Z,FILE-01,NT AUTHORITY\SYSTEM,services.exe,7221,backup-agent.exe,9729,backup-agent.exe --run,signed,benign,scheduled backup
PROC-00600,2026-08-09T19:33:15Z,VULN-SCAN-01,ACME\admin.jlee,wsmprovhost.exe,8585,powershell.exe,11579,powershell.exe -File C:\Deploy\Install-Agent.ps1,signed,benign,approved deployment
PROC-00797,2026-08-09T20:00:07Z,DEPLOY-01,ACME\svc_backup,wsmprovhost.exe,6850,powershell.exe,9988,powershell.exe -File C:\Deploy\Install-Agent.ps1,signed,benign,approved deployment
PROC-00199,2026-08-09T20:02:45Z,APP-API-02,ACME\admin.rpatel,taskeng.exe,640,powershell.exe,3476,powershell.exe -File C:\Ops\Rotate-Logs.ps1,signed,benign,routine maintenance
PROC-00110,2026-08-09T20:05:24Z,WEB-EDGE-01,ACME\svc_backup,explorer.exe,2344,powershell.exe,9171,powershell.exe Get-Service,signed,benign,routine admin
PROC-01315,2026-08-09T20:12:59Z,DEPLOY-01,ACME\svc_deploy,explorer.exe,6582,powershell.exe,9700,powershell.exe Get-Service,signed,benign,routine admin
PROC-00322,2026-08-09T20:25:00Z,ADMIN-WS-11,ACME\admin.rpatel,services.exe,7317,backup-agent.exe,14486,backup-agent.exe --run,signed,benign,scheduled backup
PROC-01020,2026-08-09T20:28:53Z,WEB-EDGE-01,ACME\admin.jlee,taskeng.exe,871,powershell.exe,2015,powershell.exe -File C:\Ops\Rotate-Logs.ps1,signed,benign,routine maintenance
PROC-00543,2026-08-09T20:33:11Z,VULN-SCAN-01,NT AUTHORITY\SYSTEM,chrome.exe,2298,msedgewebview2.exe,6387,msedgewebview2.exe --utility-sub-type=network,signed,benign,normal browser activity
PROC-01196,2026-08-09T20:49:05Z,ADMIN-WS-11,ACME\admin.jlee,explorer.exe,8057,powershell.exe,1494,powershell.exe Get-Service,signed,benign,routine admin
PROC-01442,2026-08-09T20:56:15Z,VULN-SCAN-01,NT AUTHORITY\SYSTEM,taskeng.exe,4214,powershell.exe,8962,powershell.exe -File C:\Ops\Rotate-Logs.ps1,signed,benign,routine maintenance
PROC-00855,2026-08-09T20:58:23Z,DEPLOY-01,ACME\svc_backup,wsmprovhost.exe,2424,powershell.exe,9692,powershell.exe -File C:\Deploy\Install-Agent.ps1,signed,benign,approved deployment
PROC-01434,2026-08-09T20:59:26Z,ADMIN-WS-07,ACME\svc_deploy,taskeng.exe,2169,powershell.exe,11355,powershell.exe -File C:\Ops\Rotate-Logs.ps1,signed,benign,routine maintenance
PROC-01004,2026-08-09T21:01:23Z,ADMIN-WS-11,ACME\admin.jlee,chrome.exe,6676,msedgewebview2.exe,3280,msedgewebview2.exe --utility-sub-type=network,signed,benign,normal browser activity
PROC-00311,2026-08-09T21:27:18Z,APP-API-02,ACME\admin.rpatel,explorer.exe,1011,powershell.exe,10337,powershell.exe Get-Service,signed,benign,routine admin
PROC-00858,2026-08-09T21:37:22Z,ADMIN-WS-11,ACME\svc_backup,wsmprovhost.exe,8782,powershell.exe,10918,powershell.exe -File C:\Deploy\Install-Agent.ps1,signed,benign,approved deployment
PROC-00604,2026-08-09T21:48:11Z,DEPLOY-01,NT AUTHORITY\SYSTEM,explorer.exe,7367,powershell.exe,9297,powershell.exe Get-Service,signed,benign,routine admin
PROC-00538,2026-08-09T21:57:36Z,APP-API-02,NT AUTHORITY\SYSTEM,services.exe,5699,backup-agent.exe,5430,backup-agent.exe --run,signed,benign,scheduled backup
PROC-01397,2026-08-09T21:59:49Z,VULN-SCAN-01,ACME\admin.rpatel,services.exe,5738,backup-agent.exe,1695,backup-agent.exe --run,signed,benign,scheduled backup
PROC-00644,2026-08-09T22:04:30Z,VULN-SCAN-01,ACME\svc_backup,taskeng.exe,6552,powershell.exe,8436,powershell.exe -File C:\Ops\Rotate-Logs.ps1,signed,benign,routine maintenance
PROC-00542,2026-08-09T22:05:49Z,FILE-01,ACME\admin.rpatel,wsmprovhost.exe,442,powershell.exe,10864,powershell.exe -File C:\Deploy\Install-Agent.ps1,signed,benign,approved deployment
PROC-00414,2026-08-09T22:06:24Z,ADMIN-WS-11,ACME\admin.jlee,chrome.exe,423,msedgewebview2.exe,8317,msedgewebview2.exe --utility-sub-type=network,signed,benign,normal browser activity
PROC-00019,2026-08-09T22:10:14Z,VULN-SCAN-01,NT AUTHORITY\SYSTEM,chrome.exe,386,msedgewebview2.exe,14690,msedgewebview2.exe --utility-sub-type=network,signed,benign,normal browser activity
PROC-01089,2026-08-09T22:12:01Z,VULN-SCAN-01,NT AUTHORITY\SYSTEM,taskeng.exe,5313,powershell.exe,7645,powershell.exe -File C:\Ops\Rotate-Logs.ps1,signed,benign,routine maintenance
PROC-00052,2026-08-09T22:17:10Z,VULN-SCAN-01,ACME\svc_deploy,explorer.exe,4316,powershell.exe,13574,powershell.exe Get-Service,signed,benign,routine admin
PROC-00492,2026-08-09T22:24:04Z,ADMIN-WS-07,ACME\svc_backup,wsmprovhost.exe,4597,powershell.exe,3248,powershell.exe -File C:\Deploy\Install-Agent.ps1,signed,benign,approved deployment
PROC-01109,2026-08-09T22:28:26Z,VULN-SCAN-01,ACME\svc_deploy,explorer.exe,7919,powershell.exe,1373,powershell.exe Get-Service,signed,benign,routine admin
PROC-00721,2026-08-09T22:44:46Z,DEPLOY-01,ACME\admin.rpatel,explorer.exe,2487,powershell.exe,12252,powershell.exe Get-Service,signed,benign,routine admin
PROC-00247,2026-08-09T22:47:18Z,ADMIN-WS-07,ACME\admin.jlee,wsmprovhost.exe,5867,powershell.exe,11983,powershell.exe -File C:\Deploy\Install-Agent.ps1,signed,benign,approved deployment
PROC-00326,2026-08-09T22:57:33Z,APP-API-02,NT AUTHORITY\SYSTEM,chrome.exe,3547,msedgewebview2.exe,5815,msedgewebview2.exe --utility-sub-type=network,signed,benign,normal browser activity
PROC-00658,2026-08-09T23:04:22Z,WEB-EDGE-01,NT AUTHORITY\SYSTEM,wsmprovhost.exe,8787,powershell.exe,6796,powershell.exe -File C:\Deploy\Install-Agent.ps1,signed,benign,approved deployment
PROC-00279,2026-08-09T23:08:28Z,ADMIN-WS-11,ACME\svc_backup,services.exe,390,backup-agent.exe,12746,backup-agent.exe --run,signed,benign,scheduled backup
PROC-00814,2026-08-09T23:08:51Z,DEPLOY-01,ACME\admin.jlee,services.exe,424,backup-agent.exe,1562,backup-agent.exe --run,signed,benign,scheduled backup
PROC-00572,2026-08-09T23:16:42Z,DEPLOY-01,ACME\admin.rpatel,wsmprovhost.exe,3711,powershell.exe,4793,powershell.exe -File C:\Deploy\Install-Agent.ps1,signed,benign,approved deployment
PROC-01302,2026-08-09T23:26:01Z,WEB-EDGE-01,ACME\svc_deploy,services.exe,2016,backup-agent.exe,10313,backup-agent.exe --run,signed,benign,scheduled backup
PROC-00715,2026-08-09T23:31:41Z,WEB-EDGE-01,ACME\admin.rpatel,explorer.exe,1347,powershell.exe,2518,powershell.exe Get-Service,signed,benign,routine admin
PROC-01119,2026-08-09T23:32:40Z,APP-API-02,ACME\admin.jlee,services.exe,7658,backup-agent.exe,5371,backup-agent.exe --run,signed,benign,scheduled backup
PROC-00522,2026-08-09T23:33:05Z,WEB-EDGE-01,NT AUTHORITY\SYSTEM,taskeng.exe,978,powershell.exe,3930,powershell.exe -File C:\Ops\Rotate-Logs.ps1,signed,benign,routine maintenance
PROC-00727,2026-08-09T23:44:49Z,DEPLOY-01,ACME\admin.jlee,services.exe,7229,backup-agent.exe,13966,backup-agent.exe --run,signed,benign,scheduled backup
PROC-01331,2026-08-09T23:50:22Z,APP-API-02,ACME\admin.jlee,explorer.exe,6843,powershell.exe,14900,powershell.exe Get-Service,signed,benign,routine admin
PROC-00656,2026-08-09T23:55:17Z,APP-API-02,ACME\svc_backup,services.exe,4002,backup-agent.exe,1811,backup-agent.exe --run,signed,benign,scheduled backup
PROC-00474,2026-08-10T00:16:40Z,FILE-01,ACME\svc_deploy,taskeng.exe,6188,powershell.exe,5022,powershell.exe -File C:\Ops\Rotate-Logs.ps1,signed,benign,routine maintenance
PROC-00616,2026-08-10T00:19:43Z,WEB-EDGE-01,ACME\svc_backup,chrome.exe,6020,msedgewebview2.exe,11002,msedgewebview2.exe --utility-sub-type=network,signed,benign,normal browser activity
PROC-00928,2026-08-10T00:20:42Z,ADMIN-WS-11,NT AUTHORITY\SYSTEM,chrome.exe,5991,msedgewebview2.exe,5182,msedgewebview2.exe --utility-sub-type=network,signed,benign,normal browser activity
PROC-01274,2026-08-10T00:27:14Z,VULN-SCAN-01,NT AUTHORITY\SYSTEM,chrome.exe,3589,msedgewebview2.exe,5226,msedgewebview2.exe --utility-sub-type=network,signed,benign,normal browser activity
PROC-01252,2026-08-10T00:31:23Z,WEB-EDGE-01,ACME\admin.rpatel,services.exe,2136,backup-agent.exe,4753,backup-agent.exe --run,signed,benign,scheduled backup
PROC-00822,2026-08-10T00:49:31Z,FILE-01,ACME\svc_backup,taskeng.exe,606,powershell.exe,7095,powershell.exe -File C:\Ops\Rotate-Logs.ps1,signed,benign,routine maintenance
PROC-01179,2026-08-10T00:51:06Z,DEPLOY-01,ACME\svc_deploy,taskeng.exe,5041,powershell.exe,9093,powershell.exe -File C:\Ops\Rotate-Logs.ps1,signed,benign,routine maintenance
PROC-00670,2026-08-10T00:52:05Z,WEB-EDGE-01,ACME\svc_deploy,taskeng.exe,6405,powershell.exe,13768,powershell.exe -File C:\Ops\Rotate-Logs.ps1,signed,benign,routine maintenance
PROC-00166,2026-08-10T00:52:50Z,WEB-EDGE-01,ACME\admin.rpatel,explorer.exe,5599,powershell.exe,4958,powershell.exe Get-Service,signed,benign,routine admin
PROC-00839,2026-08-10T00:59:22Z,WEB-EDGE-01,ACME\svc_deploy,wsmprovhost.exe,3113,powershell.exe,8921,powershell.exe -File C:\Deploy\Install-Agent.ps1,signed,benign,approved deployment
PROC-00490,2026-08-10T01:19:28Z,APP-API-02,ACME\admin.jlee,chrome.exe,2040,msedgewebview2.exe,3967,msedgewebview2.exe --utility-sub-type=network,signed,benign,normal browser activity
PROC-00393,2026-08-10T01:24:06Z,ADMIN-WS-11,ACME\svc_backup,wsmprovhost.exe,6122,powershell.exe,6113,powershell.exe -File C:\Deploy\Install-Agent.ps1,signed,benign,approved deployment
PROC-00432,2026-08-10T01:24:57Z,APP-API-02,NT AUTHORITY\SYSTEM,taskeng.exe,7259,powershell.exe,2587,powershell.exe -File C:\Ops\Rotate-Logs.ps1,signed,benign,routine maintenance
PROC-00292,2026-08-10T01:56:32Z,WEB-EDGE-01,ACME\admin.jlee,chrome.exe,7375,msedgewebview2.exe,5381,msedgewebview2.exe --utility-sub-type=network,signed,benign,normal browser activity
PROC-00774,2026-08-10T01:58:15Z,ADMIN-WS-11,NT AUTHORITY\SYSTEM,explorer.exe,6718,powershell.exe,6138,powershell.exe Get-Service,signed,benign,routine admin
PROC-00992,2026-08-10T01:58:46Z,WEB-EDGE-01,ACME\svc_backup,wsmprovhost.exe,6182,powershell.exe,8161,powershell.exe -File C:\Deploy\Install-Agent.ps1,signed,benign,approved deployment
PROC-00386,2026-08-10T02:04:08Z,ADMIN-WS-11,NT AUTHORITY\SYSTEM,services.exe,4311,backup-agent.exe,9841,backup-agent.exe --run,signed,benign,scheduled backup
PROC-00036,2026-08-10T02:14:10Z,DEPLOY-01,ACME\svc_backup,chrome.exe,7244,msedgewebview2.exe,3129,msedgewebview2.exe --utility-sub-type=network,signed,benign,normal browser activity
PROC-01319,2026-08-10T02:20:24Z,ADMIN-WS-11,ACME\svc_deploy,taskeng.exe,1009,powershell.exe,9073,powershell.exe -File C:\Ops\Rotate-Logs.ps1,signed,benign,routine maintenance
PROC-01137,2026-08-10T02:20:49Z,VULN-SCAN-01,NT AUTHORITY\SYSTEM,taskeng.exe,1207,powershell.exe,1087,powershell.exe -File C:\Ops\Rotate-Logs.ps1,signed,benign,routine maintenance
PROC-00440,2026-08-10T02:21:21Z,ADMIN-WS-11,ACME\admin.jlee,wsmprovhost.exe,1430,powershell.exe,9805,powershell.exe -File C:\Deploy\Install-Agent.ps1,signed,benign,approved deployment
PROC-01270,2026-08-10T02:28:09Z,APP-API-02,ACME\svc_backup,taskeng.exe,8328,powershell.exe,7194,powershell.exe -File C:\Ops\Rotate-Logs.ps1,signed,benign,routine maintenance
PROC-01487,2026-08-10T02:38:09Z,VULN-SCAN-01,ACME\admin.jlee,chrome.exe,2349,msedgewebview2.exe,6960,msedgewebview2.exe --utility-sub-type=network,signed,benign,normal browser activity
PROC-00701,2026-08-10T02:43:43Z,ADMIN-WS-07,ACME\svc_deploy,taskeng.exe,3968,powershell.exe,7252,powershell.exe -File C:\Ops\Rotate-Logs.ps1,signed,benign,routine maintenance
PROC-01063,2026-08-10T02:51:33Z,WEB-EDGE-01,ACME\svc_backup,wsmprovhost.exe,1251,powershell.exe,7592,powershell.exe -File C:\Deploy\Install-Agent.ps1,signed,benign,approved deployment
PROC-00378,2026-08-10T02:52:24Z,VULN-SCAN-01,NT AUTHORITY\SYSTEM,chrome.exe,6688,msedgewebview2.exe,14794,msedgewebview2.exe --utility-sub-type=network,signed,benign,normal browser activity
PROC-01254,2026-08-10T02:55:01Z,WEB-EDGE-01,ACME\svc_deploy,services.exe,7422,backup-agent.exe,13946,backup-agent.exe --run,signed,benign,scheduled backup
PROC-00206,2026-08-10T03:01:14Z,DEPLOY-01,ACME\svc_deploy,chrome.exe,3673,msedgewebview2.exe,4697,msedgewebview2.exe --utility-sub-type=network,signed,benign,normal browser activity
PROC-00461,2026-08-10T03:06:05Z,VULN-SCAN-01,NT AUTHORITY\SYSTEM,taskeng.exe,749,powershell.exe,10066,powershell.exe -File C:\Ops\Rotate-Logs.ps1,signed,benign,routine maintenance
PROC-01229,2026-08-10T03:18:10Z,WEB-EDGE-01,ACME\admin.rpatel,chrome.exe,5748,msedgewebview2.exe,2461,msedgewebview2.exe --utility-sub-type=network,signed,benign,normal browser activity
PROC-00934,2026-08-10T03:21:22Z,DEPLOY-01,ACME\svc_backup,services.exe,7930,backup-agent.exe,5418,backup-agent.exe --run,signed,benign,scheduled backup
PROC-00779,2026-08-10T03:28:09Z,DEPLOY-01,ACME\svc_deploy,services.exe,3782,backup-agent.exe,6485,backup-agent.exe --run,signed,benign,scheduled backup
PROC-00354,2026-08-10T03:33:54Z,WEB-EDGE-01,ACME\svc_deploy,taskeng.exe,5866,powershell.exe,7194,powershell.exe -File C:\Ops\Rotate-Logs.ps1,signed,benign,routine maintenance
PROC-01343,2026-08-10T03:38:38Z,APP-API-02,ACME\admin.jlee,explorer.exe,4739,powershell.exe,5583,powershell.exe Get-Service,signed,benign,routine admin
PROC-01176,2026-08-10T03:47:57Z,WEB-EDGE-01,ACME\svc_deploy,explorer.exe,8726,powershell.exe,8853,powershell.exe Get-Service,signed,benign,routine admin
PROC-01294,2026-08-10T03:48:25Z,ADMIN-WS-07,ACME\svc_backup,services.exe,5226,backup-agent.exe,8104,backup-agent.exe --run,signed,benign,scheduled backup
PROC-00044,2026-08-10T03:52:05Z,DEPLOY-01,NT AUTHORITY\SYSTEM,taskeng.exe,7071,powershell.exe,3992,powershell.exe -File C:\Ops\Rotate-Logs.ps1,signed,benign,routine maintenance
PROC-01313,2026-08-10T03:57:51Z,ADMIN-WS-11,ACME\svc_deploy,wsmprovhost.exe,1872,powershell.exe,1009,powershell.exe -File C:\Deploy\Install-Agent.ps1,signed,benign,approved deployment
PROC-00005,2026-08-10T04:01:42Z,FILE-01,ACME\admin.rpatel,taskeng.exe,1290,powershell.exe,13454,powershell.exe -File C:\Ops\Rotate-Logs.ps1,signed,benign,routine maintenance
PROC-01253,2026-08-10T04:10:13Z,ADMIN-WS-07,ACME\admin.rpatel,services.exe,411,backup-agent.exe,11890,backup-agent.exe --run,signed,benign,scheduled backup
PROC-01098,2026-08-10T04:16:42Z,ADMIN-WS-07,NT AUTHORITY\SYSTEM,chrome.exe,1640,msedgewebview2.exe,8154,msedgewebview2.exe --utility-sub-type=network,signed,benign,normal browser activity
PROC-00113,2026-08-10T04:20:55Z,APP-API-02,NT AUTHORITY\SYSTEM,wsmprovhost.exe,8080,powershell.exe,13690,powershell.exe -File C:\Deploy\Install-Agent.ps1,signed,benign,approved deployment
PROC-00346,2026-08-10T04:27:15Z,APP-API-02,ACME\admin.rpatel,chrome.exe,6553,msedgewebview2.exe,3689,msedgewebview2.exe --utility-sub-type=network,signed,benign,normal browser activity
PROC-00887,2026-08-10T04:44:02Z,DEPLOY-01,ACME\admin.jlee,services.exe,7602,backup-agent.exe,1731,backup-agent.exe --run,signed,benign,scheduled backup
PROC-00804,2026-08-10T04:47:13Z,WEB-EDGE-01,ACME\admin.rpatel,taskeng.exe,2903,powershell.exe,8296,powershell.exe -File C:\Ops\Rotate-Logs.ps1,signed,benign,routine maintenance
PROC-00869,2026-08-10T04:54:16Z,ADMIN-WS-11,NT AUTHORITY\SYSTEM,explorer.exe,2532,powershell.exe,3315,powershell.exe Get-Service,signed,benign,routine admin
PROC-01284,2026-08-10T04:55:01Z,VULN-SCAN-01,ACME\admin.rpatel,chrome.exe,3857,msedgewebview2.exe,12607,msedgewebview2.exe --utility-sub-type=network,signed,benign,normal browser activity
PROC-01187,2026-08-10T05:19:16Z,DEPLOY-01,ACME\admin.jlee,chrome.exe,4701,msedgewebview2.exe,8917,msedgewebview2.exe --utility-sub-type=network,signed,benign,normal browser activity
PROC-00722,2026-08-10T05:19:32Z,VULN-SCAN-01,ACME\svc_deploy,taskeng.exe,3363,powershell.exe,13644,powershell.exe -File C:\Ops\Rotate-Logs.ps1,signed,benign,routine maintenance
PROC-00685,2026-08-10T05:22:18Z,FILE-01,ACME\svc_backup,wsmprovhost.exe,3235,powershell.exe,8138,powershell.exe -File C:\Deploy\Install-Agent.ps1,signed,benign,approved deployment
PROC-01267,2026-08-10T05:41:00Z,DEPLOY-01,ACME\svc_deploy,explorer.exe,7477,powershell.exe,11233,powershell.exe Get-Service,signed,benign,routine admin
PROC-00098,2026-08-10T05:47:56Z,FILE-01,ACME\svc_backup,wsmprovhost.exe,949,powershell.exe,6200,powershell.exe -File C:\Deploy\Install-Agent.ps1,signed,benign,approved deployment
PROC-00994,2026-08-10T05:58:55Z,APP-API-02,ACME\svc_deploy,services.exe,2658,backup-agent.exe,3811,backup-agent.exe --run,signed,benign,scheduled backup
PROC-00625,2026-08-10T06:17:07Z,FILE-01,ACME\admin.jlee,services.exe,5609,backup-agent.exe,7365,backup-agent.exe --run,signed,benign,scheduled backup
PROC-00856,2026-08-10T06:20:04Z,FILE-01,NT AUTHORITY\SYSTEM,taskeng.exe,3141,powershell.exe,4379,powershell.exe -File C:\Ops\Rotate-Logs.ps1,signed,benign,routine maintenance
PROC-00693,2026-08-10T06:29:48Z,APP-API-02,ACME\admin.jlee,explorer.exe,8506,powershell.exe,3815,powershell.exe Get-Service,signed,benign,routine admin
PROC-00713,2026-08-10T06:37:55Z,ADMIN-WS-07,ACME\svc_deploy,explorer.exe,3913,powershell.exe,12974,powershell.exe Get-Service,signed,benign,routine admin
PROC-00266,2026-08-10T06:43:10Z,DEPLOY-01,ACME\svc_deploy,taskeng.exe,8998,powershell.exe,5221,powershell.exe -File C:\Ops\Rotate-Logs.ps1,signed,benign,routine maintenance
PROC-00595,2026-08-10T06:48:40Z,APP-API-02,ACME\svc_backup,explorer.exe,8581,powershell.exe,7992,powershell.exe Get-Service,signed,benign,routine admin
PROC-00995,2026-08-10T06:50:29Z,DEPLOY-01,ACME\svc_backup,explorer.exe,3186,powershell.exe,6943,powershell.exe Get-Service,signed,benign,routine admin
PROC-01470,2026-08-10T06:54:29Z,VULN-SCAN-01,ACME\svc_deploy,services.exe,3789,backup-agent.exe,12428,backup-agent.exe --run,signed,benign,scheduled backup
PROC-00740,2026-08-10T06:54:53Z,ADMIN-WS-07,ACME\admin.rpatel,chrome.exe,4282,msedgewebview2.exe,7026,msedgewebview2.exe --utility-sub-type=network,signed,benign,normal browser activity
PROC-00905,2026-08-10T06:59:17Z,APP-API-02,ACME\svc_deploy,chrome.exe,705,msedgewebview2.exe,14698,msedgewebview2.exe --utility-sub-type=network,signed,benign,normal browser activity
PROC-00580,2026-08-10T07:07:33Z,ADMIN-WS-11,ACME\svc_backup,explorer.exe,8971,powershell.exe,3025,powershell.exe Get-Service,signed,benign,routine admin
PROC-00011,2026-08-10T07:14:26Z,WEB-EDGE-01,ACME\admin.jlee,wsmprovhost.exe,4185,powershell.exe,2167,powershell.exe -File C:\Deploy\Install-Agent.ps1,signed,benign,approved deployment
PROC-01143,2026-08-10T07:22:02Z,VULN-SCAN-01,ACME\svc_deploy,services.exe,2342,backup-agent.exe,12436,backup-agent.exe --run,signed,benign,scheduled backup
PROC-01428,2026-08-10T07:23:03Z,DEPLOY-01,ACME\svc_deploy,explorer.exe,8298,powershell.exe,10595,powershell.exe Get-Service,signed,benign,routine admin
PROC-01373,2026-08-10T07:28:07Z,DEPLOY-01,NT AUTHORITY\SYSTEM,wsmprovhost.exe,2759,powershell.exe,3174,powershell.exe -File C:\Deploy\Install-Agent.ps1,signed,benign,approved deployment
PROC-01169,2026-08-10T07:29:44Z,APP-API-02,ACME\admin.jlee,taskeng.exe,2651,powershell.exe,13285,powershell.exe -File C:\Ops\Rotate-Logs.ps1,signed,benign,routine maintenance
PROC-00589,2026-08-10T07:52:41Z,ADMIN-WS-11,ACME\svc_deploy,taskeng.exe,2779,powershell.exe,14506,powershell.exe -File C:\Ops\Rotate-Logs.ps1,signed,benign,routine maintenance
PROC-00022,2026-08-10T08:01:16Z,VULN-SCAN-01,ACME\svc_backup,services.exe,7705,backup-agent.exe,3932,backup-agent.exe --run,signed,benign,scheduled backup
PROC-00190,2026-08-10T08:01:17Z,DEPLOY-01,ACME\admin.jlee,services.exe,4913,backup-agent.exe,9714,backup-agent.exe --run,signed,benign,scheduled backup
PROC-01468,2026-08-10T08:03:45Z,ADMIN-WS-11,NT AUTHORITY\SYSTEM,explorer.exe,4123,powershell.exe,14644,powershell.exe Get-Service,signed,benign,routine admin
PROC-00413,2026-08-10T08:19:36Z,APP-API-02,ACME\admin.jlee,taskeng.exe,5129,powershell.exe,8342,powershell.exe -File C:\Ops\Rotate-Logs.ps1,signed,benign,routine maintenance
PROC-00420,2026-08-10T08:23:56Z,ADMIN-WS-07,NT AUTHORITY\SYSTEM,taskeng.exe,7279,powershell.exe,9722,powershell.exe -File C:\Ops\Rotate-Logs.ps1,signed,benign,routine maintenance
PROC-01209,2026-08-10T08:48:53Z,ADMIN-WS-11,ACME\svc_backup,chrome.exe,6488,msedgewebview2.exe,9527,msedgewebview2.exe --utility-sub-type=network,signed,benign,normal browser activity
PROC-00125,2026-08-10T08:50:22Z,DEPLOY-01,ACME\admin.rpatel,services.exe,804,backup-agent.exe,6545,backup-agent.exe --run,signed,benign,scheduled backup
PROC-01115,2026-08-10T08:57:36Z,ADMIN-WS-11,ACME\svc_backup,wsmprovhost.exe,1375,powershell.exe,13090,powershell.exe -File C:\Deploy\Install-Agent.ps1,signed,benign,approved deployment
PROC-01009,2026-08-10T08:58:05Z,APP-API-02,ACME\svc_deploy,explorer.exe,2307,powershell.exe,1094,powershell.exe Get-Service,signed,benign,routine admin
PROC-00453,2026-08-10T08:59:40Z,VULN-SCAN-01,ACME\svc_deploy,explorer.exe,3487,powershell.exe,2220,powershell.exe Get-Service,signed,benign,routine admin
PROC-00383,2026-08-10T09:14:18Z,ADMIN-WS-07,ACME\svc_backup,explorer.exe,4589,powershell.exe,8092,powershell.exe Get-Service,signed,benign,routine admin
PROC-00790,2026-08-10T09:21:13Z,ADMIN-WS-07,NT AUTHORITY\SYSTEM,taskeng.exe,5166,powershell.exe,4157,powershell.exe -File C:\Ops\Rotate-Logs.ps1,signed,benign,routine maintenance
PROC-01441,2026-08-10T09:23:41Z,DEPLOY-01,ACME\admin.rpatel,wsmprovhost.exe,5506,powershell.exe,11893,powershell.exe -File C:\Deploy\Install-Agent.ps1,signed,benign,approved deployment
PROC-00028,2026-08-10T09:26:29Z,VULN-SCAN-01,ACME\svc_deploy,services.exe,1424,backup-agent.exe,12418,backup-agent.exe --run,signed,benign,scheduled backup
PROC-01323,2026-08-10T09:37:26Z,APP-API-02,ACME\svc_deploy,wsmprovhost.exe,4024,powershell.exe,9647,powershell.exe -File C:\Deploy\Install-Agent.ps1,signed,benign,approved deployment
PROC-00267,2026-08-10T09:38:24Z,APP-API-02,ACME\admin.rpatel,wsmprovhost.exe,7493,powershell.exe,11941,powershell.exe -File C:\Deploy\Install-Agent.ps1,signed,benign,approved deployment
PROC-00237,2026-08-10T09:44:02Z,ADMIN-WS-07,NT AUTHORITY\SYSTEM,chrome.exe,3683,msedgewebview2.exe,7421,msedgewebview2.exe --utility-sub-type=network,signed,benign,normal browser activity
PROC-01201,2026-08-10T09:54:02Z,APP-API-02,NT AUTHORITY\SYSTEM,chrome.exe,3736,msedgewebview2.exe,13942,msedgewebview2.exe --utility-sub-type=network,signed,benign,normal browser activity
PROC-00706,2026-08-10T09:56:35Z,ADMIN-WS-07,ACME\admin.rpatel,taskeng.exe,3897,powershell.exe,5068,powershell.exe -File C:\Ops\Rotate-Logs.ps1,signed,benign,routine maintenance
PROC-01090,2026-08-10T10:00:15Z,ADMIN-WS-07,ACME\svc_backup,wsmprovhost.exe,3229,powershell.exe,2599,powershell.exe -File C:\Deploy\Install-Agent.ps1,signed,benign,approved deployment
PROC-00748,2026-08-10T10:07:28Z,FILE-01,ACME\admin.rpatel,explorer.exe,5009,powershell.exe,2864,powershell.exe Get-Service,signed,benign,routine admin
PROC-01476,2026-08-10T10:13:37Z,ADMIN-WS-07,ACME\svc_deploy,explorer.exe,1850,powershell.exe,12916,powershell.exe Get-Service,signed,benign,routine admin
PROC-01158,2026-08-10T10:14:15Z,APP-API-02,ACME\admin.jlee,chrome.exe,4825,msedgewebview2.exe,8385,msedgewebview2.exe --utility-sub-type=network,signed,benign,normal browser activity
PROC-00849,2026-08-10T10:18:54Z,WEB-EDGE-01,ACME\svc_deploy,services.exe,7656,backup-agent.exe,6087,backup-agent.exe --run,signed,benign,scheduled backup
PROC-01054,2026-08-10T10:21:50Z,DEPLOY-01,ACME\svc_backup,services.exe,4764,backup-agent.exe,14887,backup-agent.exe --run,signed,benign,scheduled backup
PROC-00662,2026-08-10T10:22:22Z,DEPLOY-01,NT AUTHORITY\SYSTEM,explorer.exe,3286,powershell.exe,7731,powershell.exe Get-Service,signed,benign,routine admin
PROC-01194,2026-08-10T10:37:53Z,APP-API-02,NT AUTHORITY\SYSTEM,taskeng.exe,7823,powershell.exe,12320,powershell.exe -File C:\Ops\Rotate-Logs.ps1,signed,benign,routine maintenance
PROC-01395,2026-08-10T10:38:55Z,DEPLOY-01,ACME\svc_deploy,chrome.exe,3983,msedgewebview2.exe,5633,msedgewebview2.exe --utility-sub-type=network,signed,benign,normal browser activity
PROC-00622,2026-08-10T11:05:22Z,APP-API-02,ACME\admin.jlee,wsmprovhost.exe,7607,powershell.exe,12984,powershell.exe -File C:\Deploy\Install-Agent.ps1,signed,benign,approved deployment
PROC-00258,2026-08-10T11:13:01Z,ADMIN-WS-07,ACME\svc_deploy,wsmprovhost.exe,2072,powershell.exe,11189,powershell.exe -File C:\Deploy\Install-Agent.ps1,signed,benign,approved deployment
PROC-00007,2026-08-10T11:14:47Z,ADMIN-WS-11,NT AUTHORITY\SYSTEM,chrome.exe,1305,msedgewebview2.exe,13842,msedgewebview2.exe --utility-sub-type=network,signed,benign,normal browser activity
PROC-01080,2026-08-10T11:15:28Z,APP-API-02,ACME\svc_deploy,explorer.exe,2890,powershell.exe,11413,powershell.exe Get-Service,signed,benign,routine admin
PROC-01275,2026-08-10T11:15:37Z,ADMIN-WS-11,NT AUTHORITY\SYSTEM,wsmprovhost.exe,8157,powershell.exe,4105,powershell.exe -File C:\Deploy\Install-Agent.ps1,signed,benign,approved deployment
PROC-00517,2026-08-10T11:25:00Z,APP-API-02,ACME\svc_backup,explorer.exe,2110,powershell.exe,7819,powershell.exe Get-Service,signed,benign,routine admin
PROC-00568,2026-08-10T11:45:20Z,ADMIN-WS-11,ACME\admin.rpatel,wsmprovhost.exe,2231,powershell.exe,2410,powershell.exe -File C:\Deploy\Install-Agent.ps1,signed,benign,approved deployment
PROC-00009,2026-08-10T11:53:09Z,ADMIN-WS-07,ACME\svc_backup,services.exe,6629,backup-agent.exe,7976,backup-agent.exe --run,signed,benign,scheduled backup
PROC-01466,2026-08-10T11:55:27Z,DEPLOY-01,ACME\admin.rpatel,wsmprovhost.exe,4368,powershell.exe,11106,powershell.exe -File C:\Deploy\Install-Agent.ps1,signed,benign,approved deployment
PROC-01095,2026-08-10T12:05:28Z,APP-API-02,NT AUTHORITY\SYSTEM,wsmprovhost.exe,3281,powershell.exe,7103,powershell.exe -File C:\Deploy\Install-Agent.ps1,signed,benign,approved deployment
PROC-01120,2026-08-10T12:08:30Z,APP-API-02,ACME\svc_backup,chrome.exe,2746,msedgewebview2.exe,2652,msedgewebview2.exe --utility-sub-type=network,signed,benign,normal browser activity
PROC-00315,2026-08-10T12:09:05Z,DEPLOY-01,ACME\svc_deploy,chrome.exe,8186,msedgewebview2.exe,9906,msedgewebview2.exe --utility-sub-type=network,signed,benign,normal browser activity
PROC-00918,2026-08-10T12:09:39Z,FILE-01,ACME\admin.rpatel,wsmprovhost.exe,8566,powershell.exe,1912,powershell.exe -File C:\Deploy\Install-Agent.ps1,signed,benign,approved deployment
PROC-01280,2026-08-10T12:11:06Z,ADMIN-WS-07,ACME\admin.jlee,chrome.exe,4199,msedgewebview2.exe,10658,msedgewebview2.exe --utility-sub-type=network,signed,benign,normal browser activity
PROC-00743,2026-08-10T12:19:41Z,WEB-EDGE-01,ACME\svc_deploy,chrome.exe,6656,msedgewebview2.exe,3248,msedgewebview2.exe --utility-sub-type=network,signed,benign,normal browser activity
PROC-00558,2026-08-10T12:21:02Z,FILE-01,ACME\svc_deploy,wsmprovhost.exe,2783,powershell.exe,2804,powershell.exe -File C:\Deploy\Install-Agent.ps1,signed,benign,approved deployment
PROC-01448,2026-08-10T12:30:15Z,DEPLOY-01,ACME\admin.rpatel,chrome.exe,5133,msedgewebview2.exe,4530,msedgewebview2.exe --utility-sub-type=network,signed,benign,normal browser activity
PROC-00447,2026-08-10T12:35:33Z,ADMIN-WS-07,ACME\svc_deploy,wsmprovhost.exe,8998,powershell.exe,3771,powershell.exe -File C:\Deploy\Install-Agent.ps1,signed,benign,approved deployment
PROC-00799,2026-08-10T12:41:30Z,ADMIN-WS-07,ACME\admin.rpatel,chrome.exe,3763,msedgewebview2.exe,3056,msedgewebview2.exe --utility-sub-type=network,signed,benign,normal browser activity
PROC-00056,2026-08-10T12:51:22Z,APP-API-02,ACME\admin.rpatel,explorer.exe,3974,powershell.exe,11885,powershell.exe Get-Service,signed,benign,routine admin
PROC-01146,2026-08-10T12:58:58Z,WEB-EDGE-01,ACME\svc_backup,explorer.exe,3172,powershell.exe,14317,powershell.exe Get-Service,signed,benign,routine admin
PROC-00576,2026-08-10T13:06:51Z,WEB-EDGE-01,ACME\svc_deploy,chrome.exe,5350,msedgewebview2.exe,7372,msedgewebview2.exe --utility-sub-type=network,signed,benign,normal browser activity
PROC-00439,2026-08-10T13:08:24Z,VULN-SCAN-01,ACME\svc_backup,wsmprovhost.exe,825,powershell.exe,9057,powershell.exe -File C:\Deploy\Install-Agent.ps1,signed,benign,approved deployment
PROC-00940,2026-08-10T13:14:53Z,APP-API-02,ACME\admin.rpatel,explorer.exe,7700,powershell.exe,12295,powershell.exe Get-Service,signed,benign,routine admin
PROC-00529,2026-08-10T13:23:11Z,APP-API-02,ACME\svc_deploy,chrome.exe,3878,msedgewebview2.exe,4491,msedgewebview2.exe --utility-sub-type=network,signed,benign,normal browser activity
PROC-00758,2026-08-10T13:41:45Z,ADMIN-WS-11,ACME\svc_deploy,wsmprovhost.exe,2257,powershell.exe,6492,powershell.exe -File C:\Deploy\Install-Agent.ps1,signed,benign,approved deployment
PROC-00084,2026-08-10T13:53:26Z,ADMIN-WS-07,ACME\svc_backup,chrome.exe,4442,msedgewebview2.exe,5484,msedgewebview2.exe --utility-sub-type=network,signed,benign,normal browser activity
PROC-01390,2026-08-10T14:13:54Z,APP-API-02,NT AUTHORITY\SYSTEM,explorer.exe,5213,powershell.exe,3489,powershell.exe Get-Service,signed,benign,routine admin
PROC-01279,2026-08-10T14:14:23Z,WEB-EDGE-01,ACME\svc_deploy,wsmprovhost.exe,8463,powershell.exe,4898,powershell.exe -File C:\Deploy\Install-Agent.ps1,signed,benign,approved deployment
PROC-00874,2026-08-10T14:28:19Z,DEPLOY-01,NT AUTHORITY\SYSTEM,taskeng.exe,3107,powershell.exe,11553,powershell.exe -File C:\Ops\Rotate-Logs.ps1,signed,benign,routine maintenance
PROC-00583,2026-08-10T14:42:39Z,APP-API-02,NT AUTHORITY\SYSTEM,explorer.exe,2784,powershell.exe,3259,powershell.exe Get-Service,signed,benign,routine admin
PROC-01003,2026-08-10T14:45:40Z,FILE-01,ACME\svc_deploy,taskeng.exe,7944,powershell.exe,2127,powershell.exe -File C:\Ops\Rotate-Logs.ps1,signed,benign,routine maintenance
PROC-00387,2026-08-10T14:50:27Z,ADMIN-WS-11,ACME\svc_backup,chrome.exe,3479,msedgewebview2.exe,3270,msedgewebview2.exe --utility-sub-type=network,signed,benign,normal browser activity
PROC-00423,2026-08-10T14:57:50Z,ADMIN-WS-11,ACME\admin.rpatel,wsmprovhost.exe,592,powershell.exe,12216,powershell.exe -File C:\Deploy\Install-Agent.ps1,signed,benign,approved deployment
PROC-00632,2026-08-10T15:01:27Z,VULN-SCAN-01,NT AUTHORITY\SYSTEM,explorer.exe,4274,powershell.exe,14096,powershell.exe Get-Service,signed,benign,routine admin
PROC-00437,2026-08-10T15:05:35Z,VULN-SCAN-01,ACME\admin.jlee,taskeng.exe,5535,powershell.exe,6766,powershell.exe -File C:\Ops\Rotate-Logs.ps1,signed,benign,routine maintenance
PROC-00200,2026-08-10T15:07:19Z,DEPLOY-01,ACME\admin.rpatel,chrome.exe,4419,msedgewebview2.exe,12658,msedgewebview2.exe --utility-sub-type=network,signed,benign,normal browser activity
PROC-00718,2026-08-10T15:12:07Z,APP-API-02,NT AUTHORITY\SYSTEM,services.exe,6023,backup-agent.exe,12429,backup-agent.exe --run,signed,benign,scheduled backup
PROC-00515,2026-08-10T15:15:56Z,APP-API-02,ACME\admin.jlee,chrome.exe,1507,msedgewebview2.exe,9752,msedgewebview2.exe --utility-sub-type=network,signed,benign,normal browser activity
PROC-01266,2026-08-10T15:20:25Z,APP-API-02,ACME\admin.rpatel,explorer.exe,2109,powershell.exe,14888,powershell.exe Get-Service,signed,benign,routine admin
PROC-00152,2026-08-10T15:24:31Z,VULN-SCAN-01,ACME\admin.rpatel,wsmprovhost.exe,5376,powershell.exe,5353,powershell.exe -File C:\Deploy\Install-Agent.ps1,signed,benign,approved deployment
PROC-01335,2026-08-10T15:26:14Z,APP-API-02,NT AUTHORITY\SYSTEM,chrome.exe,8501,msedgewebview2.exe,8657,msedgewebview2.exe --utility-sub-type=network,signed,benign,normal browser activity
PROC-00122,2026-08-10T15:36:03Z,WEB-EDGE-01,ACME\admin.rpatel,chrome.exe,4923,msedgewebview2.exe,4596,msedgewebview2.exe --utility-sub-type=network,signed,benign,normal browser activity
PROC-01136,2026-08-10T15:39:21Z,DEPLOY-01,ACME\admin.rpatel,services.exe,5592,backup-agent.exe,1204,backup-agent.exe --run,signed,benign,scheduled backup
PROC-01106,2026-08-10T15:52:37Z,WEB-EDGE-01,NT AUTHORITY\SYSTEM,chrome.exe,5122,msedgewebview2.exe,3749,msedgewebview2.exe --utility-sub-type=network,signed,benign,normal browser activity
PROC-00184,2026-08-10T16:02:37Z,FILE-01,ACME\svc_deploy,explorer.exe,6704,powershell.exe,8137,powershell.exe Get-Service,signed,benign,routine admin
PROC-00654,2026-08-10T16:04:43Z,APP-API-02,ACME\admin.rpatel,chrome.exe,6687,msedgewebview2.exe,6783,msedgewebview2.exe --utility-sub-type=network,signed,benign,normal browser activity
PROC-01436,2026-08-10T16:16:56Z,FILE-01,ACME\admin.jlee,services.exe,8704,backup-agent.exe,5257,backup-agent.exe --run,signed,benign,scheduled backup
PROC-00104,2026-08-10T16:17:41Z,FILE-01,ACME\admin.rpatel,explorer.exe,2531,powershell.exe,5590,powershell.exe Get-Service,signed,benign,routine admin
PROC-00737,2026-08-10T16:18:27Z,FILE-01,ACME\admin.jlee,explorer.exe,1957,powershell.exe,8675,powershell.exe Get-Service,signed,benign,routine admin
PROC-01224,2026-08-10T16:26:45Z,DEPLOY-01,ACME\svc_backup,taskeng.exe,4132,powershell.exe,1325,powershell.exe -File C:\Ops\Rotate-Logs.ps1,signed,benign,routine maintenance
PROC-00857,2026-08-10T16:30:07Z,WEB-EDGE-01,ACME\svc_backup,taskeng.exe,6251,powershell.exe,12311,powershell.exe -File C:\Ops\Rotate-Logs.ps1,signed,benign,routine maintenance
PROC-00202,2026-08-10T16:32:29Z,WEB-EDGE-01,ACME\svc_deploy,chrome.exe,1576,msedgewebview2.exe,13886,msedgewebview2.exe --utility-sub-type=network,signed,benign,normal browser activity
PROC-00117,2026-08-10T16:34:35Z,ADMIN-WS-07,ACME\svc_backup,taskeng.exe,6213,powershell.exe,3096,powershell.exe -File C:\Ops\Rotate-Logs.ps1,signed,benign,routine maintenance
PROC-01393,2026-08-10T16:47:27Z,VULN-SCAN-01,NT AUTHORITY\SYSTEM,chrome.exe,8277,msedgewebview2.exe,11753,msedgewebview2.exe --utility-sub-type=network,signed,benign,normal browser activity
PROC-01263,2026-08-10T16:51:48Z,VULN-SCAN-01,ACME\admin.rpatel,taskeng.exe,1580,powershell.exe,9035,powershell.exe -File C:\Ops\Rotate-Logs.ps1,signed,benign,routine maintenance
PROC-00017,2026-08-10T17:01:51Z,APP-API-02,ACME\svc_deploy,chrome.exe,7951,msedgewebview2.exe,3613,msedgewebview2.exe --utility-sub-type=network,signed,benign,normal browser activity
PROC-00888,2026-08-10T17:02:30Z,ADMIN-WS-07,NT AUTHORITY\SYSTEM,wsmprovhost.exe,2266,powershell.exe,5677,powershell.exe -File C:\Deploy\Install-Agent.ps1,signed,benign,approved deployment
PROC-00694,2026-08-10T17:07:45Z,ADMIN-WS-07,ACME\svc_deploy,chrome.exe,1749,msedgewebview2.exe,12903,msedgewebview2.exe --utility-sub-type=network,signed,benign,normal browser activity
PROC-00335,2026-08-10T17:13:01Z,APP-API-02,ACME\svc_deploy,taskeng.exe,1097,powershell.exe,3617,powershell.exe -File C:\Ops\Rotate-Logs.ps1,signed,benign,routine maintenance
PROC-00811,2026-08-10T17:19:54Z,DEPLOY-01,ACME\svc_deploy,wsmprovhost.exe,6412,powershell.exe,5953,powershell.exe -File C:\Deploy\Install-Agent.ps1,signed,benign,approved deployment
PROC-01352,2026-08-10T17:35:03Z,FILE-01,NT AUTHORITY\SYSTEM,taskeng.exe,5852,powershell.exe,2033,powershell.exe -File C:\Ops\Rotate-Logs.ps1,signed,benign,routine maintenance
PROC-00778,2026-08-10T17:37:47Z,VULN-SCAN-01,ACME\admin.jlee,wsmprovhost.exe,6929,powershell.exe,13302,powershell.exe -File C:\Deploy\Install-Agent.ps1,signed,benign,approved deployment
PROC-00121,2026-08-10T17:51:47Z,FILE-01,ACME\svc_backup,wsmprovhost.exe,5747,powershell.exe,3392,powershell.exe -File C:\Deploy\Install-Agent.ps1,signed,benign,approved deployment
PROC-00817,2026-08-10T18:01:02Z,DEPLOY-01,ACME\svc_backup,services.exe,3794,backup-agent.exe,8162,backup-agent.exe --run,signed,benign,scheduled backup
PROC-00352,2026-08-10T18:02:43Z,WEB-EDGE-01,ACME\admin.rpatel,explorer.exe,1384,powershell.exe,8431,powershell.exe Get-Service,signed,benign,routine admin
PROC-01061,2026-08-10T18:07:52Z,ADMIN-WS-07,NT AUTHORITY\SYSTEM,explorer.exe,5019,powershell.exe,5381,powershell.exe Get-Service,signed,benign,routine admin
PROC-01105,2026-08-10T18:18:04Z,WEB-EDGE-01,NT AUTHORITY\SYSTEM,chrome.exe,1151,msedgewebview2.exe,1707,msedgewebview2.exe --utility-sub-type=network,signed,benign,normal browser activity
PROC-00382,2026-08-10T18:25:55Z,APP-API-02,ACME\admin.jlee,services.exe,8475,backup-agent.exe,12226,backup-agent.exe --run,signed,benign,scheduled backup
PROC-00873,2026-08-10T18:27:38Z,ADMIN-WS-07,ACME\admin.jlee,explorer.exe,7469,powershell.exe,3516,powershell.exe Get-Service,signed,benign,routine admin
PROC-00793,2026-08-10T18:40:16Z,ADMIN-WS-11,ACME\admin.rpatel,chrome.exe,5495,msedgewebview2.exe,7239,msedgewebview2.exe --utility-sub-type=network,signed,benign,normal browser activity
PROC-00317,2026-08-10T18:40:35Z,ADMIN-WS-11,ACME\svc_deploy,taskeng.exe,4065,powershell.exe,2975,powershell.exe -File C:\Ops\Rotate-Logs.ps1,signed,benign,routine maintenance
PROC-00074,2026-08-10T18:41:20Z,VULN-SCAN-01,ACME\admin.rpatel,explorer.exe,2298,powershell.exe,13031,powershell.exe Get-Service,signed,benign,routine admin
PROC-00051,2026-08-10T18:44:16Z,ADMIN-WS-11,ACME\admin.rpatel,chrome.exe,6241,msedgewebview2.exe,13606,msedgewebview2.exe --utility-sub-type=network,signed,benign,normal browser activity
PROC-01455,2026-08-10T19:02:37Z,FILE-01,ACME\admin.jlee,chrome.exe,5923,msedgewebview2.exe,7570,msedgewebview2.exe --utility-sub-type=network,signed,benign,normal browser activity
PROC-01207,2026-08-10T19:05:22Z,WEB-EDGE-01,ACME\admin.jlee,taskeng.exe,8228,powershell.exe,12896,powershell.exe -File C:\Ops\Rotate-Logs.ps1,signed,benign,routine maintenance
PROC-00163,2026-08-10T19:23:10Z,ADMIN-WS-07,ACME\admin.jlee,chrome.exe,6388,msedgewebview2.exe,6290,msedgewebview2.exe --utility-sub-type=network,signed,benign,normal browser activity
PROC-00892,2026-08-10T19:27:54Z,VULN-SCAN-01,ACME\svc_deploy,taskeng.exe,6683,powershell.exe,3470,powershell.exe -File C:\Ops\Rotate-Logs.ps1,signed,benign,routine maintenance
PROC-00240,2026-08-10T19:31:29Z,WEB-EDGE-01,NT AUTHORITY\SYSTEM,taskeng.exe,3435,powershell.exe,6262,powershell.exe -File C:\Ops\Rotate-Logs.ps1,signed,benign,routine maintenance
PROC-01423,2026-08-10T19:40:21Z,APP-API-02,ACME\svc_deploy,services.exe,7509,backup-agent.exe,4639,backup-agent.exe --run,signed,benign,scheduled backup
PROC-00010,2026-08-10T19:48:20Z,VULN-SCAN-01,NT AUTHORITY\SYSTEM,chrome.exe,1548,msedgewebview2.exe,9356,msedgewebview2.exe --utility-sub-type=network,signed,benign,normal browser activity
PROC-00135,2026-08-10T19:55:24Z,APP-API-02,ACME\svc_deploy,wsmprovhost.exe,3751,powershell.exe,7518,powershell.exe -File C:\Deploy\Install-Agent.ps1,signed,benign,approved deployment
PROC-00584,2026-08-10T20:02:49Z,VULN-SCAN-01,ACME\svc_deploy,services.exe,1393,backup-agent.exe,5221,backup-agent.exe --run,signed,benign,scheduled backup
PROC-00358,2026-08-10T20:09:37Z,ADMIN-WS-07,NT AUTHORITY\SYSTEM,wsmprovhost.exe,6100,powershell.exe,9120,powershell.exe -File C:\Deploy\Install-Agent.ps1,signed,benign,approved deployment
PROC-01453,2026-08-10T20:17:37Z,FILE-01,ACME\admin.jlee,wsmprovhost.exe,6870,powershell.exe,8915,powershell.exe -File C:\Deploy\Install-Agent.ps1,signed,benign,approved deployment
PROC-01403,2026-08-10T20:18:12Z,DEPLOY-01,ACME\svc_deploy,explorer.exe,8858,powershell.exe,8365,powershell.exe Get-Service,signed,benign,routine admin
PROC-00255,2026-08-10T20:33:11Z,DEPLOY-01,ACME\admin.jlee,explorer.exe,7573,powershell.exe,11639,powershell.exe Get-Service,signed,benign,routine admin
PROC-00355,2026-08-10T20:38:24Z,ADMIN-WS-11,ACME\admin.jlee,explorer.exe,4674,powershell.exe,5869,powershell.exe Get-Service,signed,benign,routine admin
PROC-00168,2026-08-10T20:39:58Z,WEB-EDGE-01,ACME\admin.rpatel,explorer.exe,3776,powershell.exe,10347,powershell.exe Get-Service,signed,benign,routine admin
PROC-00256,2026-08-10T20:42:04Z,DEPLOY-01,NT AUTHORITY\SYSTEM,wsmprovhost.exe,2963,powershell.exe,4972,powershell.exe -File C:\Deploy\Install-Agent.ps1,signed,benign,approved deployment
PROC-00344,2026-08-10T20:42:26Z,WEB-EDGE-01,ACME\svc_backup,explorer.exe,6234,powershell.exe,9622,powershell.exe Get-Service,signed,benign,routine admin
PROC-00979,2026-08-10T20:45:41Z,ADMIN-WS-07,NT AUTHORITY\SYSTEM,services.exe,5565,backup-agent.exe,9554,backup-agent.exe --run,signed,benign,scheduled backup
PROC-00816,2026-08-10T20:51:01Z,VULN-SCAN-01,ACME\admin.rpatel,chrome.exe,3634,msedgewebview2.exe,1328,msedgewebview2.exe --utility-sub-type=network,signed,benign,normal browser activity
PROC-01116,2026-08-10T20:57:07Z,DEPLOY-01,NT AUTHORITY\SYSTEM,services.exe,6755,backup-agent.exe,6956,backup-agent.exe --run,signed,benign,scheduled backup
PROC-01324,2026-08-10T21:01:33Z,WEB-EDGE-01,ACME\admin.jlee,services.exe,6574,backup-agent.exe,2777,backup-agent.exe --run,signed,benign,scheduled backup
PROC-00703,2026-08-10T21:18:17Z,FILE-01,NT AUTHORITY\SYSTEM,explorer.exe,6174,powershell.exe,12191,powershell.exe Get-Service,signed,benign,routine admin
PROC-00533,2026-08-10T21:25:07Z,WEB-EDGE-01,NT AUTHORITY\SYSTEM,services.exe,1707,backup-agent.exe,12822,backup-agent.exe --run,signed,benign,scheduled backup
PROC-00861,2026-08-10T21:31:31Z,VULN-SCAN-01,ACME\svc_deploy,chrome.exe,6920,msedgewebview2.exe,14243,msedgewebview2.exe --utility-sub-type=network,signed,benign,normal browser activity
PROC-01471,2026-08-10T21:34:06Z,FILE-01,ACME\svc_backup,wsmprovhost.exe,8548,powershell.exe,14724,powershell.exe -File C:\Deploy\Install-Agent.ps1,signed,benign,approved deployment
PROC-00176,2026-08-10T21:44:07Z,WEB-EDGE-01,ACME\admin.rpatel,wsmprovhost.exe,6443,powershell.exe,11197,powershell.exe -File C:\Deploy\Install-Agent.ps1,signed,benign,approved deployment
PROC-01276,2026-08-10T21:44:43Z,ADMIN-WS-07,NT AUTHORITY\SYSTEM,wsmprovhost.exe,6369,powershell.exe,1356,powershell.exe -File C:\Deploy\Install-Agent.ps1,signed,benign,approved deployment
PROC-01141,2026-08-10T21:51:38Z,FILE-01,ACME\admin.jlee,taskeng.exe,510,powershell.exe,13232,powershell.exe -File C:\Ops\Rotate-Logs.ps1,signed,benign,routine maintenance
PROC-01310,2026-08-10T22:03:43Z,VULN-SCAN-01,ACME\admin.rpatel,taskeng.exe,1396,powershell.exe,9077,powershell.exe -File C:\Ops\Rotate-Logs.ps1,signed,benign,routine maintenance
PROC-01173,2026-08-10T22:06:40Z,ADMIN-WS-07,NT AUTHORITY\SYSTEM,services.exe,8996,backup-agent.exe,7941,backup-agent.exe --run,signed,benign,scheduled backup
PROC-00340,2026-08-10T22:07:32Z,VULN-SCAN-01,ACME\admin.rpatel,services.exe,5648,backup-agent.exe,2525,backup-agent.exe --run,signed,benign,scheduled backup
PROC-00834,2026-08-10T22:08:42Z,DEPLOY-01,ACME\admin.jlee,services.exe,3631,backup-agent.exe,10764,backup-agent.exe --run,signed,benign,scheduled backup
PROC-00750,2026-08-10T22:12:19Z,DEPLOY-01,NT AUTHORITY\SYSTEM,explorer.exe,6145,powershell.exe,1080,powershell.exe Get-Service,signed,benign,routine admin
PROC-00956,2026-08-10T22:19:27Z,ADMIN-WS-07,NT AUTHORITY\SYSTEM,taskeng.exe,1532,powershell.exe,11555,powershell.exe -File C:\Ops\Rotate-Logs.ps1,signed,benign,routine maintenance
PROC-00239,2026-08-10T22:28:11Z,FILE-01,ACME\svc_deploy,taskeng.exe,7777,powershell.exe,2139,powershell.exe -File C:\Ops\Rotate-Logs.ps1,signed,benign,routine maintenance
PROC-01447,2026-08-10T22:29:37Z,DEPLOY-01,ACME\svc_deploy,chrome.exe,5497,msedgewebview2.exe,14989,msedgewebview2.exe --utility-sub-type=network,signed,benign,normal browser activity
PROC-00590,2026-08-10T22:35:57Z,VULN-SCAN-01,ACME\admin.jlee,chrome.exe,4579,msedgewebview2.exe,14604,msedgewebview2.exe --utility-sub-type=network,signed,benign,normal browser activity
PROC-01066,2026-08-10T22:58:12Z,FILE-01,ACME\admin.rpatel,taskeng.exe,7445,powershell.exe,4759,powershell.exe -File C:\Ops\Rotate-Logs.ps1,signed,benign,routine maintenance
PROC-00989,2026-08-10T23:08:16Z,ADMIN-WS-11,ACME\admin.jlee,explorer.exe,2071,powershell.exe,1100,powershell.exe Get-Service,signed,benign,routine admin
PROC-00953,2026-08-10T23:09:59Z,WEB-EDGE-01,ACME\svc_backup,explorer.exe,8247,powershell.exe,2453,powershell.exe Get-Service,signed,benign,routine admin
PROC-00478,2026-08-10T23:15:47Z,ADMIN-WS-11,NT AUTHORITY\SYSTEM,taskeng.exe,5602,powershell.exe,1780,powershell.exe -File C:\Ops\Rotate-Logs.ps1,signed,benign,routine maintenance
PROC-00650,2026-08-10T23:28:37Z,APP-API-02,ACME\svc_deploy,wsmprovhost.exe,1886,powershell.exe,12339,powershell.exe -File C:\Deploy\Install-Agent.ps1,signed,benign,approved deployment
PROC-00364,2026-08-10T23:35:52Z,FILE-01,ACME\admin.rpatel,explorer.exe,1072,powershell.exe,10028,powershell.exe Get-Service,signed,benign,routine admin
PROC-00109,2026-08-10T23:38:09Z,DEPLOY-01,ACME\admin.rpatel,explorer.exe,3479,powershell.exe,11171,powershell.exe Get-Service,signed,benign,routine admin
PROC-00130,2026-08-10T23:39:47Z,ADMIN-WS-11,ACME\svc_deploy,wsmprovhost.exe,5958,powershell.exe,5873,powershell.exe -File C:\Deploy\Install-Agent.ps1,signed,benign,approved deployment
PROC-00251,2026-08-10T23:39:50Z,ADMIN-WS-11,ACME\svc_deploy,services.exe,5046,backup-agent.exe,10819,backup-agent.exe --run,signed,benign,scheduled backup
PROC-00249,2026-08-10T23:45:15Z,ADMIN-WS-11,ACME\admin.jlee,services.exe,4842,backup-agent.exe,5033,backup-agent.exe --run,signed,benign,scheduled backup
PROC-00469,2026-08-10T23:52:43Z,ADMIN-WS-11,ACME\svc_deploy,chrome.exe,4143,msedgewebview2.exe,6278,msedgewebview2.exe --utility-sub-type=network,signed,benign,normal browser activity
PROC-00717,2026-08-10T23:58:43Z,APP-API-02,ACME\svc_backup,services.exe,6585,backup-agent.exe,5718,backup-agent.exe --run,signed,benign,scheduled backup
PROC-01093,2026-08-10T23:59:49Z,WEB-EDGE-01,ACME\admin.rpatel,explorer.exe,5315,powershell.exe,13306,powershell.exe Get-Service,signed,benign,routine admin
PROC-00672,2026-08-11T00:09:40Z,VULN-SCAN-01,ACME\svc_backup,wsmprovhost.exe,4421,powershell.exe,2948,powershell.exe -File C:\Deploy\Install-Agent.ps1,signed,benign,approved deployment
PROC-01404,2026-08-11T00:31:18Z,WEB-EDGE-01,ACME\admin.jlee,chrome.exe,7914,msedgewebview2.exe,13908,msedgewebview2.exe --utility-sub-type=network,signed,benign,normal browser activity
PROC-01232,2026-08-11T00:38:55Z,WEB-EDGE-01,ACME\admin.jlee,wsmprovhost.exe,4461,powershell.exe,1790,powershell.exe -File C:\Deploy\Install-Agent.ps1,signed,benign,approved deployment
PROC-00759,2026-08-11T00:42:06Z,APP-API-02,ACME\svc_deploy,services.exe,3326,backup-agent.exe,7328,backup-agent.exe --run,signed,benign,scheduled backup
PROC-00213,2026-08-11T00:43:35Z,ADMIN-WS-11,ACME\svc_deploy,taskeng.exe,5556,powershell.exe,11102,powershell.exe -File C:\Ops\Rotate-Logs.ps1,signed,benign,routine maintenance
PROC-00140,2026-08-11T00:48:26Z,DEPLOY-01,ACME\admin.rpatel,taskeng.exe,8278,powershell.exe,4494,powershell.exe -File C:\Ops\Rotate-Logs.ps1,signed,benign,routine maintenance
PROC-01360,2026-08-11T01:05:51Z,WEB-EDGE-01,ACME\admin.jlee,services.exe,6050,backup-agent.exe,11201,backup-agent.exe --run,signed,benign,scheduled backup
PROC-00823,2026-08-11T01:13:22Z,FILE-01,ACME\svc_backup,chrome.exe,5190,msedgewebview2.exe,10492,msedgewebview2.exe --utility-sub-type=network,signed,benign,normal browser activity
PROC-00639,2026-08-11T01:23:58Z,ADMIN-WS-07,NT AUTHORITY\SYSTEM,chrome.exe,519,msedgewebview2.exe,11668,msedgewebview2.exe --utility-sub-type=network,signed,benign,normal browser activity
PROC-01432,2026-08-11T01:24:19Z,APP-API-02,ACME\svc_deploy,wsmprovhost.exe,1914,powershell.exe,2927,powershell.exe -File C:\Deploy\Install-Agent.ps1,signed,benign,approved deployment
PROC-00356,2026-08-11T01:25:57Z,ADMIN-WS-11,ACME\svc_backup,explorer.exe,2663,powershell.exe,12216,powershell.exe Get-Service,signed,benign,routine admin
PROC-01372,2026-08-11T01:40:44Z,WEB-EDGE-01,ACME\admin.jlee,wsmprovhost.exe,6323,powershell.exe,6807,powershell.exe -File C:\Deploy\Install-Agent.ps1,signed,benign,approved deployment
PROC-00188,2026-08-11T01:42:03Z,WEB-EDGE-01,ACME\admin.jlee,explorer.exe,2809,powershell.exe,1612,powershell.exe Get-Service,signed,benign,routine admin
PROC-00404,2026-08-11T01:42:38Z,ADMIN-WS-11,ACME\admin.jlee,taskeng.exe,3981,powershell.exe,10926,powershell.exe -File C:\Ops\Rotate-Logs.ps1,signed,benign,routine maintenance
PROC-00360,2026-08-11T01:45:00Z,ADMIN-WS-07,ACME\admin.rpatel,services.exe,2556,backup-agent.exe,11612,backup-agent.exe --run,signed,benign,scheduled backup
PROC-00617,2026-08-11T02:07:09Z,WEB-EDGE-01,ACME\admin.rpatel,taskeng.exe,2398,powershell.exe,2756,powershell.exe -File C:\Ops\Rotate-Logs.ps1,signed,benign,routine maintenance
PROC-00755,2026-08-11T02:08:25Z,ADMIN-WS-11,ACME\svc_deploy,chrome.exe,1171,msedgewebview2.exe,5337,msedgewebview2.exe --utility-sub-type=network,signed,benign,normal browser activity
PROC-00073,2026-08-11T02:23:52Z,WEB-EDGE-01,NT AUTHORITY\SYSTEM,explorer.exe,1170,powershell.exe,11205,powershell.exe Get-Service,signed,benign,routine admin
PROC-00637,2026-08-11T02:27:56Z,APP-API-02,NT AUTHORITY\SYSTEM,explorer.exe,7249,powershell.exe,13214,powershell.exe Get-Service,signed,benign,routine admin
PROC-00173,2026-08-11T02:40:00Z,WEB-EDGE-01,ACME\svc_backup,wsmprovhost.exe,2717,powershell.exe,14754,powershell.exe -File C:\Deploy\Install-Agent.ps1,signed,benign,approved deployment
PROC-00763,2026-08-11T02:42:12Z,WEB-EDGE-01,ACME\svc_backup,explorer.exe,5463,powershell.exe,2383,powershell.exe Get-Service,signed,benign,routine admin
PROC-00091,2026-08-11T02:44:31Z,DEPLOY-01,ACME\admin.jlee,chrome.exe,2264,msedgewebview2.exe,6391,msedgewebview2.exe --utility-sub-type=network,signed,benign,normal browser activity
PROC-00433,2026-08-11T02:54:55Z,DEPLOY-01,NT AUTHORITY\SYSTEM,taskeng.exe,5892,powershell.exe,13334,powershell.exe -File C:\Ops\Rotate-Logs.ps1,signed,benign,routine maintenance
PROC-01183,2026-08-11T02:59:53Z,DEPLOY-01,ACME\svc_backup,taskeng.exe,6055,powershell.exe,2934,powershell.exe -File C:\Ops\Rotate-Logs.ps1,signed,benign,routine maintenance
PROC-01462,2026-08-11T03:03:22Z,ADMIN-WS-11,NT AUTHORITY\SYSTEM,taskeng.exe,3694,powershell.exe,6402,powershell.exe -File C:\Ops\Rotate-Logs.ps1,signed,benign,routine maintenance
PROC-01151,2026-08-11T03:04:35Z,FILE-01,NT AUTHORITY\SYSTEM,services.exe,7050,backup-agent.exe,12978,backup-agent.exe --run,signed,benign,scheduled backup
PROC-00072,2026-08-11T03:05:39Z,VULN-SCAN-01,NT AUTHORITY\SYSTEM,wsmprovhost.exe,2621,powershell.exe,4917,powershell.exe -File C:\Deploy\Install-Agent.ps1,signed,benign,approved deployment
PROC-00065,2026-08-11T03:06:41Z,APP-API-02,NT AUTHORITY\SYSTEM,taskeng.exe,1848,powershell.exe,8625,powershell.exe -File C:\Ops\Rotate-Logs.ps1,signed,benign,routine maintenance
PROC-01269,2026-08-11T03:22:38Z,VULN-SCAN-01,ACME\svc_deploy,wsmprovhost.exe,4592,powershell.exe,4963,powershell.exe -File C:\Deploy\Install-Agent.ps1,signed,benign,approved deployment
PROC-00771,2026-08-11T03:24:29Z,APP-API-02,ACME\admin.rpatel,taskeng.exe,2217,powershell.exe,10073,powershell.exe -File C:\Ops\Rotate-Logs.ps1,signed,benign,routine maintenance
PROC-00486,2026-08-11T03:39:03Z,APP-API-02,ACME\admin.rpatel,services.exe,3337,backup-agent.exe,2308,backup-agent.exe --run,signed,benign,scheduled backup
PROC-01272,2026-08-11T03:47:14Z,FILE-01,ACME\admin.jlee,wsmprovhost.exe,360,powershell.exe,7728,powershell.exe -File C:\Deploy\Install-Agent.ps1,signed,benign,approved deployment
PROC-00601,2026-08-11T03:54:23Z,ADMIN-WS-07,ACME\svc_deploy,explorer.exe,2532,powershell.exe,4193,powershell.exe Get-Service,signed,benign,routine admin
PROC-01015,2026-08-11T04:03:31Z,FILE-01,NT AUTHORITY\SYSTEM,services.exe,7529,backup-agent.exe,4782,backup-agent.exe --run,signed,benign,scheduled backup
PROC-01459,2026-08-11T04:09:37Z,DEPLOY-01,ACME\admin.jlee,wsmprovhost.exe,4689,powershell.exe,12516,powershell.exe -File C:\Deploy\Install-Agent.ps1,signed,benign,approved deployment
PROC-00138,2026-08-11T04:18:25Z,DEPLOY-01,ACME\admin.rpatel,taskeng.exe,8186,powershell.exe,12588,powershell.exe -File C:\Ops\Rotate-Logs.ps1,signed,benign,routine maintenance
PROC-01011,2026-08-11T04:30:18Z,FILE-01,ACME\svc_backup,chrome.exe,5670,msedgewebview2.exe,8077,msedgewebview2.exe --utility-sub-type=network,signed,benign,normal browser activity
PROC-00481,2026-08-11T04:40:56Z,APP-API-02,NT AUTHORITY\SYSTEM,wsmprovhost.exe,1173,powershell.exe,11712,powershell.exe -File C:\Deploy\Install-Agent.ps1,signed,benign,approved deployment
PROC-00049,2026-08-11T04:47:24Z,WEB-EDGE-01,ACME\admin.jlee,taskeng.exe,4938,powershell.exe,9024,powershell.exe -File C:\Ops\Rotate-Logs.ps1,signed,benign,routine maintenance
PROC-00786,2026-08-11T05:15:17Z,DEPLOY-01,ACME\svc_deploy,taskeng.exe,8544,powershell.exe,2938,powershell.exe -File C:\Ops\Rotate-Logs.ps1,signed,benign,routine maintenance
PROC-00853,2026-08-11T05:31:50Z,ADMIN-WS-11,NT AUTHORITY\SYSTEM,services.exe,3543,backup-agent.exe,7811,backup-agent.exe --run,signed,benign,scheduled backup
PROC-01220,2026-08-11T05:35:01Z,ADMIN-WS-11,ACME\admin.rpatel,explorer.exe,7119,powershell.exe,7046,powershell.exe Get-Service,signed,benign,routine admin
PROC-00424,2026-08-11T05:52:23Z,ADMIN-WS-07,ACME\admin.jlee,services.exe,2432,backup-agent.exe,8035,backup-agent.exe --run,signed,benign,scheduled backup
PROC-00802,2026-08-11T06:01:53Z,DEPLOY-01,NT AUTHORITY\SYSTEM,taskeng.exe,7044,powershell.exe,13654,powershell.exe -File C:\Ops\Rotate-Logs.ps1,signed,benign,routine maintenance
PROC-01259,2026-08-11T06:03:13Z,VULN-SCAN-01,ACME\svc_deploy,services.exe,8160,backup-agent.exe,9196,backup-agent.exe --run,signed,benign,scheduled backup
PROC-00800,2026-08-11T06:04:42Z,FILE-01,ACME\svc_deploy,services.exe,7693,backup-agent.exe,3208,backup-agent.exe --run,signed,benign,scheduled backup
PROC-00993,2026-08-11T06:18:19Z,ADMIN-WS-07,ACME\svc_backup,wsmprovhost.exe,7137,powershell.exe,5730,powershell.exe -File C:\Deploy\Install-Agent.ps1,signed,benign,approved deployment
PROC-00923,2026-08-11T06:23:40Z,APP-API-02,ACME\admin.rpatel,explorer.exe,1280,powershell.exe,7237,powershell.exe Get-Service,signed,benign,routine admin
PROC-00127,2026-08-11T06:25:52Z,FILE-01,ACME\svc_backup,wsmprovhost.exe,2313,powershell.exe,9082,powershell.exe -File C:\Deploy\Install-Agent.ps1,signed,benign,approved deployment
PROC-01006,2026-08-11T06:27:28Z,DEPLOY-01,NT AUTHORITY\SYSTEM,wsmprovhost.exe,8137,powershell.exe,11161,powershell.exe -File C:\Deploy\Install-Agent.ps1,signed,benign,approved deployment
PROC-00332,2026-08-11T06:28:48Z,ADMIN-WS-07,ACME\admin.jlee,chrome.exe,4759,msedgewebview2.exe,2017,msedgewebview2.exe --utility-sub-type=network,signed,benign,normal browser activity
PROC-01366,2026-08-11T06:31:22Z,ADMIN-WS-11,ACME\admin.jlee,wsmprovhost.exe,6858,powershell.exe,12024,powershell.exe -File C:\Deploy\Install-Agent.ps1,signed,benign,approved deployment
PROC-01019,2026-08-11T06:34:26Z,VULN-SCAN-01,ACME\admin.rpatel,explorer.exe,5051,powershell.exe,4455,powershell.exe Get-Service,signed,benign,routine admin
PROC-01199,2026-08-11T06:40:39Z,FILE-01,ACME\admin.jlee,explorer.exe,6635,powershell.exe,9315,powershell.exe Get-Service,signed,benign,routine admin
PROC-00987,2026-08-11T06:44:00Z,ADMIN-WS-11,ACME\svc_backup,explorer.exe,8226,powershell.exe,14709,powershell.exe Get-Service,signed,benign,routine admin
PROC-01402,2026-08-11T06:57:44Z,DEPLOY-01,ACME\svc_deploy,chrome.exe,8376,msedgewebview2.exe,7092,msedgewebview2.exe --utility-sub-type=network,signed,benign,normal browser activity
PROC-00390,2026-08-11T07:06:43Z,APP-API-02,ACME\admin.jlee,chrome.exe,7397,msedgewebview2.exe,7561,msedgewebview2.exe --utility-sub-type=network,signed,benign,normal browser activity
PROC-00035,2026-08-11T07:14:23Z,ADMIN-WS-07,ACME\admin.jlee,wsmprovhost.exe,513,powershell.exe,2062,powershell.exe -File C:\Deploy\Install-Agent.ps1,signed,benign,approved deployment
PROC-01312,2026-08-11T07:17:19Z,APP-API-02,ACME\admin.jlee,chrome.exe,2220,msedgewebview2.exe,7044,msedgewebview2.exe --utility-sub-type=network,signed,benign,normal browser activity
PROC-00674,2026-08-11T07:28:49Z,DEPLOY-01,NT AUTHORITY\SYSTEM,services.exe,8061,backup-agent.exe,10444,backup-agent.exe --run,signed,benign,scheduled backup
PROC-00254,2026-08-11T07:29:16Z,DEPLOY-01,ACME\admin.rpatel,taskeng.exe,5114,powershell.exe,1489,powershell.exe -File C:\Ops\Rotate-Logs.ps1,signed,benign,routine maintenance
PROC-00426,2026-08-11T08:05:25Z,APP-API-02,ACME\svc_deploy,services.exe,3764,backup-agent.exe,13043,backup-agent.exe --run,signed,benign,scheduled backup
PROC-00123,2026-08-11T08:06:02Z,DEPLOY-01,ACME\admin.rpatel,chrome.exe,7031,msedgewebview2.exe,4145,msedgewebview2.exe --utility-sub-type=network,signed,benign,normal browser activity
PROC-01056,2026-08-11T08:28:22Z,WEB-EDGE-01,ACME\admin.rpatel,services.exe,6695,backup-agent.exe,9757,backup-agent.exe --run,signed,benign,scheduled backup
PROC-00980,2026-08-11T08:36:57Z,FILE-01,ACME\svc_deploy,explorer.exe,3068,powershell.exe,8215,powershell.exe Get-Service,signed,benign,routine admin
PROC-01493,2026-08-11T09:11:43Z,ADMIN-WS-11,ACME\svc_deploy,chrome.exe,5863,msedgewebview2.exe,6381,msedgewebview2.exe --utility-sub-type=network,signed,benign,normal browser activity
PROC-00197,2026-08-11T09:24:35Z,FILE-01,ACME\admin.jlee,chrome.exe,6286,msedgewebview2.exe,5912,msedgewebview2.exe --utility-sub-type=network,signed,benign,normal browser activity
PROC-00967,2026-08-11T09:33:15Z,DEPLOY-01,NT AUTHORITY\SYSTEM,services.exe,7849,backup-agent.exe,2950,backup-agent.exe --run,signed,benign,scheduled backup
PROC-01251,2026-08-11T09:37:06Z,APP-API-02,ACME\svc_backup,chrome.exe,8534,msedgewebview2.exe,2406,msedgewebview2.exe --utility-sub-type=network,signed,benign,normal browser activity
PROC-00154,2026-08-11T09:42:39Z,APP-API-02,NT AUTHORITY\SYSTEM,services.exe,8113,backup-agent.exe,8271,backup-agent.exe --run,signed,benign,scheduled backup
PROC-00536,2026-08-11T10:00:55Z,ADMIN-WS-11,ACME\admin.jlee,taskeng.exe,8482,powershell.exe,5272,powershell.exe -File C:\Ops\Rotate-Logs.ps1,signed,benign,routine maintenance
PROC-00599,2026-08-11T10:09:16Z,WEB-EDGE-01,ACME\admin.jlee,chrome.exe,8699,msedgewebview2.exe,6597,msedgewebview2.exe --utility-sub-type=network,signed,benign,normal browser activity
PROC-00419,2026-08-11T10:10:45Z,VULN-SCAN-01,ACME\svc_backup,services.exe,7738,backup-agent.exe,10147,backup-agent.exe --run,signed,benign,scheduled backup
PROC-01023,2026-08-11T10:17:42Z,DEPLOY-01,ACME\admin.rpatel,chrome.exe,5110,msedgewebview2.exe,13932,msedgewebview2.exe --utility-sub-type=network,signed,benign,normal browser activity
PROC-01156,2026-08-11T10:20:24Z,ADMIN-WS-07,ACME\svc_backup,services.exe,5178,backup-agent.exe,1394,backup-agent.exe --run,signed,benign,scheduled backup
PROC-01474,2026-08-11T10:28:20Z,DEPLOY-01,ACME\svc_backup,chrome.exe,8529,msedgewebview2.exe,1662,msedgewebview2.exe --utility-sub-type=network,signed,benign,normal browser activity
PROC-01072,2026-08-11T10:33:42Z,DEPLOY-01,ACME\svc_backup,explorer.exe,8854,powershell.exe,12013,powershell.exe Get-Service,signed,benign,routine admin
PROC-00566,2026-08-11T10:36:59Z,APP-API-02,ACME\svc_backup,wsmprovhost.exe,4479,powershell.exe,1494,powershell.exe -File C:\Deploy\Install-Agent.ps1,signed,benign,approved deployment
PROC-00745,2026-08-11T10:41:55Z,WEB-EDGE-01,ACME\svc_deploy,services.exe,5496,backup-agent.exe,2925,backup-agent.exe --run,signed,benign,scheduled backup
PROC-00300,2026-08-11T10:42:26Z,APP-API-02,ACME\admin.jlee,explorer.exe,2229,powershell.exe,4477,powershell.exe Get-Service,signed,benign,routine admin
PROC-00151,2026-08-11T10:55:04Z,VULN-SCAN-01,ACME\admin.rpatel,services.exe,6251,backup-agent.exe,11862,backup-agent.exe --run,signed,benign,scheduled backup
PROC-01322,2026-08-11T11:03:06Z,DEPLOY-01,NT AUTHORITY\SYSTEM,chrome.exe,8294,msedgewebview2.exe,13731,msedgewebview2.exe --utility-sub-type=network,signed,benign,normal browser activity
PROC-00281,2026-08-11T11:11:21Z,ADMIN-WS-07,ACME\admin.rpatel,explorer.exe,8726,powershell.exe,4831,powershell.exe Get-Service,signed,benign,routine admin
PROC-01092,2026-08-11T11:18:38Z,DEPLOY-01,ACME\admin.jlee,explorer.exe,6639,powershell.exe,9802,powershell.exe Get-Service,signed,benign,routine admin
PROC-01398,2026-08-11T11:19:50Z,ADMIN-WS-11,ACME\svc_deploy,wsmprovhost.exe,5311,powershell.exe,5175,powershell.exe -File C:\Deploy\Install-Agent.ps1,signed,benign,approved deployment
PROC-00920,2026-08-11T11:21:30Z,DEPLOY-01,ACME\admin.jlee,wsmprovhost.exe,2385,powershell.exe,8079,powershell.exe -File C:\Deploy\Install-Agent.ps1,signed,benign,approved deployment
PROC-00203,2026-08-11T11:24:59Z,ADMIN-WS-07,NT AUTHORITY\SYSTEM,chrome.exe,3548,msedgewebview2.exe,7478,msedgewebview2.exe --utility-sub-type=network,signed,benign,normal browser activity
