event_id,_time,host,user,action,target,tool,classification,note
RESP-01095,2026-08-04T12:05:57Z,ADMIN-WS-11,SOC-AUTOMATION,collect_logs,routine review,EDR,benign_response,authorized activity
RESP-00019,2026-08-04T12:25:09Z,ADMIN-WS-11,ACME\admin.rpatel,review_alert,routine review,EDR,benign_response,authorized activity
RESP-00023,2026-08-04T12:40:21Z,ADMIN-WS-11,ACME\admin.jlee,collect_logs,routine review,EDR,benign_response,authorized activity
RESP-00445,2026-08-04T12:49:56Z,ADMIN-WS-11,ACME\admin.jlee,review_alert,routine review,EDR,benign_response,authorized activity
RESP-01185,2026-08-04T12:59:54Z,ADMIN-WS-11,SOC-AUTOMATION,review_alert,routine review,EDR,benign_response,authorized activity
RESP-01153,2026-08-04T13:00:40Z,ADMIN-WS-11,ACME\admin.rpatel,query_process,routine review,EDR,benign_response,authorized activity
RESP-01032,2026-08-04T13:04:54Z,DEPLOY-01,ACME\admin.rpatel,review_alert,routine review,EDR,benign_response,authorized activity
RESP-00217,2026-08-04T13:15:35Z,VULN-SCAN-01,SOC-AUTOMATION,collect_logs,routine review,EDR,benign_response,authorized activity
RESP-00693,2026-08-04T13:24:07Z,FILE-01,SOC-AUTOMATION,review_alert,routine review,EDR,benign_response,authorized activity
RESP-01124,2026-08-04T13:28:48Z,APP-API-02,SOC-AUTOMATION,query_process,routine review,EDR,benign_response,authorized activity
RESP-00657,2026-08-04T13:35:46Z,DEPLOY-01,ACME\admin.jlee,review_alert,routine review,EDR,benign_response,authorized activity
RESP-00960,2026-08-04T13:36:44Z,DEPLOY-01,ACME\admin.jlee,query_process,routine review,EDR,benign_response,authorized activity
RESP-00616,2026-08-04T13:41:25Z,DEPLOY-01,ACME\admin.rpatel,query_process,routine review,EDR,benign_response,authorized activity
RESP-00136,2026-08-04T13:51:40Z,APP-API-02,ACME\admin.rpatel,review_alert,routine review,EDR,benign_response,authorized activity
RESP-00557,2026-08-04T13:53:32Z,DEPLOY-01,SOC-AUTOMATION,collect_logs,routine review,EDR,benign_response,authorized activity
RESP-00131,2026-08-04T14:05:39Z,VULN-SCAN-01,ACME\admin.jlee,collect_logs,routine review,EDR,benign_response,authorized activity
RESP-00978,2026-08-04T14:07:19Z,ADMIN-WS-07,SOC-AUTOMATION,review_alert,routine review,EDR,benign_response,authorized activity
RESP-00787,2026-08-04T14:11:29Z,ADMIN-WS-11,ACME\admin.jlee,query_process,routine review,EDR,benign_response,authorized activity
RESP-01400,2026-08-04T14:12:48Z,VULN-SCAN-01,ACME\admin.jlee,review_alert,routine review,EDR,benign_response,authorized activity
RESP-00446,2026-08-04T14:37:03Z,ADMIN-WS-11,SOC-AUTOMATION,query_process,routine review,EDR,benign_response,authorized activity
RESP-00058,2026-08-04T14:37:15Z,VULN-SCAN-01,SOC-AUTOMATION,review_alert,routine review,EDR,benign_response,authorized activity
RESP-00553,2026-08-04T14:45:24Z,FILE-01,SOC-AUTOMATION,collect_logs,routine review,EDR,benign_response,authorized activity
RESP-00073,2026-08-04T14:54:35Z,DEPLOY-01,SOC-AUTOMATION,review_alert,routine review,EDR,benign_response,authorized activity
RESP-00362,2026-08-04T15:02:33Z,ADMIN-WS-11,ACME\admin.rpatel,review_alert,routine review,EDR,benign_response,authorized activity
RESP-01099,2026-08-04T15:03:42Z,DEPLOY-01,ACME\admin.jlee,query_process,routine review,EDR,benign_response,authorized activity
RESP-00966,2026-08-04T15:08:26Z,ADMIN-WS-07,SOC-AUTOMATION,query_process,routine review,EDR,benign_response,authorized activity
RESP-01356,2026-08-04T15:14:17Z,VULN-SCAN-01,ACME\admin.jlee,review_alert,routine review,EDR,benign_response,authorized activity
RESP-01246,2026-08-04T15:17:58Z,ADMIN-WS-11,ACME\admin.jlee,review_alert,routine review,EDR,benign_response,authorized activity
RESP-00559,2026-08-04T15:20:59Z,ADMIN-WS-11,SOC-AUTOMATION,collect_logs,routine review,EDR,benign_response,authorized activity
RESP-01451,2026-08-04T15:24:36Z,ADMIN-WS-11,ACME\admin.rpatel,review_alert,routine review,EDR,benign_response,authorized activity
RESP-INC-001,2026-08-04T15:26:12Z,ADMIN-WS-07,SOC-AUTOMATION,isolate_host,ADMIN-WS-07,EDR/SOAR,authorized_response,Containment after escalation
RESP-INC-002,2026-08-04T15:27:12Z,ADMIN-WS-07,SOC-AUTOMATION,disable_account,ACME\admin.jlee,EDR/SOAR,authorized_response,Containment after escalation
RESP-INC-003,2026-08-04T15:28:12Z,ADMIN-WS-07,SOC-AUTOMATION,block_domain,cdn-tools.example,EDR/SOAR,authorized_response,Containment after escalation
RESP-INC-004,2026-08-04T15:29:12Z,ADMIN-WS-07,SOC-AUTOMATION,collect_evidence,lsass.dmp and telemetry.dll,EDR/SOAR,authorized_response,Containment after escalation
RESP-00637,2026-08-04T15:54:23Z,ADMIN-WS-11,SOC-AUTOMATION,query_process,routine review,EDR,benign_response,authorized activity
RESP-01472,2026-08-04T15:59:54Z,ADMIN-WS-11,ACME\admin.jlee,query_process,routine review,EDR,benign_response,authorized activity
RESP-00679,2026-08-04T16:00:27Z,VULN-SCAN-01,ACME\admin.jlee,review_alert,routine review,EDR,benign_response,authorized activity
RESP-00917,2026-08-04T16:04:49Z,ADMIN-WS-11,ACME\admin.jlee,query_process,routine review,EDR,benign_response,authorized activity
RESP-00478,2026-08-04T16:12:37Z,ADMIN-WS-11,ACME\admin.rpatel,collect_logs,routine review,EDR,benign_response,authorized activity
RESP-00071,2026-08-04T16:17:45Z,ADMIN-WS-11,ACME\admin.rpatel,review_alert,routine review,EDR,benign_response,authorized activity
RESP-00583,2026-08-04T16:34:30Z,VULN-SCAN-01,SOC-AUTOMATION,collect_logs,routine review,EDR,benign_response,authorized activity
RESP-01126,2026-08-04T16:38:14Z,ADMIN-WS-07,ACME\admin.jlee,collect_logs,routine review,EDR,benign_response,authorized activity
RESP-00526,2026-08-04T16:39:36Z,APP-API-02,SOC-AUTOMATION,collect_logs,routine review,EDR,benign_response,authorized activity
RESP-01234,2026-08-04T16:43:49Z,FILE-01,ACME\admin.jlee,collect_logs,routine review,EDR,benign_response,authorized activity
RESP-00498,2026-08-04T16:47:04Z,APP-API-02,SOC-AUTOMATION,query_process,routine review,EDR,benign_response,authorized activity
RESP-00256,2026-08-04T16:48:21Z,DEPLOY-01,SOC-AUTOMATION,review_alert,routine review,EDR,benign_response,authorized activity
RESP-00880,2026-08-04T16:52:47Z,APP-API-02,SOC-AUTOMATION,query_process,routine review,EDR,benign_response,authorized activity
RESP-01140,2026-08-04T16:56:24Z,VULN-SCAN-01,ACME\admin.rpatel,review_alert,routine review,EDR,benign_response,authorized activity
RESP-00441,2026-08-04T17:00:11Z,FILE-01,ACME\admin.rpatel,review_alert,routine review,EDR,benign_response,authorized activity
RESP-01162,2026-08-04T17:01:24Z,APP-API-02,ACME\admin.jlee,review_alert,routine review,EDR,benign_response,authorized activity
RESP-00782,2026-08-04T17:04:29Z,FILE-01,ACME\admin.jlee,review_alert,routine review,EDR,benign_response,authorized activity
RESP-01399,2026-08-04T17:11:12Z,APP-API-02,ACME\admin.jlee,collect_logs,routine review,EDR,benign_response,authorized activity
RESP-00692,2026-08-04T17:14:10Z,ADMIN-WS-11,ACME\admin.rpatel,query_process,routine review,EDR,benign_response,authorized activity
RESP-00842,2026-08-04T17:15:59Z,APP-API-02,ACME\admin.jlee,review_alert,routine review,EDR,benign_response,authorized activity
RESP-01086,2026-08-04T17:18:59Z,VULN-SCAN-01,ACME\admin.rpatel,collect_logs,routine review,EDR,benign_response,authorized activity
RESP-00784,2026-08-04T17:24:19Z,ADMIN-WS-07,ACME\admin.jlee,query_process,routine review,EDR,benign_response,authorized activity
RESP-00485,2026-08-04T17:27:16Z,VULN-SCAN-01,SOC-AUTOMATION,query_process,routine review,EDR,benign_response,authorized activity
RESP-00165,2026-08-04T17:43:57Z,APP-API-02,ACME\admin.rpatel,collect_logs,routine review,EDR,benign_response,authorized activity
RESP-00020,2026-08-04T17:48:50Z,FILE-01,SOC-AUTOMATION,review_alert,routine review,EDR,benign_response,authorized activity
RESP-01371,2026-08-04T18:07:52Z,WEB-EDGE-01,SOC-AUTOMATION,query_process,routine review,EDR,benign_response,authorized activity
RESP-00482,2026-08-04T18:08:59Z,DEPLOY-01,ACME\admin.rpatel,review_alert,routine review,EDR,benign_response,authorized activity
RESP-00891,2026-08-04T18:19:54Z,FILE-01,ACME\admin.rpatel,collect_logs,routine review,EDR,benign_response,authorized activity
RESP-01391,2026-08-04T18:24:39Z,ADMIN-WS-07,ACME\admin.jlee,collect_logs,routine review,EDR,benign_response,authorized activity
RESP-01386,2026-08-04T18:30:27Z,VULN-SCAN-01,ACME\admin.jlee,review_alert,routine review,EDR,benign_response,authorized activity
RESP-01408,2026-08-04T18:40:10Z,FILE-01,ACME\admin.rpatel,collect_logs,routine review,EDR,benign_response,authorized activity
RESP-01053,2026-08-04T18:44:40Z,ADMIN-WS-07,ACME\admin.jlee,collect_logs,routine review,EDR,benign_response,authorized activity
RESP-00650,2026-08-04T18:54:01Z,ADMIN-WS-11,ACME\admin.jlee,query_process,routine review,EDR,benign_response,authorized activity
RESP-00586,2026-08-04T18:56:09Z,ADMIN-WS-07,ACME\admin.rpatel,collect_logs,routine review,EDR,benign_response,authorized activity
RESP-01186,2026-08-04T19:28:54Z,FILE-01,ACME\admin.rpatel,review_alert,routine review,EDR,benign_response,authorized activity
RESP-00985,2026-08-04T19:34:15Z,DEPLOY-01,ACME\admin.rpatel,query_process,routine review,EDR,benign_response,authorized activity
RESP-01142,2026-08-04T19:49:54Z,ADMIN-WS-11,ACME\admin.rpatel,query_process,routine review,EDR,benign_response,authorized activity
RESP-00848,2026-08-04T19:50:40Z,VULN-SCAN-01,SOC-AUTOMATION,review_alert,routine review,EDR,benign_response,authorized activity
RESP-00797,2026-08-04T19:51:39Z,DEPLOY-01,ACME\admin.jlee,query_process,routine review,EDR,benign_response,authorized activity
RESP-00336,2026-08-04T20:01:11Z,APP-API-02,ACME\admin.rpatel,review_alert,routine review,EDR,benign_response,authorized activity
RESP-00864,2026-08-04T20:17:49Z,ADMIN-WS-07,SOC-AUTOMATION,query_process,routine review,EDR,benign_response,authorized activity
RESP-00824,2026-08-04T20:24:29Z,ADMIN-WS-07,ACME\admin.jlee,query_process,routine review,EDR,benign_response,authorized activity
RESP-00425,2026-08-04T20:26:17Z,APP-API-02,ACME\admin.jlee,collect_logs,routine review,EDR,benign_response,authorized activity
RESP-00244,2026-08-04T20:26:18Z,ADMIN-WS-11,SOC-AUTOMATION,query_process,routine review,EDR,benign_response,authorized activity
RESP-00752,2026-08-04T20:26:44Z,APP-API-02,SOC-AUTOMATION,collect_logs,routine review,EDR,benign_response,authorized activity
RESP-01263,2026-08-04T20:27:21Z,ADMIN-WS-07,SOC-AUTOMATION,collect_logs,routine review,EDR,benign_response,authorized activity
RESP-00574,2026-08-04T20:36:35Z,VULN-SCAN-01,ACME\admin.rpatel,collect_logs,routine review,EDR,benign_response,authorized activity
RESP-00416,2026-08-04T20:43:14Z,ADMIN-WS-07,ACME\admin.rpatel,collect_logs,routine review,EDR,benign_response,authorized activity
RESP-00778,2026-08-04T20:46:58Z,ADMIN-WS-07,ACME\admin.rpatel,collect_logs,routine review,EDR,benign_response,authorized activity
RESP-00347,2026-08-04T20:53:16Z,APP-API-02,SOC-AUTOMATION,query_process,routine review,EDR,benign_response,authorized activity
RESP-00903,2026-08-04T21:09:05Z,WEB-EDGE-01,ACME\admin.jlee,review_alert,routine review,EDR,benign_response,authorized activity
RESP-01257,2026-08-04T21:09:50Z,APP-API-02,ACME\admin.rpatel,query_process,routine review,EDR,benign_response,authorized activity
RESP-01332,2026-08-04T21:12:02Z,FILE-01,ACME\admin.jlee,review_alert,routine review,EDR,benign_response,authorized activity
RESP-00004,2026-08-04T21:19:38Z,ADMIN-WS-11,ACME\admin.jlee,query_process,routine review,EDR,benign_response,authorized activity
RESP-01001,2026-08-04T21:20:23Z,VULN-SCAN-01,SOC-AUTOMATION,collect_logs,routine review,EDR,benign_response,authorized activity
RESP-00322,2026-08-04T21:32:47Z,VULN-SCAN-01,ACME\admin.jlee,query_process,routine review,EDR,benign_response,authorized activity
RESP-01317,2026-08-04T21:34:46Z,ADMIN-WS-07,ACME\admin.jlee,collect_logs,routine review,EDR,benign_response,authorized activity
RESP-00437,2026-08-04T21:40:02Z,APP-API-02,ACME\admin.jlee,collect_logs,routine review,EDR,benign_response,authorized activity
RESP-01320,2026-08-04T21:43:06Z,VULN-SCAN-01,SOC-AUTOMATION,review_alert,routine review,EDR,benign_response,authorized activity
RESP-00152,2026-08-04T21:48:52Z,ADMIN-WS-11,ACME\admin.rpatel,collect_logs,routine review,EDR,benign_response,authorized activity
RESP-01395,2026-08-04T21:49:20Z,FILE-01,ACME\admin.jlee,query_process,routine review,EDR,benign_response,authorized activity
RESP-00813,2026-08-04T21:51:13Z,ADMIN-WS-11,SOC-AUTOMATION,query_process,routine review,EDR,benign_response,authorized activity
RESP-00756,2026-08-04T21:52:37Z,APP-API-02,SOC-AUTOMATION,query_process,routine review,EDR,benign_response,authorized activity
RESP-00060,2026-08-04T21:56:25Z,FILE-01,ACME\admin.jlee,query_process,routine review,EDR,benign_response,authorized activity
RESP-00836,2026-08-04T22:06:08Z,VULN-SCAN-01,SOC-AUTOMATION,collect_logs,routine review,EDR,benign_response,authorized activity
RESP-00460,2026-08-04T22:07:25Z,ADMIN-WS-11,ACME\admin.jlee,review_alert,routine review,EDR,benign_response,authorized activity
RESP-01409,2026-08-04T22:17:06Z,VULN-SCAN-01,SOC-AUTOMATION,query_process,routine review,EDR,benign_response,authorized activity
RESP-00199,2026-08-04T22:20:08Z,FILE-01,ACME\admin.jlee,collect_logs,routine review,EDR,benign_response,authorized activity
RESP-01152,2026-08-04T22:20:41Z,ADMIN-WS-07,ACME\admin.rpatel,collect_logs,routine review,EDR,benign_response,authorized activity
RESP-01266,2026-08-04T22:21:21Z,ADMIN-WS-11,SOC-AUTOMATION,review_alert,routine review,EDR,benign_response,authorized activity
RESP-00300,2026-08-04T22:26:49Z,DEPLOY-01,ACME\admin.rpatel,query_process,routine review,EDR,benign_response,authorized activity
RESP-01380,2026-08-04T22:43:49Z,ADMIN-WS-11,ACME\admin.jlee,review_alert,routine review,EDR,benign_response,authorized activity
RESP-01269,2026-08-04T22:51:22Z,APP-API-02,ACME\admin.rpatel,collect_logs,routine review,EDR,benign_response,authorized activity
RESP-01375,2026-08-04T22:54:46Z,DEPLOY-01,SOC-AUTOMATION,collect_logs,routine review,EDR,benign_response,authorized activity
RESP-01103,2026-08-04T22:56:37Z,APP-API-02,ACME\admin.jlee,review_alert,routine review,EDR,benign_response,authorized activity
RESP-00948,2026-08-04T22:56:55Z,APP-API-02,ACME\admin.jlee,review_alert,routine review,EDR,benign_response,authorized activity
RESP-01171,2026-08-04T22:57:20Z,APP-API-02,SOC-AUTOMATION,query_process,routine review,EDR,benign_response,authorized activity
RESP-00996,2026-08-04T23:17:07Z,WEB-EDGE-01,ACME\admin.rpatel,collect_logs,routine review,EDR,benign_response,authorized activity
RESP-00148,2026-08-04T23:23:39Z,WEB-EDGE-01,ACME\admin.rpatel,review_alert,routine review,EDR,benign_response,authorized activity
RESP-00070,2026-08-04T23:25:35Z,ADMIN-WS-11,ACME\admin.jlee,query_process,routine review,EDR,benign_response,authorized activity
RESP-01080,2026-08-04T23:27:31Z,ADMIN-WS-07,SOC-AUTOMATION,review_alert,routine review,EDR,benign_response,authorized activity
RESP-00067,2026-08-04T23:28:11Z,ADMIN-WS-11,ACME\admin.rpatel,query_process,routine review,EDR,benign_response,authorized activity
RESP-00690,2026-08-04T23:56:48Z,FILE-01,SOC-AUTOMATION,query_process,routine review,EDR,benign_response,authorized activity
RESP-00137,2026-08-04T23:57:54Z,DEPLOY-01,ACME\admin.jlee,review_alert,routine review,EDR,benign_response,authorized activity
RESP-00102,2026-08-05T00:00:47Z,ADMIN-WS-11,SOC-AUTOMATION,collect_logs,routine review,EDR,benign_response,authorized activity
RESP-00100,2026-08-05T00:08:23Z,APP-API-02,ACME\admin.rpatel,collect_logs,routine review,EDR,benign_response,authorized activity
RESP-01178,2026-08-05T00:11:54Z,APP-API-02,SOC-AUTOMATION,review_alert,routine review,EDR,benign_response,authorized activity
RESP-01241,2026-08-05T00:15:49Z,VULN-SCAN-01,ACME\admin.jlee,collect_logs,routine review,EDR,benign_response,authorized activity
RESP-00179,2026-08-05T00:23:36Z,DEPLOY-01,SOC-AUTOMATION,review_alert,routine review,EDR,benign_response,authorized activity
RESP-00263,2026-08-05T00:37:06Z,VULN-SCAN-01,SOC-AUTOMATION,query_process,routine review,EDR,benign_response,authorized activity
RESP-00280,2026-08-05T00:43:51Z,ADMIN-WS-07,ACME\admin.jlee,query_process,routine review,EDR,benign_response,authorized activity
RESP-00844,2026-08-05T00:55:09Z,VULN-SCAN-01,SOC-AUTOMATION,query_process,routine review,EDR,benign_response,authorized activity
RESP-00501,2026-08-05T01:08:16Z,ADMIN-WS-11,ACME\admin.rpatel,review_alert,routine review,EDR,benign_response,authorized activity
RESP-00568,2026-08-05T01:11:17Z,APP-API-02,ACME\admin.jlee,review_alert,routine review,EDR,benign_response,authorized activity
RESP-00063,2026-08-05T01:14:06Z,WEB-EDGE-01,SOC-AUTOMATION,review_alert,routine review,EDR,benign_response,authorized activity
RESP-00773,2026-08-05T01:20:07Z,VULN-SCAN-01,SOC-AUTOMATION,collect_logs,routine review,EDR,benign_response,authorized activity
RESP-00577,2026-08-05T01:24:09Z,APP-API-02,ACME\admin.rpatel,query_process,routine review,EDR,benign_response,authorized activity
RESP-01441,2026-08-05T01:32:46Z,DEPLOY-01,ACME\admin.rpatel,collect_logs,routine review,EDR,benign_response,authorized activity
RESP-00822,2026-08-05T01:33:29Z,FILE-01,ACME\admin.rpatel,query_process,routine review,EDR,benign_response,authorized activity
RESP-00915,2026-08-05T01:43:04Z,APP-API-02,ACME\admin.jlee,query_process,routine review,EDR,benign_response,authorized activity
RESP-00920,2026-08-05T01:48:13Z,VULN-SCAN-01,SOC-AUTOMATION,query_process,routine review,EDR,benign_response,authorized activity
RESP-01029,2026-08-05T01:53:15Z,APP-API-02,ACME\admin.jlee,review_alert,routine review,EDR,benign_response,authorized activity
RESP-00376,2026-08-05T02:00:37Z,APP-API-02,SOC-AUTOMATION,collect_logs,routine review,EDR,benign_response,authorized activity
RESP-00578,2026-08-05T02:30:37Z,APP-API-02,ACME\admin.jlee,collect_logs,routine review,EDR,benign_response,authorized activity
RESP-00564,2026-08-05T02:36:55Z,APP-API-02,ACME\admin.jlee,query_process,routine review,EDR,benign_response,authorized activity
RESP-00265,2026-08-05T02:47:57Z,FILE-01,ACME\admin.rpatel,query_process,routine review,EDR,benign_response,authorized activity
RESP-00588,2026-08-05T03:04:08Z,DEPLOY-01,ACME\admin.rpatel,collect_logs,routine review,EDR,benign_response,authorized activity
RESP-00671,2026-08-05T03:06:08Z,ADMIN-WS-07,SOC-AUTOMATION,review_alert,routine review,EDR,benign_response,authorized activity
RESP-01031,2026-08-05T03:24:03Z,APP-API-02,ACME\admin.rpatel,collect_logs,routine review,EDR,benign_response,authorized activity
RESP-00812,2026-08-05T03:26:01Z,ADMIN-WS-07,SOC-AUTOMATION,query_process,routine review,EDR,benign_response,authorized activity
RESP-01365,2026-08-05T03:34:32Z,WEB-EDGE-01,ACME\admin.rpatel,collect_logs,routine review,EDR,benign_response,authorized activity
RESP-01470,2026-08-05T03:37:49Z,ADMIN-WS-11,SOC-AUTOMATION,query_process,routine review,EDR,benign_response,authorized activity
RESP-00950,2026-08-05T03:38:36Z,ADMIN-WS-07,SOC-AUTOMATION,query_process,routine review,EDR,benign_response,authorized activity
RESP-00626,2026-08-05T03:48:39Z,DEPLOY-01,ACME\admin.jlee,query_process,routine review,EDR,benign_response,authorized activity
RESP-01445,2026-08-05T04:04:40Z,WEB-EDGE-01,ACME\admin.jlee,collect_logs,routine review,EDR,benign_response,authorized activity
RESP-01417,2026-08-05T04:12:19Z,APP-API-02,ACME\admin.jlee,query_process,routine review,EDR,benign_response,authorized activity
RESP-00593,2026-08-05T04:16:22Z,APP-API-02,ACME\admin.rpatel,collect_logs,routine review,EDR,benign_response,authorized activity
RESP-00830,2026-08-05T04:17:42Z,ADMIN-WS-11,SOC-AUTOMATION,review_alert,routine review,EDR,benign_response,authorized activity
RESP-00866,2026-08-05T04:20:46Z,DEPLOY-01,ACME\admin.rpatel,review_alert,routine review,EDR,benign_response,authorized activity
RESP-00158,2026-08-05T04:22:52Z,VULN-SCAN-01,ACME\admin.jlee,review_alert,routine review,EDR,benign_response,authorized activity
RESP-00911,2026-08-05T04:33:19Z,WEB-EDGE-01,SOC-AUTOMATION,query_process,routine review,EDR,benign_response,authorized activity
RESP-00290,2026-08-05T04:34:54Z,WEB-EDGE-01,SOC-AUTOMATION,review_alert,routine review,EDR,benign_response,authorized activity
RESP-00388,2026-08-05T04:41:45Z,FILE-01,SOC-AUTOMATION,review_alert,routine review,EDR,benign_response,authorized activity
RESP-00321,2026-08-05T04:52:10Z,ADMIN-WS-11,SOC-AUTOMATION,collect_logs,routine review,EDR,benign_response,authorized activity
RESP-00486,2026-08-05T04:52:34Z,VULN-SCAN-01,SOC-AUTOMATION,review_alert,routine review,EDR,benign_response,authorized activity
RESP-00776,2026-08-05T04:52:40Z,VULN-SCAN-01,ACME\admin.jlee,collect_logs,routine review,EDR,benign_response,authorized activity
RESP-00276,2026-08-05T05:07:47Z,APP-API-02,SOC-AUTOMATION,query_process,routine review,EDR,benign_response,authorized activity
RESP-00277,2026-08-05T05:09:55Z,ADMIN-WS-11,ACME\admin.rpatel,collect_logs,routine review,EDR,benign_response,authorized activity
RESP-00112,2026-08-05T05:25:42Z,WEB-EDGE-01,SOC-AUTOMATION,query_process,routine review,EDR,benign_response,authorized activity
RESP-00242,2026-08-05T05:49:08Z,ADMIN-WS-07,ACME\admin.jlee,collect_logs,routine review,EDR,benign_response,authorized activity
RESP-01064,2026-08-05T06:03:49Z,FILE-01,ACME\admin.jlee,collect_logs,routine review,EDR,benign_response,authorized activity
RESP-01423,2026-08-05T06:04:50Z,ADMIN-WS-07,ACME\admin.jlee,query_process,routine review,EDR,benign_response,authorized activity
RESP-01093,2026-08-05T06:20:38Z,FILE-01,ACME\admin.rpatel,collect_logs,routine review,EDR,benign_response,authorized activity
RESP-00296,2026-08-05T06:27:01Z,VULN-SCAN-01,ACME\admin.rpatel,query_process,routine review,EDR,benign_response,authorized activity
RESP-00680,2026-08-05T06:33:45Z,WEB-EDGE-01,ACME\admin.rpatel,review_alert,routine review,EDR,benign_response,authorized activity
RESP-01489,2026-08-05T06:46:24Z,ADMIN-WS-07,ACME\admin.jlee,query_process,routine review,EDR,benign_response,authorized activity
RESP-01481,2026-08-05T06:56:51Z,ADMIN-WS-07,SOC-AUTOMATION,query_process,routine review,EDR,benign_response,authorized activity
RESP-00323,2026-08-05T07:15:52Z,WEB-EDGE-01,SOC-AUTOMATION,query_process,routine review,EDR,benign_response,authorized activity
RESP-01480,2026-08-05T07:18:56Z,FILE-01,ACME\admin.jlee,collect_logs,routine review,EDR,benign_response,authorized activity
RESP-00469,2026-08-05T07:20:12Z,VULN-SCAN-01,ACME\admin.rpatel,review_alert,routine review,EDR,benign_response,authorized activity
RESP-00634,2026-08-05T07:28:52Z,FILE-01,SOC-AUTOMATION,collect_logs,routine review,EDR,benign_response,authorized activity
RESP-00161,2026-08-05T07:39:10Z,FILE-01,ACME\admin.jlee,review_alert,routine review,EDR,benign_response,authorized activity
RESP-01362,2026-08-05T07:41:26Z,DEPLOY-01,ACME\admin.jlee,query_process,routine review,EDR,benign_response,authorized activity
RESP-00968,2026-08-05T07:50:11Z,DEPLOY-01,ACME\admin.rpatel,collect_logs,routine review,EDR,benign_response,authorized activity
RESP-01314,2026-08-05T07:54:09Z,FILE-01,ACME\admin.jlee,collect_logs,routine review,EDR,benign_response,authorized activity
RESP-00603,2026-08-05T07:55:04Z,WEB-EDGE-01,ACME\admin.jlee,collect_logs,routine review,EDR,benign_response,authorized activity
RESP-00316,2026-08-05T08:08:24Z,VULN-SCAN-01,ACME\admin.jlee,collect_logs,routine review,EDR,benign_response,authorized activity
RESP-00503,2026-08-05T08:12:29Z,ADMIN-WS-11,ACME\admin.jlee,review_alert,routine review,EDR,benign_response,authorized activity
RESP-00378,2026-08-05T08:13:46Z,ADMIN-WS-11,ACME\admin.jlee,query_process,routine review,EDR,benign_response,authorized activity
RESP-00422,2026-08-05T08:16:22Z,FILE-01,ACME\admin.jlee,collect_logs,routine review,EDR,benign_response,authorized activity
RESP-00555,2026-08-05T08:23:56Z,ADMIN-WS-11,ACME\admin.rpatel,review_alert,routine review,EDR,benign_response,authorized activity
RESP-00169,2026-08-05T08:28:19Z,ADMIN-WS-07,ACME\admin.rpatel,review_alert,routine review,EDR,benign_response,authorized activity
RESP-00089,2026-08-05T08:45:09Z,FILE-01,ACME\admin.rpatel,review_alert,routine review,EDR,benign_response,authorized activity
RESP-01183,2026-08-05T08:45:55Z,FILE-01,ACME\admin.rpatel,collect_logs,routine review,EDR,benign_response,authorized activity
RESP-00909,2026-08-05T09:00:24Z,ADMIN-WS-11,SOC-AUTOMATION,query_process,routine review,EDR,benign_response,authorized activity
RESP-01374,2026-08-05T09:02:25Z,ADMIN-WS-11,ACME\admin.rpatel,collect_logs,routine review,EDR,benign_response,authorized activity
RESP-00143,2026-08-05T09:02:30Z,APP-API-02,ACME\admin.rpatel,collect_logs,routine review,EDR,benign_response,authorized activity
RESP-00885,2026-08-05T09:18:19Z,WEB-EDGE-01,ACME\admin.jlee,query_process,routine review,EDR,benign_response,authorized activity
RESP-00659,2026-08-05T09:25:52Z,DEPLOY-01,SOC-AUTOMATION,collect_logs,routine review,EDR,benign_response,authorized activity
RESP-00910,2026-08-05T09:26:26Z,APP-API-02,ACME\admin.jlee,query_process,routine review,EDR,benign_response,authorized activity
RESP-00954,2026-08-05T09:26:32Z,DEPLOY-01,SOC-AUTOMATION,query_process,routine review,EDR,benign_response,authorized activity
RESP-00624,2026-08-05T09:37:43Z,VULN-SCAN-01,ACME\admin.rpatel,review_alert,routine review,EDR,benign_response,authorized activity
RESP-00990,2026-08-05T09:39:54Z,APP-API-02,ACME\admin.jlee,review_alert,routine review,EDR,benign_response,authorized activity
RESP-00207,2026-08-05T09:47:44Z,WEB-EDGE-01,SOC-AUTOMATION,review_alert,routine review,EDR,benign_response,authorized activity
RESP-01144,2026-08-05T10:02:32Z,ADMIN-WS-11,SOC-AUTOMATION,review_alert,routine review,EDR,benign_response,authorized activity
RESP-00845,2026-08-05T10:02:49Z,WEB-EDGE-01,ACME\admin.rpatel,query_process,routine review,EDR,benign_response,authorized activity
RESP-00010,2026-08-05T10:03:26Z,FILE-01,SOC-AUTOMATION,review_alert,routine review,EDR,benign_response,authorized activity
RESP-01192,2026-08-05T10:29:35Z,APP-API-02,ACME\admin.jlee,collect_logs,routine review,EDR,benign_response,authorized activity
RESP-00673,2026-08-05T10:32:54Z,VULN-SCAN-01,ACME\admin.jlee,collect_logs,routine review,EDR,benign_response,authorized activity
RESP-00153,2026-08-05T10:39:31Z,APP-API-02,SOC-AUTOMATION,collect_logs,routine review,EDR,benign_response,authorized activity
RESP-00785,2026-08-05T10:41:42Z,ADMIN-WS-11,SOC-AUTOMATION,query_process,routine review,EDR,benign_response,authorized activity
RESP-00676,2026-08-05T10:56:39Z,DEPLOY-01,SOC-AUTOMATION,collect_logs,routine review,EDR,benign_response,authorized activity
RESP-00127,2026-08-05T10:56:45Z,ADMIN-WS-07,SOC-AUTOMATION,query_process,routine review,EDR,benign_response,authorized activity
RESP-01133,2026-08-05T11:00:46Z,APP-API-02,SOC-AUTOMATION,collect_logs,routine review,EDR,benign_response,authorized activity
RESP-00403,2026-08-05T11:23:29Z,VULN-SCAN-01,ACME\admin.jlee,review_alert,routine review,EDR,benign_response,authorized activity
RESP-00771,2026-08-05T11:26:03Z,WEB-EDGE-01,ACME\admin.jlee,collect_logs,routine review,EDR,benign_response,authorized activity
RESP-00808,2026-08-05T11:41:32Z,FILE-01,ACME\admin.rpatel,review_alert,routine review,EDR,benign_response,authorized activity
RESP-00054,2026-08-05T11:43:17Z,ADMIN-WS-11,ACME\admin.rpatel,collect_logs,routine review,EDR,benign_response,authorized activity
RESP-01169,2026-08-05T11:44:30Z,ADMIN-WS-11,SOC-AUTOMATION,query_process,routine review,EDR,benign_response,authorized activity
RESP-01484,2026-08-05T11:45:36Z,ADMIN-WS-07,ACME\admin.jlee,collect_logs,routine review,EDR,benign_response,authorized activity
RESP-00367,2026-08-05T11:48:55Z,ADMIN-WS-11,ACME\admin.jlee,review_alert,routine review,EDR,benign_response,authorized activity
RESP-00613,2026-08-05T11:57:44Z,APP-API-02,ACME\admin.jlee,query_process,routine review,EDR,benign_response,authorized activity
RESP-00886,2026-08-05T11:57:56Z,WEB-EDGE-01,ACME\admin.rpatel,review_alert,routine review,EDR,benign_response,authorized activity
RESP-00837,2026-08-05T12:01:06Z,WEB-EDGE-01,ACME\admin.jlee,query_process,routine review,EDR,benign_response,authorized activity
RESP-00515,2026-08-05T12:17:22Z,FILE-01,ACME\admin.jlee,query_process,routine review,EDR,benign_response,authorized activity
RESP-00011,2026-08-05T12:20:15Z,ADMIN-WS-07,ACME\admin.jlee,query_process,routine review,EDR,benign_response,authorized activity
RESP-00683,2026-08-05T12:26:15Z,ADMIN-WS-11,SOC-AUTOMATION,review_alert,routine review,EDR,benign_response,authorized activity
RESP-00799,2026-08-05T12:32:24Z,ADMIN-WS-07,ACME\admin.rpatel,collect_logs,routine review,EDR,benign_response,authorized activity
RESP-00677,2026-08-05T12:33:01Z,ADMIN-WS-11,ACME\admin.rpatel,query_process,routine review,EDR,benign_response,authorized activity
RESP-01059,2026-08-05T12:47:57Z,APP-API-02,ACME\admin.rpatel,query_process,routine review,EDR,benign_response,authorized activity
RESP-00539,2026-08-05T12:52:12Z,DEPLOY-01,SOC-AUTOMATION,query_process,routine review,EDR,benign_response,authorized activity
RESP-01118,2026-08-05T12:59:52Z,ADMIN-WS-07,ACME\admin.jlee,review_alert,routine review,EDR,benign_response,authorized activity
RESP-00611,2026-08-05T13:04:16Z,APP-API-02,ACME\admin.rpatel,query_process,routine review,EDR,benign_response,authorized activity
RESP-00649,2026-08-05T13:07:59Z,VULN-SCAN-01,ACME\admin.jlee,collect_logs,routine review,EDR,benign_response,authorized activity
RESP-01065,2026-08-05T13:08:20Z,APP-API-02,SOC-AUTOMATION,query_process,routine review,EDR,benign_response,authorized activity
RESP-00893,2026-08-05T13:12:19Z,APP-API-02,SOC-AUTOMATION,query_process,routine review,EDR,benign_response,authorized activity
RESP-00976,2026-08-05T13:14:56Z,DEPLOY-01,ACME\admin.jlee,collect_logs,routine review,EDR,benign_response,authorized activity
RESP-00972,2026-08-05T13:18:04Z,VULN-SCAN-01,ACME\admin.rpatel,review_alert,routine review,EDR,benign_response,authorized activity
RESP-01046,2026-08-05T13:32:10Z,DEPLOY-01,SOC-AUTOMATION,review_alert,routine review,EDR,benign_response,authorized activity
RESP-00763,2026-08-05T13:38:16Z,DEPLOY-01,ACME\admin.rpatel,query_process,routine review,EDR,benign_response,authorized activity
RESP-01026,2026-08-05T13:49:13Z,VULN-SCAN-01,ACME\admin.jlee,review_alert,routine review,EDR,benign_response,authorized activity
RESP-01087,2026-08-05T13:49:39Z,ADMIN-WS-07,ACME\admin.jlee,review_alert,routine review,EDR,benign_response,authorized activity
RESP-00372,2026-08-05T13:54:26Z,APP-API-02,ACME\admin.jlee,review_alert,routine review,EDR,benign_response,authorized activity
RESP-00740,2026-08-05T14:05:08Z,WEB-EDGE-01,ACME\admin.rpatel,collect_logs,routine review,EDR,benign_response,authorized activity
RESP-00934,2026-08-05T14:09:44Z,WEB-EDGE-01,ACME\admin.jlee,query_process,routine review,EDR,benign_response,authorized activity
RESP-01390,2026-08-05T14:12:54Z,ADMIN-WS-11,ACME\admin.jlee,query_process,routine review,EDR,benign_response,authorized activity
RESP-00576,2026-08-05T14:14:05Z,FILE-01,ACME\admin.jlee,review_alert,routine review,EDR,benign_response,authorized activity
RESP-01297,2026-08-05T14:16:41Z,WEB-EDGE-01,ACME\admin.jlee,review_alert,routine review,EDR,benign_response,authorized activity
RESP-00082,2026-08-05T14:29:02Z,VULN-SCAN-01,SOC-AUTOMATION,collect_logs,routine review,EDR,benign_response,authorized activity
RESP-01364,2026-08-05T14:38:44Z,ADMIN-WS-11,SOC-AUTOMATION,collect_logs,routine review,EDR,benign_response,authorized activity
RESP-00807,2026-08-05T14:56:18Z,APP-API-02,SOC-AUTOMATION,review_alert,routine review,EDR,benign_response,authorized activity
RESP-00779,2026-08-05T14:56:26Z,DEPLOY-01,ACME\admin.jlee,collect_logs,routine review,EDR,benign_response,authorized activity
RESP-00541,2026-08-05T14:56:44Z,FILE-01,SOC-AUTOMATION,query_process,routine review,EDR,benign_response,authorized activity
RESP-01138,2026-08-05T14:57:07Z,DEPLOY-01,ACME\admin.jlee,collect_logs,routine review,EDR,benign_response,authorized activity
RESP-01316,2026-08-05T14:58:09Z,WEB-EDGE-01,ACME\admin.jlee,collect_logs,routine review,EDR,benign_response,authorized activity
RESP-00997,2026-08-05T15:02:13Z,WEB-EDGE-01,ACME\admin.rpatel,collect_logs,routine review,EDR,benign_response,authorized activity
RESP-00443,2026-08-05T15:05:03Z,WEB-EDGE-01,SOC-AUTOMATION,review_alert,routine review,EDR,benign_response,authorized activity
RESP-00360,2026-08-05T15:08:48Z,VULN-SCAN-01,SOC-AUTOMATION,query_process,routine review,EDR,benign_response,authorized activity
RESP-00194,2026-08-05T15:10:10Z,ADMIN-WS-11,SOC-AUTOMATION,collect_logs,routine review,EDR,benign_response,authorized activity
RESP-00193,2026-08-05T15:11:34Z,ADMIN-WS-11,ACME\admin.rpatel,collect_logs,routine review,EDR,benign_response,authorized activity
RESP-01063,2026-08-05T15:21:12Z,DEPLOY-01,ACME\admin.rpatel,collect_logs,routine review,EDR,benign_response,authorized activity
RESP-00205,2026-08-05T15:29:00Z,DEPLOY-01,ACME\admin.jlee,review_alert,routine review,EDR,benign_response,authorized activity
RESP-01011,2026-08-05T15:31:34Z,VULN-SCAN-01,ACME\admin.jlee,review_alert,routine review,EDR,benign_response,authorized activity
RESP-00282,2026-08-05T15:34:13Z,APP-API-02,ACME\admin.rpatel,collect_logs,routine review,EDR,benign_response,authorized activity
RESP-00387,2026-08-05T15:35:05Z,ADMIN-WS-07,ACME\admin.rpatel,review_alert,routine review,EDR,benign_response,authorized activity
RESP-00003,2026-08-05T15:35:21Z,ADMIN-WS-07,SOC-AUTOMATION,review_alert,routine review,EDR,benign_response,authorized activity
RESP-00642,2026-08-05T15:37:52Z,VULN-SCAN-01,SOC-AUTOMATION,collect_logs,routine review,EDR,benign_response,authorized activity
RESP-01482,2026-08-05T15:48:30Z,APP-API-02,SOC-AUTOMATION,review_alert,routine review,EDR,benign_response,authorized activity
RESP-00435,2026-08-05T15:59:46Z,WEB-EDGE-01,SOC-AUTOMATION,query_process,routine review,EDR,benign_response,authorized activity
RESP-01019,2026-08-05T16:02:42Z,FILE-01,ACME\admin.jlee,query_process,routine review,EDR,benign_response,authorized activity
RESP-01339,2026-08-05T16:03:39Z,VULN-SCAN-01,SOC-AUTOMATION,collect_logs,routine review,EDR,benign_response,authorized activity
RESP-00952,2026-08-05T16:17:00Z,VULN-SCAN-01,ACME\admin.rpatel,collect_logs,routine review,EDR,benign_response,authorized activity
RESP-01148,2026-08-05T16:31:31Z,APP-API-02,ACME\admin.jlee,review_alert,routine review,EDR,benign_response,authorized activity
RESP-01310,2026-08-05T16:38:06Z,VULN-SCAN-01,ACME\admin.rpatel,query_process,routine review,EDR,benign_response,authorized activity
RESP-01055,2026-08-05T16:41:54Z,DEPLOY-01,SOC-AUTOMATION,review_alert,routine review,EDR,benign_response,authorized activity
RESP-00406,2026-08-05T16:52:46Z,VULN-SCAN-01,SOC-AUTOMATION,review_alert,routine review,EDR,benign_response,authorized activity
RESP-00353,2026-08-05T17:02:33Z,APP-API-02,ACME\admin.rpatel,collect_logs,routine review,EDR,benign_response,authorized activity
RESP-00101,2026-08-05T17:03:31Z,APP-API-02,ACME\admin.jlee,collect_logs,routine review,EDR,benign_response,authorized activity
RESP-01104,2026-08-05T17:06:26Z,APP-API-02,SOC-AUTOMATION,query_process,routine review,EDR,benign_response,authorized activity
RESP-00897,2026-08-05T17:25:29Z,WEB-EDGE-01,ACME\admin.rpatel,query_process,routine review,EDR,benign_response,authorized activity
RESP-00014,2026-08-05T17:48:25Z,VULN-SCAN-01,ACME\admin.jlee,collect_logs,routine review,EDR,benign_response,authorized activity
RESP-00260,2026-08-05T17:52:41Z,VULN-SCAN-01,ACME\admin.rpatel,collect_logs,routine review,EDR,benign_response,authorized activity
RESP-01179,2026-08-05T17:54:23Z,ADMIN-WS-07,SOC-AUTOMATION,query_process,routine review,EDR,benign_response,authorized activity
RESP-00547,2026-08-05T17:55:58Z,FILE-01,ACME\admin.jlee,review_alert,routine review,EDR,benign_response,authorized activity
RESP-01223,2026-08-05T18:22:01Z,VULN-SCAN-01,ACME\admin.jlee,collect_logs,routine review,EDR,benign_response,authorized activity
RESP-00382,2026-08-05T18:22:41Z,FILE-01,ACME\admin.jlee,review_alert,routine review,EDR,benign_response,authorized activity
RESP-00544,2026-08-05T18:36:25Z,WEB-EDGE-01,SOC-AUTOMATION,query_process,routine review,EDR,benign_response,authorized activity
RESP-00759,2026-08-05T18:48:11Z,ADMIN-WS-07,SOC-AUTOMATION,collect_logs,routine review,EDR,benign_response,authorized activity
RESP-01483,2026-08-05T18:49:56Z,ADMIN-WS-07,ACME\admin.jlee,review_alert,routine review,EDR,benign_response,authorized activity
RESP-00258,2026-08-05T18:50:43Z,WEB-EDGE-01,ACME\admin.jlee,review_alert,routine review,EDR,benign_response,authorized activity
RESP-01367,2026-08-05T18:52:43Z,ADMIN-WS-07,SOC-AUTOMATION,query_process,routine review,EDR,benign_response,authorized activity
RESP-01279,2026-08-05T19:10:44Z,DEPLOY-01,SOC-AUTOMATION,collect_logs,routine review,EDR,benign_response,authorized activity
RESP-01224,2026-08-05T19:17:43Z,FILE-01,ACME\admin.jlee,collect_logs,routine review,EDR,benign_response,authorized activity
RESP-00546,2026-08-05T19:26:27Z,APP-API-02,ACME\admin.jlee,collect_logs,routine review,EDR,benign_response,authorized activity
RESP-00686,2026-08-05T19:30:54Z,FILE-01,ACME\admin.rpatel,collect_logs,routine review,EDR,benign_response,authorized activity
RESP-01412,2026-08-05T19:37:25Z,DEPLOY-01,ACME\admin.rpatel,review_alert,routine review,EDR,benign_response,authorized activity
RESP-00523,2026-08-05T19:38:33Z,VULN-SCAN-01,ACME\admin.jlee,query_process,routine review,EDR,benign_response,authorized activity
RESP-00477,2026-08-05T19:47:46Z,DEPLOY-01,ACME\admin.rpatel,query_process,routine review,EDR,benign_response,authorized activity
RESP-00069,2026-08-05T19:47:58Z,WEB-EDGE-01,SOC-AUTOMATION,review_alert,routine review,EDR,benign_response,authorized activity
RESP-01160,2026-08-05T19:49:24Z,FILE-01,ACME\admin.jlee,review_alert,routine review,EDR,benign_response,authorized activity
RESP-01101,2026-08-05T19:50:40Z,VULN-SCAN-01,SOC-AUTOMATION,collect_logs,routine review,EDR,benign_response,authorized activity
RESP-00809,2026-08-05T19:57:13Z,ADMIN-WS-07,ACME\admin.jlee,collect_logs,routine review,EDR,benign_response,authorized activity
RESP-01000,2026-08-05T20:03:58Z,ADMIN-WS-07,SOC-AUTOMATION,review_alert,routine review,EDR,benign_response,authorized activity
RESP-00691,2026-08-05T20:10:30Z,VULN-SCAN-01,ACME\admin.jlee,query_process,routine review,EDR,benign_response,authorized activity
RESP-00507,2026-08-05T20:10:42Z,VULN-SCAN-01,SOC-AUTOMATION,query_process,routine review,EDR,benign_response,authorized activity
RESP-00283,2026-08-05T20:18:26Z,APP-API-02,ACME\admin.rpatel,review_alert,routine review,EDR,benign_response,authorized activity
RESP-01272,2026-08-05T20:23:22Z,WEB-EDGE-01,ACME\admin.rpatel,review_alert,routine review,EDR,benign_response,authorized activity
RESP-01368,2026-08-05T20:27:34Z,APP-API-02,ACME\admin.rpatel,query_process,routine review,EDR,benign_response,authorized activity
RESP-01210,2026-08-05T20:29:02Z,ADMIN-WS-11,ACME\admin.rpatel,collect_logs,routine review,EDR,benign_response,authorized activity
RESP-01221,2026-08-05T20:35:01Z,VULN-SCAN-01,ACME\admin.rpatel,review_alert,routine review,EDR,benign_response,authorized activity
RESP-00927,2026-08-05T20:42:45Z,VULN-SCAN-01,ACME\admin.jlee,review_alert,routine review,EDR,benign_response,authorized activity
RESP-00037,2026-08-05T20:53:06Z,WEB-EDGE-01,ACME\admin.rpatel,query_process,routine review,EDR,benign_response,authorized activity
RESP-00088,2026-08-05T21:07:52Z,ADMIN-WS-11,ACME\admin.jlee,review_alert,routine review,EDR,benign_response,authorized activity
RESP-01315,2026-08-05T21:18:11Z,WEB-EDGE-01,SOC-AUTOMATION,collect_logs,routine review,EDR,benign_response,authorized activity
RESP-00268,2026-08-05T21:32:46Z,DEPLOY-01,ACME\admin.jlee,collect_logs,routine review,EDR,benign_response,authorized activity
RESP-01287,2026-08-05T21:37:55Z,ADMIN-WS-11,SOC-AUTOMATION,collect_logs,routine review,EDR,benign_response,authorized activity
RESP-01433,2026-08-05T21:39:13Z,APP-API-02,SOC-AUTOMATION,review_alert,routine review,EDR,benign_response,authorized activity
RESP-00025,2026-08-05T21:48:54Z,VULN-SCAN-01,ACME\admin.jlee,review_alert,routine review,EDR,benign_response,authorized activity
RESP-00730,2026-08-05T22:01:10Z,VULN-SCAN-01,ACME\admin.rpatel,collect_logs,routine review,EDR,benign_response,authorized activity
RESP-00243,2026-08-05T22:04:17Z,FILE-01,ACME\admin.jlee,collect_logs,routine review,EDR,benign_response,authorized activity
RESP-00670,2026-08-05T22:05:43Z,FILE-01,SOC-AUTOMATION,query_process,routine review,EDR,benign_response,authorized activity
RESP-00988,2026-08-05T22:06:43Z,DEPLOY-01,ACME\admin.rpatel,query_process,routine review,EDR,benign_response,authorized activity
RESP-00182,2026-08-05T22:38:51Z,VULN-SCAN-01,SOC-AUTOMATION,collect_logs,routine review,EDR,benign_response,authorized activity
RESP-00150,2026-08-05T22:45:17Z,DEPLOY-01,SOC-AUTOMATION,review_alert,routine review,EDR,benign_response,authorized activity
RESP-01360,2026-08-05T22:45:56Z,WEB-EDGE-01,ACME\admin.jlee,review_alert,routine review,EDR,benign_response,authorized activity
RESP-01022,2026-08-05T23:08:09Z,FILE-01,ACME\admin.rpatel,collect_logs,routine review,EDR,benign_response,authorized activity
RESP-01259,2026-08-05T23:11:49Z,ADMIN-WS-11,SOC-AUTOMATION,review_alert,routine review,EDR,benign_response,authorized activity
RESP-01170,2026-08-05T23:14:10Z,FILE-01,SOC-AUTOMATION,collect_logs,routine review,EDR,benign_response,authorized activity
RESP-01166,2026-08-05T23:19:21Z,APP-API-02,ACME\admin.rpatel,review_alert,routine review,EDR,benign_response,authorized activity
RESP-00259,2026-08-05T23:32:59Z,DEPLOY-01,SOC-AUTOMATION,review_alert,routine review,EDR,benign_response,authorized activity
RESP-00620,2026-08-05T23:38:48Z,FILE-01,ACME\admin.jlee,collect_logs,routine review,EDR,benign_response,authorized activity
RESP-00660,2026-08-05T23:42:32Z,DEPLOY-01,SOC-AUTOMATION,review_alert,routine review,EDR,benign_response,authorized activity
RESP-00725,2026-08-05T23:58:00Z,DEPLOY-01,ACME\admin.rpatel,collect_logs,routine review,EDR,benign_response,authorized activity
RESP-00219,2026-08-06T00:11:29Z,VULN-SCAN-01,SOC-AUTOMATION,query_process,routine review,EDR,benign_response,authorized activity
RESP-01214,2026-08-06T00:14:11Z,ADMIN-WS-11,ACME\admin.rpatel,query_process,routine review,EDR,benign_response,authorized activity
RESP-00380,2026-08-06T00:17:50Z,ADMIN-WS-11,ACME\admin.jlee,query_process,routine review,EDR,benign_response,authorized activity
RESP-00117,2026-08-06T00:19:46Z,ADMIN-WS-11,SOC-AUTOMATION,collect_logs,routine review,EDR,benign_response,authorized activity
RESP-01421,2026-08-06T00:26:07Z,WEB-EDGE-01,ACME\admin.rpatel,collect_logs,routine review,EDR,benign_response,authorized activity
RESP-00527,2026-08-06T00:32:51Z,DEPLOY-01,ACME\admin.jlee,query_process,routine review,EDR,benign_response,authorized activity
RESP-00294,2026-08-06T00:52:15Z,FILE-01,SOC-AUTOMATION,collect_logs,routine review,EDR,benign_response,authorized activity
RESP-01357,2026-08-06T00:57:03Z,ADMIN-WS-07,ACME\admin.jlee,query_process,routine review,EDR,benign_response,authorized activity
RESP-00078,2026-08-06T01:11:51Z,FILE-01,ACME\admin.jlee,query_process,routine review,EDR,benign_response,authorized activity
RESP-01009,2026-08-06T01:12:35Z,VULN-SCAN-01,ACME\admin.rpatel,review_alert,routine review,EDR,benign_response,authorized activity
RESP-00461,2026-08-06T01:42:11Z,VULN-SCAN-01,ACME\admin.jlee,review_alert,routine review,EDR,benign_response,authorized activity
RESP-01359,2026-08-06T01:48:06Z,ADMIN-WS-11,SOC-AUTOMATION,review_alert,routine review,EDR,benign_response,authorized activity
RESP-00330,2026-08-06T01:54:15Z,FILE-01,SOC-AUTOMATION,review_alert,routine review,EDR,benign_response,authorized activity
RESP-01353,2026-08-06T01:56:37Z,DEPLOY-01,SOC-AUTOMATION,review_alert,routine review,EDR,benign_response,authorized activity
RESP-00841,2026-08-06T02:00:58Z,VULN-SCAN-01,SOC-AUTOMATION,review_alert,routine review,EDR,benign_response,authorized activity
RESP-01043,2026-08-06T02:02:49Z,WEB-EDGE-01,ACME\admin.rpatel,query_process,routine review,EDR,benign_response,authorized activity
RESP-01351,2026-08-06T02:07:05Z,ADMIN-WS-07,SOC-AUTOMATION,query_process,routine review,EDR,benign_response,authorized activity
RESP-00826,2026-08-06T02:13:26Z,FILE-01,SOC-AUTOMATION,collect_logs,routine review,EDR,benign_response,authorized activity
RESP-00132,2026-08-06T02:18:54Z,WEB-EDGE-01,SOC-AUTOMATION,query_process,routine review,EDR,benign_response,authorized activity
RESP-00508,2026-08-06T02:21:56Z,VULN-SCAN-01,ACME\admin.rpatel,query_process,routine review,EDR,benign_response,authorized activity
RESP-00097,2026-08-06T02:24:40Z,ADMIN-WS-11,SOC-AUTOMATION,query_process,routine review,EDR,benign_response,authorized activity
RESP-00675,2026-08-06T02:25:16Z,APP-API-02,ACME\admin.jlee,review_alert,routine review,EDR,benign_response,authorized activity
RESP-00299,2026-08-06T02:34:38Z,ADMIN-WS-11,ACME\admin.jlee,query_process,routine review,EDR,benign_response,authorized activity
RESP-00038,2026-08-06T02:44:59Z,ADMIN-WS-07,ACME\admin.rpatel,query_process,routine review,EDR,benign_response,authorized activity
RESP-00643,2026-08-06T02:48:00Z,VULN-SCAN-01,ACME\admin.rpatel,review_alert,routine review,EDR,benign_response,authorized activity
RESP-00901,2026-08-06T02:48:23Z,DEPLOY-01,SOC-AUTOMATION,review_alert,routine review,EDR,benign_response,authorized activity
RESP-00967,2026-08-06T02:53:15Z,APP-API-02,ACME\admin.rpatel,collect_logs,routine review,EDR,benign_response,authorized activity
RESP-00514,2026-08-06T02:56:57Z,APP-API-02,SOC-AUTOMATION,review_alert,routine review,EDR,benign_response,authorized activity
RESP-00521,2026-08-06T03:01:03Z,WEB-EDGE-01,ACME\admin.jlee,collect_logs,routine review,EDR,benign_response,authorized activity
RESP-01358,2026-08-06T03:04:48Z,FILE-01,ACME\admin.jlee,review_alert,routine review,EDR,benign_response,authorized activity
RESP-01105,2026-08-06T03:14:46Z,ADMIN-WS-11,ACME\admin.jlee,collect_logs,routine review,EDR,benign_response,authorized activity
RESP-00361,2026-08-06T03:18:56Z,ADMIN-WS-11,SOC-AUTOMATION,collect_logs,routine review,EDR,benign_response,authorized activity
RESP-00591,2026-08-06T03:19:08Z,DEPLOY-01,ACME\admin.rpatel,query_process,routine review,EDR,benign_response,authorized activity
RESP-00434,2026-08-06T03:20:54Z,WEB-EDGE-01,ACME\admin.jlee,review_alert,routine review,EDR,benign_response,authorized activity
RESP-00684,2026-08-06T03:41:45Z,APP-API-02,ACME\admin.jlee,query_process,routine review,EDR,benign_response,authorized activity
RESP-00949,2026-08-06T03:44:42Z,APP-API-02,ACME\admin.rpatel,query_process,routine review,EDR,benign_response,authorized activity
RESP-01478,2026-08-06T03:50:55Z,DEPLOY-01,SOC-AUTOMATION,collect_logs,routine review,EDR,benign_response,authorized activity
RESP-00076,2026-08-06T03:59:43Z,DEPLOY-01,ACME\admin.jlee,review_alert,routine review,EDR,benign_response,authorized activity
RESP-00490,2026-08-06T04:11:11Z,DEPLOY-01,ACME\admin.rpatel,review_alert,routine review,EDR,benign_response,authorized activity
RESP-00560,2026-08-06T04:17:07Z,DEPLOY-01,ACME\admin.jlee,collect_logs,routine review,EDR,benign_response,authorized activity
RESP-00099,2026-08-06T04:20:27Z,WEB-EDGE-01,ACME\admin.rpatel,collect_logs,routine review,EDR,benign_response,authorized activity
RESP-00599,2026-08-06T04:23:35Z,ADMIN-WS-11,ACME\admin.jlee,review_alert,routine review,EDR,benign_response,authorized activity
RESP-00111,2026-08-06T04:29:20Z,DEPLOY-01,ACME\admin.rpatel,query_process,routine review,EDR,benign_response,authorized activity
RESP-01236,2026-08-06T04:45:51Z,WEB-EDGE-01,ACME\admin.jlee,query_process,routine review,EDR,benign_response,authorized activity
RESP-01074,2026-08-06T04:49:57Z,ADMIN-WS-11,ACME\admin.jlee,collect_logs,routine review,EDR,benign_response,authorized activity
RESP-00994,2026-08-06T05:00:10Z,ADMIN-WS-07,ACME\admin.jlee,review_alert,routine review,EDR,benign_response,authorized activity
RESP-00855,2026-08-06T05:13:48Z,APP-API-02,SOC-AUTOMATION,review_alert,routine review,EDR,benign_response,authorized activity
RESP-00602,2026-08-06T05:16:21Z,ADMIN-WS-11,ACME\admin.jlee,collect_logs,routine review,EDR,benign_response,authorized activity
RESP-00212,2026-08-06T05:32:53Z,VULN-SCAN-01,ACME\admin.jlee,review_alert,routine review,EDR,benign_response,authorized activity
RESP-01083,2026-08-06T05:34:39Z,ADMIN-WS-07,SOC-AUTOMATION,review_alert,routine review,EDR,benign_response,authorized activity
RESP-00329,2026-08-06T05:47:39Z,ADMIN-WS-07,ACME\admin.rpatel,review_alert,routine review,EDR,benign_response,authorized activity
RESP-01047,2026-08-06T05:51:47Z,ADMIN-WS-07,ACME\admin.jlee,review_alert,routine review,EDR,benign_response,authorized activity
RESP-01235,2026-08-06T05:56:13Z,APP-API-02,ACME\admin.jlee,query_process,routine review,EDR,benign_response,authorized activity
RESP-00034,2026-08-06T06:00:51Z,FILE-01,ACME\admin.rpatel,collect_logs,routine review,EDR,benign_response,authorized activity
RESP-01018,2026-08-06T06:01:33Z,VULN-SCAN-01,SOC-AUTOMATION,query_process,routine review,EDR,benign_response,authorized activity
RESP-00339,2026-08-06T06:10:38Z,ADMIN-WS-07,ACME\admin.jlee,review_alert,routine review,EDR,benign_response,authorized activity
RESP-01384,2026-08-06T06:19:24Z,ADMIN-WS-07,ACME\admin.jlee,query_process,routine review,EDR,benign_response,authorized activity
RESP-01495,2026-08-06T06:35:18Z,DEPLOY-01,SOC-AUTOMATION,collect_logs,routine review,EDR,benign_response,authorized activity
RESP-00551,2026-08-06T06:35:51Z,VULN-SCAN-01,SOC-AUTOMATION,review_alert,routine review,EDR,benign_response,authorized activity
RESP-00908,2026-08-06T06:51:21Z,DEPLOY-01,ACME\admin.rpatel,query_process,routine review,EDR,benign_response,authorized activity
RESP-01346,2026-08-06T06:51:58Z,FILE-01,ACME\admin.rpatel,review_alert,routine review,EDR,benign_response,authorized activity
RESP-01425,2026-08-06T06:52:42Z,VULN-SCAN-01,ACME\admin.rpatel,query_process,routine review,EDR,benign_response,authorized activity
RESP-00174,2026-08-06T06:58:58Z,WEB-EDGE-01,ACME\admin.jlee,collect_logs,routine review,EDR,benign_response,authorized activity
RESP-00190,2026-08-06T07:00:57Z,WEB-EDGE-01,ACME\admin.rpatel,collect_logs,routine review,EDR,benign_response,authorized activity
RESP-00008,2026-08-06T07:02:27Z,ADMIN-WS-07,ACME\admin.rpatel,collect_logs,routine review,EDR,benign_response,authorized activity
RESP-00528,2026-08-06T07:07:11Z,ADMIN-WS-11,ACME\admin.jlee,collect_logs,routine review,EDR,benign_response,authorized activity
RESP-00953,2026-08-06T07:07:45Z,ADMIN-WS-07,ACME\admin.rpatel,review_alert,routine review,EDR,benign_response,authorized activity
RESP-00459,2026-08-06T07:13:33Z,ADMIN-WS-07,ACME\admin.jlee,review_alert,routine review,EDR,benign_response,authorized activity
RESP-00450,2026-08-06T07:20:54Z,FILE-01,ACME\admin.jlee,review_alert,routine review,EDR,benign_response,authorized activity
RESP-01462,2026-08-06T07:24:55Z,APP-API-02,ACME\admin.rpatel,query_process,routine review,EDR,benign_response,authorized activity
RESP-00769,2026-08-06T07:30:09Z,APP-API-02,ACME\admin.jlee,review_alert,routine review,EDR,benign_response,authorized activity
RESP-00986,2026-08-06T07:39:17Z,FILE-01,SOC-AUTOMATION,collect_logs,routine review,EDR,benign_response,authorized activity
RESP-00566,2026-08-06T07:54:02Z,DEPLOY-01,ACME\admin.rpatel,query_process,routine review,EDR,benign_response,authorized activity
RESP-00607,2026-08-06T07:55:01Z,WEB-EDGE-01,ACME\admin.rpatel,query_process,routine review,EDR,benign_response,authorized activity
RESP-01174,2026-08-06T07:57:57Z,FILE-01,SOC-AUTOMATION,collect_logs,routine review,EDR,benign_response,authorized activity
RESP-00039,2026-08-06T08:15:35Z,ADMIN-WS-11,ACME\admin.jlee,query_process,routine review,EDR,benign_response,authorized activity
RESP-00726,2026-08-06T08:20:28Z,FILE-01,ACME\admin.jlee,review_alert,routine review,EDR,benign_response,authorized activity
RESP-00255,2026-08-06T08:43:31Z,APP-API-02,SOC-AUTOMATION,query_process,routine review,EDR,benign_response,authorized activity
RESP-00358,2026-08-06T08:48:51Z,ADMIN-WS-07,SOC-AUTOMATION,collect_logs,routine review,EDR,benign_response,authorized activity
RESP-01232,2026-08-06T08:57:41Z,WEB-EDGE-01,ACME\admin.rpatel,collect_logs,routine review,EDR,benign_response,authorized activity
RESP-00411,2026-08-06T09:13:41Z,FILE-01,SOC-AUTOMATION,review_alert,routine review,EDR,benign_response,authorized activity
RESP-00390,2026-08-06T09:16:58Z,WEB-EDGE-01,ACME\admin.rpatel,query_process,routine review,EDR,benign_response,authorized activity
RESP-00095,2026-08-06T09:20:35Z,WEB-EDGE-01,SOC-AUTOMATION,query_process,routine review,EDR,benign_response,authorized activity
RESP-00228,2026-08-06T09:20:43Z,VULN-SCAN-01,ACME\admin.jlee,collect_logs,routine review,EDR,benign_response,authorized activity
RESP-00651,2026-08-06T09:22:29Z,VULN-SCAN-01,ACME\admin.jlee,review_alert,routine review,EDR,benign_response,authorized activity
RESP-01209,2026-08-06T09:22:41Z,APP-API-02,ACME\admin.jlee,collect_logs,routine review,EDR,benign_response,authorized activity
RESP-00146,2026-08-06T09:35:12Z,WEB-EDGE-01,ACME\admin.rpatel,query_process,routine review,EDR,benign_response,authorized activity
RESP-00610,2026-08-06T09:38:05Z,FILE-01,ACME\admin.rpatel,collect_logs,routine review,EDR,benign_response,authorized activity
RESP-00006,2026-08-06T09:49:44Z,ADMIN-WS-11,SOC-AUTOMATION,collect_logs,routine review,EDR,benign_response,authorized activity
RESP-00051,2026-08-06T09:51:21Z,DEPLOY-01,ACME\admin.rpatel,collect_logs,routine review,EDR,benign_response,authorized activity
RESP-01467,2026-08-06T10:00:22Z,VULN-SCAN-01,SOC-AUTOMATION,query_process,routine review,EDR,benign_response,authorized activity
RESP-00749,2026-08-06T10:04:14Z,APP-API-02,ACME\admin.rpatel,review_alert,routine review,EDR,benign_response,authorized activity
RESP-01397,2026-08-06T10:04:22Z,WEB-EDGE-01,ACME\admin.rpatel,query_process,routine review,EDR,benign_response,authorized activity
RESP-00708,2026-08-06T10:07:19Z,VULN-SCAN-01,ACME\admin.jlee,query_process,routine review,EDR,benign_response,authorized activity
RESP-00780,2026-08-06T10:11:16Z,ADMIN-WS-11,ACME\admin.rpatel,review_alert,routine review,EDR,benign_response,authorized activity
RESP-00921,2026-08-06T10:15:56Z,VULN-SCAN-01,SOC-AUTOMATION,query_process,routine review,EDR,benign_response,authorized activity
RESP-00047,2026-08-06T10:17:27Z,DEPLOY-01,SOC-AUTOMATION,review_alert,routine review,EDR,benign_response,authorized activity
RESP-00288,2026-08-06T10:23:30Z,VULN-SCAN-01,ACME\admin.rpatel,review_alert,routine review,EDR,benign_response,authorized activity
RESP-00761,2026-08-06T10:46:28Z,APP-API-02,ACME\admin.jlee,collect_logs,routine review,EDR,benign_response,authorized activity
RESP-00287,2026-08-06T10:48:40Z,VULN-SCAN-01,SOC-AUTOMATION,review_alert,routine review,EDR,benign_response,authorized activity
RESP-00086,2026-08-06T10:55:16Z,ADMIN-WS-11,ACME\admin.jlee,collect_logs,routine review,EDR,benign_response,authorized activity
RESP-00059,2026-08-06T11:19:41Z,VULN-SCAN-01,ACME\admin.rpatel,review_alert,routine review,EDR,benign_response,authorized activity
RESP-00851,2026-08-06T11:38:15Z,FILE-01,ACME\admin.rpatel,query_process,routine review,EDR,benign_response,authorized activity
RESP-00518,2026-08-06T11:38:44Z,ADMIN-WS-11,ACME\admin.rpatel,collect_logs,routine review,EDR,benign_response,authorized activity
RESP-00495,2026-08-06T11:48:52Z,ADMIN-WS-11,ACME\admin.jlee,query_process,routine review,EDR,benign_response,authorized activity
RESP-00062,2026-08-06T11:53:29Z,ADMIN-WS-11,ACME\admin.jlee,review_alert,routine review,EDR,benign_response,authorized activity
RESP-01173,2026-08-06T11:57:25Z,DEPLOY-01,SOC-AUTOMATION,collect_logs,routine review,EDR,benign_response,authorized activity
RESP-01184,2026-08-06T12:02:19Z,APP-API-02,ACME\admin.jlee,query_process,routine review,EDR,benign_response,authorized activity
RESP-00604,2026-08-06T12:06:45Z,APP-API-02,SOC-AUTOMATION,query_process,routine review,EDR,benign_response,authorized activity
RESP-00021,2026-08-06T12:23:03Z,DEPLOY-01,SOC-AUTOMATION,query_process,routine review,EDR,benign_response,authorized activity
RESP-00750,2026-08-06T12:26:05Z,FILE-01,SOC-AUTOMATION,query_process,routine review,EDR,benign_response,authorized activity
RESP-00698,2026-08-06T12:39:51Z,ADMIN-WS-07,SOC-AUTOMATION,review_alert,routine review,EDR,benign_response,authorized activity
RESP-00431,2026-08-06T12:41:18Z,ADMIN-WS-07,ACME\admin.jlee,review_alert,routine review,EDR,benign_response,authorized activity
RESP-00188,2026-08-06T12:44:04Z,APP-API-02,ACME\admin.rpatel,review_alert,routine review,EDR,benign_response,authorized activity
RESP-01274,2026-08-06T12:47:07Z,DEPLOY-01,ACME\admin.rpatel,collect_logs,routine review,EDR,benign_response,authorized activity
RESP-00641,2026-08-06T12:49:30Z,DEPLOY-01,ACME\admin.jlee,query_process,routine review,EDR,benign_response,authorized activity
RESP-00142,2026-08-06T13:00:53Z,ADMIN-WS-11,SOC-AUTOMATION,review_alert,routine review,EDR,benign_response,authorized activity
RESP-00385,2026-08-06T13:04:38Z,VULN-SCAN-01,ACME\admin.rpatel,review_alert,routine review,EDR,benign_response,authorized activity
RESP-01253,2026-08-06T13:06:04Z,ADMIN-WS-07,SOC-AUTOMATION,review_alert,routine review,EDR,benign_response,authorized activity
RESP-00945,2026-08-06T13:30:20Z,FILE-01,ACME\admin.rpatel,review_alert,routine review,EDR,benign_response,authorized activity
RESP-01308,2026-08-06T13:30:31Z,WEB-EDGE-01,ACME\admin.jlee,review_alert,routine review,EDR,benign_response,authorized activity
RESP-00405,2026-08-06T13:33:10Z,APP-API-02,SOC-AUTOMATION,collect_logs,routine review,EDR,benign_response,authorized activity
RESP-00395,2026-08-06T13:34:25Z,DEPLOY-01,SOC-AUTOMATION,review_alert,routine review,EDR,benign_response,authorized activity
RESP-01077,2026-08-06T13:37:16Z,DEPLOY-01,ACME\admin.jlee,collect_logs,routine review,EDR,benign_response,authorized activity
RESP-01102,2026-08-06T13:46:22Z,WEB-EDGE-01,ACME\admin.rpatel,query_process,routine review,EDR,benign_response,authorized activity
RESP-00447,2026-08-06T13:55:59Z,APP-API-02,ACME\admin.jlee,collect_logs,routine review,EDR,benign_response,authorized activity
RESP-00238,2026-08-06T13:59:11Z,DEPLOY-01,SOC-AUTOMATION,query_process,routine review,EDR,benign_response,authorized activity
RESP-01132,2026-08-06T14:03:11Z,DEPLOY-01,ACME\admin.rpatel,review_alert,routine review,EDR,benign_response,authorized activity
RESP-01376,2026-08-06T14:15:20Z,DEPLOY-01,ACME\admin.rpatel,review_alert,routine review,EDR,benign_response,authorized activity
RESP-00662,2026-08-06T14:19:53Z,ADMIN-WS-07,ACME\admin.rpatel,review_alert,routine review,EDR,benign_response,authorized activity
RESP-00992,2026-08-06T14:21:41Z,FILE-01,ACME\admin.jlee,collect_logs,routine review,EDR,benign_response,authorized activity
RESP-00407,2026-08-06T14:24:52Z,FILE-01,ACME\admin.rpatel,collect_logs,routine review,EDR,benign_response,authorized activity
RESP-00895,2026-08-06T14:32:03Z,APP-API-02,ACME\admin.rpatel,collect_logs,routine review,EDR,benign_response,authorized activity
RESP-01475,2026-08-06T14:38:05Z,WEB-EDGE-01,ACME\admin.jlee,query_process,routine review,EDR,benign_response,authorized activity
RESP-00489,2026-08-06T14:41:50Z,ADMIN-WS-07,ACME\admin.rpatel,collect_logs,routine review,EDR,benign_response,authorized activity
RESP-01325,2026-08-06T15:03:20Z,FILE-01,ACME\admin.rpatel,collect_logs,routine review,EDR,benign_response,authorized activity
RESP-01198,2026-08-06T15:06:19Z,ADMIN-WS-11,ACME\admin.rpatel,query_process,routine review,EDR,benign_response,authorized activity
RESP-00399,2026-08-06T15:14:44Z,VULN-SCAN-01,ACME\admin.rpatel,collect_logs,routine review,EDR,benign_response,authorized activity
RESP-00517,2026-08-06T15:31:22Z,DEPLOY-01,SOC-AUTOMATION,query_process,routine review,EDR,benign_response,authorized activity
RESP-01207,2026-08-06T15:32:40Z,FILE-01,ACME\admin.rpatel,collect_logs,routine review,EDR,benign_response,authorized activity
RESP-01416,2026-08-06T15:39:28Z,DEPLOY-01,ACME\admin.rpatel,review_alert,routine review,EDR,benign_response,authorized activity
RESP-01311,2026-08-06T15:41:33Z,VULN-SCAN-01,SOC-AUTOMATION,review_alert,routine review,EDR,benign_response,authorized activity
RESP-00085,2026-08-06T15:49:32Z,WEB-EDGE-01,ACME\admin.jlee,query_process,routine review,EDR,benign_response,authorized activity
RESP-00237,2026-08-06T15:53:15Z,APP-API-02,ACME\admin.rpatel,collect_logs,routine review,EDR,benign_response,authorized activity
RESP-00904,2026-08-06T15:53:36Z,ADMIN-WS-11,SOC-AUTOMATION,query_process,routine review,EDR,benign_response,authorized activity
RESP-00448,2026-08-06T16:10:53Z,ADMIN-WS-07,SOC-AUTOMATION,review_alert,routine review,EDR,benign_response,authorized activity
RESP-00902,2026-08-06T16:23:48Z,VULN-SCAN-01,ACME\admin.rpatel,collect_logs,routine review,EDR,benign_response,authorized activity
RESP-01461,2026-08-06T16:23:49Z,VULN-SCAN-01,SOC-AUTOMATION,review_alert,routine review,EDR,benign_response,authorized activity
RESP-01088,2026-08-06T16:28:58Z,APP-API-02,ACME\admin.jlee,collect_logs,routine review,EDR,benign_response,authorized activity
RESP-00943,2026-08-06T16:41:17Z,ADMIN-WS-07,ACME\admin.rpatel,collect_logs,routine review,EDR,benign_response,authorized activity
RESP-00274,2026-08-06T16:43:34Z,APP-API-02,SOC-AUTOMATION,query_process,routine review,EDR,benign_response,authorized activity
RESP-00436,2026-08-06T16:47:07Z,ADMIN-WS-07,SOC-AUTOMATION,query_process,routine review,EDR,benign_response,authorized activity
RESP-00580,2026-08-06T16:48:52Z,DEPLOY-01,SOC-AUTOMATION,query_process,routine review,EDR,benign_response,authorized activity
RESP-00393,2026-08-06T16:51:14Z,ADMIN-WS-07,ACME\admin.jlee,review_alert,routine review,EDR,benign_response,authorized activity
RESP-00700,2026-08-06T17:05:22Z,ADMIN-WS-11,ACME\admin.jlee,collect_logs,routine review,EDR,benign_response,authorized activity
RESP-01003,2026-08-06T17:09:41Z,FILE-01,SOC-AUTOMATION,query_process,routine review,EDR,benign_response,authorized activity
RESP-01028,2026-08-06T17:17:17Z,VULN-SCAN-01,ACME\admin.rpatel,collect_logs,routine review,EDR,benign_response,authorized activity
RESP-00106,2026-08-06T17:25:00Z,ADMIN-WS-07,ACME\admin.jlee,review_alert,routine review,EDR,benign_response,authorized activity
RESP-00760,2026-08-06T17:35:27Z,DEPLOY-01,SOC-AUTOMATION,query_process,routine review,EDR,benign_response,authorized activity
RESP-00913,2026-08-06T17:36:10Z,ADMIN-WS-07,ACME\admin.jlee,query_process,routine review,EDR,benign_response,authorized activity
RESP-00126,2026-08-06T17:36:28Z,ADMIN-WS-07,ACME\admin.rpatel,query_process,routine review,EDR,benign_response,authorized activity
RESP-00285,2026-08-06T17:38:35Z,WEB-EDGE-01,ACME\admin.jlee,collect_logs,routine review,EDR,benign_response,authorized activity
RESP-00817,2026-08-06T17:46:21Z,FILE-01,ACME\admin.rpatel,review_alert,routine review,EDR,benign_response,authorized activity
RESP-00074,2026-08-06T17:46:50Z,WEB-EDGE-01,SOC-AUTOMATION,query_process,routine review,EDR,benign_response,authorized activity
RESP-01005,2026-08-06T17:51:40Z,FILE-01,ACME\admin.rpatel,review_alert,routine review,EDR,benign_response,authorized activity
RESP-01422,2026-08-06T17:54:51Z,VULN-SCAN-01,SOC-AUTOMATION,query_process,routine review,EDR,benign_response,authorized activity
RESP-01114,2026-08-06T18:04:58Z,FILE-01,SOC-AUTOMATION,collect_logs,routine review,EDR,benign_response,authorized activity
RESP-01042,2026-08-06T18:09:02Z,WEB-EDGE-01,SOC-AUTOMATION,review_alert,routine review,EDR,benign_response,authorized activity
RESP-00696,2026-08-06T18:18:01Z,VULN-SCAN-01,ACME\admin.rpatel,review_alert,routine review,EDR,benign_response,authorized activity
RESP-01494,2026-08-06T18:37:45Z,VULN-SCAN-01,ACME\admin.jlee,collect_logs,routine review,EDR,benign_response,authorized activity
RESP-00055,2026-08-06T18:40:13Z,WEB-EDGE-01,ACME\admin.rpatel,query_process,routine review,EDR,benign_response,authorized activity
RESP-01460,2026-08-06T18:55:11Z,APP-API-02,ACME\admin.rpatel,query_process,routine review,EDR,benign_response,authorized activity
RESP-00798,2026-08-06T19:00:24Z,ADMIN-WS-07,ACME\admin.rpatel,review_alert,routine review,EDR,benign_response,authorized activity
RESP-00090,2026-08-06T19:04:05Z,APP-API-02,ACME\admin.jlee,review_alert,routine review,EDR,benign_response,authorized activity
RESP-00391,2026-08-06T19:21:35Z,WEB-EDGE-01,ACME\admin.jlee,review_alert,routine review,EDR,benign_response,authorized activity
RESP-01322,2026-08-06T19:24:42Z,ADMIN-WS-07,ACME\admin.jlee,query_process,routine review,EDR,benign_response,authorized activity
RESP-01250,2026-08-06T19:25:23Z,FILE-01,ACME\admin.jlee,query_process,routine review,EDR,benign_response,authorized activity
RESP-00619,2026-08-06T19:30:35Z,WEB-EDGE-01,SOC-AUTOMATION,query_process,routine review,EDR,benign_response,authorized activity
RESP-01106,2026-08-06T19:34:13Z,DEPLOY-01,ACME\admin.rpatel,query_process,routine review,EDR,benign_response,authorized activity
RESP-00384,2026-08-06T19:35:56Z,ADMIN-WS-07,ACME\admin.jlee,review_alert,routine review,EDR,benign_response,authorized activity
RESP-00293,2026-08-06T19:36:19Z,APP-API-02,SOC-AUTOMATION,query_process,routine review,EDR,benign_response,authorized activity
RESP-00701,2026-08-06T19:37:18Z,APP-API-02,SOC-AUTOMATION,review_alert,routine review,EDR,benign_response,authorized activity
RESP-01161,2026-08-06T19:39:52Z,VULN-SCAN-01,SOC-AUTOMATION,collect_logs,routine review,EDR,benign_response,authorized activity
RESP-00177,2026-08-06T19:42:59Z,ADMIN-WS-11,SOC-AUTOMATION,review_alert,routine review,EDR,benign_response,authorized activity
RESP-00439,2026-08-06T19:47:55Z,DEPLOY-01,SOC-AUTOMATION,review_alert,routine review,EDR,benign_response,authorized activity
RESP-00729,2026-08-06T19:50:03Z,FILE-01,ACME\admin.rpatel,query_process,routine review,EDR,benign_response,authorized activity
RESP-01283,2026-08-06T19:50:12Z,ADMIN-WS-11,ACME\admin.rpatel,collect_logs,routine review,EDR,benign_response,authorized activity
RESP-00664,2026-08-06T19:52:09Z,ADMIN-WS-07,ACME\admin.rpatel,review_alert,routine review,EDR,benign_response,authorized activity
RESP-01378,2026-08-06T19:55:29Z,DEPLOY-01,ACME\admin.rpatel,collect_logs,routine review,EDR,benign_response,authorized activity
RESP-00216,2026-08-06T20:08:22Z,DEPLOY-01,ACME\admin.rpatel,query_process,routine review,EDR,benign_response,authorized activity
RESP-00211,2026-08-06T20:09:35Z,DEPLOY-01,ACME\admin.rpatel,collect_logs,routine review,EDR,benign_response,authorized activity
RESP-00171,2026-08-06T20:11:48Z,APP-API-02,SOC-AUTOMATION,collect_logs,routine review,EDR,benign_response,authorized activity
RESP-00829,2026-08-06T20:12:02Z,FILE-01,SOC-AUTOMATION,review_alert,routine review,EDR,benign_response,authorized activity
RESP-00552,2026-08-06T20:32:41Z,FILE-01,ACME\admin.jlee,review_alert,routine review,EDR,benign_response,authorized activity
RESP-01216,2026-08-06T20:40:09Z,WEB-EDGE-01,SOC-AUTOMATION,review_alert,routine review,EDR,benign_response,authorized activity
RESP-01084,2026-08-06T20:49:11Z,DEPLOY-01,SOC-AUTOMATION,collect_logs,routine review,EDR,benign_response,authorized activity
RESP-00042,2026-08-06T20:55:34Z,ADMIN-WS-11,ACME\admin.rpatel,review_alert,routine review,EDR,benign_response,authorized activity
RESP-00196,2026-08-06T21:07:30Z,APP-API-02,ACME\admin.jlee,query_process,routine review,EDR,benign_response,authorized activity
RESP-00513,2026-08-06T21:13:47Z,WEB-EDGE-01,SOC-AUTOMATION,review_alert,routine review,EDR,benign_response,authorized activity
RESP-00433,2026-08-06T21:18:28Z,ADMIN-WS-07,ACME\admin.rpatel,collect_logs,routine review,EDR,benign_response,authorized activity
RESP-01334,2026-08-06T21:22:52Z,VULN-SCAN-01,ACME\admin.jlee,collect_logs,routine review,EDR,benign_response,authorized activity
RESP-00031,2026-08-06T21:35:08Z,VULN-SCAN-01,ACME\admin.rpatel,collect_logs,routine review,EDR,benign_response,authorized activity
RESP-00667,2026-08-06T21:42:06Z,VULN-SCAN-01,ACME\admin.rpatel,query_process,routine review,EDR,benign_response,authorized activity
RESP-00114,2026-08-06T21:43:50Z,DEPLOY-01,ACME\admin.jlee,collect_logs,routine review,EDR,benign_response,authorized activity
RESP-00083,2026-08-06T21:50:51Z,FILE-01,ACME\admin.jlee,query_process,routine review,EDR,benign_response,authorized activity
RESP-01492,2026-08-06T22:06:37Z,ADMIN-WS-11,ACME\admin.rpatel,review_alert,routine review,EDR,benign_response,authorized activity
RESP-00464,2026-08-06T22:12:15Z,VULN-SCAN-01,ACME\admin.rpatel,collect_logs,routine review,EDR,benign_response,authorized activity
RESP-01379,2026-08-06T22:17:39Z,ADMIN-WS-11,ACME\admin.rpatel,review_alert,routine review,EDR,benign_response,authorized activity
RESP-00262,2026-08-06T22:23:05Z,ADMIN-WS-11,SOC-AUTOMATION,query_process,routine review,EDR,benign_response,authorized activity
RESP-00736,2026-08-06T22:28:59Z,VULN-SCAN-01,ACME\admin.jlee,review_alert,routine review,EDR,benign_response,authorized activity
RESP-01096,2026-08-06T22:41:40Z,DEPLOY-01,ACME\admin.rpatel,collect_logs,routine review,EDR,benign_response,authorized activity
RESP-00278,2026-08-06T22:42:25Z,VULN-SCAN-01,ACME\admin.rpatel,review_alert,routine review,EDR,benign_response,authorized activity
RESP-00203,2026-08-06T22:45:00Z,ADMIN-WS-07,ACME\admin.rpatel,collect_logs,routine review,EDR,benign_response,authorized activity
RESP-00863,2026-08-06T22:52:03Z,ADMIN-WS-11,SOC-AUTOMATION,query_process,routine review,EDR,benign_response,authorized activity
RESP-00253,2026-08-06T23:02:15Z,APP-API-02,ACME\admin.rpatel,collect_logs,routine review,EDR,benign_response,authorized activity
RESP-00250,2026-08-06T23:04:00Z,FILE-01,ACME\admin.jlee,review_alert,routine review,EDR,benign_response,authorized activity
RESP-00231,2026-08-06T23:06:55Z,DEPLOY-01,ACME\admin.rpatel,collect_logs,routine review,EDR,benign_response,authorized activity
RESP-00806,2026-08-06T23:21:02Z,WEB-EDGE-01,SOC-AUTOMATION,review_alert,routine review,EDR,benign_response,authorized activity
RESP-01490,2026-08-06T23:31:12Z,WEB-EDGE-01,ACME\admin.rpatel,review_alert,routine review,EDR,benign_response,authorized activity
RESP-00926,2026-08-06T23:44:26Z,VULN-SCAN-01,ACME\admin.jlee,collect_logs,routine review,EDR,benign_response,authorized activity
RESP-00847,2026-08-06T23:49:42Z,APP-API-02,ACME\admin.rpatel,review_alert,routine review,EDR,benign_response,authorized activity
RESP-00914,2026-08-06T23:52:18Z,DEPLOY-01,ACME\admin.rpatel,query_process,routine review,EDR,benign_response,authorized activity
RESP-00122,2026-08-06T23:55:34Z,ADMIN-WS-07,ACME\admin.rpatel,review_alert,routine review,EDR,benign_response,authorized activity
RESP-01299,2026-08-06T23:55:59Z,APP-API-02,ACME\admin.jlee,review_alert,routine review,EDR,benign_response,authorized activity
RESP-01107,2026-08-06T23:57:10Z,ADMIN-WS-11,ACME\admin.rpatel,review_alert,routine review,EDR,benign_response,authorized activity
RESP-00118,2026-08-07T00:09:41Z,FILE-01,SOC-AUTOMATION,collect_logs,routine review,EDR,benign_response,authorized activity
RESP-01273,2026-08-07T00:22:15Z,FILE-01,SOC-AUTOMATION,review_alert,routine review,EDR,benign_response,authorized activity
RESP-01158,2026-08-07T00:24:12Z,ADMIN-WS-11,ACME\admin.rpatel,query_process,routine review,EDR,benign_response,authorized activity
RESP-00454,2026-08-07T00:26:16Z,WEB-EDGE-01,ACME\admin.jlee,review_alert,routine review,EDR,benign_response,authorized activity
RESP-01281,2026-08-07T00:28:23Z,WEB-EDGE-01,ACME\admin.jlee,query_process,routine review,EDR,benign_response,authorized activity
RESP-01181,2026-08-07T00:47:10Z,FILE-01,SOC-AUTOMATION,query_process,routine review,EDR,benign_response,authorized activity
RESP-01191,2026-08-07T00:56:07Z,WEB-EDGE-01,ACME\admin.jlee,review_alert,routine review,EDR,benign_response,authorized activity
RESP-01073,2026-08-07T00:57:59Z,ADMIN-WS-07,ACME\admin.rpatel,collect_logs,routine review,EDR,benign_response,authorized activity
RESP-00383,2026-08-07T00:58:27Z,DEPLOY-01,ACME\admin.rpatel,collect_logs,routine review,EDR,benign_response,authorized activity
RESP-01355,2026-08-07T00:58:27Z,ADMIN-WS-07,ACME\admin.jlee,collect_logs,routine review,EDR,benign_response,authorized activity
RESP-00484,2026-08-07T01:12:28Z,ADMIN-WS-07,ACME\admin.jlee,review_alert,routine review,EDR,benign_response,authorized activity
RESP-01205,2026-08-07T01:40:25Z,ADMIN-WS-07,SOC-AUTOMATION,query_process,routine review,EDR,benign_response,authorized activity
RESP-00331,2026-08-07T01:44:39Z,WEB-EDGE-01,ACME\admin.jlee,collect_logs,routine review,EDR,benign_response,authorized activity
RESP-00959,2026-08-07T01:46:37Z,ADMIN-WS-11,ACME\admin.rpatel,review_alert,routine review,EDR,benign_response,authorized activity
RESP-00936,2026-08-07T01:48:05Z,APP-API-02,ACME\admin.rpatel,review_alert,routine review,EDR,benign_response,authorized activity
RESP-01078,2026-08-07T02:05:53Z,FILE-01,SOC-AUTOMATION,review_alert,routine review,EDR,benign_response,authorized activity
RESP-01069,2026-08-07T02:07:29Z,DEPLOY-01,SOC-AUTOMATION,review_alert,routine review,EDR,benign_response,authorized activity
RESP-00520,2026-08-07T02:26:02Z,WEB-EDGE-01,SOC-AUTOMATION,query_process,routine review,EDR,benign_response,authorized activity
RESP-01227,2026-08-07T02:37:12Z,ADMIN-WS-07,ACME\admin.jlee,review_alert,routine review,EDR,benign_response,authorized activity
RESP-00417,2026-08-07T02:39:34Z,WEB-EDGE-01,ACME\admin.jlee,review_alert,routine review,EDR,benign_response,authorized activity
RESP-00600,2026-08-07T02:48:19Z,WEB-EDGE-01,ACME\admin.jlee,collect_logs,routine review,EDR,benign_response,authorized activity
RESP-00413,2026-08-07T02:54:16Z,FILE-01,ACME\admin.rpatel,collect_logs,routine review,EDR,benign_response,authorized activity
RESP-00240,2026-08-07T02:56:49Z,ADMIN-WS-11,ACME\admin.jlee,review_alert,routine review,EDR,benign_response,authorized activity
RESP-01410,2026-08-07T02:58:00Z,DEPLOY-01,ACME\admin.jlee,review_alert,routine review,EDR,benign_response,authorized activity
RESP-00162,2026-08-07T03:01:09Z,APP-API-02,SOC-AUTOMATION,collect_logs,routine review,EDR,benign_response,authorized activity
RESP-00249,2026-08-07T03:08:01Z,APP-API-02,SOC-AUTOMATION,review_alert,routine review,EDR,benign_response,authorized activity
RESP-00924,2026-08-07T03:10:44Z,WEB-EDGE-01,SOC-AUTOMATION,review_alert,routine review,EDR,benign_response,authorized activity
RESP-01465,2026-08-07T03:11:29Z,WEB-EDGE-01,ACME\admin.jlee,collect_logs,routine review,EDR,benign_response,authorized activity
RESP-00550,2026-08-07T03:20:24Z,ADMIN-WS-11,SOC-AUTOMATION,query_process,routine review,EDR,benign_response,authorized activity
RESP-00884,2026-08-07T03:26:42Z,ADMIN-WS-07,SOC-AUTOMATION,review_alert,routine review,EDR,benign_response,authorized activity
RESP-00254,2026-08-07T03:29:05Z,APP-API-02,ACME\admin.rpatel,review_alert,routine review,EDR,benign_response,authorized activity
RESP-00900,2026-08-07T03:33:55Z,FILE-01,ACME\admin.rpatel,collect_logs,routine review,EDR,benign_response,authorized activity
RESP-00410,2026-08-07T03:47:10Z,ADMIN-WS-11,SOC-AUTOMATION,query_process,routine review,EDR,benign_response,authorized activity
RESP-00522,2026-08-07T03:48:43Z,VULN-SCAN-01,SOC-AUTOMATION,query_process,routine review,EDR,benign_response,authorized activity
RESP-01262,2026-08-07T04:14:09Z,WEB-EDGE-01,ACME\admin.jlee,query_process,routine review,EDR,benign_response,authorized activity
RESP-00542,2026-08-07T04:22:57Z,ADMIN-WS-07,SOC-AUTOMATION,review_alert,routine review,EDR,benign_response,authorized activity
RESP-00104,2026-08-07T04:27:38Z,ADMIN-WS-11,ACME\admin.rpatel,query_process,routine review,EDR,benign_response,authorized activity
RESP-00202,2026-08-07T04:33:04Z,APP-API-02,ACME\admin.rpatel,review_alert,routine review,EDR,benign_response,authorized activity
RESP-01280,2026-08-07T04:43:34Z,ADMIN-WS-11,SOC-AUTOMATION,query_process,routine review,EDR,benign_response,authorized activity
RESP-00348,2026-08-07T04:55:32Z,WEB-EDGE-01,ACME\admin.rpatel,query_process,routine review,EDR,benign_response,authorized activity
RESP-01446,2026-08-07T04:55:49Z,APP-API-02,SOC-AUTOMATION,collect_logs,routine review,EDR,benign_response,authorized activity
RESP-01071,2026-08-07T04:55:56Z,VULN-SCAN-01,ACME\admin.rpatel,review_alert,routine review,EDR,benign_response,authorized activity
RESP-00876,2026-08-07T05:01:44Z,VULN-SCAN-01,ACME\admin.jlee,collect_logs,routine review,EDR,benign_response,authorized activity
RESP-00221,2026-08-07T05:20:45Z,ADMIN-WS-11,ACME\admin.rpatel,review_alert,routine review,EDR,benign_response,authorized activity
RESP-01373,2026-08-07T05:49:15Z,FILE-01,SOC-AUTOMATION,review_alert,routine review,EDR,benign_response,authorized activity
RESP-00500,2026-08-07T05:50:44Z,DEPLOY-01,SOC-AUTOMATION,query_process,routine review,EDR,benign_response,authorized activity
RESP-00208,2026-08-07T06:00:22Z,ADMIN-WS-07,ACME\admin.jlee,query_process,routine review,EDR,benign_response,authorized activity
RESP-00571,2026-08-07T06:02:13Z,APP-API-02,ACME\admin.jlee,review_alert,routine review,EDR,benign_response,authorized activity
RESP-01290,2026-08-07T06:11:08Z,VULN-SCAN-01,ACME\admin.rpatel,collect_logs,routine review,EDR,benign_response,authorized activity
RESP-00487,2026-08-07T06:24:19Z,FILE-01,ACME\admin.jlee,review_alert,routine review,EDR,benign_response,authorized activity
RESP-00768,2026-08-07T06:24:50Z,APP-API-02,ACME\admin.rpatel,collect_logs,routine review,EDR,benign_response,authorized activity
RESP-01027,2026-08-07T06:31:28Z,WEB-EDGE-01,SOC-AUTOMATION,collect_logs,routine review,EDR,benign_response,authorized activity
RESP-00810,2026-08-07T06:34:00Z,ADMIN-WS-07,ACME\admin.rpatel,review_alert,routine review,EDR,benign_response,authorized activity
RESP-00852,2026-08-07T06:40:26Z,VULN-SCAN-01,SOC-AUTOMATION,review_alert,routine review,EDR,benign_response,authorized activity
RESP-00955,2026-08-07T07:07:27Z,ADMIN-WS-11,SOC-AUTOMATION,review_alert,routine review,EDR,benign_response,authorized activity
RESP-00041,2026-08-07T07:25:03Z,FILE-01,SOC-AUTOMATION,review_alert,routine review,EDR,benign_response,authorized activity
RESP-00991,2026-08-07T07:34:54Z,VULN-SCAN-01,ACME\admin.rpatel,collect_logs,routine review,EDR,benign_response,authorized activity
RESP-01034,2026-08-07T07:48:53Z,WEB-EDGE-01,SOC-AUTOMATION,query_process,routine review,EDR,benign_response,authorized activity
RESP-00116,2026-08-07T07:48:56Z,ADMIN-WS-07,SOC-AUTOMATION,collect_logs,routine review,EDR,benign_response,authorized activity
RESP-01013,2026-08-07T07:52:42Z,WEB-EDGE-01,ACME\admin.rpatel,query_process,routine review,EDR,benign_response,authorized activity
RESP-00840,2026-08-07T07:54:47Z,DEPLOY-01,SOC-AUTOMATION,review_alert,routine review,EDR,benign_response,authorized activity
RESP-01176,2026-08-07T07:55:42Z,WEB-EDGE-01,ACME\admin.jlee,collect_logs,routine review,EDR,benign_response,authorized activity
RESP-00245,2026-08-07T07:57:57Z,FILE-01,ACME\admin.jlee,collect_logs,routine review,EDR,benign_response,authorized activity
RESP-00802,2026-08-07T08:12:10Z,VULN-SCAN-01,SOC-AUTOMATION,review_alert,routine review,EDR,benign_response,authorized activity
RESP-00938,2026-08-07T08:18:09Z,VULN-SCAN-01,ACME\admin.rpatel,query_process,routine review,EDR,benign_response,authorized activity
RESP-01471,2026-08-07T08:19:26Z,VULN-SCAN-01,ACME\admin.rpatel,query_process,routine review,EDR,benign_response,authorized activity
RESP-00709,2026-08-07T08:21:18Z,DEPLOY-01,ACME\admin.jlee,review_alert,routine review,EDR,benign_response,authorized activity
RESP-00373,2026-08-07T08:27:48Z,ADMIN-WS-11,SOC-AUTOMATION,review_alert,routine review,EDR,benign_response,authorized activity
RESP-01143,2026-08-07T08:33:23Z,VULN-SCAN-01,SOC-AUTOMATION,query_process,routine review,EDR,benign_response,authorized activity
RESP-00688,2026-08-07T08:46:12Z,DEPLOY-01,ACME\admin.rpatel,review_alert,routine review,EDR,benign_response,authorized activity
RESP-01076,2026-08-07T08:50:31Z,WEB-EDGE-01,SOC-AUTOMATION,query_process,routine review,EDR,benign_response,authorized activity
RESP-00429,2026-08-07T09:00:05Z,FILE-01,ACME\admin.jlee,review_alert,routine review,EDR,benign_response,authorized activity
RESP-01405,2026-08-07T09:09:34Z,ADMIN-WS-07,ACME\admin.rpatel,collect_logs,routine review,EDR,benign_response,authorized activity
RESP-01415,2026-08-07T09:13:42Z,FILE-01,ACME\admin.rpatel,collect_logs,routine review,EDR,benign_response,authorized activity
RESP-00247,2026-08-07T09:15:31Z,ADMIN-WS-11,ACME\admin.rpatel,collect_logs,routine review,EDR,benign_response,authorized activity
RESP-01196,2026-08-07T09:37:03Z,VULN-SCAN-01,ACME\admin.jlee,query_process,routine review,EDR,benign_response,authorized activity
RESP-00121,2026-08-07T09:38:54Z,VULN-SCAN-01,ACME\admin.rpatel,collect_logs,routine review,EDR,benign_response,authorized activity
RESP-00979,2026-08-07T09:39:46Z,APP-API-02,ACME\admin.rpatel,query_process,routine review,EDR,benign_response,authorized activity
RESP-00113,2026-08-07T09:53:52Z,APP-API-02,SOC-AUTOMATION,query_process,routine review,EDR,benign_response,authorized activity
RESP-00248,2026-08-07T09:57:45Z,APP-API-02,SOC-AUTOMATION,review_alert,routine review,EDR,benign_response,authorized activity
RESP-00017,2026-08-07T10:03:39Z,DEPLOY-01,ACME\admin.rpatel,collect_logs,routine review,EDR,benign_response,authorized activity
RESP-00479,2026-08-07T10:05:25Z,VULN-SCAN-01,ACME\admin.jlee,review_alert,routine review,EDR,benign_response,authorized activity
RESP-00139,2026-08-07T10:07:17Z,ADMIN-WS-11,ACME\admin.rpatel,collect_logs,routine review,EDR,benign_response,authorized activity
RESP-01341,2026-08-07T10:10:50Z,APP-API-02,ACME\admin.jlee,query_process,routine review,EDR,benign_response,authorized activity
RESP-00570,2026-08-07T10:12:49Z,DEPLOY-01,ACME\admin.rpatel,review_alert,routine review,EDR,benign_response,authorized activity
RESP-00327,2026-08-07T10:23:06Z,ADMIN-WS-07,ACME\admin.jlee,query_process,routine review,EDR,benign_response,authorized activity
RESP-00423,2026-08-07T10:23:17Z,DEPLOY-01,ACME\admin.jlee,collect_logs,routine review,EDR,benign_response,authorized activity
RESP-00666,2026-08-07T10:24:21Z,ADMIN-WS-11,SOC-AUTOMATION,query_process,routine review,EDR,benign_response,authorized activity
RESP-00746,2026-08-07T10:30:30Z,ADMIN-WS-11,ACME\admin.rpatel,query_process,routine review,EDR,benign_response,authorized activity
RESP-00304,2026-08-07T10:41:16Z,VULN-SCAN-01,SOC-AUTOMATION,review_alert,routine review,EDR,benign_response,authorized activity
RESP-00565,2026-08-07T10:41:17Z,APP-API-02,ACME\admin.jlee,query_process,routine review,EDR,benign_response,authorized activity
RESP-00128,2026-08-07T10:49:50Z,DEPLOY-01,ACME\admin.jlee,collect_logs,routine review,EDR,benign_response,authorized activity
RESP-00191,2026-08-07T10:53:39Z,APP-API-02,ACME\admin.jlee,collect_logs,routine review,EDR,benign_response,authorized activity
RESP-00066,2026-08-07T10:54:03Z,ADMIN-WS-11,ACME\admin.rpatel,review_alert,routine review,EDR,benign_response,authorized activity
RESP-00540,2026-08-07T11:00:40Z,DEPLOY-01,ACME\admin.jlee,collect_logs,routine review,EDR,benign_response,authorized activity
RESP-01439,2026-08-07T11:02:46Z,APP-API-02,SOC-AUTOMATION,collect_logs,routine review,EDR,benign_response,authorized activity
RESP-00789,2026-08-07T11:14:11Z,ADMIN-WS-07,ACME\admin.jlee,collect_logs,routine review,EDR,benign_response,authorized activity
RESP-01354,2026-08-07T11:20:28Z,DEPLOY-01,ACME\admin.rpatel,review_alert,routine review,EDR,benign_response,authorized activity
RESP-01122,2026-08-07T11:21:29Z,WEB-EDGE-01,ACME\admin.rpatel,query_process,routine review,EDR,benign_response,authorized activity
RESP-01463,2026-08-07T11:56:22Z,ADMIN-WS-11,ACME\admin.jlee,query_process,routine review,EDR,benign_response,authorized activity
RESP-01366,2026-08-07T12:07:42Z,DEPLOY-01,SOC-AUTOMATION,review_alert,routine review,EDR,benign_response,authorized activity
RESP-00625,2026-08-07T12:21:14Z,DEPLOY-01,ACME\admin.rpatel,query_process,routine review,EDR,benign_response,authorized activity
RESP-01432,2026-08-07T12:38:08Z,FILE-01,ACME\admin.jlee,collect_logs,routine review,EDR,benign_response,authorized activity
RESP-00594,2026-08-07T12:47:16Z,ADMIN-WS-11,ACME\admin.rpatel,collect_logs,routine review,EDR,benign_response,authorized activity
RESP-00567,2026-08-07T12:51:55Z,FILE-01,ACME\admin.jlee,query_process,routine review,EDR,benign_response,authorized activity
RESP-00309,2026-08-07T12:54:12Z,APP-API-02,SOC-AUTOMATION,query_process,routine review,EDR,benign_response,authorized activity
RESP-01456,2026-08-07T13:17:30Z,ADMIN-WS-11,ACME\admin.jlee,review_alert,routine review,EDR,benign_response,authorized activity
RESP-01092,2026-08-07T13:31:39Z,APP-API-02,ACME\admin.rpatel,query_process,routine review,EDR,benign_response,authorized activity
RESP-01219,2026-08-07T13:41:05Z,APP-API-02,ACME\admin.rpatel,query_process,routine review,EDR,benign_response,authorized activity
RESP-00251,2026-08-07T13:46:03Z,DEPLOY-01,ACME\admin.jlee,collect_logs,routine review,EDR,benign_response,authorized activity
RESP-00214,2026-08-07T13:54:18Z,ADMIN-WS-07,ACME\admin.rpatel,collect_logs,routine review,EDR,benign_response,authorized activity
RESP-01187,2026-08-07T13:58:06Z,VULN-SCAN-01,ACME\admin.jlee,review_alert,routine review,EDR,benign_response,authorized activity
RESP-00774,2026-08-07T13:58:23Z,ADMIN-WS-11,ACME\admin.jlee,review_alert,routine review,EDR,benign_response,authorized activity
RESP-01193,2026-08-07T14:11:26Z,VULN-SCAN-01,ACME\admin.jlee,query_process,routine review,EDR,benign_response,authorized activity
RESP-01324,2026-08-07T14:18:38Z,VULN-SCAN-01,SOC-AUTOMATION,review_alert,routine review,EDR,benign_response,authorized activity
RESP-00220,2026-08-07T14:18:41Z,DEPLOY-01,ACME\admin.jlee,query_process,routine review,EDR,benign_response,authorized activity
RESP-00476,2026-08-07T14:23:10Z,ADMIN-WS-07,ACME\admin.jlee,review_alert,routine review,EDR,benign_response,authorized activity
RESP-00138,2026-08-07T14:28:53Z,FILE-01,ACME\admin.rpatel,collect_logs,routine review,EDR,benign_response,authorized activity
RESP-01336,2026-08-07T14:32:16Z,VULN-SCAN-01,SOC-AUTOMATION,query_process,routine review,EDR,benign_response,authorized activity
RESP-00854,2026-08-07T14:46:09Z,FILE-01,SOC-AUTOMATION,review_alert,routine review,EDR,benign_response,authorized activity
RESP-00046,2026-08-07T14:57:22Z,VULN-SCAN-01,SOC-AUTOMATION,query_process,routine review,EDR,benign_response,authorized activity
RESP-00612,2026-08-07T15:16:17Z,ADMIN-WS-11,ACME\admin.rpatel,collect_logs,routine review,EDR,benign_response,authorized activity
RESP-00973,2026-08-07T15:22:32Z,ADMIN-WS-11,SOC-AUTOMATION,query_process,routine review,EDR,benign_response,authorized activity
RESP-00354,2026-08-07T15:23:33Z,APP-API-02,ACME\admin.jlee,query_process,routine review,EDR,benign_response,authorized activity
RESP-00751,2026-08-07T15:35:46Z,DEPLOY-01,SOC-AUTOMATION,collect_logs,routine review,EDR,benign_response,authorized activity
RESP-01134,2026-08-07T15:43:54Z,VULN-SCAN-01,ACME\admin.jlee,review_alert,routine review,EDR,benign_response,authorized activity
RESP-00335,2026-08-07T15:45:52Z,APP-API-02,ACME\admin.rpatel,collect_logs,routine review,EDR,benign_response,authorized activity
RESP-00356,2026-08-07T15:47:08Z,ADMIN-WS-11,ACME\admin.jlee,query_process,routine review,EDR,benign_response,authorized activity
RESP-00682,2026-08-07T16:00:28Z,FILE-01,ACME\admin.rpatel,review_alert,routine review,EDR,benign_response,authorized activity
RESP-01296,2026-08-07T16:22:28Z,ADMIN-WS-11,SOC-AUTOMATION,review_alert,routine review,EDR,benign_response,authorized activity
RESP-01491,2026-08-07T16:24:12Z,WEB-EDGE-01,SOC-AUTOMATION,collect_logs,routine review,EDR,benign_response,authorized activity
RESP-01477,2026-08-07T16:42:13Z,APP-API-02,ACME\admin.jlee,query_process,routine review,EDR,benign_response,authorized activity
RESP-01306,2026-08-07T16:44:00Z,ADMIN-WS-11,ACME\admin.jlee,review_alert,routine review,EDR,benign_response,authorized activity
RESP-00333,2026-08-07T16:47:14Z,ADMIN-WS-07,ACME\admin.rpatel,query_process,routine review,EDR,benign_response,authorized activity
RESP-00002,2026-08-07T16:58:50Z,ADMIN-WS-11,SOC-AUTOMATION,review_alert,routine review,EDR,benign_response,authorized activity
RESP-01014,2026-08-07T17:12:34Z,APP-API-02,SOC-AUTOMATION,collect_logs,routine review,EDR,benign_response,authorized activity
RESP-00173,2026-08-07T17:13:40Z,APP-API-02,SOC-AUTOMATION,query_process,routine review,EDR,benign_response,authorized activity
RESP-00343,2026-08-07T17:19:33Z,FILE-01,SOC-AUTOMATION,query_process,routine review,EDR,benign_response,authorized activity
RESP-01438,2026-08-07T17:22:43Z,FILE-01,ACME\admin.rpatel,review_alert,routine review,EDR,benign_response,authorized activity
RESP-00412,2026-08-07T17:25:36Z,DEPLOY-01,ACME\admin.jlee,review_alert,routine review,EDR,benign_response,authorized activity
RESP-01154,2026-08-07T17:33:53Z,ADMIN-WS-11,SOC-AUTOMATION,review_alert,routine review,EDR,benign_response,authorized activity
RESP-00614,2026-08-07T17:34:07Z,WEB-EDGE-01,ACME\admin.jlee,collect_logs,routine review,EDR,benign_response,authorized activity
RESP-00719,2026-08-07T17:34:10Z,DEPLOY-01,ACME\admin.rpatel,collect_logs,routine review,EDR,benign_response,authorized activity
RESP-00303,2026-08-07T17:35:10Z,WEB-EDGE-01,ACME\admin.jlee,review_alert,routine review,EDR,benign_response,authorized activity
RESP-00869,2026-08-07T17:37:00Z,APP-API-02,SOC-AUTOMATION,collect_logs,routine review,EDR,benign_response,authorized activity
RESP-00094,2026-08-07T17:43:56Z,VULN-SCAN-01,ACME\admin.rpatel,collect_logs,routine review,EDR,benign_response,authorized activity
RESP-00758,2026-08-07T17:46:44Z,FILE-01,SOC-AUTOMATION,review_alert,routine review,EDR,benign_response,authorized activity
RESP-00621,2026-08-07T18:07:57Z,DEPLOY-01,ACME\admin.jlee,review_alert,routine review,EDR,benign_response,authorized activity
RESP-01146,2026-08-07T18:19:36Z,VULN-SCAN-01,ACME\admin.rpatel,review_alert,routine review,EDR,benign_response,authorized activity
RESP-00438,2026-08-07T18:21:08Z,FILE-01,ACME\admin.jlee,query_process,routine review,EDR,benign_response,authorized activity
RESP-00658,2026-08-07T18:31:51Z,ADMIN-WS-07,ACME\admin.rpatel,collect_logs,routine review,EDR,benign_response,authorized activity
RESP-00471,2026-08-07T18:35:03Z,WEB-EDGE-01,ACME\admin.jlee,query_process,routine review,EDR,benign_response,authorized activity
RESP-01079,2026-08-07T18:35:26Z,VULN-SCAN-01,ACME\admin.jlee,query_process,routine review,EDR,benign_response,authorized activity
RESP-01385,2026-08-07T18:59:47Z,WEB-EDGE-01,SOC-AUTOMATION,collect_logs,routine review,EDR,benign_response,authorized activity
RESP-00492,2026-08-07T19:06:41Z,FILE-01,ACME\admin.rpatel,collect_logs,routine review,EDR,benign_response,authorized activity
RESP-00584,2026-08-07T19:10:15Z,WEB-EDGE-01,ACME\admin.rpatel,review_alert,routine review,EDR,benign_response,authorized activity
RESP-00035,2026-08-07T19:14:19Z,ADMIN-WS-07,ACME\admin.jlee,query_process,routine review,EDR,benign_response,authorized activity
RESP-00022,2026-08-07T19:15:07Z,FILE-01,SOC-AUTOMATION,query_process,routine review,EDR,benign_response,authorized activity
RESP-00467,2026-08-07T19:15:51Z,FILE-01,ACME\admin.jlee,query_process,routine review,EDR,benign_response,authorized activity
RESP-00661,2026-08-07T19:18:27Z,ADMIN-WS-07,SOC-AUTOMATION,review_alert,routine review,EDR,benign_response,authorized activity
RESP-00958,2026-08-07T19:20:07Z,FILE-01,ACME\admin.jlee,collect_logs,routine review,EDR,benign_response,authorized activity
RESP-01225,2026-08-07T19:25:22Z,APP-API-02,SOC-AUTOMATION,collect_logs,routine review,EDR,benign_response,authorized activity
RESP-00154,2026-08-07T19:42:25Z,DEPLOY-01,ACME\admin.jlee,collect_logs,routine review,EDR,benign_response,authorized activity
RESP-00983,2026-08-07T20:04:42Z,FILE-01,SOC-AUTOMATION,review_alert,routine review,EDR,benign_response,authorized activity
RESP-01487,2026-08-07T20:05:45Z,VULN-SCAN-01,ACME\admin.jlee,review_alert,routine review,EDR,benign_response,authorized activity
RESP-01049,2026-08-07T20:07:04Z,APP-API-02,ACME\admin.jlee,review_alert,routine review,EDR,benign_response,authorized activity
RESP-01203,2026-08-07T20:28:33Z,DEPLOY-01,ACME\admin.jlee,collect_logs,routine review,EDR,benign_response,authorized activity
RESP-01486,2026-08-07T20:31:34Z,VULN-SCAN-01,ACME\admin.rpatel,review_alert,routine review,EDR,benign_response,authorized activity
RESP-00130,2026-08-07T20:35:27Z,VULN-SCAN-01,ACME\admin.jlee,query_process,routine review,EDR,benign_response,authorized activity
RESP-00043,2026-08-07T20:41:53Z,WEB-EDGE-01,SOC-AUTOMATION,query_process,routine review,EDR,benign_response,authorized activity
RESP-01041,2026-08-07T20:51:19Z,APP-API-02,ACME\admin.jlee,review_alert,routine review,EDR,benign_response,authorized activity
RESP-00401,2026-08-07T20:51:34Z,VULN-SCAN-01,SOC-AUTOMATION,collect_logs,routine review,EDR,benign_response,authorized activity
RESP-01167,2026-08-07T20:51:50Z,APP-API-02,ACME\admin.jlee,query_process,routine review,EDR,benign_response,authorized activity
RESP-00456,2026-08-07T21:07:27Z,VULN-SCAN-01,ACME\admin.rpatel,collect_logs,routine review,EDR,benign_response,authorized activity
RESP-00777,2026-08-07T21:12:07Z,VULN-SCAN-01,ACME\admin.jlee,query_process,routine review,EDR,benign_response,authorized activity
RESP-01240,2026-08-07T21:16:54Z,DEPLOY-01,SOC-AUTOMATION,review_alert,routine review,EDR,benign_response,authorized activity
RESP-01431,2026-08-07T21:21:53Z,FILE-01,SOC-AUTOMATION,review_alert,routine review,EDR,benign_response,authorized activity
RESP-00834,2026-08-07T21:27:13Z,WEB-EDGE-01,SOC-AUTOMATION,review_alert,routine review,EDR,benign_response,authorized activity
RESP-00444,2026-08-07T21:34:09Z,VULN-SCAN-01,SOC-AUTOMATION,query_process,routine review,EDR,benign_response,authorized activity
RESP-00092,2026-08-07T21:39:38Z,VULN-SCAN-01,SOC-AUTOMATION,review_alert,routine review,EDR,benign_response,authorized activity
RESP-00899,2026-08-07T21:41:21Z,DEPLOY-01,ACME\admin.rpatel,review_alert,routine review,EDR,benign_response,authorized activity
RESP-00140,2026-08-07T21:50:53Z,APP-API-02,ACME\admin.rpatel,query_process,routine review,EDR,benign_response,authorized activity
RESP-00156,2026-08-07T21:51:46Z,DEPLOY-01,SOC-AUTOMATION,collect_logs,routine review,EDR,benign_response,authorized activity
RESP-00349,2026-08-07T21:53:05Z,ADMIN-WS-07,SOC-AUTOMATION,query_process,routine review,EDR,benign_response,authorized activity
RESP-00129,2026-08-07T21:58:35Z,FILE-01,SOC-AUTOMATION,collect_logs,routine review,EDR,benign_response,authorized activity
RESP-00818,2026-08-07T22:01:59Z,DEPLOY-01,ACME\admin.jlee,query_process,routine review,EDR,benign_response,authorized activity
RESP-00652,2026-08-07T22:06:49Z,ADMIN-WS-11,ACME\admin.rpatel,review_alert,routine review,EDR,benign_response,authorized activity
RESP-00933,2026-08-07T22:07:21Z,ADMIN-WS-11,ACME\admin.rpatel,review_alert,routine review,EDR,benign_response,authorized activity
RESP-00045,2026-08-07T22:12:02Z,DEPLOY-01,ACME\admin.jlee,query_process,routine review,EDR,benign_response,authorized activity
RESP-00589,2026-08-07T22:26:09Z,APP-API-02,ACME\admin.jlee,review_alert,routine review,EDR,benign_response,authorized activity
RESP-00187,2026-08-07T22:38:56Z,FILE-01,ACME\admin.rpatel,review_alert,routine review,EDR,benign_response,authorized activity
RESP-00672,2026-08-07T22:56:31Z,DEPLOY-01,ACME\admin.rpatel,collect_logs,routine review,EDR,benign_response,authorized activity
RESP-00135,2026-08-07T23:00:07Z,ADMIN-WS-11,ACME\admin.rpatel,query_process,routine review,EDR,benign_response,authorized activity
RESP-00646,2026-08-07T23:09:23Z,APP-API-02,ACME\admin.jlee,review_alert,routine review,EDR,benign_response,authorized activity
RESP-01468,2026-08-07T23:14:14Z,APP-API-02,SOC-AUTOMATION,review_alert,routine review,EDR,benign_response,authorized activity
RESP-00307,2026-08-07T23:16:54Z,ADMIN-WS-11,ACME\admin.jlee,collect_logs,routine review,EDR,benign_response,authorized activity
RESP-00633,2026-08-07T23:19:34Z,APP-API-02,ACME\admin.jlee,review_alert,routine review,EDR,benign_response,authorized activity
RESP-01453,2026-08-07T23:20:35Z,ADMIN-WS-07,SOC-AUTOMATION,query_process,routine review,EDR,benign_response,authorized activity
RESP-01248,2026-08-07T23:22:57Z,WEB-EDGE-01,SOC-AUTOMATION,review_alert,routine review,EDR,benign_response,authorized activity
RESP-01015,2026-08-07T23:41:08Z,DEPLOY-01,ACME\admin.rpatel,query_process,routine review,EDR,benign_response,authorized activity
RESP-01424,2026-08-07T23:42:17Z,ADMIN-WS-11,SOC-AUTOMATION,query_process,routine review,EDR,benign_response,authorized activity
RESP-00509,2026-08-07T23:50:28Z,DEPLOY-01,ACME\admin.jlee,query_process,routine review,EDR,benign_response,authorized activity
RESP-00421,2026-08-08T00:00:31Z,ADMIN-WS-11,SOC-AUTOMATION,query_process,routine review,EDR,benign_response,authorized activity
RESP-01402,2026-08-08T00:01:31Z,DEPLOY-01,ACME\admin.rpatel,query_process,routine review,EDR,benign_response,authorized activity
RESP-00195,2026-08-08T00:08:30Z,FILE-01,ACME\admin.jlee,collect_logs,routine review,EDR,benign_response,authorized activity
RESP-00120,2026-08-08T00:13:33Z,ADMIN-WS-11,ACME\admin.rpatel,review_alert,routine review,EDR,benign_response,authorized activity
RESP-00703,2026-08-08T00:17:07Z,WEB-EDGE-01,ACME\admin.jlee,review_alert,routine review,EDR,benign_response,authorized activity
RESP-00883,2026-08-08T00:17:55Z,ADMIN-WS-07,ACME\admin.rpatel,review_alert,routine review,EDR,benign_response,authorized activity
RESP-01427,2026-08-08T00:22:49Z,VULN-SCAN-01,SOC-AUTOMATION,query_process,routine review,EDR,benign_response,authorized activity
RESP-00184,2026-08-08T00:23:01Z,ADMIN-WS-11,ACME\admin.rpatel,query_process,routine review,EDR,benign_response,authorized activity
RESP-00108,2026-08-08T00:30:07Z,APP-API-02,ACME\admin.rpatel,query_process,routine review,EDR,benign_response,authorized activity
RESP-00359,2026-08-08T00:39:47Z,VULN-SCAN-01,ACME\admin.rpatel,collect_logs,routine review,EDR,benign_response,authorized activity
RESP-01301,2026-08-08T00:40:51Z,APP-API-02,ACME\admin.jlee,review_alert,routine review,EDR,benign_response,authorized activity
RESP-01094,2026-08-08T00:52:30Z,APP-API-02,SOC-AUTOMATION,query_process,routine review,EDR,benign_response,authorized activity
RESP-00226,2026-08-08T01:06:38Z,APP-API-02,ACME\admin.rpatel,collect_logs,routine review,EDR,benign_response,authorized activity
RESP-00823,2026-08-08T01:09:33Z,APP-API-02,ACME\admin.rpatel,review_alert,routine review,EDR,benign_response,authorized activity
RESP-01426,2026-08-08T01:13:05Z,ADMIN-WS-11,ACME\admin.jlee,collect_logs,routine review,EDR,benign_response,authorized activity
RESP-00420,2026-08-08T01:16:23Z,APP-API-02,SOC-AUTOMATION,collect_logs,routine review,EDR,benign_response,authorized activity
RESP-00717,2026-08-08T01:16:49Z,WEB-EDGE-01,SOC-AUTOMATION,review_alert,routine review,EDR,benign_response,authorized activity
RESP-00942,2026-08-08T01:19:05Z,FILE-01,ACME\admin.jlee,review_alert,routine review,EDR,benign_response,authorized activity
RESP-00681,2026-08-08T01:39:01Z,FILE-01,ACME\admin.rpatel,collect_logs,routine review,EDR,benign_response,authorized activity
RESP-01369,2026-08-08T01:42:12Z,FILE-01,SOC-AUTOMATION,review_alert,routine review,EDR,benign_response,authorized activity
RESP-00687,2026-08-08T01:52:57Z,ADMIN-WS-07,SOC-AUTOMATION,review_alert,routine review,EDR,benign_response,authorized activity
RESP-00209,2026-08-08T02:01:21Z,WEB-EDGE-01,SOC-AUTOMATION,review_alert,routine review,EDR,benign_response,authorized activity
RESP-00313,2026-08-08T02:05:18Z,ADMIN-WS-07,ACME\admin.jlee,query_process,routine review,EDR,benign_response,authorized activity
RESP-01175,2026-08-08T02:13:37Z,VULN-SCAN-01,SOC-AUTOMATION,query_process,routine review,EDR,benign_response,authorized activity
RESP-00428,2026-08-08T02:13:46Z,APP-API-02,ACME\admin.rpatel,collect_logs,routine review,EDR,benign_response,authorized activity
RESP-00344,2026-08-08T02:14:07Z,ADMIN-WS-07,SOC-AUTOMATION,collect_logs,routine review,EDR,benign_response,authorized activity
RESP-00632,2026-08-08T02:19:37Z,DEPLOY-01,ACME\admin.jlee,review_alert,routine review,EDR,benign_response,authorized activity
RESP-00048,2026-08-08T02:20:25Z,FILE-01,SOC-AUTOMATION,review_alert,routine review,EDR,benign_response,authorized activity
RESP-01239,2026-08-08T02:20:49Z,WEB-EDGE-01,ACME\admin.rpatel,collect_logs,routine review,EDR,benign_response,authorized activity
RESP-01130,2026-08-08T02:24:06Z,VULN-SCAN-01,SOC-AUTOMATION,review_alert,routine review,EDR,benign_response,authorized activity
RESP-00928,2026-08-08T02:28:01Z,APP-API-02,ACME\admin.jlee,collect_logs,routine review,EDR,benign_response,authorized activity
RESP-00940,2026-08-08T02:30:58Z,APP-API-02,ACME\admin.jlee,review_alert,routine review,EDR,benign_response,authorized activity
RESP-01319,2026-08-08T02:35:54Z,APP-API-02,ACME\admin.rpatel,query_process,routine review,EDR,benign_response,authorized activity
RESP-01006,2026-08-08T02:45:38Z,DEPLOY-01,ACME\admin.jlee,query_process,routine review,EDR,benign_response,authorized activity
RESP-01199,2026-08-08T02:47:39Z,APP-API-02,ACME\admin.rpatel,review_alert,routine review,EDR,benign_response,authorized activity
RESP-01155,2026-08-08T03:02:12Z,ADMIN-WS-07,ACME\admin.jlee,review_alert,routine review,EDR,benign_response,authorized activity
RESP-00272,2026-08-08T03:02:57Z,ADMIN-WS-11,ACME\admin.jlee,query_process,routine review,EDR,benign_response,authorized activity
RESP-00375,2026-08-08T03:03:46Z,ADMIN-WS-11,ACME\admin.rpatel,review_alert,routine review,EDR,benign_response,authorized activity
RESP-00458,2026-08-08T03:28:57Z,VULN-SCAN-01,ACME\admin.rpatel,review_alert,routine review,EDR,benign_response,authorized activity
RESP-00598,2026-08-08T03:29:11Z,FILE-01,SOC-AUTOMATION,collect_logs,routine review,EDR,benign_response,authorized activity
RESP-00305,2026-08-08T03:30:24Z,DEPLOY-01,SOC-AUTOMATION,collect_logs,routine review,EDR,benign_response,authorized activity
RESP-01393,2026-08-08T03:34:27Z,ADMIN-WS-11,ACME\admin.jlee,collect_logs,routine review,EDR,benign_response,authorized activity
RESP-00775,2026-08-08T03:34:50Z,VULN-SCAN-01,SOC-AUTOMATION,collect_logs,routine review,EDR,benign_response,authorized activity
RESP-00151,2026-08-08T03:47:35Z,FILE-01,ACME\admin.rpatel,collect_logs,routine review,EDR,benign_response,authorized activity
RESP-00215,2026-08-08T03:51:28Z,ADMIN-WS-07,ACME\admin.rpatel,collect_logs,routine review,EDR,benign_response,authorized activity
RESP-00865,2026-08-08T03:51:44Z,WEB-EDGE-01,ACME\admin.jlee,query_process,routine review,EDR,benign_response,authorized activity
RESP-00699,2026-08-08T03:54:38Z,FILE-01,ACME\admin.rpatel,query_process,routine review,EDR,benign_response,authorized activity
RESP-00595,2026-08-08T04:08:29Z,FILE-01,ACME\admin.rpatel,query_process,routine review,EDR,benign_response,authorized activity
RESP-00110,2026-08-08T04:32:14Z,ADMIN-WS-07,SOC-AUTOMATION,review_alert,routine review,EDR,benign_response,authorized activity
RESP-00697,2026-08-08T04:32:22Z,FILE-01,ACME\admin.jlee,collect_logs,routine review,EDR,benign_response,authorized activity
RESP-00981,2026-08-08T05:03:56Z,VULN-SCAN-01,SOC-AUTOMATION,collect_logs,routine review,EDR,benign_response,authorized activity
RESP-01081,2026-08-08T05:04:22Z,WEB-EDGE-01,SOC-AUTOMATION,collect_logs,routine review,EDR,benign_response,authorized activity
RESP-00040,2026-08-08T05:07:36Z,WEB-EDGE-01,ACME\admin.jlee,collect_logs,routine review,EDR,benign_response,authorized activity
RESP-00189,2026-08-08T05:19:11Z,ADMIN-WS-11,ACME\admin.jlee,review_alert,routine review,EDR,benign_response,authorized activity
RESP-01303,2026-08-08T05:28:09Z,ADMIN-WS-07,SOC-AUTOMATION,review_alert,routine review,EDR,benign_response,authorized activity
RESP-01243,2026-08-08T05:29:30Z,ADMIN-WS-11,ACME\admin.rpatel,review_alert,routine review,EDR,benign_response,authorized activity
RESP-01016,2026-08-08T05:42:17Z,ADMIN-WS-07,SOC-AUTOMATION,review_alert,routine review,EDR,benign_response,authorized activity
RESP-01242,2026-08-08T05:44:44Z,ADMIN-WS-07,ACME\admin.jlee,collect_logs,routine review,EDR,benign_response,authorized activity
RESP-01331,2026-08-08T05:46:38Z,WEB-EDGE-01,SOC-AUTOMATION,review_alert,routine review,EDR,benign_response,authorized activity
RESP-00889,2026-08-08T05:51:40Z,DEPLOY-01,SOC-AUTOMATION,collect_logs,routine review,EDR,benign_response,authorized activity
RESP-01342,2026-08-08T05:52:42Z,DEPLOY-01,ACME\admin.rpatel,collect_logs,routine review,EDR,benign_response,authorized activity
RESP-00843,2026-08-08T06:04:07Z,WEB-EDGE-01,ACME\admin.jlee,collect_logs,routine review,EDR,benign_response,authorized activity
RESP-00426,2026-08-08T06:21:45Z,WEB-EDGE-01,ACME\admin.rpatel,review_alert,routine review,EDR,benign_response,authorized activity
RESP-01455,2026-08-08T06:23:39Z,FILE-01,ACME\admin.jlee,collect_logs,routine review,EDR,benign_response,authorized activity
RESP-00748,2026-08-08T06:40:07Z,VULN-SCAN-01,ACME\admin.rpatel,collect_logs,routine review,EDR,benign_response,authorized activity
RESP-00455,2026-08-08T06:41:46Z,VULN-SCAN-01,ACME\admin.jlee,collect_logs,routine review,EDR,benign_response,authorized activity
RESP-00916,2026-08-08T06:47:44Z,ADMIN-WS-07,ACME\admin.jlee,query_process,routine review,EDR,benign_response,authorized activity
RESP-00397,2026-08-08T07:18:18Z,DEPLOY-01,ACME\admin.rpatel,collect_logs,routine review,EDR,benign_response,authorized activity
RESP-00355,2026-08-08T07:24:08Z,ADMIN-WS-11,ACME\admin.jlee,collect_logs,routine review,EDR,benign_response,authorized activity
RESP-00962,2026-08-08T07:24:30Z,ADMIN-WS-11,SOC-AUTOMATION,query_process,routine review,EDR,benign_response,authorized activity
RESP-01180,2026-08-08T07:24:56Z,WEB-EDGE-01,SOC-AUTOMATION,collect_logs,routine review,EDR,benign_response,authorized activity
RESP-01151,2026-08-08T07:37:26Z,VULN-SCAN-01,SOC-AUTOMATION,review_alert,routine review,EDR,benign_response,authorized activity
RESP-00345,2026-08-08T07:39:50Z,APP-API-02,ACME\admin.jlee,review_alert,routine review,EDR,benign_response,authorized activity
RESP-00734,2026-08-08T07:51:24Z,FILE-01,ACME\admin.jlee,query_process,routine review,EDR,benign_response,authorized activity
RESP-00408,2026-08-08T08:26:02Z,ADMIN-WS-07,ACME\admin.rpatel,collect_logs,routine review,EDR,benign_response,authorized activity
RESP-00549,2026-08-08T08:33:38Z,FILE-01,ACME\admin.rpatel,collect_logs,routine review,EDR,benign_response,authorized activity
RESP-00788,2026-08-08T08:38:00Z,ADMIN-WS-07,ACME\admin.jlee,review_alert,routine review,EDR,benign_response,authorized activity
RESP-01292,2026-08-08T08:39:20Z,VULN-SCAN-01,SOC-AUTOMATION,collect_logs,routine review,EDR,benign_response,authorized activity
RESP-00192,2026-08-08T08:43:52Z,VULN-SCAN-01,ACME\admin.jlee,collect_logs,routine review,EDR,benign_response,authorized activity
RESP-01256,2026-08-08T08:44:35Z,DEPLOY-01,ACME\admin.rpatel,collect_logs,routine review,EDR,benign_response,authorized activity
RESP-00466,2026-08-08T08:51:13Z,FILE-01,ACME\admin.rpatel,collect_logs,routine review,EDR,benign_response,authorized activity
RESP-01419,2026-08-08T08:57:13Z,ADMIN-WS-11,ACME\admin.rpatel,review_alert,routine review,EDR,benign_response,authorized activity
RESP-01328,2026-08-08T08:57:47Z,ADMIN-WS-11,SOC-AUTOMATION,query_process,routine review,EDR,benign_response,authorized activity
RESP-01190,2026-08-08T08:57:56Z,APP-API-02,ACME\admin.jlee,collect_logs,routine review,EDR,benign_response,authorized activity
RESP-01313,2026-08-08T09:10:39Z,VULN-SCAN-01,SOC-AUTOMATION,collect_logs,routine review,EDR,benign_response,authorized activity
RESP-00724,2026-08-08T09:34:59Z,FILE-01,SOC-AUTOMATION,query_process,routine review,EDR,benign_response,authorized activity
RESP-01343,2026-08-08T09:42:26Z,ADMIN-WS-11,SOC-AUTOMATION,query_process,routine review,EDR,benign_response,authorized activity
RESP-00887,2026-08-08T09:50:06Z,ADMIN-WS-07,ACME\admin.rpatel,collect_logs,routine review,EDR,benign_response,authorized activity
RESP-01010,2026-08-08T09:54:26Z,ADMIN-WS-11,SOC-AUTOMATION,query_process,routine review,EDR,benign_response,authorized activity
RESP-00015,2026-08-08T10:02:38Z,ADMIN-WS-07,ACME\admin.jlee,review_alert,routine review,EDR,benign_response,authorized activity
RESP-00821,2026-08-08T10:04:27Z,ADMIN-WS-11,ACME\admin.jlee,query_process,routine review,EDR,benign_response,authorized activity
RESP-01164,2026-08-08T10:08:52Z,ADMIN-WS-11,ACME\admin.rpatel,review_alert,routine review,EDR,benign_response,authorized activity
RESP-00105,2026-08-08T10:16:11Z,FILE-01,ACME\admin.jlee,review_alert,routine review,EDR,benign_response,authorized activity
RESP-01110,2026-08-08T10:16:13Z,ADMIN-WS-11,SOC-AUTOMATION,query_process,routine review,EDR,benign_response,authorized activity
RESP-00077,2026-08-08T10:21:11Z,WEB-EDGE-01,SOC-AUTOMATION,collect_logs,routine review,EDR,benign_response,authorized activity
RESP-00587,2026-08-08T10:25:12Z,DEPLOY-01,ACME\admin.rpatel,collect_logs,routine review,EDR,benign_response,authorized activity
RESP-01075,2026-08-08T10:27:22Z,APP-API-02,ACME\admin.jlee,review_alert,routine review,EDR,benign_response,authorized activity
RESP-01222,2026-08-08T10:27:30Z,ADMIN-WS-07,ACME\admin.rpatel,collect_logs,routine review,EDR,benign_response,authorized activity
RESP-00743,2026-08-08T10:27:34Z,DEPLOY-01,SOC-AUTOMATION,query_process,routine review,EDR,benign_response,authorized activity
RESP-00745,2026-08-08T10:30:14Z,APP-API-02,ACME\admin.rpatel,review_alert,routine review,EDR,benign_response,authorized activity
RESP-00702,2026-08-08T10:31:57Z,APP-API-02,ACME\admin.rpatel,query_process,routine review,EDR,benign_response,authorized activity
RESP-00419,2026-08-08T10:35:00Z,APP-API-02,ACME\admin.rpatel,collect_logs,routine review,EDR,benign_response,authorized activity
RESP-00733,2026-08-08T10:35:34Z,APP-API-02,ACME\admin.jlee,query_process,routine review,EDR,benign_response,authorized activity
RESP-00545,2026-08-08T10:47:49Z,DEPLOY-01,SOC-AUTOMATION,collect_logs,routine review,EDR,benign_response,authorized activity
RESP-00999,2026-08-08T10:53:46Z,ADMIN-WS-07,ACME\admin.jlee,review_alert,routine review,EDR,benign_response,authorized activity
RESP-00669,2026-08-08T10:58:45Z,ADMIN-WS-11,ACME\admin.jlee,query_process,routine review,EDR,benign_response,authorized activity
RESP-00160,2026-08-08T10:58:52Z,FILE-01,ACME\admin.jlee,collect_logs,routine review,EDR,benign_response,authorized activity
RESP-01045,2026-08-08T11:04:28Z,WEB-EDGE-01,ACME\admin.rpatel,query_process,routine review,EDR,benign_response,authorized activity
RESP-00222,2026-08-08T11:08:39Z,ADMIN-WS-11,ACME\admin.jlee,query_process,routine review,EDR,benign_response,authorized activity
RESP-00352,2026-08-08T11:08:56Z,FILE-01,ACME\admin.jlee,review_alert,routine review,EDR,benign_response,authorized activity
RESP-00835,2026-08-08T11:10:57Z,ADMIN-WS-07,SOC-AUTOMATION,review_alert,routine review,EDR,benign_response,authorized activity
RESP-00805,2026-08-08T11:11:47Z,DEPLOY-01,ACME\admin.rpatel,review_alert,routine review,EDR,benign_response,authorized activity
RESP-00232,2026-08-08T11:19:22Z,APP-API-02,ACME\admin.jlee,query_process,routine review,EDR,benign_response,authorized activity
RESP-00230,2026-08-08T11:22:10Z,VULN-SCAN-01,ACME\admin.rpatel,review_alert,routine review,EDR,benign_response,authorized activity
RESP-01215,2026-08-08T11:24:15Z,ADMIN-WS-07,ACME\admin.rpatel,query_process,routine review,EDR,benign_response,authorized activity
RESP-00246,2026-08-08T11:31:32Z,VULN-SCAN-01,SOC-AUTOMATION,query_process,routine review,EDR,benign_response,authorized activity
RESP-01304,2026-08-08T11:33:06Z,FILE-01,ACME\admin.jlee,collect_logs,routine review,EDR,benign_response,authorized activity
RESP-00475,2026-08-08T11:50:09Z,FILE-01,ACME\admin.rpatel,query_process,routine review,EDR,benign_response,authorized activity
RESP-00896,2026-08-08T11:51:09Z,VULN-SCAN-01,ACME\admin.jlee,query_process,routine review,EDR,benign_response,authorized activity
RESP-01350,2026-08-08T11:51:30Z,FILE-01,ACME\admin.jlee,query_process,routine review,EDR,benign_response,authorized activity
RESP-01125,2026-08-08T11:56:18Z,VULN-SCAN-01,SOC-AUTOMATION,query_process,routine review,EDR,benign_response,authorized activity
RESP-01452,2026-08-08T12:10:27Z,ADMIN-WS-11,SOC-AUTOMATION,query_process,routine review,EDR,benign_response,authorized activity
RESP-00561,2026-08-08T12:27:13Z,WEB-EDGE-01,ACME\admin.rpatel,query_process,routine review,EDR,benign_response,authorized activity
RESP-01418,2026-08-08T12:30:12Z,APP-API-02,ACME\admin.rpatel,query_process,routine review,EDR,benign_response,authorized activity
RESP-01430,2026-08-08T12:44:42Z,FILE-01,ACME\admin.jlee,collect_logs,routine review,EDR,benign_response,authorized activity
RESP-00757,2026-08-08T12:52:31Z,ADMIN-WS-11,ACME\admin.jlee,review_alert,routine review,EDR,benign_response,authorized activity
RESP-01459,2026-08-08T12:55:28Z,WEB-EDGE-01,ACME\admin.rpatel,query_process,routine review,EDR,benign_response,authorized activity
RESP-01228,2026-08-08T12:58:20Z,FILE-01,SOC-AUTOMATION,query_process,routine review,EDR,benign_response,authorized activity
RESP-00998,2026-08-08T13:03:57Z,WEB-EDGE-01,ACME\admin.jlee,collect_logs,routine review,EDR,benign_response,authorized activity
RESP-00747,2026-08-08T13:15:54Z,ADMIN-WS-07,ACME\admin.jlee,review_alert,routine review,EDR,benign_response,authorized activity
RESP-00964,2026-08-08T13:23:37Z,DEPLOY-01,ACME\admin.rpatel,query_process,routine review,EDR,benign_response,authorized activity
RESP-01271,2026-08-08T14:01:38Z,FILE-01,ACME\admin.jlee,query_process,routine review,EDR,benign_response,authorized activity
RESP-00236,2026-08-08T14:01:42Z,VULN-SCAN-01,ACME\admin.rpatel,collect_logs,routine review,EDR,benign_response,authorized activity
RESP-00918,2026-08-08T14:03:19Z,WEB-EDGE-01,ACME\admin.jlee,review_alert,routine review,EDR,benign_response,authorized activity
RESP-00524,2026-08-08T14:03:32Z,ADMIN-WS-07,SOC-AUTOMATION,review_alert,routine review,EDR,benign_response,authorized activity
RESP-01058,2026-08-08T14:14:28Z,ADMIN-WS-11,ACME\admin.jlee,review_alert,routine review,EDR,benign_response,authorized activity
RESP-01051,2026-08-08T14:45:19Z,ADMIN-WS-11,ACME\admin.rpatel,collect_logs,routine review,EDR,benign_response,authorized activity
RESP-00770,2026-08-08T14:57:37Z,VULN-SCAN-01,SOC-AUTOMATION,review_alert,routine review,EDR,benign_response,authorized activity
RESP-00072,2026-08-08T15:09:22Z,APP-API-02,SOC-AUTOMATION,collect_logs,routine review,EDR,benign_response,authorized activity
RESP-00053,2026-08-08T15:19:14Z,ADMIN-WS-07,ACME\admin.rpatel,review_alert,routine review,EDR,benign_response,authorized activity
RESP-00297,2026-08-08T15:20:25Z,DEPLOY-01,SOC-AUTOMATION,query_process,routine review,EDR,benign_response,authorized activity
RESP-01217,2026-08-08T15:39:22Z,ADMIN-WS-07,ACME\admin.rpatel,review_alert,routine review,EDR,benign_response,authorized activity
RESP-00623,2026-08-08T15:39:29Z,VULN-SCAN-01,ACME\admin.jlee,collect_logs,routine review,EDR,benign_response,authorized activity
RESP-00170,2026-08-08T15:41:56Z,ADMIN-WS-11,ACME\admin.jlee,collect_logs,routine review,EDR,benign_response,authorized activity
RESP-00084,2026-08-08T15:45:15Z,ADMIN-WS-11,ACME\admin.jlee,collect_logs,routine review,EDR,benign_response,authorized activity
RESP-00846,2026-08-08T15:53:31Z,DEPLOY-01,SOC-AUTOMATION,collect_logs,routine review,EDR,benign_response,authorized activity
RESP-01389,2026-08-08T15:53:51Z,WEB-EDGE-01,ACME\admin.jlee,review_alert,routine review,EDR,benign_response,authorized activity
RESP-00946,2026-08-08T15:57:13Z,FILE-01,ACME\admin.jlee,collect_logs,routine review,EDR,benign_response,authorized activity
RESP-01337,2026-08-08T16:00:30Z,VULN-SCAN-01,SOC-AUTOMATION,query_process,routine review,EDR,benign_response,authorized activity
RESP-00386,2026-08-08T16:04:01Z,WEB-EDGE-01,ACME\admin.jlee,query_process,routine review,EDR,benign_response,authorized activity
RESP-00608,2026-08-08T16:10:54Z,APP-API-02,ACME\admin.rpatel,query_process,routine review,EDR,benign_response,authorized activity
RESP-00057,2026-08-08T16:12:16Z,WEB-EDGE-01,SOC-AUTOMATION,query_process,routine review,EDR,benign_response,authorized activity
RESP-00888,2026-08-08T16:16:09Z,APP-API-02,ACME\admin.jlee,review_alert,routine review,EDR,benign_response,authorized activity
RESP-01307,2026-08-08T16:20:40Z,VULN-SCAN-01,SOC-AUTOMATION,collect_logs,routine review,EDR,benign_response,authorized activity
RESP-01404,2026-08-08T16:22:14Z,APP-API-02,ACME\admin.rpatel,review_alert,routine review,EDR,benign_response,authorized activity
RESP-01476,2026-08-08T16:25:36Z,ADMIN-WS-07,SOC-AUTOMATION,review_alert,routine review,EDR,benign_response,authorized activity
RESP-01361,2026-08-08T16:25:43Z,FILE-01,SOC-AUTOMATION,review_alert,routine review,EDR,benign_response,authorized activity
RESP-00794,2026-08-08T16:30:37Z,APP-API-02,ACME\admin.rpatel,query_process,routine review,EDR,benign_response,authorized activity
RESP-00396,2026-08-08T16:38:48Z,ADMIN-WS-07,SOC-AUTOMATION,review_alert,routine review,EDR,benign_response,authorized activity
RESP-00328,2026-08-08T16:39:51Z,FILE-01,SOC-AUTOMATION,query_process,routine review,EDR,benign_response,authorized activity
RESP-01020,2026-08-08T16:40:35Z,ADMIN-WS-11,ACME\admin.rpatel,review_alert,routine review,EDR,benign_response,authorized activity
RESP-01429,2026-08-08T16:42:43Z,APP-API-02,SOC-AUTOMATION,query_process,routine review,EDR,benign_response,authorized activity
RESP-01109,2026-08-08T16:53:45Z,ADMIN-WS-07,ACME\admin.rpatel,collect_logs,routine review,EDR,benign_response,authorized activity
RESP-01326,2026-08-08T16:55:02Z,APP-API-02,ACME\admin.rpatel,query_process,routine review,EDR,benign_response,authorized activity
RESP-01120,2026-08-08T16:56:55Z,DEPLOY-01,SOC-AUTOMATION,query_process,routine review,EDR,benign_response,authorized activity
RESP-01212,2026-08-08T17:04:37Z,FILE-01,ACME\admin.jlee,review_alert,routine review,EDR,benign_response,authorized activity
RESP-01117,2026-08-08T17:11:54Z,ADMIN-WS-07,ACME\admin.rpatel,review_alert,routine review,EDR,benign_response,authorized activity
RESP-00176,2026-08-08T17:18:09Z,APP-API-02,ACME\admin.jlee,collect_logs,routine review,EDR,benign_response,authorized activity
RESP-01474,2026-08-08T17:21:58Z,FILE-01,ACME\admin.rpatel,review_alert,routine review,EDR,benign_response,authorized activity
RESP-00424,2026-08-08T17:31:04Z,ADMIN-WS-11,ACME\admin.rpatel,review_alert,routine review,EDR,benign_response,authorized activity
RESP-01338,2026-08-08T17:42:31Z,WEB-EDGE-01,SOC-AUTOMATION,review_alert,routine review,EDR,benign_response,authorized activity
RESP-01136,2026-08-08T17:54:00Z,VULN-SCAN-01,ACME\admin.jlee,review_alert,routine review,EDR,benign_response,authorized activity
RESP-00980,2026-08-08T18:03:20Z,WEB-EDGE-01,ACME\admin.rpatel,review_alert,routine review,EDR,benign_response,authorized activity
RESP-00155,2026-08-08T18:15:39Z,WEB-EDGE-01,SOC-AUTOMATION,collect_logs,routine review,EDR,benign_response,authorized activity
RESP-00225,2026-08-08T18:28:38Z,FILE-01,ACME\admin.rpatel,collect_logs,routine review,EDR,benign_response,authorized activity
RESP-00754,2026-08-08T18:29:38Z,ADMIN-WS-07,SOC-AUTOMATION,query_process,routine review,EDR,benign_response,authorized activity
RESP-00107,2026-08-08T18:31:37Z,DEPLOY-01,ACME\admin.rpatel,collect_logs,routine review,EDR,benign_response,authorized activity
RESP-00049,2026-08-08T18:43:39Z,ADMIN-WS-07,ACME\admin.jlee,review_alert,routine review,EDR,benign_response,authorized activity
RESP-01189,2026-08-08T18:51:18Z,ADMIN-WS-07,SOC-AUTOMATION,query_process,routine review,EDR,benign_response,authorized activity
RESP-00971,2026-08-08T18:52:09Z,WEB-EDGE-01,ACME\admin.rpatel,query_process,routine review,EDR,benign_response,authorized activity
RESP-00601,2026-08-08T19:08:10Z,WEB-EDGE-01,SOC-AUTOMATION,review_alert,routine review,EDR,benign_response,authorized activity
RESP-01037,2026-08-08T19:13:40Z,VULN-SCAN-01,ACME\admin.jlee,review_alert,routine review,EDR,benign_response,authorized activity
RESP-01012,2026-08-08T19:26:18Z,DEPLOY-01,ACME\admin.rpatel,collect_logs,routine review,EDR,benign_response,authorized activity
RESP-00175,2026-08-08T19:32:36Z,ADMIN-WS-07,SOC-AUTOMATION,collect_logs,routine review,EDR,benign_response,authorized activity
RESP-00635,2026-08-08T19:33:35Z,ADMIN-WS-11,SOC-AUTOMATION,query_process,routine review,EDR,benign_response,authorized activity
RESP-00462,2026-08-08T19:37:39Z,WEB-EDGE-01,ACME\admin.jlee,collect_logs,routine review,EDR,benign_response,authorized activity
RESP-01121,2026-08-08T19:37:42Z,VULN-SCAN-01,ACME\admin.jlee,query_process,routine review,EDR,benign_response,authorized activity
RESP-00451,2026-08-08T19:45:18Z,WEB-EDGE-01,ACME\admin.rpatel,review_alert,routine review,EDR,benign_response,authorized activity
RESP-00738,2026-08-08T19:45:18Z,ADMIN-WS-07,ACME\admin.rpatel,collect_logs,routine review,EDR,benign_response,authorized activity
RESP-01056,2026-08-08T19:56:31Z,FILE-01,ACME\admin.jlee,collect_logs,routine review,EDR,benign_response,authorized activity
RESP-01282,2026-08-08T20:02:54Z,VULN-SCAN-01,ACME\admin.rpatel,review_alert,routine review,EDR,benign_response,authorized activity
RESP-00790,2026-08-08T20:07:51Z,WEB-EDGE-01,SOC-AUTOMATION,review_alert,routine review,EDR,benign_response,authorized activity
RESP-00050,2026-08-08T20:22:36Z,DEPLOY-01,ACME\admin.jlee,query_process,routine review,EDR,benign_response,authorized activity
RESP-00472,2026-08-08T20:31:43Z,ADMIN-WS-11,ACME\admin.rpatel,collect_logs,routine review,EDR,benign_response,authorized activity
RESP-00963,2026-08-08T20:34:03Z,FILE-01,SOC-AUTOMATION,collect_logs,routine review,EDR,benign_response,authorized activity
RESP-00801,2026-08-08T20:38:02Z,FILE-01,ACME\admin.jlee,query_process,routine review,EDR,benign_response,authorized activity
RESP-00218,2026-08-08T20:43:48Z,ADMIN-WS-07,SOC-AUTOMATION,review_alert,routine review,EDR,benign_response,authorized activity
RESP-00982,2026-08-08T20:45:17Z,VULN-SCAN-01,SOC-AUTOMATION,query_process,routine review,EDR,benign_response,authorized activity
RESP-01406,2026-08-08T20:45:29Z,ADMIN-WS-07,ACME\admin.rpatel,review_alert,routine review,EDR,benign_response,authorized activity
RESP-00442,2026-08-08T20:45:55Z,WEB-EDGE-01,SOC-AUTOMATION,collect_logs,routine review,EDR,benign_response,authorized activity
RESP-00628,2026-08-08T21:01:20Z,WEB-EDGE-01,ACME\admin.rpatel,query_process,routine review,EDR,benign_response,authorized activity
RESP-00180,2026-08-08T21:17:01Z,DEPLOY-01,SOC-AUTOMATION,collect_logs,routine review,EDR,benign_response,authorized activity
RESP-01254,2026-08-08T21:31:35Z,ADMIN-WS-07,SOC-AUTOMATION,review_alert,routine review,EDR,benign_response,authorized activity
RESP-00558,2026-08-08T21:39:08Z,VULN-SCAN-01,ACME\admin.jlee,review_alert,routine review,EDR,benign_response,authorized activity
RESP-01050,2026-08-08T21:40:46Z,VULN-SCAN-01,ACME\admin.jlee,query_process,routine review,EDR,benign_response,authorized activity
RESP-01040,2026-08-08T21:41:08Z,WEB-EDGE-01,ACME\admin.jlee,review_alert,routine review,EDR,benign_response,authorized activity
RESP-00590,2026-08-08T21:47:40Z,VULN-SCAN-01,ACME\admin.jlee,collect_logs,routine review,EDR,benign_response,authorized activity
RESP-00013,2026-08-08T21:49:30Z,DEPLOY-01,ACME\admin.jlee,query_process,routine review,EDR,benign_response,authorized activity
RESP-00172,2026-08-08T21:56:33Z,DEPLOY-01,ACME\admin.jlee,review_alert,routine review,EDR,benign_response,authorized activity
RESP-01466,2026-08-08T21:57:28Z,APP-API-02,ACME\admin.rpatel,query_process,routine review,EDR,benign_response,authorized activity
RESP-01025,2026-08-08T22:04:33Z,ADMIN-WS-07,ACME\admin.jlee,collect_logs,routine review,EDR,benign_response,authorized activity
RESP-00923,2026-08-08T22:24:28Z,VULN-SCAN-01,SOC-AUTOMATION,review_alert,routine review,EDR,benign_response,authorized activity
RESP-00530,2026-08-08T22:32:41Z,WEB-EDGE-01,ACME\admin.rpatel,review_alert,routine review,EDR,benign_response,authorized activity
RESP-00252,2026-08-08T22:35:10Z,ADMIN-WS-07,ACME\admin.rpatel,collect_logs,routine review,EDR,benign_response,authorized activity
RESP-00762,2026-08-08T23:02:37Z,WEB-EDGE-01,ACME\admin.rpatel,query_process,routine review,EDR,benign_response,authorized activity
RESP-00537,2026-08-08T23:03:21Z,DEPLOY-01,ACME\admin.jlee,review_alert,routine review,EDR,benign_response,authorized activity
RESP-00975,2026-08-08T23:03:54Z,ADMIN-WS-11,SOC-AUTOMATION,query_process,routine review,EDR,benign_response,authorized activity
RESP-00931,2026-08-08T23:10:26Z,WEB-EDGE-01,ACME\admin.jlee,query_process,routine review,EDR,benign_response,authorized activity
RESP-00804,2026-08-08T23:12:12Z,ADMIN-WS-07,ACME\admin.jlee,review_alert,routine review,EDR,benign_response,authorized activity
RESP-00965,2026-08-08T23:15:37Z,VULN-SCAN-01,SOC-AUTOMATION,query_process,routine review,EDR,benign_response,authorized activity
RESP-00432,2026-08-08T23:31:09Z,VULN-SCAN-01,SOC-AUTOMATION,query_process,routine review,EDR,benign_response,authorized activity
RESP-00468,2026-08-09T00:00:25Z,APP-API-02,ACME\admin.rpatel,review_alert,routine review,EDR,benign_response,authorized activity
RESP-00905,2026-08-09T00:08:37Z,DEPLOY-01,ACME\admin.jlee,review_alert,routine review,EDR,benign_response,authorized activity
RESP-00907,2026-08-09T00:13:23Z,APP-API-02,SOC-AUTOMATION,query_process,routine review,EDR,benign_response,authorized activity
RESP-00706,2026-08-09T00:14:13Z,VULN-SCAN-01,ACME\admin.jlee,query_process,routine review,EDR,benign_response,authorized activity
RESP-00850,2026-08-09T00:14:52Z,ADMIN-WS-11,ACME\admin.rpatel,collect_logs,routine review,EDR,benign_response,authorized activity
RESP-01070,2026-08-09T00:34:42Z,FILE-01,SOC-AUTOMATION,query_process,routine review,EDR,benign_response,authorized activity
RESP-00655,2026-08-09T00:46:26Z,ADMIN-WS-11,SOC-AUTOMATION,review_alert,routine review,EDR,benign_response,authorized activity
RESP-00371,2026-08-09T00:49:42Z,ADMIN-WS-07,SOC-AUTOMATION,review_alert,routine review,EDR,benign_response,authorized activity
RESP-00302,2026-08-09T00:52:16Z,DEPLOY-01,ACME\admin.jlee,review_alert,routine review,EDR,benign_response,authorized activity
RESP-00858,2026-08-09T00:59:05Z,APP-API-02,SOC-AUTOMATION,collect_logs,routine review,EDR,benign_response,authorized activity
RESP-00056,2026-08-09T01:08:18Z,VULN-SCAN-01,ACME\admin.jlee,review_alert,routine review,EDR,benign_response,authorized activity
RESP-01119,2026-08-09T01:14:08Z,ADMIN-WS-11,ACME\admin.jlee,query_process,routine review,EDR,benign_response,authorized activity
RESP-00044,2026-08-09T01:14:35Z,FILE-01,ACME\admin.jlee,collect_logs,routine review,EDR,benign_response,authorized activity
RESP-00554,2026-08-09T01:27:29Z,FILE-01,ACME\admin.jlee,review_alert,routine review,EDR,benign_response,authorized activity
RESP-00742,2026-08-09T01:28:04Z,VULN-SCAN-01,ACME\admin.rpatel,review_alert,routine review,EDR,benign_response,authorized activity
RESP-00163,2026-08-09T01:45:03Z,APP-API-02,SOC-AUTOMATION,review_alert,routine review,EDR,benign_response,authorized activity
RESP-00792,2026-08-09T01:54:39Z,WEB-EDGE-01,ACME\admin.jlee,review_alert,routine review,EDR,benign_response,authorized activity
RESP-00868,2026-08-09T01:55:49Z,ADMIN-WS-07,SOC-AUTOMATION,collect_logs,routine review,EDR,benign_response,authorized activity
RESP-01226,2026-08-09T01:57:36Z,FILE-01,ACME\admin.rpatel,review_alert,routine review,EDR,benign_response,authorized activity
RESP-01457,2026-08-09T01:57:44Z,ADMIN-WS-11,ACME\admin.rpatel,query_process,routine review,EDR,benign_response,authorized activity
RESP-01344,2026-08-09T02:03:13Z,DEPLOY-01,ACME\admin.jlee,collect_logs,routine review,EDR,benign_response,authorized activity
RESP-00346,2026-08-09T02:07:31Z,DEPLOY-01,ACME\admin.rpatel,review_alert,routine review,EDR,benign_response,authorized activity
RESP-00941,2026-08-09T02:13:26Z,APP-API-02,SOC-AUTOMATION,review_alert,routine review,EDR,benign_response,authorized activity
RESP-00974,2026-08-09T02:16:42Z,APP-API-02,ACME\admin.jlee,collect_logs,routine review,EDR,benign_response,authorized activity
RESP-01428,2026-08-09T02:18:38Z,VULN-SCAN-01,SOC-AUTOMATION,collect_logs,routine review,EDR,benign_response,authorized activity
RESP-00582,2026-08-09T02:20:17Z,APP-API-02,SOC-AUTOMATION,review_alert,routine review,EDR,benign_response,authorized activity
RESP-00753,2026-08-09T02:30:48Z,FILE-01,ACME\admin.rpatel,query_process,routine review,EDR,benign_response,authorized activity
RESP-00543,2026-08-09T02:32:08Z,DEPLOY-01,SOC-AUTOMATION,query_process,routine review,EDR,benign_response,authorized activity
RESP-00685,2026-08-09T02:37:29Z,WEB-EDGE-01,ACME\admin.rpatel,review_alert,routine review,EDR,benign_response,authorized activity
RESP-00103,2026-08-09T02:52:56Z,WEB-EDGE-01,SOC-AUTOMATION,query_process,routine review,EDR,benign_response,authorized activity
RESP-01204,2026-08-09T02:52:58Z,DEPLOY-01,SOC-AUTOMATION,query_process,routine review,EDR,benign_response,authorized activity
RESP-01392,2026-08-09T03:41:11Z,DEPLOY-01,SOC-AUTOMATION,collect_logs,routine review,EDR,benign_response,authorized activity
RESP-00538,2026-08-09T03:50:33Z,DEPLOY-01,SOC-AUTOMATION,collect_logs,routine review,EDR,benign_response,authorized activity
RESP-01038,2026-08-09T03:59:08Z,DEPLOY-01,ACME\admin.rpatel,collect_logs,routine review,EDR,benign_response,authorized activity
RESP-01436,2026-08-09T04:00:42Z,ADMIN-WS-11,ACME\admin.jlee,review_alert,routine review,EDR,benign_response,authorized activity
RESP-01388,2026-08-09T04:02:19Z,APP-API-02,SOC-AUTOMATION,query_process,routine review,EDR,benign_response,authorized activity
RESP-01159,2026-08-09T04:04:42Z,DEPLOY-01,ACME\admin.rpatel,query_process,routine review,EDR,benign_response,authorized activity
RESP-00001,2026-08-09T04:09:57Z,ADMIN-WS-07,ACME\admin.jlee,collect_logs,routine review,EDR,benign_response,authorized activity
RESP-00295,2026-08-09T04:13:55Z,DEPLOY-01,ACME\admin.rpatel,review_alert,routine review,EDR,benign_response,authorized activity
RESP-01039,2026-08-09T04:15:25Z,DEPLOY-01,ACME\admin.jlee,query_process,routine review,EDR,benign_response,authorized activity
RESP-00930,2026-08-09T04:19:02Z,ADMIN-WS-11,ACME\admin.rpatel,collect_logs,routine review,EDR,benign_response,authorized activity
RESP-01008,2026-08-09T04:23:05Z,DEPLOY-01,ACME\admin.jlee,collect_logs,routine review,EDR,benign_response,authorized activity
RESP-00497,2026-08-09T04:34:44Z,APP-API-02,ACME\admin.jlee,collect_logs,routine review,EDR,benign_response,authorized activity
RESP-00857,2026-08-09T04:37:24Z,ADMIN-WS-07,SOC-AUTOMATION,review_alert,routine review,EDR,benign_response,authorized activity
RESP-01485,2026-08-09T04:40:53Z,ADMIN-WS-07,ACME\admin.rpatel,query_process,routine review,EDR,benign_response,authorized activity
RESP-00210,2026-08-09T04:46:36Z,APP-API-02,SOC-AUTOMATION,query_process,routine review,EDR,benign_response,authorized activity
RESP-01145,2026-08-09T04:49:50Z,ADMIN-WS-07,ACME\admin.rpatel,review_alert,routine review,EDR,benign_response,authorized activity
RESP-00098,2026-08-09T04:50:44Z,ADMIN-WS-11,SOC-AUTOMATION,collect_logs,routine review,EDR,benign_response,authorized activity
RESP-00109,2026-08-09T04:54:47Z,APP-API-02,ACME\admin.jlee,query_process,routine review,EDR,benign_response,authorized activity
RESP-01473,2026-08-09T05:14:49Z,DEPLOY-01,ACME\admin.rpatel,query_process,routine review,EDR,benign_response,authorized activity
RESP-00535,2026-08-09T05:18:52Z,VULN-SCAN-01,ACME\admin.rpatel,query_process,routine review,EDR,benign_response,authorized activity
RESP-01090,2026-08-09T05:20:28Z,FILE-01,ACME\admin.rpatel,query_process,routine review,EDR,benign_response,authorized activity
RESP-00334,2026-08-09T05:32:43Z,VULN-SCAN-01,ACME\admin.jlee,collect_logs,routine review,EDR,benign_response,authorized activity
RESP-01278,2026-08-09T05:34:21Z,FILE-01,ACME\admin.jlee,query_process,routine review,EDR,benign_response,authorized activity
RESP-00491,2026-08-09T05:35:46Z,DEPLOY-01,ACME\admin.jlee,query_process,routine review,EDR,benign_response,authorized activity
RESP-00723,2026-08-09T05:36:30Z,ADMIN-WS-11,ACME\admin.jlee,review_alert,routine review,EDR,benign_response,authorized activity
RESP-00800,2026-08-09T05:45:07Z,ADMIN-WS-11,ACME\admin.rpatel,collect_logs,routine review,EDR,benign_response,authorized activity
RESP-00394,2026-08-09T05:58:23Z,VULN-SCAN-01,ACME\admin.jlee,collect_logs,routine review,EDR,benign_response,authorized activity
RESP-01479,2026-08-09T06:02:22Z,DEPLOY-01,ACME\admin.jlee,query_process,routine review,EDR,benign_response,authorized activity
RESP-00033,2026-08-09T06:04:10Z,WEB-EDGE-01,ACME\admin.rpatel,review_alert,routine review,EDR,benign_response,authorized activity
RESP-00166,2026-08-09T06:09:59Z,VULN-SCAN-01,ACME\admin.rpatel,query_process,routine review,EDR,benign_response,authorized activity
RESP-00721,2026-08-09T06:14:31Z,VULN-SCAN-01,ACME\admin.rpatel,query_process,routine review,EDR,benign_response,authorized activity
RESP-00291,2026-08-09T06:15:02Z,WEB-EDGE-01,ACME\admin.jlee,query_process,routine review,EDR,benign_response,authorized activity
RESP-01440,2026-08-09T06:26:10Z,WEB-EDGE-01,ACME\admin.jlee,review_alert,routine review,EDR,benign_response,authorized activity
RESP-01413,2026-08-09T06:39:47Z,ADMIN-WS-11,SOC-AUTOMATION,collect_logs,routine review,EDR,benign_response,authorized activity
RESP-00629,2026-08-09T06:45:28Z,VULN-SCAN-01,ACME\admin.rpatel,collect_logs,routine review,EDR,benign_response,authorized activity
RESP-00398,2026-08-09T06:48:10Z,WEB-EDGE-01,SOC-AUTOMATION,review_alert,routine review,EDR,benign_response,authorized activity
RESP-01340,2026-08-09T06:49:09Z,ADMIN-WS-11,SOC-AUTOMATION,collect_logs,routine review,EDR,benign_response,authorized activity
RESP-01211,2026-08-09T06:56:11Z,VULN-SCAN-01,ACME\admin.rpatel,collect_logs,routine review,EDR,benign_response,authorized activity
RESP-00744,2026-08-09T07:04:16Z,FILE-01,ACME\admin.rpatel,query_process,routine review,EDR,benign_response,authorized activity
RESP-00325,2026-08-09T07:07:28Z,ADMIN-WS-11,SOC-AUTOMATION,review_alert,routine review,EDR,benign_response,authorized activity
RESP-01044,2026-08-09T07:10:39Z,ADMIN-WS-11,ACME\admin.jlee,review_alert,routine review,EDR,benign_response,authorized activity
RESP-00318,2026-08-09T07:14:07Z,FILE-01,ACME\admin.rpatel,query_process,routine review,EDR,benign_response,authorized activity
RESP-00369,2026-08-09T07:21:39Z,DEPLOY-01,ACME\admin.jlee,review_alert,routine review,EDR,benign_response,authorized activity
RESP-01062,2026-08-09T07:22:48Z,WEB-EDGE-01,ACME\admin.jlee,query_process,routine review,EDR,benign_response,authorized activity
RESP-01335,2026-08-09T07:27:00Z,ADMIN-WS-07,ACME\admin.jlee,query_process,routine review,EDR,benign_response,authorized activity
RESP-01302,2026-08-09T07:35:38Z,FILE-01,ACME\admin.jlee,collect_logs,routine review,EDR,benign_response,authorized activity
RESP-00898,2026-08-09T07:40:32Z,FILE-01,ACME\admin.rpatel,query_process,routine review,EDR,benign_response,authorized activity
RESP-00320,2026-08-09T07:56:13Z,WEB-EDGE-01,ACME\admin.jlee,collect_logs,routine review,EDR,benign_response,authorized activity
RESP-01098,2026-08-09T08:00:14Z,FILE-01,SOC-AUTOMATION,collect_logs,routine review,EDR,benign_response,authorized activity
RESP-00206,2026-08-09T08:03:14Z,ADMIN-WS-07,SOC-AUTOMATION,review_alert,routine review,EDR,benign_response,authorized activity
RESP-00430,2026-08-09T08:12:41Z,FILE-01,ACME\admin.jlee,query_process,routine review,EDR,benign_response,authorized activity
RESP-01249,2026-08-09T08:17:55Z,FILE-01,SOC-AUTOMATION,review_alert,routine review,EDR,benign_response,authorized activity
RESP-00167,2026-08-09T08:18:04Z,ADMIN-WS-11,ACME\admin.jlee,collect_logs,routine review,EDR,benign_response,authorized activity
RESP-00124,2026-08-09T08:23:15Z,ADMIN-WS-11,ACME\admin.jlee,query_process,routine review,EDR,benign_response,authorized activity
RESP-00516,2026-08-09T08:25:15Z,WEB-EDGE-01,ACME\admin.jlee,query_process,routine review,EDR,benign_response,authorized activity
RESP-01247,2026-08-09T08:40:17Z,ADMIN-WS-07,SOC-AUTOMATION,collect_logs,routine review,EDR,benign_response,authorized activity
RESP-00919,2026-08-09T08:45:01Z,VULN-SCAN-01,SOC-AUTOMATION,review_alert,routine review,EDR,benign_response,authorized activity
RESP-00157,2026-08-09T08:48:20Z,APP-API-02,ACME\admin.rpatel,collect_logs,routine review,EDR,benign_response,authorized activity
RESP-00989,2026-08-09T09:31:10Z,ADMIN-WS-07,SOC-AUTOMATION,collect_logs,routine review,EDR,benign_response,authorized activity
RESP-00366,2026-08-09T09:35:00Z,VULN-SCAN-01,ACME\admin.rpatel,review_alert,routine review,EDR,benign_response,authorized activity
RESP-00026,2026-08-09T09:57:52Z,WEB-EDGE-01,ACME\admin.rpatel,review_alert,routine review,EDR,benign_response,authorized activity
RESP-00024,2026-08-09T10:00:26Z,APP-API-02,ACME\admin.jlee,review_alert,routine review,EDR,benign_response,authorized activity
RESP-01072,2026-08-09T10:11:11Z,WEB-EDGE-01,ACME\admin.jlee,query_process,routine review,EDR,benign_response,authorized activity
RESP-01127,2026-08-09T10:13:44Z,DEPLOY-01,SOC-AUTOMATION,collect_logs,routine review,EDR,benign_response,authorized activity
RESP-00977,2026-08-09T10:15:00Z,APP-API-02,ACME\admin.jlee,collect_logs,routine review,EDR,benign_response,authorized activity
RESP-00374,2026-08-09T10:15:43Z,DEPLOY-01,SOC-AUTOMATION,review_alert,routine review,EDR,benign_response,authorized activity
RESP-01233,2026-08-09T10:41:44Z,FILE-01,ACME\admin.rpatel,query_process,routine review,EDR,benign_response,authorized activity
RESP-00093,2026-08-09T10:43:40Z,ADMIN-WS-07,SOC-AUTOMATION,review_alert,routine review,EDR,benign_response,authorized activity
RESP-00144,2026-08-09T10:47:28Z,FILE-01,SOC-AUTOMATION,collect_logs,routine review,EDR,benign_response,authorized activity
RESP-00987,2026-08-09T10:50:29Z,APP-API-02,SOC-AUTOMATION,review_alert,routine review,EDR,benign_response,authorized activity
RESP-00511,2026-08-09T10:54:23Z,APP-API-02,ACME\admin.rpatel,review_alert,routine review,EDR,benign_response,authorized activity
RESP-00239,2026-08-09T11:08:18Z,ADMIN-WS-11,ACME\admin.jlee,collect_logs,routine review,EDR,benign_response,authorized activity
RESP-00645,2026-08-09T11:22:26Z,VULN-SCAN-01,ACME\admin.rpatel,query_process,routine review,EDR,benign_response,authorized activity
RESP-01139,2026-08-09T11:33:25Z,FILE-01,ACME\admin.jlee,query_process,routine review,EDR,benign_response,authorized activity
RESP-00630,2026-08-09T11:38:27Z,VULN-SCAN-01,SOC-AUTOMATION,review_alert,routine review,EDR,benign_response,authorized activity
RESP-00007,2026-08-09T11:42:54Z,APP-API-02,SOC-AUTOMATION,review_alert,routine review,EDR,benign_response,authorized activity
RESP-00234,2026-08-09T11:44:21Z,ADMIN-WS-11,ACME\admin.jlee,review_alert,routine review,EDR,benign_response,authorized activity
RESP-00879,2026-08-09T12:05:58Z,ADMIN-WS-07,ACME\admin.rpatel,review_alert,routine review,EDR,benign_response,authorized activity
RESP-00198,2026-08-09T12:14:52Z,WEB-EDGE-01,ACME\admin.rpatel,review_alert,routine review,EDR,benign_response,authorized activity
RESP-00656,2026-08-09T12:26:02Z,APP-API-02,SOC-AUTOMATION,query_process,routine review,EDR,benign_response,authorized activity
RESP-01394,2026-08-09T12:38:02Z,VULN-SCAN-01,ACME\admin.rpatel,query_process,routine review,EDR,benign_response,authorized activity
RESP-00793,2026-08-09T12:41:03Z,ADMIN-WS-11,SOC-AUTOMATION,query_process,routine review,EDR,benign_response,authorized activity
RESP-00091,2026-08-09T12:52:21Z,ADMIN-WS-07,ACME\admin.jlee,collect_logs,routine review,EDR,benign_response,authorized activity
RESP-00533,2026-08-09T13:02:06Z,FILE-01,SOC-AUTOMATION,review_alert,routine review,EDR,benign_response,authorized activity
RESP-00301,2026-08-09T13:03:54Z,APP-API-02,ACME\admin.jlee,review_alert,routine review,EDR,benign_response,authorized activity
RESP-00766,2026-08-09T13:06:47Z,ADMIN-WS-07,ACME\admin.rpatel,query_process,routine review,EDR,benign_response,authorized activity
RESP-01123,2026-08-09T13:17:39Z,DEPLOY-01,ACME\admin.rpatel,review_alert,routine review,EDR,benign_response,authorized activity
RESP-00470,2026-08-09T13:25:45Z,ADMIN-WS-07,SOC-AUTOMATION,review_alert,routine review,EDR,benign_response,authorized activity
RESP-01188,2026-08-09T13:34:54Z,DEPLOY-01,ACME\admin.jlee,review_alert,routine review,EDR,benign_response,authorized activity
RESP-00164,2026-08-09T13:35:01Z,APP-API-02,SOC-AUTOMATION,review_alert,routine review,EDR,benign_response,authorized activity
RESP-00306,2026-08-09T13:36:23Z,WEB-EDGE-01,ACME\admin.rpatel,review_alert,routine review,EDR,benign_response,authorized activity
RESP-01231,2026-08-09T13:47:02Z,ADMIN-WS-07,ACME\admin.jlee,query_process,routine review,EDR,benign_response,authorized activity
RESP-00894,2026-08-09T13:48:16Z,DEPLOY-01,SOC-AUTOMATION,collect_logs,routine review,EDR,benign_response,authorized activity
RESP-00882,2026-08-09T13:59:29Z,DEPLOY-01,ACME\admin.rpatel,query_process,routine review,EDR,benign_response,authorized activity
RESP-00816,2026-08-09T14:09:58Z,VULN-SCAN-01,ACME\admin.rpatel,collect_logs,routine review,EDR,benign_response,authorized activity
RESP-00449,2026-08-09T14:35:22Z,DEPLOY-01,SOC-AUTOMATION,collect_logs,routine review,EDR,benign_response,authorized activity
RESP-00811,2026-08-09T14:41:36Z,VULN-SCAN-01,SOC-AUTOMATION,query_process,routine review,EDR,benign_response,authorized activity
RESP-00519,2026-08-09T15:11:55Z,VULN-SCAN-01,SOC-AUTOMATION,query_process,routine review,EDR,benign_response,authorized activity
RESP-00867,2026-08-09T15:16:45Z,WEB-EDGE-01,ACME\admin.jlee,query_process,routine review,EDR,benign_response,authorized activity
RESP-00409,2026-08-09T15:20:02Z,ADMIN-WS-07,SOC-AUTOMATION,review_alert,routine review,EDR,benign_response,authorized activity
RESP-00654,2026-08-09T15:26:20Z,ADMIN-WS-07,ACME\admin.rpatel,review_alert,routine review,EDR,benign_response,authorized activity
RESP-00030,2026-08-09T15:28:51Z,WEB-EDGE-01,SOC-AUTOMATION,collect_logs,routine review,EDR,benign_response,authorized activity
RESP-01363,2026-08-09T15:29:29Z,APP-API-02,ACME\admin.rpatel,query_process,routine review,EDR,benign_response,authorized activity
RESP-00929,2026-08-09T15:42:10Z,WEB-EDGE-01,ACME\admin.rpatel,review_alert,routine review,EDR,benign_response,authorized activity
RESP-01004,2026-08-09T15:43:47Z,VULN-SCAN-01,SOC-AUTOMATION,collect_logs,routine review,EDR,benign_response,authorized activity
RESP-00764,2026-08-09T15:44:01Z,ADMIN-WS-11,ACME\admin.rpatel,review_alert,routine review,EDR,benign_response,authorized activity
RESP-00984,2026-08-09T15:51:02Z,ADMIN-WS-07,ACME\admin.jlee,collect_logs,routine review,EDR,benign_response,authorized activity
RESP-00529,2026-08-09T16:08:49Z,DEPLOY-01,ACME\admin.jlee,collect_logs,routine review,EDR,benign_response,authorized activity
RESP-01293,2026-08-09T16:12:28Z,ADMIN-WS-11,ACME\admin.jlee,review_alert,routine review,EDR,benign_response,authorized activity
RESP-01437,2026-08-09T16:21:15Z,DEPLOY-01,ACME\admin.rpatel,collect_logs,routine review,EDR,benign_response,authorized activity
RESP-00186,2026-08-09T16:37:55Z,DEPLOY-01,ACME\admin.rpatel,query_process,routine review,EDR,benign_response,authorized activity
RESP-00640,2026-08-09T16:52:06Z,ADMIN-WS-07,SOC-AUTOMATION,review_alert,routine review,EDR,benign_response,authorized activity
RESP-00828,2026-08-09T16:56:42Z,WEB-EDGE-01,ACME\admin.rpatel,query_process,routine review,EDR,benign_response,authorized activity
RESP-00765,2026-08-09T16:57:57Z,FILE-01,ACME\admin.rpatel,query_process,routine review,EDR,benign_response,authorized activity
RESP-01202,2026-08-09T17:03:09Z,ADMIN-WS-11,ACME\admin.jlee,collect_logs,routine review,EDR,benign_response,authorized activity
RESP-00572,2026-08-09T17:03:48Z,ADMIN-WS-11,ACME\admin.rpatel,collect_logs,routine review,EDR,benign_response,authorized activity
RESP-00597,2026-08-09T17:12:10Z,ADMIN-WS-11,ACME\admin.rpatel,collect_logs,routine review,EDR,benign_response,authorized activity
RESP-01377,2026-08-09T17:18:59Z,FILE-01,ACME\admin.rpatel,collect_logs,routine review,EDR,benign_response,authorized activity
RESP-01458,2026-08-09T17:30:39Z,DEPLOY-01,SOC-AUTOMATION,query_process,routine review,EDR,benign_response,authorized activity
RESP-00235,2026-08-09T17:32:43Z,FILE-01,ACME\admin.jlee,collect_logs,routine review,EDR,benign_response,authorized activity
RESP-01496,2026-08-09T17:35:12Z,WEB-EDGE-01,ACME\admin.jlee,review_alert,routine review,EDR,benign_response,authorized activity
RESP-00714,2026-08-09T17:42:20Z,VULN-SCAN-01,ACME\admin.rpatel,review_alert,routine review,EDR,benign_response,authorized activity
RESP-00573,2026-08-09T17:42:55Z,FILE-01,SOC-AUTOMATION,review_alert,routine review,EDR,benign_response,authorized activity
RESP-01116,2026-08-09T17:47:19Z,APP-API-02,ACME\admin.rpatel,collect_logs,routine review,EDR,benign_response,authorized activity
RESP-01448,2026-08-09T17:57:20Z,FILE-01,ACME\admin.rpatel,query_process,routine review,EDR,benign_response,authorized activity
RESP-01300,2026-08-09T18:01:33Z,APP-API-02,ACME\admin.rpatel,collect_logs,routine review,EDR,benign_response,authorized activity
RESP-00890,2026-08-09T18:12:38Z,WEB-EDGE-01,ACME\admin.jlee,review_alert,routine review,EDR,benign_response,authorized activity
RESP-00695,2026-08-09T18:18:01Z,WEB-EDGE-01,ACME\admin.jlee,review_alert,routine review,EDR,benign_response,authorized activity
RESP-01318,2026-08-09T18:25:58Z,WEB-EDGE-01,ACME\admin.jlee,review_alert,routine review,EDR,benign_response,authorized activity
RESP-00993,2026-08-09T18:28:39Z,WEB-EDGE-01,ACME\admin.jlee,review_alert,routine review,EDR,benign_response,authorized activity
RESP-01387,2026-08-09T18:36:38Z,ADMIN-WS-07,SOC-AUTOMATION,review_alert,routine review,EDR,benign_response,authorized activity
RESP-01488,2026-08-09T18:37:05Z,ADMIN-WS-11,SOC-AUTOMATION,query_process,routine review,EDR,benign_response,authorized activity
RESP-00663,2026-08-09T18:39:48Z,ADMIN-WS-07,ACME\admin.jlee,collect_logs,routine review,EDR,benign_response,authorized activity
RESP-00364,2026-08-09T19:12:19Z,ADMIN-WS-11,ACME\admin.jlee,collect_logs,routine review,EDR,benign_response,authorized activity
RESP-00145,2026-08-09T19:28:39Z,DEPLOY-01,ACME\admin.rpatel,review_alert,routine review,EDR,benign_response,authorized activity
RESP-00064,2026-08-09T19:29:04Z,WEB-EDGE-01,ACME\admin.rpatel,review_alert,routine review,EDR,benign_response,authorized activity
RESP-00772,2026-08-09T19:42:16Z,ADMIN-WS-11,ACME\admin.rpatel,query_process,routine review,EDR,benign_response,authorized activity
RESP-00892,2026-08-09T19:44:46Z,ADMIN-WS-07,ACME\admin.rpatel,review_alert,routine review,EDR,benign_response,authorized activity
RESP-01113,2026-08-09T19:55:13Z,FILE-01,SOC-AUTOMATION,query_process,routine review,EDR,benign_response,authorized activity
RESP-01108,2026-08-09T20:02:54Z,DEPLOY-01,SOC-AUTOMATION,collect_logs,routine review,EDR,benign_response,authorized activity
RESP-00286,2026-08-09T20:03:58Z,VULN-SCAN-01,ACME\admin.jlee,review_alert,routine review,EDR,benign_response,authorized activity
RESP-00618,2026-08-09T20:09:03Z,DEPLOY-01,ACME\admin.rpatel,review_alert,routine review,EDR,benign_response,authorized activity
RESP-00832,2026-08-09T20:26:02Z,ADMIN-WS-11,ACME\admin.rpatel,collect_logs,routine review,EDR,benign_response,authorized activity
RESP-01023,2026-08-09T20:28:53Z,APP-API-02,ACME\admin.rpatel,review_alert,routine review,EDR,benign_response,authorized activity
RESP-00722,2026-08-09T20:31:29Z,ADMIN-WS-11,ACME\admin.rpatel,review_alert,routine review,EDR,benign_response,authorized activity
RESP-01149,2026-08-09T20:32:59Z,DEPLOY-01,ACME\admin.jlee,collect_logs,routine review,EDR,benign_response,authorized activity
RESP-00061,2026-08-09T20:39:43Z,DEPLOY-01,ACME\admin.rpatel,query_process,routine review,EDR,benign_response,authorized activity
RESP-01208,2026-08-09T20:48:49Z,VULN-SCAN-01,ACME\admin.jlee,collect_logs,routine review,EDR,benign_response,authorized activity
RESP-00786,2026-08-09T21:00:59Z,APP-API-02,SOC-AUTOMATION,review_alert,routine review,EDR,benign_response,authorized activity
RESP-01396,2026-08-09T21:05:16Z,DEPLOY-01,ACME\admin.jlee,collect_logs,routine review,EDR,benign_response,authorized activity
RESP-00689,2026-08-09T21:15:29Z,ADMIN-WS-11,SOC-AUTOMATION,review_alert,routine review,EDR,benign_response,authorized activity
RESP-00377,2026-08-09T21:46:29Z,FILE-01,ACME\admin.rpatel,query_process,routine review,EDR,benign_response,authorized activity
RESP-00096,2026-08-09T21:48:42Z,FILE-01,ACME\admin.rpatel,review_alert,routine review,EDR,benign_response,authorized activity
RESP-01141,2026-08-09T21:50:21Z,APP-API-02,ACME\admin.jlee,collect_logs,routine review,EDR,benign_response,authorized activity
RESP-01442,2026-08-09T21:54:51Z,ADMIN-WS-07,ACME\admin.jlee,review_alert,routine review,EDR,benign_response,authorized activity
RESP-00605,2026-08-09T21:59:19Z,VULN-SCAN-01,SOC-AUTOMATION,collect_logs,routine review,EDR,benign_response,authorized activity
RESP-00536,2026-08-09T22:02:11Z,ADMIN-WS-07,ACME\admin.jlee,collect_logs,routine review,EDR,benign_response,authorized activity
RESP-00499,2026-08-09T22:02:59Z,APP-API-02,ACME\admin.jlee,query_process,routine review,EDR,benign_response,authorized activity
RESP-01129,2026-08-09T22:11:14Z,WEB-EDGE-01,ACME\admin.jlee,review_alert,routine review,EDR,benign_response,authorized activity
RESP-01082,2026-08-09T22:13:33Z,ADMIN-WS-11,SOC-AUTOMATION,collect_logs,routine review,EDR,benign_response,authorized activity
RESP-00881,2026-08-09T22:13:53Z,FILE-01,SOC-AUTOMATION,collect_logs,routine review,EDR,benign_response,authorized activity
RESP-00337,2026-08-09T22:41:16Z,ADMIN-WS-11,SOC-AUTOMATION,query_process,routine review,EDR,benign_response,authorized activity
RESP-00531,2026-08-09T22:51:07Z,APP-API-02,ACME\admin.rpatel,query_process,routine review,EDR,benign_response,authorized activity
RESP-00404,2026-08-09T23:04:13Z,ADMIN-WS-07,ACME\admin.jlee,collect_logs,routine review,EDR,benign_response,authorized activity
RESP-00452,2026-08-09T23:09:34Z,ADMIN-WS-11,ACME\admin.rpatel,collect_logs,routine review,EDR,benign_response,authorized activity
RESP-00831,2026-08-09T23:14:12Z,FILE-01,SOC-AUTOMATION,review_alert,routine review,EDR,benign_response,authorized activity
RESP-00956,2026-08-09T23:21:08Z,DEPLOY-01,ACME\admin.rpatel,review_alert,routine review,EDR,benign_response,authorized activity
RESP-00267,2026-08-09T23:27:21Z,ADMIN-WS-07,SOC-AUTOMATION,review_alert,routine review,EDR,benign_response,authorized activity
RESP-00592,2026-08-09T23:32:57Z,VULN-SCAN-01,SOC-AUTOMATION,review_alert,routine review,EDR,benign_response,authorized activity
RESP-00123,2026-08-09T23:36:10Z,APP-API-02,ACME\admin.rpatel,query_process,routine review,EDR,benign_response,authorized activity
RESP-01327,2026-08-09T23:41:54Z,ADMIN-WS-11,ACME\admin.rpatel,query_process,routine review,EDR,benign_response,authorized activity
RESP-00340,2026-08-09T23:43:46Z,FILE-01,ACME\admin.jlee,review_alert,routine review,EDR,benign_response,authorized activity
RESP-00381,2026-08-10T00:07:06Z,ADMIN-WS-11,ACME\admin.rpatel,review_alert,routine review,EDR,benign_response,authorized activity
RESP-00581,2026-08-10T00:10:48Z,ADMIN-WS-11,ACME\admin.rpatel,query_process,routine review,EDR,benign_response,authorized activity
RESP-01052,2026-08-10T00:25:42Z,DEPLOY-01,ACME\admin.rpatel,review_alert,routine review,EDR,benign_response,authorized activity
RESP-01407,2026-08-10T00:33:34Z,DEPLOY-01,SOC-AUTOMATION,review_alert,routine review,EDR,benign_response,authorized activity
RESP-00648,2026-08-10T00:36:43Z,DEPLOY-01,ACME\admin.rpatel,query_process,routine review,EDR,benign_response,authorized activity
RESP-00365,2026-08-10T00:38:35Z,ADMIN-WS-11,ACME\admin.rpatel,collect_logs,routine review,EDR,benign_response,authorized activity
RESP-00009,2026-08-10T00:42:56Z,ADMIN-WS-07,SOC-AUTOMATION,collect_logs,routine review,EDR,benign_response,authorized activity
RESP-01021,2026-08-10T00:44:51Z,DEPLOY-01,ACME\admin.rpatel,query_process,routine review,EDR,benign_response,authorized activity
RESP-00229,2026-08-10T00:46:21Z,ADMIN-WS-11,ACME\admin.rpatel,review_alert,routine review,EDR,benign_response,authorized activity
RESP-00622,2026-08-10T00:48:41Z,ADMIN-WS-11,SOC-AUTOMATION,collect_logs,routine review,EDR,benign_response,authorized activity
RESP-00233,2026-08-10T00:57:32Z,APP-API-02,SOC-AUTOMATION,review_alert,routine review,EDR,benign_response,authorized activity
RESP-00474,2026-08-10T01:05:58Z,APP-API-02,ACME\admin.jlee,query_process,routine review,EDR,benign_response,authorized activity
RESP-01267,2026-08-10T01:17:21Z,VULN-SCAN-01,ACME\admin.jlee,query_process,routine review,EDR,benign_response,authorized activity
RESP-00068,2026-08-10T01:41:16Z,FILE-01,SOC-AUTOMATION,collect_logs,routine review,EDR,benign_response,authorized activity
RESP-00052,2026-08-10T01:41:49Z,WEB-EDGE-01,SOC-AUTOMATION,collect_logs,routine review,EDR,benign_response,authorized activity
RESP-00781,2026-08-10T01:54:26Z,FILE-01,ACME\admin.jlee,query_process,routine review,EDR,benign_response,authorized activity
RESP-00326,2026-08-10T01:58:53Z,ADMIN-WS-11,ACME\admin.rpatel,collect_logs,routine review,EDR,benign_response,authorized activity
RESP-01321,2026-08-10T02:02:14Z,DEPLOY-01,ACME\admin.jlee,review_alert,routine review,EDR,benign_response,authorized activity
RESP-00284,2026-08-10T02:05:46Z,DEPLOY-01,ACME\admin.rpatel,review_alert,routine review,EDR,benign_response,authorized activity
RESP-00350,2026-08-10T02:07:35Z,ADMIN-WS-07,SOC-AUTOMATION,review_alert,routine review,EDR,benign_response,authorized activity
RESP-00803,2026-08-10T02:17:28Z,ADMIN-WS-11,ACME\admin.rpatel,review_alert,routine review,EDR,benign_response,authorized activity
RESP-01289,2026-08-10T02:29:25Z,ADMIN-WS-11,ACME\admin.jlee,query_process,routine review,EDR,benign_response,authorized activity
RESP-01333,2026-08-10T02:35:43Z,ADMIN-WS-07,ACME\admin.jlee,review_alert,routine review,EDR,benign_response,authorized activity
RESP-00223,2026-08-10T02:43:22Z,ADMIN-WS-07,ACME\admin.rpatel,query_process,routine review,EDR,benign_response,authorized activity
RESP-00418,2026-08-10T02:57:25Z,ADMIN-WS-11,ACME\admin.jlee,collect_logs,routine review,EDR,benign_response,authorized activity
RESP-00827,2026-08-10T03:07:25Z,APP-API-02,SOC-AUTOMATION,review_alert,routine review,EDR,benign_response,authorized activity
RESP-00534,2026-08-10T03:09:22Z,FILE-01,ACME\admin.jlee,review_alert,routine review,EDR,benign_response,authorized activity
RESP-00871,2026-08-10T03:11:39Z,WEB-EDGE-01,ACME\admin.jlee,query_process,routine review,EDR,benign_response,authorized activity
RESP-01252,2026-08-10T03:18:56Z,FILE-01,ACME\admin.jlee,collect_logs,routine review,EDR,benign_response,authorized activity
RESP-00257,2026-08-10T03:26:38Z,DEPLOY-01,ACME\admin.rpatel,collect_logs,routine review,EDR,benign_response,authorized activity
RESP-00241,2026-08-10T03:32:09Z,ADMIN-WS-11,ACME\admin.rpatel,review_alert,routine review,EDR,benign_response,authorized activity
RESP-00087,2026-08-10T03:33:33Z,APP-API-02,ACME\admin.jlee,collect_logs,routine review,EDR,benign_response,authorized activity
RESP-00324,2026-08-10T03:36:39Z,ADMIN-WS-07,ACME\admin.rpatel,collect_logs,routine review,EDR,benign_response,authorized activity
RESP-00463,2026-08-10T03:39:24Z,ADMIN-WS-07,SOC-AUTOMATION,query_process,routine review,EDR,benign_response,authorized activity
RESP-00877,2026-08-10T03:44:04Z,APP-API-02,SOC-AUTOMATION,query_process,routine review,EDR,benign_response,authorized activity
RESP-01244,2026-08-10T03:49:20Z,WEB-EDGE-01,SOC-AUTOMATION,collect_logs,routine review,EDR,benign_response,authorized activity
RESP-00912,2026-08-10T03:54:11Z,APP-API-02,SOC-AUTOMATION,review_alert,routine review,EDR,benign_response,authorized activity
RESP-00532,2026-08-10T03:57:43Z,DEPLOY-01,SOC-AUTOMATION,review_alert,routine review,EDR,benign_response,authorized activity
RESP-00860,2026-08-10T04:01:33Z,WEB-EDGE-01,SOC-AUTOMATION,collect_logs,routine review,EDR,benign_response,authorized activity
RESP-00825,2026-08-10T04:08:43Z,FILE-01,SOC-AUTOMATION,query_process,routine review,EDR,benign_response,authorized activity
RESP-00200,2026-08-10T04:09:00Z,FILE-01,ACME\admin.rpatel,review_alert,routine review,EDR,benign_response,authorized activity
RESP-01264,2026-08-10T04:17:37Z,WEB-EDGE-01,ACME\admin.jlee,collect_logs,routine review,EDR,benign_response,authorized activity
RESP-00427,2026-08-10T04:22:30Z,DEPLOY-01,SOC-AUTOMATION,query_process,routine review,EDR,benign_response,authorized activity
RESP-01163,2026-08-10T04:23:42Z,VULN-SCAN-01,ACME\admin.rpatel,query_process,routine review,EDR,benign_response,authorized activity
RESP-01312,2026-08-10T04:24:25Z,WEB-EDGE-01,ACME\admin.jlee,collect_logs,routine review,EDR,benign_response,authorized activity
RESP-00271,2026-08-10T04:26:01Z,ADMIN-WS-11,ACME\admin.rpatel,query_process,routine review,EDR,benign_response,authorized activity
RESP-01220,2026-08-10T04:31:17Z,VULN-SCAN-01,ACME\admin.jlee,query_process,routine review,EDR,benign_response,authorized activity
RESP-01469,2026-08-10T04:32:08Z,DEPLOY-01,SOC-AUTOMATION,query_process,routine review,EDR,benign_response,authorized activity
RESP-01251,2026-08-10T04:35:21Z,APP-API-02,ACME\admin.jlee,query_process,routine review,EDR,benign_response,authorized activity
RESP-01382,2026-08-10T04:42:09Z,APP-API-02,ACME\admin.jlee,review_alert,routine review,EDR,benign_response,authorized activity
RESP-01330,2026-08-10T04:42:57Z,FILE-01,ACME\admin.jlee,review_alert,routine review,EDR,benign_response,authorized activity
RESP-00791,2026-08-10T04:45:01Z,ADMIN-WS-11,SOC-AUTOMATION,query_process,routine review,EDR,benign_response,authorized activity
RESP-01245,2026-08-10T04:45:40Z,ADMIN-WS-11,SOC-AUTOMATION,query_process,routine review,EDR,benign_response,authorized activity
RESP-00314,2026-08-10T04:57:41Z,FILE-01,ACME\admin.rpatel,collect_logs,routine review,EDR,benign_response,authorized activity
RESP-00796,2026-08-10T05:10:14Z,ADMIN-WS-07,ACME\admin.rpatel,query_process,routine review,EDR,benign_response,authorized activity
RESP-00079,2026-08-10T05:15:29Z,ADMIN-WS-11,ACME\admin.jlee,collect_logs,routine review,EDR,benign_response,authorized activity
RESP-00261,2026-08-10T05:21:01Z,WEB-EDGE-01,ACME\admin.rpatel,collect_logs,routine review,EDR,benign_response,authorized activity
RESP-01135,2026-08-10T05:26:11Z,ADMIN-WS-11,ACME\admin.rpatel,query_process,routine review,EDR,benign_response,authorized activity
RESP-00569,2026-08-10T05:34:32Z,DEPLOY-01,ACME\admin.jlee,collect_logs,routine review,EDR,benign_response,authorized activity
RESP-00298,2026-08-10T05:45:23Z,VULN-SCAN-01,ACME\admin.rpatel,collect_logs,routine review,EDR,benign_response,authorized activity
RESP-00505,2026-08-10T05:53:23Z,VULN-SCAN-01,ACME\admin.rpatel,collect_logs,routine review,EDR,benign_response,authorized activity
RESP-00970,2026-08-10T05:53:25Z,WEB-EDGE-01,SOC-AUTOMATION,review_alert,routine review,EDR,benign_response,authorized activity
RESP-01295,2026-08-10T06:00:14Z,DEPLOY-01,SOC-AUTOMATION,collect_logs,routine review,EDR,benign_response,authorized activity
RESP-00036,2026-08-10T06:06:38Z,WEB-EDGE-01,ACME\admin.jlee,collect_logs,routine review,EDR,benign_response,authorized activity
RESP-00596,2026-08-10T06:07:34Z,ADMIN-WS-11,SOC-AUTOMATION,review_alert,routine review,EDR,benign_response,authorized activity
RESP-00029,2026-08-10T06:13:48Z,ADMIN-WS-07,ACME\admin.rpatel,query_process,routine review,EDR,benign_response,authorized activity
RESP-01443,2026-08-10T06:16:28Z,DEPLOY-01,SOC-AUTOMATION,query_process,routine review,EDR,benign_response,authorized activity
RESP-00440,2026-08-10T06:17:39Z,APP-API-02,ACME\admin.rpatel,collect_logs,routine review,EDR,benign_response,authorized activity
RESP-01420,2026-08-10T06:31:01Z,FILE-01,ACME\admin.rpatel,collect_logs,routine review,EDR,benign_response,authorized activity
RESP-00712,2026-08-10T06:31:31Z,VULN-SCAN-01,SOC-AUTOMATION,collect_logs,routine review,EDR,benign_response,authorized activity
RESP-01449,2026-08-10T06:31:39Z,VULN-SCAN-01,SOC-AUTOMATION,review_alert,routine review,EDR,benign_response,authorized activity
RESP-00415,2026-08-10T06:34:35Z,APP-API-02,ACME\admin.rpatel,collect_logs,routine review,EDR,benign_response,authorized activity
RESP-00644,2026-08-10T06:35:20Z,WEB-EDGE-01,ACME\admin.rpatel,query_process,routine review,EDR,benign_response,authorized activity
RESP-01493,2026-08-10T06:40:18Z,WEB-EDGE-01,SOC-AUTOMATION,collect_logs,routine review,EDR,benign_response,authorized activity
RESP-01091,2026-08-10T06:42:26Z,APP-API-02,ACME\admin.jlee,review_alert,routine review,EDR,benign_response,authorized activity
RESP-01066,2026-08-10T06:45:06Z,ADMIN-WS-07,SOC-AUTOMATION,query_process,routine review,EDR,benign_response,authorized activity
RESP-00414,2026-08-10T06:47:54Z,ADMIN-WS-11,SOC-AUTOMATION,query_process,routine review,EDR,benign_response,authorized activity
RESP-01060,2026-08-10T06:48:08Z,APP-API-02,ACME\admin.rpatel,collect_logs,routine review,EDR,benign_response,authorized activity
RESP-01309,2026-08-10T06:56:56Z,ADMIN-WS-11,ACME\admin.jlee,review_alert,routine review,EDR,benign_response,authorized activity
RESP-01403,2026-08-10T07:01:47Z,APP-API-02,ACME\admin.rpatel,review_alert,routine review,EDR,benign_response,authorized activity
RESP-01323,2026-08-10T07:09:29Z,ADMIN-WS-11,ACME\admin.jlee,review_alert,routine review,EDR,benign_response,authorized activity
RESP-01172,2026-08-10T07:14:02Z,WEB-EDGE-01,ACME\admin.rpatel,query_process,routine review,EDR,benign_response,authorized activity
RESP-01195,2026-08-10T07:19:34Z,ADMIN-WS-11,SOC-AUTOMATION,collect_logs,routine review,EDR,benign_response,authorized activity
RESP-00732,2026-08-10T07:21:44Z,VULN-SCAN-01,ACME\admin.jlee,collect_logs,routine review,EDR,benign_response,authorized activity
RESP-01258,2026-08-10T07:33:22Z,APP-API-02,ACME\admin.jlee,review_alert,routine review,EDR,benign_response,authorized activity
RESP-01352,2026-08-10T07:35:25Z,ADMIN-WS-07,ACME\admin.jlee,collect_logs,routine review,EDR,benign_response,authorized activity
RESP-00815,2026-08-10T07:45:21Z,APP-API-02,SOC-AUTOMATION,query_process,routine review,EDR,benign_response,authorized activity
RESP-00713,2026-08-10T07:46:51Z,DEPLOY-01,ACME\admin.jlee,review_alert,routine review,EDR,benign_response,authorized activity
RESP-00185,2026-08-10T07:51:13Z,APP-API-02,SOC-AUTOMATION,review_alert,routine review,EDR,benign_response,authorized activity
RESP-01291,2026-08-10T07:51:41Z,ADMIN-WS-11,SOC-AUTOMATION,collect_logs,routine review,EDR,benign_response,authorized activity
RESP-00720,2026-08-10T07:54:25Z,APP-API-02,ACME\admin.jlee,query_process,routine review,EDR,benign_response,authorized activity
RESP-00269,2026-08-10T08:05:23Z,ADMIN-WS-07,ACME\admin.jlee,review_alert,routine review,EDR,benign_response,authorized activity
RESP-00859,2026-08-10T08:25:13Z,VULN-SCAN-01,ACME\admin.rpatel,review_alert,routine review,EDR,benign_response,authorized activity
RESP-00922,2026-08-10T08:37:07Z,VULN-SCAN-01,ACME\admin.jlee,review_alert,routine review,EDR,benign_response,authorized activity
RESP-00947,2026-08-10T08:37:37Z,WEB-EDGE-01,ACME\admin.jlee,collect_logs,routine review,EDR,benign_response,authorized activity
RESP-01067,2026-08-10T08:53:11Z,WEB-EDGE-01,SOC-AUTOMATION,collect_logs,routine review,EDR,benign_response,authorized activity
RESP-00183,2026-08-10T08:55:36Z,ADMIN-WS-11,SOC-AUTOMATION,review_alert,routine review,EDR,benign_response,authorized activity
RESP-00631,2026-08-10T09:22:52Z,FILE-01,ACME\admin.rpatel,review_alert,routine review,EDR,benign_response,authorized activity
RESP-00465,2026-08-10T09:29:02Z,ADMIN-WS-11,ACME\admin.jlee,collect_logs,routine review,EDR,benign_response,authorized activity
RESP-01033,2026-08-10T09:29:29Z,VULN-SCAN-01,ACME\admin.jlee,collect_logs,routine review,EDR,benign_response,authorized activity
RESP-00853,2026-08-10T09:33:09Z,WEB-EDGE-01,ACME\admin.jlee,query_process,routine review,EDR,benign_response,authorized activity
RESP-00227,2026-08-10T09:42:04Z,APP-API-02,SOC-AUTOMATION,query_process,routine review,EDR,benign_response,authorized activity
RESP-01156,2026-08-10T09:46:26Z,WEB-EDGE-01,ACME\admin.jlee,collect_logs,routine review,EDR,benign_response,authorized activity
RESP-00080,2026-08-10T09:52:17Z,ADMIN-WS-07,SOC-AUTOMATION,collect_logs,routine review,EDR,benign_response,authorized activity
RESP-00951,2026-08-10T10:02:16Z,ADMIN-WS-11,ACME\admin.rpatel,collect_logs,routine review,EDR,benign_response,authorized activity
RESP-00609,2026-08-10T10:15:42Z,DEPLOY-01,SOC-AUTOMATION,collect_logs,routine review,EDR,benign_response,authorized activity
RESP-00319,2026-08-10T10:22:50Z,WEB-EDGE-01,ACME\admin.jlee,review_alert,routine review,EDR,benign_response,authorized activity
RESP-00133,2026-08-10T10:25:43Z,ADMIN-WS-11,ACME\admin.rpatel,review_alert,routine review,EDR,benign_response,authorized activity
RESP-00012,2026-08-10T10:32:01Z,APP-API-02,SOC-AUTOMATION,review_alert,routine review,EDR,benign_response,authorized activity
RESP-00694,2026-08-10T10:36:08Z,DEPLOY-01,SOC-AUTOMATION,review_alert,routine review,EDR,benign_response,authorized activity
RESP-00872,2026-08-10T10:48:14Z,DEPLOY-01,ACME\admin.jlee,query_process,routine review,EDR,benign_response,authorized activity
RESP-01002,2026-08-10T10:56:40Z,DEPLOY-01,SOC-AUTOMATION,review_alert,routine review,EDR,benign_response,authorized activity
RESP-00678,2026-08-10T10:57:12Z,ADMIN-WS-07,ACME\admin.jlee,query_process,routine review,EDR,benign_response,authorized activity
RESP-00201,2026-08-10T10:57:52Z,DEPLOY-01,SOC-AUTOMATION,review_alert,routine review,EDR,benign_response,authorized activity
RESP-00548,2026-08-10T11:11:40Z,APP-API-02,ACME\admin.jlee,review_alert,routine review,EDR,benign_response,authorized activity
RESP-01238,2026-08-10T11:11:45Z,ADMIN-WS-11,ACME\admin.jlee,query_process,routine review,EDR,benign_response,authorized activity
RESP-01447,2026-08-10T11:13:12Z,WEB-EDGE-01,ACME\admin.jlee,review_alert,routine review,EDR,benign_response,authorized activity
RESP-00481,2026-08-10T11:21:05Z,FILE-01,ACME\admin.rpatel,query_process,routine review,EDR,benign_response,authorized activity
RESP-00739,2026-08-10T11:21:16Z,ADMIN-WS-11,SOC-AUTOMATION,review_alert,routine review,EDR,benign_response,authorized activity
RESP-00755,2026-08-10T11:33:23Z,APP-API-02,ACME\admin.jlee,query_process,routine review,EDR,benign_response,authorized activity
RESP-00178,2026-08-10T11:34:55Z,FILE-01,ACME\admin.rpatel,query_process,routine review,EDR,benign_response,authorized activity
RESP-00065,2026-08-10T11:45:37Z,ADMIN-WS-07,SOC-AUTOMATION,review_alert,routine review,EDR,benign_response,authorized activity
RESP-00849,2026-08-10T11:58:00Z,FILE-01,ACME\admin.rpatel,collect_logs,routine review,EDR,benign_response,authorized activity
RESP-00932,2026-08-10T12:05:24Z,APP-API-02,ACME\admin.rpatel,collect_logs,routine review,EDR,benign_response,authorized activity
RESP-00473,2026-08-10T12:09:52Z,WEB-EDGE-01,ACME\admin.rpatel,query_process,routine review,EDR,benign_response,authorized activity
RESP-01057,2026-08-10T12:21:29Z,FILE-01,ACME\admin.rpatel,query_process,routine review,EDR,benign_response,authorized activity
RESP-00125,2026-08-10T12:30:25Z,ADMIN-WS-07,SOC-AUTOMATION,review_alert,routine review,EDR,benign_response,authorized activity
RESP-00961,2026-08-10T12:35:49Z,VULN-SCAN-01,ACME\admin.rpatel,review_alert,routine review,EDR,benign_response,authorized activity
RESP-00351,2026-08-10T12:38:05Z,FILE-01,ACME\admin.rpatel,query_process,routine review,EDR,benign_response,authorized activity
RESP-00213,2026-08-10T12:41:03Z,FILE-01,SOC-AUTOMATION,query_process,routine review,EDR,benign_response,authorized activity
RESP-01131,2026-08-10T12:45:25Z,VULN-SCAN-01,ACME\admin.jlee,collect_logs,routine review,EDR,benign_response,authorized activity
RESP-00705,2026-08-10T12:49:07Z,APP-API-02,SOC-AUTOMATION,collect_logs,routine review,EDR,benign_response,authorized activity
RESP-00575,2026-08-10T12:55:39Z,DEPLOY-01,ACME\admin.rpatel,query_process,routine review,EDR,benign_response,authorized activity
RESP-00937,2026-08-10T13:01:43Z,DEPLOY-01,SOC-AUTOMATION,review_alert,routine review,EDR,benign_response,authorized activity
RESP-01017,2026-08-10T13:03:28Z,DEPLOY-01,ACME\admin.rpatel,query_process,routine review,EDR,benign_response,authorized activity
RESP-00506,2026-08-10T13:10:33Z,VULN-SCAN-01,ACME\admin.rpatel,review_alert,routine review,EDR,benign_response,authorized activity
RESP-00402,2026-08-10T13:30:20Z,APP-API-02,SOC-AUTOMATION,collect_logs,routine review,EDR,benign_response,authorized activity
RESP-01030,2026-08-10T13:34:03Z,DEPLOY-01,SOC-AUTOMATION,query_process,routine review,EDR,benign_response,authorized activity
RESP-01237,2026-08-10T13:35:40Z,ADMIN-WS-11,ACME\admin.rpatel,collect_logs,routine review,EDR,benign_response,authorized activity
RESP-00874,2026-08-10T13:47:23Z,FILE-01,ACME\admin.jlee,collect_logs,routine review,EDR,benign_response,authorized activity
RESP-00028,2026-08-10T13:51:07Z,WEB-EDGE-01,SOC-AUTOMATION,review_alert,routine review,EDR,benign_response,authorized activity
RESP-01177,2026-08-10T13:51:57Z,ADMIN-WS-11,ACME\admin.rpatel,review_alert,routine review,EDR,benign_response,authorized activity
RESP-00833,2026-08-10T13:57:11Z,ADMIN-WS-07,SOC-AUTOMATION,collect_logs,routine review,EDR,benign_response,authorized activity
RESP-01450,2026-08-10T13:58:04Z,FILE-01,ACME\admin.rpatel,review_alert,routine review,EDR,benign_response,authorized activity
RESP-01157,2026-08-10T13:58:26Z,APP-API-02,ACME\admin.jlee,query_process,routine review,EDR,benign_response,authorized activity
RESP-00718,2026-08-10T14:07:03Z,DEPLOY-01,SOC-AUTOMATION,review_alert,routine review,EDR,benign_response,authorized activity
RESP-00266,2026-08-10T14:13:10Z,APP-API-02,SOC-AUTOMATION,collect_logs,routine review,EDR,benign_response,authorized activity
RESP-00653,2026-08-10T14:16:23Z,VULN-SCAN-01,SOC-AUTOMATION,review_alert,routine review,EDR,benign_response,authorized activity
RESP-00820,2026-08-10T14:26:32Z,VULN-SCAN-01,SOC-AUTOMATION,collect_logs,routine review,EDR,benign_response,authorized activity
RESP-01277,2026-08-10T14:34:06Z,FILE-01,SOC-AUTOMATION,collect_logs,routine review,EDR,benign_response,authorized activity
RESP-00270,2026-08-10T14:36:31Z,WEB-EDGE-01,ACME\admin.jlee,collect_logs,routine review,EDR,benign_response,authorized activity
RESP-01061,2026-08-10T14:41:51Z,ADMIN-WS-07,SOC-AUTOMATION,query_process,routine review,EDR,benign_response,authorized activity
RESP-01168,2026-08-10T14:42:19Z,FILE-01,SOC-AUTOMATION,review_alert,routine review,EDR,benign_response,authorized activity
RESP-00494,2026-08-10T14:55:22Z,VULN-SCAN-01,SOC-AUTOMATION,collect_logs,routine review,EDR,benign_response,authorized activity
RESP-00488,2026-08-10T14:56:41Z,VULN-SCAN-01,SOC-AUTOMATION,review_alert,routine review,EDR,benign_response,authorized activity
RESP-00147,2026-08-10T14:59:05Z,VULN-SCAN-01,SOC-AUTOMATION,query_process,routine review,EDR,benign_response,authorized activity
RESP-00716,2026-08-10T15:23:56Z,ADMIN-WS-11,SOC-AUTOMATION,review_alert,routine review,EDR,benign_response,authorized activity
RESP-00480,2026-08-10T15:39:10Z,ADMIN-WS-07,ACME\admin.rpatel,review_alert,routine review,EDR,benign_response,authorized activity
RESP-00016,2026-08-10T15:42:00Z,WEB-EDGE-01,ACME\admin.jlee,collect_logs,routine review,EDR,benign_response,authorized activity
RESP-00870,2026-08-10T15:51:34Z,WEB-EDGE-01,ACME\admin.jlee,collect_logs,routine review,EDR,benign_response,authorized activity
RESP-00317,2026-08-10T15:53:54Z,VULN-SCAN-01,SOC-AUTOMATION,collect_logs,routine review,EDR,benign_response,authorized activity
RESP-00315,2026-08-10T15:58:48Z,DEPLOY-01,ACME\admin.rpatel,collect_logs,routine review,EDR,benign_response,authorized activity
RESP-00032,2026-08-10T16:09:16Z,VULN-SCAN-01,SOC-AUTOMATION,collect_logs,routine review,EDR,benign_response,authorized activity
RESP-00502,2026-08-10T16:09:18Z,ADMIN-WS-11,ACME\admin.jlee,query_process,routine review,EDR,benign_response,authorized activity
RESP-00906,2026-08-10T16:09:40Z,ADMIN-WS-07,ACME\admin.rpatel,collect_logs,routine review,EDR,benign_response,authorized activity
RESP-01329,2026-08-10T16:10:12Z,VULN-SCAN-01,SOC-AUTOMATION,collect_logs,routine review,EDR,benign_response,authorized activity
RESP-01348,2026-08-10T16:11:30Z,VULN-SCAN-01,SOC-AUTOMATION,collect_logs,routine review,EDR,benign_response,authorized activity
RESP-01275,2026-08-10T16:22:51Z,DEPLOY-01,ACME\admin.jlee,query_process,routine review,EDR,benign_response,authorized activity
RESP-01147,2026-08-10T16:35:14Z,APP-API-02,ACME\admin.rpatel,collect_logs,routine review,EDR,benign_response,authorized activity
RESP-00939,2026-08-10T16:42:39Z,VULN-SCAN-01,ACME\admin.jlee,query_process,routine review,EDR,benign_response,authorized activity
RESP-00357,2026-08-10T16:49:20Z,APP-API-02,ACME\admin.rpatel,review_alert,routine review,EDR,benign_response,authorized activity
RESP-00510,2026-08-10T17:08:27Z,WEB-EDGE-01,ACME\admin.jlee,query_process,routine review,EDR,benign_response,authorized activity
RESP-00512,2026-08-10T17:15:01Z,ADMIN-WS-11,ACME\admin.jlee,review_alert,routine review,EDR,benign_response,authorized activity
RESP-00341,2026-08-10T17:17:18Z,WEB-EDGE-01,ACME\admin.rpatel,review_alert,routine review,EDR,benign_response,authorized activity
RESP-01370,2026-08-10T17:32:38Z,FILE-01,SOC-AUTOMATION,collect_logs,routine review,EDR,benign_response,authorized activity
RESP-01213,2026-08-10T17:32:52Z,ADMIN-WS-11,ACME\admin.rpatel,collect_logs,routine review,EDR,benign_response,authorized activity
RESP-00204,2026-08-10T17:35:47Z,FILE-01,ACME\admin.rpatel,review_alert,routine review,EDR,benign_response,authorized activity
RESP-00275,2026-08-10T17:53:42Z,WEB-EDGE-01,ACME\admin.jlee,query_process,routine review,EDR,benign_response,authorized activity
RESP-01434,2026-08-10T18:16:10Z,WEB-EDGE-01,ACME\admin.jlee,review_alert,routine review,EDR,benign_response,authorized activity
RESP-01464,2026-08-10T18:20:25Z,ADMIN-WS-11,ACME\admin.jlee,review_alert,routine review,EDR,benign_response,authorized activity
RESP-01068,2026-08-10T18:20:43Z,ADMIN-WS-07,ACME\admin.jlee,review_alert,routine review,EDR,benign_response,authorized activity
RESP-01089,2026-08-10T18:30:35Z,ADMIN-WS-07,SOC-AUTOMATION,collect_logs,routine review,EDR,benign_response,authorized activity
RESP-00957,2026-08-10T18:32:53Z,ADMIN-WS-07,SOC-AUTOMATION,review_alert,routine review,EDR,benign_response,authorized activity
RESP-01054,2026-08-10T18:33:54Z,FILE-01,ACME\admin.rpatel,collect_logs,routine review,EDR,benign_response,authorized activity
RESP-01261,2026-08-10T18:42:52Z,APP-API-02,ACME\admin.rpatel,review_alert,routine review,EDR,benign_response,authorized activity
RESP-00995,2026-08-10T18:43:40Z,DEPLOY-01,SOC-AUTOMATION,query_process,routine review,EDR,benign_response,authorized activity
RESP-00704,2026-08-10T18:47:57Z,FILE-01,ACME\admin.rpatel,collect_logs,routine review,EDR,benign_response,authorized activity
RESP-00627,2026-08-10T18:57:22Z,VULN-SCAN-01,SOC-AUTOMATION,query_process,routine review,EDR,benign_response,authorized activity
RESP-00181,2026-08-10T19:06:57Z,ADMIN-WS-11,ACME\admin.jlee,collect_logs,routine review,EDR,benign_response,authorized activity
RESP-01260,2026-08-10T19:11:59Z,ADMIN-WS-07,ACME\admin.rpatel,query_process,routine review,EDR,benign_response,authorized activity
RESP-00027,2026-08-10T19:14:49Z,ADMIN-WS-07,SOC-AUTOMATION,review_alert,routine review,EDR,benign_response,authorized activity
RESP-00647,2026-08-10T20:05:13Z,FILE-01,ACME\admin.rpatel,review_alert,routine review,EDR,benign_response,authorized activity
RESP-01398,2026-08-10T20:22:38Z,ADMIN-WS-11,ACME\admin.jlee,review_alert,routine review,EDR,benign_response,authorized activity
RESP-00665,2026-08-10T20:28:38Z,FILE-01,SOC-AUTOMATION,review_alert,routine review,EDR,benign_response,authorized activity
RESP-00197,2026-08-10T20:33:34Z,FILE-01,SOC-AUTOMATION,collect_logs,routine review,EDR,benign_response,authorized activity
RESP-01345,2026-08-10T20:33:51Z,ADMIN-WS-11,ACME\admin.jlee,review_alert,routine review,EDR,benign_response,authorized activity
RESP-00674,2026-08-10T20:40:46Z,ADMIN-WS-07,SOC-AUTOMATION,review_alert,routine review,EDR,benign_response,authorized activity
RESP-01284,2026-08-10T20:41:06Z,FILE-01,ACME\admin.jlee,collect_logs,routine review,EDR,benign_response,authorized activity
RESP-00585,2026-08-10T20:43:34Z,ADMIN-WS-11,ACME\admin.jlee,query_process,routine review,EDR,benign_response,authorized activity
RESP-01268,2026-08-10T20:44:23Z,DEPLOY-01,SOC-AUTOMATION,collect_logs,routine review,EDR,benign_response,authorized activity
RESP-00638,2026-08-10T20:47:28Z,WEB-EDGE-01,SOC-AUTOMATION,query_process,routine review,EDR,benign_response,authorized activity
RESP-00342,2026-08-10T20:51:34Z,ADMIN-WS-07,SOC-AUTOMATION,review_alert,routine review,EDR,benign_response,authorized activity
RESP-00332,2026-08-10T20:51:37Z,VULN-SCAN-01,SOC-AUTOMATION,query_process,routine review,EDR,benign_response,authorized activity
RESP-00273,2026-08-10T21:01:29Z,ADMIN-WS-07,SOC-AUTOMATION,review_alert,routine review,EDR,benign_response,authorized activity
RESP-00875,2026-08-10T21:09:33Z,APP-API-02,SOC-AUTOMATION,collect_logs,routine review,EDR,benign_response,authorized activity
RESP-00606,2026-08-10T21:11:26Z,ADMIN-WS-07,ACME\admin.jlee,collect_logs,routine review,EDR,benign_response,authorized activity
RESP-00795,2026-08-10T21:12:04Z,WEB-EDGE-01,ACME\admin.jlee,query_process,routine review,EDR,benign_response,authorized activity
RESP-01286,2026-08-10T21:15:00Z,FILE-01,SOC-AUTOMATION,collect_logs,routine review,EDR,benign_response,authorized activity
RESP-01201,2026-08-10T21:26:29Z,APP-API-02,ACME\admin.jlee,review_alert,routine review,EDR,benign_response,authorized activity
RESP-00149,2026-08-10T21:43:35Z,VULN-SCAN-01,ACME\admin.jlee,collect_logs,routine review,EDR,benign_response,authorized activity
RESP-01097,2026-08-10T21:46:08Z,WEB-EDGE-01,SOC-AUTOMATION,query_process,routine review,EDR,benign_response,authorized activity
RESP-00741,2026-08-10T21:53:44Z,APP-API-02,ACME\admin.jlee,query_process,routine review,EDR,benign_response,authorized activity
RESP-00310,2026-08-10T22:10:31Z,DEPLOY-01,ACME\admin.jlee,review_alert,routine review,EDR,benign_response,authorized activity
RESP-00141,2026-08-10T22:20:45Z,FILE-01,ACME\admin.jlee,review_alert,routine review,EDR,benign_response,authorized activity
RESP-01349,2026-08-10T22:25:38Z,DEPLOY-01,SOC-AUTOMATION,collect_logs,routine review,EDR,benign_response,authorized activity
RESP-00563,2026-08-10T22:27:07Z,FILE-01,SOC-AUTOMATION,collect_logs,routine review,EDR,benign_response,authorized activity
RESP-00075,2026-08-10T22:37:05Z,DEPLOY-01,SOC-AUTOMATION,review_alert,routine review,EDR,benign_response,authorized activity
RESP-00389,2026-08-10T22:49:41Z,ADMIN-WS-07,ACME\admin.jlee,query_process,routine review,EDR,benign_response,authorized activity
RESP-01276,2026-08-10T23:09:26Z,DEPLOY-01,ACME\admin.jlee,collect_logs,routine review,EDR,benign_response,authorized activity
RESP-00873,2026-08-10T23:09:53Z,FILE-01,SOC-AUTOMATION,query_process,routine review,EDR,benign_response,authorized activity
RESP-00081,2026-08-10T23:13:40Z,VULN-SCAN-01,SOC-AUTOMATION,review_alert,routine review,EDR,benign_response,authorized activity
RESP-01085,2026-08-10T23:15:17Z,ADMIN-WS-11,SOC-AUTOMATION,collect_logs,routine review,EDR,benign_response,authorized activity
RESP-00392,2026-08-10T23:23:23Z,FILE-01,ACME\admin.rpatel,collect_logs,routine review,EDR,benign_response,authorized activity
RESP-00838,2026-08-10T23:35:07Z,ADMIN-WS-11,ACME\admin.rpatel,review_alert,routine review,EDR,benign_response,authorized activity
RESP-00308,2026-08-10T23:37:13Z,ADMIN-WS-11,SOC-AUTOMATION,query_process,routine review,EDR,benign_response,authorized activity
RESP-01381,2026-08-10T23:57:23Z,WEB-EDGE-01,SOC-AUTOMATION,query_process,routine review,EDR,benign_response,authorized activity
RESP-00018,2026-08-11T00:01:17Z,DEPLOY-01,ACME\admin.jlee,query_process,routine review,EDR,benign_response,authorized activity
RESP-00814,2026-08-11T00:02:10Z,APP-API-02,ACME\admin.jlee,query_process,routine review,EDR,benign_response,authorized activity
RESP-00292,2026-08-11T00:04:05Z,APP-API-02,ACME\admin.jlee,query_process,routine review,EDR,benign_response,authorized activity
RESP-00767,2026-08-11T00:12:21Z,FILE-01,ACME\admin.rpatel,review_alert,routine review,EDR,benign_response,authorized activity
RESP-01035,2026-08-11T00:19:24Z,ADMIN-WS-07,SOC-AUTOMATION,collect_logs,routine review,EDR,benign_response,authorized activity
RESP-00710,2026-08-11T00:32:37Z,WEB-EDGE-01,ACME\admin.jlee,query_process,routine review,EDR,benign_response,authorized activity
RESP-00969,2026-08-11T00:40:46Z,ADMIN-WS-07,SOC-AUTOMATION,review_alert,routine review,EDR,benign_response,authorized activity
RESP-00493,2026-08-11T00:46:15Z,ADMIN-WS-11,SOC-AUTOMATION,review_alert,routine review,EDR,benign_response,authorized activity
RESP-01444,2026-08-11T00:49:09Z,ADMIN-WS-11,ACME\admin.jlee,review_alert,routine review,EDR,benign_response,authorized activity
RESP-01036,2026-08-11T00:49:17Z,VULN-SCAN-01,SOC-AUTOMATION,collect_logs,routine review,EDR,benign_response,authorized activity
RESP-01383,2026-08-11T01:30:50Z,ADMIN-WS-11,ACME\admin.jlee,review_alert,routine review,EDR,benign_response,authorized activity
RESP-01100,2026-08-11T01:38:43Z,ADMIN-WS-11,SOC-AUTOMATION,review_alert,routine review,EDR,benign_response,authorized activity
RESP-01255,2026-08-11T01:54:34Z,DEPLOY-01,ACME\admin.jlee,review_alert,routine review,EDR,benign_response,authorized activity
RESP-00707,2026-08-11T01:58:20Z,ADMIN-WS-11,ACME\admin.jlee,query_process,routine review,EDR,benign_response,authorized activity
RESP-00363,2026-08-11T02:14:57Z,DEPLOY-01,SOC-AUTOMATION,review_alert,routine review,EDR,benign_response,authorized activity
RESP-01401,2026-08-11T02:23:33Z,FILE-01,ACME\admin.jlee,review_alert,routine review,EDR,benign_response,authorized activity
RESP-00636,2026-08-11T02:32:04Z,ADMIN-WS-07,ACME\admin.jlee,collect_logs,routine review,EDR,benign_response,authorized activity
RESP-00504,2026-08-11T02:49:18Z,FILE-01,SOC-AUTOMATION,collect_logs,routine review,EDR,benign_response,authorized activity
RESP-00944,2026-08-11T02:54:51Z,APP-API-02,SOC-AUTOMATION,collect_logs,routine review,EDR,benign_response,authorized activity
RESP-00579,2026-08-11T02:55:07Z,DEPLOY-01,ACME\admin.jlee,review_alert,routine review,EDR,benign_response,authorized activity
RESP-00281,2026-08-11T02:55:34Z,ADMIN-WS-07,ACME\admin.rpatel,query_process,routine review,EDR,benign_response,authorized activity
RESP-01411,2026-08-11T03:03:34Z,WEB-EDGE-01,SOC-AUTOMATION,collect_logs,routine review,EDR,benign_response,authorized activity
RESP-00134,2026-08-11T03:06:21Z,ADMIN-WS-07,ACME\admin.jlee,query_process,routine review,EDR,benign_response,authorized activity
RESP-00115,2026-08-11T03:09:11Z,FILE-01,ACME\admin.rpatel,review_alert,routine review,EDR,benign_response,authorized activity
RESP-01007,2026-08-11T03:12:59Z,WEB-EDGE-01,ACME\admin.rpatel,query_process,routine review,EDR,benign_response,authorized activity
RESP-01182,2026-08-11T03:16:00Z,DEPLOY-01,ACME\admin.jlee,review_alert,routine review,EDR,benign_response,authorized activity
RESP-01218,2026-08-11T03:16:04Z,WEB-EDGE-01,SOC-AUTOMATION,review_alert,routine review,EDR,benign_response,authorized activity
RESP-00728,2026-08-11T03:16:54Z,ADMIN-WS-11,ACME\admin.rpatel,query_process,routine review,EDR,benign_response,authorized activity
RESP-01435,2026-08-11T03:17:26Z,APP-API-02,SOC-AUTOMATION,review_alert,routine review,EDR,benign_response,authorized activity
RESP-00727,2026-08-11T03:21:26Z,FILE-01,ACME\admin.jlee,collect_logs,routine review,EDR,benign_response,authorized activity
RESP-00119,2026-08-11T03:42:47Z,VULN-SCAN-01,SOC-AUTOMATION,collect_logs,routine review,EDR,benign_response,authorized activity
RESP-00264,2026-08-11T03:54:12Z,VULN-SCAN-01,SOC-AUTOMATION,query_process,routine review,EDR,benign_response,authorized activity
RESP-01298,2026-08-11T04:00:31Z,ADMIN-WS-11,ACME\admin.rpatel,query_process,routine review,EDR,benign_response,authorized activity
RESP-00312,2026-08-11T04:15:34Z,DEPLOY-01,ACME\admin.rpatel,query_process,routine review,EDR,benign_response,authorized activity
RESP-00224,2026-08-11T04:16:37Z,DEPLOY-01,SOC-AUTOMATION,review_alert,routine review,EDR,benign_response,authorized activity
RESP-00483,2026-08-11T04:21:23Z,FILE-01,SOC-AUTOMATION,collect_logs,routine review,EDR,benign_response,authorized activity
RESP-00617,2026-08-11T04:37:25Z,VULN-SCAN-01,ACME\admin.jlee,collect_logs,routine review,EDR,benign_response,authorized activity
RESP-00856,2026-08-11T04:38:35Z,ADMIN-WS-07,SOC-AUTOMATION,review_alert,routine review,EDR,benign_response,authorized activity
RESP-00457,2026-08-11T04:55:58Z,DEPLOY-01,ACME\admin.rpatel,query_process,routine review,EDR,benign_response,authorized activity
RESP-01347,2026-08-11T04:56:44Z,DEPLOY-01,SOC-AUTOMATION,collect_logs,routine review,EDR,benign_response,authorized activity
RESP-01265,2026-08-11T05:17:21Z,VULN-SCAN-01,ACME\admin.rpatel,query_process,routine review,EDR,benign_response,authorized activity
RESP-01414,2026-08-11T05:18:35Z,APP-API-02,SOC-AUTOMATION,collect_logs,routine review,EDR,benign_response,authorized activity
RESP-01230,2026-08-11T05:32:50Z,ADMIN-WS-07,ACME\admin.jlee,review_alert,routine review,EDR,benign_response,authorized activity
RESP-00639,2026-08-11T05:33:48Z,ADMIN-WS-11,ACME\admin.rpatel,review_alert,routine review,EDR,benign_response,authorized activity
RESP-01111,2026-08-11T05:58:05Z,APP-API-02,ACME\admin.jlee,review_alert,routine review,EDR,benign_response,authorized activity
RESP-01150,2026-08-11T06:00:23Z,VULN-SCAN-01,ACME\admin.rpatel,collect_logs,routine review,EDR,benign_response,authorized activity
RESP-01048,2026-08-11T06:04:23Z,ADMIN-WS-11,ACME\admin.rpatel,collect_logs,routine review,EDR,benign_response,authorized activity
RESP-00379,2026-08-11T06:05:22Z,ADMIN-WS-11,ACME\admin.jlee,collect_logs,routine review,EDR,benign_response,authorized activity
RESP-00496,2026-08-11T06:05:40Z,APP-API-02,ACME\admin.jlee,collect_logs,routine review,EDR,benign_response,authorized activity
RESP-00525,2026-08-11T06:08:02Z,VULN-SCAN-01,ACME\admin.jlee,collect_logs,routine review,EDR,benign_response,authorized activity
RESP-01372,2026-08-11T06:10:04Z,ADMIN-WS-07,ACME\admin.rpatel,review_alert,routine review,EDR,benign_response,authorized activity
RESP-01454,2026-08-11T06:18:04Z,ADMIN-WS-07,SOC-AUTOMATION,collect_logs,routine review,EDR,benign_response,authorized activity
RESP-00711,2026-08-11T06:19:22Z,DEPLOY-01,ACME\admin.jlee,collect_logs,routine review,EDR,benign_response,authorized activity
RESP-00615,2026-08-11T06:19:26Z,VULN-SCAN-01,ACME\admin.rpatel,collect_logs,routine review,EDR,benign_response,authorized activity
RESP-00159,2026-08-11T06:24:24Z,APP-API-02,ACME\admin.jlee,collect_logs,routine review,EDR,benign_response,authorized activity
RESP-00862,2026-08-11T06:29:09Z,FILE-01,ACME\admin.rpatel,collect_logs,routine review,EDR,benign_response,authorized activity
RESP-00715,2026-08-11T06:41:49Z,FILE-01,ACME\admin.jlee,collect_logs,routine review,EDR,benign_response,authorized activity
RESP-00279,2026-08-11T06:42:05Z,WEB-EDGE-01,ACME\admin.rpatel,query_process,routine review,EDR,benign_response,authorized activity
RESP-00562,2026-08-11T06:45:06Z,ADMIN-WS-11,SOC-AUTOMATION,review_alert,routine review,EDR,benign_response,authorized activity
RESP-01206,2026-08-11T07:06:18Z,VULN-SCAN-01,ACME\admin.rpatel,collect_logs,routine review,EDR,benign_response,authorized activity
RESP-00556,2026-08-11T07:07:45Z,WEB-EDGE-01,SOC-AUTOMATION,query_process,routine review,EDR,benign_response,authorized activity
RESP-00861,2026-08-11T07:17:20Z,DEPLOY-01,ACME\admin.jlee,query_process,routine review,EDR,benign_response,authorized activity
RESP-00453,2026-08-11T07:19:14Z,VULN-SCAN-01,ACME\admin.rpatel,review_alert,routine review,EDR,benign_response,authorized activity
RESP-00731,2026-08-11T07:25:11Z,VULN-SCAN-01,ACME\admin.rpatel,query_process,routine review,EDR,benign_response,authorized activity
RESP-00368,2026-08-11T07:29:14Z,VULN-SCAN-01,ACME\admin.rpatel,collect_logs,routine review,EDR,benign_response,authorized activity
RESP-00370,2026-08-11T07:45:18Z,FILE-01,SOC-AUTOMATION,collect_logs,routine review,EDR,benign_response,authorized activity
RESP-00737,2026-08-11T07:50:08Z,ADMIN-WS-07,ACME\admin.rpatel,query_process,routine review,EDR,benign_response,authorized activity
RESP-00878,2026-08-11T07:54:38Z,VULN-SCAN-01,ACME\admin.rpatel,collect_logs,routine review,EDR,benign_response,authorized activity
RESP-01024,2026-08-11T08:19:35Z,ADMIN-WS-07,ACME\admin.rpatel,review_alert,routine review,EDR,benign_response,authorized activity
RESP-00338,2026-08-11T08:20:09Z,APP-API-02,SOC-AUTOMATION,collect_logs,routine review,EDR,benign_response,authorized activity
RESP-00819,2026-08-11T08:30:13Z,ADMIN-WS-07,SOC-AUTOMATION,review_alert,routine review,EDR,benign_response,authorized activity
RESP-00311,2026-08-11T08:42:26Z,VULN-SCAN-01,ACME\admin.jlee,query_process,routine review,EDR,benign_response,authorized activity
RESP-00839,2026-08-11T08:48:39Z,FILE-01,ACME\admin.jlee,review_alert,routine review,EDR,benign_response,authorized activity
RESP-01137,2026-08-11T08:59:53Z,ADMIN-WS-11,ACME\admin.jlee,query_process,routine review,EDR,benign_response,authorized activity
RESP-00735,2026-08-11T09:06:03Z,VULN-SCAN-01,SOC-AUTOMATION,collect_logs,routine review,EDR,benign_response,authorized activity
RESP-00289,2026-08-11T09:14:16Z,DEPLOY-01,ACME\admin.rpatel,query_process,routine review,EDR,benign_response,authorized activity
RESP-00005,2026-08-11T09:18:06Z,FILE-01,ACME\admin.rpatel,query_process,routine review,EDR,benign_response,authorized activity
RESP-01285,2026-08-11T09:24:03Z,APP-API-02,ACME\admin.jlee,review_alert,routine review,EDR,benign_response,authorized activity
RESP-01270,2026-08-11T09:31:17Z,WEB-EDGE-01,ACME\admin.rpatel,query_process,routine review,EDR,benign_response,authorized activity
RESP-01294,2026-08-11T09:38:11Z,ADMIN-WS-07,SOC-AUTOMATION,review_alert,routine review,EDR,benign_response,authorized activity
RESP-01288,2026-08-11T09:41:01Z,APP-API-02,ACME\admin.jlee,query_process,routine review,EDR,benign_response,authorized activity
RESP-01165,2026-08-11T09:51:03Z,DEPLOY-01,ACME\admin.jlee,collect_logs,routine review,EDR,benign_response,authorized activity
RESP-00668,2026-08-11T09:55:41Z,DEPLOY-01,SOC-AUTOMATION,review_alert,routine review,EDR,benign_response,authorized activity
RESP-01128,2026-08-11T10:02:04Z,FILE-01,ACME\admin.jlee,query_process,routine review,EDR,benign_response,authorized activity
RESP-01305,2026-08-11T10:09:48Z,WEB-EDGE-01,ACME\admin.rpatel,query_process,routine review,EDR,benign_response,authorized activity
RESP-00783,2026-08-11T10:10:08Z,ADMIN-WS-07,ACME\admin.jlee,query_process,routine review,EDR,benign_response,authorized activity
RESP-01200,2026-08-11T10:15:57Z,VULN-SCAN-01,ACME\admin.rpatel,review_alert,routine review,EDR,benign_response,authorized activity
RESP-01112,2026-08-11T10:35:10Z,FILE-01,SOC-AUTOMATION,review_alert,routine review,EDR,benign_response,authorized activity
RESP-01115,2026-08-11T10:43:37Z,WEB-EDGE-01,ACME\admin.rpatel,collect_logs,routine review,EDR,benign_response,authorized activity
RESP-00935,2026-08-11T10:44:26Z,APP-API-02,SOC-AUTOMATION,query_process,routine review,EDR,benign_response,authorized activity
RESP-00400,2026-08-11T10:49:18Z,FILE-01,SOC-AUTOMATION,collect_logs,routine review,EDR,benign_response,authorized activity
RESP-01197,2026-08-11T10:58:32Z,APP-API-02,ACME\admin.rpatel,collect_logs,routine review,EDR,benign_response,authorized activity
RESP-00168,2026-08-11T11:05:43Z,ADMIN-WS-11,SOC-AUTOMATION,query_process,routine review,EDR,benign_response,authorized activity
RESP-01194,2026-08-11T11:10:36Z,APP-API-02,ACME\admin.rpatel,review_alert,routine review,EDR,benign_response,authorized activity
RESP-01229,2026-08-11T11:26:48Z,WEB-EDGE-01,ACME\admin.jlee,review_alert,routine review,EDR,benign_response,authorized activity
RESP-00925,2026-08-11T11:44:01Z,ADMIN-WS-11,SOC-AUTOMATION,review_alert,routine review,EDR,benign_response,authorized activity
