event_id,_time,host,user,task_name,task_command,schedule,action,source_process,source_process_id,classification,note
TASK-00992,2026-08-04T12:00:43Z,DEPLOY-01,NT AUTHORITY\SYSTEM,UpdateCheck,powershell.exe -File C:\Ops\Rotate-Logs.ps1,daily,registered,taskeng.exe,11966,benign,approved scheduled task
TASK-00792,2026-08-04T12:26:14Z,APP-API-02,NT AUTHORITY\SYSTEM,UpdateCheck,backup-agent.exe --inventory,daily,registered,taskeng.exe,8996,benign,approved scheduled task
TASK-00912,2026-08-04T12:54:54Z,ADMIN-WS-11,NT AUTHORITY\SYSTEM,BackupInventory,updater.exe /check,daily,registered,taskeng.exe,8345,benign,approved scheduled task
TASK-01027,2026-08-04T13:02:29Z,FILE-01,NT AUTHORITY\SYSTEM,UpdateCheck,updater.exe /check,daily,registered,taskeng.exe,11747,benign,approved scheduled task
TASK-00040,2026-08-04T13:08:33Z,APP-API-02,NT AUTHORITY\SYSTEM,WebLogRotation,updater.exe /check,daily,registered,taskeng.exe,8626,benign,approved scheduled task
TASK-00359,2026-08-04T13:09:19Z,ADMIN-WS-07,NT AUTHORITY\SYSTEM,UpdateCheck,backup-agent.exe --inventory,daily,run,taskeng.exe,13758,benign,approved scheduled task
TASK-01155,2026-08-04T13:13:56Z,FILE-01,NT AUTHORITY\SYSTEM,WebLogRotation,powershell.exe -File C:\Ops\Rotate-Logs.ps1,daily,run,taskeng.exe,1746,benign,approved scheduled task
TASK-00655,2026-08-04T13:15:27Z,WEB-EDGE-01,NT AUTHORITY\SYSTEM,UpdateCheck,powershell.exe -File C:\Ops\Rotate-Logs.ps1,daily,run,taskeng.exe,12602,benign,approved scheduled task
TASK-01412,2026-08-04T13:31:52Z,APP-API-02,NT AUTHORITY\SYSTEM,UpdateCheck,updater.exe /check,daily,registered,taskeng.exe,7699,benign,approved scheduled task
TASK-01042,2026-08-04T13:44:39Z,DEPLOY-01,NT AUTHORITY\SYSTEM,WebLogRotation,powershell.exe -File C:\Ops\Rotate-Logs.ps1,daily,run,taskeng.exe,7391,benign,approved scheduled task
TASK-00851,2026-08-04T13:51:54Z,APP-API-02,NT AUTHORITY\SYSTEM,UpdateCheck,powershell.exe -File C:\Ops\Rotate-Logs.ps1,daily,run,taskeng.exe,11722,benign,approved scheduled task
TASK-00626,2026-08-04T13:53:24Z,FILE-01,NT AUTHORITY\SYSTEM,UpdateCheck,updater.exe /check,daily,registered,taskeng.exe,10814,benign,approved scheduled task
TASK-00417,2026-08-04T14:05:14Z,VULN-SCAN-01,NT AUTHORITY\SYSTEM,UpdateCheck,powershell.exe -File C:\Ops\Rotate-Logs.ps1,daily,registered,taskeng.exe,7546,benign,approved scheduled task
TASK-01305,2026-08-04T14:15:42Z,DEPLOY-01,NT AUTHORITY\SYSTEM,WebLogRotation,backup-agent.exe --inventory,daily,registered,taskeng.exe,13374,benign,approved scheduled task
TASK-00893,2026-08-04T14:23:26Z,WEB-EDGE-01,NT AUTHORITY\SYSTEM,UpdateCheck,backup-agent.exe --inventory,daily,registered,taskeng.exe,9739,benign,approved scheduled task
TASK-01367,2026-08-04T14:31:24Z,VULN-SCAN-01,NT AUTHORITY\SYSTEM,WebLogRotation,updater.exe /check,daily,registered,taskeng.exe,9175,benign,approved scheduled task
TASK-00284,2026-08-04T14:35:02Z,DEPLOY-01,NT AUTHORITY\SYSTEM,BackupInventory,updater.exe /check,daily,registered,taskeng.exe,3355,benign,approved scheduled task
TASK-00023,2026-08-04T14:38:34Z,WEB-EDGE-01,NT AUTHORITY\SYSTEM,BackupInventory,backup-agent.exe --inventory,daily,run,taskeng.exe,9859,benign,approved scheduled task
TASK-01405,2026-08-04T14:42:32Z,VULN-SCAN-01,NT AUTHORITY\SYSTEM,WebLogRotation,powershell.exe -File C:\Ops\Rotate-Logs.ps1,daily,run,taskeng.exe,2482,benign,approved scheduled task
TASK-01116,2026-08-04T14:44:00Z,ADMIN-WS-07,NT AUTHORITY\SYSTEM,UpdateCheck,powershell.exe -File C:\Ops\Rotate-Logs.ps1,daily,registered,taskeng.exe,6087,benign,approved scheduled task
TASK-00192,2026-08-04T14:44:05Z,DEPLOY-01,NT AUTHORITY\SYSTEM,BackupInventory,backup-agent.exe --inventory,daily,registered,taskeng.exe,14108,benign,approved scheduled task
TASK-00205,2026-08-04T14:53:05Z,FILE-01,NT AUTHORITY\SYSTEM,BackupInventory,powershell.exe -File C:\Ops\Rotate-Logs.ps1,daily,registered,taskeng.exe,11020,benign,approved scheduled task
TASK-01235,2026-08-04T14:58:23Z,APP-API-02,NT AUTHORITY\SYSTEM,BackupInventory,updater.exe /check,daily,run,taskeng.exe,9624,benign,approved scheduled task
TASK-01302,2026-08-04T15:00:54Z,VULN-SCAN-01,NT AUTHORITY\SYSTEM,WebLogRotation,backup-agent.exe --inventory,daily,run,taskeng.exe,8148,benign,approved scheduled task
TASK-01321,2026-08-04T15:01:15Z,VULN-SCAN-01,NT AUTHORITY\SYSTEM,UpdateCheck,powershell.exe -File C:\Ops\Rotate-Logs.ps1,daily,registered,taskeng.exe,14316,benign,approved scheduled task
TASK-01397,2026-08-04T15:05:16Z,APP-API-02,NT AUTHORITY\SYSTEM,UpdateCheck,powershell.exe -File C:\Ops\Rotate-Logs.ps1,daily,registered,taskeng.exe,2331,benign,approved scheduled task
TASK-01101,2026-08-04T15:08:16Z,FILE-01,NT AUTHORITY\SYSTEM,UpdateCheck,updater.exe /check,daily,run,taskeng.exe,10567,benign,approved scheduled task
TASK-01307,2026-08-04T15:20:21Z,VULN-SCAN-01,NT AUTHORITY\SYSTEM,WebLogRotation,backup-agent.exe --inventory,daily,registered,taskeng.exe,6345,benign,approved scheduled task
TASK-INC-001,2026-08-04T15:20:22Z,ADMIN-WS-07,ACME\admin.jlee,TelemetryCacheSync,"rundll32.exe C:\ProgramData\TelemetryCache\telemetry.dll,Start",hourly,create,powershell.exe,8570,malicious,Attacker persistence
TASK-00339,2026-08-04T15:22:13Z,APP-API-02,NT AUTHORITY\SYSTEM,UpdateCheck,powershell.exe -File C:\Ops\Rotate-Logs.ps1,daily,registered,taskeng.exe,5118,benign,approved scheduled task
TASK-00742,2026-08-04T15:25:31Z,DEPLOY-01,NT AUTHORITY\SYSTEM,BackupInventory,updater.exe /check,daily,registered,taskeng.exe,6329,benign,approved scheduled task
TASK-00511,2026-08-04T15:26:57Z,APP-API-02,NT AUTHORITY\SYSTEM,BackupInventory,updater.exe /check,daily,registered,taskeng.exe,3563,benign,approved scheduled task
TASK-00996,2026-08-04T15:31:07Z,APP-API-02,NT AUTHORITY\SYSTEM,WebLogRotation,updater.exe /check,daily,run,taskeng.exe,14321,benign,approved scheduled task
TASK-00774,2026-08-04T15:38:27Z,APP-API-02,NT AUTHORITY\SYSTEM,BackupInventory,powershell.exe -File C:\Ops\Rotate-Logs.ps1,daily,run,taskeng.exe,9131,benign,approved scheduled task
TASK-00018,2026-08-04T15:41:07Z,VULN-SCAN-01,NT AUTHORITY\SYSTEM,UpdateCheck,backup-agent.exe --inventory,daily,run,taskeng.exe,2885,benign,approved scheduled task
TASK-00830,2026-08-04T15:42:21Z,VULN-SCAN-01,NT AUTHORITY\SYSTEM,UpdateCheck,powershell.exe -File C:\Ops\Rotate-Logs.ps1,daily,registered,taskeng.exe,14116,benign,approved scheduled task
TASK-00245,2026-08-04T16:05:08Z,FILE-01,NT AUTHORITY\SYSTEM,UpdateCheck,backup-agent.exe --inventory,daily,run,taskeng.exe,14659,benign,approved scheduled task
TASK-01225,2026-08-04T16:11:54Z,ADMIN-WS-11,NT AUTHORITY\SYSTEM,UpdateCheck,updater.exe /check,daily,run,taskeng.exe,8791,benign,approved scheduled task
TASK-01188,2026-08-04T16:16:43Z,FILE-01,NT AUTHORITY\SYSTEM,WebLogRotation,powershell.exe -File C:\Ops\Rotate-Logs.ps1,daily,registered,taskeng.exe,5578,benign,approved scheduled task
TASK-01241,2026-08-04T16:20:32Z,ADMIN-WS-11,NT AUTHORITY\SYSTEM,UpdateCheck,updater.exe /check,daily,run,taskeng.exe,5929,benign,approved scheduled task
TASK-00878,2026-08-04T16:30:15Z,DEPLOY-01,NT AUTHORITY\SYSTEM,UpdateCheck,backup-agent.exe --inventory,daily,run,taskeng.exe,6626,benign,approved scheduled task
TASK-00389,2026-08-04T16:41:08Z,ADMIN-WS-07,NT AUTHORITY\SYSTEM,WebLogRotation,updater.exe /check,daily,registered,taskeng.exe,14932,benign,approved scheduled task
TASK-00581,2026-08-04T16:41:44Z,DEPLOY-01,NT AUTHORITY\SYSTEM,WebLogRotation,backup-agent.exe --inventory,daily,run,taskeng.exe,11697,benign,approved scheduled task
TASK-00716,2026-08-04T16:42:26Z,FILE-01,NT AUTHORITY\SYSTEM,BackupInventory,updater.exe /check,daily,registered,taskeng.exe,2658,benign,approved scheduled task
TASK-00575,2026-08-04T16:56:02Z,ADMIN-WS-07,NT AUTHORITY\SYSTEM,BackupInventory,backup-agent.exe --inventory,daily,registered,taskeng.exe,2842,benign,approved scheduled task
TASK-00505,2026-08-04T17:06:48Z,APP-API-02,NT AUTHORITY\SYSTEM,BackupInventory,powershell.exe -File C:\Ops\Rotate-Logs.ps1,daily,registered,taskeng.exe,14031,benign,approved scheduled task
TASK-01345,2026-08-04T17:34:23Z,APP-API-02,NT AUTHORITY\SYSTEM,UpdateCheck,backup-agent.exe --inventory,daily,run,taskeng.exe,4584,benign,approved scheduled task
TASK-00572,2026-08-04T17:37:37Z,WEB-EDGE-01,NT AUTHORITY\SYSTEM,BackupInventory,backup-agent.exe --inventory,daily,run,taskeng.exe,5655,benign,approved scheduled task
TASK-01072,2026-08-04T17:40:05Z,WEB-EDGE-01,NT AUTHORITY\SYSTEM,UpdateCheck,updater.exe /check,daily,run,taskeng.exe,6167,benign,approved scheduled task
TASK-00812,2026-08-04T17:42:25Z,DEPLOY-01,NT AUTHORITY\SYSTEM,BackupInventory,updater.exe /check,daily,registered,taskeng.exe,3058,benign,approved scheduled task
TASK-00200,2026-08-04T17:45:50Z,ADMIN-WS-07,NT AUTHORITY\SYSTEM,UpdateCheck,backup-agent.exe --inventory,daily,registered,taskeng.exe,4302,benign,approved scheduled task
TASK-00827,2026-08-04T17:47:34Z,ADMIN-WS-07,NT AUTHORITY\SYSTEM,BackupInventory,updater.exe /check,daily,registered,taskeng.exe,13684,benign,approved scheduled task
TASK-00985,2026-08-04T17:53:35Z,VULN-SCAN-01,NT AUTHORITY\SYSTEM,UpdateCheck,backup-agent.exe --inventory,daily,registered,taskeng.exe,10503,benign,approved scheduled task
TASK-00654,2026-08-04T18:00:19Z,VULN-SCAN-01,NT AUTHORITY\SYSTEM,BackupInventory,updater.exe /check,daily,registered,taskeng.exe,6336,benign,approved scheduled task
TASK-00730,2026-08-04T18:11:56Z,FILE-01,NT AUTHORITY\SYSTEM,UpdateCheck,backup-agent.exe --inventory,daily,registered,taskeng.exe,10177,benign,approved scheduled task
TASK-00897,2026-08-04T18:20:06Z,DEPLOY-01,NT AUTHORITY\SYSTEM,WebLogRotation,powershell.exe -File C:\Ops\Rotate-Logs.ps1,daily,registered,taskeng.exe,9326,benign,approved scheduled task
TASK-00310,2026-08-04T18:20:27Z,VULN-SCAN-01,NT AUTHORITY\SYSTEM,UpdateCheck,updater.exe /check,daily,registered,taskeng.exe,8324,benign,approved scheduled task
TASK-01474,2026-08-04T18:23:43Z,ADMIN-WS-07,NT AUTHORITY\SYSTEM,BackupInventory,powershell.exe -File C:\Ops\Rotate-Logs.ps1,daily,run,taskeng.exe,6972,benign,approved scheduled task
TASK-00778,2026-08-04T18:32:39Z,ADMIN-WS-07,NT AUTHORITY\SYSTEM,BackupInventory,powershell.exe -File C:\Ops\Rotate-Logs.ps1,daily,run,taskeng.exe,12015,benign,approved scheduled task
TASK-00280,2026-08-04T18:35:56Z,ADMIN-WS-07,NT AUTHORITY\SYSTEM,WebLogRotation,powershell.exe -File C:\Ops\Rotate-Logs.ps1,daily,run,taskeng.exe,14166,benign,approved scheduled task
TASK-00144,2026-08-04T18:41:17Z,ADMIN-WS-11,NT AUTHORITY\SYSTEM,UpdateCheck,updater.exe /check,daily,run,taskeng.exe,8574,benign,approved scheduled task
TASK-00293,2026-08-04T18:52:18Z,DEPLOY-01,NT AUTHORITY\SYSTEM,UpdateCheck,updater.exe /check,daily,run,taskeng.exe,13618,benign,approved scheduled task
TASK-00567,2026-08-04T19:32:15Z,WEB-EDGE-01,NT AUTHORITY\SYSTEM,UpdateCheck,backup-agent.exe --inventory,daily,registered,taskeng.exe,6623,benign,approved scheduled task
TASK-01237,2026-08-04T19:55:12Z,FILE-01,NT AUTHORITY\SYSTEM,UpdateCheck,powershell.exe -File C:\Ops\Rotate-Logs.ps1,daily,run,taskeng.exe,14177,benign,approved scheduled task
TASK-00250,2026-08-04T19:57:18Z,DEPLOY-01,NT AUTHORITY\SYSTEM,WebLogRotation,powershell.exe -File C:\Ops\Rotate-Logs.ps1,daily,run,taskeng.exe,2539,benign,approved scheduled task
TASK-01257,2026-08-04T19:58:24Z,ADMIN-WS-11,NT AUTHORITY\SYSTEM,WebLogRotation,updater.exe /check,daily,run,taskeng.exe,10125,benign,approved scheduled task
TASK-00027,2026-08-04T19:59:06Z,APP-API-02,NT AUTHORITY\SYSTEM,BackupInventory,updater.exe /check,daily,run,taskeng.exe,10647,benign,approved scheduled task
TASK-00546,2026-08-04T20:02:27Z,ADMIN-WS-07,NT AUTHORITY\SYSTEM,BackupInventory,backup-agent.exe --inventory,daily,run,taskeng.exe,1533,benign,approved scheduled task
TASK-00762,2026-08-04T20:03:00Z,ADMIN-WS-07,NT AUTHORITY\SYSTEM,BackupInventory,backup-agent.exe --inventory,daily,run,taskeng.exe,1896,benign,approved scheduled task
TASK-01313,2026-08-04T20:06:10Z,WEB-EDGE-01,NT AUTHORITY\SYSTEM,UpdateCheck,updater.exe /check,daily,registered,taskeng.exe,4240,benign,approved scheduled task
TASK-00338,2026-08-04T20:08:33Z,DEPLOY-01,NT AUTHORITY\SYSTEM,BackupInventory,powershell.exe -File C:\Ops\Rotate-Logs.ps1,daily,registered,taskeng.exe,14514,benign,approved scheduled task
TASK-00763,2026-08-04T20:29:41Z,ADMIN-WS-11,NT AUTHORITY\SYSTEM,BackupInventory,backup-agent.exe --inventory,daily,registered,taskeng.exe,1431,benign,approved scheduled task
TASK-00276,2026-08-04T20:39:08Z,FILE-01,NT AUTHORITY\SYSTEM,BackupInventory,powershell.exe -File C:\Ops\Rotate-Logs.ps1,daily,run,taskeng.exe,11264,benign,approved scheduled task
TASK-00327,2026-08-04T20:52:53Z,ADMIN-WS-07,NT AUTHORITY\SYSTEM,WebLogRotation,powershell.exe -File C:\Ops\Rotate-Logs.ps1,daily,run,taskeng.exe,12643,benign,approved scheduled task
TASK-01289,2026-08-04T20:56:38Z,ADMIN-WS-11,NT AUTHORITY\SYSTEM,BackupInventory,updater.exe /check,daily,registered,taskeng.exe,8365,benign,approved scheduled task
TASK-00510,2026-08-04T21:03:01Z,WEB-EDGE-01,NT AUTHORITY\SYSTEM,BackupInventory,backup-agent.exe --inventory,daily,run,taskeng.exe,7691,benign,approved scheduled task
TASK-00057,2026-08-04T21:08:46Z,APP-API-02,NT AUTHORITY\SYSTEM,BackupInventory,updater.exe /check,daily,registered,taskeng.exe,14795,benign,approved scheduled task
TASK-01161,2026-08-04T21:34:11Z,WEB-EDGE-01,NT AUTHORITY\SYSTEM,BackupInventory,updater.exe /check,daily,run,taskeng.exe,5876,benign,approved scheduled task
TASK-01396,2026-08-04T21:42:22Z,FILE-01,NT AUTHORITY\SYSTEM,BackupInventory,updater.exe /check,daily,run,taskeng.exe,14770,benign,approved scheduled task
TASK-00892,2026-08-04T21:43:37Z,VULN-SCAN-01,NT AUTHORITY\SYSTEM,WebLogRotation,powershell.exe -File C:\Ops\Rotate-Logs.ps1,daily,run,taskeng.exe,12963,benign,approved scheduled task
TASK-00894,2026-08-04T21:45:56Z,FILE-01,NT AUTHORITY\SYSTEM,WebLogRotation,backup-agent.exe --inventory,daily,run,taskeng.exe,8827,benign,approved scheduled task
TASK-00764,2026-08-04T21:52:34Z,WEB-EDGE-01,NT AUTHORITY\SYSTEM,BackupInventory,powershell.exe -File C:\Ops\Rotate-Logs.ps1,daily,registered,taskeng.exe,12361,benign,approved scheduled task
TASK-00790,2026-08-04T21:53:36Z,ADMIN-WS-07,NT AUTHORITY\SYSTEM,WebLogRotation,updater.exe /check,daily,registered,taskeng.exe,14321,benign,approved scheduled task
TASK-01069,2026-08-04T21:58:54Z,ADMIN-WS-07,NT AUTHORITY\SYSTEM,UpdateCheck,updater.exe /check,daily,registered,taskeng.exe,2694,benign,approved scheduled task
TASK-00376,2026-08-04T22:15:50Z,WEB-EDGE-01,NT AUTHORITY\SYSTEM,UpdateCheck,backup-agent.exe --inventory,daily,run,taskeng.exe,12718,benign,approved scheduled task
TASK-01370,2026-08-04T22:18:27Z,FILE-01,NT AUTHORITY\SYSTEM,WebLogRotation,updater.exe /check,daily,run,taskeng.exe,14095,benign,approved scheduled task
TASK-01120,2026-08-04T22:20:34Z,DEPLOY-01,NT AUTHORITY\SYSTEM,UpdateCheck,powershell.exe -File C:\Ops\Rotate-Logs.ps1,daily,run,taskeng.exe,5732,benign,approved scheduled task
TASK-01051,2026-08-04T22:31:02Z,VULN-SCAN-01,NT AUTHORITY\SYSTEM,UpdateCheck,updater.exe /check,daily,registered,taskeng.exe,14469,benign,approved scheduled task
TASK-00438,2026-08-04T22:43:50Z,VULN-SCAN-01,NT AUTHORITY\SYSTEM,WebLogRotation,powershell.exe -File C:\Ops\Rotate-Logs.ps1,daily,registered,taskeng.exe,4716,benign,approved scheduled task
TASK-01306,2026-08-04T22:43:52Z,DEPLOY-01,NT AUTHORITY\SYSTEM,WebLogRotation,updater.exe /check,daily,run,taskeng.exe,6260,benign,approved scheduled task
TASK-00771,2026-08-04T22:51:17Z,VULN-SCAN-01,NT AUTHORITY\SYSTEM,BackupInventory,updater.exe /check,daily,registered,taskeng.exe,6569,benign,approved scheduled task
TASK-00244,2026-08-04T23:02:18Z,DEPLOY-01,NT AUTHORITY\SYSTEM,UpdateCheck,updater.exe /check,daily,run,taskeng.exe,5268,benign,approved scheduled task
TASK-01362,2026-08-04T23:04:49Z,VULN-SCAN-01,NT AUTHORITY\SYSTEM,BackupInventory,powershell.exe -File C:\Ops\Rotate-Logs.ps1,daily,run,taskeng.exe,10499,benign,approved scheduled task
TASK-01191,2026-08-04T23:10:13Z,WEB-EDGE-01,NT AUTHORITY\SYSTEM,WebLogRotation,powershell.exe -File C:\Ops\Rotate-Logs.ps1,daily,registered,taskeng.exe,11918,benign,approved scheduled task
TASK-00357,2026-08-04T23:15:25Z,VULN-SCAN-01,NT AUTHORITY\SYSTEM,BackupInventory,backup-agent.exe --inventory,daily,registered,taskeng.exe,9404,benign,approved scheduled task
TASK-00911,2026-08-04T23:21:30Z,ADMIN-WS-11,NT AUTHORITY\SYSTEM,UpdateCheck,updater.exe /check,daily,registered,taskeng.exe,10473,benign,approved scheduled task
TASK-00274,2026-08-04T23:22:30Z,VULN-SCAN-01,NT AUTHORITY\SYSTEM,BackupInventory,backup-agent.exe --inventory,daily,run,taskeng.exe,5646,benign,approved scheduled task
TASK-01008,2026-08-04T23:30:15Z,APP-API-02,NT AUTHORITY\SYSTEM,WebLogRotation,updater.exe /check,daily,registered,taskeng.exe,11958,benign,approved scheduled task
TASK-00559,2026-08-04T23:30:41Z,WEB-EDGE-01,NT AUTHORITY\SYSTEM,WebLogRotation,backup-agent.exe --inventory,daily,registered,taskeng.exe,10484,benign,approved scheduled task
TASK-01233,2026-08-04T23:32:00Z,DEPLOY-01,NT AUTHORITY\SYSTEM,UpdateCheck,updater.exe /check,daily,run,taskeng.exe,13142,benign,approved scheduled task
TASK-01404,2026-08-04T23:32:17Z,FILE-01,NT AUTHORITY\SYSTEM,BackupInventory,updater.exe /check,daily,run,taskeng.exe,3019,benign,approved scheduled task
TASK-01406,2026-08-04T23:34:21Z,WEB-EDGE-01,NT AUTHORITY\SYSTEM,UpdateCheck,powershell.exe -File C:\Ops\Rotate-Logs.ps1,daily,registered,taskeng.exe,7512,benign,approved scheduled task
TASK-00699,2026-08-04T23:36:00Z,WEB-EDGE-01,NT AUTHORITY\SYSTEM,WebLogRotation,backup-agent.exe --inventory,daily,run,taskeng.exe,3759,benign,approved scheduled task
TASK-01153,2026-08-04T23:48:02Z,ADMIN-WS-11,NT AUTHORITY\SYSTEM,UpdateCheck,powershell.exe -File C:\Ops\Rotate-Logs.ps1,daily,registered,taskeng.exe,1948,benign,approved scheduled task
TASK-01180,2026-08-04T23:55:40Z,ADMIN-WS-07,NT AUTHORITY\SYSTEM,BackupInventory,backup-agent.exe --inventory,daily,registered,taskeng.exe,7807,benign,approved scheduled task
TASK-00230,2026-08-04T23:57:45Z,APP-API-02,NT AUTHORITY\SYSTEM,UpdateCheck,updater.exe /check,daily,registered,taskeng.exe,8431,benign,approved scheduled task
TASK-00536,2026-08-05T00:10:00Z,DEPLOY-01,NT AUTHORITY\SYSTEM,UpdateCheck,backup-agent.exe --inventory,daily,registered,taskeng.exe,10298,benign,approved scheduled task
TASK-01192,2026-08-05T00:11:36Z,DEPLOY-01,NT AUTHORITY\SYSTEM,BackupInventory,backup-agent.exe --inventory,daily,run,taskeng.exe,11161,benign,approved scheduled task
TASK-00804,2026-08-05T00:18:05Z,VULN-SCAN-01,NT AUTHORITY\SYSTEM,UpdateCheck,updater.exe /check,daily,registered,taskeng.exe,1600,benign,approved scheduled task
TASK-01123,2026-08-05T00:18:09Z,FILE-01,NT AUTHORITY\SYSTEM,WebLogRotation,updater.exe /check,daily,registered,taskeng.exe,7963,benign,approved scheduled task
TASK-00554,2026-08-05T00:21:41Z,ADMIN-WS-07,NT AUTHORITY\SYSTEM,WebLogRotation,powershell.exe -File C:\Ops\Rotate-Logs.ps1,daily,run,taskeng.exe,13831,benign,approved scheduled task
TASK-00639,2026-08-05T00:37:08Z,ADMIN-WS-11,NT AUTHORITY\SYSTEM,UpdateCheck,backup-agent.exe --inventory,daily,registered,taskeng.exe,9564,benign,approved scheduled task
TASK-01413,2026-08-05T00:59:07Z,ADMIN-WS-07,NT AUTHORITY\SYSTEM,BackupInventory,updater.exe /check,daily,run,taskeng.exe,1754,benign,approved scheduled task
TASK-00412,2026-08-05T01:09:25Z,ADMIN-WS-07,NT AUTHORITY\SYSTEM,WebLogRotation,backup-agent.exe --inventory,daily,run,taskeng.exe,1810,benign,approved scheduled task
TASK-01267,2026-08-05T01:13:51Z,WEB-EDGE-01,NT AUTHORITY\SYSTEM,UpdateCheck,backup-agent.exe --inventory,daily,registered,taskeng.exe,13035,benign,approved scheduled task
TASK-01365,2026-08-05T01:26:31Z,ADMIN-WS-07,NT AUTHORITY\SYSTEM,UpdateCheck,updater.exe /check,daily,registered,taskeng.exe,11463,benign,approved scheduled task
TASK-01264,2026-08-05T01:29:59Z,FILE-01,NT AUTHORITY\SYSTEM,UpdateCheck,backup-agent.exe --inventory,daily,run,taskeng.exe,2769,benign,approved scheduled task
TASK-01164,2026-08-05T01:30:16Z,VULN-SCAN-01,NT AUTHORITY\SYSTEM,UpdateCheck,backup-agent.exe --inventory,daily,run,taskeng.exe,4489,benign,approved scheduled task
TASK-00064,2026-08-05T01:31:25Z,VULN-SCAN-01,NT AUTHORITY\SYSTEM,WebLogRotation,powershell.exe -File C:\Ops\Rotate-Logs.ps1,daily,registered,taskeng.exe,1630,benign,approved scheduled task
TASK-01145,2026-08-05T01:43:56Z,WEB-EDGE-01,NT AUTHORITY\SYSTEM,UpdateCheck,updater.exe /check,daily,registered,taskeng.exe,5897,benign,approved scheduled task
TASK-00786,2026-08-05T02:07:14Z,APP-API-02,NT AUTHORITY\SYSTEM,BackupInventory,updater.exe /check,daily,run,taskeng.exe,9752,benign,approved scheduled task
TASK-01071,2026-08-05T02:08:30Z,ADMIN-WS-07,NT AUTHORITY\SYSTEM,BackupInventory,powershell.exe -File C:\Ops\Rotate-Logs.ps1,daily,registered,taskeng.exe,5945,benign,approved scheduled task
TASK-01149,2026-08-05T02:10:03Z,DEPLOY-01,NT AUTHORITY\SYSTEM,UpdateCheck,updater.exe /check,daily,run,taskeng.exe,9558,benign,approved scheduled task
TASK-01047,2026-08-05T02:28:20Z,ADMIN-WS-11,NT AUTHORITY\SYSTEM,BackupInventory,updater.exe /check,daily,run,taskeng.exe,1345,benign,approved scheduled task
TASK-01045,2026-08-05T02:46:49Z,VULN-SCAN-01,NT AUTHORITY\SYSTEM,BackupInventory,backup-agent.exe --inventory,daily,registered,taskeng.exe,9831,benign,approved scheduled task
TASK-00153,2026-08-05T02:49:32Z,FILE-01,NT AUTHORITY\SYSTEM,UpdateCheck,backup-agent.exe --inventory,daily,registered,taskeng.exe,5048,benign,approved scheduled task
TASK-01113,2026-08-05T02:55:07Z,FILE-01,NT AUTHORITY\SYSTEM,BackupInventory,powershell.exe -File C:\Ops\Rotate-Logs.ps1,daily,registered,taskeng.exe,10258,benign,approved scheduled task
TASK-00765,2026-08-05T02:59:03Z,ADMIN-WS-07,NT AUTHORITY\SYSTEM,BackupInventory,updater.exe /check,daily,run,taskeng.exe,3120,benign,approved scheduled task
TASK-00871,2026-08-05T03:02:26Z,APP-API-02,NT AUTHORITY\SYSTEM,WebLogRotation,updater.exe /check,daily,run,taskeng.exe,10089,benign,approved scheduled task
TASK-00030,2026-08-05T03:08:45Z,APP-API-02,NT AUTHORITY\SYSTEM,WebLogRotation,updater.exe /check,daily,run,taskeng.exe,1555,benign,approved scheduled task
TASK-00472,2026-08-05T03:35:20Z,FILE-01,NT AUTHORITY\SYSTEM,WebLogRotation,updater.exe /check,daily,run,taskeng.exe,13534,benign,approved scheduled task
TASK-00636,2026-08-05T03:38:17Z,FILE-01,NT AUTHORITY\SYSTEM,BackupInventory,backup-agent.exe --inventory,daily,registered,taskeng.exe,5094,benign,approved scheduled task
TASK-00402,2026-08-05T03:47:11Z,DEPLOY-01,NT AUTHORITY\SYSTEM,UpdateCheck,powershell.exe -File C:\Ops\Rotate-Logs.ps1,daily,registered,taskeng.exe,1314,benign,approved scheduled task
TASK-01103,2026-08-05T03:48:36Z,ADMIN-WS-11,NT AUTHORITY\SYSTEM,WebLogRotation,backup-agent.exe --inventory,daily,registered,taskeng.exe,8719,benign,approved scheduled task
TASK-00768,2026-08-05T03:52:04Z,DEPLOY-01,NT AUTHORITY\SYSTEM,UpdateCheck,powershell.exe -File C:\Ops\Rotate-Logs.ps1,daily,registered,taskeng.exe,4857,benign,approved scheduled task
TASK-00164,2026-08-05T03:55:55Z,DEPLOY-01,NT AUTHORITY\SYSTEM,UpdateCheck,powershell.exe -File C:\Ops\Rotate-Logs.ps1,daily,registered,taskeng.exe,10747,benign,approved scheduled task
TASK-00862,2026-08-05T03:58:17Z,ADMIN-WS-11,NT AUTHORITY\SYSTEM,BackupInventory,powershell.exe -File C:\Ops\Rotate-Logs.ps1,daily,registered,taskeng.exe,10161,benign,approved scheduled task
TASK-00545,2026-08-05T04:02:15Z,VULN-SCAN-01,NT AUTHORITY\SYSTEM,WebLogRotation,powershell.exe -File C:\Ops\Rotate-Logs.ps1,daily,registered,taskeng.exe,10228,benign,approved scheduled task
TASK-00068,2026-08-05T04:28:13Z,FILE-01,NT AUTHORITY\SYSTEM,WebLogRotation,backup-agent.exe --inventory,daily,registered,taskeng.exe,1694,benign,approved scheduled task
TASK-00145,2026-08-05T05:15:32Z,ADMIN-WS-07,NT AUTHORITY\SYSTEM,UpdateCheck,powershell.exe -File C:\Ops\Rotate-Logs.ps1,daily,registered,taskeng.exe,1494,benign,approved scheduled task
TASK-01068,2026-08-05T05:37:18Z,APP-API-02,NT AUTHORITY\SYSTEM,BackupInventory,updater.exe /check,daily,registered,taskeng.exe,2056,benign,approved scheduled task
TASK-00408,2026-08-05T06:00:49Z,VULN-SCAN-01,NT AUTHORITY\SYSTEM,WebLogRotation,backup-agent.exe --inventory,daily,registered,taskeng.exe,13451,benign,approved scheduled task
TASK-00819,2026-08-05T06:36:38Z,WEB-EDGE-01,NT AUTHORITY\SYSTEM,UpdateCheck,powershell.exe -File C:\Ops\Rotate-Logs.ps1,daily,registered,taskeng.exe,14657,benign,approved scheduled task
TASK-00986,2026-08-05T06:39:47Z,APP-API-02,NT AUTHORITY\SYSTEM,UpdateCheck,updater.exe /check,daily,registered,taskeng.exe,13747,benign,approved scheduled task
TASK-00146,2026-08-05T06:52:40Z,APP-API-02,NT AUTHORITY\SYSTEM,BackupInventory,backup-agent.exe --inventory,daily,run,taskeng.exe,13131,benign,approved scheduled task
TASK-01273,2026-08-05T06:55:52Z,DEPLOY-01,NT AUTHORITY\SYSTEM,WebLogRotation,backup-agent.exe --inventory,daily,registered,taskeng.exe,2930,benign,approved scheduled task
TASK-00365,2026-08-05T06:56:57Z,ADMIN-WS-11,NT AUTHORITY\SYSTEM,WebLogRotation,updater.exe /check,daily,registered,taskeng.exe,5103,benign,approved scheduled task
TASK-01487,2026-08-05T07:00:10Z,ADMIN-WS-07,NT AUTHORITY\SYSTEM,WebLogRotation,updater.exe /check,daily,run,taskeng.exe,14787,benign,approved scheduled task
TASK-01427,2026-08-05T07:25:13Z,WEB-EDGE-01,NT AUTHORITY\SYSTEM,BackupInventory,updater.exe /check,daily,run,taskeng.exe,14888,benign,approved scheduled task
TASK-01398,2026-08-05T07:36:10Z,WEB-EDGE-01,NT AUTHORITY\SYSTEM,BackupInventory,updater.exe /check,daily,registered,taskeng.exe,2762,benign,approved scheduled task
TASK-01402,2026-08-05T07:42:59Z,VULN-SCAN-01,NT AUTHORITY\SYSTEM,BackupInventory,updater.exe /check,daily,registered,taskeng.exe,4537,benign,approved scheduled task
TASK-00852,2026-08-05T07:43:58Z,WEB-EDGE-01,NT AUTHORITY\SYSTEM,WebLogRotation,powershell.exe -File C:\Ops\Rotate-Logs.ps1,daily,registered,taskeng.exe,5866,benign,approved scheduled task
TASK-00629,2026-08-05T07:46:53Z,FILE-01,NT AUTHORITY\SYSTEM,UpdateCheck,backup-agent.exe --inventory,daily,run,taskeng.exe,5538,benign,approved scheduled task
TASK-01343,2026-08-05T07:46:59Z,FILE-01,NT AUTHORITY\SYSTEM,UpdateCheck,powershell.exe -File C:\Ops\Rotate-Logs.ps1,daily,run,taskeng.exe,9712,benign,approved scheduled task
TASK-00350,2026-08-05T07:56:10Z,FILE-01,NT AUTHORITY\SYSTEM,UpdateCheck,updater.exe /check,daily,run,taskeng.exe,9231,benign,approved scheduled task
TASK-00447,2026-08-05T08:13:07Z,VULN-SCAN-01,NT AUTHORITY\SYSTEM,UpdateCheck,powershell.exe -File C:\Ops\Rotate-Logs.ps1,daily,run,taskeng.exe,7440,benign,approved scheduled task
TASK-00879,2026-08-05T08:14:09Z,VULN-SCAN-01,NT AUTHORITY\SYSTEM,WebLogRotation,powershell.exe -File C:\Ops\Rotate-Logs.ps1,daily,registered,taskeng.exe,7828,benign,approved scheduled task
TASK-01230,2026-08-05T08:18:22Z,ADMIN-WS-07,NT AUTHORITY\SYSTEM,WebLogRotation,backup-agent.exe --inventory,daily,run,taskeng.exe,11865,benign,approved scheduled task
TASK-00791,2026-08-05T08:18:23Z,ADMIN-WS-11,NT AUTHORITY\SYSTEM,UpdateCheck,powershell.exe -File C:\Ops\Rotate-Logs.ps1,daily,registered,taskeng.exe,5325,benign,approved scheduled task
TASK-01030,2026-08-05T08:20:22Z,ADMIN-WS-07,NT AUTHORITY\SYSTEM,WebLogRotation,updater.exe /check,daily,run,taskeng.exe,2898,benign,approved scheduled task
TASK-01479,2026-08-05T08:20:28Z,FILE-01,NT AUTHORITY\SYSTEM,WebLogRotation,powershell.exe -File C:\Ops\Rotate-Logs.ps1,daily,run,taskeng.exe,7583,benign,approved scheduled task
TASK-00978,2026-08-05T08:24:45Z,FILE-01,NT AUTHORITY\SYSTEM,BackupInventory,powershell.exe -File C:\Ops\Rotate-Logs.ps1,daily,run,taskeng.exe,11165,benign,approved scheduled task
TASK-00369,2026-08-05T08:29:05Z,APP-API-02,NT AUTHORITY\SYSTEM,BackupInventory,updater.exe /check,daily,run,taskeng.exe,3216,benign,approved scheduled task
TASK-00323,2026-08-05T08:31:18Z,ADMIN-WS-11,NT AUTHORITY\SYSTEM,BackupInventory,updater.exe /check,daily,run,taskeng.exe,10932,benign,approved scheduled task
TASK-00148,2026-08-05T08:33:24Z,WEB-EDGE-01,NT AUTHORITY\SYSTEM,UpdateCheck,updater.exe /check,daily,registered,taskeng.exe,9999,benign,approved scheduled task
TASK-01451,2026-08-05T08:34:07Z,DEPLOY-01,NT AUTHORITY\SYSTEM,BackupInventory,powershell.exe -File C:\Ops\Rotate-Logs.ps1,daily,registered,taskeng.exe,8595,benign,approved scheduled task
TASK-01112,2026-08-05T08:47:05Z,APP-API-02,NT AUTHORITY\SYSTEM,BackupInventory,powershell.exe -File C:\Ops\Rotate-Logs.ps1,daily,run,taskeng.exe,13157,benign,approved scheduled task
TASK-01356,2026-08-05T08:47:14Z,DEPLOY-01,NT AUTHORITY\SYSTEM,UpdateCheck,powershell.exe -File C:\Ops\Rotate-Logs.ps1,daily,run,taskeng.exe,13880,benign,approved scheduled task
TASK-00002,2026-08-05T08:47:21Z,ADMIN-WS-07,NT AUTHORITY\SYSTEM,WebLogRotation,powershell.exe -File C:\Ops\Rotate-Logs.ps1,daily,registered,taskeng.exe,1792,benign,approved scheduled task
TASK-01165,2026-08-05T08:48:52Z,DEPLOY-01,NT AUTHORITY\SYSTEM,UpdateCheck,backup-agent.exe --inventory,daily,run,taskeng.exe,8846,benign,approved scheduled task
TASK-00207,2026-08-05T09:01:57Z,WEB-EDGE-01,NT AUTHORITY\SYSTEM,WebLogRotation,powershell.exe -File C:\Ops\Rotate-Logs.ps1,daily,registered,taskeng.exe,8267,benign,approved scheduled task
TASK-01129,2026-08-05T09:11:52Z,APP-API-02,NT AUTHORITY\SYSTEM,BackupInventory,powershell.exe -File C:\Ops\Rotate-Logs.ps1,daily,registered,taskeng.exe,11209,benign,approved scheduled task
TASK-00080,2026-08-05T09:17:07Z,ADMIN-WS-11,NT AUTHORITY\SYSTEM,BackupInventory,updater.exe /check,daily,run,taskeng.exe,7831,benign,approved scheduled task
TASK-00953,2026-08-05T09:25:25Z,APP-API-02,NT AUTHORITY\SYSTEM,WebLogRotation,updater.exe /check,daily,registered,taskeng.exe,6717,benign,approved scheduled task
TASK-00490,2026-08-05T09:25:37Z,WEB-EDGE-01,NT AUTHORITY\SYSTEM,BackupInventory,backup-agent.exe --inventory,daily,run,taskeng.exe,7307,benign,approved scheduled task
TASK-01005,2026-08-05T09:40:01Z,WEB-EDGE-01,NT AUTHORITY\SYSTEM,WebLogRotation,updater.exe /check,daily,registered,taskeng.exe,7609,benign,approved scheduled task
TASK-00759,2026-08-05T09:47:56Z,VULN-SCAN-01,NT AUTHORITY\SYSTEM,UpdateCheck,backup-agent.exe --inventory,daily,registered,taskeng.exe,11119,benign,approved scheduled task
TASK-00808,2026-08-05T09:49:07Z,DEPLOY-01,NT AUTHORITY\SYSTEM,UpdateCheck,powershell.exe -File C:\Ops\Rotate-Logs.ps1,daily,registered,taskeng.exe,12948,benign,approved scheduled task
TASK-01213,2026-08-05T09:53:59Z,DEPLOY-01,NT AUTHORITY\SYSTEM,UpdateCheck,powershell.exe -File C:\Ops\Rotate-Logs.ps1,daily,registered,taskeng.exe,14207,benign,approved scheduled task
TASK-00404,2026-08-05T10:00:22Z,APP-API-02,NT AUTHORITY\SYSTEM,UpdateCheck,powershell.exe -File C:\Ops\Rotate-Logs.ps1,daily,registered,taskeng.exe,9058,benign,approved scheduled task
TASK-01128,2026-08-05T10:07:02Z,VULN-SCAN-01,NT AUTHORITY\SYSTEM,UpdateCheck,powershell.exe -File C:\Ops\Rotate-Logs.ps1,daily,run,taskeng.exe,6607,benign,approved scheduled task
TASK-00036,2026-08-05T10:17:30Z,VULN-SCAN-01,NT AUTHORITY\SYSTEM,BackupInventory,backup-agent.exe --inventory,daily,run,taskeng.exe,11124,benign,approved scheduled task
TASK-00487,2026-08-05T10:33:52Z,FILE-01,NT AUTHORITY\SYSTEM,UpdateCheck,powershell.exe -File C:\Ops\Rotate-Logs.ps1,daily,registered,taskeng.exe,11809,benign,approved scheduled task
TASK-00161,2026-08-05T10:46:01Z,ADMIN-WS-11,NT AUTHORITY\SYSTEM,UpdateCheck,powershell.exe -File C:\Ops\Rotate-Logs.ps1,daily,run,taskeng.exe,3441,benign,approved scheduled task
TASK-01473,2026-08-05T10:48:58Z,WEB-EDGE-01,NT AUTHORITY\SYSTEM,UpdateCheck,backup-agent.exe --inventory,daily,registered,taskeng.exe,14398,benign,approved scheduled task
TASK-00513,2026-08-05T11:05:25Z,APP-API-02,NT AUTHORITY\SYSTEM,WebLogRotation,powershell.exe -File C:\Ops\Rotate-Logs.ps1,daily,run,taskeng.exe,6389,benign,approved scheduled task
TASK-00046,2026-08-05T11:05:35Z,APP-API-02,NT AUTHORITY\SYSTEM,UpdateCheck,powershell.exe -File C:\Ops\Rotate-Logs.ps1,daily,registered,taskeng.exe,5418,benign,approved scheduled task
TASK-00379,2026-08-05T11:09:01Z,DEPLOY-01,NT AUTHORITY\SYSTEM,BackupInventory,updater.exe /check,daily,registered,taskeng.exe,1642,benign,approved scheduled task
TASK-00877,2026-08-05T11:15:46Z,ADMIN-WS-07,NT AUTHORITY\SYSTEM,WebLogRotation,backup-agent.exe --inventory,daily,run,taskeng.exe,14570,benign,approved scheduled task
TASK-01041,2026-08-05T11:16:01Z,ADMIN-WS-07,NT AUTHORITY\SYSTEM,BackupInventory,powershell.exe -File C:\Ops\Rotate-Logs.ps1,daily,run,taskeng.exe,12371,benign,approved scheduled task
TASK-01009,2026-08-05T11:16:19Z,DEPLOY-01,NT AUTHORITY\SYSTEM,UpdateCheck,backup-agent.exe --inventory,daily,registered,taskeng.exe,5530,benign,approved scheduled task
TASK-00021,2026-08-05T11:16:22Z,VULN-SCAN-01,NT AUTHORITY\SYSTEM,WebLogRotation,updater.exe /check,daily,registered,taskeng.exe,6586,benign,approved scheduled task
TASK-00223,2026-08-05T11:27:46Z,DEPLOY-01,NT AUTHORITY\SYSTEM,WebLogRotation,powershell.exe -File C:\Ops\Rotate-Logs.ps1,daily,run,taskeng.exe,2092,benign,approved scheduled task
TASK-01117,2026-08-05T11:30:23Z,ADMIN-WS-11,NT AUTHORITY\SYSTEM,UpdateCheck,updater.exe /check,daily,run,taskeng.exe,8899,benign,approved scheduled task
TASK-01214,2026-08-05T11:40:12Z,DEPLOY-01,NT AUTHORITY\SYSTEM,BackupInventory,powershell.exe -File C:\Ops\Rotate-Logs.ps1,daily,run,taskeng.exe,6416,benign,approved scheduled task
TASK-00266,2026-08-05T11:43:57Z,ADMIN-WS-07,NT AUTHORITY\SYSTEM,WebLogRotation,updater.exe /check,daily,run,taskeng.exe,5110,benign,approved scheduled task
TASK-00591,2026-08-05T11:53:55Z,WEB-EDGE-01,NT AUTHORITY\SYSTEM,BackupInventory,updater.exe /check,daily,run,taskeng.exe,2497,benign,approved scheduled task
TASK-01177,2026-08-05T11:55:00Z,FILE-01,NT AUTHORITY\SYSTEM,WebLogRotation,powershell.exe -File C:\Ops\Rotate-Logs.ps1,daily,registered,taskeng.exe,8554,benign,approved scheduled task
TASK-01278,2026-08-05T12:03:24Z,VULN-SCAN-01,NT AUTHORITY\SYSTEM,UpdateCheck,updater.exe /check,daily,registered,taskeng.exe,5185,benign,approved scheduled task
TASK-00596,2026-08-05T12:04:49Z,APP-API-02,NT AUTHORITY\SYSTEM,WebLogRotation,updater.exe /check,daily,registered,taskeng.exe,10709,benign,approved scheduled task
TASK-00253,2026-08-05T12:06:18Z,DEPLOY-01,NT AUTHORITY\SYSTEM,UpdateCheck,powershell.exe -File C:\Ops\Rotate-Logs.ps1,daily,run,taskeng.exe,11830,benign,approved scheduled task
TASK-01125,2026-08-05T12:13:17Z,FILE-01,NT AUTHORITY\SYSTEM,UpdateCheck,powershell.exe -File C:\Ops\Rotate-Logs.ps1,daily,registered,taskeng.exe,8962,benign,approved scheduled task
TASK-00643,2026-08-05T12:16:49Z,VULN-SCAN-01,NT AUTHORITY\SYSTEM,UpdateCheck,backup-agent.exe --inventory,daily,registered,taskeng.exe,3605,benign,approved scheduled task
TASK-01095,2026-08-05T12:26:10Z,ADMIN-WS-07,NT AUTHORITY\SYSTEM,UpdateCheck,updater.exe /check,daily,run,taskeng.exe,8161,benign,approved scheduled task
TASK-00137,2026-08-05T12:33:30Z,ADMIN-WS-07,NT AUTHORITY\SYSTEM,UpdateCheck,backup-agent.exe --inventory,daily,registered,taskeng.exe,5442,benign,approved scheduled task
TASK-00933,2026-08-05T12:40:52Z,DEPLOY-01,NT AUTHORITY\SYSTEM,WebLogRotation,backup-agent.exe --inventory,daily,run,taskeng.exe,2794,benign,approved scheduled task
TASK-01481,2026-08-05T12:51:26Z,ADMIN-WS-11,NT AUTHORITY\SYSTEM,WebLogRotation,updater.exe /check,daily,registered,taskeng.exe,13066,benign,approved scheduled task
TASK-00712,2026-08-05T12:59:21Z,VULN-SCAN-01,NT AUTHORITY\SYSTEM,UpdateCheck,powershell.exe -File C:\Ops\Rotate-Logs.ps1,daily,registered,taskeng.exe,1490,benign,approved scheduled task
TASK-00658,2026-08-05T13:00:37Z,ADMIN-WS-07,NT AUTHORITY\SYSTEM,BackupInventory,powershell.exe -File C:\Ops\Rotate-Logs.ps1,daily,run,taskeng.exe,7625,benign,approved scheduled task
TASK-00282,2026-08-05T13:00:45Z,ADMIN-WS-07,NT AUTHORITY\SYSTEM,WebLogRotation,powershell.exe -File C:\Ops\Rotate-Logs.ps1,daily,run,taskeng.exe,9597,benign,approved scheduled task
TASK-00930,2026-08-05T13:03:10Z,ADMIN-WS-07,NT AUTHORITY\SYSTEM,WebLogRotation,backup-agent.exe --inventory,daily,run,taskeng.exe,10330,benign,approved scheduled task
TASK-00070,2026-08-05T13:06:15Z,WEB-EDGE-01,NT AUTHORITY\SYSTEM,UpdateCheck,backup-agent.exe --inventory,daily,run,taskeng.exe,10094,benign,approved scheduled task
TASK-00538,2026-08-05T13:06:33Z,ADMIN-WS-11,NT AUTHORITY\SYSTEM,BackupInventory,updater.exe /check,daily,run,taskeng.exe,3560,benign,approved scheduled task
TASK-00239,2026-08-05T13:10:32Z,FILE-01,NT AUTHORITY\SYSTEM,UpdateCheck,updater.exe /check,daily,registered,taskeng.exe,5818,benign,approved scheduled task
TASK-01482,2026-08-05T13:13:10Z,DEPLOY-01,NT AUTHORITY\SYSTEM,UpdateCheck,backup-agent.exe --inventory,daily,registered,taskeng.exe,6887,benign,approved scheduled task
TASK-00363,2026-08-05T13:19:16Z,APP-API-02,NT AUTHORITY\SYSTEM,UpdateCheck,updater.exe /check,daily,run,taskeng.exe,6492,benign,approved scheduled task
TASK-00707,2026-08-05T13:19:18Z,VULN-SCAN-01,NT AUTHORITY\SYSTEM,BackupInventory,updater.exe /check,daily,run,taskeng.exe,13888,benign,approved scheduled task
TASK-01110,2026-08-05T13:52:47Z,DEPLOY-01,NT AUTHORITY\SYSTEM,UpdateCheck,backup-agent.exe --inventory,daily,registered,taskeng.exe,11783,benign,approved scheduled task
TASK-01384,2026-08-05T13:54:36Z,ADMIN-WS-11,NT AUTHORITY\SYSTEM,WebLogRotation,backup-agent.exe --inventory,daily,run,taskeng.exe,1077,benign,approved scheduled task
TASK-01297,2026-08-05T13:56:01Z,ADMIN-WS-11,NT AUTHORITY\SYSTEM,WebLogRotation,powershell.exe -File C:\Ops\Rotate-Logs.ps1,daily,run,taskeng.exe,14956,benign,approved scheduled task
TASK-00478,2026-08-05T14:00:36Z,APP-API-02,NT AUTHORITY\SYSTEM,UpdateCheck,backup-agent.exe --inventory,daily,run,taskeng.exe,9356,benign,approved scheduled task
TASK-00875,2026-08-05T14:01:47Z,ADMIN-WS-07,NT AUTHORITY\SYSTEM,BackupInventory,updater.exe /check,daily,registered,taskeng.exe,4824,benign,approved scheduled task
TASK-01253,2026-08-05T14:05:31Z,VULN-SCAN-01,NT AUTHORITY\SYSTEM,WebLogRotation,updater.exe /check,daily,registered,taskeng.exe,4096,benign,approved scheduled task
TASK-00216,2026-08-05T14:13:59Z,ADMIN-WS-11,NT AUTHORITY\SYSTEM,UpdateCheck,backup-agent.exe --inventory,daily,run,taskeng.exe,10114,benign,approved scheduled task
TASK-00151,2026-08-05T14:15:33Z,VULN-SCAN-01,NT AUTHORITY\SYSTEM,UpdateCheck,backup-agent.exe --inventory,daily,registered,taskeng.exe,6295,benign,approved scheduled task
TASK-01408,2026-08-05T14:18:58Z,FILE-01,NT AUTHORITY\SYSTEM,UpdateCheck,backup-agent.exe --inventory,daily,run,taskeng.exe,2508,benign,approved scheduled task
TASK-00433,2026-08-05T14:23:12Z,ADMIN-WS-07,NT AUTHORITY\SYSTEM,UpdateCheck,powershell.exe -File C:\Ops\Rotate-Logs.ps1,daily,registered,taskeng.exe,5294,benign,approved scheduled task
TASK-00489,2026-08-05T14:40:32Z,VULN-SCAN-01,NT AUTHORITY\SYSTEM,UpdateCheck,updater.exe /check,daily,run,taskeng.exe,12512,benign,approved scheduled task
TASK-01385,2026-08-05T14:51:12Z,VULN-SCAN-01,NT AUTHORITY\SYSTEM,UpdateCheck,powershell.exe -File C:\Ops\Rotate-Logs.ps1,daily,registered,taskeng.exe,9053,benign,approved scheduled task
TASK-00948,2026-08-05T14:56:44Z,FILE-01,NT AUTHORITY\SYSTEM,BackupInventory,powershell.exe -File C:\Ops\Rotate-Logs.ps1,daily,run,taskeng.exe,2287,benign,approved scheduled task
TASK-01328,2026-08-05T14:57:35Z,ADMIN-WS-07,NT AUTHORITY\SYSTEM,BackupInventory,backup-agent.exe --inventory,daily,registered,taskeng.exe,3638,benign,approved scheduled task
TASK-00823,2026-08-05T15:11:17Z,DEPLOY-01,NT AUTHORITY\SYSTEM,BackupInventory,backup-agent.exe --inventory,daily,registered,taskeng.exe,1550,benign,approved scheduled task
TASK-01202,2026-08-05T15:15:03Z,APP-API-02,NT AUTHORITY\SYSTEM,UpdateCheck,powershell.exe -File C:\Ops\Rotate-Logs.ps1,daily,registered,taskeng.exe,14828,benign,approved scheduled task
TASK-00085,2026-08-05T15:37:30Z,ADMIN-WS-07,NT AUTHORITY\SYSTEM,UpdateCheck,updater.exe /check,daily,registered,taskeng.exe,13105,benign,approved scheduled task
TASK-00479,2026-08-05T15:41:32Z,APP-API-02,NT AUTHORITY\SYSTEM,WebLogRotation,powershell.exe -File C:\Ops\Rotate-Logs.ps1,daily,registered,taskeng.exe,9187,benign,approved scheduled task
TASK-00442,2026-08-05T15:46:20Z,WEB-EDGE-01,NT AUTHORITY\SYSTEM,UpdateCheck,powershell.exe -File C:\Ops\Rotate-Logs.ps1,daily,registered,taskeng.exe,6024,benign,approved scheduled task
TASK-01251,2026-08-05T15:48:01Z,FILE-01,NT AUTHORITY\SYSTEM,UpdateCheck,powershell.exe -File C:\Ops\Rotate-Logs.ps1,daily,run,taskeng.exe,6032,benign,approved scheduled task
TASK-01439,2026-08-05T15:49:16Z,ADMIN-WS-07,NT AUTHORITY\SYSTEM,UpdateCheck,updater.exe /check,daily,registered,taskeng.exe,11193,benign,approved scheduled task
TASK-01201,2026-08-05T15:59:46Z,APP-API-02,NT AUTHORITY\SYSTEM,WebLogRotation,backup-agent.exe --inventory,daily,run,taskeng.exe,7018,benign,approved scheduled task
TASK-00124,2026-08-05T16:07:26Z,VULN-SCAN-01,NT AUTHORITY\SYSTEM,WebLogRotation,updater.exe /check,daily,run,taskeng.exe,4765,benign,approved scheduled task
TASK-00524,2026-08-05T16:15:45Z,FILE-01,NT AUTHORITY\SYSTEM,UpdateCheck,updater.exe /check,daily,run,taskeng.exe,9297,benign,approved scheduled task
TASK-00167,2026-08-05T16:17:39Z,ADMIN-WS-11,NT AUTHORITY\SYSTEM,BackupInventory,updater.exe /check,daily,run,taskeng.exe,2923,benign,approved scheduled task
TASK-01108,2026-08-05T16:30:33Z,VULN-SCAN-01,NT AUTHORITY\SYSTEM,UpdateCheck,updater.exe /check,daily,run,taskeng.exe,8361,benign,approved scheduled task
TASK-01284,2026-08-05T16:42:30Z,VULN-SCAN-01,NT AUTHORITY\SYSTEM,UpdateCheck,updater.exe /check,daily,run,taskeng.exe,13745,benign,approved scheduled task
TASK-00486,2026-08-05T16:43:22Z,APP-API-02,NT AUTHORITY\SYSTEM,BackupInventory,updater.exe /check,daily,run,taskeng.exe,12625,benign,approved scheduled task
TASK-00845,2026-08-05T16:48:50Z,WEB-EDGE-01,NT AUTHORITY\SYSTEM,WebLogRotation,updater.exe /check,daily,run,taskeng.exe,5153,benign,approved scheduled task
TASK-00176,2026-08-05T16:50:45Z,WEB-EDGE-01,NT AUTHORITY\SYSTEM,UpdateCheck,backup-agent.exe --inventory,daily,run,taskeng.exe,7845,benign,approved scheduled task
TASK-01299,2026-08-05T17:18:52Z,ADMIN-WS-11,NT AUTHORITY\SYSTEM,UpdateCheck,backup-agent.exe --inventory,daily,run,taskeng.exe,13325,benign,approved scheduled task
TASK-00918,2026-08-05T17:20:45Z,ADMIN-WS-07,NT AUTHORITY\SYSTEM,WebLogRotation,powershell.exe -File C:\Ops\Rotate-Logs.ps1,daily,run,taskeng.exe,4912,benign,approved scheduled task
TASK-00913,2026-08-05T17:28:57Z,FILE-01,NT AUTHORITY\SYSTEM,WebLogRotation,backup-agent.exe --inventory,daily,run,taskeng.exe,10370,benign,approved scheduled task
TASK-01256,2026-08-05T17:39:04Z,FILE-01,NT AUTHORITY\SYSTEM,WebLogRotation,powershell.exe -File C:\Ops\Rotate-Logs.ps1,daily,registered,taskeng.exe,3501,benign,approved scheduled task
TASK-01182,2026-08-05T17:46:56Z,WEB-EDGE-01,NT AUTHORITY\SYSTEM,BackupInventory,powershell.exe -File C:\Ops\Rotate-Logs.ps1,daily,run,taskeng.exe,10837,benign,approved scheduled task
TASK-00386,2026-08-05T17:51:22Z,APP-API-02,NT AUTHORITY\SYSTEM,BackupInventory,updater.exe /check,daily,run,taskeng.exe,12328,benign,approved scheduled task
TASK-01472,2026-08-05T17:54:33Z,APP-API-02,NT AUTHORITY\SYSTEM,WebLogRotation,powershell.exe -File C:\Ops\Rotate-Logs.ps1,daily,registered,taskeng.exe,7954,benign,approved scheduled task
TASK-00733,2026-08-05T18:08:13Z,VULN-SCAN-01,NT AUTHORITY\SYSTEM,WebLogRotation,updater.exe /check,daily,registered,taskeng.exe,12046,benign,approved scheduled task
TASK-00263,2026-08-05T18:09:00Z,WEB-EDGE-01,NT AUTHORITY\SYSTEM,UpdateCheck,backup-agent.exe --inventory,daily,run,taskeng.exe,4973,benign,approved scheduled task
TASK-01293,2026-08-05T18:19:44Z,ADMIN-WS-07,NT AUTHORITY\SYSTEM,UpdateCheck,powershell.exe -File C:\Ops\Rotate-Logs.ps1,daily,registered,taskeng.exe,1336,benign,approved scheduled task
TASK-01026,2026-08-05T18:28:45Z,FILE-01,NT AUTHORITY\SYSTEM,BackupInventory,backup-agent.exe --inventory,daily,registered,taskeng.exe,2536,benign,approved scheduled task
TASK-00296,2026-08-05T19:00:10Z,DEPLOY-01,NT AUTHORITY\SYSTEM,BackupInventory,backup-agent.exe --inventory,daily,run,taskeng.exe,2176,benign,approved scheduled task
TASK-00681,2026-08-05T19:14:05Z,FILE-01,NT AUTHORITY\SYSTEM,UpdateCheck,updater.exe /check,daily,run,taskeng.exe,8804,benign,approved scheduled task
TASK-00837,2026-08-05T19:21:24Z,ADMIN-WS-11,NT AUTHORITY\SYSTEM,UpdateCheck,updater.exe /check,daily,run,taskeng.exe,3409,benign,approved scheduled task
TASK-00860,2026-08-05T19:25:42Z,VULN-SCAN-01,NT AUTHORITY\SYSTEM,WebLogRotation,updater.exe /check,daily,run,taskeng.exe,11502,benign,approved scheduled task
TASK-00794,2026-08-05T19:27:21Z,VULN-SCAN-01,NT AUTHORITY\SYSTEM,UpdateCheck,powershell.exe -File C:\Ops\Rotate-Logs.ps1,daily,run,taskeng.exe,5392,benign,approved scheduled task
TASK-00429,2026-08-05T19:35:24Z,ADMIN-WS-11,NT AUTHORITY\SYSTEM,WebLogRotation,backup-agent.exe --inventory,daily,registered,taskeng.exe,8009,benign,approved scheduled task
TASK-01483,2026-08-05T19:44:14Z,ADMIN-WS-07,NT AUTHORITY\SYSTEM,BackupInventory,backup-agent.exe --inventory,daily,registered,taskeng.exe,8931,benign,approved scheduled task
TASK-00458,2026-08-05T19:46:08Z,ADMIN-WS-11,NT AUTHORITY\SYSTEM,UpdateCheck,backup-agent.exe --inventory,daily,registered,taskeng.exe,2690,benign,approved scheduled task
TASK-01295,2026-08-05T19:53:33Z,DEPLOY-01,NT AUTHORITY\SYSTEM,UpdateCheck,powershell.exe -File C:\Ops\Rotate-Logs.ps1,daily,registered,taskeng.exe,1120,benign,approved scheduled task
TASK-00131,2026-08-05T20:00:54Z,DEPLOY-01,NT AUTHORITY\SYSTEM,WebLogRotation,backup-agent.exe --inventory,daily,run,taskeng.exe,2121,benign,approved scheduled task
TASK-01245,2026-08-05T20:09:58Z,VULN-SCAN-01,NT AUTHORITY\SYSTEM,BackupInventory,backup-agent.exe --inventory,daily,registered,taskeng.exe,7983,benign,approved scheduled task
TASK-00381,2026-08-05T20:13:40Z,DEPLOY-01,NT AUTHORITY\SYSTEM,WebLogRotation,powershell.exe -File C:\Ops\Rotate-Logs.ps1,daily,run,taskeng.exe,9259,benign,approved scheduled task
TASK-00403,2026-08-05T20:19:44Z,APP-API-02,NT AUTHORITY\SYSTEM,BackupInventory,backup-agent.exe --inventory,daily,registered,taskeng.exe,13962,benign,approved scheduled task
TASK-00066,2026-08-05T20:23:05Z,ADMIN-WS-11,NT AUTHORITY\SYSTEM,BackupInventory,powershell.exe -File C:\Ops\Rotate-Logs.ps1,daily,registered,taskeng.exe,10537,benign,approved scheduled task
TASK-00748,2026-08-05T20:23:37Z,WEB-EDGE-01,NT AUTHORITY\SYSTEM,WebLogRotation,powershell.exe -File C:\Ops\Rotate-Logs.ps1,daily,registered,taskeng.exe,1600,benign,approved scheduled task
TASK-00347,2026-08-05T20:26:21Z,FILE-01,NT AUTHORITY\SYSTEM,WebLogRotation,powershell.exe -File C:\Ops\Rotate-Logs.ps1,daily,registered,taskeng.exe,14996,benign,approved scheduled task
TASK-00553,2026-08-05T20:28:09Z,FILE-01,NT AUTHORITY\SYSTEM,UpdateCheck,powershell.exe -File C:\Ops\Rotate-Logs.ps1,daily,run,taskeng.exe,8232,benign,approved scheduled task
TASK-01382,2026-08-05T20:43:16Z,ADMIN-WS-11,NT AUTHORITY\SYSTEM,BackupInventory,backup-agent.exe --inventory,daily,run,taskeng.exe,11893,benign,approved scheduled task
TASK-01193,2026-08-05T20:44:50Z,FILE-01,NT AUTHORITY\SYSTEM,UpdateCheck,backup-agent.exe --inventory,daily,run,taskeng.exe,14216,benign,approved scheduled task
TASK-01102,2026-08-05T21:05:39Z,FILE-01,NT AUTHORITY\SYSTEM,UpdateCheck,powershell.exe -File C:\Ops\Rotate-Logs.ps1,daily,run,taskeng.exe,3176,benign,approved scheduled task
TASK-00003,2026-08-05T21:08:18Z,DEPLOY-01,NT AUTHORITY\SYSTEM,WebLogRotation,powershell.exe -File C:\Ops\Rotate-Logs.ps1,daily,run,taskeng.exe,7517,benign,approved scheduled task
TASK-00601,2026-08-05T21:11:00Z,FILE-01,NT AUTHORITY\SYSTEM,UpdateCheck,updater.exe /check,daily,run,taskeng.exe,9929,benign,approved scheduled task
TASK-00215,2026-08-05T21:13:36Z,WEB-EDGE-01,NT AUTHORITY\SYSTEM,BackupInventory,backup-agent.exe --inventory,daily,registered,taskeng.exe,7305,benign,approved scheduled task
TASK-00237,2026-08-05T21:14:00Z,DEPLOY-01,NT AUTHORITY\SYSTEM,UpdateCheck,backup-agent.exe --inventory,daily,run,taskeng.exe,1434,benign,approved scheduled task
TASK-00647,2026-08-05T21:17:58Z,FILE-01,NT AUTHORITY\SYSTEM,UpdateCheck,backup-agent.exe --inventory,daily,run,taskeng.exe,7962,benign,approved scheduled task
TASK-00157,2026-08-05T21:23:20Z,ADMIN-WS-11,NT AUTHORITY\SYSTEM,WebLogRotation,powershell.exe -File C:\Ops\Rotate-Logs.ps1,daily,registered,taskeng.exe,10898,benign,approved scheduled task
TASK-00809,2026-08-05T21:25:09Z,FILE-01,NT AUTHORITY\SYSTEM,BackupInventory,powershell.exe -File C:\Ops\Rotate-Logs.ps1,daily,registered,taskeng.exe,7467,benign,approved scheduled task
TASK-00098,2026-08-05T21:27:20Z,ADMIN-WS-07,NT AUTHORITY\SYSTEM,UpdateCheck,backup-agent.exe --inventory,daily,registered,taskeng.exe,3009,benign,approved scheduled task
TASK-01074,2026-08-05T21:35:57Z,VULN-SCAN-01,NT AUTHORITY\SYSTEM,WebLogRotation,backup-agent.exe --inventory,daily,registered,taskeng.exe,13111,benign,approved scheduled task
TASK-00354,2026-08-05T21:41:55Z,WEB-EDGE-01,NT AUTHORITY\SYSTEM,UpdateCheck,powershell.exe -File C:\Ops\Rotate-Logs.ps1,daily,registered,taskeng.exe,9485,benign,approved scheduled task
TASK-00947,2026-08-05T21:44:33Z,APP-API-02,NT AUTHORITY\SYSTEM,BackupInventory,powershell.exe -File C:\Ops\Rotate-Logs.ps1,daily,run,taskeng.exe,3702,benign,approved scheduled task
TASK-01194,2026-08-05T21:46:10Z,APP-API-02,NT AUTHORITY\SYSTEM,UpdateCheck,updater.exe /check,daily,registered,taskeng.exe,10682,benign,approved scheduled task
TASK-00671,2026-08-05T21:57:34Z,VULN-SCAN-01,NT AUTHORITY\SYSTEM,UpdateCheck,backup-agent.exe --inventory,daily,run,taskeng.exe,4983,benign,approved scheduled task
TASK-00571,2026-08-05T21:57:38Z,WEB-EDGE-01,NT AUTHORITY\SYSTEM,UpdateCheck,backup-agent.exe --inventory,daily,run,taskeng.exe,6584,benign,approved scheduled task
TASK-00219,2026-08-05T22:11:42Z,APP-API-02,NT AUTHORITY\SYSTEM,UpdateCheck,powershell.exe -File C:\Ops\Rotate-Logs.ps1,daily,run,taskeng.exe,10010,benign,approved scheduled task
TASK-01222,2026-08-05T22:12:14Z,WEB-EDGE-01,NT AUTHORITY\SYSTEM,WebLogRotation,backup-agent.exe --inventory,daily,run,taskeng.exe,11233,benign,approved scheduled task
TASK-00832,2026-08-05T22:22:08Z,WEB-EDGE-01,NT AUTHORITY\SYSTEM,UpdateCheck,updater.exe /check,daily,registered,taskeng.exe,10096,benign,approved scheduled task
TASK-00313,2026-08-05T22:24:41Z,ADMIN-WS-07,NT AUTHORITY\SYSTEM,BackupInventory,updater.exe /check,daily,run,taskeng.exe,6393,benign,approved scheduled task
TASK-01495,2026-08-05T22:29:42Z,VULN-SCAN-01,NT AUTHORITY\SYSTEM,WebLogRotation,updater.exe /check,daily,run,taskeng.exe,10509,benign,approved scheduled task
TASK-00548,2026-08-05T22:32:07Z,DEPLOY-01,NT AUTHORITY\SYSTEM,UpdateCheck,powershell.exe -File C:\Ops\Rotate-Logs.ps1,daily,registered,taskeng.exe,14290,benign,approved scheduled task
TASK-00516,2026-08-05T22:33:50Z,WEB-EDGE-01,NT AUTHORITY\SYSTEM,WebLogRotation,backup-agent.exe --inventory,daily,run,taskeng.exe,6404,benign,approved scheduled task
TASK-01444,2026-08-05T22:37:56Z,ADMIN-WS-11,NT AUTHORITY\SYSTEM,BackupInventory,backup-agent.exe --inventory,daily,registered,taskeng.exe,9549,benign,approved scheduled task
TASK-00241,2026-08-05T22:38:22Z,DEPLOY-01,NT AUTHORITY\SYSTEM,BackupInventory,backup-agent.exe --inventory,daily,registered,taskeng.exe,6844,benign,approved scheduled task
TASK-00880,2026-08-05T22:46:02Z,DEPLOY-01,NT AUTHORITY\SYSTEM,BackupInventory,powershell.exe -File C:\Ops\Rotate-Logs.ps1,daily,registered,taskeng.exe,12774,benign,approved scheduled task
TASK-00008,2026-08-05T22:56:58Z,APP-API-02,NT AUTHORITY\SYSTEM,WebLogRotation,updater.exe /check,daily,registered,taskeng.exe,8776,benign,approved scheduled task
TASK-00963,2026-08-05T22:58:18Z,FILE-01,NT AUTHORITY\SYSTEM,UpdateCheck,powershell.exe -File C:\Ops\Rotate-Logs.ps1,daily,run,taskeng.exe,9495,benign,approved scheduled task
TASK-00512,2026-08-05T23:00:31Z,ADMIN-WS-07,NT AUTHORITY\SYSTEM,WebLogRotation,powershell.exe -File C:\Ops\Rotate-Logs.ps1,daily,run,taskeng.exe,14332,benign,approved scheduled task
TASK-00001,2026-08-05T23:01:53Z,ADMIN-WS-07,NT AUTHORITY\SYSTEM,UpdateCheck,backup-agent.exe --inventory,daily,run,taskeng.exe,8423,benign,approved scheduled task
TASK-00028,2026-08-05T23:08:22Z,VULN-SCAN-01,NT AUTHORITY\SYSTEM,UpdateCheck,backup-agent.exe --inventory,daily,run,taskeng.exe,2255,benign,approved scheduled task
TASK-01162,2026-08-05T23:22:21Z,ADMIN-WS-11,NT AUTHORITY\SYSTEM,UpdateCheck,powershell.exe -File C:\Ops\Rotate-Logs.ps1,daily,registered,taskeng.exe,9537,benign,approved scheduled task
TASK-00082,2026-08-05T23:23:22Z,WEB-EDGE-01,NT AUTHORITY\SYSTEM,UpdateCheck,backup-agent.exe --inventory,daily,registered,taskeng.exe,6185,benign,approved scheduled task
TASK-00382,2026-08-05T23:25:55Z,APP-API-02,NT AUTHORITY\SYSTEM,BackupInventory,updater.exe /check,daily,registered,taskeng.exe,4973,benign,approved scheduled task
TASK-00951,2026-08-05T23:28:01Z,FILE-01,NT AUTHORITY\SYSTEM,UpdateCheck,powershell.exe -File C:\Ops\Rotate-Logs.ps1,daily,run,taskeng.exe,2942,benign,approved scheduled task
TASK-01436,2026-08-05T23:39:34Z,APP-API-02,NT AUTHORITY\SYSTEM,UpdateCheck,updater.exe /check,daily,run,taskeng.exe,4671,benign,approved scheduled task
TASK-00849,2026-08-05T23:50:04Z,VULN-SCAN-01,NT AUTHORITY\SYSTEM,UpdateCheck,backup-agent.exe --inventory,daily,run,taskeng.exe,1537,benign,approved scheduled task
TASK-00659,2026-08-05T23:53:04Z,WEB-EDGE-01,NT AUTHORITY\SYSTEM,UpdateCheck,powershell.exe -File C:\Ops\Rotate-Logs.ps1,daily,run,taskeng.exe,2798,benign,approved scheduled task
TASK-00071,2026-08-06T00:12:26Z,WEB-EDGE-01,NT AUTHORITY\SYSTEM,BackupInventory,updater.exe /check,daily,registered,taskeng.exe,3146,benign,approved scheduled task
TASK-00750,2026-08-06T00:28:23Z,VULN-SCAN-01,NT AUTHORITY\SYSTEM,UpdateCheck,updater.exe /check,daily,registered,taskeng.exe,1452,benign,approved scheduled task
TASK-01446,2026-08-06T00:28:55Z,VULN-SCAN-01,NT AUTHORITY\SYSTEM,WebLogRotation,backup-agent.exe --inventory,daily,registered,taskeng.exe,3702,benign,approved scheduled task
TASK-01331,2026-08-06T00:37:25Z,WEB-EDGE-01,NT AUTHORITY\SYSTEM,BackupInventory,powershell.exe -File C:\Ops\Rotate-Logs.ps1,daily,registered,taskeng.exe,11688,benign,approved scheduled task
TASK-00111,2026-08-06T00:39:46Z,FILE-01,NT AUTHORITY\SYSTEM,WebLogRotation,backup-agent.exe --inventory,daily,registered,taskeng.exe,14586,benign,approved scheduled task
TASK-01186,2026-08-06T00:44:08Z,WEB-EDGE-01,NT AUTHORITY\SYSTEM,WebLogRotation,powershell.exe -File C:\Ops\Rotate-Logs.ps1,daily,run,taskeng.exe,4423,benign,approved scheduled task
TASK-00343,2026-08-06T00:50:08Z,VULN-SCAN-01,NT AUTHORITY\SYSTEM,UpdateCheck,backup-agent.exe --inventory,daily,run,taskeng.exe,11361,benign,approved scheduled task
TASK-00623,2026-08-06T01:07:56Z,FILE-01,NT AUTHORITY\SYSTEM,UpdateCheck,powershell.exe -File C:\Ops\Rotate-Logs.ps1,daily,run,taskeng.exe,5007,benign,approved scheduled task
TASK-01475,2026-08-06T01:14:22Z,DEPLOY-01,NT AUTHORITY\SYSTEM,BackupInventory,backup-agent.exe --inventory,daily,run,taskeng.exe,14339,benign,approved scheduled task
TASK-00547,2026-08-06T01:23:04Z,ADMIN-WS-07,NT AUTHORITY\SYSTEM,BackupInventory,powershell.exe -File C:\Ops\Rotate-Logs.ps1,daily,registered,taskeng.exe,13033,benign,approved scheduled task
TASK-01258,2026-08-06T01:31:14Z,WEB-EDGE-01,NT AUTHORITY\SYSTEM,BackupInventory,powershell.exe -File C:\Ops\Rotate-Logs.ps1,daily,registered,taskeng.exe,7691,benign,approved scheduled task
TASK-01135,2026-08-06T01:34:49Z,DEPLOY-01,NT AUTHORITY\SYSTEM,UpdateCheck,backup-agent.exe --inventory,daily,registered,taskeng.exe,3706,benign,approved scheduled task
TASK-00702,2026-08-06T01:42:26Z,DEPLOY-01,NT AUTHORITY\SYSTEM,UpdateCheck,updater.exe /check,daily,registered,taskeng.exe,4059,benign,approved scheduled task
TASK-00424,2026-08-06T01:47:19Z,FILE-01,NT AUTHORITY\SYSTEM,WebLogRotation,backup-agent.exe --inventory,daily,registered,taskeng.exe,9115,benign,approved scheduled task
TASK-01215,2026-08-06T01:51:49Z,APP-API-02,NT AUTHORITY\SYSTEM,BackupInventory,updater.exe /check,daily,run,taskeng.exe,8874,benign,approved scheduled task
TASK-00038,2026-08-06T01:57:19Z,APP-API-02,NT AUTHORITY\SYSTEM,WebLogRotation,backup-agent.exe --inventory,daily,registered,taskeng.exe,4054,benign,approved scheduled task
TASK-00094,2026-08-06T01:58:18Z,ADMIN-WS-11,NT AUTHORITY\SYSTEM,BackupInventory,powershell.exe -File C:\Ops\Rotate-Logs.ps1,daily,registered,taskeng.exe,5881,benign,approved scheduled task
TASK-00135,2026-08-06T01:58:23Z,DEPLOY-01,NT AUTHORITY\SYSTEM,WebLogRotation,powershell.exe -File C:\Ops\Rotate-Logs.ps1,daily,registered,taskeng.exe,13415,benign,approved scheduled task
TASK-00924,2026-08-06T02:01:06Z,ADMIN-WS-11,NT AUTHORITY\SYSTEM,BackupInventory,updater.exe /check,daily,registered,taskeng.exe,10385,benign,approved scheduled task
TASK-00904,2026-08-06T02:06:37Z,WEB-EDGE-01,NT AUTHORITY\SYSTEM,BackupInventory,backup-agent.exe --inventory,daily,run,taskeng.exe,6772,benign,approved scheduled task
TASK-00592,2026-08-06T02:07:20Z,ADMIN-WS-07,NT AUTHORITY\SYSTEM,UpdateCheck,updater.exe /check,daily,run,taskeng.exe,6816,benign,approved scheduled task
TASK-01025,2026-08-06T02:16:06Z,DEPLOY-01,NT AUTHORITY\SYSTEM,WebLogRotation,backup-agent.exe --inventory,daily,run,taskeng.exe,14561,benign,approved scheduled task
TASK-01021,2026-08-06T02:20:36Z,APP-API-02,NT AUTHORITY\SYSTEM,WebLogRotation,powershell.exe -File C:\Ops\Rotate-Logs.ps1,daily,run,taskeng.exe,8579,benign,approved scheduled task
TASK-01480,2026-08-06T02:25:12Z,FILE-01,NT AUTHORITY\SYSTEM,WebLogRotation,powershell.exe -File C:\Ops\Rotate-Logs.ps1,daily,run,taskeng.exe,12098,benign,approved scheduled task
TASK-01254,2026-08-06T02:42:08Z,ADMIN-WS-07,NT AUTHORITY\SYSTEM,UpdateCheck,updater.exe /check,daily,registered,taskeng.exe,3766,benign,approved scheduled task
TASK-01330,2026-08-06T02:58:56Z,ADMIN-WS-11,NT AUTHORITY\SYSTEM,UpdateCheck,updater.exe /check,daily,run,taskeng.exe,13251,benign,approved scheduled task
TASK-00044,2026-08-06T03:04:03Z,WEB-EDGE-01,NT AUTHORITY\SYSTEM,BackupInventory,backup-agent.exe --inventory,daily,registered,taskeng.exe,6139,benign,approved scheduled task
TASK-01031,2026-08-06T03:07:29Z,WEB-EDGE-01,NT AUTHORITY\SYSTEM,BackupInventory,powershell.exe -File C:\Ops\Rotate-Logs.ps1,daily,registered,taskeng.exe,8942,benign,approved scheduled task
TASK-01160,2026-08-06T03:07:38Z,WEB-EDGE-01,NT AUTHORITY\SYSTEM,BackupInventory,updater.exe /check,daily,registered,taskeng.exe,6213,benign,approved scheduled task
TASK-01028,2026-08-06T03:16:59Z,ADMIN-WS-11,NT AUTHORITY\SYSTEM,WebLogRotation,updater.exe /check,daily,registered,taskeng.exe,14680,benign,approved scheduled task
TASK-00793,2026-08-06T03:21:44Z,WEB-EDGE-01,NT AUTHORITY\SYSTEM,BackupInventory,powershell.exe -File C:\Ops\Rotate-Logs.ps1,daily,run,taskeng.exe,14033,benign,approved scheduled task
TASK-00920,2026-08-06T03:26:22Z,ADMIN-WS-07,NT AUTHORITY\SYSTEM,BackupInventory,backup-agent.exe --inventory,daily,registered,taskeng.exe,9918,benign,approved scheduled task
TASK-00504,2026-08-06T03:37:12Z,ADMIN-WS-07,NT AUTHORITY\SYSTEM,UpdateCheck,powershell.exe -File C:\Ops\Rotate-Logs.ps1,daily,registered,taskeng.exe,11807,benign,approved scheduled task
TASK-00905,2026-08-06T03:38:48Z,APP-API-02,NT AUTHORITY\SYSTEM,UpdateCheck,powershell.exe -File C:\Ops\Rotate-Logs.ps1,daily,run,taskeng.exe,13836,benign,approved scheduled task
TASK-00208,2026-08-06T03:44:52Z,VULN-SCAN-01,NT AUTHORITY\SYSTEM,UpdateCheck,powershell.exe -File C:\Ops\Rotate-Logs.ps1,daily,registered,taskeng.exe,6383,benign,approved scheduled task
TASK-01163,2026-08-06T04:12:30Z,APP-API-02,NT AUTHORITY\SYSTEM,UpdateCheck,powershell.exe -File C:\Ops\Rotate-Logs.ps1,daily,run,taskeng.exe,6066,benign,approved scheduled task
TASK-00258,2026-08-06T04:17:20Z,APP-API-02,NT AUTHORITY\SYSTEM,WebLogRotation,powershell.exe -File C:\Ops\Rotate-Logs.ps1,daily,run,taskeng.exe,4583,benign,approved scheduled task
TASK-00349,2026-08-06T04:28:56Z,DEPLOY-01,NT AUTHORITY\SYSTEM,BackupInventory,backup-agent.exe --inventory,daily,run,taskeng.exe,3659,benign,approved scheduled task
TASK-00508,2026-08-06T04:30:07Z,VULN-SCAN-01,NT AUTHORITY\SYSTEM,BackupInventory,powershell.exe -File C:\Ops\Rotate-Logs.ps1,daily,run,taskeng.exe,12477,benign,approved scheduled task
TASK-00818,2026-08-06T04:31:08Z,VULN-SCAN-01,NT AUTHORITY\SYSTEM,UpdateCheck,powershell.exe -File C:\Ops\Rotate-Logs.ps1,daily,run,taskeng.exe,10589,benign,approved scheduled task
TASK-00342,2026-08-06T04:32:51Z,VULN-SCAN-01,NT AUTHORITY\SYSTEM,WebLogRotation,updater.exe /check,daily,registered,taskeng.exe,3965,benign,approved scheduled task
TASK-01285,2026-08-06T04:56:14Z,VULN-SCAN-01,NT AUTHORITY\SYSTEM,WebLogRotation,updater.exe /check,daily,registered,taskeng.exe,8386,benign,approved scheduled task
TASK-00574,2026-08-06T05:01:08Z,ADMIN-WS-11,NT AUTHORITY\SYSTEM,BackupInventory,powershell.exe -File C:\Ops\Rotate-Logs.ps1,daily,run,taskeng.exe,5863,benign,approved scheduled task
TASK-01308,2026-08-06T05:14:43Z,VULN-SCAN-01,NT AUTHORITY\SYSTEM,UpdateCheck,backup-agent.exe --inventory,daily,run,taskeng.exe,13103,benign,approved scheduled task
TASK-01216,2026-08-06T05:23:38Z,DEPLOY-01,NT AUTHORITY\SYSTEM,BackupInventory,powershell.exe -File C:\Ops\Rotate-Logs.ps1,daily,registered,taskeng.exe,12106,benign,approved scheduled task
TASK-00102,2026-08-06T05:25:48Z,ADMIN-WS-07,NT AUTHORITY\SYSTEM,WebLogRotation,powershell.exe -File C:\Ops\Rotate-Logs.ps1,daily,registered,taskeng.exe,8026,benign,approved scheduled task
TASK-00105,2026-08-06T05:27:02Z,VULN-SCAN-01,NT AUTHORITY\SYSTEM,BackupInventory,backup-agent.exe --inventory,daily,registered,taskeng.exe,9930,benign,approved scheduled task
TASK-01317,2026-08-06T05:40:35Z,WEB-EDGE-01,NT AUTHORITY\SYSTEM,WebLogRotation,backup-agent.exe --inventory,daily,run,taskeng.exe,13453,benign,approved scheduled task
TASK-00143,2026-08-06T05:48:59Z,VULN-SCAN-01,NT AUTHORITY\SYSTEM,UpdateCheck,backup-agent.exe --inventory,daily,registered,taskeng.exe,9545,benign,approved scheduled task
TASK-00190,2026-08-06T06:08:58Z,FILE-01,NT AUTHORITY\SYSTEM,WebLogRotation,powershell.exe -File C:\Ops\Rotate-Logs.ps1,daily,run,taskeng.exe,7895,benign,approved scheduled task
TASK-01221,2026-08-06T06:18:40Z,ADMIN-WS-11,NT AUTHORITY\SYSTEM,BackupInventory,powershell.exe -File C:\Ops\Rotate-Logs.ps1,daily,registered,taskeng.exe,13631,benign,approved scheduled task
TASK-00116,2026-08-06T06:20:46Z,VULN-SCAN-01,NT AUTHORITY\SYSTEM,BackupInventory,updater.exe /check,daily,registered,taskeng.exe,10067,benign,approved scheduled task
TASK-01292,2026-08-06T06:21:20Z,DEPLOY-01,NT AUTHORITY\SYSTEM,BackupInventory,updater.exe /check,daily,registered,taskeng.exe,4645,benign,approved scheduled task
TASK-01231,2026-08-06T06:23:47Z,VULN-SCAN-01,NT AUTHORITY\SYSTEM,BackupInventory,powershell.exe -File C:\Ops\Rotate-Logs.ps1,daily,run,taskeng.exe,7752,benign,approved scheduled task
TASK-00864,2026-08-06T06:25:59Z,VULN-SCAN-01,NT AUTHORITY\SYSTEM,UpdateCheck,powershell.exe -File C:\Ops\Rotate-Logs.ps1,daily,run,taskeng.exe,14982,benign,approved scheduled task
TASK-00620,2026-08-06T06:26:25Z,FILE-01,NT AUTHORITY\SYSTEM,UpdateCheck,backup-agent.exe --inventory,daily,run,taskeng.exe,6262,benign,approved scheduled task
TASK-01226,2026-08-06T06:32:06Z,VULN-SCAN-01,NT AUTHORITY\SYSTEM,UpdateCheck,backup-agent.exe --inventory,daily,run,taskeng.exe,10955,benign,approved scheduled task
TASK-00172,2026-08-06T06:35:01Z,ADMIN-WS-11,NT AUTHORITY\SYSTEM,BackupInventory,powershell.exe -File C:\Ops\Rotate-Logs.ps1,daily,registered,taskeng.exe,7447,benign,approved scheduled task
TASK-00520,2026-08-06T06:48:01Z,ADMIN-WS-11,NT AUTHORITY\SYSTEM,WebLogRotation,backup-agent.exe --inventory,daily,registered,taskeng.exe,1449,benign,approved scheduled task
TASK-01407,2026-08-06T06:50:17Z,FILE-01,NT AUTHORITY\SYSTEM,UpdateCheck,powershell.exe -File C:\Ops\Rotate-Logs.ps1,daily,run,taskeng.exe,7475,benign,approved scheduled task
TASK-00443,2026-08-06T06:53:27Z,APP-API-02,NT AUTHORITY\SYSTEM,UpdateCheck,backup-agent.exe --inventory,daily,run,taskeng.exe,7208,benign,approved scheduled task
TASK-01252,2026-08-06T07:38:12Z,VULN-SCAN-01,NT AUTHORITY\SYSTEM,UpdateCheck,backup-agent.exe --inventory,daily,registered,taskeng.exe,10951,benign,approved scheduled task
TASK-00337,2026-08-06T07:44:56Z,ADMIN-WS-11,NT AUTHORITY\SYSTEM,UpdateCheck,updater.exe /check,daily,run,taskeng.exe,6148,benign,approved scheduled task
TASK-00828,2026-08-06T07:50:16Z,WEB-EDGE-01,NT AUTHORITY\SYSTEM,BackupInventory,powershell.exe -File C:\Ops\Rotate-Logs.ps1,daily,registered,taskeng.exe,1952,benign,approved scheduled task
TASK-00020,2026-08-06T08:09:04Z,FILE-01,NT AUTHORITY\SYSTEM,UpdateCheck,updater.exe /check,daily,registered,taskeng.exe,12470,benign,approved scheduled task
TASK-01038,2026-08-06T08:13:57Z,ADMIN-WS-07,NT AUTHORITY\SYSTEM,BackupInventory,updater.exe /check,daily,registered,taskeng.exe,5034,benign,approved scheduled task
TASK-01007,2026-08-06T08:16:17Z,ADMIN-WS-11,NT AUTHORITY\SYSTEM,WebLogRotation,backup-agent.exe --inventory,daily,run,taskeng.exe,1190,benign,approved scheduled task
TASK-00295,2026-08-06T08:17:19Z,DEPLOY-01,NT AUTHORITY\SYSTEM,UpdateCheck,backup-agent.exe --inventory,daily,run,taskeng.exe,4426,benign,approved scheduled task
TASK-01426,2026-08-06T08:22:21Z,VULN-SCAN-01,NT AUTHORITY\SYSTEM,BackupInventory,updater.exe /check,daily,run,taskeng.exe,1876,benign,approved scheduled task
TASK-00097,2026-08-06T08:26:22Z,APP-API-02,NT AUTHORITY\SYSTEM,UpdateCheck,backup-agent.exe --inventory,daily,run,taskeng.exe,5442,benign,approved scheduled task
TASK-01132,2026-08-06T08:31:50Z,ADMIN-WS-07,NT AUTHORITY\SYSTEM,WebLogRotation,backup-agent.exe --inventory,daily,run,taskeng.exe,6370,benign,approved scheduled task
TASK-00134,2026-08-06T08:41:56Z,DEPLOY-01,NT AUTHORITY\SYSTEM,WebLogRotation,updater.exe /check,daily,registered,taskeng.exe,6717,benign,approved scheduled task
TASK-01111,2026-08-06T08:45:12Z,VULN-SCAN-01,NT AUTHORITY\SYSTEM,WebLogRotation,powershell.exe -File C:\Ops\Rotate-Logs.ps1,daily,run,taskeng.exe,14688,benign,approved scheduled task
TASK-01217,2026-08-06T08:58:17Z,FILE-01,NT AUTHORITY\SYSTEM,WebLogRotation,powershell.exe -File C:\Ops\Rotate-Logs.ps1,daily,run,taskeng.exe,5995,benign,approved scheduled task
TASK-00617,2026-08-06T09:00:31Z,ADMIN-WS-07,NT AUTHORITY\SYSTEM,UpdateCheck,backup-agent.exe --inventory,daily,registered,taskeng.exe,12757,benign,approved scheduled task
TASK-00576,2026-08-06T09:03:38Z,ADMIN-WS-07,NT AUTHORITY\SYSTEM,UpdateCheck,powershell.exe -File C:\Ops\Rotate-Logs.ps1,daily,registered,taskeng.exe,5807,benign,approved scheduled task
TASK-00174,2026-08-06T09:10:26Z,ADMIN-WS-11,NT AUTHORITY\SYSTEM,UpdateCheck,backup-agent.exe --inventory,daily,run,taskeng.exe,11166,benign,approved scheduled task
TASK-00203,2026-08-06T09:16:24Z,DEPLOY-01,NT AUTHORITY\SYSTEM,BackupInventory,powershell.exe -File C:\Ops\Rotate-Logs.ps1,daily,run,taskeng.exe,5662,benign,approved scheduled task
TASK-01247,2026-08-06T09:24:59Z,ADMIN-WS-07,NT AUTHORITY\SYSTEM,WebLogRotation,backup-agent.exe --inventory,daily,registered,taskeng.exe,13839,benign,approved scheduled task
TASK-00907,2026-08-06T09:27:33Z,WEB-EDGE-01,NT AUTHORITY\SYSTEM,WebLogRotation,powershell.exe -File C:\Ops\Rotate-Logs.ps1,daily,run,taskeng.exe,6075,benign,approved scheduled task
TASK-00595,2026-08-06T09:30:08Z,APP-API-02,NT AUTHORITY\SYSTEM,WebLogRotation,backup-agent.exe --inventory,daily,registered,taskeng.exe,2678,benign,approved scheduled task
TASK-01493,2026-08-06T09:31:11Z,ADMIN-WS-11,NT AUTHORITY\SYSTEM,UpdateCheck,powershell.exe -File C:\Ops\Rotate-Logs.ps1,daily,registered,taskeng.exe,10498,benign,approved scheduled task
TASK-01037,2026-08-06T09:37:37Z,ADMIN-WS-07,NT AUTHORITY\SYSTEM,BackupInventory,backup-agent.exe --inventory,daily,run,taskeng.exe,9030,benign,approved scheduled task
TASK-00900,2026-08-06T09:38:52Z,FILE-01,NT AUTHORITY\SYSTEM,WebLogRotation,powershell.exe -File C:\Ops\Rotate-Logs.ps1,daily,registered,taskeng.exe,3159,benign,approved scheduled task
TASK-00104,2026-08-06T09:39:05Z,ADMIN-WS-11,NT AUTHORITY\SYSTEM,BackupInventory,backup-agent.exe --inventory,daily,registered,taskeng.exe,13733,benign,approved scheduled task
TASK-00673,2026-08-06T09:43:23Z,DEPLOY-01,NT AUTHORITY\SYSTEM,UpdateCheck,updater.exe /check,daily,registered,taskeng.exe,13433,benign,approved scheduled task
TASK-00170,2026-08-06T09:43:54Z,ADMIN-WS-11,NT AUTHORITY\SYSTEM,UpdateCheck,backup-agent.exe --inventory,daily,run,taskeng.exe,12276,benign,approved scheduled task
TASK-00867,2026-08-06T09:49:57Z,ADMIN-WS-07,NT AUTHORITY\SYSTEM,WebLogRotation,updater.exe /check,daily,run,taskeng.exe,4945,benign,approved scheduled task
TASK-00283,2026-08-06T10:05:14Z,VULN-SCAN-01,NT AUTHORITY\SYSTEM,WebLogRotation,updater.exe /check,daily,registered,taskeng.exe,2544,benign,approved scheduled task
TASK-01290,2026-08-06T10:07:03Z,FILE-01,NT AUTHORITY\SYSTEM,UpdateCheck,backup-agent.exe --inventory,daily,registered,taskeng.exe,6638,benign,approved scheduled task
TASK-00317,2026-08-06T10:17:19Z,ADMIN-WS-07,NT AUTHORITY\SYSTEM,UpdateCheck,updater.exe /check,daily,registered,taskeng.exe,1310,benign,approved scheduled task
TASK-01147,2026-08-06T10:20:27Z,DEPLOY-01,NT AUTHORITY\SYSTEM,BackupInventory,powershell.exe -File C:\Ops\Rotate-Logs.ps1,daily,registered,taskeng.exe,5361,benign,approved scheduled task
TASK-00181,2026-08-06T10:27:26Z,ADMIN-WS-11,NT AUTHORITY\SYSTEM,WebLogRotation,powershell.exe -File C:\Ops\Rotate-Logs.ps1,daily,run,taskeng.exe,9368,benign,approved scheduled task
TASK-00519,2026-08-06T10:37:20Z,FILE-01,NT AUTHORITY\SYSTEM,WebLogRotation,powershell.exe -File C:\Ops\Rotate-Logs.ps1,daily,run,taskeng.exe,4881,benign,approved scheduled task
TASK-00586,2026-08-06T10:40:37Z,APP-API-02,NT AUTHORITY\SYSTEM,UpdateCheck,updater.exe /check,daily,run,taskeng.exe,6937,benign,approved scheduled task
TASK-01159,2026-08-06T10:41:21Z,ADMIN-WS-11,NT AUTHORITY\SYSTEM,BackupInventory,updater.exe /check,daily,registered,taskeng.exe,9253,benign,approved scheduled task
TASK-00965,2026-08-06T10:47:02Z,FILE-01,NT AUTHORITY\SYSTEM,WebLogRotation,powershell.exe -File C:\Ops\Rotate-Logs.ps1,daily,registered,taskeng.exe,12314,benign,approved scheduled task
TASK-01040,2026-08-06T10:55:19Z,WEB-EDGE-01,NT AUTHORITY\SYSTEM,BackupInventory,powershell.exe -File C:\Ops\Rotate-Logs.ps1,daily,registered,taskeng.exe,12221,benign,approved scheduled task
TASK-01098,2026-08-06T10:55:50Z,VULN-SCAN-01,NT AUTHORITY\SYSTEM,WebLogRotation,backup-agent.exe --inventory,daily,registered,taskeng.exe,5358,benign,approved scheduled task
TASK-00059,2026-08-06T11:03:54Z,FILE-01,NT AUTHORITY\SYSTEM,WebLogRotation,powershell.exe -File C:\Ops\Rotate-Logs.ps1,daily,run,taskeng.exe,11364,benign,approved scheduled task
TASK-00196,2026-08-06T11:12:02Z,FILE-01,NT AUTHORITY\SYSTEM,WebLogRotation,powershell.exe -File C:\Ops\Rotate-Logs.ps1,daily,run,taskeng.exe,13840,benign,approved scheduled task
TASK-00665,2026-08-06T11:20:17Z,FILE-01,NT AUTHORITY\SYSTEM,BackupInventory,updater.exe /check,daily,registered,taskeng.exe,5130,benign,approved scheduled task
TASK-00228,2026-08-06T11:22:27Z,FILE-01,NT AUTHORITY\SYSTEM,BackupInventory,backup-agent.exe --inventory,daily,registered,taskeng.exe,12054,benign,approved scheduled task
TASK-00198,2026-08-06T11:28:35Z,WEB-EDGE-01,NT AUTHORITY\SYSTEM,BackupInventory,backup-agent.exe --inventory,daily,run,taskeng.exe,8239,benign,approved scheduled task
TASK-00356,2026-08-06T11:34:13Z,VULN-SCAN-01,NT AUTHORITY\SYSTEM,WebLogRotation,powershell.exe -File C:\Ops\Rotate-Logs.ps1,daily,registered,taskeng.exe,4330,benign,approved scheduled task
TASK-00017,2026-08-06T11:39:37Z,WEB-EDGE-01,NT AUTHORITY\SYSTEM,BackupInventory,powershell.exe -File C:\Ops\Rotate-Logs.ps1,daily,run,taskeng.exe,7887,benign,approved scheduled task
TASK-00437,2026-08-06T11:53:54Z,APP-API-02,NT AUTHORITY\SYSTEM,WebLogRotation,powershell.exe -File C:\Ops\Rotate-Logs.ps1,daily,registered,taskeng.exe,4794,benign,approved scheduled task
TASK-01077,2026-08-06T12:10:46Z,VULN-SCAN-01,NT AUTHORITY\SYSTEM,UpdateCheck,powershell.exe -File C:\Ops\Rotate-Logs.ps1,daily,registered,taskeng.exe,10717,benign,approved scheduled task
TASK-01420,2026-08-06T12:11:03Z,ADMIN-WS-11,NT AUTHORITY\SYSTEM,UpdateCheck,powershell.exe -File C:\Ops\Rotate-Logs.ps1,daily,registered,taskeng.exe,9607,benign,approved scheduled task
TASK-01466,2026-08-06T12:12:20Z,DEPLOY-01,NT AUTHORITY\SYSTEM,BackupInventory,backup-agent.exe --inventory,daily,run,taskeng.exe,5027,benign,approved scheduled task
TASK-00461,2026-08-06T12:19:23Z,VULN-SCAN-01,NT AUTHORITY\SYSTEM,WebLogRotation,powershell.exe -File C:\Ops\Rotate-Logs.ps1,daily,run,taskeng.exe,7607,benign,approved scheduled task
TASK-01300,2026-08-06T12:20:04Z,ADMIN-WS-07,NT AUTHORITY\SYSTEM,UpdateCheck,updater.exe /check,daily,run,taskeng.exe,7064,benign,approved scheduled task
TASK-00805,2026-08-06T12:35:47Z,FILE-01,NT AUTHORITY\SYSTEM,UpdateCheck,updater.exe /check,daily,run,taskeng.exe,3112,benign,approved scheduled task
TASK-01206,2026-08-06T12:37:05Z,ADMIN-WS-07,NT AUTHORITY\SYSTEM,WebLogRotation,updater.exe /check,daily,run,taskeng.exe,12199,benign,approved scheduled task
TASK-01081,2026-08-06T12:37:56Z,ADMIN-WS-11,NT AUTHORITY\SYSTEM,UpdateCheck,powershell.exe -File C:\Ops\Rotate-Logs.ps1,daily,registered,taskeng.exe,9173,benign,approved scheduled task
TASK-00564,2026-08-06T12:42:19Z,ADMIN-WS-07,NT AUTHORITY\SYSTEM,UpdateCheck,updater.exe /check,daily,registered,taskeng.exe,12721,benign,approved scheduled task
TASK-01449,2026-08-06T12:42:29Z,ADMIN-WS-07,NT AUTHORITY\SYSTEM,WebLogRotation,powershell.exe -File C:\Ops\Rotate-Logs.ps1,daily,registered,taskeng.exe,14332,benign,approved scheduled task
TASK-00998,2026-08-06T12:50:04Z,WEB-EDGE-01,NT AUTHORITY\SYSTEM,BackupInventory,updater.exe /check,daily,run,taskeng.exe,14553,benign,approved scheduled task
TASK-01097,2026-08-06T12:56:32Z,VULN-SCAN-01,NT AUTHORITY\SYSTEM,WebLogRotation,updater.exe /check,daily,run,taskeng.exe,7236,benign,approved scheduled task
TASK-00684,2026-08-06T12:57:22Z,WEB-EDGE-01,NT AUTHORITY\SYSTEM,UpdateCheck,backup-agent.exe --inventory,daily,registered,taskeng.exe,13028,benign,approved scheduled task
TASK-01086,2026-08-06T12:59:26Z,VULN-SCAN-01,NT AUTHORITY\SYSTEM,WebLogRotation,updater.exe /check,daily,registered,taskeng.exe,9508,benign,approved scheduled task
TASK-00029,2026-08-06T13:08:23Z,DEPLOY-01,NT AUTHORITY\SYSTEM,WebLogRotation,backup-agent.exe --inventory,daily,run,taskeng.exe,6696,benign,approved scheduled task
TASK-01140,2026-08-06T13:10:58Z,DEPLOY-01,NT AUTHORITY\SYSTEM,UpdateCheck,updater.exe /check,daily,registered,taskeng.exe,3617,benign,approved scheduled task
TASK-00952,2026-08-06T13:13:01Z,DEPLOY-01,NT AUTHORITY\SYSTEM,WebLogRotation,powershell.exe -File C:\Ops\Rotate-Logs.ps1,daily,run,taskeng.exe,14293,benign,approved scheduled task
TASK-00312,2026-08-06T13:40:46Z,APP-API-02,NT AUTHORITY\SYSTEM,BackupInventory,backup-agent.exe --inventory,daily,registered,taskeng.exe,8955,benign,approved scheduled task
TASK-00843,2026-08-06T13:42:38Z,VULN-SCAN-01,NT AUTHORITY\SYSTEM,UpdateCheck,updater.exe /check,daily,run,taskeng.exe,7033,benign,approved scheduled task
TASK-01498,2026-08-06T13:44:57Z,DEPLOY-01,NT AUTHORITY\SYSTEM,WebLogRotation,powershell.exe -File C:\Ops\Rotate-Logs.ps1,daily,registered,taskeng.exe,3877,benign,approved scheduled task
TASK-00555,2026-08-06T13:46:04Z,FILE-01,NT AUTHORITY\SYSTEM,WebLogRotation,powershell.exe -File C:\Ops\Rotate-Logs.ps1,daily,registered,taskeng.exe,3025,benign,approved scheduled task
TASK-00156,2026-08-06T14:00:56Z,VULN-SCAN-01,NT AUTHORITY\SYSTEM,WebLogRotation,updater.exe /check,daily,run,taskeng.exe,3326,benign,approved scheduled task
TASK-00757,2026-08-06T14:07:40Z,APP-API-02,NT AUTHORITY\SYSTEM,WebLogRotation,powershell.exe -File C:\Ops\Rotate-Logs.ps1,daily,registered,taskeng.exe,4200,benign,approved scheduled task
TASK-01349,2026-08-06T14:22:54Z,FILE-01,NT AUTHORITY\SYSTEM,UpdateCheck,updater.exe /check,daily,run,taskeng.exe,1220,benign,approved scheduled task
TASK-01424,2026-08-06T14:58:58Z,ADMIN-WS-07,NT AUTHORITY\SYSTEM,UpdateCheck,updater.exe /check,daily,registered,taskeng.exe,7646,benign,approved scheduled task
TASK-00278,2026-08-06T15:00:45Z,VULN-SCAN-01,NT AUTHORITY\SYSTEM,BackupInventory,powershell.exe -File C:\Ops\Rotate-Logs.ps1,daily,run,taskeng.exe,7114,benign,approved scheduled task
TASK-00816,2026-08-06T15:04:35Z,ADMIN-WS-11,NT AUTHORITY\SYSTEM,BackupInventory,powershell.exe -File C:\Ops\Rotate-Logs.ps1,daily,run,taskeng.exe,13658,benign,approved scheduled task
TASK-01134,2026-08-06T15:13:43Z,DEPLOY-01,NT AUTHORITY\SYSTEM,WebLogRotation,updater.exe /check,daily,run,taskeng.exe,10508,benign,approved scheduled task
TASK-00954,2026-08-06T15:26:44Z,WEB-EDGE-01,NT AUTHORITY\SYSTEM,WebLogRotation,backup-agent.exe --inventory,daily,run,taskeng.exe,11096,benign,approved scheduled task
TASK-00727,2026-08-06T15:29:24Z,DEPLOY-01,NT AUTHORITY\SYSTEM,BackupInventory,powershell.exe -File C:\Ops\Rotate-Logs.ps1,daily,run,taskeng.exe,10504,benign,approved scheduled task
TASK-00077,2026-08-06T15:34:14Z,VULN-SCAN-01,NT AUTHORITY\SYSTEM,UpdateCheck,backup-agent.exe --inventory,daily,registered,taskeng.exe,1877,benign,approved scheduled task
TASK-00939,2026-08-06T15:37:12Z,WEB-EDGE-01,NT AUTHORITY\SYSTEM,BackupInventory,backup-agent.exe --inventory,daily,registered,taskeng.exe,2808,benign,approved scheduled task
TASK-00713,2026-08-06T15:42:57Z,ADMIN-WS-11,NT AUTHORITY\SYSTEM,BackupInventory,powershell.exe -File C:\Ops\Rotate-Logs.ps1,daily,run,taskeng.exe,5906,benign,approved scheduled task
TASK-00115,2026-08-06T15:43:14Z,FILE-01,NT AUTHORITY\SYSTEM,WebLogRotation,updater.exe /check,daily,registered,taskeng.exe,14131,benign,approved scheduled task
TASK-01242,2026-08-06T15:44:21Z,APP-API-02,NT AUTHORITY\SYSTEM,BackupInventory,updater.exe /check,daily,run,taskeng.exe,2419,benign,approved scheduled task
TASK-00775,2026-08-06T15:44:29Z,VULN-SCAN-01,NT AUTHORITY\SYSTEM,WebLogRotation,powershell.exe -File C:\Ops\Rotate-Logs.ps1,daily,registered,taskeng.exe,6699,benign,approved scheduled task
TASK-00123,2026-08-06T15:46:18Z,VULN-SCAN-01,NT AUTHORITY\SYSTEM,UpdateCheck,updater.exe /check,daily,registered,taskeng.exe,8679,benign,approved scheduled task
TASK-00279,2026-08-06T15:51:13Z,VULN-SCAN-01,NT AUTHORITY\SYSTEM,WebLogRotation,updater.exe /check,daily,run,taskeng.exe,5131,benign,approved scheduled task
TASK-00026,2026-08-06T16:00:30Z,ADMIN-WS-11,NT AUTHORITY\SYSTEM,WebLogRotation,powershell.exe -File C:\Ops\Rotate-Logs.ps1,daily,run,taskeng.exe,13029,benign,approved scheduled task
TASK-00005,2026-08-06T16:07:19Z,VULN-SCAN-01,NT AUTHORITY\SYSTEM,BackupInventory,powershell.exe -File C:\Ops\Rotate-Logs.ps1,daily,registered,taskeng.exe,4746,benign,approved scheduled task
TASK-00326,2026-08-06T16:15:24Z,WEB-EDGE-01,NT AUTHORITY\SYSTEM,BackupInventory,backup-agent.exe --inventory,daily,registered,taskeng.exe,10913,benign,approved scheduled task
TASK-00121,2026-08-06T16:26:27Z,APP-API-02,NT AUTHORITY\SYSTEM,WebLogRotation,updater.exe /check,daily,registered,taskeng.exe,6308,benign,approved scheduled task
TASK-01261,2026-08-06T16:29:47Z,DEPLOY-01,NT AUTHORITY\SYSTEM,BackupInventory,backup-agent.exe --inventory,daily,run,taskeng.exe,7608,benign,approved scheduled task
TASK-00482,2026-08-06T16:41:40Z,ADMIN-WS-07,NT AUTHORITY\SYSTEM,BackupInventory,powershell.exe -File C:\Ops\Rotate-Logs.ps1,daily,run,taskeng.exe,13015,benign,approved scheduled task
TASK-00182,2026-08-06T16:48:38Z,ADMIN-WS-07,NT AUTHORITY\SYSTEM,UpdateCheck,updater.exe /check,daily,registered,taskeng.exe,3016,benign,approved scheduled task
TASK-00194,2026-08-06T17:02:10Z,FILE-01,NT AUTHORITY\SYSTEM,UpdateCheck,updater.exe /check,daily,registered,taskeng.exe,4609,benign,approved scheduled task
TASK-00333,2026-08-06T17:02:32Z,FILE-01,NT AUTHORITY\SYSTEM,WebLogRotation,backup-agent.exe --inventory,daily,run,taskeng.exe,3496,benign,approved scheduled task
TASK-00754,2026-08-06T17:12:19Z,DEPLOY-01,NT AUTHORITY\SYSTEM,BackupInventory,backup-agent.exe --inventory,daily,registered,taskeng.exe,3559,benign,approved scheduled task
TASK-00069,2026-08-06T17:14:53Z,VULN-SCAN-01,NT AUTHORITY\SYSTEM,UpdateCheck,updater.exe /check,daily,run,taskeng.exe,10128,benign,approved scheduled task
TASK-00406,2026-08-06T17:19:23Z,WEB-EDGE-01,NT AUTHORITY\SYSTEM,BackupInventory,backup-agent.exe --inventory,daily,run,taskeng.exe,6537,benign,approved scheduled task
TASK-00099,2026-08-06T17:19:32Z,ADMIN-WS-07,NT AUTHORITY\SYSTEM,UpdateCheck,backup-agent.exe --inventory,daily,registered,taskeng.exe,14065,benign,approved scheduled task
TASK-00016,2026-08-06T17:26:49Z,ADMIN-WS-07,NT AUTHORITY\SYSTEM,BackupInventory,powershell.exe -File C:\Ops\Rotate-Logs.ps1,daily,run,taskeng.exe,12329,benign,approved scheduled task
TASK-01309,2026-08-06T17:36:07Z,ADMIN-WS-11,NT AUTHORITY\SYSTEM,WebLogRotation,backup-agent.exe --inventory,daily,run,taskeng.exe,3656,benign,approved scheduled task
TASK-00088,2026-08-06T17:38:08Z,FILE-01,NT AUTHORITY\SYSTEM,BackupInventory,backup-agent.exe --inventory,daily,run,taskeng.exe,2172,benign,approved scheduled task
TASK-00640,2026-08-06T17:51:16Z,FILE-01,NT AUTHORITY\SYSTEM,WebLogRotation,powershell.exe -File C:\Ops\Rotate-Logs.ps1,daily,run,taskeng.exe,8274,benign,approved scheduled task
TASK-00594,2026-08-06T17:55:13Z,APP-API-02,NT AUTHORITY\SYSTEM,UpdateCheck,backup-agent.exe --inventory,daily,run,taskeng.exe,2855,benign,approved scheduled task
TASK-01316,2026-08-06T17:57:40Z,ADMIN-WS-07,NT AUTHORITY\SYSTEM,BackupInventory,updater.exe /check,daily,run,taskeng.exe,8805,benign,approved scheduled task
TASK-00723,2026-08-06T18:01:58Z,WEB-EDGE-01,NT AUTHORITY\SYSTEM,BackupInventory,powershell.exe -File C:\Ops\Rotate-Logs.ps1,daily,run,taskeng.exe,10118,benign,approved scheduled task
TASK-00033,2026-08-06T18:04:00Z,ADMIN-WS-11,NT AUTHORITY\SYSTEM,UpdateCheck,updater.exe /check,daily,registered,taskeng.exe,12310,benign,approved scheduled task
TASK-00118,2026-08-06T18:13:05Z,VULN-SCAN-01,NT AUTHORITY\SYSTEM,BackupInventory,powershell.exe -File C:\Ops\Rotate-Logs.ps1,daily,registered,taskeng.exe,13679,benign,approved scheduled task
TASK-00881,2026-08-06T18:26:45Z,DEPLOY-01,NT AUTHORITY\SYSTEM,BackupInventory,powershell.exe -File C:\Ops\Rotate-Logs.ps1,daily,registered,taskeng.exe,4103,benign,approved scheduled task
TASK-00271,2026-08-06T18:27:00Z,ADMIN-WS-07,NT AUTHORITY\SYSTEM,WebLogRotation,updater.exe /check,daily,run,taskeng.exe,12722,benign,approved scheduled task
TASK-00032,2026-08-06T18:39:22Z,APP-API-02,NT AUTHORITY\SYSTEM,WebLogRotation,backup-agent.exe --inventory,daily,run,taskeng.exe,11118,benign,approved scheduled task
TASK-00056,2026-08-06T18:42:58Z,VULN-SCAN-01,NT AUTHORITY\SYSTEM,UpdateCheck,updater.exe /check,daily,run,taskeng.exe,7242,benign,approved scheduled task
TASK-01272,2026-08-06T18:45:36Z,ADMIN-WS-07,NT AUTHORITY\SYSTEM,BackupInventory,backup-agent.exe --inventory,daily,registered,taskeng.exe,12875,benign,approved scheduled task
TASK-00113,2026-08-06T18:52:41Z,VULN-SCAN-01,NT AUTHORITY\SYSTEM,UpdateCheck,backup-agent.exe --inventory,daily,registered,taskeng.exe,10909,benign,approved scheduled task
TASK-01171,2026-08-06T19:10:56Z,VULN-SCAN-01,NT AUTHORITY\SYSTEM,UpdateCheck,backup-agent.exe --inventory,daily,run,taskeng.exe,2696,benign,approved scheduled task
TASK-00582,2026-08-06T19:14:43Z,ADMIN-WS-11,NT AUTHORITY\SYSTEM,WebLogRotation,powershell.exe -File C:\Ops\Rotate-Logs.ps1,daily,registered,taskeng.exe,4379,benign,approved scheduled task
TASK-01478,2026-08-06T19:14:54Z,WEB-EDGE-01,NT AUTHORITY\SYSTEM,WebLogRotation,updater.exe /check,daily,registered,taskeng.exe,9910,benign,approved scheduled task
TASK-00700,2026-08-06T19:29:14Z,FILE-01,NT AUTHORITY\SYSTEM,UpdateCheck,powershell.exe -File C:\Ops\Rotate-Logs.ps1,daily,run,taskeng.exe,14608,benign,approved scheduled task
TASK-01358,2026-08-06T19:31:37Z,VULN-SCAN-01,NT AUTHORITY\SYSTEM,UpdateCheck,updater.exe /check,daily,registered,taskeng.exe,7960,benign,approved scheduled task
TASK-00766,2026-08-06T19:38:34Z,APP-API-02,NT AUTHORITY\SYSTEM,WebLogRotation,backup-agent.exe --inventory,daily,registered,taskeng.exe,11440,benign,approved scheduled task
TASK-00476,2026-08-06T19:42:49Z,DEPLOY-01,NT AUTHORITY\SYSTEM,UpdateCheck,powershell.exe -File C:\Ops\Rotate-Logs.ps1,daily,run,taskeng.exe,12363,benign,approved scheduled task
TASK-00739,2026-08-06T19:43:47Z,ADMIN-WS-07,NT AUTHORITY\SYSTEM,BackupInventory,powershell.exe -File C:\Ops\Rotate-Logs.ps1,daily,run,taskeng.exe,13683,benign,approved scheduled task
TASK-00110,2026-08-06T19:47:17Z,DEPLOY-01,NT AUTHORITY\SYSTEM,BackupInventory,updater.exe /check,daily,registered,taskeng.exe,9589,benign,approved scheduled task
TASK-00133,2026-08-06T19:50:51Z,WEB-EDGE-01,NT AUTHORITY\SYSTEM,UpdateCheck,powershell.exe -File C:\Ops\Rotate-Logs.ps1,daily,registered,taskeng.exe,12413,benign,approved scheduled task
TASK-00423,2026-08-06T19:53:09Z,ADMIN-WS-07,NT AUTHORITY\SYSTEM,BackupInventory,backup-agent.exe --inventory,daily,registered,taskeng.exe,13010,benign,approved scheduled task
TASK-00236,2026-08-06T19:53:59Z,WEB-EDGE-01,NT AUTHORITY\SYSTEM,UpdateCheck,powershell.exe -File C:\Ops\Rotate-Logs.ps1,daily,registered,taskeng.exe,8179,benign,approved scheduled task
TASK-00132,2026-08-06T19:54:15Z,DEPLOY-01,NT AUTHORITY\SYSTEM,BackupInventory,backup-agent.exe --inventory,daily,run,taskeng.exe,2362,benign,approved scheduled task
TASK-01454,2026-08-06T19:59:29Z,ADMIN-WS-11,NT AUTHORITY\SYSTEM,UpdateCheck,powershell.exe -File C:\Ops\Rotate-Logs.ps1,daily,registered,taskeng.exe,8926,benign,approved scheduled task
TASK-00667,2026-08-06T20:09:40Z,APP-API-02,NT AUTHORITY\SYSTEM,WebLogRotation,updater.exe /check,daily,run,taskeng.exe,7669,benign,approved scheduled task
TASK-00814,2026-08-06T20:09:43Z,WEB-EDGE-01,NT AUTHORITY\SYSTEM,UpdateCheck,updater.exe /check,daily,registered,taskeng.exe,1680,benign,approved scheduled task
TASK-01089,2026-08-06T20:20:45Z,VULN-SCAN-01,NT AUTHORITY\SYSTEM,BackupInventory,backup-agent.exe --inventory,daily,run,taskeng.exe,2839,benign,approved scheduled task
TASK-01337,2026-08-06T20:25:37Z,FILE-01,NT AUTHORITY\SYSTEM,WebLogRotation,powershell.exe -File C:\Ops\Rotate-Logs.ps1,daily,run,taskeng.exe,8150,benign,approved scheduled task
TASK-00669,2026-08-06T20:27:40Z,FILE-01,NT AUTHORITY\SYSTEM,UpdateCheck,powershell.exe -File C:\Ops\Rotate-Logs.ps1,daily,run,taskeng.exe,3805,benign,approved scheduled task
TASK-01010,2026-08-06T20:47:04Z,VULN-SCAN-01,NT AUTHORITY\SYSTEM,WebLogRotation,backup-agent.exe --inventory,daily,registered,taskeng.exe,3028,benign,approved scheduled task
TASK-01029,2026-08-06T20:58:23Z,WEB-EDGE-01,NT AUTHORITY\SYSTEM,UpdateCheck,backup-agent.exe --inventory,daily,run,taskeng.exe,1642,benign,approved scheduled task
TASK-01320,2026-08-06T21:02:00Z,ADMIN-WS-07,NT AUTHORITY\SYSTEM,BackupInventory,updater.exe /check,daily,registered,taskeng.exe,3790,benign,approved scheduled task
TASK-01371,2026-08-06T21:04:04Z,DEPLOY-01,NT AUTHORITY\SYSTEM,BackupInventory,backup-agent.exe --inventory,daily,run,taskeng.exe,1532,benign,approved scheduled task
TASK-01141,2026-08-06T21:06:07Z,FILE-01,NT AUTHORITY\SYSTEM,BackupInventory,backup-agent.exe --inventory,daily,registered,taskeng.exe,7670,benign,approved scheduled task
TASK-00383,2026-08-06T21:22:54Z,APP-API-02,NT AUTHORITY\SYSTEM,BackupInventory,powershell.exe -File C:\Ops\Rotate-Logs.ps1,daily,registered,taskeng.exe,12340,benign,approved scheduled task
TASK-00189,2026-08-06T21:23:25Z,ADMIN-WS-07,NT AUTHORITY\SYSTEM,BackupInventory,backup-agent.exe --inventory,daily,registered,taskeng.exe,2209,benign,approved scheduled task
TASK-00844,2026-08-06T21:25:34Z,DEPLOY-01,NT AUTHORITY\SYSTEM,WebLogRotation,powershell.exe -File C:\Ops\Rotate-Logs.ps1,daily,registered,taskeng.exe,8590,benign,approved scheduled task
TASK-01372,2026-08-06T21:31:25Z,APP-API-02,NT AUTHORITY\SYSTEM,BackupInventory,updater.exe /check,daily,run,taskeng.exe,7786,benign,approved scheduled task
TASK-00086,2026-08-06T21:31:43Z,DEPLOY-01,NT AUTHORITY\SYSTEM,UpdateCheck,powershell.exe -File C:\Ops\Rotate-Logs.ps1,daily,registered,taskeng.exe,12060,benign,approved scheduled task
TASK-00691,2026-08-06T21:32:55Z,DEPLOY-01,NT AUTHORITY\SYSTEM,WebLogRotation,backup-agent.exe --inventory,daily,run,taskeng.exe,1358,benign,approved scheduled task
TASK-00158,2026-08-06T21:34:39Z,APP-API-02,NT AUTHORITY\SYSTEM,WebLogRotation,backup-agent.exe --inventory,daily,run,taskeng.exe,12537,benign,approved scheduled task
TASK-00825,2026-08-06T21:41:49Z,APP-API-02,NT AUTHORITY\SYSTEM,UpdateCheck,powershell.exe -File C:\Ops\Rotate-Logs.ps1,daily,run,taskeng.exe,12794,benign,approved scheduled task
TASK-00537,2026-08-06T21:46:20Z,WEB-EDGE-01,NT AUTHORITY\SYSTEM,UpdateCheck,updater.exe /check,daily,registered,taskeng.exe,8358,benign,approved scheduled task
TASK-00100,2026-08-06T21:46:58Z,VULN-SCAN-01,NT AUTHORITY\SYSTEM,WebLogRotation,updater.exe /check,daily,run,taskeng.exe,10935,benign,approved scheduled task
TASK-01174,2026-08-06T21:51:55Z,VULN-SCAN-01,NT AUTHORITY\SYSTEM,UpdateCheck,powershell.exe -File C:\Ops\Rotate-Logs.ps1,daily,run,taskeng.exe,5430,benign,approved scheduled task
TASK-00895,2026-08-06T21:52:53Z,VULN-SCAN-01,NT AUTHORITY\SYSTEM,BackupInventory,powershell.exe -File C:\Ops\Rotate-Logs.ps1,daily,run,taskeng.exe,1865,benign,approved scheduled task
TASK-00840,2026-08-06T22:05:07Z,VULN-SCAN-01,NT AUTHORITY\SYSTEM,UpdateCheck,powershell.exe -File C:\Ops\Rotate-Logs.ps1,daily,run,taskeng.exe,1691,benign,approved scheduled task
TASK-00518,2026-08-06T22:05:51Z,ADMIN-WS-11,NT AUTHORITY\SYSTEM,UpdateCheck,powershell.exe -File C:\Ops\Rotate-Logs.ps1,daily,registered,taskeng.exe,5941,benign,approved scheduled task
TASK-00042,2026-08-06T22:15:04Z,ADMIN-WS-11,NT AUTHORITY\SYSTEM,UpdateCheck,backup-agent.exe --inventory,daily,registered,taskeng.exe,4836,benign,approved scheduled task
TASK-00464,2026-08-06T22:16:56Z,ADMIN-WS-07,NT AUTHORITY\SYSTEM,WebLogRotation,updater.exe /check,daily,run,taskeng.exe,12258,benign,approved scheduled task
TASK-00426,2026-08-06T22:19:29Z,APP-API-02,NT AUTHORITY\SYSTEM,BackupInventory,updater.exe /check,daily,registered,taskeng.exe,5908,benign,approved scheduled task
TASK-01172,2026-08-06T22:19:44Z,FILE-01,NT AUTHORITY\SYSTEM,UpdateCheck,powershell.exe -File C:\Ops\Rotate-Logs.ps1,daily,registered,taskeng.exe,6452,benign,approved scheduled task
TASK-00598,2026-08-06T22:32:41Z,WEB-EDGE-01,NT AUTHORITY\SYSTEM,BackupInventory,updater.exe /check,daily,run,taskeng.exe,7523,benign,approved scheduled task
TASK-00048,2026-08-06T22:35:04Z,VULN-SCAN-01,NT AUTHORITY\SYSTEM,UpdateCheck,powershell.exe -File C:\Ops\Rotate-Logs.ps1,daily,run,taskeng.exe,11238,benign,approved scheduled task
TASK-00988,2026-08-06T22:42:19Z,ADMIN-WS-07,NT AUTHORITY\SYSTEM,BackupInventory,backup-agent.exe --inventory,daily,run,taskeng.exe,13312,benign,approved scheduled task
TASK-00480,2026-08-06T22:55:43Z,WEB-EDGE-01,NT AUTHORITY\SYSTEM,BackupInventory,powershell.exe -File C:\Ops\Rotate-Logs.ps1,daily,run,taskeng.exe,11401,benign,approved scheduled task
TASK-00531,2026-08-06T23:15:40Z,FILE-01,NT AUTHORITY\SYSTEM,UpdateCheck,updater.exe /check,daily,registered,taskeng.exe,13069,benign,approved scheduled task
TASK-00139,2026-08-06T23:16:11Z,APP-API-02,NT AUTHORITY\SYSTEM,UpdateCheck,backup-agent.exe --inventory,daily,run,taskeng.exe,1853,benign,approved scheduled task
TASK-00674,2026-08-06T23:21:09Z,ADMIN-WS-11,NT AUTHORITY\SYSTEM,BackupInventory,updater.exe /check,daily,run,taskeng.exe,6274,benign,approved scheduled task
TASK-00834,2026-08-06T23:22:22Z,ADMIN-WS-07,NT AUTHORITY\SYSTEM,BackupInventory,updater.exe /check,daily,run,taskeng.exe,1597,benign,approved scheduled task
TASK-00645,2026-08-06T23:26:55Z,WEB-EDGE-01,NT AUTHORITY\SYSTEM,WebLogRotation,updater.exe /check,daily,run,taskeng.exe,5871,benign,approved scheduled task
TASK-01176,2026-08-06T23:29:41Z,APP-API-02,NT AUTHORITY\SYSTEM,WebLogRotation,updater.exe /check,daily,run,taskeng.exe,8318,benign,approved scheduled task
TASK-01383,2026-08-06T23:50:05Z,DEPLOY-01,NT AUTHORITY\SYSTEM,WebLogRotation,backup-agent.exe --inventory,daily,registered,taskeng.exe,13992,benign,approved scheduled task
TASK-00159,2026-08-06T23:50:32Z,APP-API-02,NT AUTHORITY\SYSTEM,WebLogRotation,backup-agent.exe --inventory,daily,registered,taskeng.exe,8649,benign,approved scheduled task
TASK-01173,2026-08-06T23:53:14Z,APP-API-02,NT AUTHORITY\SYSTEM,WebLogRotation,backup-agent.exe --inventory,daily,run,taskeng.exe,9468,benign,approved scheduled task
TASK-00919,2026-08-06T23:53:27Z,APP-API-02,NT AUTHORITY\SYSTEM,BackupInventory,powershell.exe -File C:\Ops\Rotate-Logs.ps1,daily,registered,taskeng.exe,7693,benign,approved scheduled task
TASK-00367,2026-08-06T23:53:48Z,FILE-01,NT AUTHORITY\SYSTEM,WebLogRotation,backup-agent.exe --inventory,daily,registered,taskeng.exe,13704,benign,approved scheduled task
TASK-01287,2026-08-07T00:04:39Z,APP-API-02,NT AUTHORITY\SYSTEM,WebLogRotation,backup-agent.exe --inventory,daily,run,taskeng.exe,8450,benign,approved scheduled task
TASK-00760,2026-08-07T00:10:31Z,DEPLOY-01,NT AUTHORITY\SYSTEM,WebLogRotation,powershell.exe -File C:\Ops\Rotate-Logs.ps1,daily,registered,taskeng.exe,2849,benign,approved scheduled task
TASK-00217,2026-08-07T00:19:52Z,VULN-SCAN-01,NT AUTHORITY\SYSTEM,BackupInventory,backup-agent.exe --inventory,daily,run,taskeng.exe,3262,benign,approved scheduled task
TASK-00826,2026-08-07T00:30:55Z,WEB-EDGE-01,NT AUTHORITY\SYSTEM,UpdateCheck,powershell.exe -File C:\Ops\Rotate-Logs.ps1,daily,run,taskeng.exe,4708,benign,approved scheduled task
TASK-01236,2026-08-07T01:04:20Z,DEPLOY-01,NT AUTHORITY\SYSTEM,BackupInventory,backup-agent.exe --inventory,daily,run,taskeng.exe,5667,benign,approved scheduled task
TASK-00291,2026-08-07T01:07:39Z,WEB-EDGE-01,NT AUTHORITY\SYSTEM,UpdateCheck,powershell.exe -File C:\Ops\Rotate-Logs.ps1,daily,run,taskeng.exe,12014,benign,approved scheduled task
TASK-01464,2026-08-07T01:27:03Z,VULN-SCAN-01,NT AUTHORITY\SYSTEM,WebLogRotation,updater.exe /check,daily,run,taskeng.exe,1573,benign,approved scheduled task
TASK-00517,2026-08-07T01:33:27Z,DEPLOY-01,NT AUTHORITY\SYSTEM,UpdateCheck,powershell.exe -File C:\Ops\Rotate-Logs.ps1,daily,run,taskeng.exe,14463,benign,approved scheduled task
TASK-00755,2026-08-07T01:40:01Z,DEPLOY-01,NT AUTHORITY\SYSTEM,WebLogRotation,updater.exe /check,daily,run,taskeng.exe,1703,benign,approved scheduled task
TASK-00186,2026-08-07T01:45:33Z,FILE-01,NT AUTHORITY\SYSTEM,WebLogRotation,powershell.exe -File C:\Ops\Rotate-Logs.ps1,daily,run,taskeng.exe,3678,benign,approved scheduled task
TASK-00301,2026-08-07T01:56:40Z,FILE-01,NT AUTHORITY\SYSTEM,BackupInventory,powershell.exe -File C:\Ops\Rotate-Logs.ps1,daily,run,taskeng.exe,11905,benign,approved scheduled task
TASK-01012,2026-08-07T01:59:31Z,VULN-SCAN-01,NT AUTHORITY\SYSTEM,UpdateCheck,powershell.exe -File C:\Ops\Rotate-Logs.ps1,daily,run,taskeng.exe,11083,benign,approved scheduled task
TASK-00675,2026-08-07T02:01:43Z,APP-API-02,NT AUTHORITY\SYSTEM,UpdateCheck,backup-agent.exe --inventory,daily,registered,taskeng.exe,7730,benign,approved scheduled task
TASK-00660,2026-08-07T02:04:08Z,APP-API-02,NT AUTHORITY\SYSTEM,UpdateCheck,updater.exe /check,daily,run,taskeng.exe,6273,benign,approved scheduled task
TASK-00551,2026-08-07T02:11:49Z,DEPLOY-01,NT AUTHORITY\SYSTEM,WebLogRotation,backup-agent.exe --inventory,daily,run,taskeng.exe,14403,benign,approved scheduled task
TASK-01061,2026-08-07T02:21:02Z,VULN-SCAN-01,NT AUTHORITY\SYSTEM,WebLogRotation,updater.exe /check,daily,registered,taskeng.exe,7961,benign,approved scheduled task
TASK-00865,2026-08-07T02:21:57Z,VULN-SCAN-01,NT AUTHORITY\SYSTEM,WebLogRotation,updater.exe /check,daily,run,taskeng.exe,8056,benign,approved scheduled task
TASK-00483,2026-08-07T02:25:03Z,DEPLOY-01,NT AUTHORITY\SYSTEM,BackupInventory,powershell.exe -File C:\Ops\Rotate-Logs.ps1,daily,run,taskeng.exe,5682,benign,approved scheduled task
TASK-01465,2026-08-07T02:39:00Z,ADMIN-WS-11,NT AUTHORITY\SYSTEM,UpdateCheck,updater.exe /check,daily,registered,taskeng.exe,8619,benign,approved scheduled task
TASK-00618,2026-08-07T02:47:55Z,ADMIN-WS-07,NT AUTHORITY\SYSTEM,UpdateCheck,backup-agent.exe --inventory,daily,registered,taskeng.exe,14675,benign,approved scheduled task
TASK-01224,2026-08-07T02:56:39Z,APP-API-02,NT AUTHORITY\SYSTEM,BackupInventory,powershell.exe -File C:\Ops\Rotate-Logs.ps1,daily,registered,taskeng.exe,8453,benign,approved scheduled task
TASK-00324,2026-08-07T03:07:37Z,WEB-EDGE-01,NT AUTHORITY\SYSTEM,WebLogRotation,updater.exe /check,daily,run,taskeng.exe,4148,benign,approved scheduled task
TASK-01350,2026-08-07T03:12:10Z,VULN-SCAN-01,NT AUTHORITY\SYSTEM,UpdateCheck,powershell.exe -File C:\Ops\Rotate-Logs.ps1,daily,run,taskeng.exe,4383,benign,approved scheduled task
TASK-01244,2026-08-07T03:14:37Z,VULN-SCAN-01,NT AUTHORITY\SYSTEM,UpdateCheck,backup-agent.exe --inventory,daily,run,taskeng.exe,5765,benign,approved scheduled task
TASK-00202,2026-08-07T03:39:53Z,APP-API-02,NT AUTHORITY\SYSTEM,BackupInventory,powershell.exe -File C:\Ops\Rotate-Logs.ps1,daily,run,taskeng.exe,13171,benign,approved scheduled task
TASK-00627,2026-08-07T03:42:30Z,WEB-EDGE-01,NT AUTHORITY\SYSTEM,UpdateCheck,backup-agent.exe --inventory,daily,run,taskeng.exe,3792,benign,approved scheduled task
TASK-00352,2026-08-07T03:47:25Z,DEPLOY-01,NT AUTHORITY\SYSTEM,BackupInventory,backup-agent.exe --inventory,daily,registered,taskeng.exe,13955,benign,approved scheduled task
TASK-00103,2026-08-07T04:03:03Z,ADMIN-WS-11,NT AUTHORITY\SYSTEM,BackupInventory,backup-agent.exe --inventory,daily,run,taskeng.exe,1446,benign,approved scheduled task
TASK-00969,2026-08-07T04:03:30Z,DEPLOY-01,NT AUTHORITY\SYSTEM,UpdateCheck,powershell.exe -File C:\Ops\Rotate-Logs.ps1,daily,run,taskeng.exe,3813,benign,approved scheduled task
TASK-00729,2026-08-07T04:06:02Z,FILE-01,NT AUTHORITY\SYSTEM,UpdateCheck,backup-agent.exe --inventory,daily,registered,taskeng.exe,14131,benign,approved scheduled task
TASK-00377,2026-08-07T04:09:24Z,WEB-EDGE-01,NT AUTHORITY\SYSTEM,WebLogRotation,backup-agent.exe --inventory,daily,run,taskeng.exe,10709,benign,approved scheduled task
TASK-00719,2026-08-07T04:15:11Z,ADMIN-WS-11,NT AUTHORITY\SYSTEM,UpdateCheck,backup-agent.exe --inventory,daily,run,taskeng.exe,2483,benign,approved scheduled task
TASK-00453,2026-08-07T04:16:28Z,ADMIN-WS-11,NT AUTHORITY\SYSTEM,BackupInventory,updater.exe /check,daily,run,taskeng.exe,11767,benign,approved scheduled task
TASK-01175,2026-08-07T04:17:05Z,ADMIN-WS-07,NT AUTHORITY\SYSTEM,WebLogRotation,powershell.exe -File C:\Ops\Rotate-Logs.ps1,daily,run,taskeng.exe,10185,benign,approved scheduled task
TASK-00597,2026-08-07T04:27:27Z,ADMIN-WS-07,NT AUTHORITY\SYSTEM,BackupInventory,backup-agent.exe --inventory,daily,run,taskeng.exe,5117,benign,approved scheduled task
TASK-00940,2026-08-07T04:38:35Z,ADMIN-WS-07,NT AUTHORITY\SYSTEM,UpdateCheck,backup-agent.exe --inventory,daily,run,taskeng.exe,11885,benign,approved scheduled task
TASK-01197,2026-08-07T04:42:04Z,FILE-01,NT AUTHORITY\SYSTEM,BackupInventory,backup-agent.exe --inventory,daily,run,taskeng.exe,8456,benign,approved scheduled task
TASK-00211,2026-08-07T04:42:55Z,APP-API-02,NT AUTHORITY\SYSTEM,WebLogRotation,updater.exe /check,daily,run,taskeng.exe,6946,benign,approved scheduled task
TASK-00710,2026-08-07T04:47:11Z,ADMIN-WS-11,NT AUTHORITY\SYSTEM,BackupInventory,updater.exe /check,daily,run,taskeng.exe,13050,benign,approved scheduled task
TASK-00795,2026-08-07T04:54:31Z,DEPLOY-01,NT AUTHORITY\SYSTEM,WebLogRotation,backup-agent.exe --inventory,daily,run,taskeng.exe,10577,benign,approved scheduled task
TASK-00979,2026-08-07T04:59:59Z,VULN-SCAN-01,NT AUTHORITY\SYSTEM,BackupInventory,updater.exe /check,daily,registered,taskeng.exe,5400,benign,approved scheduled task
TASK-00361,2026-08-07T05:06:49Z,ADMIN-WS-11,NT AUTHORITY\SYSTEM,WebLogRotation,powershell.exe -File C:\Ops\Rotate-Logs.ps1,daily,registered,taskeng.exe,14945,benign,approved scheduled task
TASK-00256,2026-08-07T05:07:06Z,APP-API-02,NT AUTHORITY\SYSTEM,WebLogRotation,updater.exe /check,daily,registered,taskeng.exe,11583,benign,approved scheduled task
TASK-00687,2026-08-07T05:13:16Z,APP-API-02,NT AUTHORITY\SYSTEM,WebLogRotation,backup-agent.exe --inventory,daily,run,taskeng.exe,3143,benign,approved scheduled task
TASK-01492,2026-08-07T05:17:16Z,ADMIN-WS-11,NT AUTHORITY\SYSTEM,BackupInventory,backup-agent.exe --inventory,daily,run,taskeng.exe,14000,benign,approved scheduled task
TASK-00201,2026-08-07T05:17:31Z,FILE-01,NT AUTHORITY\SYSTEM,UpdateCheck,updater.exe /check,daily,registered,taskeng.exe,10773,benign,approved scheduled task
TASK-01366,2026-08-07T05:27:20Z,WEB-EDGE-01,NT AUTHORITY\SYSTEM,BackupInventory,powershell.exe -File C:\Ops\Rotate-Logs.ps1,daily,run,taskeng.exe,6129,benign,approved scheduled task
TASK-00273,2026-08-07T05:31:11Z,ADMIN-WS-07,NT AUTHORITY\SYSTEM,BackupInventory,powershell.exe -File C:\Ops\Rotate-Logs.ps1,daily,run,taskeng.exe,8786,benign,approved scheduled task
TASK-00307,2026-08-07T05:35:56Z,FILE-01,NT AUTHORITY\SYSTEM,UpdateCheck,backup-agent.exe --inventory,daily,registered,taskeng.exe,6074,benign,approved scheduled task
TASK-00045,2026-08-07T05:38:03Z,FILE-01,NT AUTHORITY\SYSTEM,BackupInventory,backup-agent.exe --inventory,daily,registered,taskeng.exe,2888,benign,approved scheduled task
TASK-00694,2026-08-07T05:46:56Z,VULN-SCAN-01,NT AUTHORITY\SYSTEM,WebLogRotation,updater.exe /check,daily,registered,taskeng.exe,10895,benign,approved scheduled task
TASK-00493,2026-08-07T05:47:43Z,FILE-01,NT AUTHORITY\SYSTEM,BackupInventory,backup-agent.exe --inventory,daily,run,taskeng.exe,5585,benign,approved scheduled task
TASK-00544,2026-08-07T05:55:24Z,DEPLOY-01,NT AUTHORITY\SYSTEM,UpdateCheck,backup-agent.exe --inventory,daily,run,taskeng.exe,9905,benign,approved scheduled task
TASK-01445,2026-08-07T06:05:46Z,ADMIN-WS-07,NT AUTHORITY\SYSTEM,BackupInventory,backup-agent.exe --inventory,daily,registered,taskeng.exe,4593,benign,approved scheduled task
TASK-00177,2026-08-07T06:08:52Z,WEB-EDGE-01,NT AUTHORITY\SYSTEM,UpdateCheck,powershell.exe -File C:\Ops\Rotate-Logs.ps1,daily,registered,taskeng.exe,2628,benign,approved scheduled task
TASK-00309,2026-08-07T06:10:44Z,VULN-SCAN-01,NT AUTHORITY\SYSTEM,UpdateCheck,powershell.exe -File C:\Ops\Rotate-Logs.ps1,daily,run,taskeng.exe,14417,benign,approved scheduled task
TASK-00206,2026-08-07T06:12:58Z,ADMIN-WS-11,NT AUTHORITY\SYSTEM,BackupInventory,updater.exe /check,daily,run,taskeng.exe,1664,benign,approved scheduled task
TASK-00680,2026-08-07T06:19:15Z,VULN-SCAN-01,NT AUTHORITY\SYSTEM,BackupInventory,updater.exe /check,daily,registered,taskeng.exe,5187,benign,approved scheduled task
TASK-00142,2026-08-07T06:19:35Z,WEB-EDGE-01,NT AUTHORITY\SYSTEM,BackupInventory,backup-agent.exe --inventory,daily,run,taskeng.exe,9417,benign,approved scheduled task
TASK-00415,2026-08-07T06:26:35Z,VULN-SCAN-01,NT AUTHORITY\SYSTEM,WebLogRotation,updater.exe /check,daily,registered,taskeng.exe,2865,benign,approved scheduled task
TASK-00705,2026-08-07T06:29:04Z,WEB-EDGE-01,NT AUTHORITY\SYSTEM,UpdateCheck,backup-agent.exe --inventory,daily,registered,taskeng.exe,13555,benign,approved scheduled task
TASK-00806,2026-08-07T06:31:28Z,APP-API-02,NT AUTHORITY\SYSTEM,WebLogRotation,updater.exe /check,daily,registered,taskeng.exe,3273,benign,approved scheduled task
TASK-01456,2026-08-07T06:43:19Z,FILE-01,NT AUTHORITY\SYSTEM,UpdateCheck,updater.exe /check,daily,registered,taskeng.exe,4057,benign,approved scheduled task
TASK-01198,2026-08-07T06:50:39Z,APP-API-02,NT AUTHORITY\SYSTEM,BackupInventory,powershell.exe -File C:\Ops\Rotate-Logs.ps1,daily,registered,taskeng.exe,8379,benign,approved scheduled task
TASK-00413,2026-08-07T06:53:05Z,ADMIN-WS-11,NT AUTHORITY\SYSTEM,BackupInventory,backup-agent.exe --inventory,daily,run,taskeng.exe,10562,benign,approved scheduled task
TASK-01315,2026-08-07T06:54:41Z,VULN-SCAN-01,NT AUTHORITY\SYSTEM,WebLogRotation,updater.exe /check,daily,run,taskeng.exe,4587,benign,approved scheduled task
TASK-00578,2026-08-07T07:08:06Z,APP-API-02,NT AUTHORITY\SYSTEM,UpdateCheck,updater.exe /check,daily,run,taskeng.exe,11647,benign,approved scheduled task
TASK-01442,2026-08-07T07:08:47Z,DEPLOY-01,NT AUTHORITY\SYSTEM,WebLogRotation,powershell.exe -File C:\Ops\Rotate-Logs.ps1,daily,registered,taskeng.exe,14158,benign,approved scheduled task
TASK-00400,2026-08-07T07:27:08Z,DEPLOY-01,NT AUTHORITY\SYSTEM,WebLogRotation,updater.exe /check,daily,run,taskeng.exe,7674,benign,approved scheduled task
TASK-00662,2026-08-07T07:27:15Z,ADMIN-WS-11,NT AUTHORITY\SYSTEM,UpdateCheck,updater.exe /check,daily,run,taskeng.exe,5960,benign,approved scheduled task
TASK-00741,2026-08-07T07:34:33Z,DEPLOY-01,NT AUTHORITY\SYSTEM,UpdateCheck,powershell.exe -File C:\Ops\Rotate-Logs.ps1,daily,registered,taskeng.exe,1402,benign,approved scheduled task
TASK-01324,2026-08-07T07:37:19Z,VULN-SCAN-01,NT AUTHORITY\SYSTEM,BackupInventory,backup-agent.exe --inventory,daily,run,taskeng.exe,3765,benign,approved scheduled task
TASK-00624,2026-08-07T07:47:37Z,ADMIN-WS-07,NT AUTHORITY\SYSTEM,UpdateCheck,backup-agent.exe --inventory,daily,run,taskeng.exe,7635,benign,approved scheduled task
TASK-00318,2026-08-07T07:58:07Z,ADMIN-WS-07,NT AUTHORITY\SYSTEM,WebLogRotation,powershell.exe -File C:\Ops\Rotate-Logs.ps1,daily,run,taskeng.exe,13215,benign,approved scheduled task
TASK-00717,2026-08-07T08:05:30Z,DEPLOY-01,NT AUTHORITY\SYSTEM,BackupInventory,backup-agent.exe --inventory,daily,registered,taskeng.exe,11579,benign,approved scheduled task
TASK-00372,2026-08-07T08:16:24Z,ADMIN-WS-11,NT AUTHORITY\SYSTEM,UpdateCheck,backup-agent.exe --inventory,daily,run,taskeng.exe,13340,benign,approved scheduled task
TASK-00455,2026-08-07T08:17:21Z,ADMIN-WS-07,NT AUTHORITY\SYSTEM,WebLogRotation,updater.exe /check,daily,registered,taskeng.exe,10393,benign,approved scheduled task
TASK-00653,2026-08-07T08:20:57Z,APP-API-02,NT AUTHORITY\SYSTEM,UpdateCheck,powershell.exe -File C:\Ops\Rotate-Logs.ps1,daily,registered,taskeng.exe,7600,benign,approved scheduled task
TASK-00767,2026-08-07T08:27:07Z,DEPLOY-01,NT AUTHORITY\SYSTEM,UpdateCheck,powershell.exe -File C:\Ops\Rotate-Logs.ps1,daily,registered,taskeng.exe,4313,benign,approved scheduled task
TASK-01166,2026-08-07T08:27:10Z,DEPLOY-01,NT AUTHORITY\SYSTEM,UpdateCheck,updater.exe /check,daily,registered,taskeng.exe,2868,benign,approved scheduled task
TASK-00931,2026-08-07T08:29:29Z,WEB-EDGE-01,NT AUTHORITY\SYSTEM,BackupInventory,powershell.exe -File C:\Ops\Rotate-Logs.ps1,daily,registered,taskeng.exe,11888,benign,approved scheduled task
TASK-00605,2026-08-07T08:32:45Z,APP-API-02,NT AUTHORITY\SYSTEM,WebLogRotation,backup-agent.exe --inventory,daily,registered,taskeng.exe,2738,benign,approved scheduled task
TASK-00796,2026-08-07T08:37:35Z,FILE-01,NT AUTHORITY\SYSTEM,BackupInventory,powershell.exe -File C:\Ops\Rotate-Logs.ps1,daily,run,taskeng.exe,1695,benign,approved scheduled task
TASK-00285,2026-08-07T08:52:08Z,ADMIN-WS-11,NT AUTHORITY\SYSTEM,BackupInventory,powershell.exe -File C:\Ops\Rotate-Logs.ps1,daily,registered,taskeng.exe,10300,benign,approved scheduled task
TASK-01046,2026-08-07T08:54:28Z,ADMIN-WS-11,NT AUTHORITY\SYSTEM,WebLogRotation,powershell.exe -File C:\Ops\Rotate-Logs.ps1,daily,registered,taskeng.exe,12368,benign,approved scheduled task
TASK-00676,2026-08-07T08:58:41Z,WEB-EDGE-01,NT AUTHORITY\SYSTEM,BackupInventory,updater.exe /check,daily,run,taskeng.exe,12491,benign,approved scheduled task
TASK-00896,2026-08-07T09:03:09Z,FILE-01,NT AUTHORITY\SYSTEM,WebLogRotation,updater.exe /check,daily,run,taskeng.exe,13121,benign,approved scheduled task
TASK-00251,2026-08-07T09:24:24Z,APP-API-02,NT AUTHORITY\SYSTEM,WebLogRotation,powershell.exe -File C:\Ops\Rotate-Logs.ps1,daily,registered,taskeng.exe,10923,benign,approved scheduled task
TASK-00798,2026-08-07T09:30:54Z,FILE-01,NT AUTHORITY\SYSTEM,BackupInventory,updater.exe /check,daily,registered,taskeng.exe,14427,benign,approved scheduled task
TASK-00534,2026-08-07T09:31:31Z,ADMIN-WS-11,NT AUTHORITY\SYSTEM,WebLogRotation,backup-agent.exe --inventory,daily,registered,taskeng.exe,5162,benign,approved scheduled task
TASK-00909,2026-08-07T09:46:07Z,FILE-01,NT AUTHORITY\SYSTEM,WebLogRotation,backup-agent.exe --inventory,daily,run,taskeng.exe,9995,benign,approved scheduled task
TASK-00797,2026-08-07T09:53:01Z,FILE-01,NT AUTHORITY\SYSTEM,WebLogRotation,powershell.exe -File C:\Ops\Rotate-Logs.ps1,daily,run,taskeng.exe,2772,benign,approved scheduled task
TASK-01275,2026-08-07T09:56:45Z,APP-API-02,NT AUTHORITY\SYSTEM,WebLogRotation,powershell.exe -File C:\Ops\Rotate-Logs.ps1,daily,registered,taskeng.exe,6434,benign,approved scheduled task
TASK-00062,2026-08-07T10:07:30Z,ADMIN-WS-07,NT AUTHORITY\SYSTEM,BackupInventory,backup-agent.exe --inventory,daily,run,taskeng.exe,10979,benign,approved scheduled task
TASK-01181,2026-08-07T10:10:02Z,APP-API-02,NT AUTHORITY\SYSTEM,UpdateCheck,backup-agent.exe --inventory,daily,registered,taskeng.exe,3003,benign,approved scheduled task
TASK-00644,2026-08-07T10:17:21Z,VULN-SCAN-01,NT AUTHORITY\SYSTEM,UpdateCheck,updater.exe /check,daily,registered,taskeng.exe,3663,benign,approved scheduled task
TASK-00982,2026-08-07T10:17:54Z,FILE-01,NT AUTHORITY\SYSTEM,BackupInventory,powershell.exe -File C:\Ops\Rotate-Logs.ps1,daily,run,taskeng.exe,2564,benign,approved scheduled task
TASK-00065,2026-08-07T10:20:59Z,ADMIN-WS-11,NT AUTHORITY\SYSTEM,BackupInventory,backup-agent.exe --inventory,daily,run,taskeng.exe,5903,benign,approved scheduled task
TASK-00829,2026-08-07T10:23:27Z,FILE-01,NT AUTHORITY\SYSTEM,WebLogRotation,powershell.exe -File C:\Ops\Rotate-Logs.ps1,daily,registered,taskeng.exe,6705,benign,approved scheduled task
TASK-01453,2026-08-07T10:25:33Z,WEB-EDGE-01,NT AUTHORITY\SYSTEM,WebLogRotation,updater.exe /check,daily,run,taskeng.exe,5200,benign,approved scheduled task
TASK-01107,2026-08-07T10:27:44Z,FILE-01,NT AUTHORITY\SYSTEM,BackupInventory,backup-agent.exe --inventory,daily,run,taskeng.exe,14376,benign,approved scheduled task
TASK-01361,2026-08-07T10:29:07Z,DEPLOY-01,NT AUTHORITY\SYSTEM,UpdateCheck,updater.exe /check,daily,registered,taskeng.exe,7883,benign,approved scheduled task
TASK-01053,2026-08-07T10:33:12Z,DEPLOY-01,NT AUTHORITY\SYSTEM,BackupInventory,updater.exe /check,daily,run,taskeng.exe,9525,benign,approved scheduled task
TASK-00563,2026-08-07T10:33:42Z,DEPLOY-01,NT AUTHORITY\SYSTEM,WebLogRotation,backup-agent.exe --inventory,daily,registered,taskeng.exe,7973,benign,approved scheduled task
TASK-00788,2026-08-07T11:01:40Z,APP-API-02,NT AUTHORITY\SYSTEM,UpdateCheck,backup-agent.exe --inventory,daily,run,taskeng.exe,8870,benign,approved scheduled task
TASK-01418,2026-08-07T11:10:41Z,WEB-EDGE-01,NT AUTHORITY\SYSTEM,WebLogRotation,powershell.exe -File C:\Ops\Rotate-Logs.ps1,daily,registered,taskeng.exe,5662,benign,approved scheduled task
TASK-00378,2026-08-07T11:15:56Z,FILE-01,NT AUTHORITY\SYSTEM,UpdateCheck,updater.exe /check,daily,run,taskeng.exe,7586,benign,approved scheduled task
TASK-00854,2026-08-07T11:20:41Z,WEB-EDGE-01,NT AUTHORITY\SYSTEM,WebLogRotation,updater.exe /check,daily,registered,taskeng.exe,5223,benign,approved scheduled task
TASK-00758,2026-08-07T11:29:53Z,ADMIN-WS-11,NT AUTHORITY\SYSTEM,BackupInventory,backup-agent.exe --inventory,daily,run,taskeng.exe,3355,benign,approved scheduled task
TASK-00154,2026-08-07T11:34:06Z,APP-API-02,NT AUTHORITY\SYSTEM,BackupInventory,powershell.exe -File C:\Ops\Rotate-Logs.ps1,daily,run,taskeng.exe,6769,benign,approved scheduled task
TASK-00961,2026-08-07T11:35:35Z,ADMIN-WS-07,NT AUTHORITY\SYSTEM,WebLogRotation,updater.exe /check,daily,run,taskeng.exe,6685,benign,approved scheduled task
TASK-00715,2026-08-07T11:38:43Z,ADMIN-WS-07,NT AUTHORITY\SYSTEM,UpdateCheck,backup-agent.exe --inventory,daily,registered,taskeng.exe,3916,benign,approved scheduled task
TASK-01471,2026-08-07T11:40:27Z,WEB-EDGE-01,NT AUTHORITY\SYSTEM,UpdateCheck,backup-agent.exe --inventory,daily,run,taskeng.exe,8487,benign,approved scheduled task
TASK-01109,2026-08-07T11:52:58Z,DEPLOY-01,NT AUTHORITY\SYSTEM,WebLogRotation,backup-agent.exe --inventory,daily,run,taskeng.exe,8486,benign,approved scheduled task
TASK-00231,2026-08-07T11:53:35Z,VULN-SCAN-01,NT AUTHORITY\SYSTEM,UpdateCheck,powershell.exe -File C:\Ops\Rotate-Logs.ps1,daily,registered,taskeng.exe,8672,benign,approved scheduled task
TASK-01227,2026-08-07T12:07:28Z,ADMIN-WS-07,NT AUTHORITY\SYSTEM,UpdateCheck,updater.exe /check,daily,registered,taskeng.exe,13915,benign,approved scheduled task
TASK-00902,2026-08-07T12:08:58Z,ADMIN-WS-07,NT AUTHORITY\SYSTEM,UpdateCheck,updater.exe /check,daily,registered,taskeng.exe,12094,benign,approved scheduled task
TASK-01060,2026-08-07T12:11:32Z,DEPLOY-01,NT AUTHORITY\SYSTEM,WebLogRotation,updater.exe /check,daily,registered,taskeng.exe,2823,benign,approved scheduled task
TASK-00688,2026-08-07T12:13:09Z,APP-API-02,NT AUTHORITY\SYSTEM,WebLogRotation,backup-agent.exe --inventory,daily,registered,taskeng.exe,7151,benign,approved scheduled task
TASK-01288,2026-08-07T12:13:29Z,APP-API-02,NT AUTHORITY\SYSTEM,UpdateCheck,backup-agent.exe --inventory,daily,registered,taskeng.exe,13467,benign,approved scheduled task
TASK-00876,2026-08-07T12:42:20Z,VULN-SCAN-01,NT AUTHORITY\SYSTEM,WebLogRotation,updater.exe /check,daily,run,taskeng.exe,2823,benign,approved scheduled task
TASK-00945,2026-08-07T12:45:34Z,APP-API-02,NT AUTHORITY\SYSTEM,WebLogRotation,updater.exe /check,daily,registered,taskeng.exe,10308,benign,approved scheduled task
TASK-00485,2026-08-07T13:07:01Z,FILE-01,NT AUTHORITY\SYSTEM,WebLogRotation,powershell.exe -File C:\Ops\Rotate-Logs.ps1,daily,run,taskeng.exe,7836,benign,approved scheduled task
TASK-00987,2026-08-07T13:12:01Z,VULN-SCAN-01,NT AUTHORITY\SYSTEM,BackupInventory,updater.exe /check,daily,run,taskeng.exe,8305,benign,approved scheduled task
TASK-00747,2026-08-07T13:34:42Z,ADMIN-WS-11,NT AUTHORITY\SYSTEM,WebLogRotation,powershell.exe -File C:\Ops\Rotate-Logs.ps1,daily,registered,taskeng.exe,2934,benign,approved scheduled task
TASK-00566,2026-08-07T13:39:01Z,WEB-EDGE-01,NT AUTHORITY\SYSTEM,UpdateCheck,backup-agent.exe --inventory,daily,run,taskeng.exe,5901,benign,approved scheduled task
TASK-00430,2026-08-07T13:40:01Z,WEB-EDGE-01,NT AUTHORITY\SYSTEM,WebLogRotation,powershell.exe -File C:\Ops\Rotate-Logs.ps1,daily,run,taskeng.exe,11130,benign,approved scheduled task
TASK-01032,2026-08-07T13:40:20Z,VULN-SCAN-01,NT AUTHORITY\SYSTEM,WebLogRotation,updater.exe /check,daily,registered,taskeng.exe,3876,benign,approved scheduled task
TASK-01006,2026-08-07T13:45:29Z,DEPLOY-01,NT AUTHORITY\SYSTEM,WebLogRotation,powershell.exe -File C:\Ops\Rotate-Logs.ps1,daily,run,taskeng.exe,14208,benign,approved scheduled task
TASK-00682,2026-08-07T13:45:31Z,VULN-SCAN-01,NT AUTHORITY\SYSTEM,BackupInventory,powershell.exe -File C:\Ops\Rotate-Logs.ps1,daily,run,taskeng.exe,11448,benign,approved scheduled task
TASK-01393,2026-08-07T13:54:57Z,VULN-SCAN-01,NT AUTHORITY\SYSTEM,UpdateCheck,powershell.exe -File C:\Ops\Rotate-Logs.ps1,daily,run,taskeng.exe,4962,benign,approved scheduled task
TASK-00037,2026-08-07T14:05:06Z,ADMIN-WS-11,NT AUTHORITY\SYSTEM,BackupInventory,powershell.exe -File C:\Ops\Rotate-Logs.ps1,daily,run,taskeng.exe,11739,benign,approved scheduled task
TASK-00315,2026-08-07T14:12:36Z,WEB-EDGE-01,NT AUTHORITY\SYSTEM,BackupInventory,updater.exe /check,daily,run,taskeng.exe,9317,benign,approved scheduled task
TASK-00638,2026-08-07T14:16:05Z,DEPLOY-01,NT AUTHORITY\SYSTEM,BackupInventory,backup-agent.exe --inventory,daily,run,taskeng.exe,14598,benign,approved scheduled task
TASK-00604,2026-08-07T14:25:33Z,FILE-01,NT AUTHORITY\SYSTEM,WebLogRotation,powershell.exe -File C:\Ops\Rotate-Logs.ps1,daily,registered,taskeng.exe,13539,benign,approved scheduled task
TASK-00175,2026-08-07T14:38:20Z,DEPLOY-01,NT AUTHORITY\SYSTEM,UpdateCheck,backup-agent.exe --inventory,daily,registered,taskeng.exe,12631,benign,approved scheduled task
TASK-00439,2026-08-07T14:47:25Z,ADMIN-WS-07,NT AUTHORITY\SYSTEM,UpdateCheck,powershell.exe -File C:\Ops\Rotate-Logs.ps1,daily,run,taskeng.exe,13252,benign,approved scheduled task
TASK-00641,2026-08-07T15:05:25Z,APP-API-02,NT AUTHORITY\SYSTEM,WebLogRotation,powershell.exe -File C:\Ops\Rotate-Logs.ps1,daily,registered,taskeng.exe,1778,benign,approved scheduled task
TASK-01023,2026-08-07T15:06:01Z,APP-API-02,NT AUTHORITY\SYSTEM,UpdateCheck,backup-agent.exe --inventory,daily,registered,taskeng.exe,13273,benign,approved scheduled task
TASK-00886,2026-08-07T15:17:18Z,ADMIN-WS-11,NT AUTHORITY\SYSTEM,UpdateCheck,powershell.exe -File C:\Ops\Rotate-Logs.ps1,daily,run,taskeng.exe,7637,benign,approved scheduled task
TASK-00990,2026-08-07T15:20:49Z,ADMIN-WS-07,NT AUTHORITY\SYSTEM,UpdateCheck,powershell.exe -File C:\Ops\Rotate-Logs.ps1,daily,run,taskeng.exe,1923,benign,approved scheduled task
TASK-01347,2026-08-07T15:28:17Z,ADMIN-WS-07,NT AUTHORITY\SYSTEM,WebLogRotation,updater.exe /check,daily,registered,taskeng.exe,8060,benign,approved scheduled task
TASK-00610,2026-08-07T15:31:35Z,DEPLOY-01,NT AUTHORITY\SYSTEM,UpdateCheck,backup-agent.exe --inventory,daily,registered,taskeng.exe,14438,benign,approved scheduled task
TASK-00440,2026-08-07T15:34:10Z,WEB-EDGE-01,NT AUTHORITY\SYSTEM,BackupInventory,updater.exe /check,daily,registered,taskeng.exe,7310,benign,approved scheduled task
TASK-00789,2026-08-07T15:39:03Z,FILE-01,NT AUTHORITY\SYSTEM,WebLogRotation,powershell.exe -File C:\Ops\Rotate-Logs.ps1,daily,run,taskeng.exe,7440,benign,approved scheduled task
TASK-00212,2026-08-07T15:50:12Z,VULN-SCAN-01,NT AUTHORITY\SYSTEM,BackupInventory,backup-agent.exe --inventory,daily,run,taskeng.exe,2733,benign,approved scheduled task
TASK-00869,2026-08-07T15:50:37Z,APP-API-02,NT AUTHORITY\SYSTEM,WebLogRotation,powershell.exe -File C:\Ops\Rotate-Logs.ps1,daily,registered,taskeng.exe,14411,benign,approved scheduled task
TASK-01240,2026-08-07T15:53:25Z,ADMIN-WS-07,NT AUTHORITY\SYSTEM,UpdateCheck,backup-agent.exe --inventory,daily,run,taskeng.exe,7484,benign,approved scheduled task
TASK-01301,2026-08-07T15:53:25Z,WEB-EDGE-01,NT AUTHORITY\SYSTEM,BackupInventory,backup-agent.exe --inventory,daily,registered,taskeng.exe,9330,benign,approved scheduled task
TASK-00031,2026-08-07T15:53:38Z,VULN-SCAN-01,NT AUTHORITY\SYSTEM,UpdateCheck,powershell.exe -File C:\Ops\Rotate-Logs.ps1,daily,run,taskeng.exe,1655,benign,approved scheduled task
TASK-00850,2026-08-07T16:30:14Z,APP-API-02,NT AUTHORITY\SYSTEM,UpdateCheck,backup-agent.exe --inventory,daily,registered,taskeng.exe,2582,benign,approved scheduled task
TASK-00968,2026-08-07T16:37:55Z,APP-API-02,NT AUTHORITY\SYSTEM,WebLogRotation,powershell.exe -File C:\Ops\Rotate-Logs.ps1,daily,registered,taskeng.exe,4363,benign,approved scheduled task
TASK-01260,2026-08-07T16:40:58Z,VULN-SCAN-01,NT AUTHORITY\SYSTEM,WebLogRotation,powershell.exe -File C:\Ops\Rotate-Logs.ps1,daily,registered,taskeng.exe,3371,benign,approved scheduled task
TASK-00696,2026-08-07T16:44:00Z,VULN-SCAN-01,NT AUTHORITY\SYSTEM,UpdateCheck,updater.exe /check,daily,registered,taskeng.exe,8440,benign,approved scheduled task
TASK-00449,2026-08-07T16:46:35Z,ADMIN-WS-11,NT AUTHORITY\SYSTEM,BackupInventory,updater.exe /check,daily,registered,taskeng.exe,14352,benign,approved scheduled task
TASK-01485,2026-08-07T17:06:37Z,DEPLOY-01,NT AUTHORITY\SYSTEM,WebLogRotation,powershell.exe -File C:\Ops\Rotate-Logs.ps1,daily,run,taskeng.exe,7182,benign,approved scheduled task
TASK-00608,2026-08-07T17:09:38Z,FILE-01,NT AUTHORITY\SYSTEM,BackupInventory,updater.exe /check,daily,run,taskeng.exe,5349,benign,approved scheduled task
TASK-00468,2026-08-07T17:21:26Z,ADMIN-WS-07,NT AUTHORITY\SYSTEM,BackupInventory,backup-agent.exe --inventory,daily,registered,taskeng.exe,7119,benign,approved scheduled task
TASK-00434,2026-08-07T17:23:17Z,APP-API-02,NT AUTHORITY\SYSTEM,UpdateCheck,updater.exe /check,daily,run,taskeng.exe,5841,benign,approved scheduled task
TASK-00925,2026-08-07T17:23:19Z,ADMIN-WS-11,NT AUTHORITY\SYSTEM,UpdateCheck,powershell.exe -File C:\Ops\Rotate-Logs.ps1,daily,run,taskeng.exe,5358,benign,approved scheduled task
TASK-00831,2026-08-07T17:44:42Z,FILE-01,NT AUTHORITY\SYSTEM,WebLogRotation,updater.exe /check,daily,run,taskeng.exe,14927,benign,approved scheduled task
TASK-00540,2026-08-07T17:45:49Z,FILE-01,NT AUTHORITY\SYSTEM,UpdateCheck,backup-agent.exe --inventory,daily,registered,taskeng.exe,9248,benign,approved scheduled task
TASK-01341,2026-08-07T17:58:17Z,APP-API-02,NT AUTHORITY\SYSTEM,UpdateCheck,powershell.exe -File C:\Ops\Rotate-Logs.ps1,daily,run,taskeng.exe,8780,benign,approved scheduled task
TASK-00746,2026-08-07T17:59:40Z,VULN-SCAN-01,NT AUTHORITY\SYSTEM,UpdateCheck,powershell.exe -File C:\Ops\Rotate-Logs.ps1,daily,run,taskeng.exe,6795,benign,approved scheduled task
TASK-01146,2026-08-07T18:06:54Z,APP-API-02,NT AUTHORITY\SYSTEM,UpdateCheck,updater.exe /check,daily,run,taskeng.exe,3866,benign,approved scheduled task
TASK-00246,2026-08-07T18:07:06Z,WEB-EDGE-01,NT AUTHORITY\SYSTEM,BackupInventory,powershell.exe -File C:\Ops\Rotate-Logs.ps1,daily,registered,taskeng.exe,5678,benign,approved scheduled task
TASK-01158,2026-08-07T18:35:05Z,APP-API-02,NT AUTHORITY\SYSTEM,UpdateCheck,backup-agent.exe --inventory,daily,run,taskeng.exe,4322,benign,approved scheduled task
TASK-00749,2026-08-07T18:36:10Z,FILE-01,NT AUTHORITY\SYSTEM,WebLogRotation,powershell.exe -File C:\Ops\Rotate-Logs.ps1,daily,registered,taskeng.exe,3143,benign,approved scheduled task
TASK-00997,2026-08-07T18:47:45Z,ADMIN-WS-11,NT AUTHORITY\SYSTEM,BackupInventory,powershell.exe -File C:\Ops\Rotate-Logs.ps1,daily,run,taskeng.exe,1127,benign,approved scheduled task
TASK-01000,2026-08-07T18:56:58Z,APP-API-02,NT AUTHORITY\SYSTEM,BackupInventory,powershell.exe -File C:\Ops\Rotate-Logs.ps1,daily,registered,taskeng.exe,13679,benign,approved scheduled task
TASK-01232,2026-08-07T19:03:03Z,FILE-01,NT AUTHORITY\SYSTEM,WebLogRotation,updater.exe /check,daily,registered,taskeng.exe,11873,benign,approved scheduled task
TASK-00630,2026-08-07T19:09:34Z,ADMIN-WS-11,NT AUTHORITY\SYSTEM,WebLogRotation,powershell.exe -File C:\Ops\Rotate-Logs.ps1,daily,run,taskeng.exe,12166,benign,approved scheduled task
TASK-01425,2026-08-07T19:12:06Z,FILE-01,NT AUTHORITY\SYSTEM,UpdateCheck,updater.exe /check,daily,run,taskeng.exe,4577,benign,approved scheduled task
TASK-00677,2026-08-07T19:15:56Z,ADMIN-WS-07,NT AUTHORITY\SYSTEM,WebLogRotation,backup-agent.exe --inventory,daily,registered,taskeng.exe,13231,benign,approved scheduled task
TASK-00811,2026-08-07T19:18:45Z,APP-API-02,NT AUTHORITY\SYSTEM,BackupInventory,updater.exe /check,daily,run,taskeng.exe,5929,benign,approved scheduled task
TASK-00646,2026-08-07T19:23:03Z,APP-API-02,NT AUTHORITY\SYSTEM,WebLogRotation,updater.exe /check,daily,registered,taskeng.exe,3254,benign,approved scheduled task
TASK-00322,2026-08-07T19:28:16Z,WEB-EDGE-01,NT AUTHORITY\SYSTEM,BackupInventory,backup-agent.exe --inventory,daily,registered,taskeng.exe,10258,benign,approved scheduled task
TASK-00259,2026-08-07T19:31:39Z,ADMIN-WS-11,NT AUTHORITY\SYSTEM,WebLogRotation,backup-agent.exe --inventory,daily,run,taskeng.exe,12516,benign,approved scheduled task
TASK-01020,2026-08-07T19:40:07Z,VULN-SCAN-01,NT AUTHORITY\SYSTEM,WebLogRotation,backup-agent.exe --inventory,daily,run,taskeng.exe,9006,benign,approved scheduled task
TASK-01277,2026-08-07T19:43:09Z,ADMIN-WS-11,NT AUTHORITY\SYSTEM,WebLogRotation,backup-agent.exe --inventory,daily,registered,taskeng.exe,8188,benign,approved scheduled task
TASK-00946,2026-08-07T20:02:23Z,WEB-EDGE-01,NT AUTHORITY\SYSTEM,BackupInventory,backup-agent.exe --inventory,daily,registered,taskeng.exe,13489,benign,approved scheduled task
TASK-00306,2026-08-07T20:02:35Z,WEB-EDGE-01,NT AUTHORITY\SYSTEM,UpdateCheck,updater.exe /check,daily,run,taskeng.exe,10433,benign,approved scheduled task
TASK-00910,2026-08-07T20:03:07Z,FILE-01,NT AUTHORITY\SYSTEM,WebLogRotation,powershell.exe -File C:\Ops\Rotate-Logs.ps1,daily,registered,taskeng.exe,11916,benign,approved scheduled task
TASK-00884,2026-08-07T20:06:37Z,APP-API-02,NT AUTHORITY\SYSTEM,WebLogRotation,backup-agent.exe --inventory,daily,registered,taskeng.exe,10907,benign,approved scheduled task
TASK-00539,2026-08-07T20:08:14Z,DEPLOY-01,NT AUTHORITY\SYSTEM,UpdateCheck,updater.exe /check,daily,registered,taskeng.exe,11061,benign,approved scheduled task
TASK-01311,2026-08-07T20:12:46Z,FILE-01,NT AUTHORITY\SYSTEM,WebLogRotation,powershell.exe -File C:\Ops\Rotate-Logs.ps1,daily,run,taskeng.exe,3414,benign,approved scheduled task
TASK-01339,2026-08-07T20:16:36Z,FILE-01,NT AUTHORITY\SYSTEM,WebLogRotation,updater.exe /check,daily,run,taskeng.exe,7069,benign,approved scheduled task
TASK-00019,2026-08-07T20:20:25Z,APP-API-02,NT AUTHORITY\SYSTEM,UpdateCheck,updater.exe /check,daily,run,taskeng.exe,10067,benign,approved scheduled task
TASK-00314,2026-08-07T20:23:31Z,APP-API-02,NT AUTHORITY\SYSTEM,UpdateCheck,powershell.exe -File C:\Ops\Rotate-Logs.ps1,daily,registered,taskeng.exe,6172,benign,approved scheduled task
TASK-00743,2026-08-07T20:27:25Z,ADMIN-WS-07,NT AUTHORITY\SYSTEM,WebLogRotation,powershell.exe -File C:\Ops\Rotate-Logs.ps1,daily,run,taskeng.exe,6305,benign,approved scheduled task
TASK-00899,2026-08-07T20:41:00Z,ADMIN-WS-11,NT AUTHORITY\SYSTEM,UpdateCheck,backup-agent.exe --inventory,daily,run,taskeng.exe,1321,benign,approved scheduled task
TASK-00061,2026-08-07T20:45:46Z,VULN-SCAN-01,NT AUTHORITY\SYSTEM,UpdateCheck,updater.exe /check,daily,registered,taskeng.exe,13783,benign,approved scheduled task
TASK-00527,2026-08-07T21:00:56Z,ADMIN-WS-07,NT AUTHORITY\SYSTEM,UpdateCheck,powershell.exe -File C:\Ops\Rotate-Logs.ps1,daily,registered,taskeng.exe,6454,benign,approved scheduled task
TASK-00168,2026-08-07T21:03:32Z,FILE-01,NT AUTHORITY\SYSTEM,WebLogRotation,updater.exe /check,daily,run,taskeng.exe,10373,benign,approved scheduled task
TASK-00541,2026-08-07T21:10:53Z,APP-API-02,NT AUTHORITY\SYSTEM,BackupInventory,backup-agent.exe --inventory,daily,registered,taskeng.exe,7832,benign,approved scheduled task
TASK-01239,2026-08-07T21:13:46Z,ADMIN-WS-07,NT AUTHORITY\SYSTEM,WebLogRotation,updater.exe /check,daily,run,taskeng.exe,9826,benign,approved scheduled task
TASK-00938,2026-08-07T21:35:17Z,WEB-EDGE-01,NT AUTHORITY\SYSTEM,WebLogRotation,powershell.exe -File C:\Ops\Rotate-Logs.ps1,daily,run,taskeng.exe,1226,benign,approved scheduled task
TASK-00579,2026-08-07T21:38:34Z,DEPLOY-01,NT AUTHORITY\SYSTEM,WebLogRotation,updater.exe /check,daily,run,taskeng.exe,12781,benign,approved scheduled task
TASK-01114,2026-08-07T21:56:09Z,ADMIN-WS-11,NT AUTHORITY\SYSTEM,WebLogRotation,backup-agent.exe --inventory,daily,run,taskeng.exe,4292,benign,approved scheduled task
TASK-01438,2026-08-07T21:58:02Z,WEB-EDGE-01,NT AUTHORITY\SYSTEM,UpdateCheck,backup-agent.exe --inventory,daily,registered,taskeng.exe,13588,benign,approved scheduled task
TASK-00960,2026-08-07T22:01:35Z,APP-API-02,NT AUTHORITY\SYSTEM,BackupInventory,updater.exe /check,daily,run,taskeng.exe,10693,benign,approved scheduled task
TASK-00785,2026-08-07T22:02:09Z,ADMIN-WS-11,NT AUTHORITY\SYSTEM,UpdateCheck,backup-agent.exe --inventory,daily,registered,taskeng.exe,8890,benign,approved scheduled task
TASK-01187,2026-08-07T22:04:50Z,DEPLOY-01,NT AUTHORITY\SYSTEM,BackupInventory,powershell.exe -File C:\Ops\Rotate-Logs.ps1,daily,run,taskeng.exe,4847,benign,approved scheduled task
TASK-00891,2026-08-07T22:06:35Z,DEPLOY-01,NT AUTHORITY\SYSTEM,WebLogRotation,backup-agent.exe --inventory,daily,registered,taskeng.exe,4422,benign,approved scheduled task
TASK-00136,2026-08-07T22:06:46Z,WEB-EDGE-01,NT AUTHORITY\SYSTEM,UpdateCheck,powershell.exe -File C:\Ops\Rotate-Logs.ps1,daily,registered,taskeng.exe,3835,benign,approved scheduled task
TASK-00463,2026-08-07T22:08:55Z,DEPLOY-01,NT AUTHORITY\SYSTEM,UpdateCheck,powershell.exe -File C:\Ops\Rotate-Logs.ps1,daily,registered,taskeng.exe,1894,benign,approved scheduled task
TASK-01463,2026-08-07T22:09:28Z,ADMIN-WS-11,NT AUTHORITY\SYSTEM,BackupInventory,updater.exe /check,daily,registered,taskeng.exe,12656,benign,approved scheduled task
TASK-00411,2026-08-07T22:12:31Z,DEPLOY-01,NT AUTHORITY\SYSTEM,BackupInventory,updater.exe /check,daily,run,taskeng.exe,14466,benign,approved scheduled task
TASK-00179,2026-08-07T22:15:59Z,ADMIN-WS-07,NT AUTHORITY\SYSTEM,UpdateCheck,powershell.exe -File C:\Ops\Rotate-Logs.ps1,daily,registered,taskeng.exe,5778,benign,approved scheduled task
TASK-01379,2026-08-07T22:19:38Z,FILE-01,NT AUTHORITY\SYSTEM,WebLogRotation,backup-agent.exe --inventory,daily,run,taskeng.exe,7430,benign,approved scheduled task
TASK-01219,2026-08-07T22:20:42Z,FILE-01,NT AUTHORITY\SYSTEM,UpdateCheck,powershell.exe -File C:\Ops\Rotate-Logs.ps1,daily,registered,taskeng.exe,10673,benign,approved scheduled task
TASK-00265,2026-08-07T22:21:08Z,VULN-SCAN-01,NT AUTHORITY\SYSTEM,BackupInventory,updater.exe /check,daily,run,taskeng.exe,8874,benign,approved scheduled task
TASK-01204,2026-08-07T22:34:42Z,ADMIN-WS-11,NT AUTHORITY\SYSTEM,UpdateCheck,updater.exe /check,daily,run,taskeng.exe,6842,benign,approved scheduled task
TASK-00929,2026-08-07T22:40:10Z,DEPLOY-01,NT AUTHORITY\SYSTEM,WebLogRotation,powershell.exe -File C:\Ops\Rotate-Logs.ps1,daily,registered,taskeng.exe,6020,benign,approved scheduled task
TASK-00006,2026-08-07T22:53:53Z,VULN-SCAN-01,NT AUTHORITY\SYSTEM,UpdateCheck,backup-agent.exe --inventory,daily,run,taskeng.exe,6158,benign,approved scheduled task
TASK-01269,2026-08-07T23:10:40Z,APP-API-02,NT AUTHORITY\SYSTEM,UpdateCheck,backup-agent.exe --inventory,daily,registered,taskeng.exe,13305,benign,approved scheduled task
TASK-01298,2026-08-07T23:11:49Z,VULN-SCAN-01,NT AUTHORITY\SYSTEM,UpdateCheck,powershell.exe -File C:\Ops\Rotate-Logs.ps1,daily,run,taskeng.exe,10111,benign,approved scheduled task
TASK-01368,2026-08-07T23:17:59Z,WEB-EDGE-01,NT AUTHORITY\SYSTEM,BackupInventory,backup-agent.exe --inventory,daily,registered,taskeng.exe,6453,benign,approved scheduled task
TASK-00319,2026-08-07T23:20:04Z,ADMIN-WS-11,NT AUTHORITY\SYSTEM,BackupInventory,updater.exe /check,daily,run,taskeng.exe,2690,benign,approved scheduled task
TASK-00180,2026-08-07T23:24:30Z,VULN-SCAN-01,NT AUTHORITY\SYSTEM,UpdateCheck,backup-agent.exe --inventory,daily,run,taskeng.exe,11786,benign,approved scheduled task
TASK-00731,2026-08-07T23:28:59Z,FILE-01,NT AUTHORITY\SYSTEM,WebLogRotation,powershell.exe -File C:\Ops\Rotate-Logs.ps1,daily,run,taskeng.exe,2869,benign,approved scheduled task
TASK-01002,2026-08-07T23:38:58Z,VULN-SCAN-01,NT AUTHORITY\SYSTEM,WebLogRotation,powershell.exe -File C:\Ops\Rotate-Logs.ps1,daily,run,taskeng.exe,3011,benign,approved scheduled task
TASK-00341,2026-08-07T23:45:06Z,ADMIN-WS-11,NT AUTHORITY\SYSTEM,UpdateCheck,backup-agent.exe --inventory,daily,registered,taskeng.exe,4751,benign,approved scheduled task
TASK-00039,2026-08-07T23:48:15Z,WEB-EDGE-01,NT AUTHORITY\SYSTEM,WebLogRotation,updater.exe /check,daily,run,taskeng.exe,10942,benign,approved scheduled task
TASK-00494,2026-08-07T23:49:16Z,VULN-SCAN-01,NT AUTHORITY\SYSTEM,BackupInventory,updater.exe /check,daily,run,taskeng.exe,7578,benign,approved scheduled task
TASK-01118,2026-08-07T23:54:29Z,ADMIN-WS-07,NT AUTHORITY\SYSTEM,BackupInventory,backup-agent.exe --inventory,daily,registered,taskeng.exe,4458,benign,approved scheduled task
TASK-00981,2026-08-08T00:19:18Z,ADMIN-WS-11,NT AUTHORITY\SYSTEM,BackupInventory,backup-agent.exe --inventory,daily,run,taskeng.exe,5549,benign,approved scheduled task
TASK-00589,2026-08-08T00:22:44Z,ADMIN-WS-11,NT AUTHORITY\SYSTEM,UpdateCheck,backup-agent.exe --inventory,daily,registered,taskeng.exe,4281,benign,approved scheduled task
TASK-01143,2026-08-08T00:24:33Z,ADMIN-WS-11,NT AUTHORITY\SYSTEM,UpdateCheck,backup-agent.exe --inventory,daily,registered,taskeng.exe,11223,benign,approved scheduled task
TASK-01183,2026-08-08T00:34:02Z,WEB-EDGE-01,NT AUTHORITY\SYSTEM,WebLogRotation,backup-agent.exe --inventory,daily,run,taskeng.exe,3395,benign,approved scheduled task
TASK-00859,2026-08-08T00:53:02Z,VULN-SCAN-01,NT AUTHORITY\SYSTEM,WebLogRotation,backup-agent.exe --inventory,daily,registered,taskeng.exe,3133,benign,approved scheduled task
TASK-01437,2026-08-08T01:09:41Z,VULN-SCAN-01,NT AUTHORITY\SYSTEM,BackupInventory,backup-agent.exe --inventory,daily,run,taskeng.exe,10391,benign,approved scheduled task
TASK-00994,2026-08-08T01:12:13Z,WEB-EDGE-01,NT AUTHORITY\SYSTEM,UpdateCheck,powershell.exe -File C:\Ops\Rotate-Logs.ps1,daily,run,taskeng.exe,10817,benign,approved scheduled task
TASK-01419,2026-08-08T01:36:57Z,DEPLOY-01,NT AUTHORITY\SYSTEM,WebLogRotation,powershell.exe -File C:\Ops\Rotate-Logs.ps1,daily,registered,taskeng.exe,9140,benign,approved scheduled task
TASK-00690,2026-08-08T01:38:35Z,FILE-01,NT AUTHORITY\SYSTEM,WebLogRotation,powershell.exe -File C:\Ops\Rotate-Logs.ps1,daily,registered,taskeng.exe,10246,benign,approved scheduled task
TASK-00874,2026-08-08T01:46:25Z,ADMIN-WS-11,NT AUTHORITY\SYSTEM,UpdateCheck,powershell.exe -File C:\Ops\Rotate-Logs.ps1,daily,registered,taskeng.exe,5218,benign,approved scheduled task
TASK-01490,2026-08-08T01:47:24Z,ADMIN-WS-11,NT AUTHORITY\SYSTEM,BackupInventory,updater.exe /check,daily,run,taskeng.exe,1402,benign,approved scheduled task
TASK-01056,2026-08-08T01:59:22Z,FILE-01,NT AUTHORITY\SYSTEM,WebLogRotation,backup-agent.exe --inventory,daily,run,taskeng.exe,3134,benign,approved scheduled task
TASK-00583,2026-08-08T02:06:12Z,FILE-01,NT AUTHORITY\SYSTEM,UpdateCheck,powershell.exe -File C:\Ops\Rotate-Logs.ps1,daily,registered,taskeng.exe,3006,benign,approved scheduled task
TASK-01127,2026-08-08T02:32:02Z,FILE-01,NT AUTHORITY\SYSTEM,UpdateCheck,powershell.exe -File C:\Ops\Rotate-Logs.ps1,daily,registered,taskeng.exe,9116,benign,approved scheduled task
TASK-00187,2026-08-08T02:39:19Z,APP-API-02,NT AUTHORITY\SYSTEM,WebLogRotation,backup-agent.exe --inventory,daily,registered,taskeng.exe,8343,benign,approved scheduled task
TASK-01148,2026-08-08T02:48:23Z,ADMIN-WS-07,NT AUTHORITY\SYSTEM,UpdateCheck,backup-agent.exe --inventory,daily,registered,taskeng.exe,3216,benign,approved scheduled task
TASK-00570,2026-08-08T02:53:28Z,APP-API-02,NT AUTHORITY\SYSTEM,WebLogRotation,updater.exe /check,daily,run,taskeng.exe,14935,benign,approved scheduled task
TASK-00648,2026-08-08T03:00:35Z,VULN-SCAN-01,NT AUTHORITY\SYSTEM,BackupInventory,backup-agent.exe --inventory,daily,registered,taskeng.exe,10947,benign,approved scheduled task
TASK-01203,2026-08-08T03:08:29Z,DEPLOY-01,NT AUTHORITY\SYSTEM,BackupInventory,backup-agent.exe --inventory,daily,run,taskeng.exe,6234,benign,approved scheduled task
TASK-01248,2026-08-08T03:09:47Z,ADMIN-WS-07,NT AUTHORITY\SYSTEM,WebLogRotation,powershell.exe -File C:\Ops\Rotate-Logs.ps1,daily,registered,taskeng.exe,3094,benign,approved scheduled task
TASK-01428,2026-08-08T03:16:23Z,FILE-01,NT AUTHORITY\SYSTEM,UpdateCheck,backup-agent.exe --inventory,daily,registered,taskeng.exe,4998,benign,approved scheduled task
TASK-00330,2026-08-08T03:20:19Z,ADMIN-WS-11,NT AUTHORITY\SYSTEM,UpdateCheck,powershell.exe -File C:\Ops\Rotate-Logs.ps1,daily,registered,taskeng.exe,13374,benign,approved scheduled task
TASK-01185,2026-08-08T03:24:57Z,FILE-01,NT AUTHORITY\SYSTEM,WebLogRotation,updater.exe /check,daily,run,taskeng.exe,11953,benign,approved scheduled task
TASK-01294,2026-08-08T03:45:14Z,FILE-01,NT AUTHORITY\SYSTEM,BackupInventory,powershell.exe -File C:\Ops\Rotate-Logs.ps1,daily,run,taskeng.exe,12020,benign,approved scheduled task
TASK-00783,2026-08-08T03:45:50Z,ADMIN-WS-07,NT AUTHORITY\SYSTEM,WebLogRotation,powershell.exe -File C:\Ops\Rotate-Logs.ps1,daily,registered,taskeng.exe,2544,benign,approved scheduled task
TASK-01461,2026-08-08T03:48:57Z,ADMIN-WS-11,NT AUTHORITY\SYSTEM,UpdateCheck,backup-agent.exe --inventory,daily,run,taskeng.exe,12538,benign,approved scheduled task
TASK-00656,2026-08-08T03:57:51Z,APP-API-02,NT AUTHORITY\SYSTEM,WebLogRotation,updater.exe /check,daily,registered,taskeng.exe,7551,benign,approved scheduled task
TASK-00084,2026-08-08T03:59:01Z,ADMIN-WS-11,NT AUTHORITY\SYSTEM,BackupInventory,backup-agent.exe --inventory,daily,registered,taskeng.exe,5000,benign,approved scheduled task
TASK-00721,2026-08-08T04:03:41Z,VULN-SCAN-01,NT AUTHORITY\SYSTEM,WebLogRotation,powershell.exe -File C:\Ops\Rotate-Logs.ps1,daily,run,taskeng.exe,1388,benign,approved scheduled task
TASK-01262,2026-08-08T04:11:29Z,WEB-EDGE-01,NT AUTHORITY\SYSTEM,WebLogRotation,updater.exe /check,daily,run,taskeng.exe,11493,benign,approved scheduled task
TASK-00248,2026-08-08T04:23:53Z,ADMIN-WS-11,NT AUTHORITY\SYSTEM,BackupInventory,backup-agent.exe --inventory,daily,registered,taskeng.exe,12207,benign,approved scheduled task
TASK-01378,2026-08-08T04:28:55Z,FILE-01,NT AUTHORITY\SYSTEM,BackupInventory,backup-agent.exe --inventory,daily,run,taskeng.exe,5813,benign,approved scheduled task
TASK-01265,2026-08-08T04:38:34Z,APP-API-02,NT AUTHORITY\SYSTEM,UpdateCheck,backup-agent.exe --inventory,daily,run,taskeng.exe,10916,benign,approved scheduled task
TASK-00966,2026-08-08T04:42:08Z,FILE-01,NT AUTHORITY\SYSTEM,BackupInventory,updater.exe /check,daily,run,taskeng.exe,10926,benign,approved scheduled task
TASK-01457,2026-08-08T04:47:03Z,APP-API-02,NT AUTHORITY\SYSTEM,BackupInventory,powershell.exe -File C:\Ops\Rotate-Logs.ps1,daily,registered,taskeng.exe,12449,benign,approved scheduled task
TASK-00523,2026-08-08T04:48:37Z,FILE-01,NT AUTHORITY\SYSTEM,WebLogRotation,powershell.exe -File C:\Ops\Rotate-Logs.ps1,daily,run,taskeng.exe,11020,benign,approved scheduled task
TASK-00842,2026-08-08T04:49:35Z,DEPLOY-01,NT AUTHORITY\SYSTEM,UpdateCheck,powershell.exe -File C:\Ops\Rotate-Logs.ps1,daily,run,taskeng.exe,13481,benign,approved scheduled task
TASK-00214,2026-08-08T04:59:57Z,ADMIN-WS-11,NT AUTHORITY\SYSTEM,BackupInventory,updater.exe /check,daily,run,taskeng.exe,3032,benign,approved scheduled task
TASK-00679,2026-08-08T05:00:16Z,ADMIN-WS-11,NT AUTHORITY\SYSTEM,WebLogRotation,updater.exe /check,daily,registered,taskeng.exe,12636,benign,approved scheduled task
TASK-01190,2026-08-08T05:00:40Z,ADMIN-WS-07,NT AUTHORITY\SYSTEM,BackupInventory,backup-agent.exe --inventory,daily,registered,taskeng.exe,11475,benign,approved scheduled task
TASK-00488,2026-08-08T05:10:11Z,ADMIN-WS-07,NT AUTHORITY\SYSTEM,UpdateCheck,powershell.exe -File C:\Ops\Rotate-Logs.ps1,daily,run,taskeng.exe,13728,benign,approved scheduled task
TASK-00232,2026-08-08T05:10:24Z,ADMIN-WS-07,NT AUTHORITY\SYSTEM,WebLogRotation,powershell.exe -File C:\Ops\Rotate-Logs.ps1,daily,run,taskeng.exe,4991,benign,approved scheduled task
TASK-00467,2026-08-08T05:18:47Z,WEB-EDGE-01,NT AUTHORITY\SYSTEM,BackupInventory,powershell.exe -File C:\Ops\Rotate-Logs.ps1,daily,run,taskeng.exe,14172,benign,approved scheduled task
TASK-00421,2026-08-08T05:31:47Z,WEB-EDGE-01,NT AUTHORITY\SYSTEM,UpdateCheck,powershell.exe -File C:\Ops\Rotate-Logs.ps1,daily,registered,taskeng.exe,1485,benign,approved scheduled task
TASK-01055,2026-08-08T05:39:27Z,APP-API-02,NT AUTHORITY\SYSTEM,UpdateCheck,backup-agent.exe --inventory,daily,run,taskeng.exe,12242,benign,approved scheduled task
TASK-00305,2026-08-08T05:39:49Z,WEB-EDGE-01,NT AUTHORITY\SYSTEM,UpdateCheck,updater.exe /check,daily,run,taskeng.exe,8053,benign,approved scheduled task
TASK-01333,2026-08-08T05:48:59Z,VULN-SCAN-01,NT AUTHORITY\SYSTEM,BackupInventory,powershell.exe -File C:\Ops\Rotate-Logs.ps1,daily,run,taskeng.exe,12442,benign,approved scheduled task
TASK-00238,2026-08-08T05:57:02Z,ADMIN-WS-11,NT AUTHORITY\SYSTEM,WebLogRotation,powershell.exe -File C:\Ops\Rotate-Logs.ps1,daily,registered,taskeng.exe,4310,benign,approved scheduled task
TASK-01167,2026-08-08T05:57:59Z,VULN-SCAN-01,NT AUTHORITY\SYSTEM,BackupInventory,powershell.exe -File C:\Ops\Rotate-Logs.ps1,daily,run,taskeng.exe,3883,benign,approved scheduled task
TASK-00396,2026-08-08T05:59:10Z,VULN-SCAN-01,NT AUTHORITY\SYSTEM,UpdateCheck,backup-agent.exe --inventory,daily,registered,taskeng.exe,11692,benign,approved scheduled task
TASK-00602,2026-08-08T05:59:36Z,APP-API-02,NT AUTHORITY\SYSTEM,BackupInventory,backup-agent.exe --inventory,daily,registered,taskeng.exe,9625,benign,approved scheduled task
TASK-00052,2026-08-08T06:07:02Z,FILE-01,NT AUTHORITY\SYSTEM,BackupInventory,backup-agent.exe --inventory,daily,run,taskeng.exe,2655,benign,approved scheduled task
TASK-00340,2026-08-08T06:08:29Z,WEB-EDGE-01,NT AUTHORITY\SYSTEM,BackupInventory,updater.exe /check,daily,run,taskeng.exe,7618,benign,approved scheduled task
TASK-00475,2026-08-08T06:22:26Z,FILE-01,NT AUTHORITY\SYSTEM,WebLogRotation,powershell.exe -File C:\Ops\Rotate-Logs.ps1,daily,run,taskeng.exe,2600,benign,approved scheduled task
TASK-00889,2026-08-08T06:27:07Z,WEB-EDGE-01,NT AUTHORITY\SYSTEM,WebLogRotation,backup-agent.exe --inventory,daily,registered,taskeng.exe,1272,benign,approved scheduled task
TASK-00384,2026-08-08T06:30:40Z,ADMIN-WS-11,NT AUTHORITY\SYSTEM,UpdateCheck,powershell.exe -File C:\Ops\Rotate-Logs.ps1,daily,run,taskeng.exe,1551,benign,approved scheduled task
TASK-00078,2026-08-08T06:36:24Z,FILE-01,NT AUTHORITY\SYSTEM,BackupInventory,powershell.exe -File C:\Ops\Rotate-Logs.ps1,daily,run,taskeng.exe,2617,benign,approved scheduled task
TASK-01335,2026-08-08T06:36:55Z,ADMIN-WS-07,NT AUTHORITY\SYSTEM,BackupInventory,updater.exe /check,daily,run,taskeng.exe,1044,benign,approved scheduled task
TASK-01387,2026-08-08T06:41:13Z,WEB-EDGE-01,NT AUTHORITY\SYSTEM,BackupInventory,backup-agent.exe --inventory,daily,run,taskeng.exe,14190,benign,approved scheduled task
TASK-00024,2026-08-08T06:47:01Z,ADMIN-WS-11,NT AUTHORITY\SYSTEM,WebLogRotation,backup-agent.exe --inventory,daily,registered,taskeng.exe,8114,benign,approved scheduled task
TASK-01073,2026-08-08T06:54:12Z,ADMIN-WS-11,NT AUTHORITY\SYSTEM,UpdateCheck,updater.exe /check,daily,run,taskeng.exe,2318,benign,approved scheduled task
TASK-01433,2026-08-08T06:58:04Z,APP-API-02,NT AUTHORITY\SYSTEM,WebLogRotation,updater.exe /check,daily,run,taskeng.exe,10406,benign,approved scheduled task
TASK-01415,2026-08-08T07:04:23Z,APP-API-02,NT AUTHORITY\SYSTEM,UpdateCheck,powershell.exe -File C:\Ops\Rotate-Logs.ps1,daily,registered,taskeng.exe,4773,benign,approved scheduled task
TASK-00043,2026-08-08T07:13:34Z,ADMIN-WS-07,NT AUTHORITY\SYSTEM,BackupInventory,powershell.exe -File C:\Ops\Rotate-Logs.ps1,daily,registered,taskeng.exe,7426,benign,approved scheduled task
TASK-00428,2026-08-08T07:24:56Z,VULN-SCAN-01,NT AUTHORITY\SYSTEM,WebLogRotation,backup-agent.exe --inventory,daily,registered,taskeng.exe,1172,benign,approved scheduled task
TASK-01004,2026-08-08T07:34:15Z,ADMIN-WS-07,NT AUTHORITY\SYSTEM,UpdateCheck,backup-agent.exe --inventory,daily,registered,taskeng.exe,11487,benign,approved scheduled task
TASK-00949,2026-08-08T07:34:50Z,ADMIN-WS-11,NT AUTHORITY\SYSTEM,BackupInventory,backup-agent.exe --inventory,daily,registered,taskeng.exe,12187,benign,approved scheduled task
TASK-01470,2026-08-08T07:48:39Z,VULN-SCAN-01,NT AUTHORITY\SYSTEM,BackupInventory,backup-agent.exe --inventory,daily,registered,taskeng.exe,10843,benign,approved scheduled task
TASK-00355,2026-08-08T07:49:34Z,WEB-EDGE-01,NT AUTHORITY\SYSTEM,WebLogRotation,backup-agent.exe --inventory,daily,registered,taskeng.exe,5363,benign,approved scheduled task
TASK-01467,2026-08-08T08:25:09Z,ADMIN-WS-11,NT AUTHORITY\SYSTEM,BackupInventory,backup-agent.exe --inventory,daily,run,taskeng.exe,2137,benign,approved scheduled task
TASK-00471,2026-08-08T08:39:51Z,ADMIN-WS-11,NT AUTHORITY\SYSTEM,BackupInventory,powershell.exe -File C:\Ops\Rotate-Logs.ps1,daily,registered,taskeng.exe,14028,benign,approved scheduled task
TASK-00247,2026-08-08T08:47:06Z,DEPLOY-01,NT AUTHORITY\SYSTEM,BackupInventory,updater.exe /check,daily,registered,taskeng.exe,1987,benign,approved scheduled task
TASK-00499,2026-08-08T08:54:35Z,FILE-01,NT AUTHORITY\SYSTEM,UpdateCheck,backup-agent.exe --inventory,daily,registered,taskeng.exe,2414,benign,approved scheduled task
TASK-00599,2026-08-08T08:55:37Z,FILE-01,NT AUTHORITY\SYSTEM,BackupInventory,backup-agent.exe --inventory,daily,registered,taskeng.exe,2784,benign,approved scheduled task
TASK-00562,2026-08-08T09:02:55Z,FILE-01,NT AUTHORITY\SYSTEM,WebLogRotation,backup-agent.exe --inventory,daily,run,taskeng.exe,7356,benign,approved scheduled task
TASK-01381,2026-08-08T09:03:19Z,ADMIN-WS-11,NT AUTHORITY\SYSTEM,BackupInventory,updater.exe /check,daily,registered,taskeng.exe,1034,benign,approved scheduled task
TASK-01243,2026-08-08T09:03:47Z,WEB-EDGE-01,NT AUTHORITY\SYSTEM,UpdateCheck,backup-agent.exe --inventory,daily,registered,taskeng.exe,3858,benign,approved scheduled task
TASK-01105,2026-08-08T09:11:50Z,DEPLOY-01,NT AUTHORITY\SYSTEM,BackupInventory,backup-agent.exe --inventory,daily,run,taskeng.exe,5261,benign,approved scheduled task
TASK-00079,2026-08-08T09:16:45Z,ADMIN-WS-07,NT AUTHORITY\SYSTEM,WebLogRotation,backup-agent.exe --inventory,daily,registered,taskeng.exe,3177,benign,approved scheduled task
TASK-01200,2026-08-08T09:25:39Z,VULN-SCAN-01,NT AUTHORITY\SYSTEM,WebLogRotation,backup-agent.exe --inventory,daily,registered,taskeng.exe,14964,benign,approved scheduled task
TASK-01138,2026-08-08T09:28:20Z,ADMIN-WS-07,NT AUTHORITY\SYSTEM,BackupInventory,backup-agent.exe --inventory,daily,run,taskeng.exe,8156,benign,approved scheduled task
TASK-00663,2026-08-08T09:39:35Z,APP-API-02,NT AUTHORITY\SYSTEM,WebLogRotation,powershell.exe -File C:\Ops\Rotate-Logs.ps1,daily,registered,taskeng.exe,12821,benign,approved scheduled task
TASK-00695,2026-08-08T09:42:21Z,DEPLOY-01,NT AUTHORITY\SYSTEM,BackupInventory,updater.exe /check,daily,registered,taskeng.exe,9007,benign,approved scheduled task
TASK-00995,2026-08-08T09:45:38Z,FILE-01,NT AUTHORITY\SYSTEM,UpdateCheck,updater.exe /check,daily,run,taskeng.exe,13414,benign,approved scheduled task
TASK-00942,2026-08-08T09:53:51Z,DEPLOY-01,NT AUTHORITY\SYSTEM,WebLogRotation,powershell.exe -File C:\Ops\Rotate-Logs.ps1,daily,run,taskeng.exe,9694,benign,approved scheduled task
TASK-00360,2026-08-08T09:57:34Z,ADMIN-WS-11,NT AUTHORITY\SYSTEM,WebLogRotation,backup-agent.exe --inventory,daily,registered,taskeng.exe,5216,benign,approved scheduled task
TASK-01353,2026-08-08T10:04:48Z,DEPLOY-01,NT AUTHORITY\SYSTEM,BackupInventory,backup-agent.exe --inventory,daily,run,taskeng.exe,2417,benign,approved scheduled task
TASK-01179,2026-08-08T10:15:05Z,ADMIN-WS-07,NT AUTHORITY\SYSTEM,BackupInventory,powershell.exe -File C:\Ops\Rotate-Logs.ps1,daily,run,taskeng.exe,6545,benign,approved scheduled task
TASK-00304,2026-08-08T10:33:15Z,DEPLOY-01,NT AUTHORITY\SYSTEM,BackupInventory,powershell.exe -File C:\Ops\Rotate-Logs.ps1,daily,run,taskeng.exe,11531,benign,approved scheduled task
TASK-01131,2026-08-08T10:50:37Z,FILE-01,NT AUTHORITY\SYSTEM,WebLogRotation,powershell.exe -File C:\Ops\Rotate-Logs.ps1,daily,run,taskeng.exe,12166,benign,approved scheduled task
TASK-01050,2026-08-08T10:56:50Z,ADMIN-WS-07,NT AUTHORITY\SYSTEM,WebLogRotation,backup-agent.exe --inventory,daily,run,taskeng.exe,8240,benign,approved scheduled task
TASK-00414,2026-08-08T10:56:56Z,FILE-01,NT AUTHORITY\SYSTEM,UpdateCheck,updater.exe /check,daily,registered,taskeng.exe,5461,benign,approved scheduled task
TASK-00184,2026-08-08T11:07:21Z,ADMIN-WS-07,NT AUTHORITY\SYSTEM,BackupInventory,powershell.exe -File C:\Ops\Rotate-Logs.ps1,daily,registered,taskeng.exe,12571,benign,approved scheduled task
TASK-00901,2026-08-08T11:11:41Z,VULN-SCAN-01,NT AUTHORITY\SYSTEM,UpdateCheck,updater.exe /check,daily,run,taskeng.exe,2553,benign,approved scheduled task
TASK-00049,2026-08-08T11:16:27Z,APP-API-02,NT AUTHORITY\SYSTEM,BackupInventory,backup-agent.exe --inventory,daily,run,taskeng.exe,12417,benign,approved scheduled task
TASK-01268,2026-08-08T11:29:46Z,DEPLOY-01,NT AUTHORITY\SYSTEM,BackupInventory,updater.exe /check,daily,registered,taskeng.exe,12103,benign,approved scheduled task
TASK-00432,2026-08-08T11:36:55Z,ADMIN-WS-07,NT AUTHORITY\SYSTEM,UpdateCheck,powershell.exe -File C:\Ops\Rotate-Logs.ps1,daily,run,taskeng.exe,6032,benign,approved scheduled task
TASK-00838,2026-08-08T11:44:08Z,ADMIN-WS-11,NT AUTHORITY\SYSTEM,UpdateCheck,updater.exe /check,daily,registered,taskeng.exe,7757,benign,approved scheduled task
TASK-00634,2026-08-08T11:45:15Z,ADMIN-WS-11,NT AUTHORITY\SYSTEM,WebLogRotation,powershell.exe -File C:\Ops\Rotate-Logs.ps1,daily,registered,taskeng.exe,9538,benign,approved scheduled task
TASK-00371,2026-08-08T11:52:49Z,ADMIN-WS-11,NT AUTHORITY\SYSTEM,UpdateCheck,powershell.exe -File C:\Ops\Rotate-Logs.ps1,daily,registered,taskeng.exe,13041,benign,approved scheduled task
TASK-00096,2026-08-08T11:57:08Z,APP-API-02,NT AUTHORITY\SYSTEM,BackupInventory,backup-agent.exe --inventory,daily,registered,taskeng.exe,3837,benign,approved scheduled task
TASK-00392,2026-08-08T12:02:18Z,VULN-SCAN-01,NT AUTHORITY\SYSTEM,WebLogRotation,powershell.exe -File C:\Ops\Rotate-Logs.ps1,daily,run,taskeng.exe,10237,benign,approved scheduled task
TASK-00393,2026-08-08T12:06:01Z,VULN-SCAN-01,NT AUTHORITY\SYSTEM,UpdateCheck,powershell.exe -File C:\Ops\Rotate-Logs.ps1,daily,run,taskeng.exe,10689,benign,approved scheduled task
TASK-00171,2026-08-08T12:06:53Z,ADMIN-WS-11,NT AUTHORITY\SYSTEM,UpdateCheck,powershell.exe -File C:\Ops\Rotate-Logs.ps1,daily,registered,taskeng.exe,5369,benign,approved scheduled task
TASK-01220,2026-08-08T12:18:35Z,FILE-01,NT AUTHORITY\SYSTEM,BackupInventory,updater.exe /check,daily,run,taskeng.exe,8044,benign,approved scheduled task
TASK-00550,2026-08-08T12:19:59Z,APP-API-02,NT AUTHORITY\SYSTEM,BackupInventory,backup-agent.exe --inventory,daily,registered,taskeng.exe,7509,benign,approved scheduled task
TASK-00063,2026-08-08T12:24:02Z,DEPLOY-01,NT AUTHORITY\SYSTEM,UpdateCheck,powershell.exe -File C:\Ops\Rotate-Logs.ps1,daily,registered,taskeng.exe,8149,benign,approved scheduled task
TASK-00451,2026-08-08T12:25:04Z,VULN-SCAN-01,NT AUTHORITY\SYSTEM,UpdateCheck,powershell.exe -File C:\Ops\Rotate-Logs.ps1,daily,registered,taskeng.exe,5461,benign,approved scheduled task
TASK-00740,2026-08-08T12:27:16Z,VULN-SCAN-01,NT AUTHORITY\SYSTEM,BackupInventory,backup-agent.exe --inventory,daily,registered,taskeng.exe,3629,benign,approved scheduled task
TASK-00240,2026-08-08T12:40:02Z,FILE-01,NT AUTHORITY\SYSTEM,BackupInventory,updater.exe /check,daily,run,taskeng.exe,11133,benign,approved scheduled task
TASK-00955,2026-08-08T12:41:29Z,VULN-SCAN-01,NT AUTHORITY\SYSTEM,UpdateCheck,powershell.exe -File C:\Ops\Rotate-Logs.ps1,daily,registered,taskeng.exe,4587,benign,approved scheduled task
TASK-00514,2026-08-08T12:44:43Z,APP-API-02,NT AUTHORITY\SYSTEM,WebLogRotation,backup-agent.exe --inventory,daily,run,taskeng.exe,3162,benign,approved scheduled task
TASK-01016,2026-08-08T12:53:31Z,WEB-EDGE-01,NT AUTHORITY\SYSTEM,UpdateCheck,backup-agent.exe --inventory,daily,run,taskeng.exe,8271,benign,approved scheduled task
TASK-01228,2026-08-08T12:58:07Z,ADMIN-WS-07,NT AUTHORITY\SYSTEM,BackupInventory,updater.exe /check,daily,run,taskeng.exe,11381,benign,approved scheduled task
TASK-00221,2026-08-08T13:04:26Z,ADMIN-WS-11,NT AUTHORITY\SYSTEM,WebLogRotation,powershell.exe -File C:\Ops\Rotate-Logs.ps1,daily,run,taskeng.exe,13480,benign,approved scheduled task
TASK-00456,2026-08-08T13:08:20Z,WEB-EDGE-01,NT AUTHORITY\SYSTEM,WebLogRotation,backup-agent.exe --inventory,daily,registered,taskeng.exe,10597,benign,approved scheduled task
TASK-00678,2026-08-08T13:15:33Z,APP-API-02,NT AUTHORITY\SYSTEM,WebLogRotation,backup-agent.exe --inventory,daily,registered,taskeng.exe,6210,benign,approved scheduled task
TASK-00300,2026-08-08T13:27:08Z,DEPLOY-01,NT AUTHORITY\SYSTEM,BackupInventory,backup-agent.exe --inventory,daily,registered,taskeng.exe,9923,benign,approved scheduled task
TASK-00117,2026-08-08T13:28:34Z,ADMIN-WS-07,NT AUTHORITY\SYSTEM,BackupInventory,powershell.exe -File C:\Ops\Rotate-Logs.ps1,daily,run,taskeng.exe,14662,benign,approved scheduled task
TASK-00522,2026-08-08T13:49:43Z,ADMIN-WS-11,NT AUTHORITY\SYSTEM,WebLogRotation,powershell.exe -File C:\Ops\Rotate-Logs.ps1,daily,run,taskeng.exe,11060,benign,approved scheduled task
TASK-01035,2026-08-08T13:51:04Z,VULN-SCAN-01,NT AUTHORITY\SYSTEM,UpdateCheck,powershell.exe -File C:\Ops\Rotate-Logs.ps1,daily,run,taskeng.exe,9339,benign,approved scheduled task
TASK-01013,2026-08-08T13:51:51Z,APP-API-02,NT AUTHORITY\SYSTEM,WebLogRotation,backup-agent.exe --inventory,daily,run,taskeng.exe,7623,benign,approved scheduled task
TASK-00450,2026-08-08T13:54:09Z,APP-API-02,NT AUTHORITY\SYSTEM,BackupInventory,powershell.exe -File C:\Ops\Rotate-Logs.ps1,daily,run,taskeng.exe,7014,benign,approved scheduled task
TASK-00060,2026-08-08T14:18:37Z,DEPLOY-01,NT AUTHORITY\SYSTEM,WebLogRotation,powershell.exe -File C:\Ops\Rotate-Logs.ps1,daily,registered,taskeng.exe,12105,benign,approved scheduled task
TASK-00457,2026-08-08T14:20:43Z,ADMIN-WS-11,NT AUTHORITY\SYSTEM,BackupInventory,powershell.exe -File C:\Ops\Rotate-Logs.ps1,daily,registered,taskeng.exe,11286,benign,approved scheduled task
TASK-01133,2026-08-08T14:25:01Z,WEB-EDGE-01,NT AUTHORITY\SYSTEM,WebLogRotation,backup-agent.exe --inventory,daily,run,taskeng.exe,2616,benign,approved scheduled task
TASK-00921,2026-08-08T14:36:02Z,WEB-EDGE-01,NT AUTHORITY\SYSTEM,WebLogRotation,backup-agent.exe --inventory,daily,run,taskeng.exe,1616,benign,approved scheduled task
TASK-00233,2026-08-08T14:47:19Z,VULN-SCAN-01,NT AUTHORITY\SYSTEM,WebLogRotation,powershell.exe -File C:\Ops\Rotate-Logs.ps1,daily,registered,taskeng.exe,14530,benign,approved scheduled task
TASK-00779,2026-08-08T14:48:15Z,VULN-SCAN-01,NT AUTHORITY\SYSTEM,BackupInventory,backup-agent.exe --inventory,daily,run,taskeng.exe,2463,benign,approved scheduled task
TASK-00344,2026-08-08T15:03:08Z,VULN-SCAN-01,NT AUTHORITY\SYSTEM,UpdateCheck,backup-agent.exe --inventory,daily,registered,taskeng.exe,12969,benign,approved scheduled task
TASK-00686,2026-08-08T15:11:54Z,DEPLOY-01,NT AUTHORITY\SYSTEM,BackupInventory,powershell.exe -File C:\Ops\Rotate-Logs.ps1,daily,run,taskeng.exe,10978,benign,approved scheduled task
TASK-00697,2026-08-08T15:18:44Z,FILE-01,NT AUTHORITY\SYSTEM,UpdateCheck,updater.exe /check,daily,registered,taskeng.exe,6127,benign,approved scheduled task
TASK-01326,2026-08-08T15:38:05Z,VULN-SCAN-01,NT AUTHORITY\SYSTEM,UpdateCheck,backup-agent.exe --inventory,daily,run,taskeng.exe,4988,benign,approved scheduled task
TASK-01409,2026-08-08T15:44:14Z,ADMIN-WS-11,NT AUTHORITY\SYSTEM,UpdateCheck,powershell.exe -File C:\Ops\Rotate-Logs.ps1,daily,registered,taskeng.exe,7593,benign,approved scheduled task
TASK-00606,2026-08-08T15:48:46Z,WEB-EDGE-01,NT AUTHORITY\SYSTEM,UpdateCheck,powershell.exe -File C:\Ops\Rotate-Logs.ps1,daily,run,taskeng.exe,1454,benign,approved scheduled task
TASK-00751,2026-08-08T15:55:57Z,ADMIN-WS-11,NT AUTHORITY\SYSTEM,WebLogRotation,backup-agent.exe --inventory,daily,registered,taskeng.exe,8774,benign,approved scheduled task
TASK-01189,2026-08-08T16:24:37Z,WEB-EDGE-01,NT AUTHORITY\SYSTEM,BackupInventory,updater.exe /check,daily,registered,taskeng.exe,1619,benign,approved scheduled task
TASK-01327,2026-08-08T16:25:06Z,WEB-EDGE-01,NT AUTHORITY\SYSTEM,UpdateCheck,backup-agent.exe --inventory,daily,registered,taskeng.exe,7840,benign,approved scheduled task
TASK-00492,2026-08-08T16:38:57Z,APP-API-02,NT AUTHORITY\SYSTEM,BackupInventory,powershell.exe -File C:\Ops\Rotate-Logs.ps1,daily,registered,taskeng.exe,8780,benign,approved scheduled task
TASK-00469,2026-08-08T16:39:02Z,VULN-SCAN-01,NT AUTHORITY\SYSTEM,UpdateCheck,backup-agent.exe --inventory,daily,registered,taskeng.exe,5292,benign,approved scheduled task
TASK-00611,2026-08-08T16:53:19Z,FILE-01,NT AUTHORITY\SYSTEM,BackupInventory,powershell.exe -File C:\Ops\Rotate-Logs.ps1,daily,registered,taskeng.exe,2336,benign,approved scheduled task
TASK-00209,2026-08-08T17:14:57Z,WEB-EDGE-01,NT AUTHORITY\SYSTEM,UpdateCheck,powershell.exe -File C:\Ops\Rotate-Logs.ps1,daily,run,taskeng.exe,7262,benign,approved scheduled task
TASK-01090,2026-08-08T17:20:27Z,DEPLOY-01,NT AUTHORITY\SYSTEM,BackupInventory,backup-agent.exe --inventory,daily,registered,taskeng.exe,9551,benign,approved scheduled task
TASK-01312,2026-08-08T17:26:59Z,ADMIN-WS-11,NT AUTHORITY\SYSTEM,WebLogRotation,updater.exe /check,daily,run,taskeng.exe,4365,benign,approved scheduled task
TASK-00204,2026-08-08T17:27:48Z,FILE-01,NT AUTHORITY\SYSTEM,BackupInventory,backup-agent.exe --inventory,daily,run,taskeng.exe,14466,benign,approved scheduled task
TASK-00950,2026-08-08T17:41:09Z,FILE-01,NT AUTHORITY\SYSTEM,BackupInventory,updater.exe /check,daily,run,taskeng.exe,7076,benign,approved scheduled task
TASK-00491,2026-08-08T17:44:57Z,APP-API-02,NT AUTHORITY\SYSTEM,BackupInventory,powershell.exe -File C:\Ops\Rotate-Logs.ps1,daily,registered,taskeng.exe,4601,benign,approved scheduled task
TASK-00821,2026-08-08T17:55:16Z,APP-API-02,NT AUTHORITY\SYSTEM,WebLogRotation,updater.exe /check,daily,run,taskeng.exe,3230,benign,approved scheduled task
TASK-01380,2026-08-08T17:58:29Z,DEPLOY-01,NT AUTHORITY\SYSTEM,BackupInventory,updater.exe /check,daily,run,taskeng.exe,11762,benign,approved scheduled task
TASK-01079,2026-08-08T18:04:11Z,DEPLOY-01,NT AUTHORITY\SYSTEM,BackupInventory,powershell.exe -File C:\Ops\Rotate-Logs.ps1,daily,registered,taskeng.exe,11963,benign,approved scheduled task
TASK-00801,2026-08-08T18:09:13Z,FILE-01,NT AUTHORITY\SYSTEM,BackupInventory,powershell.exe -File C:\Ops\Rotate-Logs.ps1,daily,registered,taskeng.exe,6617,benign,approved scheduled task
TASK-00820,2026-08-08T18:09:14Z,DEPLOY-01,NT AUTHORITY\SYSTEM,BackupInventory,updater.exe /check,daily,run,taskeng.exe,9986,benign,approved scheduled task
TASK-01049,2026-08-08T18:16:10Z,FILE-01,NT AUTHORITY\SYSTEM,BackupInventory,backup-agent.exe --inventory,daily,registered,taskeng.exe,5830,benign,approved scheduled task
TASK-01376,2026-08-08T18:18:47Z,VULN-SCAN-01,NT AUTHORITY\SYSTEM,WebLogRotation,powershell.exe -File C:\Ops\Rotate-Logs.ps1,daily,run,taskeng.exe,9268,benign,approved scheduled task
TASK-00185,2026-08-08T18:29:50Z,WEB-EDGE-01,NT AUTHORITY\SYSTEM,UpdateCheck,updater.exe /check,daily,registered,taskeng.exe,9379,benign,approved scheduled task
TASK-01348,2026-08-08T18:34:11Z,VULN-SCAN-01,NT AUTHORITY\SYSTEM,WebLogRotation,backup-agent.exe --inventory,daily,run,taskeng.exe,6684,benign,approved scheduled task
TASK-01304,2026-08-08T18:35:03Z,APP-API-02,NT AUTHORITY\SYSTEM,BackupInventory,backup-agent.exe --inventory,daily,run,taskeng.exe,14737,benign,approved scheduled task
TASK-00336,2026-08-08T18:51:47Z,VULN-SCAN-01,NT AUTHORITY\SYSTEM,WebLogRotation,powershell.exe -File C:\Ops\Rotate-Logs.ps1,daily,registered,taskeng.exe,3602,benign,approved scheduled task
TASK-00353,2026-08-08T18:53:45Z,FILE-01,NT AUTHORITY\SYSTEM,BackupInventory,backup-agent.exe --inventory,daily,registered,taskeng.exe,12386,benign,approved scheduled task
TASK-01001,2026-08-08T19:00:06Z,ADMIN-WS-07,NT AUTHORITY\SYSTEM,WebLogRotation,updater.exe /check,daily,registered,taskeng.exe,14179,benign,approved scheduled task
TASK-00972,2026-08-08T19:08:05Z,DEPLOY-01,NT AUTHORITY\SYSTEM,UpdateCheck,powershell.exe -File C:\Ops\Rotate-Logs.ps1,daily,registered,taskeng.exe,9999,benign,approved scheduled task
TASK-00526,2026-08-08T19:12:28Z,VULN-SCAN-01,NT AUTHORITY\SYSTEM,BackupInventory,powershell.exe -File C:\Ops\Rotate-Logs.ps1,daily,registered,taskeng.exe,12262,benign,approved scheduled task
TASK-00873,2026-08-08T19:28:22Z,ADMIN-WS-11,NT AUTHORITY\SYSTEM,WebLogRotation,updater.exe /check,daily,run,taskeng.exe,10935,benign,approved scheduled task
TASK-00364,2026-08-08T19:31:19Z,DEPLOY-01,NT AUTHORITY\SYSTEM,BackupInventory,powershell.exe -File C:\Ops\Rotate-Logs.ps1,daily,registered,taskeng.exe,10044,benign,approved scheduled task
TASK-00870,2026-08-08T19:32:04Z,FILE-01,NT AUTHORITY\SYSTEM,UpdateCheck,updater.exe /check,daily,run,taskeng.exe,13767,benign,approved scheduled task
TASK-00290,2026-08-08T19:33:05Z,WEB-EDGE-01,NT AUTHORITY\SYSTEM,WebLogRotation,updater.exe /check,daily,run,taskeng.exe,3896,benign,approved scheduled task
TASK-00496,2026-08-08T19:37:21Z,DEPLOY-01,NT AUTHORITY\SYSTEM,WebLogRotation,updater.exe /check,daily,registered,taskeng.exe,3609,benign,approved scheduled task
TASK-01169,2026-08-08T19:53:24Z,ADMIN-WS-11,NT AUTHORITY\SYSTEM,UpdateCheck,powershell.exe -File C:\Ops\Rotate-Logs.ps1,daily,run,taskeng.exe,12243,benign,approved scheduled task
TASK-01178,2026-08-08T19:57:38Z,ADMIN-WS-11,NT AUTHORITY\SYSTEM,BackupInventory,updater.exe /check,daily,registered,taskeng.exe,9892,benign,approved scheduled task
TASK-00109,2026-08-08T20:06:02Z,APP-API-02,NT AUTHORITY\SYSTEM,UpdateCheck,updater.exe /check,daily,run,taskeng.exe,6677,benign,approved scheduled task
TASK-00269,2026-08-08T20:14:14Z,APP-API-02,NT AUTHORITY\SYSTEM,WebLogRotation,backup-agent.exe --inventory,daily,run,taskeng.exe,3354,benign,approved scheduled task
TASK-01375,2026-08-08T20:36:08Z,WEB-EDGE-01,NT AUTHORITY\SYSTEM,BackupInventory,powershell.exe -File C:\Ops\Rotate-Logs.ps1,daily,run,taskeng.exe,5196,benign,approved scheduled task
TASK-00462,2026-08-08T20:39:20Z,WEB-EDGE-01,NT AUTHORITY\SYSTEM,UpdateCheck,updater.exe /check,daily,registered,taskeng.exe,2875,benign,approved scheduled task
TASK-01003,2026-08-08T20:44:26Z,FILE-01,NT AUTHORITY\SYSTEM,UpdateCheck,powershell.exe -File C:\Ops\Rotate-Logs.ps1,daily,run,taskeng.exe,11811,benign,approved scheduled task
TASK-00128,2026-08-08T21:00:08Z,ADMIN-WS-11,NT AUTHORITY\SYSTEM,WebLogRotation,powershell.exe -File C:\Ops\Rotate-Logs.ps1,daily,registered,taskeng.exe,11819,benign,approved scheduled task
TASK-01136,2026-08-08T21:05:13Z,ADMIN-WS-11,NT AUTHORITY\SYSTEM,WebLogRotation,updater.exe /check,daily,registered,taskeng.exe,2498,benign,approved scheduled task
TASK-00252,2026-08-08T21:05:46Z,FILE-01,NT AUTHORITY\SYSTEM,UpdateCheck,updater.exe /check,daily,registered,taskeng.exe,7876,benign,approved scheduled task
TASK-00927,2026-08-08T21:06:07Z,WEB-EDGE-01,NT AUTHORITY\SYSTEM,BackupInventory,backup-agent.exe --inventory,daily,run,taskeng.exe,11592,benign,approved scheduled task
TASK-00308,2026-08-08T21:06:17Z,VULN-SCAN-01,NT AUTHORITY\SYSTEM,WebLogRotation,backup-agent.exe --inventory,daily,run,taskeng.exe,11793,benign,approved scheduled task
TASK-00446,2026-08-08T21:06:40Z,APP-API-02,NT AUTHORITY\SYSTEM,BackupInventory,updater.exe /check,daily,registered,taskeng.exe,8967,benign,approved scheduled task
TASK-00335,2026-08-08T21:21:49Z,ADMIN-WS-07,NT AUTHORITY\SYSTEM,BackupInventory,backup-agent.exe --inventory,daily,registered,taskeng.exe,1392,benign,approved scheduled task
TASK-00552,2026-08-08T21:22:19Z,DEPLOY-01,NT AUTHORITY\SYSTEM,WebLogRotation,powershell.exe -File C:\Ops\Rotate-Logs.ps1,daily,run,taskeng.exe,12195,benign,approved scheduled task
TASK-01325,2026-08-08T21:26:50Z,VULN-SCAN-01,NT AUTHORITY\SYSTEM,WebLogRotation,updater.exe /check,daily,run,taskeng.exe,5028,benign,approved scheduled task
TASK-00637,2026-08-08T21:39:35Z,ADMIN-WS-07,NT AUTHORITY\SYSTEM,WebLogRotation,backup-agent.exe --inventory,daily,registered,taskeng.exe,3912,benign,approved scheduled task
TASK-00474,2026-08-08T21:43:21Z,ADMIN-WS-11,NT AUTHORITY\SYSTEM,UpdateCheck,backup-agent.exe --inventory,daily,run,taskeng.exe,10376,benign,approved scheduled task
TASK-00614,2026-08-08T21:48:33Z,APP-API-02,NT AUTHORITY\SYSTEM,WebLogRotation,backup-agent.exe --inventory,daily,run,taskeng.exe,5049,benign,approved scheduled task
TASK-01085,2026-08-08T21:51:21Z,WEB-EDGE-01,NT AUTHORITY\SYSTEM,BackupInventory,powershell.exe -File C:\Ops\Rotate-Logs.ps1,daily,run,taskeng.exe,6240,benign,approved scheduled task
TASK-01374,2026-08-08T21:55:05Z,WEB-EDGE-01,NT AUTHORITY\SYSTEM,UpdateCheck,powershell.exe -File C:\Ops\Rotate-Logs.ps1,daily,registered,taskeng.exe,8631,benign,approved scheduled task
TASK-01448,2026-08-08T21:56:25Z,WEB-EDGE-01,NT AUTHORITY\SYSTEM,BackupInventory,backup-agent.exe --inventory,daily,registered,taskeng.exe,4856,benign,approved scheduled task
TASK-00445,2026-08-08T21:57:06Z,WEB-EDGE-01,NT AUTHORITY\SYSTEM,BackupInventory,backup-agent.exe --inventory,daily,run,taskeng.exe,13084,benign,approved scheduled task
TASK-00936,2026-08-08T21:58:16Z,FILE-01,NT AUTHORITY\SYSTEM,WebLogRotation,powershell.exe -File C:\Ops\Rotate-Logs.ps1,daily,registered,taskeng.exe,7453,benign,approved scheduled task
TASK-01084,2026-08-08T22:00:46Z,DEPLOY-01,NT AUTHORITY\SYSTEM,BackupInventory,updater.exe /check,daily,run,taskeng.exe,12648,benign,approved scheduled task
TASK-00530,2026-08-08T22:01:05Z,DEPLOY-01,NT AUTHORITY\SYSTEM,BackupInventory,backup-agent.exe --inventory,daily,run,taskeng.exe,9933,benign,approved scheduled task
TASK-00903,2026-08-08T22:01:58Z,ADMIN-WS-11,NT AUTHORITY\SYSTEM,BackupInventory,updater.exe /check,daily,run,taskeng.exe,1417,benign,approved scheduled task
TASK-00810,2026-08-08T22:04:57Z,DEPLOY-01,NT AUTHORITY\SYSTEM,WebLogRotation,backup-agent.exe --inventory,daily,registered,taskeng.exe,8323,benign,approved scheduled task
TASK-00543,2026-08-08T22:11:27Z,WEB-EDGE-01,NT AUTHORITY\SYSTEM,BackupInventory,backup-agent.exe --inventory,daily,registered,taskeng.exe,5114,benign,approved scheduled task
TASK-00418,2026-08-08T22:16:08Z,WEB-EDGE-01,NT AUTHORITY\SYSTEM,WebLogRotation,powershell.exe -File C:\Ops\Rotate-Logs.ps1,daily,run,taskeng.exe,10132,benign,approved scheduled task
TASK-00178,2026-08-08T22:25:53Z,VULN-SCAN-01,NT AUTHORITY\SYSTEM,UpdateCheck,updater.exe /check,daily,run,taskeng.exe,7421,benign,approved scheduled task
TASK-01022,2026-08-08T22:26:59Z,VULN-SCAN-01,NT AUTHORITY\SYSTEM,UpdateCheck,powershell.exe -File C:\Ops\Rotate-Logs.ps1,daily,registered,taskeng.exe,10294,benign,approved scheduled task
TASK-00292,2026-08-08T22:30:05Z,APP-API-02,NT AUTHORITY\SYSTEM,UpdateCheck,updater.exe /check,daily,registered,taskeng.exe,5706,benign,approved scheduled task
TASK-01065,2026-08-08T22:41:55Z,DEPLOY-01,NT AUTHORITY\SYSTEM,BackupInventory,updater.exe /check,daily,registered,taskeng.exe,13875,benign,approved scheduled task
TASK-00286,2026-08-08T22:58:31Z,FILE-01,NT AUTHORITY\SYSTEM,BackupInventory,backup-agent.exe --inventory,daily,run,taskeng.exe,4395,benign,approved scheduled task
TASK-00615,2026-08-08T23:05:19Z,DEPLOY-01,NT AUTHORITY\SYSTEM,WebLogRotation,backup-agent.exe --inventory,daily,registered,taskeng.exe,7948,benign,approved scheduled task
TASK-00970,2026-08-08T23:14:44Z,DEPLOY-01,NT AUTHORITY\SYSTEM,BackupInventory,powershell.exe -File C:\Ops\Rotate-Logs.ps1,daily,registered,taskeng.exe,4865,benign,approved scheduled task
TASK-01066,2026-08-08T23:32:38Z,DEPLOY-01,NT AUTHORITY\SYSTEM,BackupInventory,updater.exe /check,daily,registered,taskeng.exe,3116,benign,approved scheduled task
TASK-00092,2026-08-08T23:39:03Z,WEB-EDGE-01,NT AUTHORITY\SYSTEM,UpdateCheck,updater.exe /check,daily,registered,taskeng.exe,4702,benign,approved scheduled task
TASK-00542,2026-08-08T23:48:33Z,ADMIN-WS-11,NT AUTHORITY\SYSTEM,BackupInventory,backup-agent.exe --inventory,daily,run,taskeng.exe,6450,benign,approved scheduled task
TASK-00112,2026-08-08T23:50:21Z,FILE-01,NT AUTHORITY\SYSTEM,UpdateCheck,updater.exe /check,daily,run,taskeng.exe,13626,benign,approved scheduled task
TASK-00967,2026-08-09T00:02:18Z,VULN-SCAN-01,NT AUTHORITY\SYSTEM,UpdateCheck,powershell.exe -File C:\Ops\Rotate-Logs.ps1,daily,registered,taskeng.exe,11287,benign,approved scheduled task
TASK-01096,2026-08-09T00:12:56Z,ADMIN-WS-07,NT AUTHORITY\SYSTEM,WebLogRotation,backup-agent.exe --inventory,daily,registered,taskeng.exe,7237,benign,approved scheduled task
TASK-00580,2026-08-09T00:14:13Z,FILE-01,NT AUTHORITY\SYSTEM,UpdateCheck,updater.exe /check,daily,run,taskeng.exe,5041,benign,approved scheduled task
TASK-00444,2026-08-09T00:17:35Z,FILE-01,NT AUTHORITY\SYSTEM,UpdateCheck,powershell.exe -File C:\Ops\Rotate-Logs.ps1,daily,registered,taskeng.exe,10260,benign,approved scheduled task
TASK-00075,2026-08-09T00:24:30Z,ADMIN-WS-07,NT AUTHORITY\SYSTEM,UpdateCheck,backup-agent.exe --inventory,daily,run,taskeng.exe,10598,benign,approved scheduled task
TASK-00888,2026-08-09T00:25:01Z,FILE-01,NT AUTHORITY\SYSTEM,WebLogRotation,backup-agent.exe --inventory,daily,run,taskeng.exe,14839,benign,approved scheduled task
TASK-00007,2026-08-09T00:30:01Z,VULN-SCAN-01,NT AUTHORITY\SYSTEM,BackupInventory,backup-agent.exe --inventory,daily,run,taskeng.exe,1872,benign,approved scheduled task
TASK-00917,2026-08-09T00:40:08Z,VULN-SCAN-01,NT AUTHORITY\SYSTEM,UpdateCheck,updater.exe /check,daily,run,taskeng.exe,8837,benign,approved scheduled task
TASK-00297,2026-08-09T00:48:21Z,WEB-EDGE-01,NT AUTHORITY\SYSTEM,UpdateCheck,updater.exe /check,daily,registered,taskeng.exe,2626,benign,approved scheduled task
TASK-01067,2026-08-09T00:58:30Z,ADMIN-WS-11,NT AUTHORITY\SYSTEM,WebLogRotation,backup-agent.exe --inventory,daily,run,taskeng.exe,6771,benign,approved scheduled task
TASK-00770,2026-08-09T01:14:10Z,WEB-EDGE-01,NT AUTHORITY\SYSTEM,WebLogRotation,updater.exe /check,daily,registered,taskeng.exe,3125,benign,approved scheduled task
TASK-01355,2026-08-09T01:16:28Z,ADMIN-WS-11,NT AUTHORITY\SYSTEM,WebLogRotation,powershell.exe -File C:\Ops\Rotate-Logs.ps1,daily,run,taskeng.exe,12182,benign,approved scheduled task
TASK-00289,2026-08-09T01:24:04Z,WEB-EDGE-01,NT AUTHORITY\SYSTEM,WebLogRotation,backup-agent.exe --inventory,daily,run,taskeng.exe,6846,benign,approved scheduled task
TASK-00150,2026-08-09T01:25:21Z,ADMIN-WS-11,NT AUTHORITY\SYSTEM,UpdateCheck,updater.exe /check,daily,run,taskeng.exe,6975,benign,approved scheduled task
TASK-01403,2026-08-09T01:26:19Z,ADMIN-WS-11,NT AUTHORITY\SYSTEM,UpdateCheck,updater.exe /check,daily,registered,taskeng.exe,7909,benign,approved scheduled task
TASK-01119,2026-08-09T01:41:31Z,WEB-EDGE-01,NT AUTHORITY\SYSTEM,WebLogRotation,updater.exe /check,daily,registered,taskeng.exe,10084,benign,approved scheduled task
TASK-01394,2026-08-09T01:47:30Z,APP-API-02,NT AUTHORITY\SYSTEM,WebLogRotation,backup-agent.exe --inventory,daily,run,taskeng.exe,3204,benign,approved scheduled task
TASK-01126,2026-08-09T01:54:19Z,VULN-SCAN-01,NT AUTHORITY\SYSTEM,UpdateCheck,backup-agent.exe --inventory,daily,run,taskeng.exe,11230,benign,approved scheduled task
TASK-00898,2026-08-09T01:54:30Z,ADMIN-WS-11,NT AUTHORITY\SYSTEM,BackupInventory,powershell.exe -File C:\Ops\Rotate-Logs.ps1,daily,run,taskeng.exe,12083,benign,approved scheduled task
TASK-00089,2026-08-09T01:59:22Z,ADMIN-WS-11,NT AUTHORITY\SYSTEM,BackupInventory,powershell.exe -File C:\Ops\Rotate-Logs.ps1,daily,run,taskeng.exe,14685,benign,approved scheduled task
TASK-01496,2026-08-09T02:04:06Z,DEPLOY-01,NT AUTHORITY\SYSTEM,BackupInventory,powershell.exe -File C:\Ops\Rotate-Logs.ps1,daily,registered,taskeng.exe,12513,benign,approved scheduled task
TASK-00711,2026-08-09T02:18:07Z,ADMIN-WS-07,NT AUTHORITY\SYSTEM,WebLogRotation,updater.exe /check,daily,registered,taskeng.exe,2744,benign,approved scheduled task
TASK-00213,2026-08-09T02:19:20Z,ADMIN-WS-11,NT AUTHORITY\SYSTEM,WebLogRotation,updater.exe /check,daily,run,taskeng.exe,13327,benign,approved scheduled task
TASK-00229,2026-08-09T02:37:09Z,FILE-01,NT AUTHORITY\SYSTEM,BackupInventory,powershell.exe -File C:\Ops\Rotate-Logs.ps1,daily,registered,taskeng.exe,13600,benign,approved scheduled task
TASK-00839,2026-08-09T02:47:00Z,APP-API-02,NT AUTHORITY\SYSTEM,WebLogRotation,updater.exe /check,daily,registered,taskeng.exe,14031,benign,approved scheduled task
TASK-00114,2026-08-09T02:52:39Z,VULN-SCAN-01,NT AUTHORITY\SYSTEM,UpdateCheck,updater.exe /check,daily,registered,taskeng.exe,4895,benign,approved scheduled task
TASK-00013,2026-08-09T03:18:01Z,APP-API-02,NT AUTHORITY\SYSTEM,WebLogRotation,updater.exe /check,daily,registered,taskeng.exe,14231,benign,approved scheduled task
TASK-01057,2026-08-09T03:19:31Z,WEB-EDGE-01,NT AUTHORITY\SYSTEM,BackupInventory,updater.exe /check,daily,run,taskeng.exe,2514,benign,approved scheduled task
TASK-00375,2026-08-09T03:24:42Z,ADMIN-WS-11,NT AUTHORITY\SYSTEM,WebLogRotation,powershell.exe -File C:\Ops\Rotate-Logs.ps1,daily,run,taskeng.exe,11407,benign,approved scheduled task
TASK-00926,2026-08-09T03:25:10Z,WEB-EDGE-01,NT AUTHORITY\SYSTEM,UpdateCheck,powershell.exe -File C:\Ops\Rotate-Logs.ps1,daily,run,taskeng.exe,11793,benign,approved scheduled task
TASK-00887,2026-08-09T03:33:24Z,WEB-EDGE-01,NT AUTHORITY\SYSTEM,UpdateCheck,updater.exe /check,daily,run,taskeng.exe,7251,benign,approved scheduled task
TASK-01266,2026-08-09T04:04:23Z,ADMIN-WS-11,NT AUTHORITY\SYSTEM,BackupInventory,backup-agent.exe --inventory,daily,run,taskeng.exe,6227,benign,approved scheduled task
TASK-01255,2026-08-09T04:08:02Z,APP-API-02,NT AUTHORITY\SYSTEM,BackupInventory,backup-agent.exe --inventory,daily,registered,taskeng.exe,9552,benign,approved scheduled task
TASK-00628,2026-08-09T04:14:39Z,FILE-01,NT AUTHORITY\SYSTEM,WebLogRotation,powershell.exe -File C:\Ops\Rotate-Logs.ps1,daily,run,taskeng.exe,10551,benign,approved scheduled task
TASK-01458,2026-08-09T04:35:29Z,DEPLOY-01,NT AUTHORITY\SYSTEM,BackupInventory,updater.exe /check,daily,registered,taskeng.exe,1315,benign,approved scheduled task
TASK-00227,2026-08-09T04:36:44Z,VULN-SCAN-01,NT AUTHORITY\SYSTEM,UpdateCheck,updater.exe /check,daily,registered,taskeng.exe,12218,benign,approved scheduled task
TASK-01484,2026-08-09T04:48:07Z,APP-API-02,NT AUTHORITY\SYSTEM,BackupInventory,powershell.exe -File C:\Ops\Rotate-Logs.ps1,daily,registered,taskeng.exe,10009,benign,approved scheduled task
TASK-00769,2026-08-09T04:51:43Z,VULN-SCAN-01,NT AUTHORITY\SYSTEM,WebLogRotation,updater.exe /check,daily,registered,taskeng.exe,1062,benign,approved scheduled task
TASK-01440,2026-08-09T04:55:48Z,APP-API-02,NT AUTHORITY\SYSTEM,WebLogRotation,powershell.exe -File C:\Ops\Rotate-Logs.ps1,daily,registered,taskeng.exe,13132,benign,approved scheduled task
TASK-00220,2026-08-09T04:56:55Z,APP-API-02,NT AUTHORITY\SYSTEM,WebLogRotation,powershell.exe -File C:\Ops\Rotate-Logs.ps1,daily,run,taskeng.exe,4519,benign,approved scheduled task
TASK-01390,2026-08-09T04:57:59Z,ADMIN-WS-11,NT AUTHORITY\SYSTEM,BackupInventory,updater.exe /check,daily,run,taskeng.exe,7287,benign,approved scheduled task
TASK-00693,2026-08-09T04:59:08Z,DEPLOY-01,NT AUTHORITY\SYSTEM,UpdateCheck,powershell.exe -File C:\Ops\Rotate-Logs.ps1,daily,run,taskeng.exe,13726,benign,approved scheduled task
TASK-00883,2026-08-09T05:20:04Z,WEB-EDGE-01,NT AUTHORITY\SYSTEM,UpdateCheck,powershell.exe -File C:\Ops\Rotate-Logs.ps1,daily,run,taskeng.exe,7878,benign,approved scheduled task
TASK-00625,2026-08-09T05:21:25Z,ADMIN-WS-11,NT AUTHORITY\SYSTEM,UpdateCheck,updater.exe /check,daily,registered,taskeng.exe,3066,benign,approved scheduled task
TASK-00163,2026-08-09T05:21:36Z,APP-API-02,NT AUTHORITY\SYSTEM,BackupInventory,powershell.exe -File C:\Ops\Rotate-Logs.ps1,daily,run,taskeng.exe,5107,benign,approved scheduled task
TASK-00193,2026-08-09T05:22:52Z,FILE-01,NT AUTHORITY\SYSTEM,WebLogRotation,updater.exe /check,daily,run,taskeng.exe,8459,benign,approved scheduled task
TASK-00509,2026-08-09T05:25:36Z,FILE-01,NT AUTHORITY\SYSTEM,UpdateCheck,powershell.exe -File C:\Ops\Rotate-Logs.ps1,daily,registered,taskeng.exe,14255,benign,approved scheduled task
TASK-01246,2026-08-09T05:26:50Z,DEPLOY-01,NT AUTHORITY\SYSTEM,UpdateCheck,backup-agent.exe --inventory,daily,registered,taskeng.exe,1858,benign,approved scheduled task
TASK-00138,2026-08-09T05:29:52Z,ADMIN-WS-07,NT AUTHORITY\SYSTEM,WebLogRotation,updater.exe /check,daily,registered,taskeng.exe,10429,benign,approved scheduled task
TASK-00975,2026-08-09T05:40:13Z,ADMIN-WS-07,NT AUTHORITY\SYSTEM,WebLogRotation,backup-agent.exe --inventory,daily,registered,taskeng.exe,11187,benign,approved scheduled task
TASK-00603,2026-08-09T05:41:00Z,ADMIN-WS-07,NT AUTHORITY\SYSTEM,BackupInventory,updater.exe /check,daily,registered,taskeng.exe,11941,benign,approved scheduled task
TASK-00756,2026-08-09T05:41:15Z,VULN-SCAN-01,NT AUTHORITY\SYSTEM,BackupInventory,backup-agent.exe --inventory,daily,run,taskeng.exe,6873,benign,approved scheduled task
TASK-01279,2026-08-09T05:45:34Z,FILE-01,NT AUTHORITY\SYSTEM,WebLogRotation,powershell.exe -File C:\Ops\Rotate-Logs.ps1,daily,registered,taskeng.exe,5094,benign,approved scheduled task
TASK-00744,2026-08-09T05:57:34Z,VULN-SCAN-01,NT AUTHORITY\SYSTEM,BackupInventory,backup-agent.exe --inventory,daily,run,taskeng.exe,7311,benign,approved scheduled task
TASK-01344,2026-08-09T05:59:40Z,APP-API-02,NT AUTHORITY\SYSTEM,BackupInventory,backup-agent.exe --inventory,daily,registered,taskeng.exe,9533,benign,approved scheduled task
TASK-01154,2026-08-09T06:02:30Z,VULN-SCAN-01,NT AUTHORITY\SYSTEM,BackupInventory,updater.exe /check,daily,run,taskeng.exe,12358,benign,approved scheduled task
TASK-00856,2026-08-09T06:03:26Z,DEPLOY-01,NT AUTHORITY\SYSTEM,UpdateCheck,updater.exe /check,daily,run,taskeng.exe,8620,benign,approved scheduled task
TASK-01070,2026-08-09T06:03:35Z,APP-API-02,NT AUTHORITY\SYSTEM,WebLogRotation,updater.exe /check,daily,registered,taskeng.exe,13745,benign,approved scheduled task
TASK-00661,2026-08-09T06:07:49Z,FILE-01,NT AUTHORITY\SYSTEM,WebLogRotation,backup-agent.exe --inventory,daily,registered,taskeng.exe,5104,benign,approved scheduled task
TASK-00989,2026-08-09T06:09:14Z,ADMIN-WS-07,NT AUTHORITY\SYSTEM,UpdateCheck,backup-agent.exe --inventory,daily,run,taskeng.exe,10905,benign,approved scheduled task
TASK-00803,2026-08-09T06:15:29Z,FILE-01,NT AUTHORITY\SYSTEM,WebLogRotation,updater.exe /check,daily,run,taskeng.exe,14672,benign,approved scheduled task
TASK-00943,2026-08-09T06:32:35Z,FILE-01,NT AUTHORITY\SYSTEM,BackupInventory,updater.exe /check,daily,registered,taskeng.exe,10746,benign,approved scheduled task
TASK-00593,2026-08-09T06:32:53Z,VULN-SCAN-01,NT AUTHORITY\SYSTEM,BackupInventory,powershell.exe -File C:\Ops\Rotate-Logs.ps1,daily,run,taskeng.exe,2940,benign,approved scheduled task
TASK-00556,2026-08-09T06:33:03Z,DEPLOY-01,NT AUTHORITY\SYSTEM,WebLogRotation,backup-agent.exe --inventory,daily,registered,taskeng.exe,9418,benign,approved scheduled task
TASK-01400,2026-08-09T06:38:30Z,APP-API-02,NT AUTHORITY\SYSTEM,UpdateCheck,powershell.exe -File C:\Ops\Rotate-Logs.ps1,daily,run,taskeng.exe,9573,benign,approved scheduled task
TASK-01130,2026-08-09T06:39:03Z,FILE-01,NT AUTHORITY\SYSTEM,WebLogRotation,backup-agent.exe --inventory,daily,run,taskeng.exe,12255,benign,approved scheduled task
TASK-00388,2026-08-09T06:43:30Z,WEB-EDGE-01,NT AUTHORITY\SYSTEM,UpdateCheck,updater.exe /check,daily,run,taskeng.exe,6209,benign,approved scheduled task
TASK-00108,2026-08-09T06:45:37Z,FILE-01,NT AUTHORITY\SYSTEM,BackupInventory,powershell.exe -File C:\Ops\Rotate-Logs.ps1,daily,run,taskeng.exe,1097,benign,approved scheduled task
TASK-00528,2026-08-09T06:55:30Z,ADMIN-WS-07,NT AUTHORITY\SYSTEM,UpdateCheck,updater.exe /check,daily,run,taskeng.exe,10053,benign,approved scheduled task
TASK-00984,2026-08-09T06:59:03Z,ADMIN-WS-11,NT AUTHORITY\SYSTEM,BackupInventory,backup-agent.exe --inventory,daily,registered,taskeng.exe,2023,benign,approved scheduled task
TASK-00120,2026-08-09T07:21:56Z,VULN-SCAN-01,NT AUTHORITY\SYSTEM,WebLogRotation,powershell.exe -File C:\Ops\Rotate-Logs.ps1,daily,registered,taskeng.exe,2266,benign,approved scheduled task
TASK-00974,2026-08-09T07:37:02Z,WEB-EDGE-01,NT AUTHORITY\SYSTEM,UpdateCheck,backup-agent.exe --inventory,daily,run,taskeng.exe,8310,benign,approved scheduled task
TASK-01078,2026-08-09T07:47:32Z,VULN-SCAN-01,NT AUTHORITY\SYSTEM,BackupInventory,powershell.exe -File C:\Ops\Rotate-Logs.ps1,daily,run,taskeng.exe,3668,benign,approved scheduled task
TASK-00672,2026-08-09T07:51:38Z,DEPLOY-01,NT AUTHORITY\SYSTEM,BackupInventory,backup-agent.exe --inventory,daily,registered,taskeng.exe,7328,benign,approved scheduled task
TASK-00738,2026-08-09T08:08:04Z,VULN-SCAN-01,NT AUTHORITY\SYSTEM,BackupInventory,updater.exe /check,daily,registered,taskeng.exe,7312,benign,approved scheduled task
TASK-00787,2026-08-09T08:30:16Z,ADMIN-WS-11,NT AUTHORITY\SYSTEM,WebLogRotation,powershell.exe -File C:\Ops\Rotate-Logs.ps1,daily,registered,taskeng.exe,13363,benign,approved scheduled task
TASK-00047,2026-08-09T08:49:36Z,WEB-EDGE-01,NT AUTHORITY\SYSTEM,BackupInventory,updater.exe /check,daily,run,taskeng.exe,12292,benign,approved scheduled task
TASK-00780,2026-08-09T08:50:37Z,ADMIN-WS-07,NT AUTHORITY\SYSTEM,WebLogRotation,backup-agent.exe --inventory,daily,registered,taskeng.exe,4276,benign,approved scheduled task
TASK-00316,2026-08-09T08:55:37Z,ADMIN-WS-11,NT AUTHORITY\SYSTEM,BackupInventory,updater.exe /check,daily,registered,taskeng.exe,4194,benign,approved scheduled task
TASK-00477,2026-08-09T09:02:31Z,WEB-EDGE-01,NT AUTHORITY\SYSTEM,WebLogRotation,updater.exe /check,daily,run,taskeng.exe,2468,benign,approved scheduled task
TASK-01395,2026-08-09T09:08:53Z,FILE-01,NT AUTHORITY\SYSTEM,WebLogRotation,powershell.exe -File C:\Ops\Rotate-Logs.ps1,daily,run,taskeng.exe,9733,benign,approved scheduled task
TASK-01360,2026-08-09T09:19:22Z,DEPLOY-01,NT AUTHORITY\SYSTEM,WebLogRotation,updater.exe /check,daily,run,taskeng.exe,10248,benign,approved scheduled task
TASK-00773,2026-08-09T09:34:43Z,WEB-EDGE-01,NT AUTHORITY\SYSTEM,BackupInventory,powershell.exe -File C:\Ops\Rotate-Logs.ps1,daily,registered,taskeng.exe,8352,benign,approved scheduled task
TASK-00657,2026-08-09T09:39:31Z,ADMIN-WS-07,NT AUTHORITY\SYSTEM,UpdateCheck,updater.exe /check,daily,registered,taskeng.exe,7493,benign,approved scheduled task
TASK-00652,2026-08-09T09:53:30Z,APP-API-02,NT AUTHORITY\SYSTEM,BackupInventory,backup-agent.exe --inventory,daily,run,taskeng.exe,6143,benign,approved scheduled task
TASK-00725,2026-08-09T10:02:06Z,FILE-01,NT AUTHORITY\SYSTEM,BackupInventory,updater.exe /check,daily,run,taskeng.exe,8248,benign,approved scheduled task
TASK-00302,2026-08-09T10:03:42Z,WEB-EDGE-01,NT AUTHORITY\SYSTEM,UpdateCheck,powershell.exe -File C:\Ops\Rotate-Logs.ps1,daily,registered,taskeng.exe,5899,benign,approved scheduled task
TASK-00651,2026-08-09T10:16:41Z,APP-API-02,NT AUTHORITY\SYSTEM,BackupInventory,updater.exe /check,daily,registered,taskeng.exe,11633,benign,approved scheduled task
TASK-00325,2026-08-09T10:24:12Z,VULN-SCAN-01,NT AUTHORITY\SYSTEM,UpdateCheck,powershell.exe -File C:\Ops\Rotate-Logs.ps1,daily,registered,taskeng.exe,10328,benign,approved scheduled task
TASK-00857,2026-08-09T11:03:44Z,APP-API-02,NT AUTHORITY\SYSTEM,UpdateCheck,updater.exe /check,daily,run,taskeng.exe,8964,benign,approved scheduled task
TASK-00298,2026-08-09T11:05:35Z,DEPLOY-01,NT AUTHORITY\SYSTEM,BackupInventory,powershell.exe -File C:\Ops\Rotate-Logs.ps1,daily,run,taskeng.exe,10528,benign,approved scheduled task
TASK-01332,2026-08-09T11:06:03Z,ADMIN-WS-07,NT AUTHORITY\SYSTEM,UpdateCheck,backup-agent.exe --inventory,daily,run,taskeng.exe,4120,benign,approved scheduled task
TASK-00668,2026-08-09T11:12:22Z,ADMIN-WS-07,NT AUTHORITY\SYSTEM,BackupInventory,backup-agent.exe --inventory,daily,run,taskeng.exe,14316,benign,approved scheduled task
TASK-00264,2026-08-09T11:14:01Z,FILE-01,NT AUTHORITY\SYSTEM,WebLogRotation,updater.exe /check,daily,run,taskeng.exe,8555,benign,approved scheduled task
TASK-00503,2026-08-09T11:30:12Z,WEB-EDGE-01,NT AUTHORITY\SYSTEM,BackupInventory,backup-agent.exe --inventory,daily,run,taskeng.exe,14596,benign,approved scheduled task
TASK-00441,2026-08-09T11:34:00Z,WEB-EDGE-01,NT AUTHORITY\SYSTEM,BackupInventory,powershell.exe -File C:\Ops\Rotate-Logs.ps1,daily,run,taskeng.exe,12564,benign,approved scheduled task
TASK-01139,2026-08-09T11:40:46Z,VULN-SCAN-01,NT AUTHORITY\SYSTEM,WebLogRotation,backup-agent.exe --inventory,daily,registered,taskeng.exe,1770,benign,approved scheduled task
TASK-00188,2026-08-09T11:42:25Z,DEPLOY-01,NT AUTHORITY\SYSTEM,WebLogRotation,powershell.exe -File C:\Ops\Rotate-Logs.ps1,daily,run,taskeng.exe,13623,benign,approved scheduled task
TASK-01373,2026-08-09T11:51:01Z,ADMIN-WS-11,NT AUTHORITY\SYSTEM,UpdateCheck,powershell.exe -File C:\Ops\Rotate-Logs.ps1,daily,run,taskeng.exe,13118,benign,approved scheduled task
TASK-00685,2026-08-09T11:54:06Z,ADMIN-WS-07,NT AUTHORITY\SYSTEM,UpdateCheck,backup-agent.exe --inventory,daily,registered,taskeng.exe,8402,benign,approved scheduled task
TASK-01364,2026-08-09T11:58:26Z,WEB-EDGE-01,NT AUTHORITY\SYSTEM,UpdateCheck,updater.exe /check,daily,registered,taskeng.exe,11664,benign,approved scheduled task
TASK-00701,2026-08-09T12:03:17Z,DEPLOY-01,NT AUTHORITY\SYSTEM,WebLogRotation,backup-agent.exe --inventory,daily,registered,taskeng.exe,3359,benign,approved scheduled task
TASK-01271,2026-08-09T12:04:36Z,FILE-01,NT AUTHORITY\SYSTEM,WebLogRotation,updater.exe /check,daily,run,taskeng.exe,14214,benign,approved scheduled task
TASK-01416,2026-08-09T12:06:49Z,DEPLOY-01,NT AUTHORITY\SYSTEM,UpdateCheck,powershell.exe -File C:\Ops\Rotate-Logs.ps1,daily,run,taskeng.exe,8474,benign,approved scheduled task
TASK-00915,2026-08-09T12:29:19Z,ADMIN-WS-07,NT AUTHORITY\SYSTEM,BackupInventory,updater.exe /check,daily,registered,taskeng.exe,10863,benign,approved scheduled task
TASK-00737,2026-08-09T12:30:19Z,DEPLOY-01,NT AUTHORITY\SYSTEM,BackupInventory,powershell.exe -File C:\Ops\Rotate-Logs.ps1,daily,registered,taskeng.exe,14596,benign,approved scheduled task
TASK-01388,2026-08-09T12:30:37Z,FILE-01,NT AUTHORITY\SYSTEM,WebLogRotation,backup-agent.exe --inventory,daily,registered,taskeng.exe,1853,benign,approved scheduled task
TASK-00568,2026-08-09T12:30:53Z,APP-API-02,NT AUTHORITY\SYSTEM,UpdateCheck,powershell.exe -File C:\Ops\Rotate-Logs.ps1,daily,run,taskeng.exe,8145,benign,approved scheduled task
TASK-00607,2026-08-09T12:34:55Z,DEPLOY-01,NT AUTHORITY\SYSTEM,UpdateCheck,powershell.exe -File C:\Ops\Rotate-Logs.ps1,daily,registered,taskeng.exe,11670,benign,approved scheduled task
TASK-00329,2026-08-09T12:39:52Z,VULN-SCAN-01,NT AUTHORITY\SYSTEM,BackupInventory,backup-agent.exe --inventory,daily,run,taskeng.exe,13694,benign,approved scheduled task
TASK-00600,2026-08-09T12:41:58Z,FILE-01,NT AUTHORITY\SYSTEM,BackupInventory,backup-agent.exe --inventory,daily,registered,taskeng.exe,7053,benign,approved scheduled task
TASK-00076,2026-08-09T12:43:34Z,DEPLOY-01,NT AUTHORITY\SYSTEM,UpdateCheck,updater.exe /check,daily,run,taskeng.exe,1966,benign,approved scheduled task
TASK-00649,2026-08-09T13:00:10Z,WEB-EDGE-01,NT AUTHORITY\SYSTEM,BackupInventory,updater.exe /check,daily,registered,taskeng.exe,10917,benign,approved scheduled task
TASK-00959,2026-08-09T13:12:55Z,VULN-SCAN-01,NT AUTHORITY\SYSTEM,UpdateCheck,updater.exe /check,daily,run,taskeng.exe,11512,benign,approved scheduled task
TASK-00197,2026-08-09T13:16:21Z,ADMIN-WS-07,NT AUTHORITY\SYSTEM,WebLogRotation,backup-agent.exe --inventory,daily,run,taskeng.exe,4054,benign,approved scheduled task
TASK-01092,2026-08-09T13:20:00Z,DEPLOY-01,NT AUTHORITY\SYSTEM,UpdateCheck,backup-agent.exe --inventory,daily,run,taskeng.exe,2052,benign,approved scheduled task
TASK-00093,2026-08-09T13:34:58Z,ADMIN-WS-07,NT AUTHORITY\SYSTEM,WebLogRotation,updater.exe /check,daily,run,taskeng.exe,5436,benign,approved scheduled task
TASK-00802,2026-08-09T13:50:13Z,DEPLOY-01,NT AUTHORITY\SYSTEM,BackupInventory,powershell.exe -File C:\Ops\Rotate-Logs.ps1,daily,run,taskeng.exe,11511,benign,approved scheduled task
TASK-01447,2026-08-09T14:00:06Z,VULN-SCAN-01,NT AUTHORITY\SYSTEM,UpdateCheck,updater.exe /check,daily,registered,taskeng.exe,11492,benign,approved scheduled task
TASK-00957,2026-08-09T14:07:32Z,ADMIN-WS-11,NT AUTHORITY\SYSTEM,BackupInventory,backup-agent.exe --inventory,daily,registered,taskeng.exe,11581,benign,approved scheduled task
TASK-00964,2026-08-09T14:12:47Z,DEPLOY-01,NT AUTHORITY\SYSTEM,WebLogRotation,backup-agent.exe --inventory,daily,registered,taskeng.exe,12364,benign,approved scheduled task
TASK-00370,2026-08-09T14:14:21Z,DEPLOY-01,NT AUTHORITY\SYSTEM,BackupInventory,powershell.exe -File C:\Ops\Rotate-Logs.ps1,daily,registered,taskeng.exe,6713,benign,approved scheduled task
TASK-01468,2026-08-09T14:21:47Z,VULN-SCAN-01,NT AUTHORITY\SYSTEM,BackupInventory,backup-agent.exe --inventory,daily,registered,taskeng.exe,13940,benign,approved scheduled task
TASK-00191,2026-08-09T14:30:56Z,WEB-EDGE-01,NT AUTHORITY\SYSTEM,UpdateCheck,updater.exe /check,daily,run,taskeng.exe,2794,benign,approved scheduled task
TASK-00351,2026-08-09T14:34:47Z,ADMIN-WS-07,NT AUTHORITY\SYSTEM,BackupInventory,powershell.exe -File C:\Ops\Rotate-Logs.ps1,daily,registered,taskeng.exe,7091,benign,approved scheduled task
TASK-00621,2026-08-09T14:37:44Z,ADMIN-WS-07,NT AUTHORITY\SYSTEM,BackupInventory,backup-agent.exe --inventory,daily,run,taskeng.exe,7770,benign,approved scheduled task
TASK-01144,2026-08-09T14:41:02Z,ADMIN-WS-07,NT AUTHORITY\SYSTEM,UpdateCheck,updater.exe /check,daily,run,taskeng.exe,11577,benign,approved scheduled task
TASK-00374,2026-08-09T14:43:28Z,WEB-EDGE-01,NT AUTHORITY\SYSTEM,WebLogRotation,updater.exe /check,daily,run,taskeng.exe,12018,benign,approved scheduled task
TASK-00718,2026-08-09T14:43:32Z,ADMIN-WS-07,NT AUTHORITY\SYSTEM,BackupInventory,powershell.exe -File C:\Ops\Rotate-Logs.ps1,daily,registered,taskeng.exe,3025,benign,approved scheduled task
TASK-01336,2026-08-09T14:45:08Z,APP-API-02,NT AUTHORITY\SYSTEM,UpdateCheck,backup-agent.exe --inventory,daily,registered,taskeng.exe,4907,benign,approved scheduled task
TASK-00703,2026-08-09T14:59:47Z,DEPLOY-01,NT AUTHORITY\SYSTEM,WebLogRotation,updater.exe /check,daily,run,taskeng.exe,9604,benign,approved scheduled task
TASK-00813,2026-08-09T15:07:14Z,ADMIN-WS-07,NT AUTHORITY\SYSTEM,WebLogRotation,backup-agent.exe --inventory,daily,registered,taskeng.exe,3351,benign,approved scheduled task
TASK-01401,2026-08-09T15:10:09Z,APP-API-02,NT AUTHORITY\SYSTEM,UpdateCheck,updater.exe /check,daily,registered,taskeng.exe,2537,benign,approved scheduled task
TASK-00391,2026-08-09T15:13:25Z,ADMIN-WS-07,NT AUTHORITY\SYSTEM,BackupInventory,backup-agent.exe --inventory,daily,registered,taskeng.exe,7177,benign,approved scheduled task
TASK-00435,2026-08-09T15:18:45Z,ADMIN-WS-11,NT AUTHORITY\SYSTEM,WebLogRotation,backup-agent.exe --inventory,daily,run,taskeng.exe,1983,benign,approved scheduled task
TASK-01034,2026-08-09T15:19:50Z,WEB-EDGE-01,NT AUTHORITY\SYSTEM,BackupInventory,powershell.exe -File C:\Ops\Rotate-Logs.ps1,daily,run,taskeng.exe,6239,benign,approved scheduled task
TASK-00173,2026-08-09T15:22:41Z,ADMIN-WS-11,NT AUTHORITY\SYSTEM,UpdateCheck,powershell.exe -File C:\Ops\Rotate-Logs.ps1,daily,registered,taskeng.exe,9442,benign,approved scheduled task
TASK-00235,2026-08-09T15:48:37Z,APP-API-02,NT AUTHORITY\SYSTEM,BackupInventory,updater.exe /check,daily,registered,taskeng.exe,9423,benign,approved scheduled task
TASK-00035,2026-08-09T15:50:36Z,ADMIN-WS-11,NT AUTHORITY\SYSTEM,UpdateCheck,updater.exe /check,daily,run,taskeng.exe,10920,benign,approved scheduled task
TASK-00303,2026-08-09T16:01:13Z,VULN-SCAN-01,NT AUTHORITY\SYSTEM,BackupInventory,backup-agent.exe --inventory,daily,run,taskeng.exe,1379,benign,approved scheduled task
TASK-00119,2026-08-09T16:07:19Z,APP-API-02,NT AUTHORITY\SYSTEM,UpdateCheck,backup-agent.exe --inventory,daily,registered,taskeng.exe,14231,benign,approved scheduled task
TASK-00642,2026-08-09T16:23:15Z,ADMIN-WS-11,NT AUTHORITY\SYSTEM,WebLogRotation,updater.exe /check,daily,run,taskeng.exe,9381,benign,approved scheduled task
TASK-00706,2026-08-09T16:24:17Z,ADMIN-WS-07,NT AUTHORITY\SYSTEM,WebLogRotation,backup-agent.exe --inventory,daily,run,taskeng.exe,3190,benign,approved scheduled task
TASK-00772,2026-08-09T17:00:59Z,ADMIN-WS-07,NT AUTHORITY\SYSTEM,UpdateCheck,powershell.exe -File C:\Ops\Rotate-Logs.ps1,daily,run,taskeng.exe,10511,benign,approved scheduled task
TASK-00410,2026-08-09T17:04:57Z,FILE-01,NT AUTHORITY\SYSTEM,BackupInventory,backup-agent.exe --inventory,daily,registered,taskeng.exe,2563,benign,approved scheduled task
TASK-00932,2026-08-09T17:13:59Z,FILE-01,NT AUTHORITY\SYSTEM,UpdateCheck,backup-agent.exe --inventory,daily,registered,taskeng.exe,3162,benign,approved scheduled task
TASK-01137,2026-08-09T17:32:14Z,APP-API-02,NT AUTHORITY\SYSTEM,BackupInventory,backup-agent.exe --inventory,daily,run,taskeng.exe,1417,benign,approved scheduled task
TASK-01377,2026-08-09T17:42:29Z,ADMIN-WS-07,NT AUTHORITY\SYSTEM,UpdateCheck,updater.exe /check,daily,run,taskeng.exe,3686,benign,approved scheduled task
TASK-00345,2026-08-09T17:44:09Z,WEB-EDGE-01,NT AUTHORITY\SYSTEM,WebLogRotation,powershell.exe -File C:\Ops\Rotate-Logs.ps1,daily,run,taskeng.exe,14897,benign,approved scheduled task
TASK-01156,2026-08-09T17:46:10Z,VULN-SCAN-01,NT AUTHORITY\SYSTEM,WebLogRotation,updater.exe /check,daily,registered,taskeng.exe,8058,benign,approved scheduled task
TASK-01152,2026-08-09T18:02:20Z,WEB-EDGE-01,NT AUTHORITY\SYSTEM,UpdateCheck,updater.exe /check,daily,run,taskeng.exe,6503,benign,approved scheduled task
TASK-00560,2026-08-09T18:07:04Z,DEPLOY-01,NT AUTHORITY\SYSTEM,WebLogRotation,updater.exe /check,daily,run,taskeng.exe,2194,benign,approved scheduled task
TASK-01064,2026-08-09T18:09:39Z,APP-API-02,NT AUTHORITY\SYSTEM,BackupInventory,powershell.exe -File C:\Ops\Rotate-Logs.ps1,daily,run,taskeng.exe,2964,benign,approved scheduled task
TASK-00728,2026-08-09T18:14:22Z,ADMIN-WS-07,NT AUTHORITY\SYSTEM,WebLogRotation,backup-agent.exe --inventory,daily,run,taskeng.exe,3982,benign,approved scheduled task
TASK-01429,2026-08-09T18:29:23Z,ADMIN-WS-11,NT AUTHORITY\SYSTEM,BackupInventory,updater.exe /check,daily,run,taskeng.exe,14880,benign,approved scheduled task
TASK-00275,2026-08-09T18:30:02Z,ADMIN-WS-11,NT AUTHORITY\SYSTEM,WebLogRotation,powershell.exe -File C:\Ops\Rotate-Logs.ps1,daily,run,taskeng.exe,5986,benign,approved scheduled task
TASK-00776,2026-08-09T18:35:01Z,FILE-01,NT AUTHORITY\SYSTEM,UpdateCheck,powershell.exe -File C:\Ops\Rotate-Logs.ps1,daily,run,taskeng.exe,10002,benign,approved scheduled task
TASK-00497,2026-08-09T18:49:02Z,VULN-SCAN-01,NT AUTHORITY\SYSTEM,BackupInventory,backup-agent.exe --inventory,daily,registered,taskeng.exe,4541,benign,approved scheduled task
TASK-01391,2026-08-09T18:51:09Z,ADMIN-WS-07,NT AUTHORITY\SYSTEM,UpdateCheck,powershell.exe -File C:\Ops\Rotate-Logs.ps1,daily,registered,taskeng.exe,1267,benign,approved scheduled task
TASK-00501,2026-08-09T18:55:31Z,ADMIN-WS-11,NT AUTHORITY\SYSTEM,BackupInventory,updater.exe /check,daily,run,taskeng.exe,12659,benign,approved scheduled task
TASK-00051,2026-08-09T19:01:11Z,VULN-SCAN-01,NT AUTHORITY\SYSTEM,UpdateCheck,backup-agent.exe --inventory,daily,run,taskeng.exe,8122,benign,approved scheduled task
TASK-01223,2026-08-09T19:05:42Z,WEB-EDGE-01,NT AUTHORITY\SYSTEM,UpdateCheck,updater.exe /check,daily,registered,taskeng.exe,7198,benign,approved scheduled task
TASK-00521,2026-08-09T19:11:44Z,FILE-01,NT AUTHORITY\SYSTEM,BackupInventory,updater.exe /check,daily,run,taskeng.exe,8171,benign,approved scheduled task
TASK-01015,2026-08-09T19:25:15Z,DEPLOY-01,NT AUTHORITY\SYSTEM,BackupInventory,updater.exe /check,daily,registered,taskeng.exe,8974,benign,approved scheduled task
TASK-00169,2026-08-09T19:31:45Z,FILE-01,NT AUTHORITY\SYSTEM,WebLogRotation,powershell.exe -File C:\Ops\Rotate-Logs.ps1,daily,registered,taskeng.exe,7550,benign,approved scheduled task
TASK-01270,2026-08-09T19:33:04Z,ADMIN-WS-07,NT AUTHORITY\SYSTEM,BackupInventory,powershell.exe -File C:\Ops\Rotate-Logs.ps1,daily,registered,taskeng.exe,10801,benign,approved scheduled task
TASK-00401,2026-08-09T19:34:07Z,APP-API-02,NT AUTHORITY\SYSTEM,UpdateCheck,updater.exe /check,daily,run,taskeng.exe,4434,benign,approved scheduled task
TASK-00525,2026-08-09T19:40:36Z,WEB-EDGE-01,NT AUTHORITY\SYSTEM,WebLogRotation,backup-agent.exe --inventory,daily,run,taskeng.exe,3141,benign,approved scheduled task
TASK-01411,2026-08-09T19:49:29Z,APP-API-02,NT AUTHORITY\SYSTEM,WebLogRotation,powershell.exe -File C:\Ops\Rotate-Logs.ps1,daily,registered,taskeng.exe,14888,benign,approved scheduled task
TASK-00465,2026-08-09T19:55:17Z,APP-API-02,NT AUTHORITY\SYSTEM,WebLogRotation,backup-agent.exe --inventory,daily,run,taskeng.exe,5265,benign,approved scheduled task
TASK-00993,2026-08-09T19:55:23Z,ADMIN-WS-07,NT AUTHORITY\SYSTEM,BackupInventory,updater.exe /check,daily,run,taskeng.exe,6583,benign,approved scheduled task
TASK-00935,2026-08-09T20:04:44Z,APP-API-02,NT AUTHORITY\SYSTEM,BackupInventory,powershell.exe -File C:\Ops\Rotate-Logs.ps1,daily,run,taskeng.exe,3046,benign,approved scheduled task
TASK-00366,2026-08-09T20:06:14Z,WEB-EDGE-01,NT AUTHORITY\SYSTEM,UpdateCheck,backup-agent.exe --inventory,daily,registered,taskeng.exe,11449,benign,approved scheduled task
TASK-00067,2026-08-09T20:18:18Z,FILE-01,NT AUTHORITY\SYSTEM,WebLogRotation,updater.exe /check,daily,run,taskeng.exe,4559,benign,approved scheduled task
TASK-00934,2026-08-09T20:27:56Z,APP-API-02,NT AUTHORITY\SYSTEM,UpdateCheck,powershell.exe -File C:\Ops\Rotate-Logs.ps1,daily,registered,taskeng.exe,6824,benign,approved scheduled task
TASK-01082,2026-08-09T20:28:27Z,FILE-01,NT AUTHORITY\SYSTEM,UpdateCheck,backup-agent.exe --inventory,daily,run,taskeng.exe,5241,benign,approved scheduled task
TASK-00745,2026-08-09T20:53:57Z,ADMIN-WS-07,NT AUTHORITY\SYSTEM,UpdateCheck,backup-agent.exe --inventory,daily,registered,taskeng.exe,12036,benign,approved scheduled task
TASK-00612,2026-08-09T21:00:54Z,APP-API-02,NT AUTHORITY\SYSTEM,UpdateCheck,updater.exe /check,daily,registered,taskeng.exe,1554,benign,approved scheduled task
TASK-00425,2026-08-09T21:03:47Z,DEPLOY-01,NT AUTHORITY\SYSTEM,BackupInventory,backup-agent.exe --inventory,daily,registered,taskeng.exe,5381,benign,approved scheduled task
TASK-01088,2026-08-09T21:03:50Z,WEB-EDGE-01,NT AUTHORITY\SYSTEM,UpdateCheck,powershell.exe -File C:\Ops\Rotate-Logs.ps1,daily,registered,taskeng.exe,3533,benign,approved scheduled task
TASK-01340,2026-08-09T21:05:00Z,APP-API-02,NT AUTHORITY\SYSTEM,WebLogRotation,powershell.exe -File C:\Ops\Rotate-Logs.ps1,daily,registered,taskeng.exe,1196,benign,approved scheduled task
TASK-00495,2026-08-09T21:07:47Z,APP-API-02,NT AUTHORITY\SYSTEM,WebLogRotation,backup-agent.exe --inventory,daily,registered,taskeng.exe,10190,benign,approved scheduled task
TASK-01431,2026-08-09T21:14:38Z,DEPLOY-01,NT AUTHORITY\SYSTEM,UpdateCheck,backup-agent.exe --inventory,daily,registered,taskeng.exe,7303,benign,approved scheduled task
TASK-00533,2026-08-09T21:31:35Z,WEB-EDGE-01,NT AUTHORITY\SYSTEM,BackupInventory,powershell.exe -File C:\Ops\Rotate-Logs.ps1,daily,registered,taskeng.exe,2481,benign,approved scheduled task
TASK-00735,2026-08-09T21:33:22Z,APP-API-02,NT AUTHORITY\SYSTEM,WebLogRotation,powershell.exe -File C:\Ops\Rotate-Logs.ps1,daily,registered,taskeng.exe,9032,benign,approved scheduled task
TASK-01229,2026-08-09T21:35:58Z,FILE-01,NT AUTHORITY\SYSTEM,UpdateCheck,updater.exe /check,daily,run,taskeng.exe,8328,benign,approved scheduled task
TASK-01310,2026-08-09T21:38:53Z,WEB-EDGE-01,NT AUTHORITY\SYSTEM,WebLogRotation,powershell.exe -File C:\Ops\Rotate-Logs.ps1,daily,run,taskeng.exe,10920,benign,approved scheduled task
TASK-00101,2026-08-09T21:42:04Z,APP-API-02,NT AUTHORITY\SYSTEM,UpdateCheck,backup-agent.exe --inventory,daily,registered,taskeng.exe,13004,benign,approved scheduled task
TASK-01014,2026-08-09T21:43:31Z,FILE-01,NT AUTHORITY\SYSTEM,WebLogRotation,backup-agent.exe --inventory,daily,registered,taskeng.exe,1273,benign,approved scheduled task
TASK-00914,2026-08-09T21:58:53Z,WEB-EDGE-01,NT AUTHORITY\SYSTEM,BackupInventory,backup-agent.exe --inventory,daily,registered,taskeng.exe,7293,benign,approved scheduled task
TASK-00666,2026-08-09T22:03:30Z,WEB-EDGE-01,NT AUTHORITY\SYSTEM,WebLogRotation,powershell.exe -File C:\Ops\Rotate-Logs.ps1,daily,run,taskeng.exe,11903,benign,approved scheduled task
TASK-01039,2026-08-09T22:04:22Z,ADMIN-WS-11,NT AUTHORITY\SYSTEM,WebLogRotation,backup-agent.exe --inventory,daily,run,taskeng.exe,1274,benign,approved scheduled task
TASK-01142,2026-08-09T22:04:39Z,APP-API-02,NT AUTHORITY\SYSTEM,WebLogRotation,backup-agent.exe --inventory,daily,registered,taskeng.exe,11430,benign,approved scheduled task
TASK-00054,2026-08-09T22:14:26Z,DEPLOY-01,NT AUTHORITY\SYSTEM,BackupInventory,powershell.exe -File C:\Ops\Rotate-Logs.ps1,daily,registered,taskeng.exe,4053,benign,approved scheduled task
TASK-00941,2026-08-09T22:25:45Z,WEB-EDGE-01,NT AUTHORITY\SYSTEM,BackupInventory,updater.exe /check,daily,run,taskeng.exe,10710,benign,approved scheduled task
TASK-01274,2026-08-09T22:28:16Z,ADMIN-WS-11,NT AUTHORITY\SYSTEM,WebLogRotation,updater.exe /check,daily,run,taskeng.exe,1323,benign,approved scheduled task
TASK-00210,2026-08-09T22:29:31Z,VULN-SCAN-01,NT AUTHORITY\SYSTEM,WebLogRotation,updater.exe /check,daily,registered,taskeng.exe,8756,benign,approved scheduled task
TASK-01430,2026-08-09T22:32:18Z,ADMIN-WS-07,NT AUTHORITY\SYSTEM,BackupInventory,backup-agent.exe --inventory,daily,run,taskeng.exe,6130,benign,approved scheduled task
TASK-01338,2026-08-09T22:50:54Z,DEPLOY-01,NT AUTHORITY\SYSTEM,UpdateCheck,updater.exe /check,daily,registered,taskeng.exe,11196,benign,approved scheduled task
TASK-00129,2026-08-09T23:07:41Z,FILE-01,NT AUTHORITY\SYSTEM,UpdateCheck,backup-agent.exe --inventory,daily,run,taskeng.exe,9673,benign,approved scheduled task
TASK-00999,2026-08-09T23:08:57Z,ADMIN-WS-11,NT AUTHORITY\SYSTEM,BackupInventory,powershell.exe -File C:\Ops\Rotate-Logs.ps1,daily,registered,taskeng.exe,3081,benign,approved scheduled task
TASK-00664,2026-08-09T23:13:48Z,VULN-SCAN-01,NT AUTHORITY\SYSTEM,WebLogRotation,powershell.exe -File C:\Ops\Rotate-Logs.ps1,daily,run,taskeng.exe,3897,benign,approved scheduled task
TASK-01489,2026-08-09T23:31:48Z,FILE-01,NT AUTHORITY\SYSTEM,WebLogRotation,powershell.exe -File C:\Ops\Rotate-Logs.ps1,daily,registered,taskeng.exe,12304,benign,approved scheduled task
TASK-00095,2026-08-09T23:40:23Z,FILE-01,NT AUTHORITY\SYSTEM,UpdateCheck,powershell.exe -File C:\Ops\Rotate-Logs.ps1,daily,registered,taskeng.exe,2872,benign,approved scheduled task
TASK-01369,2026-08-09T23:56:11Z,ADMIN-WS-07,NT AUTHORITY\SYSTEM,BackupInventory,updater.exe /check,daily,run,taskeng.exe,1086,benign,approved scheduled task
TASK-01052,2026-08-09T23:59:50Z,VULN-SCAN-01,NT AUTHORITY\SYSTEM,BackupInventory,updater.exe /check,daily,run,taskeng.exe,3979,benign,approved scheduled task
TASK-00868,2026-08-10T00:02:57Z,ADMIN-WS-11,NT AUTHORITY\SYSTEM,WebLogRotation,updater.exe /check,daily,registered,taskeng.exe,4108,benign,approved scheduled task
TASK-00506,2026-08-10T00:11:11Z,WEB-EDGE-01,NT AUTHORITY\SYSTEM,UpdateCheck,powershell.exe -File C:\Ops\Rotate-Logs.ps1,daily,run,taskeng.exe,6768,benign,approved scheduled task
TASK-00025,2026-08-10T00:18:17Z,ADMIN-WS-11,NT AUTHORITY\SYSTEM,BackupInventory,backup-agent.exe --inventory,daily,registered,taskeng.exe,3357,benign,approved scheduled task
TASK-01093,2026-08-10T00:18:18Z,VULN-SCAN-01,NT AUTHORITY\SYSTEM,UpdateCheck,backup-agent.exe --inventory,daily,registered,taskeng.exe,11519,benign,approved scheduled task
TASK-00022,2026-08-10T00:18:35Z,WEB-EDGE-01,NT AUTHORITY\SYSTEM,WebLogRotation,updater.exe /check,daily,run,taskeng.exe,5654,benign,approved scheduled task
TASK-00331,2026-08-10T00:18:56Z,WEB-EDGE-01,NT AUTHORITY\SYSTEM,BackupInventory,backup-agent.exe --inventory,daily,registered,taskeng.exe,6412,benign,approved scheduled task
TASK-00858,2026-08-10T00:22:10Z,WEB-EDGE-01,NT AUTHORITY\SYSTEM,UpdateCheck,updater.exe /check,daily,registered,taskeng.exe,6252,benign,approved scheduled task
TASK-00573,2026-08-10T00:27:03Z,FILE-01,NT AUTHORITY\SYSTEM,WebLogRotation,updater.exe /check,daily,registered,taskeng.exe,5978,benign,approved scheduled task
TASK-00650,2026-08-10T00:29:11Z,ADMIN-WS-07,NT AUTHORITY\SYSTEM,BackupInventory,updater.exe /check,daily,registered,taskeng.exe,9882,benign,approved scheduled task
TASK-01115,2026-08-10T00:30:41Z,APP-API-02,NT AUTHORITY\SYSTEM,UpdateCheck,backup-agent.exe --inventory,daily,registered,taskeng.exe,6827,benign,approved scheduled task
TASK-00431,2026-08-10T00:34:49Z,APP-API-02,NT AUTHORITY\SYSTEM,BackupInventory,powershell.exe -File C:\Ops\Rotate-Logs.ps1,daily,run,taskeng.exe,4950,benign,approved scheduled task
TASK-00833,2026-08-10T00:37:49Z,VULN-SCAN-01,NT AUTHORITY\SYSTEM,UpdateCheck,backup-agent.exe --inventory,daily,registered,taskeng.exe,5456,benign,approved scheduled task
TASK-01121,2026-08-10T00:41:00Z,APP-API-02,NT AUTHORITY\SYSTEM,UpdateCheck,powershell.exe -File C:\Ops\Rotate-Logs.ps1,daily,run,taskeng.exe,7861,benign,approved scheduled task
TASK-01106,2026-08-10T00:53:02Z,ADMIN-WS-07,NT AUTHORITY\SYSTEM,WebLogRotation,backup-agent.exe --inventory,daily,registered,taskeng.exe,7932,benign,approved scheduled task
TASK-00815,2026-08-10T01:14:48Z,ADMIN-WS-07,NT AUTHORITY\SYSTEM,BackupInventory,updater.exe /check,daily,run,taskeng.exe,13720,benign,approved scheduled task
TASK-01208,2026-08-10T01:18:53Z,FILE-01,NT AUTHORITY\SYSTEM,UpdateCheck,updater.exe /check,daily,registered,taskeng.exe,5564,benign,approved scheduled task
TASK-00670,2026-08-10T01:19:28Z,DEPLOY-01,NT AUTHORITY\SYSTEM,WebLogRotation,backup-agent.exe --inventory,daily,registered,taskeng.exe,5023,benign,approved scheduled task
TASK-01460,2026-08-10T01:29:29Z,DEPLOY-01,NT AUTHORITY\SYSTEM,UpdateCheck,powershell.exe -File C:\Ops\Rotate-Logs.ps1,daily,run,taskeng.exe,9947,benign,approved scheduled task
TASK-00622,2026-08-10T01:51:16Z,ADMIN-WS-07,NT AUTHORITY\SYSTEM,BackupInventory,updater.exe /check,daily,registered,taskeng.exe,4099,benign,approved scheduled task
TASK-00380,2026-08-10T01:56:20Z,VULN-SCAN-01,NT AUTHORITY\SYSTEM,UpdateCheck,updater.exe /check,daily,run,taskeng.exe,5523,benign,approved scheduled task
TASK-01276,2026-08-10T01:57:00Z,ADMIN-WS-07,NT AUTHORITY\SYSTEM,UpdateCheck,backup-agent.exe --inventory,daily,registered,taskeng.exe,8438,benign,approved scheduled task
TASK-00141,2026-08-10T02:09:26Z,ADMIN-WS-11,NT AUTHORITY\SYSTEM,WebLogRotation,updater.exe /check,daily,run,taskeng.exe,6937,benign,approved scheduled task
TASK-00072,2026-08-10T02:15:17Z,APP-API-02,NT AUTHORITY\SYSTEM,BackupInventory,powershell.exe -File C:\Ops\Rotate-Logs.ps1,daily,registered,taskeng.exe,8203,benign,approved scheduled task
TASK-01452,2026-08-10T02:23:37Z,WEB-EDGE-01,NT AUTHORITY\SYSTEM,WebLogRotation,backup-agent.exe --inventory,daily,registered,taskeng.exe,6803,benign,approved scheduled task
TASK-01334,2026-08-10T02:31:09Z,ADMIN-WS-07,NT AUTHORITY\SYSTEM,WebLogRotation,powershell.exe -File C:\Ops\Rotate-Logs.ps1,daily,run,taskeng.exe,1757,benign,approved scheduled task
TASK-00460,2026-08-10T02:33:59Z,DEPLOY-01,NT AUTHORITY\SYSTEM,WebLogRotation,powershell.exe -File C:\Ops\Rotate-Logs.ps1,daily,run,taskeng.exe,11792,benign,approved scheduled task
TASK-00162,2026-08-10T02:38:58Z,WEB-EDGE-01,NT AUTHORITY\SYSTEM,UpdateCheck,powershell.exe -File C:\Ops\Rotate-Logs.ps1,daily,registered,taskeng.exe,14616,benign,approved scheduled task
TASK-00368,2026-08-10T02:39:31Z,ADMIN-WS-07,NT AUTHORITY\SYSTEM,WebLogRotation,updater.exe /check,daily,run,taskeng.exe,1811,benign,approved scheduled task
TASK-00956,2026-08-10T02:41:54Z,ADMIN-WS-07,NT AUTHORITY\SYSTEM,UpdateCheck,backup-agent.exe --inventory,daily,run,taskeng.exe,14091,benign,approved scheduled task
TASK-01087,2026-08-10T02:56:39Z,ADMIN-WS-11,NT AUTHORITY\SYSTEM,UpdateCheck,updater.exe /check,daily,run,taskeng.exe,12554,benign,approved scheduled task
TASK-00922,2026-08-10T03:06:20Z,VULN-SCAN-01,NT AUTHORITY\SYSTEM,BackupInventory,updater.exe /check,daily,run,taskeng.exe,13162,benign,approved scheduled task
TASK-01062,2026-08-10T03:25:15Z,DEPLOY-01,NT AUTHORITY\SYSTEM,BackupInventory,updater.exe /check,daily,run,taskeng.exe,12992,benign,approved scheduled task
TASK-01048,2026-08-10T03:26:57Z,FILE-01,NT AUTHORITY\SYSTEM,WebLogRotation,backup-agent.exe --inventory,daily,run,taskeng.exe,10691,benign,approved scheduled task
TASK-00890,2026-08-10T03:27:35Z,VULN-SCAN-01,NT AUTHORITY\SYSTEM,BackupInventory,updater.exe /check,daily,run,taskeng.exe,13029,benign,approved scheduled task
TASK-01488,2026-08-10T03:50:33Z,ADMIN-WS-11,NT AUTHORITY\SYSTEM,WebLogRotation,backup-agent.exe --inventory,daily,run,taskeng.exe,8236,benign,approved scheduled task
TASK-00254,2026-08-10T03:50:56Z,ADMIN-WS-07,NT AUTHORITY\SYSTEM,WebLogRotation,backup-agent.exe --inventory,daily,registered,taskeng.exe,8023,benign,approved scheduled task
TASK-00561,2026-08-10T04:04:37Z,ADMIN-WS-11,NT AUTHORITY\SYSTEM,WebLogRotation,powershell.exe -File C:\Ops\Rotate-Logs.ps1,daily,registered,taskeng.exe,10576,benign,approved scheduled task
TASK-00270,2026-08-10T04:09:03Z,VULN-SCAN-01,NT AUTHORITY\SYSTEM,BackupInventory,updater.exe /check,daily,run,taskeng.exe,13677,benign,approved scheduled task
TASK-00083,2026-08-10T04:13:14Z,APP-API-02,NT AUTHORITY\SYSTEM,BackupInventory,powershell.exe -File C:\Ops\Rotate-Logs.ps1,daily,run,taskeng.exe,13572,benign,approved scheduled task
TASK-00243,2026-08-10T04:30:20Z,VULN-SCAN-01,NT AUTHORITY\SYSTEM,WebLogRotation,backup-agent.exe --inventory,daily,registered,taskeng.exe,12844,benign,approved scheduled task
TASK-01410,2026-08-10T04:30:36Z,APP-API-02,NT AUTHORITY\SYSTEM,WebLogRotation,updater.exe /check,daily,run,taskeng.exe,8060,benign,approved scheduled task
TASK-01080,2026-08-10T04:40:41Z,ADMIN-WS-11,NT AUTHORITY\SYSTEM,UpdateCheck,powershell.exe -File C:\Ops\Rotate-Logs.ps1,daily,run,taskeng.exe,6656,benign,approved scheduled task
TASK-01249,2026-08-10T04:55:02Z,ADMIN-WS-11,NT AUTHORITY\SYSTEM,BackupInventory,backup-agent.exe --inventory,daily,run,taskeng.exe,7102,benign,approved scheduled task
TASK-00288,2026-08-10T05:14:19Z,APP-API-02,NT AUTHORITY\SYSTEM,UpdateCheck,updater.exe /check,daily,registered,taskeng.exe,12409,benign,approved scheduled task
TASK-00419,2026-08-10T05:34:06Z,VULN-SCAN-01,NT AUTHORITY\SYSTEM,WebLogRotation,powershell.exe -File C:\Ops\Rotate-Logs.ps1,daily,registered,taskeng.exe,6286,benign,approved scheduled task
TASK-00590,2026-08-10T05:35:30Z,DEPLOY-01,NT AUTHORITY\SYSTEM,WebLogRotation,powershell.exe -File C:\Ops\Rotate-Logs.ps1,daily,run,taskeng.exe,10906,benign,approved scheduled task
TASK-00848,2026-08-10T05:49:06Z,FILE-01,NT AUTHORITY\SYSTEM,WebLogRotation,updater.exe /check,daily,registered,taskeng.exe,6879,benign,approved scheduled task
TASK-00944,2026-08-10T05:53:48Z,ADMIN-WS-11,NT AUTHORITY\SYSTEM,UpdateCheck,backup-agent.exe --inventory,daily,run,taskeng.exe,11953,benign,approved scheduled task
TASK-00824,2026-08-10T05:59:00Z,DEPLOY-01,NT AUTHORITY\SYSTEM,UpdateCheck,backup-agent.exe --inventory,daily,registered,taskeng.exe,1297,benign,approved scheduled task
TASK-00452,2026-08-10T06:02:09Z,DEPLOY-01,NT AUTHORITY\SYSTEM,BackupInventory,updater.exe /check,daily,registered,taskeng.exe,13330,benign,approved scheduled task
TASK-00481,2026-08-10T06:08:22Z,VULN-SCAN-01,NT AUTHORITY\SYSTEM,BackupInventory,updater.exe /check,daily,run,taskeng.exe,3938,benign,approved scheduled task
TASK-00242,2026-08-10T06:19:56Z,ADMIN-WS-11,NT AUTHORITY\SYSTEM,BackupInventory,backup-agent.exe --inventory,daily,registered,taskeng.exe,1409,benign,approved scheduled task
TASK-01283,2026-08-10T06:27:17Z,FILE-01,NT AUTHORITY\SYSTEM,WebLogRotation,updater.exe /check,daily,run,taskeng.exe,9046,benign,approved scheduled task
TASK-00983,2026-08-10T06:30:52Z,APP-API-02,NT AUTHORITY\SYSTEM,WebLogRotation,powershell.exe -File C:\Ops\Rotate-Logs.ps1,daily,registered,taskeng.exe,11873,benign,approved scheduled task
TASK-01094,2026-08-10T06:34:57Z,ADMIN-WS-11,NT AUTHORITY\SYSTEM,BackupInventory,powershell.exe -File C:\Ops\Rotate-Logs.ps1,daily,run,taskeng.exe,13194,benign,approved scheduled task
TASK-00470,2026-08-10T06:49:13Z,WEB-EDGE-01,NT AUTHORITY\SYSTEM,BackupInventory,backup-agent.exe --inventory,daily,run,taskeng.exe,5565,benign,approved scheduled task
TASK-00277,2026-08-10T06:55:25Z,ADMIN-WS-11,NT AUTHORITY\SYSTEM,WebLogRotation,updater.exe /check,daily,run,taskeng.exe,1265,benign,approved scheduled task
TASK-00714,2026-08-10T06:56:10Z,ADMIN-WS-11,NT AUTHORITY\SYSTEM,UpdateCheck,updater.exe /check,daily,run,taskeng.exe,14650,benign,approved scheduled task
TASK-00362,2026-08-10T07:00:40Z,VULN-SCAN-01,NT AUTHORITY\SYSTEM,WebLogRotation,updater.exe /check,daily,run,taskeng.exe,9454,benign,approved scheduled task
TASK-00014,2026-08-10T07:09:04Z,DEPLOY-01,NT AUTHORITY\SYSTEM,WebLogRotation,powershell.exe -File C:\Ops\Rotate-Logs.ps1,daily,registered,taskeng.exe,13238,benign,approved scheduled task
TASK-00127,2026-08-10T07:36:12Z,ADMIN-WS-11,NT AUTHORITY\SYSTEM,BackupInventory,powershell.exe -File C:\Ops\Rotate-Logs.ps1,daily,run,taskeng.exe,2455,benign,approved scheduled task
TASK-00130,2026-08-10T08:01:43Z,VULN-SCAN-01,NT AUTHORITY\SYSTEM,BackupInventory,updater.exe /check,daily,run,taskeng.exe,8034,benign,approved scheduled task
TASK-01318,2026-08-10T08:07:34Z,VULN-SCAN-01,NT AUTHORITY\SYSTEM,WebLogRotation,powershell.exe -File C:\Ops\Rotate-Logs.ps1,daily,run,taskeng.exe,11501,benign,approved scheduled task
TASK-01432,2026-08-10T08:08:47Z,VULN-SCAN-01,NT AUTHORITY\SYSTEM,BackupInventory,powershell.exe -File C:\Ops\Rotate-Logs.ps1,daily,registered,taskeng.exe,11630,benign,approved scheduled task
TASK-01205,2026-08-10T08:11:44Z,WEB-EDGE-01,NT AUTHORITY\SYSTEM,WebLogRotation,powershell.exe -File C:\Ops\Rotate-Logs.ps1,daily,run,taskeng.exe,6233,benign,approved scheduled task
TASK-01462,2026-08-10T08:12:14Z,FILE-01,NT AUTHORITY\SYSTEM,UpdateCheck,updater.exe /check,daily,run,taskeng.exe,13396,benign,approved scheduled task
TASK-00385,2026-08-10T08:13:18Z,WEB-EDGE-01,NT AUTHORITY\SYSTEM,BackupInventory,powershell.exe -File C:\Ops\Rotate-Logs.ps1,daily,run,taskeng.exe,1792,benign,approved scheduled task
TASK-00855,2026-08-10T08:14:23Z,FILE-01,NT AUTHORITY\SYSTEM,WebLogRotation,backup-agent.exe --inventory,daily,registered,taskeng.exe,9047,benign,approved scheduled task
TASK-00420,2026-08-10T08:19:26Z,FILE-01,NT AUTHORITY\SYSTEM,UpdateCheck,updater.exe /check,daily,run,taskeng.exe,10743,benign,approved scheduled task
TASK-01296,2026-08-10T08:31:27Z,FILE-01,NT AUTHORITY\SYSTEM,BackupInventory,backup-agent.exe --inventory,daily,run,taskeng.exe,14276,benign,approved scheduled task
TASK-00817,2026-08-10T08:44:26Z,FILE-01,NT AUTHORITY\SYSTEM,BackupInventory,updater.exe /check,daily,run,taskeng.exe,8711,benign,approved scheduled task
TASK-00928,2026-08-10T08:50:56Z,WEB-EDGE-01,NT AUTHORITY\SYSTEM,WebLogRotation,backup-agent.exe --inventory,daily,registered,taskeng.exe,6071,benign,approved scheduled task
TASK-01399,2026-08-10T08:56:35Z,VULN-SCAN-01,NT AUTHORITY\SYSTEM,UpdateCheck,backup-agent.exe --inventory,daily,run,taskeng.exe,14633,benign,approved scheduled task
TASK-00436,2026-08-10T09:03:13Z,FILE-01,NT AUTHORITY\SYSTEM,WebLogRotation,backup-agent.exe --inventory,daily,run,taskeng.exe,1743,benign,approved scheduled task
TASK-00165,2026-08-10T09:03:40Z,WEB-EDGE-01,NT AUTHORITY\SYSTEM,BackupInventory,updater.exe /check,daily,run,taskeng.exe,6796,benign,approved scheduled task
TASK-00977,2026-08-10T09:09:45Z,DEPLOY-01,NT AUTHORITY\SYSTEM,UpdateCheck,powershell.exe -File C:\Ops\Rotate-Logs.ps1,daily,registered,taskeng.exe,12674,benign,approved scheduled task
TASK-01207,2026-08-10T09:11:00Z,VULN-SCAN-01,NT AUTHORITY\SYSTEM,WebLogRotation,updater.exe /check,daily,registered,taskeng.exe,8671,benign,approved scheduled task
TASK-00166,2026-08-10T09:16:57Z,DEPLOY-01,NT AUTHORITY\SYSTEM,WebLogRotation,updater.exe /check,daily,run,taskeng.exe,3276,benign,approved scheduled task
TASK-01417,2026-08-10T09:19:52Z,APP-API-02,NT AUTHORITY\SYSTEM,UpdateCheck,powershell.exe -File C:\Ops\Rotate-Logs.ps1,daily,run,taskeng.exe,6680,benign,approved scheduled task
TASK-01033,2026-08-10T09:21:54Z,VULN-SCAN-01,NT AUTHORITY\SYSTEM,BackupInventory,backup-agent.exe --inventory,daily,run,taskeng.exe,10443,benign,approved scheduled task
TASK-01091,2026-08-10T09:35:26Z,VULN-SCAN-01,NT AUTHORITY\SYSTEM,BackupInventory,updater.exe /check,daily,registered,taskeng.exe,6337,benign,approved scheduled task
TASK-00473,2026-08-10T09:37:46Z,ADMIN-WS-11,NT AUTHORITY\SYSTEM,UpdateCheck,backup-agent.exe --inventory,daily,run,taskeng.exe,6627,benign,approved scheduled task
TASK-00587,2026-08-10T10:14:53Z,APP-API-02,NT AUTHORITY\SYSTEM,UpdateCheck,updater.exe /check,daily,registered,taskeng.exe,3941,benign,approved scheduled task
TASK-00692,2026-08-10T10:16:30Z,ADMIN-WS-11,NT AUTHORITY\SYSTEM,WebLogRotation,backup-agent.exe --inventory,daily,run,taskeng.exe,4485,benign,approved scheduled task
TASK-01075,2026-08-10T10:30:56Z,DEPLOY-01,NT AUTHORITY\SYSTEM,WebLogRotation,backup-agent.exe --inventory,daily,run,taskeng.exe,4960,benign,approved scheduled task
TASK-01043,2026-08-10T11:02:08Z,WEB-EDGE-01,NT AUTHORITY\SYSTEM,BackupInventory,powershell.exe -File C:\Ops\Rotate-Logs.ps1,daily,run,taskeng.exe,1228,benign,approved scheduled task
TASK-00311,2026-08-10T11:08:08Z,WEB-EDGE-01,NT AUTHORITY\SYSTEM,BackupInventory,powershell.exe -File C:\Ops\Rotate-Logs.ps1,daily,run,taskeng.exe,14543,benign,approved scheduled task
TASK-01054,2026-08-10T11:15:13Z,APP-API-02,NT AUTHORITY\SYSTEM,UpdateCheck,powershell.exe -File C:\Ops\Rotate-Logs.ps1,daily,registered,taskeng.exe,1808,benign,approved scheduled task
TASK-01354,2026-08-10T11:15:57Z,ADMIN-WS-07,NT AUTHORITY\SYSTEM,BackupInventory,backup-agent.exe --inventory,daily,registered,taskeng.exe,4062,benign,approved scheduled task
TASK-00698,2026-08-10T11:18:23Z,ADMIN-WS-11,NT AUTHORITY\SYSTEM,WebLogRotation,backup-agent.exe --inventory,daily,registered,taskeng.exe,8295,benign,approved scheduled task
TASK-00500,2026-08-10T11:37:51Z,VULN-SCAN-01,NT AUTHORITY\SYSTEM,UpdateCheck,updater.exe /check,daily,registered,taskeng.exe,9009,benign,approved scheduled task
TASK-01323,2026-08-10T11:46:08Z,WEB-EDGE-01,NT AUTHORITY\SYSTEM,UpdateCheck,backup-agent.exe --inventory,daily,run,taskeng.exe,9980,benign,approved scheduled task
TASK-00736,2026-08-10T11:55:49Z,VULN-SCAN-01,NT AUTHORITY\SYSTEM,UpdateCheck,backup-agent.exe --inventory,daily,registered,taskeng.exe,6642,benign,approved scheduled task
TASK-00535,2026-08-10T11:59:02Z,FILE-01,NT AUTHORITY\SYSTEM,BackupInventory,powershell.exe -File C:\Ops\Rotate-Logs.ps1,daily,registered,taskeng.exe,12030,benign,approved scheduled task
TASK-01422,2026-08-10T11:59:06Z,ADMIN-WS-11,NT AUTHORITY\SYSTEM,WebLogRotation,updater.exe /check,daily,run,taskeng.exe,8416,benign,approved scheduled task
TASK-01486,2026-08-10T12:09:05Z,FILE-01,NT AUTHORITY\SYSTEM,WebLogRotation,updater.exe /check,daily,run,taskeng.exe,7313,benign,approved scheduled task
TASK-00732,2026-08-10T12:11:25Z,DEPLOY-01,NT AUTHORITY\SYSTEM,WebLogRotation,powershell.exe -File C:\Ops\Rotate-Logs.ps1,daily,run,taskeng.exe,5617,benign,approved scheduled task
TASK-00835,2026-08-10T12:18:12Z,FILE-01,NT AUTHORITY\SYSTEM,UpdateCheck,backup-agent.exe --inventory,daily,run,taskeng.exe,13801,benign,approved scheduled task
TASK-01497,2026-08-10T12:22:45Z,WEB-EDGE-01,NT AUTHORITY\SYSTEM,BackupInventory,backup-agent.exe --inventory,daily,registered,taskeng.exe,4442,benign,approved scheduled task
TASK-00399,2026-08-10T12:39:58Z,APP-API-02,NT AUTHORITY\SYSTEM,WebLogRotation,backup-agent.exe --inventory,daily,run,taskeng.exe,9330,benign,approved scheduled task
TASK-01195,2026-08-10T12:40:09Z,APP-API-02,NT AUTHORITY\SYSTEM,UpdateCheck,backup-agent.exe --inventory,daily,run,taskeng.exe,5405,benign,approved scheduled task
TASK-00908,2026-08-10T12:42:26Z,WEB-EDGE-01,NT AUTHORITY\SYSTEM,WebLogRotation,backup-agent.exe --inventory,daily,run,taskeng.exe,6175,benign,approved scheduled task
TASK-00515,2026-08-10T12:45:28Z,DEPLOY-01,NT AUTHORITY\SYSTEM,UpdateCheck,updater.exe /check,daily,registered,taskeng.exe,13451,benign,approved scheduled task
TASK-00619,2026-08-10T13:02:52Z,DEPLOY-01,NT AUTHORITY\SYSTEM,UpdateCheck,updater.exe /check,daily,run,taskeng.exe,6164,benign,approved scheduled task
TASK-00390,2026-08-10T13:25:09Z,ADMIN-WS-07,NT AUTHORITY\SYSTEM,WebLogRotation,backup-agent.exe --inventory,daily,run,taskeng.exe,5433,benign,approved scheduled task
TASK-00822,2026-08-10T13:27:16Z,ADMIN-WS-07,NT AUTHORITY\SYSTEM,WebLogRotation,backup-agent.exe --inventory,daily,run,taskeng.exe,6788,benign,approved scheduled task
TASK-01122,2026-08-10T13:32:17Z,DEPLOY-01,NT AUTHORITY\SYSTEM,WebLogRotation,powershell.exe -File C:\Ops\Rotate-Logs.ps1,daily,registered,taskeng.exe,2832,benign,approved scheduled task
TASK-00358,2026-08-10T13:39:32Z,VULN-SCAN-01,NT AUTHORITY\SYSTEM,UpdateCheck,updater.exe /check,daily,registered,taskeng.exe,2204,benign,approved scheduled task
TASK-01017,2026-08-10T13:49:07Z,DEPLOY-01,NT AUTHORITY\SYSTEM,UpdateCheck,backup-agent.exe --inventory,daily,run,taskeng.exe,8924,benign,approved scheduled task
TASK-01319,2026-08-10T14:15:02Z,DEPLOY-01,NT AUTHORITY\SYSTEM,BackupInventory,updater.exe /check,daily,registered,taskeng.exe,8270,benign,approved scheduled task
TASK-00261,2026-08-10T14:22:06Z,APP-API-02,NT AUTHORITY\SYSTEM,BackupInventory,updater.exe /check,daily,registered,taskeng.exe,1263,benign,approved scheduled task
TASK-01450,2026-08-10T14:33:34Z,FILE-01,NT AUTHORITY\SYSTEM,UpdateCheck,backup-agent.exe --inventory,daily,run,taskeng.exe,6278,benign,approved scheduled task
TASK-00395,2026-08-10T14:37:40Z,ADMIN-WS-07,NT AUTHORITY\SYSTEM,WebLogRotation,powershell.exe -File C:\Ops\Rotate-Logs.ps1,daily,run,taskeng.exe,4584,benign,approved scheduled task
TASK-00268,2026-08-10T14:41:47Z,DEPLOY-01,NT AUTHORITY\SYSTEM,BackupInventory,powershell.exe -File C:\Ops\Rotate-Logs.ps1,daily,run,taskeng.exe,11155,benign,approved scheduled task
TASK-00155,2026-08-10T14:51:27Z,FILE-01,NT AUTHORITY\SYSTEM,BackupInventory,backup-agent.exe --inventory,daily,run,taskeng.exe,6496,benign,approved scheduled task
TASK-00882,2026-08-10T14:51:36Z,ADMIN-WS-11,NT AUTHORITY\SYSTEM,WebLogRotation,powershell.exe -File C:\Ops\Rotate-Logs.ps1,daily,run,taskeng.exe,1482,benign,approved scheduled task
TASK-00122,2026-08-10T15:02:20Z,FILE-01,NT AUTHORITY\SYSTEM,UpdateCheck,updater.exe /check,daily,registered,taskeng.exe,10609,benign,approved scheduled task
TASK-01018,2026-08-10T15:15:00Z,WEB-EDGE-01,NT AUTHORITY\SYSTEM,BackupInventory,updater.exe /check,daily,registered,taskeng.exe,5619,benign,approved scheduled task
TASK-00863,2026-08-10T15:15:54Z,ADMIN-WS-07,NT AUTHORITY\SYSTEM,WebLogRotation,powershell.exe -File C:\Ops\Rotate-Logs.ps1,daily,run,taskeng.exe,7896,benign,approved scheduled task
TASK-01218,2026-08-10T15:25:29Z,APP-API-02,NT AUTHORITY\SYSTEM,BackupInventory,powershell.exe -File C:\Ops\Rotate-Logs.ps1,daily,registered,taskeng.exe,8658,benign,approved scheduled task
TASK-00484,2026-08-10T15:29:09Z,FILE-01,NT AUTHORITY\SYSTEM,BackupInventory,backup-agent.exe --inventory,daily,registered,taskeng.exe,6081,benign,approved scheduled task
TASK-00584,2026-08-10T15:42:01Z,DEPLOY-01,NT AUTHORITY\SYSTEM,BackupInventory,powershell.exe -File C:\Ops\Rotate-Logs.ps1,daily,run,taskeng.exe,4376,benign,approved scheduled task
TASK-00334,2026-08-10T15:50:46Z,APP-API-02,NT AUTHORITY\SYSTEM,WebLogRotation,backup-agent.exe --inventory,daily,registered,taskeng.exe,4045,benign,approved scheduled task
TASK-00532,2026-08-10T15:51:17Z,FILE-01,NT AUTHORITY\SYSTEM,UpdateCheck,backup-agent.exe --inventory,daily,run,taskeng.exe,10649,benign,approved scheduled task
TASK-00126,2026-08-10T15:55:39Z,ADMIN-WS-11,NT AUTHORITY\SYSTEM,UpdateCheck,updater.exe /check,daily,registered,taskeng.exe,11413,benign,approved scheduled task
TASK-01083,2026-08-10T15:56:01Z,VULN-SCAN-01,NT AUTHORITY\SYSTEM,WebLogRotation,powershell.exe -File C:\Ops\Rotate-Logs.ps1,daily,registered,taskeng.exe,5430,benign,approved scheduled task
TASK-00160,2026-08-10T16:08:38Z,FILE-01,NT AUTHORITY\SYSTEM,WebLogRotation,powershell.exe -File C:\Ops\Rotate-Logs.ps1,daily,registered,taskeng.exe,4074,benign,approved scheduled task
TASK-00885,2026-08-10T16:10:33Z,ADMIN-WS-11,NT AUTHORITY\SYSTEM,WebLogRotation,backup-agent.exe --inventory,daily,registered,taskeng.exe,13715,benign,approved scheduled task
TASK-00991,2026-08-10T16:12:07Z,ADMIN-WS-07,NT AUTHORITY\SYSTEM,UpdateCheck,backup-agent.exe --inventory,daily,run,taskeng.exe,8889,benign,approved scheduled task
TASK-01423,2026-08-10T16:14:58Z,ADMIN-WS-07,NT AUTHORITY\SYSTEM,WebLogRotation,powershell.exe -File C:\Ops\Rotate-Logs.ps1,daily,registered,taskeng.exe,10598,benign,approved scheduled task
TASK-00958,2026-08-10T16:17:40Z,DEPLOY-01,NT AUTHORITY\SYSTEM,UpdateCheck,backup-agent.exe --inventory,daily,run,taskeng.exe,8207,benign,approved scheduled task
TASK-00529,2026-08-10T16:31:48Z,ADMIN-WS-11,NT AUTHORITY\SYSTEM,UpdateCheck,updater.exe /check,daily,run,taskeng.exe,6715,benign,approved scheduled task
TASK-00761,2026-08-10T16:40:17Z,VULN-SCAN-01,NT AUTHORITY\SYSTEM,BackupInventory,powershell.exe -File C:\Ops\Rotate-Logs.ps1,daily,registered,taskeng.exe,11217,benign,approved scheduled task
TASK-00183,2026-08-10T16:41:08Z,VULN-SCAN-01,NT AUTHORITY\SYSTEM,WebLogRotation,powershell.exe -File C:\Ops\Rotate-Logs.ps1,daily,registered,taskeng.exe,1651,benign,approved scheduled task
TASK-01234,2026-08-10T17:07:04Z,WEB-EDGE-01,NT AUTHORITY\SYSTEM,BackupInventory,updater.exe /check,daily,registered,taskeng.exe,11021,benign,approved scheduled task
TASK-00616,2026-08-10T17:10:54Z,WEB-EDGE-01,NT AUTHORITY\SYSTEM,UpdateCheck,updater.exe /check,daily,registered,taskeng.exe,1308,benign,approved scheduled task
TASK-01386,2026-08-10T17:14:17Z,VULN-SCAN-01,NT AUTHORITY\SYSTEM,WebLogRotation,updater.exe /check,daily,run,taskeng.exe,6791,benign,approved scheduled task
TASK-00836,2026-08-10T17:15:18Z,ADMIN-WS-07,NT AUTHORITY\SYSTEM,UpdateCheck,powershell.exe -File C:\Ops\Rotate-Logs.ps1,daily,run,taskeng.exe,1220,benign,approved scheduled task
TASK-00585,2026-08-10T17:32:49Z,ADMIN-WS-07,NT AUTHORITY\SYSTEM,WebLogRotation,updater.exe /check,daily,run,taskeng.exe,2586,benign,approved scheduled task
TASK-00709,2026-08-10T17:43:25Z,ADMIN-WS-11,NT AUTHORITY\SYSTEM,BackupInventory,updater.exe /check,daily,run,taskeng.exe,3192,benign,approved scheduled task
TASK-00010,2026-08-10T17:51:42Z,FILE-01,NT AUTHORITY\SYSTEM,BackupInventory,powershell.exe -File C:\Ops\Rotate-Logs.ps1,daily,registered,taskeng.exe,8345,benign,approved scheduled task
TASK-00916,2026-08-10T17:55:52Z,ADMIN-WS-11,NT AUTHORITY\SYSTEM,WebLogRotation,backup-agent.exe --inventory,daily,run,taskeng.exe,11934,benign,approved scheduled task
TASK-00034,2026-08-10T17:57:42Z,APP-API-02,NT AUTHORITY\SYSTEM,WebLogRotation,powershell.exe -File C:\Ops\Rotate-Logs.ps1,daily,registered,taskeng.exe,6721,benign,approved scheduled task
TASK-00053,2026-08-10T18:00:13Z,VULN-SCAN-01,NT AUTHORITY\SYSTEM,BackupInventory,backup-agent.exe --inventory,daily,run,taskeng.exe,3519,benign,approved scheduled task
TASK-01124,2026-08-10T18:03:10Z,ADMIN-WS-11,NT AUTHORITY\SYSTEM,UpdateCheck,updater.exe /check,daily,run,taskeng.exe,14829,benign,approved scheduled task
TASK-00087,2026-08-10T18:08:17Z,ADMIN-WS-07,NT AUTHORITY\SYSTEM,UpdateCheck,updater.exe /check,daily,run,taskeng.exe,7230,benign,approved scheduled task
TASK-01250,2026-08-10T18:11:53Z,DEPLOY-01,NT AUTHORITY\SYSTEM,BackupInventory,updater.exe /check,daily,registered,taskeng.exe,3909,benign,approved scheduled task
TASK-00422,2026-08-10T18:23:39Z,ADMIN-WS-11,NT AUTHORITY\SYSTEM,BackupInventory,powershell.exe -File C:\Ops\Rotate-Logs.ps1,daily,registered,taskeng.exe,11713,benign,approved scheduled task
TASK-00222,2026-08-10T18:29:33Z,FILE-01,NT AUTHORITY\SYSTEM,UpdateCheck,backup-agent.exe --inventory,daily,registered,taskeng.exe,11155,benign,approved scheduled task
TASK-00272,2026-08-10T18:34:46Z,ADMIN-WS-11,NT AUTHORITY\SYSTEM,WebLogRotation,backup-agent.exe --inventory,daily,registered,taskeng.exe,12451,benign,approved scheduled task
TASK-00012,2026-08-10T18:53:29Z,FILE-01,NT AUTHORITY\SYSTEM,UpdateCheck,backup-agent.exe --inventory,daily,registered,taskeng.exe,7021,benign,approved scheduled task
TASK-01280,2026-08-10T18:55:42Z,ADMIN-WS-11,NT AUTHORITY\SYSTEM,UpdateCheck,updater.exe /check,daily,run,taskeng.exe,14685,benign,approved scheduled task
TASK-00724,2026-08-10T18:58:29Z,DEPLOY-01,NT AUTHORITY\SYSTEM,UpdateCheck,powershell.exe -File C:\Ops\Rotate-Logs.ps1,daily,registered,taskeng.exe,5255,benign,approved scheduled task
TASK-00633,2026-08-10T19:00:15Z,WEB-EDGE-01,NT AUTHORITY\SYSTEM,WebLogRotation,updater.exe /check,daily,run,taskeng.exe,6567,benign,approved scheduled task
TASK-01263,2026-08-10T19:02:08Z,ADMIN-WS-11,NT AUTHORITY\SYSTEM,WebLogRotation,powershell.exe -File C:\Ops\Rotate-Logs.ps1,daily,registered,taskeng.exe,9532,benign,approved scheduled task
TASK-00466,2026-08-10T19:02:45Z,ADMIN-WS-07,NT AUTHORITY\SYSTEM,BackupInventory,updater.exe /check,daily,registered,taskeng.exe,6862,benign,approved scheduled task
TASK-00218,2026-08-10T19:06:55Z,ADMIN-WS-07,NT AUTHORITY\SYSTEM,UpdateCheck,backup-agent.exe --inventory,daily,registered,taskeng.exe,6513,benign,approved scheduled task
TASK-00224,2026-08-10T19:16:20Z,ADMIN-WS-07,NT AUTHORITY\SYSTEM,BackupInventory,updater.exe /check,daily,registered,taskeng.exe,4522,benign,approved scheduled task
TASK-01303,2026-08-10T19:16:35Z,ADMIN-WS-11,NT AUTHORITY\SYSTEM,WebLogRotation,backup-agent.exe --inventory,daily,run,taskeng.exe,8951,benign,approved scheduled task
TASK-01499,2026-08-10T19:21:28Z,FILE-01,NT AUTHORITY\SYSTEM,WebLogRotation,powershell.exe -File C:\Ops\Rotate-Logs.ps1,daily,registered,taskeng.exe,3198,benign,approved scheduled task
TASK-00923,2026-08-10T19:22:31Z,ADMIN-WS-07,NT AUTHORITY\SYSTEM,UpdateCheck,powershell.exe -File C:\Ops\Rotate-Logs.ps1,daily,registered,taskeng.exe,7823,benign,approved scheduled task
TASK-00635,2026-08-10T19:31:05Z,VULN-SCAN-01,NT AUTHORITY\SYSTEM,WebLogRotation,backup-agent.exe --inventory,daily,run,taskeng.exe,13035,benign,approved scheduled task
TASK-00267,2026-08-10T19:38:57Z,DEPLOY-01,NT AUTHORITY\SYSTEM,UpdateCheck,updater.exe /check,daily,registered,taskeng.exe,8070,benign,approved scheduled task
TASK-00708,2026-08-10T19:42:01Z,APP-API-02,NT AUTHORITY\SYSTEM,BackupInventory,backup-agent.exe --inventory,daily,run,taskeng.exe,9692,benign,approved scheduled task
TASK-01011,2026-08-10T19:45:05Z,ADMIN-WS-11,NT AUTHORITY\SYSTEM,BackupInventory,backup-agent.exe --inventory,daily,registered,taskeng.exe,6158,benign,approved scheduled task
TASK-01210,2026-08-10T19:53:26Z,WEB-EDGE-01,NT AUTHORITY\SYSTEM,WebLogRotation,updater.exe /check,daily,run,taskeng.exe,6670,benign,approved scheduled task
TASK-00106,2026-08-10T19:54:27Z,ADMIN-WS-11,NT AUTHORITY\SYSTEM,WebLogRotation,updater.exe /check,daily,registered,taskeng.exe,9967,benign,approved scheduled task
TASK-01291,2026-08-10T19:56:36Z,FILE-01,NT AUTHORITY\SYSTEM,BackupInventory,backup-agent.exe --inventory,daily,run,taskeng.exe,10638,benign,approved scheduled task
TASK-00416,2026-08-10T19:59:48Z,ADMIN-WS-11,NT AUTHORITY\SYSTEM,BackupInventory,backup-agent.exe --inventory,daily,run,taskeng.exe,10856,benign,approved scheduled task
TASK-01459,2026-08-10T20:19:33Z,DEPLOY-01,NT AUTHORITY\SYSTEM,WebLogRotation,backup-agent.exe --inventory,daily,run,taskeng.exe,6992,benign,approved scheduled task
TASK-00454,2026-08-10T20:28:41Z,ADMIN-WS-11,NT AUTHORITY\SYSTEM,UpdateCheck,powershell.exe -File C:\Ops\Rotate-Logs.ps1,daily,run,taskeng.exe,13019,benign,approved scheduled task
TASK-00502,2026-08-10T20:31:24Z,VULN-SCAN-01,NT AUTHORITY\SYSTEM,WebLogRotation,backup-agent.exe --inventory,daily,run,taskeng.exe,6485,benign,approved scheduled task
TASK-01100,2026-08-10T20:35:13Z,WEB-EDGE-01,NT AUTHORITY\SYSTEM,BackupInventory,updater.exe /check,daily,run,taskeng.exe,14113,benign,approved scheduled task
TASK-00050,2026-08-10T20:46:53Z,VULN-SCAN-01,NT AUTHORITY\SYSTEM,WebLogRotation,backup-agent.exe --inventory,daily,registered,taskeng.exe,10686,benign,approved scheduled task
TASK-01058,2026-08-10T20:46:59Z,DEPLOY-01,NT AUTHORITY\SYSTEM,UpdateCheck,backup-agent.exe --inventory,daily,run,taskeng.exe,12725,benign,approved scheduled task
TASK-00689,2026-08-10T20:52:46Z,VULN-SCAN-01,NT AUTHORITY\SYSTEM,WebLogRotation,backup-agent.exe --inventory,daily,registered,taskeng.exe,13760,benign,approved scheduled task
TASK-00287,2026-08-10T21:09:52Z,FILE-01,NT AUTHORITY\SYSTEM,WebLogRotation,backup-agent.exe --inventory,daily,registered,taskeng.exe,3985,benign,approved scheduled task
TASK-00846,2026-08-10T21:17:22Z,ADMIN-WS-11,NT AUTHORITY\SYSTEM,WebLogRotation,updater.exe /check,daily,run,taskeng.exe,12026,benign,approved scheduled task
TASK-01351,2026-08-10T21:18:32Z,DEPLOY-01,NT AUTHORITY\SYSTEM,UpdateCheck,backup-agent.exe --inventory,daily,registered,taskeng.exe,4034,benign,approved scheduled task
TASK-00781,2026-08-10T21:21:33Z,ADMIN-WS-07,NT AUTHORITY\SYSTEM,UpdateCheck,backup-agent.exe --inventory,daily,registered,taskeng.exe,3272,benign,approved scheduled task
TASK-00507,2026-08-10T21:22:40Z,FILE-01,NT AUTHORITY\SYSTEM,WebLogRotation,updater.exe /check,daily,registered,taskeng.exe,6672,benign,approved scheduled task
TASK-00841,2026-08-10T21:32:23Z,DEPLOY-01,NT AUTHORITY\SYSTEM,WebLogRotation,updater.exe /check,daily,registered,taskeng.exe,14233,benign,approved scheduled task
TASK-00962,2026-08-10T21:41:03Z,FILE-01,NT AUTHORITY\SYSTEM,BackupInventory,backup-agent.exe --inventory,daily,run,taskeng.exe,10355,benign,approved scheduled task
TASK-00255,2026-08-10T21:46:00Z,DEPLOY-01,NT AUTHORITY\SYSTEM,BackupInventory,powershell.exe -File C:\Ops\Rotate-Logs.ps1,daily,run,taskeng.exe,2059,benign,approved scheduled task
TASK-01024,2026-08-10T21:47:17Z,APP-API-02,NT AUTHORITY\SYSTEM,WebLogRotation,updater.exe /check,daily,run,taskeng.exe,7328,benign,approved scheduled task
TASK-01150,2026-08-10T21:48:19Z,ADMIN-WS-07,NT AUTHORITY\SYSTEM,BackupInventory,powershell.exe -File C:\Ops\Rotate-Logs.ps1,daily,run,taskeng.exe,5868,benign,approved scheduled task
TASK-00074,2026-08-10T21:51:42Z,DEPLOY-01,NT AUTHORITY\SYSTEM,BackupInventory,updater.exe /check,daily,run,taskeng.exe,12492,benign,approved scheduled task
TASK-00569,2026-08-10T21:53:11Z,ADMIN-WS-07,NT AUTHORITY\SYSTEM,WebLogRotation,powershell.exe -File C:\Ops\Rotate-Logs.ps1,daily,registered,taskeng.exe,14545,benign,approved scheduled task
TASK-01281,2026-08-10T21:58:20Z,ADMIN-WS-11,NT AUTHORITY\SYSTEM,WebLogRotation,updater.exe /check,daily,registered,taskeng.exe,11818,benign,approved scheduled task
TASK-01196,2026-08-10T22:04:24Z,WEB-EDGE-01,NT AUTHORITY\SYSTEM,WebLogRotation,updater.exe /check,daily,registered,taskeng.exe,11054,benign,approved scheduled task
TASK-00722,2026-08-10T22:09:44Z,VULN-SCAN-01,NT AUTHORITY\SYSTEM,BackupInventory,updater.exe /check,daily,registered,taskeng.exe,13463,benign,approved scheduled task
TASK-00427,2026-08-10T22:26:41Z,ADMIN-WS-07,NT AUTHORITY\SYSTEM,BackupInventory,backup-agent.exe --inventory,daily,registered,taskeng.exe,8101,benign,approved scheduled task
TASK-00973,2026-08-10T22:27:38Z,VULN-SCAN-01,NT AUTHORITY\SYSTEM,UpdateCheck,updater.exe /check,daily,run,taskeng.exe,12194,benign,approved scheduled task
TASK-00091,2026-08-10T22:31:03Z,DEPLOY-01,NT AUTHORITY\SYSTEM,WebLogRotation,updater.exe /check,daily,run,taskeng.exe,8132,benign,approved scheduled task
TASK-00853,2026-08-10T22:36:10Z,ADMIN-WS-07,NT AUTHORITY\SYSTEM,UpdateCheck,backup-agent.exe --inventory,daily,run,taskeng.exe,6315,benign,approved scheduled task
TASK-00009,2026-08-10T22:51:25Z,WEB-EDGE-01,NT AUTHORITY\SYSTEM,BackupInventory,backup-agent.exe --inventory,daily,run,taskeng.exe,7624,benign,approved scheduled task
TASK-00459,2026-08-10T22:58:39Z,VULN-SCAN-01,NT AUTHORITY\SYSTEM,UpdateCheck,updater.exe /check,daily,run,taskeng.exe,3414,benign,approved scheduled task
TASK-00090,2026-08-10T23:16:25Z,WEB-EDGE-01,NT AUTHORITY\SYSTEM,UpdateCheck,updater.exe /check,daily,registered,taskeng.exe,13578,benign,approved scheduled task
TASK-00140,2026-08-10T23:36:42Z,WEB-EDGE-01,NT AUTHORITY\SYSTEM,UpdateCheck,updater.exe /check,daily,run,taskeng.exe,7642,benign,approved scheduled task
TASK-00800,2026-08-10T23:42:24Z,APP-API-02,NT AUTHORITY\SYSTEM,WebLogRotation,backup-agent.exe --inventory,daily,run,taskeng.exe,2418,benign,approved scheduled task
TASK-01211,2026-08-10T23:50:26Z,APP-API-02,NT AUTHORITY\SYSTEM,BackupInventory,powershell.exe -File C:\Ops\Rotate-Logs.ps1,daily,registered,taskeng.exe,1311,benign,approved scheduled task
TASK-00784,2026-08-10T23:53:44Z,APP-API-02,NT AUTHORITY\SYSTEM,BackupInventory,powershell.exe -File C:\Ops\Rotate-Logs.ps1,daily,registered,taskeng.exe,12178,benign,approved scheduled task
TASK-00055,2026-08-10T23:54:56Z,FILE-01,NT AUTHORITY\SYSTEM,WebLogRotation,powershell.exe -File C:\Ops\Rotate-Logs.ps1,daily,registered,taskeng.exe,7563,benign,approved scheduled task
TASK-00332,2026-08-11T00:09:56Z,ADMIN-WS-07,NT AUTHORITY\SYSTEM,BackupInventory,backup-agent.exe --inventory,daily,run,taskeng.exe,11589,benign,approved scheduled task
TASK-01342,2026-08-11T00:11:08Z,WEB-EDGE-01,NT AUTHORITY\SYSTEM,WebLogRotation,powershell.exe -File C:\Ops\Rotate-Logs.ps1,daily,registered,taskeng.exe,9685,benign,approved scheduled task
TASK-00107,2026-08-11T00:11:19Z,APP-API-02,NT AUTHORITY\SYSTEM,WebLogRotation,updater.exe /check,daily,registered,taskeng.exe,6371,benign,approved scheduled task
TASK-01363,2026-08-11T00:19:48Z,ADMIN-WS-07,NT AUTHORITY\SYSTEM,UpdateCheck,backup-agent.exe --inventory,daily,registered,taskeng.exe,14498,benign,approved scheduled task
TASK-00872,2026-08-11T00:36:52Z,ADMIN-WS-11,NT AUTHORITY\SYSTEM,BackupInventory,powershell.exe -File C:\Ops\Rotate-Logs.ps1,daily,run,taskeng.exe,5038,benign,approved scheduled task
TASK-00320,2026-08-11T00:46:35Z,VULN-SCAN-01,NT AUTHORITY\SYSTEM,UpdateCheck,updater.exe /check,daily,registered,taskeng.exe,3306,benign,approved scheduled task
TASK-01157,2026-08-11T00:47:10Z,APP-API-02,NT AUTHORITY\SYSTEM,WebLogRotation,powershell.exe -File C:\Ops\Rotate-Logs.ps1,daily,registered,taskeng.exe,12922,benign,approved scheduled task
TASK-01044,2026-08-11T00:52:05Z,DEPLOY-01,NT AUTHORITY\SYSTEM,UpdateCheck,updater.exe /check,daily,registered,taskeng.exe,12305,benign,approved scheduled task
TASK-00632,2026-08-11T00:54:22Z,WEB-EDGE-01,NT AUTHORITY\SYSTEM,WebLogRotation,backup-agent.exe --inventory,daily,registered,taskeng.exe,5268,benign,approved scheduled task
TASK-00328,2026-08-11T00:58:02Z,VULN-SCAN-01,NT AUTHORITY\SYSTEM,UpdateCheck,backup-agent.exe --inventory,daily,registered,taskeng.exe,11970,benign,approved scheduled task
TASK-00281,2026-08-11T01:12:51Z,VULN-SCAN-01,NT AUTHORITY\SYSTEM,WebLogRotation,updater.exe /check,daily,run,taskeng.exe,12073,benign,approved scheduled task
TASK-00980,2026-08-11T01:38:04Z,ADMIN-WS-11,NT AUTHORITY\SYSTEM,UpdateCheck,backup-agent.exe --inventory,daily,registered,taskeng.exe,13964,benign,approved scheduled task
TASK-00011,2026-08-11T01:43:05Z,APP-API-02,NT AUTHORITY\SYSTEM,WebLogRotation,backup-agent.exe --inventory,daily,registered,taskeng.exe,4909,benign,approved scheduled task
TASK-00588,2026-08-11T01:44:53Z,VULN-SCAN-01,NT AUTHORITY\SYSTEM,WebLogRotation,backup-agent.exe --inventory,daily,registered,taskeng.exe,5729,benign,approved scheduled task
TASK-00073,2026-08-11T01:52:04Z,ADMIN-WS-07,NT AUTHORITY\SYSTEM,BackupInventory,backup-agent.exe --inventory,daily,run,taskeng.exe,14124,benign,approved scheduled task
TASK-00734,2026-08-11T02:00:37Z,VULN-SCAN-01,NT AUTHORITY\SYSTEM,BackupInventory,updater.exe /check,daily,registered,taskeng.exe,1524,benign,approved scheduled task
TASK-00631,2026-08-11T02:10:24Z,ADMIN-WS-11,NT AUTHORITY\SYSTEM,BackupInventory,backup-agent.exe --inventory,daily,run,taskeng.exe,7654,benign,approved scheduled task
TASK-00549,2026-08-11T02:16:28Z,VULN-SCAN-01,NT AUTHORITY\SYSTEM,BackupInventory,backup-agent.exe --inventory,daily,registered,taskeng.exe,13713,benign,approved scheduled task
TASK-00683,2026-08-11T02:17:07Z,DEPLOY-01,NT AUTHORITY\SYSTEM,UpdateCheck,updater.exe /check,daily,run,taskeng.exe,11443,benign,approved scheduled task
TASK-00321,2026-08-11T02:20:15Z,ADMIN-WS-11,NT AUTHORITY\SYSTEM,WebLogRotation,updater.exe /check,daily,run,taskeng.exe,11564,benign,approved scheduled task
TASK-00847,2026-08-11T02:20:18Z,DEPLOY-01,NT AUTHORITY\SYSTEM,WebLogRotation,backup-agent.exe --inventory,daily,run,taskeng.exe,1765,benign,approved scheduled task
TASK-00348,2026-08-11T02:20:55Z,APP-API-02,NT AUTHORITY\SYSTEM,WebLogRotation,backup-agent.exe --inventory,daily,registered,taskeng.exe,14743,benign,approved scheduled task
TASK-01435,2026-08-11T02:22:01Z,ADMIN-WS-11,NT AUTHORITY\SYSTEM,WebLogRotation,backup-agent.exe --inventory,daily,registered,taskeng.exe,4299,benign,approved scheduled task
TASK-00260,2026-08-11T02:46:27Z,APP-API-02,NT AUTHORITY\SYSTEM,UpdateCheck,backup-agent.exe --inventory,daily,registered,taskeng.exe,4350,benign,approved scheduled task
TASK-00752,2026-08-11T02:50:24Z,VULN-SCAN-01,NT AUTHORITY\SYSTEM,UpdateCheck,updater.exe /check,daily,registered,taskeng.exe,4535,benign,approved scheduled task
TASK-01036,2026-08-11T02:58:10Z,VULN-SCAN-01,NT AUTHORITY\SYSTEM,UpdateCheck,backup-agent.exe --inventory,daily,run,taskeng.exe,1505,benign,approved scheduled task
TASK-00613,2026-08-11T03:00:02Z,WEB-EDGE-01,NT AUTHORITY\SYSTEM,WebLogRotation,backup-agent.exe --inventory,daily,run,taskeng.exe,12946,benign,approved scheduled task
TASK-00249,2026-08-11T03:03:39Z,ADMIN-WS-11,NT AUTHORITY\SYSTEM,BackupInventory,backup-agent.exe --inventory,daily,registered,taskeng.exe,11528,benign,approved scheduled task
TASK-00225,2026-08-11T03:06:45Z,DEPLOY-01,NT AUTHORITY\SYSTEM,BackupInventory,updater.exe /check,daily,run,taskeng.exe,4473,benign,approved scheduled task
TASK-01414,2026-08-11T03:07:26Z,ADMIN-WS-11,NT AUTHORITY\SYSTEM,BackupInventory,backup-agent.exe --inventory,daily,registered,taskeng.exe,3051,benign,approved scheduled task
TASK-01184,2026-08-11T03:09:35Z,ADMIN-WS-11,NT AUTHORITY\SYSTEM,UpdateCheck,powershell.exe -File C:\Ops\Rotate-Logs.ps1,daily,run,taskeng.exe,4662,benign,approved scheduled task
TASK-01209,2026-08-11T03:21:12Z,ADMIN-WS-11,NT AUTHORITY\SYSTEM,WebLogRotation,powershell.exe -File C:\Ops\Rotate-Logs.ps1,daily,registered,taskeng.exe,3874,benign,approved scheduled task
TASK-01329,2026-08-11T03:26:47Z,APP-API-02,NT AUTHORITY\SYSTEM,WebLogRotation,powershell.exe -File C:\Ops\Rotate-Logs.ps1,daily,registered,taskeng.exe,12362,benign,approved scheduled task
TASK-00152,2026-08-11T03:29:29Z,FILE-01,NT AUTHORITY\SYSTEM,BackupInventory,powershell.exe -File C:\Ops\Rotate-Logs.ps1,daily,registered,taskeng.exe,8600,benign,approved scheduled task
TASK-00394,2026-08-11T03:38:17Z,VULN-SCAN-01,NT AUTHORITY\SYSTEM,UpdateCheck,backup-agent.exe --inventory,daily,run,taskeng.exe,14233,benign,approved scheduled task
TASK-01421,2026-08-11T03:40:58Z,APP-API-02,NT AUTHORITY\SYSTEM,BackupInventory,updater.exe /check,daily,run,taskeng.exe,11394,benign,approved scheduled task
TASK-00976,2026-08-11T03:43:15Z,WEB-EDGE-01,NT AUTHORITY\SYSTEM,WebLogRotation,backup-agent.exe --inventory,daily,registered,taskeng.exe,2990,benign,approved scheduled task
TASK-00387,2026-08-11T03:43:32Z,ADMIN-WS-11,NT AUTHORITY\SYSTEM,WebLogRotation,updater.exe /check,daily,run,taskeng.exe,10751,benign,approved scheduled task
TASK-01455,2026-08-11T03:44:28Z,ADMIN-WS-11,NT AUTHORITY\SYSTEM,UpdateCheck,backup-agent.exe --inventory,daily,run,taskeng.exe,13708,benign,approved scheduled task
TASK-00195,2026-08-11T03:48:09Z,ADMIN-WS-11,NT AUTHORITY\SYSTEM,BackupInventory,updater.exe /check,daily,registered,taskeng.exe,1522,benign,approved scheduled task
TASK-01168,2026-08-11T03:53:01Z,WEB-EDGE-01,NT AUTHORITY\SYSTEM,BackupInventory,updater.exe /check,daily,run,taskeng.exe,10607,benign,approved scheduled task
TASK-00058,2026-08-11T03:54:13Z,APP-API-02,NT AUTHORITY\SYSTEM,BackupInventory,updater.exe /check,daily,registered,taskeng.exe,6265,benign,approved scheduled task
TASK-00409,2026-08-11T03:57:45Z,ADMIN-WS-11,NT AUTHORITY\SYSTEM,BackupInventory,updater.exe /check,daily,registered,taskeng.exe,5756,benign,approved scheduled task
TASK-00257,2026-08-11T04:04:39Z,FILE-01,NT AUTHORITY\SYSTEM,UpdateCheck,powershell.exe -File C:\Ops\Rotate-Logs.ps1,daily,registered,taskeng.exe,7806,benign,approved scheduled task
TASK-01063,2026-08-11T04:09:46Z,WEB-EDGE-01,NT AUTHORITY\SYSTEM,WebLogRotation,updater.exe /check,daily,registered,taskeng.exe,12418,benign,approved scheduled task
TASK-01282,2026-08-11T04:14:40Z,APP-API-02,NT AUTHORITY\SYSTEM,WebLogRotation,updater.exe /check,daily,registered,taskeng.exe,8799,benign,approved scheduled task
TASK-00720,2026-08-11T04:26:42Z,APP-API-02,NT AUTHORITY\SYSTEM,BackupInventory,updater.exe /check,daily,run,taskeng.exe,6296,benign,approved scheduled task
TASK-00726,2026-08-11T04:31:18Z,VULN-SCAN-01,NT AUTHORITY\SYSTEM,UpdateCheck,powershell.exe -File C:\Ops\Rotate-Logs.ps1,daily,registered,taskeng.exe,3836,benign,approved scheduled task
TASK-00906,2026-08-11T04:33:03Z,FILE-01,NT AUTHORITY\SYSTEM,BackupInventory,updater.exe /check,daily,run,taskeng.exe,7396,benign,approved scheduled task
TASK-01199,2026-08-11T04:33:38Z,ADMIN-WS-07,NT AUTHORITY\SYSTEM,UpdateCheck,updater.exe /check,daily,run,taskeng.exe,2059,benign,approved scheduled task
TASK-00407,2026-08-11T04:36:20Z,DEPLOY-01,NT AUTHORITY\SYSTEM,UpdateCheck,updater.exe /check,daily,registered,taskeng.exe,10429,benign,approved scheduled task
TASK-00777,2026-08-11T04:37:07Z,VULN-SCAN-01,NT AUTHORITY\SYSTEM,UpdateCheck,updater.exe /check,daily,run,taskeng.exe,14500,benign,approved scheduled task
TASK-01469,2026-08-11T04:37:21Z,ADMIN-WS-07,NT AUTHORITY\SYSTEM,WebLogRotation,powershell.exe -File C:\Ops\Rotate-Logs.ps1,daily,run,taskeng.exe,8406,benign,approved scheduled task
TASK-00565,2026-08-11T04:39:52Z,APP-API-02,NT AUTHORITY\SYSTEM,WebLogRotation,powershell.exe -File C:\Ops\Rotate-Logs.ps1,daily,run,taskeng.exe,11739,benign,approved scheduled task
TASK-01238,2026-08-11T04:44:51Z,APP-API-02,NT AUTHORITY\SYSTEM,BackupInventory,backup-agent.exe --inventory,daily,registered,taskeng.exe,8531,benign,approved scheduled task
TASK-01076,2026-08-11T04:54:30Z,WEB-EDGE-01,NT AUTHORITY\SYSTEM,BackupInventory,powershell.exe -File C:\Ops\Rotate-Logs.ps1,daily,run,taskeng.exe,6988,benign,approved scheduled task
TASK-00147,2026-08-11T04:56:55Z,DEPLOY-01,NT AUTHORITY\SYSTEM,UpdateCheck,updater.exe /check,daily,run,taskeng.exe,11890,benign,approved scheduled task
TASK-01441,2026-08-11T05:05:00Z,APP-API-02,NT AUTHORITY\SYSTEM,BackupInventory,updater.exe /check,daily,registered,taskeng.exe,5923,benign,approved scheduled task
TASK-00558,2026-08-11T05:08:49Z,DEPLOY-01,NT AUTHORITY\SYSTEM,BackupInventory,backup-agent.exe --inventory,daily,registered,taskeng.exe,10172,benign,approved scheduled task
TASK-00448,2026-08-11T05:12:35Z,DEPLOY-01,NT AUTHORITY\SYSTEM,BackupInventory,backup-agent.exe --inventory,daily,run,taskeng.exe,3219,benign,approved scheduled task
TASK-00081,2026-08-11T05:19:10Z,ADMIN-WS-11,NT AUTHORITY\SYSTEM,UpdateCheck,updater.exe /check,daily,run,taskeng.exe,4126,benign,approved scheduled task
TASK-01019,2026-08-11T05:22:00Z,DEPLOY-01,NT AUTHORITY\SYSTEM,UpdateCheck,backup-agent.exe --inventory,daily,run,taskeng.exe,9571,benign,approved scheduled task
TASK-00234,2026-08-11T05:33:13Z,ADMIN-WS-11,NT AUTHORITY\SYSTEM,BackupInventory,powershell.exe -File C:\Ops\Rotate-Logs.ps1,daily,run,taskeng.exe,13744,benign,approved scheduled task
TASK-01476,2026-08-11T05:43:13Z,FILE-01,NT AUTHORITY\SYSTEM,UpdateCheck,powershell.exe -File C:\Ops\Rotate-Logs.ps1,daily,run,taskeng.exe,3548,benign,approved scheduled task
TASK-01392,2026-08-11T05:47:31Z,ADMIN-WS-07,NT AUTHORITY\SYSTEM,WebLogRotation,powershell.exe -File C:\Ops\Rotate-Logs.ps1,daily,registered,taskeng.exe,1361,benign,approved scheduled task
TASK-00299,2026-08-11T05:48:22Z,ADMIN-WS-11,NT AUTHORITY\SYSTEM,BackupInventory,powershell.exe -File C:\Ops\Rotate-Logs.ps1,daily,registered,taskeng.exe,11560,benign,approved scheduled task
TASK-01151,2026-08-11T05:57:32Z,FILE-01,NT AUTHORITY\SYSTEM,WebLogRotation,updater.exe /check,daily,registered,taskeng.exe,10713,benign,approved scheduled task
TASK-00799,2026-08-11T06:00:28Z,ADMIN-WS-07,NT AUTHORITY\SYSTEM,BackupInventory,powershell.exe -File C:\Ops\Rotate-Logs.ps1,daily,run,taskeng.exe,7768,benign,approved scheduled task
TASK-00866,2026-08-11T06:02:06Z,VULN-SCAN-01,NT AUTHORITY\SYSTEM,UpdateCheck,backup-agent.exe --inventory,daily,run,taskeng.exe,7818,benign,approved scheduled task
TASK-00557,2026-08-11T06:06:16Z,ADMIN-WS-11,NT AUTHORITY\SYSTEM,WebLogRotation,updater.exe /check,daily,registered,taskeng.exe,8465,benign,approved scheduled task
TASK-00807,2026-08-11T06:26:40Z,DEPLOY-01,NT AUTHORITY\SYSTEM,UpdateCheck,updater.exe /check,daily,registered,taskeng.exe,8825,benign,approved scheduled task
TASK-00294,2026-08-11T07:03:24Z,ADMIN-WS-11,NT AUTHORITY\SYSTEM,BackupInventory,powershell.exe -File C:\Ops\Rotate-Logs.ps1,daily,run,taskeng.exe,9114,benign,approved scheduled task
TASK-01491,2026-08-11T07:15:23Z,ADMIN-WS-07,NT AUTHORITY\SYSTEM,BackupInventory,backup-agent.exe --inventory,daily,registered,taskeng.exe,9027,benign,approved scheduled task
TASK-01494,2026-08-11T07:22:44Z,DEPLOY-01,NT AUTHORITY\SYSTEM,BackupInventory,powershell.exe -File C:\Ops\Rotate-Logs.ps1,daily,registered,taskeng.exe,3931,benign,approved scheduled task
TASK-00015,2026-08-11T07:31:29Z,ADMIN-WS-11,NT AUTHORITY\SYSTEM,BackupInventory,backup-agent.exe --inventory,daily,run,taskeng.exe,5908,benign,approved scheduled task
TASK-00405,2026-08-11T07:45:45Z,WEB-EDGE-01,NT AUTHORITY\SYSTEM,BackupInventory,powershell.exe -File C:\Ops\Rotate-Logs.ps1,daily,run,taskeng.exe,5323,benign,approved scheduled task
TASK-00226,2026-08-11T07:46:21Z,VULN-SCAN-01,NT AUTHORITY\SYSTEM,UpdateCheck,updater.exe /check,daily,registered,taskeng.exe,12300,benign,approved scheduled task
TASK-00125,2026-08-11T07:48:03Z,FILE-01,NT AUTHORITY\SYSTEM,BackupInventory,backup-agent.exe --inventory,daily,registered,taskeng.exe,3002,benign,approved scheduled task
TASK-00004,2026-08-11T07:49:32Z,DEPLOY-01,NT AUTHORITY\SYSTEM,BackupInventory,updater.exe /check,daily,run,taskeng.exe,4621,benign,approved scheduled task
TASK-01104,2026-08-11T07:51:44Z,DEPLOY-01,NT AUTHORITY\SYSTEM,UpdateCheck,powershell.exe -File C:\Ops\Rotate-Logs.ps1,daily,registered,taskeng.exe,14408,benign,approved scheduled task
TASK-00577,2026-08-11T08:06:23Z,FILE-01,NT AUTHORITY\SYSTEM,UpdateCheck,backup-agent.exe --inventory,daily,run,taskeng.exe,12748,benign,approved scheduled task
TASK-00861,2026-08-11T08:06:27Z,ADMIN-WS-11,NT AUTHORITY\SYSTEM,WebLogRotation,backup-agent.exe --inventory,daily,run,taskeng.exe,5698,benign,approved scheduled task
TASK-00753,2026-08-11T08:11:24Z,APP-API-02,NT AUTHORITY\SYSTEM,WebLogRotation,backup-agent.exe --inventory,daily,run,taskeng.exe,6024,benign,approved scheduled task
TASK-01059,2026-08-11T08:13:59Z,WEB-EDGE-01,NT AUTHORITY\SYSTEM,BackupInventory,backup-agent.exe --inventory,daily,run,taskeng.exe,9611,benign,approved scheduled task
TASK-00149,2026-08-11T08:24:11Z,FILE-01,NT AUTHORITY\SYSTEM,BackupInventory,updater.exe /check,daily,registered,taskeng.exe,9317,benign,approved scheduled task
TASK-00498,2026-08-11T08:25:30Z,ADMIN-WS-07,NT AUTHORITY\SYSTEM,BackupInventory,powershell.exe -File C:\Ops\Rotate-Logs.ps1,daily,registered,taskeng.exe,9084,benign,approved scheduled task
TASK-00199,2026-08-11T08:40:56Z,DEPLOY-01,NT AUTHORITY\SYSTEM,BackupInventory,powershell.exe -File C:\Ops\Rotate-Logs.ps1,daily,run,taskeng.exe,2430,benign,approved scheduled task
TASK-00346,2026-08-11T08:56:28Z,WEB-EDGE-01,NT AUTHORITY\SYSTEM,BackupInventory,powershell.exe -File C:\Ops\Rotate-Logs.ps1,daily,run,taskeng.exe,4247,benign,approved scheduled task
TASK-01099,2026-08-11T09:31:57Z,DEPLOY-01,NT AUTHORITY\SYSTEM,BackupInventory,updater.exe /check,daily,run,taskeng.exe,9918,benign,approved scheduled task
TASK-01352,2026-08-11T09:33:43Z,DEPLOY-01,NT AUTHORITY\SYSTEM,UpdateCheck,backup-agent.exe --inventory,daily,registered,taskeng.exe,11650,benign,approved scheduled task
TASK-01314,2026-08-11T09:35:03Z,ADMIN-WS-11,NT AUTHORITY\SYSTEM,BackupInventory,backup-agent.exe --inventory,daily,run,taskeng.exe,9496,benign,approved scheduled task
TASK-01346,2026-08-11T09:56:19Z,FILE-01,NT AUTHORITY\SYSTEM,UpdateCheck,updater.exe /check,daily,registered,taskeng.exe,7091,benign,approved scheduled task
TASK-01259,2026-08-11T09:59:57Z,ADMIN-WS-11,NT AUTHORITY\SYSTEM,BackupInventory,updater.exe /check,daily,registered,taskeng.exe,10573,benign,approved scheduled task
TASK-01477,2026-08-11T10:07:48Z,DEPLOY-01,NT AUTHORITY\SYSTEM,WebLogRotation,powershell.exe -File C:\Ops\Rotate-Logs.ps1,daily,run,taskeng.exe,6321,benign,approved scheduled task
TASK-00782,2026-08-11T10:10:33Z,WEB-EDGE-01,NT AUTHORITY\SYSTEM,WebLogRotation,updater.exe /check,daily,run,taskeng.exe,13610,benign,approved scheduled task
TASK-01389,2026-08-11T10:16:08Z,APP-API-02,NT AUTHORITY\SYSTEM,WebLogRotation,backup-agent.exe --inventory,daily,registered,taskeng.exe,10353,benign,approved scheduled task
TASK-01443,2026-08-11T10:18:52Z,FILE-01,NT AUTHORITY\SYSTEM,UpdateCheck,updater.exe /check,daily,run,taskeng.exe,4072,benign,approved scheduled task
TASK-01357,2026-08-11T10:39:30Z,WEB-EDGE-01,NT AUTHORITY\SYSTEM,UpdateCheck,powershell.exe -File C:\Ops\Rotate-Logs.ps1,daily,run,taskeng.exe,5595,benign,approved scheduled task
TASK-00398,2026-08-11T10:43:18Z,WEB-EDGE-01,NT AUTHORITY\SYSTEM,BackupInventory,powershell.exe -File C:\Ops\Rotate-Logs.ps1,daily,registered,taskeng.exe,13867,benign,approved scheduled task
TASK-00609,2026-08-11T10:56:31Z,APP-API-02,NT AUTHORITY\SYSTEM,BackupInventory,backup-agent.exe --inventory,daily,run,taskeng.exe,6409,benign,approved scheduled task
TASK-00937,2026-08-11T11:00:42Z,ADMIN-WS-07,NT AUTHORITY\SYSTEM,UpdateCheck,updater.exe /check,daily,registered,taskeng.exe,11436,benign,approved scheduled task
TASK-00397,2026-08-11T11:05:41Z,FILE-01,NT AUTHORITY\SYSTEM,WebLogRotation,updater.exe /check,daily,run,taskeng.exe,8000,benign,approved scheduled task
TASK-01212,2026-08-11T11:15:23Z,FILE-01,NT AUTHORITY\SYSTEM,UpdateCheck,updater.exe /check,daily,registered,taskeng.exe,2032,benign,approved scheduled task
TASK-00704,2026-08-11T11:18:11Z,APP-API-02,NT AUTHORITY\SYSTEM,BackupInventory,updater.exe /check,daily,registered,taskeng.exe,3601,benign,approved scheduled task
TASK-00041,2026-08-11T11:18:35Z,FILE-01,NT AUTHORITY\SYSTEM,WebLogRotation,powershell.exe -File C:\Ops\Rotate-Logs.ps1,daily,run,taskeng.exe,5365,benign,approved scheduled task
TASK-01286,2026-08-11T11:20:50Z,DEPLOY-01,NT AUTHORITY\SYSTEM,BackupInventory,backup-agent.exe --inventory,daily,registered,taskeng.exe,2531,benign,approved scheduled task
TASK-00373,2026-08-11T11:31:58Z,DEPLOY-01,NT AUTHORITY\SYSTEM,BackupInventory,backup-agent.exe --inventory,daily,run,taskeng.exe,4963,benign,approved scheduled task
TASK-01322,2026-08-11T11:40:55Z,APP-API-02,NT AUTHORITY\SYSTEM,BackupInventory,updater.exe /check,daily,run,taskeng.exe,12738,benign,approved scheduled task
TASK-01359,2026-08-11T11:41:08Z,WEB-EDGE-01,NT AUTHORITY\SYSTEM,UpdateCheck,updater.exe /check,daily,registered,taskeng.exe,12278,benign,approved scheduled task
TASK-00971,2026-08-11T11:44:49Z,VULN-SCAN-01,NT AUTHORITY\SYSTEM,BackupInventory,updater.exe /check,daily,run,taskeng.exe,5291,benign,approved scheduled task
TASK-00262,2026-08-11T11:49:00Z,VULN-SCAN-01,NT AUTHORITY\SYSTEM,UpdateCheck,updater.exe /check,daily,run,taskeng.exe,4607,benign,approved scheduled task
TASK-01170,2026-08-11T11:57:44Z,VULN-SCAN-01,NT AUTHORITY\SYSTEM,UpdateCheck,powershell.exe -File C:\Ops\Rotate-Logs.ps1,daily,run,taskeng.exe,7927,benign,approved scheduled task
TASK-01434,2026-08-11T11:59:26Z,ADMIN-WS-07,NT AUTHORITY\SYSTEM,BackupInventory,updater.exe /check,daily,run,taskeng.exe,3657,benign,approved scheduled task
