event_id,_time,src_host,dest_host,user,process_name,dest_port,action,bytes_out,classification,note
NET-00374,2026-08-31T12:02:11Z,HR-WS-22,PATCH-01,NT AUTHORITY\SYSTEM,powershell.exe,445,allowed,40730,benign,routine network
NET-00121,2026-08-31T12:06:59Z,APP-03,MGMT-01,ACME\kpatel,patch-agent.exe,53,allowed,43597,benign,routine network
NET-01221,2026-08-31T12:07:32Z,MGMT-01,MGMT-01,ACME\svc_patch,inventory.exe,445,allowed,68136,benign,routine network
NET-01718,2026-08-31T12:09:27Z,DC-01,APP-03,ACME\kpatel,System,5985,allowed,56846,benign,routine network
NET-00642,2026-08-31T12:12:08Z,MGMT-01,PATCH-01,ACME\admin.ops,patch-agent.exe,443,allowed,60759,benign,routine network
NET-00882,2026-08-31T12:17:08Z,FILE-02,HR-WS-22,NT AUTHORITY\SYSTEM,patch-agent.exe,5985,allowed,77696,benign,routine network
NET-01393,2026-08-31T12:17:52Z,APP-03,PATCH-01,NT AUTHORITY\SYSTEM,patch-agent.exe,53,allowed,22932,benign,routine network
NET-00081,2026-08-31T12:20:33Z,DC-01,PATCH-01,ACME\svc_patch,System,5985,allowed,1044,benign,routine network
NET-01602,2026-08-31T12:34:24Z,MGMT-01,203.0.113.55,NT AUTHORITY\SYSTEM,powershell.exe,445,allowed,45412,benign,routine network
NET-00252,2026-08-31T12:42:44Z,PATCH-01,203.0.113.55,ACME\kpatel,patch-agent.exe,445,allowed,48749,benign,routine network
NET-01542,2026-08-31T12:46:16Z,PATCH-01,APP-03,ACME\admin.ops,inventory.exe,53,allowed,49842,benign,routine network
NET-00416,2026-08-31T12:51:49Z,HR-WS-22,DC-01,ACME\kpatel,powershell.exe,5985,allowed,38535,benign,routine network
NET-01064,2026-08-31T12:52:25Z,JUMP-01,HR-WS-22,NT AUTHORITY\SYSTEM,System,5985,allowed,71212,benign,routine network
NET-01360,2026-08-31T12:55:12Z,MGMT-01,DC-01,ACME\svc_patch,patch-agent.exe,443,allowed,11418,benign,routine network
NET-01701,2026-08-31T12:56:27Z,HR-WS-22,PATCH-01,ACME\svc_patch,powershell.exe,53,allowed,74469,benign,routine network
NET-00526,2026-08-31T13:06:33Z,PATCH-01,203.0.113.55,ACME\kpatel,powershell.exe,443,allowed,18715,benign,routine network
NET-00773,2026-08-31T13:09:04Z,PATCH-01,MGMT-01,ACME\svc_patch,powershell.exe,445,allowed,46493,benign,routine network
NET-00590,2026-08-31T13:12:50Z,APP-03,FILE-02,NT AUTHORITY\SYSTEM,System,443,allowed,57394,benign,routine network
NET-00788,2026-08-31T13:15:13Z,PATCH-01,MGMT-01,ACME\kpatel,patch-agent.exe,443,allowed,52243,benign,routine network
NET-01210,2026-08-31T13:18:55Z,FILE-02,PATCH-01,ACME\jsmith,patch-agent.exe,445,allowed,76199,benign,routine network
NET-00809,2026-08-31T13:35:39Z,JUMP-01,MGMT-01,NT AUTHORITY\SYSTEM,patch-agent.exe,53,allowed,47981,benign,routine network
NET-00775,2026-08-31T13:42:13Z,HR-WS-22,MGMT-01,NT AUTHORITY\SYSTEM,System,5985,allowed,50035,benign,routine network
NET-01583,2026-08-31T13:46:52Z,PATCH-01,MGMT-01,ACME\jsmith,powershell.exe,53,allowed,48395,benign,routine network
NET-00491,2026-08-31T13:51:30Z,JUMP-01,MGMT-01,ACME\kpatel,patch-agent.exe,5985,allowed,19223,benign,routine network
NET-00647,2026-08-31T14:00:36Z,DC-01,JUMP-01,ACME\admin.ops,powershell.exe,53,allowed,48284,benign,routine network
NET-01418,2026-08-31T14:08:26Z,MGMT-01,JUMP-01,ACME\svc_patch,inventory.exe,443,allowed,19112,benign,routine network
NET-01566,2026-08-31T14:10:44Z,JUMP-01,JUMP-01,ACME\admin.ops,patch-agent.exe,443,allowed,66278,benign,routine network
NET-01537,2026-08-31T14:11:24Z,DC-01,DC-01,ACME\svc_patch,patch-agent.exe,443,allowed,63190,benign,routine network
NET-INC-001,2026-08-31T14:26:35Z,HR-WS-22,203.0.113.55,NT AUTHORITY\SYSTEM,powershell.exe,443,allowed,4120,investigate,task payload contacts external host
NET-01501,2026-08-31T14:29:22Z,PATCH-01,HR-WS-22,ACME\kpatel,patch-agent.exe,445,allowed,8864,benign,routine network
NET-INC-002,2026-08-31T14:30:00Z,HR-WS-22,203.0.113.55,NT AUTHORITY\SYSTEM,rundll32.exe,443,allowed,22140,investigate,follow-on TLS; content unknown
NET-00388,2026-08-31T14:30:30Z,HR-WS-22,FILE-02,NT AUTHORITY\SYSTEM,powershell.exe,5985,allowed,21335,benign,routine network
NET-00818,2026-08-31T14:33:23Z,APP-03,APP-03,ACME\kpatel,powershell.exe,53,allowed,58935,benign,routine network
NET-BEN-001,2026-08-31T14:34:25Z,PATCH-01,MGMT-01,ACME\svc_patch,patch-agent.exe,443,allowed,18320,benign,approved patch reporting
NET-RESP-001,2026-08-31T14:37:30Z,JUMP-01,HR-WS-22,ACME\jsmith,mstsc.exe,3389,allowed,18000,response,authorized responder
NET-00495,2026-08-31T14:53:35Z,JUMP-01,DC-01,NT AUTHORITY\SYSTEM,powershell.exe,445,allowed,71227,benign,routine network
NET-01619,2026-08-31T14:58:21Z,APP-03,MGMT-01,ACME\admin.ops,inventory.exe,53,allowed,35481,benign,routine network
NET-01213,2026-08-31T15:00:21Z,MGMT-01,PATCH-01,ACME\admin.ops,powershell.exe,443,allowed,71219,benign,routine network
NET-01747,2026-08-31T15:00:29Z,MGMT-01,203.0.113.55,ACME\admin.ops,powershell.exe,443,allowed,19199,benign,routine network
NET-01225,2026-08-31T15:02:40Z,PATCH-01,APP-03,ACME\kpatel,patch-agent.exe,5985,allowed,75032,benign,routine network
NET-01208,2026-08-31T15:06:25Z,HR-WS-22,203.0.113.55,ACME\svc_patch,powershell.exe,445,allowed,44940,benign,routine network
NET-01066,2026-08-31T15:06:29Z,APP-03,FILE-02,ACME\jsmith,inventory.exe,53,allowed,7337,benign,routine network
NET-00771,2026-08-31T15:15:57Z,PATCH-01,APP-03,NT AUTHORITY\SYSTEM,System,443,allowed,10482,benign,routine network
NET-01349,2026-08-31T15:20:42Z,DC-01,MGMT-01,ACME\kpatel,powershell.exe,53,allowed,12901,benign,routine network
NET-00657,2026-08-31T15:23:17Z,HR-WS-22,JUMP-01,NT AUTHORITY\SYSTEM,inventory.exe,53,allowed,53868,benign,routine network
NET-01594,2026-08-31T15:53:26Z,FILE-02,FILE-02,ACME\jsmith,System,53,allowed,53699,benign,routine network
NET-01176,2026-08-31T15:55:46Z,APP-03,MGMT-01,ACME\admin.ops,inventory.exe,443,allowed,44502,benign,routine network
NET-00270,2026-08-31T15:55:57Z,MGMT-01,FILE-02,ACME\jsmith,patch-agent.exe,443,allowed,3943,benign,routine network
NET-00397,2026-08-31T15:57:29Z,DC-01,PATCH-01,ACME\admin.ops,inventory.exe,445,allowed,11509,benign,routine network
NET-01465,2026-08-31T16:00:19Z,DC-01,JUMP-01,ACME\svc_patch,patch-agent.exe,443,allowed,51885,benign,routine network
NET-00254,2026-08-31T16:02:20Z,JUMP-01,PATCH-01,ACME\kpatel,System,53,allowed,19960,benign,routine network
NET-00637,2026-08-31T16:15:56Z,APP-03,JUMP-01,ACME\kpatel,patch-agent.exe,5985,allowed,26246,benign,routine network
NET-01254,2026-08-31T16:18:20Z,MGMT-01,MGMT-01,ACME\kpatel,System,445,allowed,47187,benign,routine network
NET-01323,2026-08-31T16:19:57Z,FILE-02,MGMT-01,ACME\admin.ops,powershell.exe,445,allowed,28308,benign,routine network
NET-01144,2026-08-31T16:25:27Z,APP-03,HR-WS-22,ACME\admin.ops,powershell.exe,5985,allowed,19834,benign,routine network
NET-00707,2026-08-31T16:26:37Z,FILE-02,HR-WS-22,ACME\kpatel,patch-agent.exe,5985,allowed,61328,benign,routine network
NET-00751,2026-08-31T16:31:43Z,PATCH-01,PATCH-01,ACME\jsmith,powershell.exe,443,allowed,47104,benign,routine network
NET-01117,2026-08-31T16:40:12Z,HR-WS-22,PATCH-01,ACME\svc_patch,patch-agent.exe,445,allowed,42736,benign,routine network
NET-00848,2026-08-31T16:43:36Z,APP-03,DC-01,ACME\admin.ops,System,53,allowed,43961,benign,routine network
NET-00450,2026-08-31T16:44:11Z,DC-01,JUMP-01,ACME\admin.ops,System,445,allowed,3113,benign,routine network
NET-00414,2026-08-31T16:44:47Z,JUMP-01,DC-01,ACME\svc_patch,System,53,allowed,24395,benign,routine network
NET-00538,2026-08-31T16:46:54Z,FILE-02,203.0.113.55,ACME\jsmith,powershell.exe,445,allowed,41355,benign,routine network
NET-01660,2026-08-31T16:47:38Z,FILE-02,APP-03,NT AUTHORITY\SYSTEM,System,445,allowed,20730,benign,routine network
NET-01707,2026-08-31T16:47:47Z,DC-01,JUMP-01,NT AUTHORITY\SYSTEM,powershell.exe,53,allowed,62725,benign,routine network
NET-00731,2026-08-31T16:48:03Z,MGMT-01,PATCH-01,ACME\kpatel,patch-agent.exe,5985,allowed,30940,benign,routine network
NET-00954,2026-08-31T16:51:34Z,APP-03,JUMP-01,ACME\jsmith,patch-agent.exe,5985,allowed,29682,benign,routine network
NET-01313,2026-08-31T16:54:04Z,JUMP-01,MGMT-01,ACME\jsmith,System,445,allowed,15395,benign,routine network
NET-01203,2026-08-31T16:55:43Z,DC-01,FILE-02,ACME\admin.ops,System,443,allowed,32036,benign,routine network
NET-00145,2026-08-31T16:56:25Z,HR-WS-22,PATCH-01,ACME\jsmith,System,53,allowed,7366,benign,routine network
NET-00200,2026-08-31T16:57:39Z,APP-03,HR-WS-22,ACME\kpatel,powershell.exe,445,allowed,46240,benign,routine network
NET-00281,2026-08-31T17:07:36Z,MGMT-01,MGMT-01,ACME\jsmith,patch-agent.exe,443,allowed,42807,benign,routine network
NET-01721,2026-08-31T17:11:43Z,MGMT-01,APP-03,ACME\svc_patch,patch-agent.exe,445,allowed,74262,benign,routine network
NET-00070,2026-08-31T17:12:55Z,HR-WS-22,JUMP-01,ACME\svc_patch,powershell.exe,5985,allowed,30391,benign,routine network
NET-01612,2026-08-31T17:13:55Z,MGMT-01,APP-03,ACME\admin.ops,powershell.exe,5985,allowed,8739,benign,routine network
NET-00890,2026-08-31T17:35:57Z,MGMT-01,HR-WS-22,NT AUTHORITY\SYSTEM,powershell.exe,445,allowed,18839,benign,routine network
NET-00870,2026-08-31T17:41:59Z,PATCH-01,JUMP-01,ACME\admin.ops,System,5985,allowed,10077,benign,routine network
NET-01620,2026-08-31T17:44:06Z,DC-01,FILE-02,ACME\svc_patch,System,443,allowed,29641,benign,routine network
NET-01413,2026-08-31T17:47:54Z,PATCH-01,HR-WS-22,ACME\svc_patch,System,443,allowed,56644,benign,routine network
NET-00178,2026-08-31T17:50:14Z,PATCH-01,MGMT-01,NT AUTHORITY\SYSTEM,inventory.exe,5985,allowed,26118,benign,routine network
NET-00748,2026-08-31T17:50:49Z,MGMT-01,PATCH-01,ACME\kpatel,patch-agent.exe,53,allowed,7797,benign,routine network
NET-00800,2026-08-31T17:51:01Z,HR-WS-22,DC-01,ACME\svc_patch,System,53,allowed,54860,benign,routine network
NET-00472,2026-08-31T17:53:45Z,PATCH-01,APP-03,ACME\admin.ops,inventory.exe,53,allowed,69138,benign,routine network
NET-01442,2026-08-31T17:57:47Z,HR-WS-22,DC-01,ACME\kpatel,System,445,allowed,41600,benign,routine network
NET-00273,2026-08-31T18:00:26Z,MGMT-01,MGMT-01,ACME\jsmith,patch-agent.exe,5985,allowed,40286,benign,routine network
NET-00737,2026-08-31T18:04:13Z,APP-03,DC-01,ACME\kpatel,patch-agent.exe,53,allowed,23267,benign,routine network
NET-01363,2026-08-31T18:04:53Z,PATCH-01,DC-01,ACME\admin.ops,System,445,allowed,35526,benign,routine network
NET-00865,2026-08-31T18:05:20Z,HR-WS-22,MGMT-01,ACME\svc_patch,patch-agent.exe,5985,allowed,12701,benign,routine network
NET-00024,2026-08-31T18:06:21Z,FILE-02,JUMP-01,ACME\admin.ops,patch-agent.exe,443,allowed,57108,benign,routine network
NET-00632,2026-08-31T18:14:52Z,APP-03,APP-03,ACME\admin.ops,System,5985,allowed,69998,benign,routine network
NET-00285,2026-08-31T18:15:36Z,MGMT-01,MGMT-01,ACME\jsmith,powershell.exe,443,allowed,45623,benign,routine network
NET-01523,2026-08-31T18:16:38Z,APP-03,203.0.113.55,ACME\svc_patch,System,53,allowed,37655,benign,routine network
NET-01343,2026-08-31T18:19:25Z,PATCH-01,HR-WS-22,NT AUTHORITY\SYSTEM,System,5985,allowed,23143,benign,routine network
NET-01228,2026-08-31T18:20:17Z,FILE-02,FILE-02,ACME\kpatel,inventory.exe,443,allowed,67376,benign,routine network
NET-01311,2026-08-31T18:24:06Z,DC-01,APP-03,ACME\kpatel,patch-agent.exe,5985,allowed,9480,benign,routine network
NET-01611,2026-08-31T18:31:05Z,HR-WS-22,FILE-02,ACME\jsmith,System,53,allowed,59247,benign,routine network
NET-00571,2026-08-31T18:35:22Z,JUMP-01,JUMP-01,NT AUTHORITY\SYSTEM,System,53,allowed,46708,benign,routine network
NET-01775,2026-08-31T18:46:34Z,FILE-02,APP-03,ACME\admin.ops,inventory.exe,445,allowed,58712,benign,routine network
NET-01278,2026-08-31T18:47:31Z,DC-01,APP-03,ACME\admin.ops,System,5985,allowed,12351,benign,routine network
NET-01009,2026-08-31T18:52:22Z,PATCH-01,MGMT-01,ACME\svc_patch,System,443,allowed,71503,benign,routine network
NET-01074,2026-08-31T18:55:08Z,APP-03,MGMT-01,ACME\admin.ops,System,445,allowed,3479,benign,routine network
NET-00685,2026-08-31T18:56:55Z,HR-WS-22,JUMP-01,ACME\admin.ops,inventory.exe,5985,allowed,37483,benign,routine network
NET-01601,2026-08-31T19:00:05Z,MGMT-01,JUMP-01,NT AUTHORITY\SYSTEM,System,53,allowed,21042,benign,routine network
NET-00421,2026-08-31T19:02:35Z,HR-WS-22,DC-01,ACME\admin.ops,patch-agent.exe,445,allowed,28029,benign,routine network
NET-00692,2026-08-31T19:05:15Z,APP-03,JUMP-01,ACME\svc_patch,patch-agent.exe,443,allowed,14287,benign,routine network
NET-01786,2026-08-31T19:08:41Z,PATCH-01,DC-01,ACME\admin.ops,patch-agent.exe,443,allowed,30770,benign,routine network
NET-00950,2026-08-31T19:10:54Z,APP-03,203.0.113.55,ACME\kpatel,powershell.exe,5985,allowed,59433,benign,routine network
NET-01129,2026-08-31T19:20:55Z,APP-03,JUMP-01,NT AUTHORITY\SYSTEM,powershell.exe,5985,allowed,47805,benign,routine network
NET-00210,2026-08-31T19:22:24Z,DC-01,APP-03,ACME\admin.ops,System,445,allowed,5992,benign,routine network
NET-00188,2026-08-31T19:23:03Z,PATCH-01,FILE-02,ACME\jsmith,powershell.exe,53,allowed,22229,benign,routine network
NET-01305,2026-08-31T19:31:53Z,MGMT-01,MGMT-01,NT AUTHORITY\SYSTEM,inventory.exe,53,allowed,50810,benign,routine network
NET-01496,2026-08-31T19:35:05Z,APP-03,JUMP-01,ACME\svc_patch,inventory.exe,443,allowed,31107,benign,routine network
NET-00031,2026-08-31T19:35:15Z,DC-01,FILE-02,ACME\jsmith,inventory.exe,443,allowed,24870,benign,routine network
NET-00933,2026-08-31T19:39:05Z,MGMT-01,PATCH-01,NT AUTHORITY\SYSTEM,inventory.exe,5985,allowed,22706,benign,routine network
NET-01053,2026-08-31T19:41:49Z,FILE-02,JUMP-01,ACME\admin.ops,inventory.exe,445,allowed,58676,benign,routine network
NET-00740,2026-08-31T19:44:02Z,JUMP-01,APP-03,ACME\jsmith,powershell.exe,443,allowed,39558,benign,routine network
NET-00840,2026-08-31T19:49:01Z,PATCH-01,PATCH-01,ACME\svc_patch,powershell.exe,443,allowed,59328,benign,routine network
NET-00625,2026-08-31T19:53:20Z,DC-01,HR-WS-22,ACME\jsmith,powershell.exe,443,allowed,28344,benign,routine network
NET-01795,2026-08-31T19:55:22Z,JUMP-01,PATCH-01,ACME\svc_patch,inventory.exe,53,allowed,47223,benign,routine network
NET-01055,2026-08-31T19:56:50Z,APP-03,PATCH-01,ACME\jsmith,powershell.exe,53,allowed,47620,benign,routine network
NET-01021,2026-08-31T20:01:22Z,APP-03,FILE-02,ACME\jsmith,inventory.exe,445,allowed,18016,benign,routine network
NET-01197,2026-08-31T20:01:42Z,JUMP-01,DC-01,NT AUTHORITY\SYSTEM,inventory.exe,53,allowed,27710,benign,routine network
NET-00434,2026-08-31T20:07:51Z,JUMP-01,HR-WS-22,ACME\svc_patch,System,445,allowed,3314,benign,routine network
NET-01282,2026-08-31T20:31:10Z,DC-01,HR-WS-22,ACME\kpatel,powershell.exe,443,allowed,77399,benign,routine network
NET-01317,2026-08-31T20:34:21Z,JUMP-01,MGMT-01,ACME\kpatel,inventory.exe,445,allowed,1580,benign,routine network
NET-01218,2026-08-31T20:35:28Z,APP-03,HR-WS-22,NT AUTHORITY\SYSTEM,inventory.exe,53,allowed,51727,benign,routine network
NET-01774,2026-08-31T20:40:39Z,JUMP-01,PATCH-01,ACME\jsmith,inventory.exe,443,allowed,77253,benign,routine network
NET-00064,2026-08-31T20:46:08Z,MGMT-01,FILE-02,NT AUTHORITY\SYSTEM,inventory.exe,5985,allowed,71388,benign,routine network
NET-01514,2026-08-31T20:49:31Z,PATCH-01,HR-WS-22,ACME\svc_patch,inventory.exe,443,allowed,34282,benign,routine network
NET-01446,2026-08-31T20:50:17Z,JUMP-01,FILE-02,ACME\svc_patch,powershell.exe,443,allowed,47910,benign,routine network
NET-00136,2026-08-31T20:54:03Z,HR-WS-22,DC-01,ACME\svc_patch,System,445,allowed,40774,benign,routine network
NET-00873,2026-08-31T20:54:20Z,HR-WS-22,PATCH-01,ACME\admin.ops,System,443,allowed,37578,benign,routine network
NET-01231,2026-08-31T20:55:27Z,APP-03,DC-01,ACME\admin.ops,inventory.exe,443,allowed,67679,benign,routine network
NET-00803,2026-08-31T20:59:20Z,DC-01,HR-WS-22,NT AUTHORITY\SYSTEM,System,5985,allowed,6829,benign,routine network
NET-00419,2026-08-31T21:00:15Z,DC-01,DC-01,ACME\svc_patch,System,5985,allowed,11928,benign,routine network
NET-00546,2026-08-31T21:01:05Z,HR-WS-22,FILE-02,ACME\svc_patch,System,5985,allowed,58970,benign,routine network
NET-00628,2026-08-31T21:10:58Z,JUMP-01,PATCH-01,ACME\svc_patch,powershell.exe,5985,allowed,78783,benign,routine network
NET-01391,2026-08-31T21:13:36Z,DC-01,FILE-02,ACME\jsmith,inventory.exe,445,allowed,25987,benign,routine network
NET-01637,2026-08-31T21:24:24Z,APP-03,PATCH-01,ACME\admin.ops,patch-agent.exe,445,allowed,1666,benign,routine network
NET-01161,2026-08-31T21:25:28Z,FILE-02,JUMP-01,ACME\svc_patch,patch-agent.exe,5985,allowed,43507,benign,routine network
NET-00363,2026-08-31T21:28:49Z,HR-WS-22,JUMP-01,ACME\jsmith,powershell.exe,5985,allowed,61228,benign,routine network
NET-00470,2026-08-31T21:30:36Z,DC-01,DC-01,ACME\kpatel,powershell.exe,5985,allowed,6480,benign,routine network
NET-01767,2026-08-31T21:37:07Z,FILE-02,PATCH-01,ACME\svc_patch,powershell.exe,443,allowed,68900,benign,routine network
NET-00573,2026-08-31T21:38:52Z,HR-WS-22,FILE-02,ACME\svc_patch,System,445,allowed,64347,benign,routine network
NET-01194,2026-08-31T21:39:29Z,MGMT-01,DC-01,NT AUTHORITY\SYSTEM,patch-agent.exe,445,allowed,31960,benign,routine network
NET-01248,2026-08-31T21:42:36Z,FILE-02,HR-WS-22,NT AUTHORITY\SYSTEM,System,443,allowed,61144,benign,routine network
NET-01190,2026-08-31T21:45:22Z,HR-WS-22,203.0.113.55,ACME\kpatel,inventory.exe,5985,allowed,48658,benign,routine network
NET-01547,2026-08-31T21:45:42Z,FILE-02,FILE-02,ACME\admin.ops,powershell.exe,443,allowed,54776,benign,routine network
NET-00369,2026-08-31T21:52:33Z,FILE-02,APP-03,NT AUTHORITY\SYSTEM,powershell.exe,445,allowed,54679,benign,routine network
NET-00752,2026-08-31T21:59:14Z,HR-WS-22,203.0.113.55,ACME\kpatel,System,53,allowed,62244,benign,routine network
NET-01447,2026-08-31T21:59:24Z,FILE-02,FILE-02,ACME\admin.ops,inventory.exe,445,allowed,28931,benign,routine network
NET-01110,2026-08-31T22:03:02Z,HR-WS-22,JUMP-01,ACME\admin.ops,System,445,allowed,9810,benign,routine network
NET-00484,2026-08-31T22:04:45Z,JUMP-01,FILE-02,ACME\svc_patch,patch-agent.exe,445,allowed,31400,benign,routine network
NET-01516,2026-08-31T22:08:47Z,PATCH-01,DC-01,ACME\jsmith,patch-agent.exe,53,allowed,49845,benign,routine network
NET-01604,2026-08-31T22:08:58Z,DC-01,MGMT-01,ACME\admin.ops,patch-agent.exe,5985,allowed,54999,benign,routine network
NET-00983,2026-08-31T22:09:09Z,PATCH-01,MGMT-01,ACME\svc_patch,System,53,allowed,50765,benign,routine network
NET-00587,2026-08-31T22:12:30Z,DC-01,FILE-02,NT AUTHORITY\SYSTEM,System,443,allowed,7680,benign,routine network
NET-00804,2026-08-31T22:12:57Z,JUMP-01,JUMP-01,ACME\admin.ops,inventory.exe,5985,allowed,28319,benign,routine network
NET-01475,2026-08-31T22:19:36Z,DC-01,PATCH-01,ACME\jsmith,inventory.exe,445,allowed,43365,benign,routine network
NET-01220,2026-08-31T22:24:03Z,FILE-02,203.0.113.55,ACME\svc_patch,inventory.exe,5985,allowed,14470,benign,routine network
NET-00349,2026-08-31T22:28:54Z,JUMP-01,APP-03,ACME\jsmith,System,445,allowed,72005,benign,routine network
NET-01609,2026-08-31T22:29:08Z,APP-03,FILE-02,ACME\kpatel,inventory.exe,5985,allowed,5467,benign,routine network
NET-00811,2026-08-31T22:32:15Z,DC-01,MGMT-01,ACME\kpatel,inventory.exe,445,allowed,17486,benign,routine network
NET-01610,2026-08-31T22:34:34Z,MGMT-01,MGMT-01,ACME\svc_patch,inventory.exe,443,allowed,34072,benign,routine network
NET-00588,2026-08-31T22:36:23Z,JUMP-01,APP-03,ACME\kpatel,patch-agent.exe,445,allowed,70492,benign,routine network
NET-01749,2026-08-31T22:42:44Z,APP-03,JUMP-01,NT AUTHORITY\SYSTEM,inventory.exe,5985,allowed,62405,benign,routine network
NET-01520,2026-08-31T22:43:48Z,JUMP-01,DC-01,ACME\kpatel,inventory.exe,445,allowed,41840,benign,routine network
NET-00613,2026-08-31T22:44:47Z,APP-03,FILE-02,ACME\admin.ops,inventory.exe,443,allowed,41408,benign,routine network
NET-00746,2026-08-31T22:49:43Z,PATCH-01,PATCH-01,ACME\kpatel,inventory.exe,5985,allowed,52418,benign,routine network
NET-00912,2026-08-31T22:55:48Z,DC-01,MGMT-01,ACME\admin.ops,inventory.exe,5985,allowed,56008,benign,routine network
NET-01017,2026-08-31T22:56:03Z,PATCH-01,203.0.113.55,ACME\kpatel,inventory.exe,5985,allowed,32547,benign,routine network
NET-00964,2026-08-31T23:04:46Z,MGMT-01,PATCH-01,ACME\admin.ops,System,445,allowed,538,benign,routine network
NET-01687,2026-08-31T23:08:32Z,JUMP-01,203.0.113.55,ACME\admin.ops,powershell.exe,445,allowed,73036,benign,routine network
NET-00981,2026-08-31T23:13:09Z,FILE-02,MGMT-01,ACME\kpatel,inventory.exe,53,allowed,41515,benign,routine network
NET-00892,2026-08-31T23:16:25Z,PATCH-01,HR-WS-22,ACME\svc_patch,System,53,allowed,53094,benign,routine network
NET-00309,2026-08-31T23:19:16Z,DC-01,APP-03,ACME\kpatel,System,53,allowed,68424,benign,routine network
NET-01510,2026-08-31T23:25:58Z,APP-03,JUMP-01,ACME\svc_patch,System,443,allowed,10474,benign,routine network
NET-00372,2026-08-31T23:28:13Z,HR-WS-22,HR-WS-22,NT AUTHORITY\SYSTEM,powershell.exe,445,allowed,73445,benign,routine network
NET-00687,2026-08-31T23:31:31Z,APP-03,MGMT-01,NT AUTHORITY\SYSTEM,inventory.exe,445,allowed,63553,benign,routine network
NET-00745,2026-08-31T23:32:04Z,MGMT-01,DC-01,ACME\admin.ops,System,53,allowed,73980,benign,routine network
NET-01189,2026-08-31T23:34:08Z,DC-01,APP-03,ACME\svc_patch,System,5985,allowed,64810,benign,routine network
NET-01655,2026-08-31T23:34:21Z,HR-WS-22,PATCH-01,NT AUTHORITY\SYSTEM,inventory.exe,443,allowed,59430,benign,routine network
NET-01015,2026-08-31T23:42:44Z,FILE-02,PATCH-01,ACME\kpatel,System,5985,allowed,45848,benign,routine network
NET-00904,2026-08-31T23:44:28Z,HR-WS-22,PATCH-01,NT AUTHORITY\SYSTEM,inventory.exe,445,allowed,12925,benign,routine network
NET-01043,2026-08-31T23:55:32Z,FILE-02,JUMP-01,ACME\svc_patch,patch-agent.exe,443,allowed,28833,benign,routine network
NET-01052,2026-08-31T23:56:31Z,PATCH-01,JUMP-01,ACME\kpatel,inventory.exe,53,allowed,10871,benign,routine network
NET-01304,2026-08-31T23:59:52Z,FILE-02,JUMP-01,ACME\jsmith,inventory.exe,5985,allowed,63852,benign,routine network
NET-01738,2026-09-01T00:08:17Z,DC-01,HR-WS-22,ACME\kpatel,patch-agent.exe,53,allowed,11094,benign,routine network
NET-00008,2026-09-01T00:09:53Z,FILE-02,FILE-02,ACME\kpatel,System,53,allowed,22430,benign,routine network
NET-01608,2026-09-01T00:15:59Z,HR-WS-22,APP-03,NT AUTHORITY\SYSTEM,inventory.exe,443,allowed,13974,benign,routine network
NET-00172,2026-09-01T00:17:15Z,FILE-02,MGMT-01,ACME\admin.ops,powershell.exe,443,allowed,57723,benign,routine network
NET-00135,2026-09-01T00:18:11Z,PATCH-01,MGMT-01,NT AUTHORITY\SYSTEM,patch-agent.exe,445,allowed,22825,benign,routine network
NET-01551,2026-09-01T00:20:40Z,JUMP-01,HR-WS-22,ACME\svc_patch,System,5985,allowed,74819,benign,routine network
NET-01177,2026-09-01T00:22:01Z,HR-WS-22,MGMT-01,ACME\jsmith,powershell.exe,443,allowed,8016,benign,routine network
NET-00280,2026-09-01T00:28:03Z,FILE-02,PATCH-01,ACME\svc_patch,System,443,allowed,31799,benign,routine network
NET-00080,2026-09-01T00:29:39Z,APP-03,HR-WS-22,ACME\svc_patch,patch-agent.exe,445,allowed,73918,benign,routine network
NET-00417,2026-09-01T00:30:20Z,MGMT-01,MGMT-01,ACME\admin.ops,System,445,allowed,31618,benign,routine network
NET-00084,2026-09-01T00:34:21Z,JUMP-01,JUMP-01,ACME\svc_patch,patch-agent.exe,53,allowed,40228,benign,routine network
NET-00479,2026-09-01T00:34:27Z,PATCH-01,JUMP-01,ACME\kpatel,patch-agent.exe,445,allowed,66346,benign,routine network
NET-00489,2026-09-01T00:38:48Z,FILE-02,APP-03,ACME\jsmith,System,53,allowed,68271,benign,routine network
NET-00862,2026-09-01T00:39:05Z,FILE-02,FILE-02,ACME\kpatel,patch-agent.exe,53,allowed,41192,benign,routine network
NET-01156,2026-09-01T00:40:48Z,APP-03,APP-03,ACME\jsmith,patch-agent.exe,443,allowed,71236,benign,routine network
NET-00991,2026-09-01T00:41:59Z,PATCH-01,HR-WS-22,ACME\admin.ops,inventory.exe,445,allowed,42172,benign,routine network
NET-01295,2026-09-01T00:45:39Z,JUMP-01,203.0.113.55,ACME\kpatel,patch-agent.exe,443,allowed,58379,benign,routine network
NET-01564,2026-09-01T00:50:41Z,DC-01,HR-WS-22,NT AUTHORITY\SYSTEM,inventory.exe,443,allowed,56822,benign,routine network
NET-01232,2026-09-01T01:01:20Z,PATCH-01,JUMP-01,ACME\admin.ops,System,53,allowed,49465,benign,routine network
NET-00940,2026-09-01T01:01:48Z,MGMT-01,203.0.113.55,NT AUTHORITY\SYSTEM,System,443,allowed,62851,benign,routine network
NET-01589,2026-09-01T01:05:13Z,PATCH-01,HR-WS-22,ACME\admin.ops,System,5985,allowed,35728,benign,routine network
NET-00161,2026-09-01T01:11:19Z,HR-WS-22,FILE-02,ACME\svc_patch,inventory.exe,445,allowed,18746,benign,routine network
NET-00982,2026-09-01T01:15:43Z,PATCH-01,HR-WS-22,NT AUTHORITY\SYSTEM,powershell.exe,443,allowed,60033,benign,routine network
NET-00959,2026-09-01T01:16:55Z,APP-03,MGMT-01,ACME\svc_patch,patch-agent.exe,5985,allowed,60147,benign,routine network
NET-00229,2026-09-01T01:31:52Z,MGMT-01,HR-WS-22,ACME\kpatel,System,445,allowed,65337,benign,routine network
NET-00776,2026-09-01T01:32:13Z,DC-01,203.0.113.55,NT AUTHORITY\SYSTEM,powershell.exe,443,allowed,74575,benign,routine network
NET-00812,2026-09-01T01:35:50Z,FILE-02,APP-03,NT AUTHORITY\SYSTEM,powershell.exe,53,allowed,17932,benign,routine network
NET-01283,2026-09-01T01:36:19Z,JUMP-01,MGMT-01,ACME\admin.ops,inventory.exe,445,allowed,47413,benign,routine network
NET-00857,2026-09-01T01:39:58Z,MGMT-01,FILE-02,ACME\admin.ops,powershell.exe,53,allowed,56230,benign,routine network
NET-01030,2026-09-01T01:46:56Z,MGMT-01,APP-03,ACME\svc_patch,System,445,allowed,77165,benign,routine network
NET-01136,2026-09-01T01:51:40Z,HR-WS-22,203.0.113.55,ACME\jsmith,patch-agent.exe,53,allowed,63809,benign,routine network
NET-00658,2026-09-01T01:56:12Z,HR-WS-22,203.0.113.55,NT AUTHORITY\SYSTEM,powershell.exe,445,allowed,69711,benign,routine network
NET-00695,2026-09-01T01:58:33Z,APP-03,FILE-02,ACME\kpatel,patch-agent.exe,53,allowed,39695,benign,routine network
NET-01719,2026-09-01T02:11:10Z,DC-01,DC-01,ACME\jsmith,System,53,allowed,4261,benign,routine network
NET-01757,2026-09-01T02:16:47Z,PATCH-01,FILE-02,ACME\jsmith,patch-agent.exe,445,allowed,59360,benign,routine network
NET-00778,2026-09-01T02:22:08Z,HR-WS-22,HR-WS-22,ACME\svc_patch,System,443,allowed,70543,benign,routine network
NET-01272,2026-09-01T02:24:40Z,APP-03,JUMP-01,NT AUTHORITY\SYSTEM,powershell.exe,445,allowed,44673,benign,routine network
NET-01240,2026-09-01T02:32:28Z,HR-WS-22,FILE-02,NT AUTHORITY\SYSTEM,patch-agent.exe,53,allowed,58277,benign,routine network
NET-01105,2026-09-01T02:37:40Z,APP-03,FILE-02,ACME\admin.ops,patch-agent.exe,445,allowed,34527,benign,routine network
NET-00656,2026-09-01T02:39:00Z,APP-03,203.0.113.55,ACME\jsmith,powershell.exe,5985,allowed,7126,benign,routine network
NET-01143,2026-09-01T02:42:15Z,PATCH-01,HR-WS-22,ACME\admin.ops,System,443,allowed,894,benign,routine network
NET-01421,2026-09-01T02:44:34Z,PATCH-01,MGMT-01,NT AUTHORITY\SYSTEM,powershell.exe,5985,allowed,56806,benign,routine network
NET-01484,2026-09-01T02:44:44Z,JUMP-01,APP-03,ACME\jsmith,patch-agent.exe,5985,allowed,41169,benign,routine network
NET-00389,2026-09-01T02:53:36Z,FILE-02,JUMP-01,ACME\kpatel,powershell.exe,5985,allowed,67366,benign,routine network
NET-00952,2026-09-01T02:54:22Z,APP-03,DC-01,NT AUTHORITY\SYSTEM,inventory.exe,443,allowed,32162,benign,routine network
NET-01579,2026-09-01T02:57:52Z,JUMP-01,DC-01,ACME\admin.ops,inventory.exe,443,allowed,48352,benign,routine network
NET-01085,2026-09-01T03:00:12Z,DC-01,PATCH-01,NT AUTHORITY\SYSTEM,powershell.exe,445,allowed,62688,benign,routine network
NET-01574,2026-09-01T03:01:06Z,APP-03,203.0.113.55,ACME\jsmith,System,445,allowed,3412,benign,routine network
NET-01712,2026-09-01T03:02:44Z,DC-01,FILE-02,ACME\jsmith,System,53,allowed,29208,benign,routine network
NET-00720,2026-09-01T03:04:43Z,HR-WS-22,APP-03,ACME\kpatel,System,5985,allowed,685,benign,routine network
NET-01661,2026-09-01T03:06:06Z,DC-01,MGMT-01,ACME\svc_patch,inventory.exe,445,allowed,37438,benign,routine network
NET-01441,2026-09-01T03:08:49Z,PATCH-01,PATCH-01,ACME\jsmith,patch-agent.exe,443,allowed,25813,benign,routine network
NET-01486,2026-09-01T03:14:05Z,HR-WS-22,PATCH-01,ACME\kpatel,System,445,allowed,35421,benign,routine network
NET-00444,2026-09-01T03:24:34Z,HR-WS-22,HR-WS-22,ACME\admin.ops,inventory.exe,5985,allowed,4533,benign,routine network
NET-01552,2026-09-01T03:25:57Z,FILE-02,DC-01,ACME\jsmith,System,443,allowed,52473,benign,routine network
NET-00931,2026-09-01T03:28:07Z,FILE-02,FILE-02,NT AUTHORITY\SYSTEM,inventory.exe,53,allowed,49181,benign,routine network
NET-00364,2026-09-01T03:31:15Z,DC-01,203.0.113.55,ACME\jsmith,patch-agent.exe,445,allowed,1527,benign,routine network
NET-01469,2026-09-01T03:31:35Z,MGMT-01,FILE-02,NT AUTHORITY\SYSTEM,patch-agent.exe,5985,allowed,54401,benign,routine network
NET-00154,2026-09-01T03:32:01Z,MGMT-01,PATCH-01,ACME\admin.ops,inventory.exe,5985,allowed,19277,benign,routine network
NET-01545,2026-09-01T03:32:55Z,PATCH-01,DC-01,ACME\svc_patch,inventory.exe,5985,allowed,28036,benign,routine network
NET-00308,2026-09-01T03:35:03Z,HR-WS-22,APP-03,NT AUTHORITY\SYSTEM,System,5985,allowed,48184,benign,routine network
NET-00272,2026-09-01T03:36:03Z,FILE-02,JUMP-01,ACME\admin.ops,inventory.exe,53,allowed,14527,benign,routine network
NET-00208,2026-09-01T03:39:18Z,PATCH-01,FILE-02,NT AUTHORITY\SYSTEM,System,443,allowed,21569,benign,routine network
NET-01242,2026-09-01T03:49:20Z,JUMP-01,HR-WS-22,ACME\admin.ops,powershell.exe,443,allowed,27052,benign,routine network
NET-01370,2026-09-01T03:50:28Z,HR-WS-22,203.0.113.55,ACME\kpatel,patch-agent.exe,5985,allowed,52531,benign,routine network
NET-00783,2026-09-01T03:51:14Z,JUMP-01,MGMT-01,ACME\admin.ops,powershell.exe,445,allowed,27644,benign,routine network
NET-01605,2026-09-01T03:59:01Z,MGMT-01,APP-03,NT AUTHORITY\SYSTEM,powershell.exe,445,allowed,42429,benign,routine network
NET-00394,2026-09-01T04:01:33Z,MGMT-01,FILE-02,ACME\svc_patch,inventory.exe,443,allowed,57823,benign,routine network
NET-00230,2026-09-01T04:10:05Z,PATCH-01,PATCH-01,ACME\svc_patch,powershell.exe,5985,allowed,30697,benign,routine network
NET-00945,2026-09-01T04:12:58Z,PATCH-01,PATCH-01,ACME\kpatel,patch-agent.exe,443,allowed,29647,benign,routine network
NET-01495,2026-09-01T04:21:52Z,FILE-02,PATCH-01,NT AUTHORITY\SYSTEM,patch-agent.exe,445,allowed,18746,benign,routine network
NET-00980,2026-09-01T04:26:52Z,PATCH-01,FILE-02,NT AUTHORITY\SYSTEM,System,53,allowed,77056,benign,routine network
NET-01316,2026-09-01T04:26:52Z,FILE-02,APP-03,ACME\svc_patch,inventory.exe,5985,allowed,42458,benign,routine network
NET-01588,2026-09-01T04:38:59Z,PATCH-01,HR-WS-22,ACME\jsmith,powershell.exe,445,allowed,6981,benign,routine network
NET-01682,2026-09-01T04:40:31Z,FILE-02,APP-03,ACME\jsmith,powershell.exe,445,allowed,13552,benign,routine network
NET-00144,2026-09-01T04:43:02Z,APP-03,APP-03,NT AUTHORITY\SYSTEM,patch-agent.exe,5985,allowed,14943,benign,routine network
NET-00140,2026-09-01T04:53:38Z,MGMT-01,JUMP-01,ACME\svc_patch,powershell.exe,443,allowed,24849,benign,routine network
NET-00304,2026-09-01T05:03:03Z,JUMP-01,203.0.113.55,NT AUTHORITY\SYSTEM,System,5985,allowed,12673,benign,routine network
NET-01341,2026-09-01T05:03:54Z,DC-01,HR-WS-22,NT AUTHORITY\SYSTEM,inventory.exe,53,allowed,13780,benign,routine network
NET-00171,2026-09-01T05:05:39Z,DC-01,PATCH-01,NT AUTHORITY\SYSTEM,System,53,allowed,47045,benign,routine network
NET-00440,2026-09-01T05:07:47Z,PATCH-01,FILE-02,ACME\jsmith,patch-agent.exe,445,allowed,41663,benign,routine network
NET-00889,2026-09-01T05:12:52Z,HR-WS-22,DC-01,ACME\kpatel,patch-agent.exe,443,allowed,35581,benign,routine network
NET-01120,2026-09-01T05:13:13Z,APP-03,MGMT-01,ACME\svc_patch,powershell.exe,445,allowed,44286,benign,routine network
NET-00653,2026-09-01T05:15:24Z,FILE-02,JUMP-01,ACME\svc_patch,inventory.exe,445,allowed,77040,benign,routine network
NET-00278,2026-09-01T05:15:35Z,FILE-02,FILE-02,ACME\kpatel,powershell.exe,5985,allowed,12920,benign,routine network
NET-01121,2026-09-01T05:15:49Z,HR-WS-22,APP-03,ACME\kpatel,patch-agent.exe,443,allowed,18992,benign,routine network
NET-01494,2026-09-01T05:18:31Z,HR-WS-22,DC-01,ACME\jsmith,powershell.exe,443,allowed,70282,benign,routine network
NET-00522,2026-09-01T05:20:48Z,JUMP-01,FILE-02,ACME\jsmith,inventory.exe,445,allowed,33815,benign,routine network
NET-01286,2026-09-01T05:21:37Z,DC-01,DC-01,ACME\kpatel,powershell.exe,5985,allowed,70350,benign,routine network
NET-00312,2026-09-01T05:22:16Z,PATCH-01,FILE-02,ACME\kpatel,inventory.exe,5985,allowed,68289,benign,routine network
NET-00649,2026-09-01T05:23:46Z,PATCH-01,PATCH-01,ACME\admin.ops,powershell.exe,443,allowed,1990,benign,routine network
NET-01006,2026-09-01T05:25:58Z,FILE-02,HR-WS-22,ACME\svc_patch,System,445,allowed,74214,benign,routine network
NET-00184,2026-09-01T05:38:01Z,HR-WS-22,FILE-02,NT AUTHORITY\SYSTEM,inventory.exe,53,allowed,78612,benign,routine network
NET-00404,2026-09-01T05:41:51Z,PATCH-01,203.0.113.55,ACME\admin.ops,powershell.exe,53,allowed,51270,benign,routine network
NET-01743,2026-09-01T05:47:42Z,APP-03,203.0.113.55,ACME\svc_patch,System,443,allowed,58458,benign,routine network
NET-01324,2026-09-01T06:00:41Z,MGMT-01,DC-01,NT AUTHORITY\SYSTEM,patch-agent.exe,53,allowed,55227,benign,routine network
NET-00420,2026-09-01T06:00:46Z,FILE-02,DC-01,ACME\admin.ops,inventory.exe,5985,allowed,49584,benign,routine network
NET-01699,2026-09-01T06:05:06Z,DC-01,203.0.113.55,ACME\jsmith,System,53,allowed,70187,benign,routine network
NET-01617,2026-09-01T06:15:41Z,FILE-02,203.0.113.55,NT AUTHORITY\SYSTEM,patch-agent.exe,445,allowed,25433,benign,routine network
NET-01202,2026-09-01T06:20:15Z,MGMT-01,FILE-02,NT AUTHORITY\SYSTEM,System,443,allowed,74343,benign,routine network
NET-00854,2026-09-01T06:26:46Z,PATCH-01,HR-WS-22,ACME\admin.ops,inventory.exe,443,allowed,58320,benign,routine network
NET-01259,2026-09-01T06:32:55Z,HR-WS-22,MGMT-01,ACME\jsmith,patch-agent.exe,445,allowed,33024,benign,routine network
NET-01020,2026-09-01T06:35:52Z,HR-WS-22,203.0.113.55,ACME\svc_patch,patch-agent.exe,5985,allowed,58353,benign,routine network
NET-00722,2026-09-01T06:41:02Z,JUMP-01,MGMT-01,NT AUTHORITY\SYSTEM,inventory.exe,5985,allowed,42833,benign,routine network
NET-01561,2026-09-01T06:48:46Z,HR-WS-22,203.0.113.55,NT AUTHORITY\SYSTEM,patch-agent.exe,443,allowed,42207,benign,routine network
NET-00894,2026-09-01T06:54:24Z,MGMT-01,APP-03,ACME\kpatel,patch-agent.exe,443,allowed,3056,benign,routine network
NET-01147,2026-09-01T06:54:37Z,APP-03,JUMP-01,ACME\jsmith,System,445,allowed,77400,benign,routine network
NET-00342,2026-09-01T07:01:18Z,FILE-02,HR-WS-22,NT AUTHORITY\SYSTEM,patch-agent.exe,53,allowed,62477,benign,routine network
NET-00379,2026-09-01T07:02:09Z,APP-03,203.0.113.55,NT AUTHORITY\SYSTEM,patch-agent.exe,445,allowed,34722,benign,routine network
NET-00807,2026-09-01T07:09:27Z,DC-01,FILE-02,NT AUTHORITY\SYSTEM,patch-agent.exe,5985,allowed,78842,benign,routine network
NET-01586,2026-09-01T07:16:05Z,MGMT-01,PATCH-01,ACME\kpatel,powershell.exe,445,allowed,70987,benign,routine network
NET-00704,2026-09-01T07:18:17Z,APP-03,DC-01,ACME\kpatel,inventory.exe,445,allowed,34640,benign,routine network
NET-01226,2026-09-01T07:18:31Z,DC-01,PATCH-01,ACME\svc_patch,powershell.exe,445,allowed,5916,benign,routine network
NET-00187,2026-09-01T07:23:19Z,DC-01,FILE-02,ACME\kpatel,powershell.exe,53,allowed,22132,benign,routine network
NET-00475,2026-09-01T07:26:23Z,APP-03,APP-03,NT AUTHORITY\SYSTEM,inventory.exe,445,allowed,70675,benign,routine network
NET-00236,2026-09-01T07:26:40Z,MGMT-01,APP-03,ACME\jsmith,patch-agent.exe,443,allowed,7193,benign,routine network
NET-01153,2026-09-01T07:31:04Z,APP-03,HR-WS-22,ACME\jsmith,patch-agent.exe,5985,allowed,21404,benign,routine network
NET-00251,2026-09-01T07:34:02Z,DC-01,APP-03,NT AUTHORITY\SYSTEM,inventory.exe,53,allowed,76669,benign,routine network
NET-01656,2026-09-01T07:34:15Z,MGMT-01,203.0.113.55,ACME\jsmith,System,53,allowed,50495,benign,routine network
NET-00441,2026-09-01T07:37:04Z,JUMP-01,PATCH-01,ACME\kpatel,System,5985,allowed,1375,benign,routine network
NET-00715,2026-09-01T07:37:16Z,MGMT-01,MGMT-01,ACME\admin.ops,powershell.exe,445,allowed,8238,benign,routine network
NET-01593,2026-09-01T07:45:30Z,JUMP-01,DC-01,ACME\jsmith,System,5985,allowed,68740,benign,routine network
NET-01426,2026-09-01T07:46:59Z,MGMT-01,MGMT-01,ACME\jsmith,patch-agent.exe,445,allowed,71484,benign,routine network
NET-01079,2026-09-01T07:49:42Z,MGMT-01,PATCH-01,ACME\jsmith,patch-agent.exe,5985,allowed,69105,benign,routine network
NET-00113,2026-09-01T07:55:53Z,DC-01,203.0.113.55,ACME\jsmith,System,53,allowed,68284,benign,routine network
NET-01328,2026-09-01T07:58:23Z,PATCH-01,APP-03,ACME\admin.ops,System,443,allowed,38872,benign,routine network
NET-00516,2026-09-01T08:06:32Z,FILE-02,FILE-02,ACME\admin.ops,patch-agent.exe,5985,allowed,5132,benign,routine network
NET-00723,2026-09-01T08:12:15Z,FILE-02,FILE-02,ACME\admin.ops,patch-agent.exe,445,allowed,7433,benign,routine network
NET-00375,2026-09-01T08:12:33Z,HR-WS-22,APP-03,ACME\admin.ops,patch-agent.exe,53,allowed,18938,benign,routine network
NET-00561,2026-09-01T08:17:17Z,MGMT-01,203.0.113.55,NT AUTHORITY\SYSTEM,powershell.exe,443,allowed,44447,benign,routine network
NET-01392,2026-09-01T08:24:11Z,PATCH-01,203.0.113.55,NT AUTHORITY\SYSTEM,inventory.exe,53,allowed,77529,benign,routine network
NET-00699,2026-09-01T08:29:28Z,APP-03,MGMT-01,ACME\admin.ops,powershell.exe,5985,allowed,9197,benign,routine network
NET-00087,2026-09-01T08:36:19Z,PATCH-01,HR-WS-22,ACME\admin.ops,patch-agent.exe,53,allowed,18806,benign,routine network
NET-00895,2026-09-01T08:38:17Z,APP-03,203.0.113.55,ACME\admin.ops,System,445,allowed,58852,benign,routine network
NET-00874,2026-09-01T08:42:22Z,PATCH-01,MGMT-01,ACME\svc_patch,inventory.exe,53,allowed,13630,benign,routine network
NET-00347,2026-09-01T08:43:11Z,MGMT-01,PATCH-01,NT AUTHORITY\SYSTEM,patch-agent.exe,445,allowed,18654,benign,routine network
NET-00476,2026-09-01T08:43:13Z,HR-WS-22,DC-01,ACME\kpatel,powershell.exe,443,allowed,14590,benign,routine network
NET-01476,2026-09-01T08:45:19Z,APP-03,PATCH-01,NT AUTHORITY\SYSTEM,powershell.exe,443,allowed,48367,benign,routine network
NET-01378,2026-09-01T08:48:44Z,HR-WS-22,HR-WS-22,ACME\jsmith,inventory.exe,443,allowed,53428,benign,routine network
NET-00474,2026-09-01T08:50:16Z,APP-03,APP-03,ACME\kpatel,patch-agent.exe,443,allowed,61659,benign,routine network
NET-00206,2026-09-01T08:59:02Z,APP-03,MGMT-01,NT AUTHORITY\SYSTEM,System,443,allowed,48510,benign,routine network
NET-00150,2026-09-01T09:00:41Z,FILE-02,203.0.113.55,NT AUTHORITY\SYSTEM,patch-agent.exe,445,allowed,50278,benign,routine network
NET-01524,2026-09-01T09:01:48Z,PATCH-01,APP-03,NT AUTHORITY\SYSTEM,System,445,allowed,71380,benign,routine network
NET-01005,2026-09-01T09:07:36Z,MGMT-01,PATCH-01,ACME\svc_patch,patch-agent.exe,53,allowed,65524,benign,routine network
NET-00106,2026-09-01T09:09:55Z,APP-03,FILE-02,ACME\admin.ops,patch-agent.exe,53,allowed,33703,benign,routine network
NET-00808,2026-09-01T09:12:32Z,JUMP-01,APP-03,ACME\kpatel,powershell.exe,53,allowed,31743,benign,routine network
NET-01310,2026-09-01T09:13:32Z,MGMT-01,DC-01,ACME\jsmith,inventory.exe,443,allowed,31690,benign,routine network
NET-01525,2026-09-01T09:19:36Z,DC-01,DC-01,ACME\admin.ops,System,445,allowed,13648,benign,routine network
NET-01406,2026-09-01T09:22:59Z,APP-03,MGMT-01,NT AUTHORITY\SYSTEM,powershell.exe,445,allowed,47780,benign,routine network
NET-00903,2026-09-01T09:24:13Z,HR-WS-22,JUMP-01,ACME\kpatel,System,443,allowed,58179,benign,routine network
NET-00810,2026-09-01T09:24:16Z,HR-WS-22,HR-WS-22,ACME\svc_patch,patch-agent.exe,443,allowed,22368,benign,routine network
NET-00466,2026-09-01T09:28:53Z,PATCH-01,DC-01,ACME\svc_patch,patch-agent.exe,53,allowed,17813,benign,routine network
NET-01466,2026-09-01T09:29:38Z,PATCH-01,203.0.113.55,ACME\kpatel,inventory.exe,443,allowed,65499,benign,routine network
NET-00714,2026-09-01T09:35:42Z,MGMT-01,HR-WS-22,NT AUTHORITY\SYSTEM,powershell.exe,53,allowed,69669,benign,routine network
NET-00813,2026-09-01T09:37:16Z,MGMT-01,MGMT-01,ACME\kpatel,inventory.exe,443,allowed,15135,benign,routine network
NET-00202,2026-09-01T09:38:21Z,DC-01,HR-WS-22,NT AUTHORITY\SYSTEM,patch-agent.exe,443,allowed,65317,benign,routine network
NET-00839,2026-09-01T09:38:47Z,MGMT-01,MGMT-01,ACME\jsmith,System,5985,allowed,12093,benign,routine network
NET-01771,2026-09-01T09:41:59Z,APP-03,APP-03,ACME\admin.ops,patch-agent.exe,443,allowed,38526,benign,routine network
NET-01688,2026-09-01T09:53:22Z,MGMT-01,DC-01,ACME\admin.ops,patch-agent.exe,443,allowed,25643,benign,routine network
NET-00902,2026-09-01T10:00:16Z,PATCH-01,203.0.113.55,ACME\jsmith,patch-agent.exe,445,allowed,8557,benign,routine network
NET-00010,2026-09-01T10:00:43Z,FILE-02,APP-03,NT AUTHORITY\SYSTEM,inventory.exe,443,allowed,5748,benign,routine network
NET-00066,2026-09-01T10:11:16Z,APP-03,HR-WS-22,ACME\admin.ops,System,445,allowed,73913,benign,routine network
NET-00279,2026-09-01T10:11:59Z,APP-03,MGMT-01,ACME\kpatel,patch-agent.exe,445,allowed,22956,benign,routine network
NET-00966,2026-09-01T10:20:05Z,MGMT-01,FILE-02,ACME\svc_patch,System,53,allowed,2786,benign,routine network
NET-00326,2026-09-01T10:26:06Z,HR-WS-22,MGMT-01,ACME\admin.ops,powershell.exe,443,allowed,25025,benign,routine network
NET-00275,2026-09-01T10:26:12Z,HR-WS-22,DC-01,NT AUTHORITY\SYSTEM,System,445,allowed,13086,benign,routine network
NET-00843,2026-09-01T10:26:40Z,DC-01,JUMP-01,ACME\admin.ops,patch-agent.exe,445,allowed,57713,benign,routine network
NET-00906,2026-09-01T10:28:44Z,APP-03,PATCH-01,ACME\admin.ops,patch-agent.exe,445,allowed,57784,benign,routine network
NET-00786,2026-09-01T10:33:38Z,DC-01,PATCH-01,ACME\kpatel,powershell.exe,443,allowed,33982,benign,routine network
NET-00974,2026-09-01T10:34:17Z,PATCH-01,203.0.113.55,ACME\kpatel,System,443,allowed,56582,benign,routine network
NET-00821,2026-09-01T10:35:57Z,HR-WS-22,APP-03,ACME\admin.ops,powershell.exe,443,allowed,40544,benign,routine network
NET-00515,2026-09-01T10:40:42Z,HR-WS-22,FILE-02,NT AUTHORITY\SYSTEM,powershell.exe,445,allowed,40411,benign,routine network
NET-01382,2026-09-01T11:02:40Z,DC-01,HR-WS-22,ACME\jsmith,patch-agent.exe,53,allowed,70396,benign,routine network
NET-00705,2026-09-01T11:08:29Z,MGMT-01,APP-03,NT AUTHORITY\SYSTEM,inventory.exe,445,allowed,22040,benign,routine network
NET-01636,2026-09-01T11:09:05Z,MGMT-01,203.0.113.55,NT AUTHORITY\SYSTEM,inventory.exe,445,allowed,59552,benign,routine network
NET-01230,2026-09-01T11:16:01Z,HR-WS-22,PATCH-01,ACME\admin.ops,powershell.exe,443,allowed,54434,benign,routine network
NET-01556,2026-09-01T11:19:27Z,PATCH-01,APP-03,NT AUTHORITY\SYSTEM,powershell.exe,53,allowed,40031,benign,routine network
NET-00909,2026-09-01T11:22:01Z,APP-03,FILE-02,ACME\admin.ops,inventory.exe,443,allowed,26690,benign,routine network
NET-00597,2026-09-01T11:24:58Z,FILE-02,FILE-02,ACME\jsmith,powershell.exe,445,allowed,30131,benign,routine network
NET-01019,2026-09-01T11:27:30Z,HR-WS-22,DC-01,ACME\kpatel,inventory.exe,443,allowed,44824,benign,routine network
NET-01239,2026-09-01T11:27:34Z,MGMT-01,APP-03,ACME\admin.ops,System,53,allowed,21319,benign,routine network
NET-01154,2026-09-01T11:34:31Z,MGMT-01,DC-01,ACME\admin.ops,inventory.exe,445,allowed,53695,benign,routine network
NET-01263,2026-09-01T11:34:35Z,JUMP-01,HR-WS-22,ACME\svc_patch,powershell.exe,5985,allowed,10194,benign,routine network
NET-01614,2026-09-01T11:44:17Z,FILE-02,203.0.113.55,ACME\kpatel,patch-agent.exe,443,allowed,56638,benign,routine network
NET-00077,2026-09-01T11:45:22Z,FILE-02,MGMT-01,ACME\admin.ops,inventory.exe,5985,allowed,9865,benign,routine network
NET-01599,2026-09-01T11:47:16Z,PATCH-01,APP-03,NT AUTHORITY\SYSTEM,System,443,allowed,33829,benign,routine network
NET-00092,2026-09-01T12:08:15Z,DC-01,APP-03,ACME\admin.ops,powershell.exe,5985,allowed,77064,benign,routine network
NET-00769,2026-09-01T12:09:43Z,APP-03,APP-03,ACME\svc_patch,System,53,allowed,15797,benign,routine network
NET-01160,2026-09-01T12:13:29Z,DC-01,HR-WS-22,ACME\kpatel,inventory.exe,53,allowed,21361,benign,routine network
NET-00191,2026-09-01T12:14:20Z,DC-01,JUMP-01,ACME\kpatel,powershell.exe,53,allowed,29747,benign,routine network
NET-01700,2026-09-01T12:18:22Z,FILE-02,HR-WS-22,ACME\kpatel,patch-agent.exe,5985,allowed,15679,benign,routine network
NET-01010,2026-09-01T12:24:19Z,JUMP-01,JUMP-01,ACME\admin.ops,inventory.exe,5985,allowed,69541,benign,routine network
NET-01522,2026-09-01T12:26:24Z,PATCH-01,203.0.113.55,ACME\admin.ops,powershell.exe,443,allowed,16902,benign,routine network
NET-00365,2026-09-01T12:27:46Z,HR-WS-22,JUMP-01,ACME\admin.ops,inventory.exe,445,allowed,5109,benign,routine network
NET-00103,2026-09-01T12:33:39Z,DC-01,PATCH-01,ACME\svc_patch,inventory.exe,5985,allowed,59075,benign,routine network
NET-00939,2026-09-01T12:34:12Z,HR-WS-22,FILE-02,ACME\admin.ops,inventory.exe,445,allowed,8951,benign,routine network
NET-01214,2026-09-01T12:41:04Z,APP-03,PATCH-01,ACME\svc_patch,powershell.exe,53,allowed,10941,benign,routine network
NET-01249,2026-09-01T12:41:32Z,JUMP-01,DC-01,ACME\admin.ops,patch-agent.exe,53,allowed,41583,benign,routine network
NET-01616,2026-09-01T12:42:16Z,MGMT-01,FILE-02,ACME\kpatel,patch-agent.exe,53,allowed,43180,benign,routine network
NET-01766,2026-09-01T12:45:04Z,DC-01,JUMP-01,ACME\admin.ops,patch-agent.exe,5985,allowed,63422,benign,routine network
NET-01502,2026-09-01T12:46:06Z,JUMP-01,JUMP-01,NT AUTHORITY\SYSTEM,inventory.exe,443,allowed,73421,benign,routine network
NET-00795,2026-09-01T12:46:50Z,JUMP-01,203.0.113.55,ACME\svc_patch,patch-agent.exe,53,allowed,61868,benign,routine network
NET-00025,2026-09-01T12:48:28Z,PATCH-01,HR-WS-22,ACME\jsmith,System,443,allowed,21629,benign,routine network
NET-00883,2026-09-01T12:52:43Z,APP-03,JUMP-01,ACME\admin.ops,powershell.exe,445,allowed,10475,benign,routine network
NET-00619,2026-09-01T13:00:16Z,PATCH-01,MGMT-01,ACME\kpatel,powershell.exe,443,allowed,40830,benign,routine network
NET-01040,2026-09-01T13:01:27Z,PATCH-01,MGMT-01,NT AUTHORITY\SYSTEM,inventory.exe,443,allowed,13950,benign,routine network
NET-00049,2026-09-01T13:07:31Z,HR-WS-22,FILE-02,ACME\admin.ops,patch-agent.exe,5985,allowed,3499,benign,routine network
NET-01798,2026-09-01T13:11:05Z,HR-WS-22,PATCH-01,ACME\kpatel,System,53,allowed,68387,benign,routine network
NET-01270,2026-09-01T13:13:45Z,HR-WS-22,MGMT-01,ACME\admin.ops,inventory.exe,443,allowed,59464,benign,routine network
NET-01007,2026-09-01T13:22:21Z,JUMP-01,HR-WS-22,NT AUTHORITY\SYSTEM,inventory.exe,53,allowed,53733,benign,routine network
NET-01606,2026-09-01T13:23:53Z,PATCH-01,FILE-02,ACME\svc_patch,System,443,allowed,52937,benign,routine network
NET-00609,2026-09-01T13:27:18Z,FILE-02,PATCH-01,ACME\kpatel,System,445,allowed,57540,benign,routine network
NET-00072,2026-09-01T13:29:58Z,MGMT-01,PATCH-01,NT AUTHORITY\SYSTEM,System,5985,allowed,50180,benign,routine network
NET-00227,2026-09-01T13:35:50Z,PATCH-01,JUMP-01,ACME\kpatel,patch-agent.exe,445,allowed,31465,benign,routine network
NET-00703,2026-09-01T13:36:27Z,FILE-02,APP-03,ACME\svc_patch,inventory.exe,443,allowed,66764,benign,routine network
NET-00615,2026-09-01T13:36:29Z,DC-01,DC-01,ACME\admin.ops,System,5985,allowed,45441,benign,routine network
NET-01663,2026-09-01T13:37:44Z,HR-WS-22,MGMT-01,NT AUTHORITY\SYSTEM,System,445,allowed,34018,benign,routine network
NET-00956,2026-09-01T13:42:11Z,DC-01,MGMT-01,ACME\jsmith,powershell.exe,445,allowed,46311,benign,routine network
NET-01312,2026-09-01T13:45:48Z,DC-01,HR-WS-22,ACME\svc_patch,System,5985,allowed,67428,benign,routine network
NET-01352,2026-09-01T13:49:43Z,HR-WS-22,FILE-02,ACME\kpatel,System,5985,allowed,72557,benign,routine network
NET-01145,2026-09-01T13:51:12Z,FILE-02,203.0.113.55,ACME\svc_patch,inventory.exe,445,allowed,27500,benign,routine network
NET-00424,2026-09-01T13:54:46Z,HR-WS-22,JUMP-01,ACME\jsmith,patch-agent.exe,5985,allowed,42912,benign,routine network
NET-00900,2026-09-01T13:54:46Z,FILE-02,FILE-02,ACME\svc_patch,System,443,allowed,29727,benign,routine network
NET-00606,2026-09-01T14:00:05Z,HR-WS-22,PATCH-01,NT AUTHORITY\SYSTEM,inventory.exe,53,allowed,63849,benign,routine network
NET-01455,2026-09-01T14:00:40Z,MGMT-01,MGMT-01,NT AUTHORITY\SYSTEM,powershell.exe,445,allowed,41926,benign,routine network
NET-00577,2026-09-01T14:01:43Z,PATCH-01,PATCH-01,NT AUTHORITY\SYSTEM,inventory.exe,443,allowed,62532,benign,routine network
NET-01703,2026-09-01T14:01:56Z,FILE-02,203.0.113.55,NT AUTHORITY\SYSTEM,System,53,allowed,61207,benign,routine network
NET-00729,2026-09-01T14:02:24Z,PATCH-01,APP-03,ACME\jsmith,powershell.exe,5985,allowed,20060,benign,routine network
NET-00017,2026-09-01T14:02:44Z,HR-WS-22,PATCH-01,ACME\admin.ops,powershell.exe,445,allowed,17744,benign,routine network
NET-00762,2026-09-01T14:05:22Z,JUMP-01,MGMT-01,ACME\svc_patch,patch-agent.exe,5985,allowed,67017,benign,routine network
NET-00127,2026-09-01T14:06:19Z,DC-01,JUMP-01,ACME\admin.ops,System,53,allowed,62727,benign,routine network
NET-00976,2026-09-01T14:08:56Z,PATCH-01,HR-WS-22,ACME\admin.ops,patch-agent.exe,443,allowed,58898,benign,routine network
NET-00004,2026-09-01T14:09:40Z,FILE-02,JUMP-01,ACME\jsmith,System,445,allowed,1697,benign,routine network
NET-00156,2026-09-01T14:14:44Z,HR-WS-22,MGMT-01,ACME\admin.ops,patch-agent.exe,53,allowed,60080,benign,routine network
NET-00834,2026-09-01T14:15:54Z,APP-03,MGMT-01,ACME\svc_patch,System,443,allowed,17339,benign,routine network
NET-00634,2026-09-01T14:16:38Z,JUMP-01,FILE-02,ACME\svc_patch,patch-agent.exe,53,allowed,59384,benign,routine network
NET-00027,2026-09-01T14:17:27Z,DC-01,MGMT-01,ACME\jsmith,powershell.exe,443,allowed,22743,benign,routine network
NET-00539,2026-09-01T14:18:07Z,MGMT-01,MGMT-01,ACME\kpatel,patch-agent.exe,443,allowed,53109,benign,routine network
NET-00815,2026-09-01T14:19:49Z,DC-01,203.0.113.55,NT AUTHORITY\SYSTEM,inventory.exe,5985,allowed,23279,benign,routine network
NET-00584,2026-09-01T14:26:05Z,JUMP-01,APP-03,NT AUTHORITY\SYSTEM,System,53,allowed,37025,benign,routine network
NET-01499,2026-09-01T14:40:55Z,PATCH-01,203.0.113.55,ACME\jsmith,powershell.exe,5985,allowed,59676,benign,routine network
NET-00039,2026-09-01T14:51:25Z,HR-WS-22,FILE-02,ACME\jsmith,System,445,allowed,60937,benign,routine network
NET-00944,2026-09-01T14:54:14Z,APP-03,APP-03,ACME\jsmith,patch-agent.exe,5985,allowed,75276,benign,routine network
NET-00971,2026-09-01T15:05:00Z,APP-03,PATCH-01,ACME\admin.ops,powershell.exe,445,allowed,64331,benign,routine network
NET-00412,2026-09-01T15:12:39Z,FILE-02,203.0.113.55,ACME\svc_patch,System,445,allowed,21483,benign,routine network
NET-00067,2026-09-01T15:17:10Z,PATCH-01,203.0.113.55,ACME\jsmith,patch-agent.exe,5985,allowed,4377,benign,routine network
NET-01100,2026-09-01T15:17:15Z,APP-03,MGMT-01,NT AUTHORITY\SYSTEM,powershell.exe,5985,allowed,30100,benign,routine network
NET-01142,2026-09-01T15:17:37Z,MGMT-01,203.0.113.55,ACME\admin.ops,powershell.exe,445,allowed,50333,benign,routine network
NET-01170,2026-09-01T15:22:23Z,PATCH-01,203.0.113.55,ACME\admin.ops,powershell.exe,445,allowed,60634,benign,routine network
NET-01490,2026-09-01T15:27:01Z,PATCH-01,HR-WS-22,NT AUTHORITY\SYSTEM,System,443,allowed,6129,benign,routine network
NET-00315,2026-09-01T15:35:58Z,APP-03,APP-03,ACME\svc_patch,powershell.exe,5985,allowed,63151,benign,routine network
NET-00899,2026-09-01T15:37:48Z,APP-03,HR-WS-22,NT AUTHORITY\SYSTEM,powershell.exe,5985,allowed,10359,benign,routine network
NET-01186,2026-09-01T15:38:26Z,JUMP-01,HR-WS-22,ACME\admin.ops,powershell.exe,5985,allowed,47112,benign,routine network
NET-00133,2026-09-01T15:38:43Z,HR-WS-22,203.0.113.55,ACME\svc_patch,inventory.exe,443,allowed,21950,benign,routine network
NET-01180,2026-09-01T15:41:57Z,PATCH-01,HR-WS-22,ACME\admin.ops,powershell.exe,445,allowed,51333,benign,routine network
NET-01290,2026-09-01T15:42:21Z,JUMP-01,203.0.113.55,NT AUTHORITY\SYSTEM,System,445,allowed,71766,benign,routine network
NET-00240,2026-09-01T16:01:40Z,DC-01,PATCH-01,ACME\kpatel,System,445,allowed,5428,benign,routine network
NET-01778,2026-09-01T16:03:20Z,APP-03,203.0.113.55,ACME\admin.ops,System,443,allowed,23791,benign,routine network
NET-00370,2026-09-01T16:07:46Z,HR-WS-22,JUMP-01,NT AUTHORITY\SYSTEM,inventory.exe,443,allowed,78330,benign,routine network
NET-01443,2026-09-01T16:12:44Z,MGMT-01,JUMP-01,ACME\jsmith,powershell.exe,53,allowed,66836,benign,routine network
NET-01708,2026-09-01T16:13:00Z,HR-WS-22,HR-WS-22,ACME\jsmith,System,5985,allowed,5134,benign,routine network
NET-01387,2026-09-01T16:14:34Z,JUMP-01,DC-01,ACME\jsmith,System,53,allowed,79646,benign,routine network
NET-00422,2026-09-01T16:18:31Z,DC-01,DC-01,ACME\admin.ops,powershell.exe,443,allowed,75626,benign,routine network
NET-01745,2026-09-01T16:19:20Z,HR-WS-22,JUMP-01,ACME\svc_patch,powershell.exe,443,allowed,9755,benign,routine network
NET-00582,2026-09-01T16:33:00Z,FILE-02,MGMT-01,ACME\admin.ops,inventory.exe,5985,allowed,10017,benign,routine network
NET-00911,2026-09-01T16:33:35Z,FILE-02,DC-01,ACME\svc_patch,powershell.exe,5985,allowed,46878,benign,routine network
NET-01047,2026-09-01T16:34:24Z,HR-WS-22,APP-03,ACME\jsmith,inventory.exe,53,allowed,23024,benign,routine network
NET-00719,2026-09-01T16:50:01Z,JUMP-01,HR-WS-22,ACME\svc_patch,patch-agent.exe,443,allowed,312,benign,routine network
NET-00159,2026-09-01T16:50:36Z,MGMT-01,JUMP-01,ACME\jsmith,inventory.exe,5985,allowed,65136,benign,routine network
NET-01025,2026-09-01T16:57:15Z,APP-03,JUMP-01,NT AUTHORITY\SYSTEM,inventory.exe,443,allowed,36454,benign,routine network
NET-00177,2026-09-01T17:10:02Z,MGMT-01,HR-WS-22,ACME\jsmith,System,53,allowed,4491,benign,routine network
NET-00314,2026-09-01T17:15:45Z,DC-01,PATCH-01,ACME\kpatel,System,443,allowed,13766,benign,routine network
NET-00471,2026-09-01T17:19:52Z,APP-03,MGMT-01,NT AUTHORITY\SYSTEM,System,445,allowed,7622,benign,routine network
NET-00532,2026-09-01T17:20:38Z,DC-01,MGMT-01,ACME\kpatel,System,53,allowed,34026,benign,routine network
NET-01753,2026-09-01T17:22:14Z,PATCH-01,HR-WS-22,ACME\svc_patch,inventory.exe,445,allowed,58624,benign,routine network
NET-00323,2026-09-01T17:24:13Z,FILE-02,FILE-02,ACME\admin.ops,powershell.exe,53,allowed,67912,benign,routine network
NET-01622,2026-09-01T17:30:06Z,PATCH-01,DC-01,ACME\admin.ops,patch-agent.exe,445,allowed,52524,benign,routine network
NET-00822,2026-09-01T17:31:12Z,FILE-02,HR-WS-22,ACME\svc_patch,patch-agent.exe,445,allowed,52504,benign,routine network
NET-00007,2026-09-01T17:33:35Z,HR-WS-22,JUMP-01,ACME\jsmith,inventory.exe,5985,allowed,31583,benign,routine network
NET-01615,2026-09-01T17:34:22Z,DC-01,HR-WS-22,ACME\svc_patch,patch-agent.exe,5985,allowed,16919,benign,routine network
NET-01557,2026-09-01T17:34:39Z,APP-03,203.0.113.55,ACME\svc_patch,System,443,allowed,63464,benign,routine network
NET-00578,2026-09-01T17:37:25Z,JUMP-01,DC-01,ACME\kpatel,inventory.exe,445,allowed,65153,benign,routine network
NET-01576,2026-09-01T17:45:04Z,PATCH-01,APP-03,NT AUTHORITY\SYSTEM,patch-agent.exe,5985,allowed,51580,benign,routine network
NET-00454,2026-09-01T17:46:22Z,PATCH-01,APP-03,ACME\kpatel,System,445,allowed,4611,benign,routine network
NET-00048,2026-09-01T17:48:33Z,HR-WS-22,203.0.113.55,NT AUTHORITY\SYSTEM,inventory.exe,53,allowed,69178,benign,routine network
NET-01277,2026-09-01T17:51:37Z,APP-03,203.0.113.55,ACME\jsmith,System,443,allowed,77123,benign,routine network
NET-01187,2026-09-01T18:02:51Z,HR-WS-22,DC-01,ACME\kpatel,patch-agent.exe,443,allowed,33223,benign,routine network
NET-01647,2026-09-01T18:12:30Z,HR-WS-22,FILE-02,ACME\svc_patch,powershell.exe,53,allowed,59323,benign,routine network
NET-01026,2026-09-01T18:14:34Z,FILE-02,JUMP-01,ACME\kpatel,powershell.exe,5985,allowed,27110,benign,routine network
NET-01669,2026-09-01T18:16:58Z,APP-03,DC-01,ACME\svc_patch,System,443,allowed,25511,benign,routine network
NET-00739,2026-09-01T18:17:02Z,APP-03,JUMP-01,ACME\admin.ops,powershell.exe,445,allowed,36742,benign,routine network
NET-00478,2026-09-01T18:20:32Z,DC-01,HR-WS-22,ACME\kpatel,inventory.exe,443,allowed,79520,benign,routine network
NET-01255,2026-09-01T18:26:28Z,DC-01,203.0.113.55,ACME\jsmith,powershell.exe,5985,allowed,54260,benign,routine network
NET-00430,2026-09-01T18:28:25Z,PATCH-01,PATCH-01,ACME\jsmith,patch-agent.exe,445,allowed,73650,benign,routine network
NET-00253,2026-09-01T18:30:03Z,APP-03,203.0.113.55,ACME\svc_patch,patch-agent.exe,53,allowed,26635,benign,routine network
NET-00258,2026-09-01T18:34:00Z,JUMP-01,DC-01,ACME\admin.ops,powershell.exe,443,allowed,44905,benign,routine network
NET-00408,2026-09-01T18:39:14Z,JUMP-01,JUMP-01,ACME\admin.ops,powershell.exe,53,allowed,29734,benign,routine network
NET-00260,2026-09-01T18:39:19Z,JUMP-01,PATCH-01,ACME\kpatel,patch-agent.exe,5985,allowed,14748,benign,routine network
NET-00638,2026-09-01T18:41:46Z,MGMT-01,MGMT-01,NT AUTHORITY\SYSTEM,System,5985,allowed,10116,benign,routine network
NET-01132,2026-09-01T18:44:25Z,DC-01,MGMT-01,ACME\svc_patch,patch-agent.exe,445,allowed,48159,benign,routine network
NET-01638,2026-09-01T18:47:02Z,APP-03,APP-03,ACME\admin.ops,inventory.exe,53,allowed,42987,benign,routine network
NET-00989,2026-09-01T18:48:21Z,DC-01,APP-03,ACME\kpatel,powershell.exe,445,allowed,35281,benign,routine network
NET-01485,2026-09-01T18:52:47Z,HR-WS-22,MGMT-01,NT AUTHORITY\SYSTEM,powershell.exe,5985,allowed,40576,benign,routine network
NET-00534,2026-09-01T18:56:55Z,DC-01,203.0.113.55,ACME\jsmith,System,445,allowed,18388,benign,routine network
NET-01377,2026-09-01T18:59:05Z,HR-WS-22,DC-01,ACME\admin.ops,inventory.exe,443,allowed,10790,benign,routine network
NET-00353,2026-09-01T19:00:12Z,FILE-02,FILE-02,NT AUTHORITY\SYSTEM,inventory.exe,443,allowed,52763,benign,routine network
NET-01126,2026-09-01T19:00:56Z,MGMT-01,PATCH-01,ACME\jsmith,System,443,allowed,58220,benign,routine network
NET-00610,2026-09-01T19:01:19Z,FILE-02,MGMT-01,NT AUTHORITY\SYSTEM,inventory.exe,443,allowed,79252,benign,routine network
NET-01791,2026-09-01T19:06:27Z,FILE-02,MGMT-01,ACME\svc_patch,inventory.exe,53,allowed,17732,benign,routine network
NET-00814,2026-09-01T19:06:43Z,PATCH-01,JUMP-01,ACME\kpatel,inventory.exe,5985,allowed,34472,benign,routine network
NET-00046,2026-09-01T19:13:43Z,MGMT-01,MGMT-01,ACME\admin.ops,System,443,allowed,57638,benign,routine network
NET-00029,2026-09-01T19:16:53Z,PATCH-01,MGMT-01,ACME\jsmith,System,5985,allowed,60687,benign,routine network
NET-01039,2026-09-01T19:18:42Z,FILE-02,DC-01,NT AUTHORITY\SYSTEM,System,443,allowed,71102,benign,routine network
NET-00305,2026-09-01T19:22:24Z,MGMT-01,JUMP-01,NT AUTHORITY\SYSTEM,powershell.exe,53,allowed,11779,benign,routine network
NET-01408,2026-09-01T19:25:47Z,JUMP-01,203.0.113.55,ACME\admin.ops,inventory.exe,5985,allowed,27700,benign,routine network
NET-01209,2026-09-01T19:28:53Z,FILE-02,FILE-02,ACME\svc_patch,powershell.exe,53,allowed,48721,benign,routine network
NET-01271,2026-09-01T19:30:04Z,PATCH-01,HR-WS-22,ACME\kpatel,powershell.exe,5985,allowed,34458,benign,routine network
NET-00085,2026-09-01T19:41:38Z,APP-03,PATCH-01,ACME\jsmith,System,443,allowed,40676,benign,routine network
NET-01348,2026-09-01T19:44:43Z,PATCH-01,HR-WS-22,ACME\jsmith,powershell.exe,443,allowed,38171,benign,routine network
NET-00549,2026-09-01T19:45:09Z,HR-WS-22,DC-01,ACME\kpatel,powershell.exe,445,allowed,78970,benign,routine network
NET-00185,2026-09-01T19:46:53Z,FILE-02,JUMP-01,ACME\svc_patch,System,5985,allowed,17292,benign,routine network
NET-01127,2026-09-01T19:52:47Z,PATCH-01,203.0.113.55,ACME\admin.ops,powershell.exe,445,allowed,60431,benign,routine network
NET-01744,2026-09-01T19:57:07Z,DC-01,MGMT-01,ACME\svc_patch,patch-agent.exe,443,allowed,7245,benign,routine network
NET-01724,2026-09-01T20:03:31Z,HR-WS-22,FILE-02,ACME\jsmith,inventory.exe,445,allowed,76735,benign,routine network
NET-01059,2026-09-01T20:03:42Z,APP-03,APP-03,ACME\kpatel,System,443,allowed,61352,benign,routine network
NET-00711,2026-09-01T20:05:32Z,PATCH-01,203.0.113.55,ACME\jsmith,powershell.exe,5985,allowed,71171,benign,routine network
NET-01354,2026-09-01T20:06:44Z,JUMP-01,DC-01,ACME\admin.ops,System,5985,allowed,9450,benign,routine network
NET-00139,2026-09-01T20:09:20Z,JUMP-01,JUMP-01,ACME\svc_patch,System,445,allowed,35678,benign,routine network
NET-01287,2026-09-01T20:25:01Z,FILE-02,DC-01,ACME\kpatel,patch-agent.exe,445,allowed,35837,benign,routine network
NET-01680,2026-09-01T20:32:21Z,HR-WS-22,PATCH-01,ACME\admin.ops,patch-agent.exe,443,allowed,24044,benign,routine network
NET-00681,2026-09-01T20:33:30Z,FILE-02,APP-03,ACME\kpatel,powershell.exe,5985,allowed,60601,benign,routine network
NET-00552,2026-09-01T20:39:06Z,APP-03,HR-WS-22,ACME\kpatel,System,445,allowed,42825,benign,routine network
NET-01003,2026-09-01T20:39:53Z,DC-01,HR-WS-22,ACME\kpatel,inventory.exe,53,allowed,38400,benign,routine network
NET-00782,2026-09-01T20:41:46Z,DC-01,FILE-02,ACME\admin.ops,System,445,allowed,8930,benign,routine network
NET-01091,2026-09-01T20:42:12Z,DC-01,MGMT-01,ACME\admin.ops,powershell.exe,5985,allowed,63194,benign,routine network
NET-01765,2026-09-01T20:46:44Z,MGMT-01,203.0.113.55,ACME\admin.ops,patch-agent.exe,445,allowed,18088,benign,routine network
NET-01396,2026-09-01T20:50:14Z,JUMP-01,DC-01,ACME\svc_patch,inventory.exe,53,allowed,27841,benign,routine network
NET-00246,2026-09-01T20:54:26Z,MGMT-01,FILE-02,ACME\svc_patch,patch-agent.exe,445,allowed,19734,benign,routine network
NET-00288,2026-09-01T20:54:48Z,HR-WS-22,FILE-02,ACME\svc_patch,patch-agent.exe,445,allowed,40023,benign,routine network
NET-01592,2026-09-01T21:01:52Z,FILE-02,APP-03,ACME\jsmith,powershell.exe,5985,allowed,21483,benign,routine network
NET-00224,2026-09-01T21:14:03Z,APP-03,JUMP-01,NT AUTHORITY\SYSTEM,powershell.exe,5985,allowed,18900,benign,routine network
NET-00725,2026-09-01T21:21:14Z,FILE-02,DC-01,ACME\kpatel,inventory.exe,5985,allowed,51012,benign,routine network
NET-01696,2026-09-01T21:33:22Z,APP-03,MGMT-01,NT AUTHORITY\SYSTEM,patch-agent.exe,445,allowed,79741,benign,routine network
NET-01435,2026-09-01T21:33:43Z,APP-03,APP-03,NT AUTHORITY\SYSTEM,powershell.exe,53,allowed,33694,benign,routine network
NET-00040,2026-09-01T21:36:23Z,HR-WS-22,HR-WS-22,ACME\kpatel,System,53,allowed,7111,benign,routine network
NET-00721,2026-09-01T21:38:00Z,DC-01,PATCH-01,ACME\admin.ops,patch-agent.exe,443,allowed,12166,benign,routine network
NET-00969,2026-09-01T21:41:32Z,HR-WS-22,PATCH-01,ACME\svc_patch,System,53,allowed,45056,benign,routine network
NET-00015,2026-09-01T21:45:54Z,DC-01,HR-WS-22,ACME\kpatel,patch-agent.exe,53,allowed,36644,benign,routine network
NET-00972,2026-09-01T21:54:19Z,HR-WS-22,DC-01,ACME\jsmith,powershell.exe,5985,allowed,73354,benign,routine network
NET-01333,2026-09-01T21:57:07Z,HR-WS-22,PATCH-01,ACME\jsmith,inventory.exe,445,allowed,36505,benign,routine network
NET-01000,2026-09-01T22:05:34Z,MGMT-01,203.0.113.55,NT AUTHORITY\SYSTEM,inventory.exe,5985,allowed,43995,benign,routine network
NET-01462,2026-09-01T22:06:27Z,DC-01,MGMT-01,ACME\jsmith,powershell.exe,443,allowed,45653,benign,routine network
NET-01733,2026-09-01T22:09:41Z,MGMT-01,HR-WS-22,NT AUTHORITY\SYSTEM,patch-agent.exe,5985,allowed,28596,benign,routine network
NET-01303,2026-09-01T22:13:57Z,HR-WS-22,HR-WS-22,NT AUTHORITY\SYSTEM,inventory.exe,443,allowed,21916,benign,routine network
NET-00671,2026-09-01T22:17:17Z,PATCH-01,FILE-02,ACME\svc_patch,System,445,allowed,2807,benign,routine network
NET-01139,2026-09-01T22:27:06Z,FILE-02,DC-01,ACME\admin.ops,patch-agent.exe,445,allowed,44199,benign,routine network
NET-00536,2026-09-01T22:32:17Z,PATCH-01,203.0.113.55,NT AUTHORITY\SYSTEM,inventory.exe,5985,allowed,59709,benign,routine network
NET-01067,2026-09-01T22:36:21Z,MGMT-01,JUMP-01,ACME\svc_patch,powershell.exe,5985,allowed,46272,benign,routine network
NET-01714,2026-09-01T22:36:56Z,MGMT-01,DC-01,ACME\svc_patch,patch-agent.exe,443,allowed,47625,benign,routine network
NET-00500,2026-09-01T22:42:15Z,MGMT-01,PATCH-01,ACME\kpatel,powershell.exe,53,allowed,43590,benign,routine network
NET-00837,2026-09-01T22:42:47Z,JUMP-01,PATCH-01,NT AUTHORITY\SYSTEM,System,5985,allowed,45278,benign,routine network
NET-01116,2026-09-01T22:43:36Z,FILE-02,APP-03,ACME\admin.ops,System,5985,allowed,39331,benign,routine network
NET-01755,2026-09-01T22:56:07Z,PATCH-01,203.0.113.55,ACME\admin.ops,patch-agent.exe,443,allowed,1705,benign,routine network
NET-01169,2026-09-01T22:56:42Z,DC-01,FILE-02,ACME\admin.ops,inventory.exe,5985,allowed,14248,benign,routine network
NET-00348,2026-09-01T22:58:30Z,JUMP-01,FILE-02,ACME\admin.ops,powershell.exe,5985,allowed,60533,benign,routine network
NET-00859,2026-09-01T22:58:52Z,HR-WS-22,PATCH-01,ACME\svc_patch,inventory.exe,53,allowed,45793,benign,routine network
NET-00770,2026-09-01T22:59:00Z,JUMP-01,FILE-02,ACME\admin.ops,System,53,allowed,14011,benign,routine network
NET-00464,2026-09-01T23:06:47Z,FILE-02,JUMP-01,NT AUTHORITY\SYSTEM,System,5985,allowed,22723,benign,routine network
NET-00744,2026-09-01T23:08:58Z,HR-WS-22,203.0.113.55,ACME\kpatel,patch-agent.exe,53,allowed,30278,benign,routine network
NET-00602,2026-09-01T23:09:39Z,FILE-02,JUMP-01,ACME\svc_patch,powershell.exe,445,allowed,27541,benign,routine network
NET-01013,2026-09-01T23:11:58Z,MGMT-01,FILE-02,ACME\kpatel,patch-agent.exe,5985,allowed,73649,benign,routine network
NET-00962,2026-09-01T23:15:54Z,DC-01,203.0.113.55,ACME\admin.ops,powershell.exe,53,allowed,18347,benign,routine network
NET-00245,2026-09-01T23:20:14Z,MGMT-01,APP-03,ACME\jsmith,patch-agent.exe,5985,allowed,72860,benign,routine network
NET-01356,2026-09-01T23:21:16Z,JUMP-01,DC-01,ACME\admin.ops,patch-agent.exe,53,allowed,53038,benign,routine network
NET-01526,2026-09-01T23:22:29Z,MGMT-01,FILE-02,ACME\admin.ops,System,53,allowed,39666,benign,routine network
NET-00101,2026-09-01T23:23:59Z,PATCH-01,HR-WS-22,ACME\svc_patch,System,445,allowed,60791,benign,routine network
NET-00713,2026-09-01T23:25:48Z,MGMT-01,PATCH-01,NT AUTHORITY\SYSTEM,patch-agent.exe,5985,allowed,30710,benign,routine network
NET-00502,2026-09-01T23:36:05Z,HR-WS-22,FILE-02,ACME\jsmith,powershell.exe,445,allowed,79487,benign,routine network
NET-01498,2026-09-01T23:41:35Z,DC-01,HR-WS-22,ACME\jsmith,powershell.exe,445,allowed,70315,benign,routine network
NET-00262,2026-09-01T23:46:11Z,DC-01,MGMT-01,ACME\jsmith,System,53,allowed,49728,benign,routine network
NET-01347,2026-09-01T23:55:30Z,HR-WS-22,HR-WS-22,ACME\admin.ops,patch-agent.exe,5985,allowed,37938,benign,routine network
NET-00617,2026-09-01T23:57:08Z,DC-01,DC-01,ACME\svc_patch,powershell.exe,443,allowed,914,benign,routine network
NET-01167,2026-09-01T23:57:30Z,HR-WS-22,203.0.113.55,ACME\svc_patch,patch-agent.exe,443,allowed,71616,benign,routine network
NET-00330,2026-09-01T23:58:10Z,MGMT-01,MGMT-01,NT AUTHORITY\SYSTEM,powershell.exe,5985,allowed,46839,benign,routine network
NET-00599,2026-09-02T00:03:25Z,JUMP-01,HR-WS-22,ACME\admin.ops,patch-agent.exe,443,allowed,34594,benign,routine network
NET-00045,2026-09-02T00:04:06Z,PATCH-01,JUMP-01,ACME\svc_patch,powershell.exe,53,allowed,30001,benign,routine network
NET-01676,2026-09-02T00:10:44Z,FILE-02,APP-03,NT AUTHORITY\SYSTEM,patch-agent.exe,443,allowed,73141,benign,routine network
NET-01630,2026-09-02T00:11:15Z,FILE-02,HR-WS-22,ACME\svc_patch,inventory.exe,53,allowed,29227,benign,routine network
NET-01299,2026-09-02T00:15:25Z,APP-03,HR-WS-22,ACME\jsmith,System,53,allowed,52840,benign,routine network
NET-01077,2026-09-02T00:17:32Z,APP-03,JUMP-01,ACME\svc_patch,patch-agent.exe,445,allowed,30837,benign,routine network
NET-01097,2026-09-02T00:19:39Z,DC-01,FILE-02,ACME\svc_patch,inventory.exe,443,allowed,35666,benign,routine network
NET-00019,2026-09-02T00:23:00Z,FILE-02,203.0.113.55,ACME\kpatel,System,5985,allowed,61069,benign,routine network
NET-00141,2026-09-02T00:23:07Z,FILE-02,JUMP-01,ACME\kpatel,patch-agent.exe,443,allowed,33823,benign,routine network
NET-01122,2026-09-02T00:30:30Z,FILE-02,FILE-02,ACME\kpatel,System,443,allowed,36610,benign,routine network
NET-00767,2026-09-02T00:30:51Z,JUMP-01,FILE-02,ACME\admin.ops,patch-agent.exe,445,allowed,25611,benign,routine network
NET-01429,2026-09-02T00:34:06Z,APP-03,FILE-02,ACME\jsmith,System,443,allowed,39685,benign,routine network
NET-01621,2026-09-02T00:43:08Z,PATCH-01,FILE-02,ACME\kpatel,patch-agent.exe,445,allowed,70052,benign,routine network
NET-01274,2026-09-02T00:45:11Z,FILE-02,APP-03,ACME\admin.ops,System,5985,allowed,59340,benign,routine network
NET-01174,2026-09-02T00:47:36Z,JUMP-01,HR-WS-22,ACME\jsmith,patch-agent.exe,5985,allowed,50183,benign,routine network
NET-01517,2026-09-02T00:47:50Z,DC-01,FILE-02,NT AUTHORITY\SYSTEM,System,53,allowed,3828,benign,routine network
NET-00683,2026-09-02T00:54:26Z,DC-01,HR-WS-22,ACME\jsmith,patch-agent.exe,53,allowed,45427,benign,routine network
NET-01697,2026-09-02T01:01:46Z,APP-03,MGMT-01,ACME\svc_patch,patch-agent.exe,443,allowed,25903,benign,routine network
NET-00845,2026-09-02T01:03:12Z,MGMT-01,FILE-02,NT AUTHORITY\SYSTEM,patch-agent.exe,5985,allowed,59986,benign,routine network
NET-00682,2026-09-02T01:04:31Z,APP-03,DC-01,ACME\jsmith,System,443,allowed,527,benign,routine network
NET-01016,2026-09-02T01:08:48Z,PATCH-01,DC-01,ACME\svc_patch,patch-agent.exe,443,allowed,7646,benign,routine network
NET-01113,2026-09-02T01:09:15Z,PATCH-01,PATCH-01,NT AUTHORITY\SYSTEM,powershell.exe,443,allowed,48610,benign,routine network
NET-01544,2026-09-02T01:12:54Z,JUMP-01,HR-WS-22,NT AUTHORITY\SYSTEM,System,445,allowed,41435,benign,routine network
NET-00052,2026-09-02T01:25:39Z,DC-01,APP-03,ACME\svc_patch,patch-agent.exe,443,allowed,60127,benign,routine network
NET-00269,2026-09-02T01:29:11Z,PATCH-01,DC-01,ACME\kpatel,powershell.exe,443,allowed,30270,benign,routine network
NET-00117,2026-09-02T01:33:38Z,FILE-02,FILE-02,ACME\jsmith,System,53,allowed,22646,benign,routine network
NET-01478,2026-09-02T01:36:17Z,MGMT-01,JUMP-01,NT AUTHORITY\SYSTEM,inventory.exe,5985,allowed,36012,benign,routine network
NET-00849,2026-09-02T01:43:46Z,DC-01,JUMP-01,ACME\kpatel,patch-agent.exe,5985,allowed,62791,benign,routine network
NET-00396,2026-09-02T01:44:57Z,HR-WS-22,HR-WS-22,ACME\kpatel,powershell.exe,53,allowed,33744,benign,routine network
NET-00407,2026-09-02T01:53:49Z,JUMP-01,FILE-02,ACME\jsmith,inventory.exe,53,allowed,12836,benign,routine network
NET-00825,2026-09-02T02:14:06Z,MGMT-01,APP-03,NT AUTHORITY\SYSTEM,powershell.exe,445,allowed,31210,benign,routine network
NET-00215,2026-09-02T02:14:13Z,PATCH-01,JUMP-01,ACME\svc_patch,patch-agent.exe,5985,allowed,14918,benign,routine network
NET-00569,2026-09-02T02:16:39Z,HR-WS-22,MGMT-01,ACME\kpatel,inventory.exe,443,allowed,7645,benign,routine network
NET-01784,2026-09-02T02:27:35Z,DC-01,MGMT-01,NT AUTHORITY\SYSTEM,inventory.exe,5985,allowed,72802,benign,routine network
NET-00310,2026-09-02T02:28:01Z,PATCH-01,203.0.113.55,NT AUTHORITY\SYSTEM,System,53,allowed,70456,benign,routine network
NET-00530,2026-09-02T02:35:36Z,HR-WS-22,HR-WS-22,ACME\svc_patch,patch-agent.exe,5985,allowed,44409,benign,routine network
NET-01635,2026-09-02T02:35:59Z,JUMP-01,203.0.113.55,ACME\svc_patch,inventory.exe,5985,allowed,52359,benign,routine network
NET-01535,2026-09-02T02:39:17Z,PATCH-01,DC-01,ACME\kpatel,inventory.exe,53,allowed,28967,benign,routine network
NET-01693,2026-09-02T02:48:18Z,DC-01,203.0.113.55,ACME\jsmith,inventory.exe,443,allowed,63397,benign,routine network
NET-00604,2026-09-02T02:49:19Z,FILE-02,JUMP-01,ACME\svc_patch,System,443,allowed,39679,benign,routine network
NET-01124,2026-09-02T02:52:16Z,DC-01,HR-WS-22,NT AUTHORITY\SYSTEM,inventory.exe,445,allowed,77776,benign,routine network
NET-00166,2026-09-02T02:54:25Z,DC-01,APP-03,ACME\kpatel,System,5985,allowed,28947,benign,routine network
NET-00694,2026-09-02T02:56:59Z,MGMT-01,HR-WS-22,ACME\admin.ops,patch-agent.exe,443,allowed,53808,benign,routine network
NET-01098,2026-09-02T03:03:08Z,MGMT-01,PATCH-01,NT AUTHORITY\SYSTEM,inventory.exe,5985,allowed,9735,benign,routine network
NET-00371,2026-09-02T03:11:34Z,APP-03,JUMP-01,ACME\svc_patch,inventory.exe,53,allowed,69659,benign,routine network
NET-01063,2026-09-02T03:14:15Z,HR-WS-22,203.0.113.55,ACME\kpatel,inventory.exe,443,allowed,14106,benign,routine network
NET-00640,2026-09-02T03:17:08Z,PATCH-01,203.0.113.55,NT AUTHORITY\SYSTEM,inventory.exe,5985,allowed,61375,benign,routine network
NET-01457,2026-09-02T03:18:20Z,JUMP-01,203.0.113.55,ACME\jsmith,patch-agent.exe,5985,allowed,27193,benign,routine network
NET-01431,2026-09-02T03:22:25Z,JUMP-01,FILE-02,NT AUTHORITY\SYSTEM,patch-agent.exe,445,allowed,50457,benign,routine network
NET-01057,2026-09-02T03:26:16Z,MGMT-01,APP-03,ACME\svc_patch,powershell.exe,443,allowed,3696,benign,routine network
NET-00913,2026-09-02T03:36:36Z,HR-WS-22,203.0.113.55,ACME\jsmith,patch-agent.exe,53,allowed,22755,benign,routine network
NET-01192,2026-09-02T03:38:26Z,DC-01,FILE-02,ACME\svc_patch,powershell.exe,443,allowed,36678,benign,routine network
NET-00581,2026-09-02T03:40:58Z,FILE-02,JUMP-01,ACME\jsmith,inventory.exe,5985,allowed,22092,benign,routine network
NET-00885,2026-09-02T03:42:41Z,PATCH-01,HR-WS-22,ACME\svc_patch,inventory.exe,53,allowed,13018,benign,routine network
NET-01419,2026-09-02T03:56:23Z,APP-03,HR-WS-22,NT AUTHORITY\SYSTEM,powershell.exe,53,allowed,70319,benign,routine network
NET-01241,2026-09-02T04:01:18Z,HR-WS-22,PATCH-01,ACME\jsmith,System,5985,allowed,42196,benign,routine network
NET-01048,2026-09-02T04:01:22Z,HR-WS-22,DC-01,ACME\kpatel,System,443,allowed,7881,benign,routine network
NET-00071,2026-09-02T04:04:58Z,APP-03,203.0.113.55,ACME\admin.ops,patch-agent.exe,445,allowed,73261,benign,routine network
NET-01109,2026-09-02T04:12:19Z,PATCH-01,DC-01,ACME\admin.ops,patch-agent.exe,5985,allowed,43632,benign,routine network
NET-00463,2026-09-02T04:25:32Z,DC-01,MGMT-01,ACME\admin.ops,patch-agent.exe,53,allowed,24550,benign,routine network
NET-01691,2026-09-02T04:30:31Z,JUMP-01,PATCH-01,ACME\jsmith,patch-agent.exe,53,allowed,58723,benign,routine network
NET-00828,2026-09-02T04:35:34Z,PATCH-01,203.0.113.55,ACME\kpatel,powershell.exe,53,allowed,13825,benign,routine network
NET-00181,2026-09-02T04:37:43Z,FILE-02,HR-WS-22,ACME\jsmith,System,5985,allowed,47903,benign,routine network
NET-00321,2026-09-02T04:45:01Z,MGMT-01,MGMT-01,ACME\admin.ops,powershell.exe,445,allowed,14314,benign,routine network
NET-00742,2026-09-02T04:49:21Z,JUMP-01,PATCH-01,ACME\svc_patch,patch-agent.exe,5985,allowed,15366,benign,routine network
NET-00302,2026-09-02T04:56:33Z,PATCH-01,APP-03,ACME\jsmith,powershell.exe,445,allowed,1816,benign,routine network
NET-00456,2026-09-02T04:56:36Z,DC-01,JUMP-01,ACME\jsmith,powershell.exe,443,allowed,3064,benign,routine network
NET-01340,2026-09-02T04:57:12Z,FILE-02,JUMP-01,ACME\kpatel,System,443,allowed,28076,benign,routine network
NET-01298,2026-09-02T04:58:01Z,FILE-02,FILE-02,ACME\kpatel,powershell.exe,5985,allowed,40824,benign,routine network
NET-00923,2026-09-02T04:58:23Z,APP-03,APP-03,ACME\kpatel,inventory.exe,5985,allowed,33604,benign,routine network
NET-00896,2026-09-02T04:59:25Z,APP-03,JUMP-01,ACME\kpatel,powershell.exe,443,allowed,76208,benign,routine network
NET-01138,2026-09-02T04:59:51Z,DC-01,DC-01,ACME\jsmith,powershell.exe,5985,allowed,4966,benign,routine network
NET-00498,2026-09-02T05:00:50Z,FILE-02,JUMP-01,ACME\jsmith,System,5985,allowed,20779,benign,routine network
NET-00600,2026-09-02T05:02:12Z,MGMT-01,MGMT-01,ACME\kpatel,inventory.exe,443,allowed,38792,benign,routine network
NET-00888,2026-09-02T05:14:21Z,APP-03,DC-01,ACME\jsmith,patch-agent.exe,5985,allowed,14650,benign,routine network
NET-00881,2026-09-02T05:18:38Z,JUMP-01,APP-03,ACME\kpatel,powershell.exe,445,allowed,15071,benign,routine network
NET-01086,2026-09-02T05:22:36Z,MGMT-01,DC-01,ACME\jsmith,patch-agent.exe,5985,allowed,64163,benign,routine network
NET-01215,2026-09-02T05:26:25Z,PATCH-01,MGMT-01,ACME\admin.ops,powershell.exe,445,allowed,59749,benign,routine network
NET-00317,2026-09-02T05:27:33Z,HR-WS-22,DC-01,ACME\jsmith,System,443,allowed,1866,benign,routine network
NET-01653,2026-09-02T05:31:49Z,JUMP-01,PATCH-01,NT AUTHORITY\SYSTEM,patch-agent.exe,5985,allowed,34426,benign,routine network
NET-01405,2026-09-02T05:33:03Z,MGMT-01,FILE-02,NT AUTHORITY\SYSTEM,System,5985,allowed,30399,benign,routine network
NET-00432,2026-09-02T05:39:11Z,MGMT-01,FILE-02,ACME\jsmith,System,5985,allowed,42560,benign,routine network
NET-00663,2026-09-02T05:42:39Z,APP-03,MGMT-01,ACME\jsmith,patch-agent.exe,443,allowed,77113,benign,routine network
NET-01458,2026-09-02T05:48:56Z,FILE-02,JUMP-01,ACME\admin.ops,inventory.exe,5985,allowed,13194,benign,routine network
NET-00844,2026-09-02T06:17:35Z,MGMT-01,PATCH-01,ACME\jsmith,System,5985,allowed,66348,benign,routine network
NET-00994,2026-09-02T06:22:38Z,PATCH-01,HR-WS-22,ACME\jsmith,powershell.exe,445,allowed,45638,benign,routine network
NET-00423,2026-09-02T06:25:52Z,JUMP-01,MGMT-01,ACME\svc_patch,System,5985,allowed,21702,benign,routine network
NET-00942,2026-09-02T06:26:20Z,APP-03,MGMT-01,ACME\admin.ops,System,445,allowed,49291,benign,routine network
NET-01212,2026-09-02T06:29:06Z,JUMP-01,MGMT-01,ACME\kpatel,System,53,allowed,70888,benign,routine network
NET-00790,2026-09-02T06:32:26Z,JUMP-01,DC-01,NT AUTHORITY\SYSTEM,inventory.exe,445,allowed,2663,benign,routine network
NET-00115,2026-09-02T06:34:38Z,DC-01,PATCH-01,ACME\kpatel,System,445,allowed,71570,benign,routine network
NET-00542,2026-09-02T06:37:24Z,HR-WS-22,APP-03,NT AUTHORITY\SYSTEM,patch-agent.exe,5985,allowed,11855,benign,routine network
NET-01137,2026-09-02T06:38:15Z,APP-03,HR-WS-22,NT AUTHORITY\SYSTEM,System,5985,allowed,56458,benign,routine network
NET-01541,2026-09-02T06:45:42Z,APP-03,PATCH-01,ACME\jsmith,System,5985,allowed,21254,benign,routine network
NET-01399,2026-09-02T06:55:17Z,HR-WS-22,PATCH-01,ACME\svc_patch,powershell.exe,53,allowed,20007,benign,routine network
NET-00616,2026-09-02T06:55:50Z,JUMP-01,HR-WS-22,ACME\admin.ops,powershell.exe,445,allowed,51725,benign,routine network
NET-01725,2026-09-02T06:56:18Z,MGMT-01,MGMT-01,ACME\admin.ops,patch-agent.exe,443,allowed,23110,benign,routine network
NET-00343,2026-09-02T06:57:22Z,APP-03,PATCH-01,NT AUTHORITY\SYSTEM,System,443,allowed,70140,benign,routine network
NET-01229,2026-09-02T06:59:17Z,JUMP-01,MGMT-01,ACME\kpatel,patch-agent.exe,443,allowed,34502,benign,routine network
NET-01627,2026-09-02T07:02:38Z,FILE-02,FILE-02,ACME\kpatel,powershell.exe,445,allowed,79505,benign,routine network
NET-00566,2026-09-02T07:04:58Z,DC-01,PATCH-01,NT AUTHORITY\SYSTEM,inventory.exe,445,allowed,13091,benign,routine network
NET-01260,2026-09-02T07:12:12Z,FILE-02,203.0.113.55,ACME\kpatel,inventory.exe,443,allowed,60332,benign,routine network
NET-00462,2026-09-02T07:15:43Z,DC-01,DC-01,ACME\svc_patch,System,53,allowed,76515,benign,routine network
NET-00595,2026-09-02T07:18:05Z,APP-03,MGMT-01,NT AUTHORITY\SYSTEM,inventory.exe,445,allowed,68812,benign,routine network
NET-01603,2026-09-02T07:21:53Z,HR-WS-22,PATCH-01,ACME\admin.ops,inventory.exe,445,allowed,32533,benign,routine network
NET-00176,2026-09-02T07:22:08Z,APP-03,JUMP-01,NT AUTHORITY\SYSTEM,powershell.exe,5985,allowed,69537,benign,routine network
NET-01350,2026-09-02T07:23:56Z,APP-03,MGMT-01,ACME\kpatel,System,445,allowed,68864,benign,routine network
NET-00477,2026-09-02T07:29:10Z,FILE-02,MGMT-01,ACME\jsmith,System,53,allowed,34599,benign,routine network
NET-01690,2026-09-02T07:36:46Z,FILE-02,DC-01,ACME\svc_patch,System,5985,allowed,40592,benign,routine network
NET-01266,2026-09-02T07:40:08Z,APP-03,203.0.113.55,ACME\svc_patch,powershell.exe,445,allowed,76477,benign,routine network
NET-01683,2026-09-02T07:41:05Z,PATCH-01,203.0.113.55,ACME\admin.ops,patch-agent.exe,53,allowed,70475,benign,routine network
NET-00112,2026-09-02T07:43:55Z,DC-01,PATCH-01,NT AUTHORITY\SYSTEM,inventory.exe,5985,allowed,68075,benign,routine network
NET-00743,2026-09-02T07:47:33Z,PATCH-01,PATCH-01,ACME\jsmith,System,53,allowed,67191,benign,routine network
NET-01035,2026-09-02T07:48:42Z,HR-WS-22,DC-01,ACME\svc_patch,powershell.exe,5985,allowed,34425,benign,routine network
NET-00225,2026-09-02T07:55:50Z,JUMP-01,DC-01,NT AUTHORITY\SYSTEM,inventory.exe,5985,allowed,37472,benign,routine network
NET-01437,2026-09-02T07:57:07Z,DC-01,MGMT-01,ACME\jsmith,inventory.exe,445,allowed,65357,benign,routine network
NET-01450,2026-09-02T08:00:40Z,JUMP-01,JUMP-01,NT AUTHORITY\SYSTEM,System,53,allowed,35321,benign,routine network
NET-01081,2026-09-02T08:01:53Z,DC-01,DC-01,ACME\jsmith,inventory.exe,53,allowed,77843,benign,routine network
NET-00220,2026-09-02T08:09:54Z,JUMP-01,FILE-02,NT AUTHORITY\SYSTEM,patch-agent.exe,445,allowed,28146,benign,routine network
NET-00043,2026-09-02T08:15:36Z,PATCH-01,APP-03,NT AUTHORITY\SYSTEM,inventory.exe,53,allowed,69512,benign,routine network
NET-00766,2026-09-02T08:38:20Z,PATCH-01,FILE-02,ACME\admin.ops,patch-agent.exe,53,allowed,44950,benign,routine network
NET-00688,2026-09-02T08:38:40Z,HR-WS-22,FILE-02,NT AUTHORITY\SYSTEM,System,445,allowed,42716,benign,routine network
NET-00201,2026-09-02T08:46:35Z,MGMT-01,JUMP-01,NT AUTHORITY\SYSTEM,inventory.exe,53,allowed,35429,benign,routine network
NET-00781,2026-09-02T08:55:42Z,APP-03,DC-01,NT AUTHORITY\SYSTEM,patch-agent.exe,5985,allowed,31917,benign,routine network
NET-01527,2026-09-02T08:57:27Z,MGMT-01,HR-WS-22,ACME\jsmith,System,5985,allowed,8475,benign,routine network
NET-00426,2026-09-02T08:57:39Z,MGMT-01,PATCH-01,ACME\admin.ops,System,443,allowed,44641,benign,routine network
NET-00341,2026-09-02T08:58:58Z,JUMP-01,DC-01,ACME\kpatel,System,445,allowed,76601,benign,routine network
NET-00192,2026-09-02T09:02:50Z,APP-03,203.0.113.55,ACME\admin.ops,System,5985,allowed,65887,benign,routine network
NET-00233,2026-09-02T09:17:37Z,APP-03,HR-WS-22,ACME\admin.ops,patch-agent.exe,445,allowed,46372,benign,routine network
NET-01667,2026-09-02T09:19:42Z,APP-03,HR-WS-22,NT AUTHORITY\SYSTEM,System,53,allowed,24570,benign,routine network
NET-01618,2026-09-02T09:21:27Z,HR-WS-22,JUMP-01,ACME\svc_patch,System,443,allowed,20655,benign,routine network
NET-01164,2026-09-02T09:23:33Z,PATCH-01,HR-WS-22,ACME\jsmith,System,443,allowed,47629,benign,routine network
NET-00847,2026-09-02T09:24:48Z,FILE-02,MGMT-01,ACME\admin.ops,inventory.exe,443,allowed,34748,benign,routine network
NET-00524,2026-09-02T09:34:37Z,FILE-02,203.0.113.55,NT AUTHORITY\SYSTEM,patch-agent.exe,443,allowed,54893,benign,routine network
NET-00332,2026-09-02T09:38:38Z,APP-03,PATCH-01,ACME\svc_patch,inventory.exe,5985,allowed,76215,benign,routine network
NET-01062,2026-09-02T09:46:28Z,APP-03,MGMT-01,ACME\admin.ops,powershell.exe,5985,allowed,7622,benign,routine network
NET-01479,2026-09-02T09:55:09Z,HR-WS-22,MGMT-01,NT AUTHORITY\SYSTEM,patch-agent.exe,53,allowed,242,benign,routine network
NET-00620,2026-09-02T09:56:09Z,DC-01,APP-03,NT AUTHORITY\SYSTEM,inventory.exe,5985,allowed,6537,benign,routine network
NET-00465,2026-09-02T10:01:15Z,APP-03,MGMT-01,ACME\admin.ops,inventory.exe,53,allowed,41228,benign,routine network
NET-00510,2026-09-02T10:02:53Z,APP-03,APP-03,ACME\kpatel,System,53,allowed,76811,benign,routine network
NET-00596,2026-09-02T10:03:24Z,APP-03,FILE-02,ACME\svc_patch,patch-agent.exe,53,allowed,16320,benign,routine network
NET-00096,2026-09-02T10:08:20Z,PATCH-01,JUMP-01,NT AUTHORITY\SYSTEM,patch-agent.exe,53,allowed,61087,benign,routine network
NET-01662,2026-09-02T10:11:22Z,MGMT-01,HR-WS-22,ACME\svc_patch,patch-agent.exe,5985,allowed,55344,benign,routine network
NET-00921,2026-09-02T10:22:36Z,FILE-02,MGMT-01,ACME\svc_patch,System,5985,allowed,33018,benign,routine network
NET-01781,2026-09-02T10:22:56Z,DC-01,FILE-02,NT AUTHORITY\SYSTEM,patch-agent.exe,5985,allowed,69759,benign,routine network
NET-00335,2026-09-02T10:23:10Z,HR-WS-22,DC-01,ACME\admin.ops,inventory.exe,53,allowed,45032,benign,routine network
NET-00519,2026-09-02T10:26:30Z,HR-WS-22,APP-03,ACME\kpatel,System,445,allowed,55735,benign,routine network
NET-00686,2026-09-02T10:37:05Z,HR-WS-22,MGMT-01,ACME\jsmith,inventory.exe,53,allowed,12755,benign,routine network
NET-01626,2026-09-02T10:39:06Z,PATCH-01,PATCH-01,ACME\kpatel,System,53,allowed,7764,benign,routine network
NET-01012,2026-09-02T10:41:51Z,PATCH-01,203.0.113.55,ACME\jsmith,patch-agent.exe,445,allowed,71863,benign,routine network
NET-00334,2026-09-02T10:47:43Z,HR-WS-22,PATCH-01,ACME\svc_patch,powershell.exe,53,allowed,15924,benign,routine network
NET-01481,2026-09-02T10:49:18Z,PATCH-01,FILE-02,ACME\kpatel,powershell.exe,5985,allowed,75505,benign,routine network
NET-00871,2026-09-02T10:51:27Z,MGMT-01,203.0.113.55,ACME\jsmith,inventory.exe,443,allowed,49894,benign,routine network
NET-00508,2026-09-02T10:53:06Z,DC-01,MGMT-01,ACME\jsmith,System,443,allowed,73131,benign,routine network
NET-01207,2026-09-02T10:56:25Z,JUMP-01,HR-WS-22,ACME\kpatel,System,443,allowed,12593,benign,routine network
NET-01162,2026-09-02T10:56:35Z,PATCH-01,PATCH-01,ACME\admin.ops,powershell.exe,443,allowed,70198,benign,routine network
NET-01175,2026-09-02T11:00:26Z,HR-WS-22,APP-03,NT AUTHORITY\SYSTEM,System,53,allowed,31826,benign,routine network
NET-00988,2026-09-02T11:02:19Z,HR-WS-22,HR-WS-22,ACME\jsmith,powershell.exe,443,allowed,28546,benign,routine network
NET-00603,2026-09-02T11:05:49Z,DC-01,DC-01,ACME\jsmith,powershell.exe,443,allowed,78485,benign,routine network
NET-00322,2026-09-02T11:23:26Z,PATCH-01,FILE-02,ACME\jsmith,inventory.exe,53,allowed,42808,benign,routine network
NET-00684,2026-09-02T11:23:40Z,FILE-02,MGMT-01,ACME\kpatel,powershell.exe,445,allowed,59129,benign,routine network
NET-00838,2026-09-02T11:24:07Z,DC-01,JUMP-01,ACME\kpatel,inventory.exe,443,allowed,64741,benign,routine network
NET-01146,2026-09-02T11:25:36Z,FILE-02,203.0.113.55,NT AUTHORITY\SYSTEM,inventory.exe,5985,allowed,15938,benign,routine network
NET-01585,2026-09-02T11:25:51Z,HR-WS-22,JUMP-01,ACME\svc_patch,powershell.exe,5985,allowed,49309,benign,routine network
NET-01471,2026-09-02T11:29:43Z,JUMP-01,DC-01,ACME\kpatel,patch-agent.exe,53,allowed,62136,benign,routine network
NET-00501,2026-09-02T11:34:33Z,FILE-02,MGMT-01,NT AUTHORITY\SYSTEM,powershell.exe,5985,allowed,56376,benign,routine network
NET-01468,2026-09-02T11:36:22Z,APP-03,APP-03,ACME\admin.ops,powershell.exe,53,allowed,16392,benign,routine network
NET-01355,2026-09-02T11:38:47Z,JUMP-01,APP-03,ACME\jsmith,System,53,allowed,48241,benign,routine network
NET-00435,2026-09-02T11:40:24Z,MGMT-01,DC-01,ACME\admin.ops,inventory.exe,5985,allowed,58652,benign,routine network
NET-01184,2026-09-02T11:41:36Z,DC-01,203.0.113.55,ACME\kpatel,powershell.exe,5985,allowed,76629,benign,routine network
NET-00367,2026-09-02T11:42:48Z,MGMT-01,JUMP-01,ACME\jsmith,inventory.exe,53,allowed,58582,benign,routine network
NET-00677,2026-09-02T11:43:19Z,MGMT-01,HR-WS-22,NT AUTHORITY\SYSTEM,powershell.exe,53,allowed,33244,benign,routine network
NET-00761,2026-09-02T11:43:46Z,PATCH-01,DC-01,ACME\jsmith,powershell.exe,5985,allowed,78879,benign,routine network
NET-00486,2026-09-02T11:44:03Z,FILE-02,DC-01,NT AUTHORITY\SYSTEM,powershell.exe,443,allowed,13995,benign,routine network
NET-00453,2026-09-02T11:44:25Z,PATCH-01,HR-WS-22,ACME\jsmith,inventory.exe,53,allowed,65735,benign,routine network
NET-00544,2026-09-02T11:44:58Z,MGMT-01,PATCH-01,ACME\admin.ops,System,5985,allowed,78148,benign,routine network
NET-00977,2026-09-02T11:51:17Z,MGMT-01,JUMP-01,ACME\kpatel,inventory.exe,53,allowed,33065,benign,routine network
NET-00567,2026-09-02T11:52:25Z,MGMT-01,DC-01,ACME\admin.ops,powershell.exe,445,allowed,53131,benign,routine network
NET-01463,2026-09-02T12:03:16Z,FILE-02,MGMT-01,ACME\svc_patch,inventory.exe,53,allowed,9176,benign,routine network
NET-01253,2026-09-02T12:06:10Z,JUMP-01,APP-03,ACME\jsmith,inventory.exe,443,allowed,50108,benign,routine network
NET-01024,2026-09-02T12:15:36Z,DC-01,MGMT-01,NT AUTHORITY\SYSTEM,powershell.exe,53,allowed,6094,benign,routine network
NET-01114,2026-09-02T12:18:06Z,FILE-02,PATCH-01,ACME\admin.ops,inventory.exe,443,allowed,22240,benign,routine network
NET-00990,2026-09-02T12:20:00Z,MGMT-01,203.0.113.55,ACME\jsmith,System,445,allowed,44878,benign,routine network
NET-00050,2026-09-02T12:26:23Z,JUMP-01,HR-WS-22,NT AUTHORITY\SYSTEM,inventory.exe,443,allowed,73924,benign,routine network
NET-00639,2026-09-02T12:31:00Z,FILE-02,MGMT-01,ACME\svc_patch,inventory.exe,5985,allowed,22321,benign,routine network
NET-01235,2026-09-02T12:34:06Z,MGMT-01,PATCH-01,ACME\svc_patch,inventory.exe,443,allowed,67919,benign,routine network
NET-01759,2026-09-02T12:35:41Z,PATCH-01,DC-01,ACME\jsmith,inventory.exe,445,allowed,18398,benign,routine network
NET-01372,2026-09-02T12:44:41Z,MGMT-01,PATCH-01,NT AUTHORITY\SYSTEM,inventory.exe,53,allowed,4265,benign,routine network
NET-00488,2026-09-02T12:49:35Z,MGMT-01,DC-01,ACME\jsmith,patch-agent.exe,443,allowed,9570,benign,routine network
NET-00169,2026-09-02T12:49:40Z,APP-03,PATCH-01,NT AUTHORITY\SYSTEM,inventory.exe,443,allowed,1448,benign,routine network
NET-00636,2026-09-02T12:54:18Z,FILE-02,JUMP-01,ACME\svc_patch,inventory.exe,445,allowed,32404,benign,routine network
NET-00572,2026-09-02T12:54:56Z,FILE-02,HR-WS-22,ACME\admin.ops,System,445,allowed,65839,benign,routine network
NET-00458,2026-09-02T12:55:11Z,APP-03,JUMP-01,ACME\jsmith,System,5985,allowed,79320,benign,routine network
NET-00728,2026-09-02T13:07:28Z,MGMT-01,DC-01,ACME\svc_patch,patch-agent.exe,445,allowed,38127,benign,routine network
NET-00079,2026-09-02T13:11:46Z,HR-WS-22,PATCH-01,ACME\kpatel,powershell.exe,53,allowed,48272,benign,routine network
NET-01534,2026-09-02T13:17:33Z,PATCH-01,HR-WS-22,ACME\kpatel,powershell.exe,443,allowed,59364,benign,routine network
NET-00830,2026-09-02T13:23:50Z,HR-WS-22,DC-01,ACME\kpatel,patch-agent.exe,445,allowed,42844,benign,routine network
NET-00624,2026-09-02T13:32:51Z,PATCH-01,FILE-02,ACME\jsmith,inventory.exe,53,allowed,44321,benign,routine network
NET-01031,2026-09-02T13:38:36Z,MGMT-01,HR-WS-22,ACME\svc_patch,patch-agent.exe,443,allowed,54206,benign,routine network
NET-01198,2026-09-02T13:44:05Z,FILE-02,203.0.113.55,ACME\kpatel,patch-agent.exe,445,allowed,18896,benign,routine network
NET-00724,2026-09-02T13:45:30Z,PATCH-01,203.0.113.55,ACME\jsmith,powershell.exe,445,allowed,57125,benign,routine network
NET-00267,2026-09-02T13:49:18Z,APP-03,PATCH-01,ACME\jsmith,System,443,allowed,38384,benign,routine network
NET-01250,2026-09-02T13:54:49Z,FILE-02,FILE-02,ACME\kpatel,powershell.exe,5985,allowed,10654,benign,routine network
NET-01092,2026-09-02T13:55:50Z,APP-03,DC-01,NT AUTHORITY\SYSTEM,System,445,allowed,41318,benign,routine network
NET-00975,2026-09-02T13:59:45Z,JUMP-01,APP-03,ACME\kpatel,patch-agent.exe,443,allowed,47595,benign,routine network
NET-00057,2026-09-02T14:01:35Z,MGMT-01,PATCH-01,ACME\admin.ops,powershell.exe,443,allowed,50101,benign,routine network
NET-00905,2026-09-02T14:07:21Z,DC-01,FILE-02,ACME\kpatel,inventory.exe,443,allowed,3998,benign,routine network
NET-00626,2026-09-02T14:14:53Z,HR-WS-22,PATCH-01,ACME\svc_patch,patch-agent.exe,5985,allowed,75346,benign,routine network
NET-01415,2026-09-02T14:19:02Z,JUMP-01,PATCH-01,ACME\svc_patch,inventory.exe,445,allowed,13155,benign,routine network
NET-00289,2026-09-02T14:22:28Z,APP-03,203.0.113.55,NT AUTHORITY\SYSTEM,patch-agent.exe,53,allowed,43221,benign,routine network
NET-00438,2026-09-02T14:28:36Z,FILE-02,HR-WS-22,ACME\kpatel,System,443,allowed,1000,benign,routine network
NET-00061,2026-09-02T14:34:08Z,HR-WS-22,MGMT-01,NT AUTHORITY\SYSTEM,powershell.exe,53,allowed,34219,benign,routine network
NET-00550,2026-09-02T14:37:20Z,HR-WS-22,203.0.113.55,NT AUTHORITY\SYSTEM,patch-agent.exe,53,allowed,59474,benign,routine network
NET-00798,2026-09-02T14:39:01Z,PATCH-01,FILE-02,ACME\kpatel,System,5985,allowed,4675,benign,routine network
NET-01540,2026-09-02T14:45:36Z,DC-01,MGMT-01,NT AUTHORITY\SYSTEM,powershell.exe,443,allowed,59375,benign,routine network
NET-00985,2026-09-02T14:53:06Z,PATCH-01,DC-01,NT AUTHORITY\SYSTEM,System,5985,allowed,20207,benign,routine network
NET-00593,2026-09-02T14:54:39Z,JUMP-01,PATCH-01,ACME\kpatel,patch-agent.exe,5985,allowed,76541,benign,routine network
NET-00011,2026-09-02T15:03:48Z,DC-01,HR-WS-22,ACME\kpatel,patch-agent.exe,5985,allowed,72129,benign,routine network
NET-01150,2026-09-02T15:06:20Z,PATCH-01,203.0.113.55,ACME\kpatel,patch-agent.exe,53,allowed,13475,benign,routine network
NET-01088,2026-09-02T15:10:06Z,PATCH-01,HR-WS-22,NT AUTHORITY\SYSTEM,powershell.exe,443,allowed,45485,benign,routine network
NET-01251,2026-09-02T15:13:39Z,HR-WS-22,PATCH-01,ACME\kpatel,patch-agent.exe,445,allowed,39629,benign,routine network
NET-01692,2026-09-02T15:15:59Z,FILE-02,APP-03,ACME\svc_patch,powershell.exe,443,allowed,77123,benign,routine network
NET-01376,2026-09-02T15:19:18Z,HR-WS-22,PATCH-01,ACME\admin.ops,inventory.exe,5985,allowed,20670,benign,routine network
NET-00274,2026-09-02T15:22:49Z,JUMP-01,203.0.113.55,ACME\svc_patch,patch-agent.exe,5985,allowed,73410,benign,routine network
NET-00523,2026-09-02T15:25:13Z,HR-WS-22,203.0.113.55,NT AUTHORITY\SYSTEM,powershell.exe,443,allowed,45880,benign,routine network
NET-01550,2026-09-02T15:26:27Z,JUMP-01,FILE-02,ACME\kpatel,System,5985,allowed,38972,benign,routine network
NET-00529,2026-09-02T15:27:24Z,JUMP-01,FILE-02,ACME\jsmith,System,5985,allowed,15454,benign,routine network
NET-00878,2026-09-02T15:33:47Z,DC-01,MGMT-01,ACME\svc_patch,patch-agent.exe,445,allowed,63355,benign,routine network
NET-00517,2026-09-02T15:34:30Z,FILE-02,DC-01,ACME\admin.ops,System,445,allowed,69156,benign,routine network
NET-01709,2026-09-02T15:35:16Z,APP-03,HR-WS-22,ACME\admin.ops,powershell.exe,5985,allowed,40917,benign,routine network
NET-00175,2026-09-02T15:41:01Z,MGMT-01,FILE-02,NT AUTHORITY\SYSTEM,patch-agent.exe,443,allowed,64967,benign,routine network
NET-00968,2026-09-02T15:41:46Z,MGMT-01,APP-03,ACME\kpatel,System,53,allowed,55732,benign,routine network
NET-00662,2026-09-02T15:41:59Z,APP-03,203.0.113.55,ACME\jsmith,System,445,allowed,4414,benign,routine network
NET-00158,2026-09-02T15:42:03Z,JUMP-01,HR-WS-22,NT AUTHORITY\SYSTEM,patch-agent.exe,445,allowed,26319,benign,routine network
NET-00223,2026-09-02T15:42:40Z,HR-WS-22,DC-01,ACME\kpatel,System,445,allowed,40626,benign,routine network
NET-01658,2026-09-02T15:46:35Z,PATCH-01,DC-01,ACME\jsmith,powershell.exe,5985,allowed,74698,benign,routine network
NET-00819,2026-09-02T15:55:26Z,MGMT-01,APP-03,ACME\admin.ops,System,445,allowed,52204,benign,routine network
NET-01678,2026-09-02T15:59:26Z,APP-03,FILE-02,NT AUTHORITY\SYSTEM,patch-agent.exe,443,allowed,13543,benign,routine network
NET-01193,2026-09-02T15:59:56Z,FILE-02,PATCH-01,NT AUTHORITY\SYSTEM,powershell.exe,443,allowed,27354,benign,routine network
NET-00249,2026-09-02T16:00:35Z,HR-WS-22,FILE-02,ACME\admin.ops,System,53,allowed,77260,benign,routine network
NET-01578,2026-09-02T16:02:03Z,JUMP-01,HR-WS-22,ACME\jsmith,powershell.exe,53,allowed,30517,benign,routine network
NET-00879,2026-09-02T16:07:05Z,HR-WS-22,203.0.113.55,NT AUTHORITY\SYSTEM,powershell.exe,5985,allowed,65217,benign,routine network
NET-00763,2026-09-02T16:11:37Z,APP-03,APP-03,ACME\svc_patch,inventory.exe,53,allowed,35319,benign,routine network
NET-00901,2026-09-02T16:16:26Z,MGMT-01,HR-WS-22,ACME\admin.ops,powershell.exe,443,allowed,3358,benign,routine network
NET-01770,2026-09-02T16:17:35Z,PATCH-01,APP-03,NT AUTHORITY\SYSTEM,powershell.exe,443,allowed,58831,benign,routine network
NET-00551,2026-09-02T16:17:42Z,HR-WS-22,JUMP-01,ACME\kpatel,System,445,allowed,6198,benign,routine network
NET-01779,2026-09-02T16:18:33Z,HR-WS-22,MGMT-01,NT AUTHORITY\SYSTEM,inventory.exe,443,allowed,22140,benign,routine network
NET-00199,2026-09-02T16:18:44Z,PATCH-01,APP-03,ACME\kpatel,powershell.exe,53,allowed,73809,benign,routine network
NET-00088,2026-09-02T16:24:01Z,DC-01,APP-03,ACME\jsmith,patch-agent.exe,443,allowed,52180,benign,routine network
NET-01553,2026-09-02T16:27:42Z,DC-01,HR-WS-22,ACME\admin.ops,patch-agent.exe,445,allowed,47636,benign,routine network
NET-01404,2026-09-02T16:34:51Z,DC-01,203.0.113.55,ACME\kpatel,inventory.exe,53,allowed,44189,benign,routine network
NET-00941,2026-09-02T16:35:13Z,APP-03,203.0.113.55,NT AUTHORITY\SYSTEM,System,5985,allowed,30016,benign,routine network
NET-01607,2026-09-02T16:39:51Z,JUMP-01,JUMP-01,ACME\svc_patch,System,443,allowed,9614,benign,routine network
NET-00506,2026-09-02T16:41:24Z,MGMT-01,MGMT-01,ACME\svc_patch,System,53,allowed,8114,benign,routine network
NET-01726,2026-09-02T16:44:50Z,APP-03,PATCH-01,NT AUTHORITY\SYSTEM,inventory.exe,53,allowed,60939,benign,routine network
NET-01246,2026-09-02T16:46:10Z,FILE-02,HR-WS-22,NT AUTHORITY\SYSTEM,powershell.exe,5985,allowed,35698,benign,routine network
NET-01069,2026-09-02T16:47:12Z,HR-WS-22,DC-01,NT AUTHORITY\SYSTEM,patch-agent.exe,443,allowed,78305,benign,routine network
NET-01787,2026-09-02T16:47:46Z,JUMP-01,DC-01,ACME\kpatel,inventory.exe,445,allowed,60818,benign,routine network
NET-01338,2026-09-02T16:50:13Z,APP-03,MGMT-01,ACME\svc_patch,System,445,allowed,55801,benign,routine network
NET-01571,2026-09-02T16:59:59Z,JUMP-01,HR-WS-22,ACME\jsmith,powershell.exe,445,allowed,72164,benign,routine network
NET-00772,2026-09-02T17:07:10Z,DC-01,FILE-02,NT AUTHORITY\SYSTEM,powershell.exe,5985,allowed,32324,benign,routine network
NET-01788,2026-09-02T17:08:41Z,JUMP-01,PATCH-01,ACME\svc_patch,System,445,allowed,7928,benign,routine network
NET-00147,2026-09-02T17:09:15Z,FILE-02,MGMT-01,ACME\jsmith,System,53,allowed,1260,benign,routine network
NET-01125,2026-09-02T17:14:48Z,PATCH-01,PATCH-01,ACME\admin.ops,System,443,allowed,21971,benign,routine network
NET-01577,2026-09-02T17:23:42Z,FILE-02,APP-03,ACME\admin.ops,powershell.exe,53,allowed,66700,benign,routine network
NET-01624,2026-09-02T17:24:28Z,MGMT-01,MGMT-01,ACME\kpatel,powershell.exe,5985,allowed,35430,benign,routine network
NET-00409,2026-09-02T17:26:52Z,APP-03,PATCH-01,ACME\jsmith,patch-agent.exe,443,allowed,46306,benign,routine network
NET-01073,2026-09-02T17:27:23Z,FILE-02,MGMT-01,NT AUTHORITY\SYSTEM,patch-agent.exe,443,allowed,79121,benign,routine network
NET-00583,2026-09-02T17:30:23Z,FILE-02,MGMT-01,ACME\jsmith,inventory.exe,5985,allowed,23356,benign,routine network
NET-01794,2026-09-02T17:32:30Z,APP-03,203.0.113.55,ACME\svc_patch,System,445,allowed,78911,benign,routine network
NET-01330,2026-09-02T17:38:54Z,FILE-02,JUMP-01,ACME\kpatel,patch-agent.exe,53,allowed,61904,benign,routine network
NET-00765,2026-09-02T17:43:59Z,MGMT-01,APP-03,ACME\kpatel,inventory.exe,53,allowed,32842,benign,routine network
NET-00570,2026-09-02T17:44:24Z,DC-01,203.0.113.55,ACME\jsmith,patch-agent.exe,445,allowed,64514,benign,routine network
NET-01684,2026-09-02T17:44:37Z,PATCH-01,PATCH-01,ACME\jsmith,powershell.exe,443,allowed,50299,benign,routine network
NET-01018,2026-09-02T17:49:12Z,PATCH-01,PATCH-01,ACME\jsmith,patch-agent.exe,443,allowed,65394,benign,routine network
NET-01243,2026-09-02T18:02:03Z,DC-01,203.0.113.55,ACME\jsmith,powershell.exe,53,allowed,35336,benign,routine network
NET-01308,2026-09-02T18:13:10Z,MGMT-01,JUMP-01,ACME\svc_patch,System,5985,allowed,52775,benign,routine network
NET-01374,2026-09-02T18:36:35Z,DC-01,MGMT-01,ACME\jsmith,patch-agent.exe,53,allowed,15329,benign,routine network
NET-00480,2026-09-02T18:43:17Z,FILE-02,MGMT-01,ACME\svc_patch,powershell.exe,443,allowed,72710,benign,routine network
NET-01414,2026-09-02T18:51:35Z,APP-03,DC-01,NT AUTHORITY\SYSTEM,patch-agent.exe,5985,allowed,49063,benign,routine network
NET-00207,2026-09-02T18:55:09Z,MGMT-01,PATCH-01,ACME\jsmith,System,5985,allowed,56063,benign,routine network
NET-00099,2026-09-02T18:55:39Z,JUMP-01,PATCH-01,ACME\kpatel,System,5985,allowed,10215,benign,routine network
NET-00623,2026-09-02T18:58:45Z,MGMT-01,FILE-02,ACME\jsmith,patch-agent.exe,443,allowed,37480,benign,routine network
NET-01264,2026-09-02T19:02:35Z,MGMT-01,DC-01,ACME\admin.ops,System,5985,allowed,29835,benign,routine network
NET-01409,2026-09-02T19:05:02Z,FILE-02,FILE-02,ACME\svc_patch,inventory.exe,53,allowed,70061,benign,routine network
NET-00487,2026-09-02T19:20:40Z,PATCH-01,MGMT-01,ACME\svc_patch,patch-agent.exe,53,allowed,25253,benign,routine network
NET-01199,2026-09-02T19:20:46Z,JUMP-01,PATCH-01,ACME\kpatel,inventory.exe,443,allowed,2370,benign,routine network
NET-01395,2026-09-02T19:24:16Z,DC-01,203.0.113.55,ACME\jsmith,System,445,allowed,53613,benign,routine network
NET-01754,2026-09-02T19:28:19Z,HR-WS-22,APP-03,NT AUTHORITY\SYSTEM,patch-agent.exe,445,allowed,65534,benign,routine network
NET-00283,2026-09-02T19:46:36Z,MGMT-01,JUMP-01,NT AUTHORITY\SYSTEM,System,443,allowed,51830,benign,routine network
NET-00074,2026-09-02T20:05:53Z,MGMT-01,FILE-02,ACME\kpatel,inventory.exe,5985,allowed,36038,benign,routine network
NET-00120,2026-09-02T20:09:31Z,PATCH-01,PATCH-01,NT AUTHORITY\SYSTEM,powershell.exe,5985,allowed,63126,benign,routine network
NET-01165,2026-09-02T20:10:51Z,HR-WS-22,FILE-02,ACME\jsmith,System,445,allowed,3511,benign,routine network
NET-01108,2026-09-02T20:18:20Z,APP-03,PATCH-01,ACME\kpatel,powershell.exe,445,allowed,77615,benign,routine network
NET-01452,2026-09-02T20:22:34Z,PATCH-01,APP-03,ACME\kpatel,patch-agent.exe,5985,allowed,2625,benign,routine network
NET-01782,2026-09-02T20:27:36Z,JUMP-01,DC-01,ACME\jsmith,powershell.exe,53,allowed,67310,benign,routine network
NET-01736,2026-09-02T20:31:56Z,APP-03,MGMT-01,ACME\kpatel,powershell.exe,443,allowed,47845,benign,routine network
NET-01319,2026-09-02T20:31:59Z,FILE-02,203.0.113.55,ACME\svc_patch,System,53,allowed,47878,benign,routine network
NET-00802,2026-09-02T20:34:30Z,DC-01,JUMP-01,ACME\kpatel,powershell.exe,53,allowed,52729,benign,routine network
NET-00651,2026-09-02T20:35:10Z,HR-WS-22,APP-03,ACME\kpatel,inventory.exe,53,allowed,33658,benign,routine network
NET-01219,2026-09-02T20:35:30Z,APP-03,PATCH-01,ACME\admin.ops,System,445,allowed,61124,benign,routine network
NET-00505,2026-09-02T20:40:17Z,PATCH-01,203.0.113.55,ACME\jsmith,powershell.exe,5985,allowed,79159,benign,routine network
NET-00448,2026-09-02T20:43:32Z,PATCH-01,JUMP-01,ACME\admin.ops,inventory.exe,53,allowed,60702,benign,routine network
NET-01562,2026-09-02T20:51:57Z,FILE-02,MGMT-01,ACME\jsmith,inventory.exe,445,allowed,69076,benign,routine network
NET-00382,2026-09-02T20:56:13Z,FILE-02,JUMP-01,NT AUTHORITY\SYSTEM,powershell.exe,443,allowed,62357,benign,routine network
NET-00564,2026-09-02T21:04:52Z,PATCH-01,APP-03,NT AUTHORITY\SYSTEM,System,53,allowed,2579,benign,routine network
NET-00499,2026-09-02T21:05:52Z,JUMP-01,DC-01,NT AUTHORITY\SYSTEM,inventory.exe,443,allowed,18905,benign,routine network
NET-00124,2026-09-02T21:06:13Z,DC-01,203.0.113.55,ACME\admin.ops,System,5985,allowed,519,benign,routine network
NET-01070,2026-09-02T21:07:40Z,JUMP-01,203.0.113.55,NT AUTHORITY\SYSTEM,inventory.exe,443,allowed,61676,benign,routine network
NET-01223,2026-09-02T21:13:23Z,PATCH-01,HR-WS-22,ACME\kpatel,patch-agent.exe,443,allowed,32923,benign,routine network
NET-01433,2026-09-02T21:18:01Z,FILE-02,PATCH-01,ACME\kpatel,powershell.exe,445,allowed,20164,benign,routine network
NET-01234,2026-09-02T21:18:06Z,PATCH-01,JUMP-01,NT AUTHORITY\SYSTEM,patch-agent.exe,443,allowed,12607,benign,routine network
NET-00459,2026-09-02T21:21:13Z,FILE-02,MGMT-01,ACME\kpatel,System,445,allowed,35352,benign,routine network
NET-00358,2026-09-02T21:23:51Z,APP-03,HR-WS-22,ACME\admin.ops,patch-agent.exe,445,allowed,15031,benign,routine network
NET-01491,2026-09-02T21:32:37Z,JUMP-01,PATCH-01,ACME\admin.ops,inventory.exe,445,allowed,64914,benign,routine network
NET-00842,2026-09-02T21:40:50Z,DC-01,APP-03,NT AUTHORITY\SYSTEM,patch-agent.exe,53,allowed,40568,benign,routine network
NET-00340,2026-09-02T21:44:02Z,MGMT-01,HR-WS-22,ACME\jsmith,System,5985,allowed,77396,benign,routine network
NET-01407,2026-09-02T21:50:18Z,FILE-02,DC-01,ACME\admin.ops,patch-agent.exe,53,allowed,35529,benign,routine network
NET-00142,2026-09-02T21:55:56Z,DC-01,HR-WS-22,NT AUTHORITY\SYSTEM,inventory.exe,53,allowed,5186,benign,routine network
NET-01531,2026-09-02T21:56:31Z,JUMP-01,203.0.113.55,NT AUTHORITY\SYSTEM,System,445,allowed,24819,benign,routine network
NET-01258,2026-09-02T21:58:33Z,DC-01,JUMP-01,NT AUTHORITY\SYSTEM,powershell.exe,5985,allowed,29150,benign,routine network
NET-00627,2026-09-02T22:01:31Z,JUMP-01,MGMT-01,ACME\admin.ops,powershell.exe,5985,allowed,58031,benign,routine network
NET-00877,2026-09-02T22:01:47Z,PATCH-01,FILE-02,ACME\kpatel,powershell.exe,53,allowed,71306,benign,routine network
NET-01334,2026-09-02T22:02:30Z,FILE-02,HR-WS-22,ACME\svc_patch,patch-agent.exe,443,allowed,59856,benign,routine network
NET-01107,2026-09-02T22:03:22Z,DC-01,JUMP-01,ACME\jsmith,patch-agent.exe,443,allowed,2477,benign,routine network
NET-01582,2026-09-02T22:04:37Z,DC-01,HR-WS-22,ACME\svc_patch,inventory.exe,443,allowed,55709,benign,routine network
NET-00467,2026-09-02T22:07:44Z,FILE-02,HR-WS-22,ACME\jsmith,System,443,allowed,74703,benign,routine network
NET-01302,2026-09-02T22:16:07Z,JUMP-01,HR-WS-22,ACME\kpatel,inventory.exe,445,allowed,63392,benign,routine network
NET-00553,2026-09-02T22:16:14Z,HR-WS-22,203.0.113.55,ACME\jsmith,System,443,allowed,27074,benign,routine network
NET-00496,2026-09-02T22:19:42Z,HR-WS-22,203.0.113.55,ACME\jsmith,inventory.exe,443,allowed,20332,benign,routine network
NET-01284,2026-09-02T22:23:49Z,JUMP-01,PATCH-01,NT AUTHORITY\SYSTEM,inventory.exe,53,allowed,20145,benign,routine network
NET-00789,2026-09-02T22:26:15Z,JUMP-01,DC-01,NT AUTHORITY\SYSTEM,patch-agent.exe,443,allowed,61442,benign,routine network
NET-01140,2026-09-02T22:34:08Z,DC-01,FILE-02,ACME\kpatel,System,445,allowed,37051,benign,routine network
NET-01001,2026-09-02T22:36:00Z,FILE-02,HR-WS-22,ACME\kpatel,inventory.exe,445,allowed,62217,benign,routine network
NET-01171,2026-09-02T22:36:37Z,HR-WS-22,203.0.113.55,NT AUTHORITY\SYSTEM,powershell.exe,53,allowed,4799,benign,routine network
NET-00083,2026-09-02T22:38:30Z,APP-03,HR-WS-22,ACME\admin.ops,patch-agent.exe,445,allowed,50957,benign,routine network
NET-00948,2026-09-02T22:38:39Z,DC-01,MGMT-01,ACME\admin.ops,inventory.exe,53,allowed,48724,benign,routine network
NET-01423,2026-09-02T22:39:51Z,JUMP-01,HR-WS-22,ACME\kpatel,patch-agent.exe,5985,allowed,67341,benign,routine network
NET-01711,2026-09-02T22:48:54Z,HR-WS-22,DC-01,ACME\admin.ops,inventory.exe,443,allowed,68340,benign,routine network
NET-01188,2026-09-02T22:51:08Z,HR-WS-22,APP-03,ACME\admin.ops,inventory.exe,443,allowed,9892,benign,routine network
NET-01293,2026-09-02T23:05:34Z,PATCH-01,DC-01,ACME\svc_patch,System,443,allowed,63355,benign,routine network
NET-00690,2026-09-02T23:06:27Z,APP-03,JUMP-01,ACME\kpatel,powershell.exe,5985,allowed,71068,benign,routine network
NET-00097,2026-09-02T23:14:58Z,APP-03,JUMP-01,ACME\admin.ops,powershell.exe,445,allowed,3426,benign,routine network
NET-00068,2026-09-02T23:15:03Z,JUMP-01,FILE-02,ACME\admin.ops,System,443,allowed,66518,benign,routine network
NET-00449,2026-09-02T23:17:46Z,DC-01,MGMT-01,ACME\kpatel,System,445,allowed,10339,benign,routine network
NET-01173,2026-09-02T23:19:01Z,APP-03,APP-03,ACME\svc_patch,patch-agent.exe,53,allowed,43503,benign,routine network
NET-01045,2026-09-02T23:32:14Z,PATCH-01,JUMP-01,ACME\admin.ops,patch-agent.exe,5985,allowed,17614,benign,routine network
NET-00965,2026-09-02T23:34:46Z,FILE-02,HR-WS-22,ACME\kpatel,powershell.exe,443,allowed,70654,benign,routine network
NET-01780,2026-09-02T23:40:46Z,HR-WS-22,HR-WS-22,ACME\kpatel,patch-agent.exe,443,allowed,33278,benign,routine network
NET-01628,2026-09-02T23:48:21Z,DC-01,MGMT-01,ACME\admin.ops,powershell.exe,445,allowed,62620,benign,routine network
NET-00329,2026-09-02T23:54:34Z,JUMP-01,FILE-02,ACME\kpatel,System,445,allowed,70884,benign,routine network
NET-00146,2026-09-02T23:58:05Z,DC-01,203.0.113.55,ACME\admin.ops,patch-agent.exe,443,allowed,39191,benign,routine network
NET-01706,2026-09-02T23:59:20Z,MGMT-01,203.0.113.55,NT AUTHORITY\SYSTEM,patch-agent.exe,443,allowed,10627,benign,routine network
NET-00514,2026-09-03T00:15:54Z,MGMT-01,MGMT-01,ACME\svc_patch,powershell.exe,445,allowed,38138,benign,routine network
NET-01790,2026-09-03T00:25:22Z,JUMP-01,DC-01,NT AUTHORITY\SYSTEM,inventory.exe,443,allowed,68398,benign,routine network
NET-00880,2026-09-03T00:41:43Z,PATCH-01,PATCH-01,ACME\svc_patch,patch-agent.exe,5985,allowed,34909,benign,routine network
NET-01178,2026-09-03T00:53:44Z,MGMT-01,APP-03,ACME\admin.ops,inventory.exe,443,allowed,64947,benign,routine network
NET-00670,2026-09-03T00:54:00Z,PATCH-01,DC-01,ACME\kpatel,patch-agent.exe,53,allowed,42774,benign,routine network
NET-01322,2026-09-03T00:54:02Z,HR-WS-22,MGMT-01,ACME\svc_patch,inventory.exe,53,allowed,43230,benign,routine network
NET-00468,2026-09-03T01:04:52Z,APP-03,JUMP-01,ACME\kpatel,inventory.exe,445,allowed,75686,benign,routine network
NET-01028,2026-09-03T01:05:24Z,HR-WS-22,HR-WS-22,ACME\kpatel,patch-agent.exe,53,allowed,45163,benign,routine network
NET-00439,2026-09-03T01:07:15Z,APP-03,203.0.113.55,ACME\kpatel,inventory.exe,5985,allowed,71950,benign,routine network
NET-01222,2026-09-03T01:07:37Z,FILE-02,JUMP-01,ACME\admin.ops,powershell.exe,53,allowed,46736,benign,routine network
NET-01595,2026-09-03T01:17:25Z,HR-WS-22,FILE-02,ACME\kpatel,System,445,allowed,14374,benign,routine network
NET-00779,2026-09-03T01:18:20Z,JUMP-01,PATCH-01,ACME\admin.ops,System,443,allowed,17731,benign,routine network
NET-00020,2026-09-03T01:24:27Z,FILE-02,203.0.113.55,ACME\kpatel,System,445,allowed,1731,benign,routine network
NET-01587,2026-09-03T01:27:19Z,HR-WS-22,APP-03,NT AUTHORITY\SYSTEM,System,5985,allowed,22820,benign,routine network
NET-00655,2026-09-03T01:28:44Z,JUMP-01,APP-03,ACME\svc_patch,powershell.exe,53,allowed,20882,benign,routine network
NET-00607,2026-09-03T01:31:39Z,HR-WS-22,FILE-02,ACME\admin.ops,inventory.exe,445,allowed,22343,benign,routine network
NET-01275,2026-09-03T01:35:00Z,DC-01,PATCH-01,ACME\kpatel,System,443,allowed,28911,benign,routine network
NET-01642,2026-09-03T01:37:39Z,PATCH-01,PATCH-01,ACME\svc_patch,System,5985,allowed,62994,benign,routine network
NET-00299,2026-09-03T01:39:22Z,MGMT-01,MGMT-01,NT AUTHORITY\SYSTEM,powershell.exe,5985,allowed,40473,benign,routine network
NET-00086,2026-09-03T01:40:07Z,JUMP-01,DC-01,ACME\kpatel,patch-agent.exe,5985,allowed,74812,benign,routine network
NET-01056,2026-09-03T01:49:02Z,HR-WS-22,DC-01,NT AUTHORITY\SYSTEM,patch-agent.exe,5985,allowed,9991,benign,routine network
NET-00377,2026-09-03T01:51:15Z,MGMT-01,APP-03,ACME\admin.ops,System,445,allowed,54679,benign,routine network
NET-00503,2026-09-03T01:55:00Z,HR-WS-22,203.0.113.55,ACME\kpatel,powershell.exe,53,allowed,13814,benign,routine network
NET-00560,2026-09-03T01:57:35Z,HR-WS-22,FILE-02,NT AUTHORITY\SYSTEM,System,445,allowed,59128,benign,routine network
NET-00482,2026-09-03T02:10:28Z,HR-WS-22,PATCH-01,ACME\jsmith,patch-agent.exe,53,allowed,39460,benign,routine network
NET-00563,2026-09-03T02:12:36Z,JUMP-01,PATCH-01,NT AUTHORITY\SYSTEM,patch-agent.exe,443,allowed,78925,benign,routine network
NET-01337,2026-09-03T02:15:59Z,FILE-02,FILE-02,ACME\svc_patch,inventory.exe,445,allowed,50204,benign,routine network
NET-00760,2026-09-03T02:17:11Z,PATCH-01,DC-01,NT AUTHORITY\SYSTEM,System,5985,allowed,49135,benign,routine network
NET-00738,2026-09-03T02:18:19Z,APP-03,JUMP-01,ACME\kpatel,inventory.exe,53,allowed,70801,benign,routine network
NET-00718,2026-09-03T02:18:29Z,DC-01,APP-03,ACME\jsmith,inventory.exe,445,allowed,18629,benign,routine network
NET-00919,2026-09-03T02:18:31Z,JUMP-01,DC-01,ACME\svc_patch,System,445,allowed,49201,benign,routine network
NET-01083,2026-09-03T02:25:05Z,MGMT-01,HR-WS-22,ACME\admin.ops,inventory.exe,443,allowed,57483,benign,routine network
NET-01645,2026-09-03T02:26:54Z,FILE-02,MGMT-01,ACME\svc_patch,System,53,allowed,77286,benign,routine network
NET-00875,2026-09-03T02:28:56Z,JUMP-01,MGMT-01,NT AUTHORITY\SYSTEM,patch-agent.exe,445,allowed,35860,benign,routine network
NET-01625,2026-09-03T02:45:51Z,APP-03,PATCH-01,NT AUTHORITY\SYSTEM,System,5985,allowed,2250,benign,routine network
NET-01686,2026-09-03T02:51:22Z,HR-WS-22,PATCH-01,ACME\svc_patch,patch-agent.exe,445,allowed,22513,benign,routine network
NET-00851,2026-09-03T02:51:40Z,APP-03,FILE-02,ACME\admin.ops,powershell.exe,443,allowed,31115,benign,routine network
NET-00296,2026-09-03T02:52:49Z,DC-01,PATCH-01,NT AUTHORITY\SYSTEM,System,445,allowed,66191,benign,routine network
NET-00835,2026-09-03T02:53:10Z,FILE-02,203.0.113.55,ACME\admin.ops,inventory.exe,53,allowed,76913,benign,routine network
NET-00204,2026-09-03T02:54:58Z,PATCH-01,DC-01,ACME\kpatel,System,53,allowed,47440,benign,routine network
NET-01130,2026-09-03T02:55:39Z,APP-03,FILE-02,NT AUTHORITY\SYSTEM,powershell.exe,445,allowed,38397,benign,routine network
NET-00612,2026-09-03T03:02:01Z,APP-03,DC-01,ACME\svc_patch,inventory.exe,5985,allowed,47937,benign,routine network
NET-00963,2026-09-03T03:08:26Z,JUMP-01,PATCH-01,ACME\kpatel,System,53,allowed,3249,benign,routine network
NET-01375,2026-09-03T03:18:46Z,MGMT-01,FILE-02,NT AUTHORITY\SYSTEM,powershell.exe,53,allowed,62972,benign,routine network
NET-01715,2026-09-03T03:23:50Z,APP-03,PATCH-01,NT AUTHORITY\SYSTEM,patch-agent.exe,445,allowed,12847,benign,routine network
NET-00026,2026-09-03T03:23:52Z,APP-03,APP-03,ACME\kpatel,patch-agent.exe,443,allowed,6146,benign,routine network
NET-01159,2026-09-03T03:25:45Z,FILE-02,MGMT-01,ACME\admin.ops,powershell.exe,53,allowed,74269,benign,routine network
NET-01339,2026-09-03T03:26:14Z,MGMT-01,MGMT-01,ACME\admin.ops,powershell.exe,445,allowed,49607,benign,routine network
NET-00927,2026-09-03T03:28:12Z,MGMT-01,MGMT-01,ACME\svc_patch,inventory.exe,445,allowed,41587,benign,routine network
NET-00104,2026-09-03T03:38:59Z,MGMT-01,DC-01,NT AUTHORITY\SYSTEM,inventory.exe,443,allowed,5547,benign,routine network
NET-00756,2026-09-03T03:42:06Z,JUMP-01,PATCH-01,ACME\jsmith,patch-agent.exe,5985,allowed,61464,benign,routine network
NET-01267,2026-09-03T03:44:19Z,MGMT-01,APP-03,ACME\jsmith,powershell.exe,5985,allowed,5608,benign,routine network
NET-01799,2026-09-03T03:46:45Z,PATCH-01,APP-03,NT AUTHORITY\SYSTEM,System,53,allowed,43227,benign,routine network
NET-01211,2026-09-03T03:50:12Z,PATCH-01,JUMP-01,ACME\jsmith,System,53,allowed,5498,benign,routine network
NET-01560,2026-09-03T03:53:31Z,HR-WS-22,FILE-02,NT AUTHORITY\SYSTEM,patch-agent.exe,53,allowed,44496,benign,routine network
NET-00174,2026-09-03T03:56:29Z,FILE-02,203.0.113.55,ACME\admin.ops,inventory.exe,445,allowed,43656,benign,routine network
NET-01695,2026-09-03T03:57:24Z,HR-WS-22,APP-03,ACME\svc_patch,patch-agent.exe,443,allowed,79820,benign,routine network
NET-00425,2026-09-03T03:58:35Z,DC-01,HR-WS-22,ACME\admin.ops,patch-agent.exe,5985,allowed,54332,benign,routine network
NET-01345,2026-09-03T04:00:47Z,JUMP-01,HR-WS-22,NT AUTHORITY\SYSTEM,System,5985,allowed,14598,benign,routine network
NET-01563,2026-09-03T04:03:37Z,APP-03,203.0.113.55,ACME\jsmith,powershell.exe,53,allowed,5745,benign,routine network
NET-00194,2026-09-03T04:06:51Z,PATCH-01,HR-WS-22,ACME\svc_patch,inventory.exe,443,allowed,34683,benign,routine network
NET-00300,2026-09-03T04:18:09Z,MGMT-01,MGMT-01,ACME\admin.ops,System,443,allowed,18477,benign,routine network
NET-00987,2026-09-03T04:33:24Z,DC-01,MGMT-01,ACME\jsmith,inventory.exe,53,allowed,20162,benign,routine network
NET-00869,2026-09-03T04:36:20Z,HR-WS-22,APP-03,ACME\admin.ops,inventory.exe,443,allowed,46765,benign,routine network
NET-00381,2026-09-03T04:36:53Z,APP-03,DC-01,NT AUTHORITY\SYSTEM,powershell.exe,443,allowed,21015,benign,routine network
NET-01432,2026-09-03T04:37:40Z,HR-WS-22,203.0.113.55,ACME\jsmith,powershell.exe,53,allowed,76996,benign,routine network
NET-01321,2026-09-03T04:45:47Z,FILE-02,PATCH-01,NT AUTHORITY\SYSTEM,System,443,allowed,69113,benign,routine network
NET-00411,2026-09-03T04:48:25Z,PATCH-01,HR-WS-22,ACME\kpatel,System,445,allowed,63873,benign,routine network
NET-01151,2026-09-03T04:48:37Z,JUMP-01,203.0.113.55,ACME\admin.ops,inventory.exe,445,allowed,45515,benign,routine network
NET-01460,2026-09-03T04:51:19Z,APP-03,JUMP-01,ACME\kpatel,powershell.exe,5985,allowed,8085,benign,routine network
NET-00863,2026-09-03T04:52:59Z,DC-01,MGMT-01,ACME\admin.ops,System,5985,allowed,37920,benign,routine network
NET-00059,2026-09-03T05:08:58Z,JUMP-01,JUMP-01,ACME\svc_patch,powershell.exe,445,allowed,66458,benign,routine network
NET-00446,2026-09-03T05:10:55Z,APP-03,APP-03,ACME\svc_patch,System,445,allowed,20293,benign,routine network
NET-00298,2026-09-03T05:14:57Z,HR-WS-22,203.0.113.55,ACME\svc_patch,inventory.exe,53,allowed,79866,benign,routine network
NET-00090,2026-09-03T05:15:33Z,MGMT-01,MGMT-01,ACME\svc_patch,System,53,allowed,63412,benign,routine network
NET-01483,2026-09-03T05:26:08Z,FILE-02,HR-WS-22,ACME\admin.ops,patch-agent.exe,443,allowed,36519,benign,routine network
NET-00445,2026-09-03T05:29:56Z,PATCH-01,JUMP-01,NT AUTHORITY\SYSTEM,System,445,allowed,78803,benign,routine network
NET-01380,2026-09-03T05:32:29Z,MGMT-01,FILE-02,ACME\admin.ops,inventory.exe,5985,allowed,10572,benign,routine network
NET-00155,2026-09-03T05:33:47Z,FILE-02,FILE-02,ACME\admin.ops,patch-agent.exe,53,allowed,45666,benign,routine network
NET-01093,2026-09-03T05:38:35Z,MGMT-01,MGMT-01,ACME\jsmith,inventory.exe,53,allowed,73853,benign,routine network
NET-01087,2026-09-03T05:41:33Z,FILE-02,FILE-02,ACME\admin.ops,patch-agent.exe,445,allowed,18063,benign,routine network
NET-01364,2026-09-03T05:41:48Z,JUMP-01,PATCH-01,ACME\admin.ops,patch-agent.exe,53,allowed,6322,benign,routine network
NET-00044,2026-09-03T05:50:53Z,PATCH-01,PATCH-01,ACME\kpatel,inventory.exe,5985,allowed,25696,benign,routine network
NET-00196,2026-09-03T05:53:23Z,FILE-02,PATCH-01,NT AUTHORITY\SYSTEM,inventory.exe,53,allowed,1772,benign,routine network
NET-01670,2026-09-03T05:59:14Z,MGMT-01,PATCH-01,ACME\kpatel,System,5985,allowed,64756,benign,routine network
NET-00111,2026-09-03T06:03:40Z,PATCH-01,FILE-02,NT AUTHORITY\SYSTEM,System,53,allowed,47104,benign,routine network
NET-00313,2026-09-03T06:07:25Z,APP-03,JUMP-01,ACME\admin.ops,inventory.exe,5985,allowed,21657,benign,routine network
NET-01233,2026-09-03T06:10:44Z,DC-01,HR-WS-22,ACME\admin.ops,inventory.exe,53,allowed,25842,benign,routine network
NET-01530,2026-09-03T06:11:10Z,MGMT-01,APP-03,NT AUTHORITY\SYSTEM,System,445,allowed,23565,benign,routine network
NET-00611,2026-09-03T06:11:12Z,PATCH-01,MGMT-01,ACME\svc_patch,patch-agent.exe,53,allowed,75426,benign,routine network
NET-00494,2026-09-03T06:22:11Z,JUMP-01,JUMP-01,ACME\admin.ops,System,443,allowed,55429,benign,routine network
NET-00098,2026-09-03T06:29:38Z,DC-01,HR-WS-22,ACME\jsmith,patch-agent.exe,5985,allowed,25109,benign,routine network
NET-00218,2026-09-03T06:37:03Z,HR-WS-22,203.0.113.55,ACME\kpatel,System,443,allowed,59279,benign,routine network
NET-00100,2026-09-03T06:38:32Z,JUMP-01,203.0.113.55,NT AUTHORITY\SYSTEM,System,5985,allowed,1895,benign,routine network
NET-00796,2026-09-03T06:48:15Z,DC-01,PATCH-01,ACME\svc_patch,powershell.exe,53,allowed,26048,benign,routine network
NET-00231,2026-09-03T06:49:49Z,MGMT-01,APP-03,ACME\admin.ops,patch-agent.exe,5985,allowed,22299,benign,routine network
NET-00949,2026-09-03T06:51:08Z,HR-WS-22,DC-01,ACME\svc_patch,powershell.exe,5985,allowed,31076,benign,routine network
NET-00345,2026-09-03T06:53:55Z,PATCH-01,JUMP-01,ACME\kpatel,patch-agent.exe,53,allowed,46880,benign,routine network
NET-01492,2026-09-03T07:02:16Z,PATCH-01,203.0.113.55,NT AUTHORITY\SYSTEM,powershell.exe,53,allowed,53490,benign,routine network
NET-00179,2026-09-03T07:08:30Z,APP-03,203.0.113.55,ACME\jsmith,powershell.exe,445,allowed,30311,benign,routine network
NET-01038,2026-09-03T07:10:52Z,MGMT-01,JUMP-01,ACME\jsmith,System,445,allowed,26888,benign,routine network
NET-00710,2026-09-03T07:11:27Z,DC-01,DC-01,ACME\jsmith,inventory.exe,445,allowed,51244,benign,routine network
NET-01369,2026-09-03T07:13:02Z,APP-03,203.0.113.55,ACME\svc_patch,patch-agent.exe,53,allowed,5503,benign,routine network
NET-01529,2026-09-03T07:14:18Z,APP-03,MGMT-01,ACME\kpatel,powershell.exe,5985,allowed,16461,benign,routine network
NET-01068,2026-09-03T07:37:54Z,HR-WS-22,JUMP-01,ACME\kpatel,patch-agent.exe,445,allowed,12963,benign,routine network
NET-01237,2026-09-03T07:49:26Z,MGMT-01,FILE-02,ACME\jsmith,powershell.exe,5985,allowed,5761,benign,routine network
NET-01671,2026-09-03T07:57:07Z,FILE-02,PATCH-01,ACME\jsmith,System,5985,allowed,49909,benign,routine network
NET-00943,2026-09-03T07:58:13Z,HR-WS-22,PATCH-01,NT AUTHORITY\SYSTEM,inventory.exe,53,allowed,79789,benign,routine network
NET-00034,2026-09-03T08:06:21Z,MGMT-01,HR-WS-22,NT AUTHORITY\SYSTEM,patch-agent.exe,53,allowed,72260,benign,routine network
NET-01548,2026-09-03T08:08:19Z,APP-03,MGMT-01,ACME\admin.ops,inventory.exe,445,allowed,36512,benign,routine network
NET-00793,2026-09-03T08:08:20Z,FILE-02,HR-WS-22,ACME\kpatel,System,443,allowed,51946,benign,routine network
NET-01206,2026-09-03T08:11:23Z,PATCH-01,APP-03,ACME\jsmith,System,53,allowed,20372,benign,routine network
NET-00922,2026-09-03T08:13:34Z,DC-01,FILE-02,ACME\jsmith,System,5985,allowed,29217,benign,routine network
NET-00082,2026-09-03T08:15:18Z,APP-03,MGMT-01,ACME\svc_patch,powershell.exe,53,allowed,35030,benign,routine network
NET-01331,2026-09-03T08:16:29Z,HR-WS-22,HR-WS-22,ACME\svc_patch,powershell.exe,53,allowed,6067,benign,routine network
NET-01388,2026-09-03T08:19:59Z,MGMT-01,MGMT-01,NT AUTHORITY\SYSTEM,inventory.exe,445,allowed,56304,benign,routine network
NET-01397,2026-09-03T08:26:38Z,FILE-02,APP-03,ACME\kpatel,patch-agent.exe,53,allowed,78876,benign,routine network
NET-01428,2026-09-03T08:26:54Z,HR-WS-22,203.0.113.55,ACME\jsmith,System,53,allowed,55598,benign,routine network
NET-01506,2026-09-03T08:30:46Z,FILE-02,DC-01,ACME\kpatel,System,443,allowed,785,benign,routine network
NET-00535,2026-09-03T08:36:07Z,MGMT-01,FILE-02,ACME\admin.ops,patch-agent.exe,5985,allowed,38931,benign,routine network
NET-01789,2026-09-03T08:38:47Z,DC-01,HR-WS-22,ACME\admin.ops,patch-agent.exe,53,allowed,1782,benign,routine network
NET-01648,2026-09-03T08:58:41Z,MGMT-01,JUMP-01,ACME\svc_patch,patch-agent.exe,445,allowed,2255,benign,routine network
NET-00167,2026-09-03T09:04:45Z,FILE-02,FILE-02,ACME\kpatel,System,5985,allowed,28480,benign,routine network
NET-00661,2026-09-03T09:10:22Z,DC-01,FILE-02,ACME\kpatel,powershell.exe,5985,allowed,2532,benign,routine network
NET-01168,2026-09-03T09:11:50Z,HR-WS-22,DC-01,ACME\svc_patch,inventory.exe,445,allowed,3931,benign,routine network
NET-00780,2026-09-03T09:14:11Z,PATCH-01,JUMP-01,ACME\svc_patch,powershell.exe,445,allowed,46374,benign,routine network
NET-00541,2026-09-03T09:17:36Z,PATCH-01,JUMP-01,ACME\svc_patch,powershell.exe,443,allowed,51779,benign,routine network
NET-00352,2026-09-03T09:21:12Z,APP-03,DC-01,ACME\svc_patch,System,445,allowed,43901,benign,routine network
NET-00078,2026-09-03T09:21:14Z,FILE-02,HR-WS-22,ACME\kpatel,powershell.exe,5985,allowed,66413,benign,routine network
NET-00861,2026-09-03T09:25:31Z,HR-WS-22,FILE-02,ACME\kpatel,patch-agent.exe,5985,allowed,64793,benign,routine network
NET-00678,2026-09-03T09:26:50Z,MGMT-01,FILE-02,ACME\jsmith,inventory.exe,443,allowed,39083,benign,routine network
NET-01099,2026-09-03T09:28:09Z,JUMP-01,DC-01,NT AUTHORITY\SYSTEM,inventory.exe,443,allowed,10311,benign,routine network
NET-01764,2026-09-03T09:38:00Z,MGMT-01,203.0.113.55,ACME\svc_patch,System,53,allowed,8780,benign,routine network
NET-01751,2026-09-03T09:39:54Z,DC-01,APP-03,ACME\svc_patch,powershell.exe,53,allowed,21594,benign,routine network
NET-01291,2026-09-03T09:40:54Z,MGMT-01,JUMP-01,ACME\admin.ops,patch-agent.exe,443,allowed,39235,benign,routine network
NET-00579,2026-09-03T09:44:40Z,FILE-02,FILE-02,ACME\admin.ops,inventory.exe,445,allowed,1934,benign,routine network
NET-00958,2026-09-03T09:53:16Z,PATCH-01,HR-WS-22,ACME\kpatel,patch-agent.exe,443,allowed,72422,benign,routine network
NET-00107,2026-09-03T09:54:02Z,DC-01,PATCH-01,ACME\svc_patch,patch-agent.exe,445,allowed,48481,benign,routine network
NET-00698,2026-09-03T10:03:01Z,JUMP-01,HR-WS-22,ACME\jsmith,powershell.exe,5985,allowed,6706,benign,routine network
NET-00264,2026-09-03T10:12:24Z,FILE-02,DC-01,ACME\svc_patch,patch-agent.exe,5985,allowed,51737,benign,routine network
NET-00864,2026-09-03T10:14:50Z,APP-03,DC-01,ACME\admin.ops,patch-agent.exe,443,allowed,67361,benign,routine network
NET-00856,2026-09-03T10:15:57Z,MGMT-01,FILE-02,ACME\jsmith,inventory.exe,443,allowed,73536,benign,routine network
NET-00212,2026-09-03T10:17:19Z,MGMT-01,APP-03,ACME\admin.ops,inventory.exe,53,allowed,78814,benign,routine network
NET-01131,2026-09-03T10:25:29Z,MGMT-01,APP-03,ACME\kpatel,powershell.exe,443,allowed,61347,benign,routine network
NET-00633,2026-09-03T10:26:48Z,PATCH-01,MGMT-01,ACME\admin.ops,inventory.exe,53,allowed,30836,benign,routine network
NET-00689,2026-09-03T10:30:03Z,MGMT-01,MGMT-01,ACME\jsmith,System,53,allowed,60384,benign,routine network
NET-01763,2026-09-03T10:31:13Z,MGMT-01,DC-01,ACME\kpatel,inventory.exe,445,allowed,64524,benign,routine network
NET-00129,2026-09-03T10:31:46Z,FILE-02,DC-01,NT AUTHORITY\SYSTEM,System,445,allowed,15353,benign,routine network
NET-00284,2026-09-03T10:35:23Z,HR-WS-22,APP-03,ACME\jsmith,System,53,allowed,52319,benign,routine network
NET-00221,2026-09-03T10:37:49Z,FILE-02,HR-WS-22,ACME\kpatel,powershell.exe,53,allowed,47270,benign,routine network
NET-01351,2026-09-03T10:37:53Z,APP-03,APP-03,ACME\kpatel,powershell.exe,445,allowed,67748,benign,routine network
NET-00165,2026-09-03T10:42:02Z,FILE-02,203.0.113.55,NT AUTHORITY\SYSTEM,powershell.exe,53,allowed,55514,benign,routine network
NET-00580,2026-09-03T10:42:57Z,FILE-02,APP-03,NT AUTHORITY\SYSTEM,inventory.exe,53,allowed,68930,benign,routine network
NET-01394,2026-09-03T10:50:21Z,MGMT-01,FILE-02,ACME\jsmith,inventory.exe,53,allowed,29326,benign,routine network
NET-00667,2026-09-03T10:51:08Z,PATCH-01,JUMP-01,ACME\kpatel,inventory.exe,445,allowed,159,benign,routine network
NET-01318,2026-09-03T10:59:07Z,HR-WS-22,DC-01,ACME\kpatel,patch-agent.exe,5985,allowed,49760,benign,routine network
NET-00511,2026-09-03T11:03:13Z,DC-01,203.0.113.55,ACME\admin.ops,powershell.exe,443,allowed,17736,benign,routine network
NET-00915,2026-09-03T11:03:14Z,MGMT-01,HR-WS-22,ACME\kpatel,powershell.exe,53,allowed,41791,benign,routine network
NET-01515,2026-09-03T11:03:51Z,MGMT-01,PATCH-01,ACME\kpatel,powershell.exe,445,allowed,22653,benign,routine network
NET-01102,2026-09-03T11:06:49Z,JUMP-01,MGMT-01,NT AUTHORITY\SYSTEM,inventory.exe,5985,allowed,60305,benign,routine network
NET-00401,2026-09-03T11:07:16Z,MGMT-01,HR-WS-22,ACME\svc_patch,powershell.exe,5985,allowed,42530,benign,routine network
NET-01772,2026-09-03T11:11:52Z,FILE-02,MGMT-01,ACME\jsmith,System,5985,allowed,63021,benign,routine network
NET-00094,2026-09-03T11:12:53Z,HR-WS-22,203.0.113.55,ACME\kpatel,inventory.exe,5985,allowed,59654,benign,routine network
NET-01461,2026-09-03T11:15:50Z,JUMP-01,FILE-02,ACME\jsmith,powershell.exe,445,allowed,17789,benign,routine network
NET-00168,2026-09-03T11:16:01Z,JUMP-01,JUMP-01,ACME\admin.ops,patch-agent.exe,443,allowed,7762,benign,routine network
NET-01554,2026-09-03T11:23:09Z,DC-01,203.0.113.55,ACME\admin.ops,inventory.exe,53,allowed,3550,benign,routine network
NET-00286,2026-09-03T11:23:28Z,PATCH-01,FILE-02,NT AUTHORITY\SYSTEM,powershell.exe,53,allowed,36028,benign,routine network
NET-01640,2026-09-03T11:56:03Z,JUMP-01,JUMP-01,NT AUTHORITY\SYSTEM,System,445,allowed,69653,benign,routine network
NET-01654,2026-09-03T12:08:45Z,FILE-02,FILE-02,ACME\kpatel,inventory.exe,5985,allowed,531,benign,routine network
NET-00469,2026-09-03T12:10:24Z,JUMP-01,203.0.113.55,ACME\admin.ops,inventory.exe,5985,allowed,13670,benign,routine network
NET-01508,2026-09-03T12:13:32Z,HR-WS-22,MGMT-01,ACME\admin.ops,inventory.exe,445,allowed,37767,benign,routine network
NET-00393,2026-09-03T12:14:52Z,APP-03,JUMP-01,ACME\admin.ops,powershell.exe,5985,allowed,65527,benign,routine network
NET-00492,2026-09-03T12:27:31Z,PATCH-01,JUMP-01,ACME\jsmith,patch-agent.exe,445,allowed,33211,benign,routine network
NET-00006,2026-09-03T12:28:50Z,DC-01,MGMT-01,NT AUTHORITY\SYSTEM,powershell.exe,445,allowed,34518,benign,routine network
NET-01410,2026-09-03T12:33:04Z,DC-01,JUMP-01,ACME\kpatel,patch-agent.exe,443,allowed,71156,benign,routine network
NET-00528,2026-09-03T12:35:30Z,PATCH-01,JUMP-01,ACME\jsmith,patch-agent.exe,5985,allowed,75034,benign,routine network
NET-00792,2026-09-03T12:44:33Z,DC-01,APP-03,ACME\kpatel,inventory.exe,5985,allowed,52493,benign,routine network
NET-00629,2026-09-03T12:51:06Z,HR-WS-22,PATCH-01,ACME\svc_patch,powershell.exe,445,allowed,23581,benign,routine network
NET-00925,2026-09-03T12:51:15Z,PATCH-01,APP-03,ACME\svc_patch,inventory.exe,5985,allowed,77322,benign,routine network
NET-01493,2026-09-03T12:52:00Z,DC-01,DC-01,NT AUTHORITY\SYSTEM,System,5985,allowed,34639,benign,routine network
NET-00338,2026-09-03T12:53:57Z,HR-WS-22,203.0.113.55,NT AUTHORITY\SYSTEM,System,53,allowed,34529,benign,routine network
NET-00891,2026-09-03T12:56:36Z,FILE-02,FILE-02,ACME\kpatel,System,53,allowed,46418,benign,routine network
NET-01797,2026-09-03T12:58:24Z,DC-01,203.0.113.55,ACME\svc_patch,System,53,allowed,23738,benign,routine network
NET-00241,2026-09-03T12:58:41Z,JUMP-01,HR-WS-22,ACME\admin.ops,powershell.exe,443,allowed,56510,benign,routine network
NET-00635,2026-09-03T13:07:41Z,HR-WS-22,203.0.113.55,ACME\admin.ops,System,53,allowed,43416,benign,routine network
NET-00257,2026-09-03T13:08:16Z,JUMP-01,HR-WS-22,ACME\jsmith,System,443,allowed,58115,benign,routine network
NET-00063,2026-09-03T13:08:22Z,PATCH-01,203.0.113.55,ACME\kpatel,powershell.exe,53,allowed,14800,benign,routine network
NET-00295,2026-09-03T13:16:11Z,PATCH-01,203.0.113.55,ACME\kpatel,patch-agent.exe,53,allowed,79126,benign,routine network
NET-01451,2026-09-03T13:18:44Z,PATCH-01,DC-01,NT AUTHORITY\SYSTEM,inventory.exe,445,allowed,28904,benign,routine network
NET-01217,2026-09-03T13:20:57Z,MGMT-01,203.0.113.55,NT AUTHORITY\SYSTEM,System,53,allowed,10701,benign,routine network
NET-01590,2026-09-03T13:21:30Z,APP-03,MGMT-01,NT AUTHORITY\SYSTEM,patch-agent.exe,5985,allowed,73881,benign,routine network
NET-00998,2026-09-03T13:21:59Z,PATCH-01,APP-03,ACME\jsmith,System,445,allowed,76065,benign,routine network
NET-01704,2026-09-03T13:22:37Z,PATCH-01,JUMP-01,ACME\admin.ops,powershell.exe,5985,allowed,71774,benign,routine network
NET-01195,2026-09-03T13:43:21Z,JUMP-01,PATCH-01,ACME\svc_patch,powershell.exe,443,allowed,77224,benign,routine network
NET-01238,2026-09-03T13:51:55Z,FILE-02,PATCH-01,ACME\kpatel,System,53,allowed,67894,benign,routine network
NET-01359,2026-09-03T13:54:06Z,PATCH-01,203.0.113.55,ACME\jsmith,powershell.exe,53,allowed,9154,benign,routine network
NET-01474,2026-09-03T14:01:21Z,HR-WS-22,HR-WS-22,NT AUTHORITY\SYSTEM,powershell.exe,443,allowed,32647,benign,routine network
NET-00836,2026-09-03T14:12:24Z,FILE-02,203.0.113.55,NT AUTHORITY\SYSTEM,powershell.exe,53,allowed,66758,benign,routine network
NET-01639,2026-09-03T14:22:12Z,DC-01,MGMT-01,ACME\admin.ops,powershell.exe,443,allowed,24533,benign,routine network
NET-00294,2026-09-03T14:24:29Z,DC-01,203.0.113.55,ACME\kpatel,inventory.exe,445,allowed,54025,benign,routine network
NET-01034,2026-09-03T14:30:22Z,APP-03,HR-WS-22,ACME\kpatel,patch-agent.exe,5985,allowed,44097,benign,routine network
NET-01179,2026-09-03T14:30:32Z,PATCH-01,APP-03,ACME\jsmith,patch-agent.exe,443,allowed,34581,benign,routine network
NET-00884,2026-09-03T14:39:56Z,PATCH-01,FILE-02,ACME\kpatel,patch-agent.exe,443,allowed,5780,benign,routine network
NET-00978,2026-09-03T14:50:51Z,APP-03,FILE-02,ACME\svc_patch,patch-agent.exe,443,allowed,9059,benign,routine network
NET-00118,2026-09-03T14:52:21Z,HR-WS-22,MGMT-01,NT AUTHORITY\SYSTEM,powershell.exe,53,allowed,34874,benign,routine network
NET-01029,2026-09-03T14:54:38Z,MGMT-01,DC-01,ACME\admin.ops,System,443,allowed,49654,benign,routine network
NET-00402,2026-09-03T14:54:52Z,JUMP-01,JUMP-01,NT AUTHORITY\SYSTEM,patch-agent.exe,443,allowed,20097,benign,routine network
NET-00108,2026-09-03T14:58:53Z,APP-03,203.0.113.55,ACME\jsmith,patch-agent.exe,53,allowed,43979,benign,routine network
NET-00151,2026-09-03T15:01:44Z,PATCH-01,MGMT-01,ACME\jsmith,inventory.exe,443,allowed,51475,benign,routine network
NET-00924,2026-09-03T15:13:45Z,JUMP-01,PATCH-01,ACME\svc_patch,System,443,allowed,60853,benign,routine network
NET-00951,2026-09-03T15:15:19Z,JUMP-01,APP-03,ACME\svc_patch,System,443,allowed,74068,benign,routine network
NET-01439,2026-09-03T15:16:05Z,JUMP-01,DC-01,ACME\jsmith,inventory.exe,53,allowed,54303,benign,routine network
NET-01584,2026-09-03T15:17:05Z,DC-01,JUMP-01,ACME\jsmith,inventory.exe,445,allowed,70662,benign,routine network
NET-01300,2026-09-03T15:19:57Z,FILE-02,203.0.113.55,ACME\admin.ops,patch-agent.exe,443,allowed,58199,benign,routine network
NET-00125,2026-09-03T15:20:04Z,APP-03,PATCH-01,NT AUTHORITY\SYSTEM,powershell.exe,53,allowed,25288,benign,routine network
NET-01227,2026-09-03T15:21:33Z,FILE-02,FILE-02,ACME\admin.ops,System,53,allowed,27662,benign,routine network
NET-00920,2026-09-03T15:33:36Z,PATCH-01,MGMT-01,ACME\admin.ops,System,53,allowed,32523,benign,routine network
NET-01332,2026-09-03T15:36:55Z,PATCH-01,APP-03,ACME\kpatel,System,445,allowed,48735,benign,routine network
NET-00654,2026-09-03T15:38:59Z,APP-03,PATCH-01,ACME\jsmith,System,5985,allowed,74484,benign,routine network
NET-00509,2026-09-03T15:44:33Z,DC-01,FILE-02,ACME\admin.ops,inventory.exe,53,allowed,34206,benign,routine network
NET-01768,2026-09-03T15:48:00Z,DC-01,APP-03,ACME\jsmith,patch-agent.exe,53,allowed,48635,benign,routine network
NET-00436,2026-09-03T15:48:01Z,PATCH-01,FILE-02,ACME\svc_patch,inventory.exe,5985,allowed,49575,benign,routine network
NET-00621,2026-09-03T15:54:11Z,HR-WS-22,FILE-02,ACME\kpatel,System,445,allowed,57892,benign,routine network
NET-01280,2026-09-03T16:02:16Z,DC-01,DC-01,ACME\jsmith,inventory.exe,445,allowed,76396,benign,routine network
NET-00548,2026-09-03T16:08:17Z,HR-WS-22,MGMT-01,ACME\jsmith,inventory.exe,5985,allowed,65339,benign,routine network
NET-00497,2026-09-03T16:12:18Z,PATCH-01,FILE-02,ACME\jsmith,powershell.exe,53,allowed,28001,benign,routine network
NET-00537,2026-09-03T16:15:50Z,DC-01,DC-01,ACME\jsmith,powershell.exe,443,allowed,10294,benign,routine network
NET-01002,2026-09-03T16:16:51Z,MGMT-01,JUMP-01,ACME\svc_patch,inventory.exe,53,allowed,47497,benign,routine network
NET-00630,2026-09-03T16:20:19Z,FILE-02,MGMT-01,ACME\svc_patch,powershell.exe,443,allowed,61465,benign,routine network
NET-00852,2026-09-03T16:20:48Z,DC-01,203.0.113.55,NT AUTHORITY\SYSTEM,patch-agent.exe,443,allowed,33352,benign,routine network
NET-00149,2026-09-03T16:24:20Z,APP-03,203.0.113.55,ACME\admin.ops,powershell.exe,443,allowed,47379,benign,routine network
NET-00452,2026-09-03T16:25:16Z,PATCH-01,203.0.113.55,ACME\kpatel,patch-agent.exe,53,allowed,50503,benign,routine network
NET-00053,2026-09-03T16:26:28Z,HR-WS-22,DC-01,ACME\kpatel,inventory.exe,443,allowed,15198,benign,routine network
NET-00554,2026-09-03T16:27:57Z,JUMP-01,DC-01,ACME\jsmith,inventory.exe,53,allowed,13018,benign,routine network
NET-00750,2026-09-03T16:31:07Z,APP-03,APP-03,NT AUTHORITY\SYSTEM,System,445,allowed,26606,benign,routine network
NET-00028,2026-09-03T16:36:48Z,PATCH-01,DC-01,NT AUTHORITY\SYSTEM,System,443,allowed,60718,benign,routine network
NET-00680,2026-09-03T16:43:18Z,MGMT-01,APP-03,ACME\svc_patch,patch-agent.exe,53,allowed,51769,benign,routine network
NET-01301,2026-09-03T16:44:04Z,FILE-02,PATCH-01,ACME\admin.ops,powershell.exe,443,allowed,15437,benign,routine network
NET-01269,2026-09-03T16:46:47Z,JUMP-01,MGMT-01,ACME\jsmith,System,53,allowed,12021,benign,routine network
NET-01368,2026-09-03T16:56:09Z,HR-WS-22,APP-03,ACME\svc_patch,powershell.exe,443,allowed,35160,benign,routine network
NET-01400,2026-09-03T16:56:31Z,DC-01,PATCH-01,ACME\svc_patch,System,443,allowed,21705,benign,routine network
NET-00867,2026-09-03T17:04:23Z,APP-03,FILE-02,NT AUTHORITY\SYSTEM,System,445,allowed,32609,benign,routine network
NET-00702,2026-09-03T17:05:42Z,PATCH-01,APP-03,ACME\svc_patch,inventory.exe,5985,allowed,14446,benign,routine network
NET-01288,2026-09-03T17:06:18Z,JUMP-01,PATCH-01,ACME\kpatel,System,443,allowed,32062,benign,routine network
NET-00741,2026-09-03T17:06:29Z,MGMT-01,MGMT-01,ACME\svc_patch,powershell.exe,5985,allowed,70113,benign,routine network
NET-00461,2026-09-03T17:07:32Z,MGMT-01,APP-03,ACME\svc_patch,System,445,allowed,76644,benign,routine network
NET-00451,2026-09-03T17:08:21Z,APP-03,MGMT-01,ACME\jsmith,patch-agent.exe,445,allowed,75947,benign,routine network
NET-00787,2026-09-03T17:10:19Z,DC-01,203.0.113.55,ACME\admin.ops,inventory.exe,445,allowed,47498,benign,routine network
NET-01336,2026-09-03T17:16:33Z,JUMP-01,MGMT-01,ACME\jsmith,System,53,allowed,22842,benign,routine network
NET-01417,2026-09-03T17:22:17Z,JUMP-01,APP-03,ACME\admin.ops,System,53,allowed,73067,benign,routine network
NET-00918,2026-09-03T17:22:34Z,MGMT-01,PATCH-01,ACME\admin.ops,System,445,allowed,63976,benign,routine network
NET-00232,2026-09-03T17:26:55Z,HR-WS-22,MGMT-01,ACME\svc_patch,System,5985,allowed,20574,benign,routine network
NET-00271,2026-09-03T17:27:51Z,APP-03,PATCH-01,ACME\admin.ops,System,53,allowed,33676,benign,routine network
NET-01722,2026-09-03T17:28:34Z,JUMP-01,MGMT-01,ACME\kpatel,inventory.exe,445,allowed,33082,benign,routine network
NET-00132,2026-09-03T17:33:23Z,DC-01,MGMT-01,NT AUTHORITY\SYSTEM,powershell.exe,443,allowed,39724,benign,routine network
NET-00512,2026-09-03T17:43:22Z,APP-03,MGMT-01,ACME\admin.ops,System,443,allowed,58598,benign,routine network
NET-00228,2026-09-03T17:48:50Z,HR-WS-22,FILE-02,ACME\svc_patch,inventory.exe,445,allowed,7112,benign,routine network
NET-01367,2026-09-03T17:49:50Z,HR-WS-22,JUMP-01,ACME\admin.ops,patch-agent.exe,5985,allowed,16053,benign,routine network
NET-00413,2026-09-03T17:51:15Z,DC-01,APP-03,ACME\admin.ops,patch-agent.exe,445,allowed,53316,benign,routine network
NET-00757,2026-09-03T17:54:59Z,FILE-02,JUMP-01,ACME\jsmith,inventory.exe,5985,allowed,16534,benign,routine network
NET-00287,2026-09-03T18:17:03Z,APP-03,MGMT-01,ACME\jsmith,patch-agent.exe,53,allowed,35390,benign,routine network
NET-00937,2026-09-03T18:23:57Z,DC-01,PATCH-01,ACME\jsmith,inventory.exe,5985,allowed,39906,benign,routine network
NET-00163,2026-09-03T18:37:17Z,APP-03,FILE-02,ACME\admin.ops,powershell.exe,443,allowed,27807,benign,routine network
NET-01205,2026-09-03T18:43:58Z,FILE-02,FILE-02,ACME\jsmith,patch-agent.exe,443,allowed,77725,benign,routine network
NET-00608,2026-09-03T18:44:48Z,PATCH-01,APP-03,ACME\svc_patch,powershell.exe,445,allowed,34439,benign,routine network
NET-01723,2026-09-03T18:52:26Z,APP-03,HR-WS-22,ACME\kpatel,patch-agent.exe,445,allowed,49436,benign,routine network
NET-01204,2026-09-03T18:55:53Z,MGMT-01,MGMT-01,ACME\jsmith,System,53,allowed,71837,benign,routine network
NET-01379,2026-09-03T18:58:23Z,FILE-02,203.0.113.55,ACME\jsmith,inventory.exe,443,allowed,12377,benign,routine network
NET-00622,2026-09-03T19:18:02Z,HR-WS-22,DC-01,NT AUTHORITY\SYSTEM,powershell.exe,443,allowed,7744,benign,routine network
NET-01434,2026-09-03T19:24:54Z,FILE-02,DC-01,ACME\admin.ops,powershell.exe,445,allowed,64735,benign,routine network
NET-00152,2026-09-03T19:25:49Z,JUMP-01,PATCH-01,ACME\svc_patch,inventory.exe,443,allowed,77080,benign,routine network
NET-01163,2026-09-03T19:27:43Z,DC-01,DC-01,ACME\svc_patch,inventory.exe,53,allowed,5592,benign,routine network
NET-00826,2026-09-03T19:30:49Z,MGMT-01,JUMP-01,ACME\jsmith,System,53,allowed,10400,benign,routine network
NET-00893,2026-09-03T19:36:39Z,DC-01,MGMT-01,ACME\svc_patch,patch-agent.exe,443,allowed,7623,benign,routine network
NET-00266,2026-09-03T19:37:54Z,APP-03,JUMP-01,ACME\svc_patch,System,443,allowed,30553,benign,routine network
NET-00853,2026-09-03T19:44:55Z,JUMP-01,MGMT-01,ACME\admin.ops,System,443,allowed,76499,benign,routine network
NET-01157,2026-09-03T19:45:33Z,APP-03,HR-WS-22,ACME\jsmith,patch-agent.exe,443,allowed,15147,benign,routine network
NET-01314,2026-09-03T19:47:27Z,JUMP-01,JUMP-01,NT AUTHORITY\SYSTEM,patch-agent.exe,445,allowed,3158,benign,routine network
NET-00672,2026-09-03T20:05:34Z,HR-WS-22,FILE-02,ACME\admin.ops,patch-agent.exe,443,allowed,68678,benign,routine network
NET-00114,2026-09-03T20:06:03Z,PATCH-01,203.0.113.55,NT AUTHORITY\SYSTEM,patch-agent.exe,5985,allowed,30344,benign,routine network
NET-01512,2026-09-03T20:07:09Z,FILE-02,PATCH-01,NT AUTHORITY\SYSTEM,patch-agent.exe,5985,allowed,54527,benign,routine network
NET-00504,2026-09-03T20:13:40Z,APP-03,HR-WS-22,ACME\kpatel,System,443,allowed,158,benign,routine network
NET-00586,2026-09-03T20:19:28Z,APP-03,PATCH-01,ACME\admin.ops,inventory.exe,445,allowed,75811,benign,routine network
NET-00373,2026-09-03T20:21:04Z,PATCH-01,203.0.113.55,ACME\admin.ops,inventory.exe,5985,allowed,28817,benign,routine network
NET-01344,2026-09-03T20:28:10Z,APP-03,PATCH-01,NT AUTHORITY\SYSTEM,System,445,allowed,33995,benign,routine network
NET-00591,2026-09-03T20:29:17Z,JUMP-01,203.0.113.55,ACME\kpatel,powershell.exe,443,allowed,37668,benign,routine network
NET-00033,2026-09-03T20:40:39Z,FILE-02,APP-03,ACME\jsmith,inventory.exe,5985,allowed,31417,benign,routine network
NET-00576,2026-09-03T20:41:51Z,HR-WS-22,APP-03,ACME\jsmith,powershell.exe,5985,allowed,63624,benign,routine network
NET-00333,2026-09-03T20:43:52Z,PATCH-01,203.0.113.55,ACME\admin.ops,patch-agent.exe,443,allowed,13657,benign,routine network
NET-00791,2026-09-03T20:48:34Z,APP-03,PATCH-01,ACME\kpatel,inventory.exe,5985,allowed,30284,benign,routine network
NET-00042,2026-09-03T20:50:44Z,PATCH-01,APP-03,NT AUTHORITY\SYSTEM,patch-agent.exe,5985,allowed,78121,benign,routine network
NET-00691,2026-09-03T20:51:35Z,DC-01,PATCH-01,ACME\jsmith,patch-agent.exe,445,allowed,4570,benign,routine network
NET-00035,2026-09-03T20:55:36Z,HR-WS-22,203.0.113.55,ACME\jsmith,patch-agent.exe,445,allowed,49401,benign,routine network
NET-00473,2026-09-03T21:00:53Z,MGMT-01,MGMT-01,ACME\svc_patch,inventory.exe,5985,allowed,30657,benign,routine network
NET-00730,2026-09-03T21:08:43Z,PATCH-01,HR-WS-22,ACME\svc_patch,inventory.exe,445,allowed,16152,benign,routine network
NET-00116,2026-09-03T21:10:47Z,DC-01,PATCH-01,ACME\kpatel,powershell.exe,445,allowed,72432,benign,routine network
NET-00794,2026-09-03T21:11:56Z,MGMT-01,203.0.113.55,ACME\admin.ops,inventory.exe,443,allowed,55485,benign,routine network
NET-00910,2026-09-03T21:16:56Z,FILE-02,JUMP-01,ACME\jsmith,powershell.exe,445,allowed,35049,benign,routine network
NET-01572,2026-09-03T21:26:04Z,PATCH-01,JUMP-01,ACME\kpatel,powershell.exe,443,allowed,23323,benign,routine network
NET-00056,2026-09-03T21:26:12Z,PATCH-01,DC-01,NT AUTHORITY\SYSTEM,System,443,allowed,60251,benign,routine network
NET-01503,2026-09-03T21:27:26Z,APP-03,APP-03,ACME\svc_patch,patch-agent.exe,5985,allowed,59496,benign,routine network
NET-00427,2026-09-03T21:28:42Z,FILE-02,MGMT-01,NT AUTHORITY\SYSTEM,inventory.exe,53,allowed,22507,benign,routine network
NET-00291,2026-09-03T21:35:20Z,JUMP-01,HR-WS-22,ACME\admin.ops,powershell.exe,5985,allowed,43312,benign,routine network
NET-00644,2026-09-03T21:36:12Z,FILE-02,FILE-02,ACME\admin.ops,inventory.exe,5985,allowed,26932,benign,routine network
NET-01631,2026-09-03T21:47:03Z,FILE-02,FILE-02,ACME\admin.ops,powershell.exe,5985,allowed,43470,benign,routine network
NET-01148,2026-09-03T21:47:42Z,PATCH-01,PATCH-01,ACME\kpatel,powershell.exe,443,allowed,13595,benign,routine network
NET-00992,2026-09-03T21:49:59Z,DC-01,APP-03,ACME\jsmith,patch-agent.exe,443,allowed,45267,benign,routine network
NET-00190,2026-09-03T21:50:21Z,FILE-02,APP-03,ACME\admin.ops,inventory.exe,5985,allowed,1052,benign,routine network
NET-00378,2026-09-03T21:57:24Z,HR-WS-22,DC-01,ACME\svc_patch,patch-agent.exe,5985,allowed,40069,benign,routine network
NET-01720,2026-09-03T22:05:00Z,HR-WS-22,APP-03,ACME\svc_patch,patch-agent.exe,445,allowed,9360,benign,routine network
NET-01152,2026-09-03T22:05:51Z,HR-WS-22,203.0.113.55,ACME\jsmith,System,53,allowed,25036,benign,routine network
NET-01717,2026-09-03T22:06:23Z,FILE-02,JUMP-01,ACME\kpatel,System,443,allowed,48592,benign,routine network
NET-01473,2026-09-03T22:13:23Z,HR-WS-22,203.0.113.55,ACME\jsmith,inventory.exe,5985,allowed,65469,benign,routine network
NET-00525,2026-09-03T22:16:03Z,MGMT-01,HR-WS-22,ACME\svc_patch,inventory.exe,5985,allowed,66067,benign,routine network
NET-01256,2026-09-03T22:16:08Z,MGMT-01,203.0.113.55,NT AUTHORITY\SYSTEM,inventory.exe,5985,allowed,70243,benign,routine network
NET-01425,2026-09-03T22:18:31Z,PATCH-01,JUMP-01,ACME\jsmith,System,5985,allowed,67027,benign,routine network
NET-01119,2026-09-03T22:25:09Z,JUMP-01,MGMT-01,ACME\svc_patch,patch-agent.exe,5985,allowed,71505,benign,routine network
NET-00180,2026-09-03T22:33:30Z,PATCH-01,JUMP-01,NT AUTHORITY\SYSTEM,inventory.exe,53,allowed,9239,benign,routine network
NET-00089,2026-09-03T22:36:27Z,DC-01,PATCH-01,ACME\svc_patch,powershell.exe,445,allowed,11573,benign,routine network
NET-00984,2026-09-03T22:37:06Z,DC-01,APP-03,NT AUTHORITY\SYSTEM,System,443,allowed,23757,benign,routine network
NET-01261,2026-09-03T22:39:24Z,HR-WS-22,HR-WS-22,ACME\admin.ops,powershell.exe,5985,allowed,16469,benign,routine network
NET-00123,2026-09-03T22:42:17Z,JUMP-01,APP-03,ACME\svc_patch,System,445,allowed,65264,benign,routine network
NET-00398,2026-09-03T22:43:31Z,FILE-02,FILE-02,NT AUTHORITY\SYSTEM,patch-agent.exe,445,allowed,66481,benign,routine network
NET-01103,2026-09-03T22:51:04Z,DC-01,APP-03,ACME\svc_patch,inventory.exe,53,allowed,40208,benign,routine network
NET-00036,2026-09-03T22:51:40Z,HR-WS-22,JUMP-01,ACME\kpatel,powershell.exe,445,allowed,39663,benign,routine network
NET-00659,2026-09-03T22:51:45Z,FILE-02,HR-WS-22,ACME\kpatel,System,445,allowed,71297,benign,routine network
NET-00400,2026-09-03T22:58:12Z,JUMP-01,DC-01,ACME\admin.ops,inventory.exe,443,allowed,32477,benign,routine network
NET-01730,2026-09-03T22:58:15Z,HR-WS-22,203.0.113.55,NT AUTHORITY\SYSTEM,inventory.exe,443,allowed,35256,benign,routine network
NET-00518,2026-09-03T22:59:14Z,APP-03,MGMT-01,NT AUTHORITY\SYSTEM,inventory.exe,53,allowed,69903,benign,routine network
NET-01750,2026-09-03T23:05:17Z,HR-WS-22,FILE-02,ACME\jsmith,System,53,allowed,76542,benign,routine network
NET-01123,2026-09-03T23:06:32Z,DC-01,FILE-02,ACME\kpatel,powershell.exe,5985,allowed,48667,benign,routine network
NET-01365,2026-09-03T23:08:39Z,APP-03,MGMT-01,ACME\jsmith,patch-agent.exe,445,allowed,6851,benign,routine network
NET-01613,2026-09-03T23:08:49Z,APP-03,MGMT-01,ACME\admin.ops,inventory.exe,5985,allowed,12383,benign,routine network
NET-01456,2026-09-03T23:11:07Z,FILE-02,HR-WS-22,NT AUTHORITY\SYSTEM,System,53,allowed,55647,benign,routine network
NET-01664,2026-09-03T23:14:11Z,PATCH-01,APP-03,ACME\admin.ops,patch-agent.exe,53,allowed,74676,benign,routine network
NET-01657,2026-09-03T23:18:08Z,HR-WS-22,PATCH-01,ACME\admin.ops,System,5985,allowed,39364,benign,routine network
NET-00433,2026-09-03T23:23:01Z,DC-01,JUMP-01,NT AUTHORITY\SYSTEM,patch-agent.exe,443,allowed,76934,benign,routine network
NET-00392,2026-09-03T23:23:16Z,JUMP-01,FILE-02,NT AUTHORITY\SYSTEM,powershell.exe,443,allowed,51804,benign,routine network
NET-01729,2026-09-03T23:31:19Z,HR-WS-22,203.0.113.55,ACME\svc_patch,powershell.exe,53,allowed,32458,benign,routine network
NET-01568,2026-09-03T23:31:54Z,HR-WS-22,MGMT-01,ACME\kpatel,powershell.exe,443,allowed,21551,benign,routine network
NET-00759,2026-09-03T23:32:31Z,PATCH-01,MGMT-01,NT AUTHORITY\SYSTEM,System,443,allowed,20342,benign,routine network
NET-00058,2026-09-03T23:45:24Z,APP-03,HR-WS-22,ACME\jsmith,inventory.exe,5985,allowed,62107,benign,routine network
NET-00706,2026-09-03T23:56:31Z,DC-01,HR-WS-22,ACME\admin.ops,patch-agent.exe,5985,allowed,77150,benign,routine network
NET-00268,2026-09-04T00:00:26Z,DC-01,HR-WS-22,ACME\jsmith,patch-agent.exe,53,allowed,16799,benign,routine network
NET-00128,2026-09-04T00:16:03Z,MGMT-01,203.0.113.55,ACME\kpatel,System,443,allowed,25696,benign,routine network
NET-00290,2026-09-04T00:16:16Z,DC-01,PATCH-01,NT AUTHORITY\SYSTEM,patch-agent.exe,445,allowed,57701,benign,routine network
NET-01090,2026-09-04T00:19:02Z,FILE-02,MGMT-01,ACME\svc_patch,inventory.exe,53,allowed,7802,benign,routine network
NET-00993,2026-09-04T00:26:46Z,JUMP-01,APP-03,ACME\svc_patch,inventory.exe,5985,allowed,27282,benign,routine network
NET-01644,2026-09-04T00:42:28Z,JUMP-01,FILE-02,NT AUTHORITY\SYSTEM,System,445,allowed,7125,benign,routine network
NET-00355,2026-09-04T00:45:52Z,PATCH-01,203.0.113.55,ACME\svc_patch,patch-agent.exe,5985,allowed,34341,benign,routine network
NET-01713,2026-09-04T00:49:10Z,MGMT-01,DC-01,ACME\jsmith,patch-agent.exe,53,allowed,35696,benign,routine network
NET-01650,2026-09-04T00:55:03Z,HR-WS-22,JUMP-01,ACME\svc_patch,inventory.exe,5985,allowed,71869,benign,routine network
NET-00547,2026-09-04T01:03:33Z,FILE-02,DC-01,ACME\jsmith,patch-agent.exe,445,allowed,40609,benign,routine network
NET-01078,2026-09-04T01:06:13Z,APP-03,FILE-02,NT AUTHORITY\SYSTEM,patch-agent.exe,5985,allowed,742,benign,routine network
NET-00217,2026-09-04T01:10:56Z,MGMT-01,APP-03,ACME\jsmith,powershell.exe,5985,allowed,79075,benign,routine network
NET-01528,2026-09-04T01:11:58Z,DC-01,HR-WS-22,ACME\kpatel,patch-agent.exe,53,allowed,3705,benign,routine network
NET-00030,2026-09-04T01:13:44Z,PATCH-01,MGMT-01,NT AUTHORITY\SYSTEM,System,53,allowed,45103,benign,routine network
NET-00693,2026-09-04T01:18:18Z,FILE-02,HR-WS-22,ACME\admin.ops,System,445,allowed,39000,benign,routine network
NET-00986,2026-09-04T01:21:45Z,PATCH-01,PATCH-01,ACME\admin.ops,inventory.exe,443,allowed,14421,benign,routine network
NET-00527,2026-09-04T01:30:25Z,JUMP-01,APP-03,ACME\admin.ops,inventory.exe,5985,allowed,61799,benign,routine network
NET-01549,2026-09-04T01:37:32Z,JUMP-01,FILE-02,ACME\jsmith,System,445,allowed,31532,benign,routine network
NET-01320,2026-09-04T01:38:35Z,FILE-02,HR-WS-22,ACME\jsmith,inventory.exe,53,allowed,826,benign,routine network
NET-00697,2026-09-04T01:47:01Z,FILE-02,DC-01,NT AUTHORITY\SYSTEM,inventory.exe,53,allowed,68836,benign,routine network
NET-00736,2026-09-04T01:56:23Z,JUMP-01,DC-01,ACME\admin.ops,inventory.exe,5985,allowed,75710,benign,routine network
NET-01112,2026-09-04T02:00:38Z,APP-03,203.0.113.55,ACME\svc_patch,System,445,allowed,50269,benign,routine network
NET-01346,2026-09-04T02:03:00Z,FILE-02,203.0.113.55,ACME\kpatel,inventory.exe,5985,allowed,71758,benign,routine network
NET-00592,2026-09-04T02:03:46Z,PATCH-01,HR-WS-22,NT AUTHORITY\SYSTEM,powershell.exe,5985,allowed,52404,benign,routine network
NET-00727,2026-09-04T02:07:04Z,HR-WS-22,JUMP-01,NT AUTHORITY\SYSTEM,patch-agent.exe,53,allowed,72780,benign,routine network
NET-00589,2026-09-04T02:09:32Z,JUMP-01,HR-WS-22,NT AUTHORITY\SYSTEM,inventory.exe,53,allowed,10844,benign,routine network
NET-01058,2026-09-04T02:11:00Z,FILE-02,203.0.113.55,ACME\jsmith,patch-agent.exe,445,allowed,337,benign,routine network
NET-01182,2026-09-04T02:23:00Z,JUMP-01,DC-01,ACME\kpatel,patch-agent.exe,5985,allowed,49195,benign,routine network
NET-00259,2026-09-04T02:24:07Z,JUMP-01,203.0.113.55,NT AUTHORITY\SYSTEM,patch-agent.exe,53,allowed,3267,benign,routine network
NET-01674,2026-09-04T02:26:17Z,PATCH-01,203.0.113.55,ACME\jsmith,System,443,allowed,40063,benign,routine network
NET-01672,2026-09-04T02:29:33Z,DC-01,HR-WS-22,ACME\jsmith,patch-agent.exe,445,allowed,68968,benign,routine network
NET-01710,2026-09-04T02:32:12Z,DC-01,203.0.113.55,NT AUTHORITY\SYSTEM,System,443,allowed,32057,benign,routine network
NET-00805,2026-09-04T02:34:07Z,DC-01,JUMP-01,ACME\jsmith,System,443,allowed,10363,benign,routine network
NET-01115,2026-09-04T02:37:10Z,PATCH-01,JUMP-01,ACME\svc_patch,patch-agent.exe,53,allowed,46978,benign,routine network
NET-01106,2026-09-04T02:39:14Z,JUMP-01,DC-01,ACME\svc_patch,powershell.exe,445,allowed,22917,benign,routine network
NET-01567,2026-09-04T02:40:35Z,HR-WS-22,203.0.113.55,ACME\kpatel,powershell.exe,5985,allowed,32779,benign,routine network
NET-00521,2026-09-04T02:44:51Z,JUMP-01,DC-01,ACME\svc_patch,powershell.exe,443,allowed,16899,benign,routine network
NET-01268,2026-09-04T02:52:45Z,APP-03,FILE-02,ACME\admin.ops,patch-agent.exe,443,allowed,75017,benign,routine network
NET-01023,2026-09-04T02:53:44Z,DC-01,203.0.113.55,NT AUTHORITY\SYSTEM,System,443,allowed,39904,benign,routine network
NET-01596,2026-09-04T02:54:35Z,FILE-02,MGMT-01,ACME\admin.ops,powershell.exe,445,allowed,19273,benign,routine network
NET-00205,2026-09-04T02:57:52Z,MGMT-01,203.0.113.55,ACME\admin.ops,inventory.exe,445,allowed,49260,benign,routine network
NET-00182,2026-09-04T03:07:28Z,FILE-02,PATCH-01,ACME\jsmith,System,5985,allowed,26642,benign,routine network
NET-00696,2026-09-04T03:15:53Z,MGMT-01,HR-WS-22,ACME\kpatel,System,5985,allowed,1243,benign,routine network
NET-00380,2026-09-04T03:16:22Z,DC-01,MGMT-01,ACME\admin.ops,inventory.exe,5985,allowed,56340,benign,routine network
NET-00366,2026-09-04T03:18:16Z,APP-03,FILE-02,NT AUTHORITY\SYSTEM,inventory.exe,445,allowed,18110,benign,routine network
NET-00946,2026-09-04T03:33:45Z,FILE-02,PATCH-01,ACME\jsmith,System,443,allowed,28051,benign,routine network
NET-01732,2026-09-04T03:37:33Z,JUMP-01,HR-WS-22,ACME\kpatel,powershell.exe,5985,allowed,21125,benign,routine network
NET-01454,2026-09-04T03:37:44Z,JUMP-01,FILE-02,NT AUTHORITY\SYSTEM,patch-agent.exe,53,allowed,68299,benign,routine network
NET-01216,2026-09-04T03:47:53Z,HR-WS-22,DC-01,ACME\jsmith,inventory.exe,443,allowed,26026,benign,routine network
NET-01051,2026-09-04T03:58:57Z,APP-03,HR-WS-22,ACME\jsmith,powershell.exe,445,allowed,35244,benign,routine network
NET-00186,2026-09-04T04:05:44Z,MGMT-01,203.0.113.55,ACME\kpatel,patch-agent.exe,5985,allowed,30158,benign,routine network
NET-01245,2026-09-04T04:05:58Z,MGMT-01,MGMT-01,NT AUTHORITY\SYSTEM,patch-agent.exe,53,allowed,2843,benign,routine network
NET-01389,2026-09-04T04:08:40Z,MGMT-01,MGMT-01,ACME\kpatel,patch-agent.exe,443,allowed,56599,benign,routine network
NET-00256,2026-09-04T04:13:09Z,APP-03,HR-WS-22,NT AUTHORITY\SYSTEM,inventory.exe,5985,allowed,45185,benign,routine network
NET-01273,2026-09-04T04:15:48Z,JUMP-01,MGMT-01,ACME\svc_patch,inventory.exe,5985,allowed,75805,benign,routine network
NET-00652,2026-09-04T04:16:45Z,MGMT-01,MGMT-01,ACME\kpatel,System,443,allowed,22911,benign,routine network
NET-00936,2026-09-04T04:17:37Z,DC-01,203.0.113.55,NT AUTHORITY\SYSTEM,inventory.exe,5985,allowed,42335,benign,routine network
NET-01032,2026-09-04T04:18:48Z,FILE-02,HR-WS-22,ACME\kpatel,System,5985,allowed,33383,benign,routine network
NET-00460,2026-09-04T04:19:50Z,FILE-02,FILE-02,ACME\jsmith,inventory.exe,443,allowed,24483,benign,routine network
NET-00574,2026-09-04T04:22:47Z,FILE-02,HR-WS-22,ACME\admin.ops,patch-agent.exe,53,allowed,70801,benign,routine network
NET-01659,2026-09-04T04:25:13Z,MGMT-01,JUMP-01,ACME\admin.ops,powershell.exe,445,allowed,76037,benign,routine network
NET-00211,2026-09-04T04:31:25Z,HR-WS-22,HR-WS-22,ACME\jsmith,powershell.exe,5985,allowed,1552,benign,routine network
NET-00562,2026-09-04T04:32:11Z,FILE-02,JUMP-01,ACME\admin.ops,inventory.exe,5985,allowed,49436,benign,routine network
NET-01329,2026-09-04T04:34:34Z,JUMP-01,HR-WS-22,ACME\admin.ops,System,53,allowed,20952,benign,routine network
NET-00481,2026-09-04T04:36:47Z,JUMP-01,JUMP-01,ACME\jsmith,inventory.exe,5985,allowed,19832,benign,routine network
NET-01196,2026-09-04T04:39:01Z,JUMP-01,203.0.113.55,ACME\kpatel,powershell.exe,445,allowed,74981,benign,routine network
NET-00160,2026-09-04T04:44:56Z,JUMP-01,APP-03,NT AUTHORITY\SYSTEM,inventory.exe,53,allowed,21888,benign,routine network
NET-00832,2026-09-04T04:48:53Z,JUMP-01,JUMP-01,ACME\kpatel,powershell.exe,53,allowed,70822,benign,routine network
NET-01539,2026-09-04T04:49:26Z,APP-03,DC-01,ACME\kpatel,inventory.exe,443,allowed,46931,benign,routine network
NET-01436,2026-09-04T05:07:47Z,MGMT-01,203.0.113.55,ACME\svc_patch,powershell.exe,443,allowed,56367,benign,routine network
NET-00712,2026-09-04T05:10:03Z,FILE-02,MGMT-01,ACME\kpatel,inventory.exe,53,allowed,57441,benign,routine network
NET-00999,2026-09-04T05:10:22Z,PATCH-01,JUMP-01,ACME\admin.ops,powershell.exe,445,allowed,45625,benign,routine network
NET-00701,2026-09-04T05:15:00Z,HR-WS-22,FILE-02,ACME\svc_patch,System,445,allowed,51104,benign,routine network
NET-01185,2026-09-04T05:15:25Z,FILE-02,203.0.113.55,NT AUTHORITY\SYSTEM,powershell.exe,445,allowed,32243,benign,routine network
NET-01440,2026-09-04T05:15:36Z,JUMP-01,PATCH-01,ACME\admin.ops,inventory.exe,5985,allowed,25418,benign,routine network
NET-01401,2026-09-04T05:19:22Z,JUMP-01,JUMP-01,ACME\admin.ops,inventory.exe,53,allowed,14427,benign,routine network
NET-00669,2026-09-04T05:23:12Z,FILE-02,PATCH-01,ACME\admin.ops,powershell.exe,53,allowed,45017,benign,routine network
NET-01760,2026-09-04T05:26:06Z,PATCH-01,203.0.113.55,NT AUTHORITY\SYSTEM,System,5985,allowed,69514,benign,routine network
NET-00601,2026-09-04T05:40:37Z,JUMP-01,FILE-02,ACME\jsmith,powershell.exe,5985,allowed,31085,benign,routine network
NET-00831,2026-09-04T06:02:14Z,HR-WS-22,JUMP-01,ACME\jsmith,patch-agent.exe,5985,allowed,27953,benign,routine network
NET-00018,2026-09-04T06:03:08Z,DC-01,PATCH-01,ACME\jsmith,System,443,allowed,74353,benign,routine network
NET-00303,2026-09-04T06:07:03Z,PATCH-01,JUMP-01,ACME\kpatel,patch-agent.exe,443,allowed,39217,benign,routine network
NET-01046,2026-09-04T06:11:10Z,HR-WS-22,FILE-02,ACME\svc_patch,System,445,allowed,46328,benign,routine network
NET-00734,2026-09-04T06:13:34Z,DC-01,APP-03,NT AUTHORITY\SYSTEM,System,443,allowed,66179,benign,routine network
NET-00947,2026-09-04T06:17:56Z,PATCH-01,APP-03,ACME\svc_patch,System,443,allowed,40498,benign,routine network
NET-00929,2026-09-04T06:21:51Z,PATCH-01,PATCH-01,NT AUTHORITY\SYSTEM,powershell.exe,445,allowed,75253,benign,routine network
NET-00209,2026-09-04T06:26:56Z,HR-WS-22,HR-WS-22,NT AUTHORITY\SYSTEM,System,443,allowed,21175,benign,routine network
NET-01155,2026-09-04T06:27:46Z,PATCH-01,DC-01,NT AUTHORITY\SYSTEM,System,5985,allowed,36190,benign,routine network
NET-00507,2026-09-04T06:35:48Z,HR-WS-22,MGMT-01,ACME\admin.ops,patch-agent.exe,445,allowed,68973,benign,routine network
NET-01371,2026-09-04T06:35:50Z,HR-WS-22,MGMT-01,ACME\svc_patch,inventory.exe,445,allowed,14162,benign,routine network
NET-01403,2026-09-04T06:52:42Z,APP-03,HR-WS-22,ACME\jsmith,powershell.exe,5985,allowed,12897,benign,routine network
NET-00650,2026-09-04T07:00:14Z,FILE-02,MGMT-01,ACME\admin.ops,inventory.exe,53,allowed,54904,benign,routine network
NET-01366,2026-09-04T07:12:39Z,DC-01,APP-03,ACME\jsmith,System,53,allowed,70426,benign,routine network
NET-00996,2026-09-04T07:17:35Z,FILE-02,JUMP-01,ACME\svc_patch,powershell.exe,445,allowed,68904,benign,routine network
NET-00926,2026-09-04T07:27:08Z,JUMP-01,HR-WS-22,ACME\admin.ops,powershell.exe,445,allowed,25969,benign,routine network
NET-01675,2026-09-04T07:51:29Z,DC-01,APP-03,ACME\svc_patch,patch-agent.exe,5985,allowed,15560,benign,routine network
NET-01668,2026-09-04T07:54:05Z,JUMP-01,203.0.113.55,ACME\svc_patch,inventory.exe,53,allowed,34631,benign,routine network
NET-00679,2026-09-04T07:54:08Z,FILE-02,APP-03,ACME\kpatel,System,445,allowed,55510,benign,routine network
NET-01748,2026-09-04T07:55:36Z,MGMT-01,APP-03,ACME\admin.ops,inventory.exe,443,allowed,59614,benign,routine network
NET-01504,2026-09-04T07:57:49Z,FILE-02,PATCH-01,ACME\svc_patch,powershell.exe,443,allowed,54463,benign,routine network
NET-01252,2026-09-04T08:01:40Z,PATCH-01,203.0.113.55,ACME\jsmith,inventory.exe,5985,allowed,78524,benign,routine network
NET-00170,2026-09-04T08:02:04Z,FILE-02,HR-WS-22,ACME\svc_patch,System,53,allowed,12080,benign,routine network
NET-00930,2026-09-04T08:02:32Z,FILE-02,203.0.113.55,ACME\svc_patch,patch-agent.exe,5985,allowed,48704,benign,routine network
NET-01762,2026-09-04T08:04:48Z,DC-01,JUMP-01,NT AUTHORITY\SYSTEM,powershell.exe,53,allowed,70608,benign,routine network
NET-00054,2026-09-04T08:15:17Z,APP-03,FILE-02,ACME\kpatel,patch-agent.exe,443,allowed,17776,benign,routine network
NET-00799,2026-09-04T08:15:23Z,JUMP-01,FILE-02,NT AUTHORITY\SYSTEM,powershell.exe,53,allowed,26687,benign,routine network
NET-01634,2026-09-04T08:18:28Z,FILE-02,DC-01,ACME\jsmith,System,443,allowed,1256,benign,routine network
NET-00318,2026-09-04T08:19:08Z,JUMP-01,JUMP-01,ACME\kpatel,patch-agent.exe,53,allowed,38737,benign,routine network
NET-00062,2026-09-04T08:22:16Z,JUMP-01,HR-WS-22,ACME\jsmith,inventory.exe,53,allowed,1699,benign,routine network
NET-01381,2026-09-04T08:32:14Z,FILE-02,HR-WS-22,ACME\kpatel,System,445,allowed,41684,benign,routine network
NET-00898,2026-09-04T08:39:38Z,DC-01,PATCH-01,NT AUTHORITY\SYSTEM,powershell.exe,5985,allowed,10466,benign,routine network
NET-00823,2026-09-04T08:40:49Z,FILE-02,203.0.113.55,NT AUTHORITY\SYSTEM,powershell.exe,445,allowed,42699,benign,routine network
NET-01737,2026-09-04T08:43:46Z,FILE-02,JUMP-01,ACME\admin.ops,powershell.exe,445,allowed,54224,benign,routine network
NET-01477,2026-09-04T08:46:49Z,PATCH-01,PATCH-01,ACME\jsmith,inventory.exe,445,allowed,31882,benign,routine network
NET-00060,2026-09-04T08:47:54Z,MGMT-01,PATCH-01,ACME\admin.ops,inventory.exe,53,allowed,5349,benign,routine network
NET-01651,2026-09-04T08:49:22Z,MGMT-01,PATCH-01,NT AUTHORITY\SYSTEM,patch-agent.exe,53,allowed,38696,benign,routine network
NET-01792,2026-09-04T08:53:17Z,HR-WS-22,DC-01,NT AUTHORITY\SYSTEM,patch-agent.exe,443,allowed,27670,benign,routine network
NET-00961,2026-09-04T08:58:32Z,HR-WS-22,JUMP-01,ACME\jsmith,patch-agent.exe,5985,allowed,21138,benign,routine network
NET-01061,2026-09-04T08:59:14Z,HR-WS-22,DC-01,ACME\admin.ops,inventory.exe,5985,allowed,38191,benign,routine network
NET-01358,2026-09-04T09:01:48Z,HR-WS-22,FILE-02,ACME\jsmith,System,5985,allowed,36342,benign,routine network
NET-00967,2026-09-04T09:06:33Z,FILE-02,PATCH-01,ACME\svc_patch,inventory.exe,5985,allowed,65315,benign,routine network
NET-01777,2026-09-04T09:20:30Z,JUMP-01,DC-01,ACME\kpatel,patch-agent.exe,445,allowed,33727,benign,routine network
NET-01353,2026-09-04T09:22:44Z,FILE-02,HR-WS-22,ACME\admin.ops,inventory.exe,5985,allowed,48861,benign,routine network
NET-00666,2026-09-04T09:24:00Z,JUMP-01,MGMT-01,ACME\svc_patch,inventory.exe,5985,allowed,47001,benign,routine network
NET-00339,2026-09-04T09:24:05Z,APP-03,JUMP-01,ACME\svc_patch,powershell.exe,53,allowed,47898,benign,routine network
NET-00868,2026-09-04T09:24:49Z,HR-WS-22,APP-03,ACME\admin.ops,System,5985,allowed,70514,benign,routine network
NET-00237,2026-09-04T09:25:02Z,DC-01,MGMT-01,ACME\svc_patch,System,443,allowed,75376,benign,routine network
NET-00754,2026-09-04T09:28:41Z,JUMP-01,FILE-02,ACME\svc_patch,powershell.exe,53,allowed,28521,benign,routine network
NET-01536,2026-09-04T09:28:59Z,PATCH-01,PATCH-01,ACME\jsmith,patch-agent.exe,53,allowed,58298,benign,routine network
NET-00806,2026-09-04T09:36:16Z,DC-01,APP-03,NT AUTHORITY\SYSTEM,inventory.exe,5985,allowed,36736,benign,routine network
NET-00747,2026-09-04T09:37:15Z,HR-WS-22,DC-01,ACME\svc_patch,inventory.exe,5985,allowed,64206,benign,routine network
NET-00189,2026-09-04T09:38:34Z,MGMT-01,MGMT-01,ACME\jsmith,patch-agent.exe,443,allowed,18054,benign,routine network
NET-00038,2026-09-04T09:40:26Z,APP-03,HR-WS-22,ACME\jsmith,patch-agent.exe,53,allowed,1701,benign,routine network
NET-00455,2026-09-04T09:46:31Z,FILE-02,MGMT-01,ACME\jsmith,System,5985,allowed,58958,benign,routine network
NET-01427,2026-09-04T09:47:13Z,FILE-02,DC-01,ACME\kpatel,inventory.exe,5985,allowed,25833,benign,routine network
NET-00585,2026-09-04T09:48:11Z,PATCH-01,DC-01,ACME\jsmith,inventory.exe,5985,allowed,57624,benign,routine network
NET-00829,2026-09-04T09:50:03Z,FILE-02,JUMP-01,NT AUTHORITY\SYSTEM,inventory.exe,443,allowed,37142,benign,routine network
NET-01297,2026-09-04T09:53:05Z,JUMP-01,PATCH-01,NT AUTHORITY\SYSTEM,powershell.exe,5985,allowed,40393,benign,routine network
NET-01509,2026-09-04T09:55:02Z,FILE-02,HR-WS-22,ACME\kpatel,System,5985,allowed,46541,benign,routine network
NET-01482,2026-09-04T09:57:12Z,FILE-02,APP-03,NT AUTHORITY\SYSTEM,inventory.exe,5985,allowed,27599,benign,routine network
NET-00013,2026-09-04T10:02:51Z,APP-03,MGMT-01,ACME\admin.ops,inventory.exe,445,allowed,79864,benign,routine network
NET-00157,2026-09-04T10:05:32Z,PATCH-01,PATCH-01,ACME\jsmith,System,5985,allowed,11380,benign,routine network
NET-01244,2026-09-04T10:13:08Z,PATCH-01,MGMT-01,ACME\kpatel,inventory.exe,53,allowed,15146,benign,routine network
NET-01289,2026-09-04T10:19:06Z,APP-03,MGMT-01,NT AUTHORITY\SYSTEM,inventory.exe,53,allowed,69496,benign,routine network
NET-00383,2026-09-04T10:25:11Z,DC-01,PATCH-01,NT AUTHORITY\SYSTEM,powershell.exe,443,allowed,68247,benign,routine network
NET-01445,2026-09-04T10:25:48Z,DC-01,FILE-02,ACME\admin.ops,inventory.exe,5985,allowed,18879,benign,routine network
NET-01573,2026-09-04T10:27:50Z,FILE-02,DC-01,ACME\svc_patch,patch-agent.exe,5985,allowed,46765,benign,routine network
NET-00850,2026-09-04T10:28:31Z,PATCH-01,PATCH-01,ACME\admin.ops,patch-agent.exe,445,allowed,40010,benign,routine network
NET-01326,2026-09-04T10:29:33Z,APP-03,APP-03,NT AUTHORITY\SYSTEM,inventory.exe,5985,allowed,62237,benign,routine network
NET-00995,2026-09-04T10:30:59Z,MGMT-01,APP-03,ACME\svc_patch,patch-agent.exe,445,allowed,35696,benign,routine network
NET-01134,2026-09-04T10:31:31Z,APP-03,APP-03,NT AUTHORITY\SYSTEM,powershell.exe,53,allowed,62323,benign,routine network
NET-01694,2026-09-04T10:40:31Z,HR-WS-22,JUMP-01,ACME\admin.ops,powershell.exe,5985,allowed,16406,benign,routine network
NET-00148,2026-09-04T10:43:17Z,PATCH-01,203.0.113.55,ACME\svc_patch,powershell.exe,445,allowed,24034,benign,routine network
NET-01600,2026-09-04T10:47:20Z,PATCH-01,JUMP-01,ACME\kpatel,patch-agent.exe,5985,allowed,72399,benign,routine network
NET-01513,2026-09-04T10:47:31Z,DC-01,203.0.113.55,NT AUTHORITY\SYSTEM,inventory.exe,443,allowed,31932,benign,routine network
NET-01049,2026-09-04T10:49:32Z,DC-01,JUMP-01,ACME\svc_patch,System,443,allowed,11094,benign,routine network
NET-00195,2026-09-04T10:50:28Z,HR-WS-22,203.0.113.55,ACME\admin.ops,powershell.exe,443,allowed,10466,benign,routine network
NET-00665,2026-09-04T10:52:03Z,DC-01,FILE-02,ACME\admin.ops,inventory.exe,443,allowed,9402,benign,routine network
NET-00119,2026-09-04T10:57:13Z,FILE-02,JUMP-01,ACME\jsmith,patch-agent.exe,443,allowed,60161,benign,routine network
NET-00368,2026-09-04T11:01:02Z,FILE-02,DC-01,NT AUTHORITY\SYSTEM,patch-agent.exe,53,allowed,1462,benign,routine network
NET-01054,2026-09-04T11:01:36Z,MGMT-01,HR-WS-22,ACME\jsmith,inventory.exe,445,allowed,21740,benign,routine network
NET-01643,2026-09-04T11:02:20Z,FILE-02,JUMP-01,ACME\svc_patch,inventory.exe,443,allowed,7684,benign,routine network
NET-00824,2026-09-04T11:05:09Z,DC-01,203.0.113.55,ACME\jsmith,powershell.exe,53,allowed,3649,benign,routine network
NET-01386,2026-09-04T11:05:30Z,DC-01,PATCH-01,ACME\kpatel,inventory.exe,5985,allowed,23212,benign,routine network
NET-01398,2026-09-04T11:06:34Z,FILE-02,203.0.113.55,ACME\kpatel,patch-agent.exe,5985,allowed,59827,benign,routine network
NET-00483,2026-09-04T11:09:00Z,APP-03,JUMP-01,ACME\kpatel,powershell.exe,53,allowed,10574,benign,routine network
NET-00055,2026-09-04T11:09:09Z,FILE-02,203.0.113.55,ACME\admin.ops,powershell.exe,445,allowed,5378,benign,routine network
NET-01489,2026-09-04T11:11:43Z,PATCH-01,MGMT-01,ACME\jsmith,inventory.exe,443,allowed,47633,benign,routine network
NET-00700,2026-09-04T11:21:14Z,DC-01,JUMP-01,ACME\kpatel,patch-agent.exe,445,allowed,76934,benign,routine network
NET-01480,2026-09-04T11:31:39Z,DC-01,DC-01,ACME\admin.ops,patch-agent.exe,53,allowed,36194,benign,routine network
NET-01449,2026-09-04T11:32:58Z,HR-WS-22,HR-WS-22,ACME\jsmith,powershell.exe,443,allowed,75489,benign,routine network
NET-01467,2026-09-04T11:41:09Z,HR-WS-22,APP-03,ACME\kpatel,powershell.exe,53,allowed,56001,benign,routine network
NET-01080,2026-09-04T11:46:13Z,JUMP-01,FILE-02,NT AUTHORITY\SYSTEM,patch-agent.exe,443,allowed,52205,benign,routine network
NET-01464,2026-09-04T11:47:39Z,MGMT-01,FILE-02,ACME\admin.ops,patch-agent.exe,5985,allowed,42022,benign,routine network
NET-00749,2026-09-04T11:48:23Z,MGMT-01,MGMT-01,ACME\kpatel,inventory.exe,445,allowed,25963,benign,routine network
NET-01118,2026-09-04T11:51:13Z,FILE-02,HR-WS-22,NT AUTHORITY\SYSTEM,powershell.exe,53,allowed,8337,benign,routine network
NET-01555,2026-09-04T11:54:23Z,APP-03,FILE-02,ACME\jsmith,System,445,allowed,17124,benign,routine network
NET-00261,2026-09-04T11:56:24Z,JUMP-01,HR-WS-22,NT AUTHORITY\SYSTEM,patch-agent.exe,5985,allowed,20801,benign,routine network
NET-00069,2026-09-04T11:57:13Z,PATCH-01,JUMP-01,ACME\admin.ops,patch-agent.exe,443,allowed,61663,benign,routine network
NET-00325,2026-09-04T12:02:06Z,FILE-02,APP-03,ACME\kpatel,powershell.exe,53,allowed,16055,benign,routine network
NET-00351,2026-09-04T12:06:09Z,JUMP-01,203.0.113.55,ACME\jsmith,powershell.exe,443,allowed,2464,benign,routine network
NET-00403,2026-09-04T12:06:23Z,APP-03,DC-01,ACME\admin.ops,powershell.exe,445,allowed,25544,benign,routine network
NET-01327,2026-09-04T12:10:57Z,JUMP-01,FILE-02,NT AUTHORITY\SYSTEM,patch-agent.exe,445,allowed,22894,benign,routine network
NET-00213,2026-09-04T12:16:37Z,APP-03,FILE-02,ACME\svc_patch,inventory.exe,443,allowed,66296,benign,routine network
NET-01036,2026-09-04T12:19:22Z,DC-01,DC-01,ACME\jsmith,System,445,allowed,26678,benign,routine network
NET-00359,2026-09-04T12:22:35Z,DC-01,JUMP-01,ACME\admin.ops,powershell.exe,5985,allowed,54659,benign,routine network
NET-01072,2026-09-04T12:30:30Z,MGMT-01,DC-01,ACME\kpatel,powershell.exe,5985,allowed,51243,benign,routine network
NET-00675,2026-09-04T12:32:23Z,PATCH-01,MGMT-01,ACME\jsmith,powershell.exe,53,allowed,39512,benign,routine network
NET-01022,2026-09-04T12:38:07Z,JUMP-01,DC-01,NT AUTHORITY\SYSTEM,patch-agent.exe,5985,allowed,18609,benign,routine network
NET-00164,2026-09-04T12:47:50Z,JUMP-01,FILE-02,NT AUTHORITY\SYSTEM,patch-agent.exe,53,allowed,43852,benign,routine network
NET-01591,2026-09-04T12:58:51Z,DC-01,APP-03,ACME\kpatel,powershell.exe,445,allowed,38372,benign,routine network
NET-00331,2026-09-04T13:05:40Z,MGMT-01,203.0.113.55,ACME\jsmith,powershell.exe,445,allowed,24288,benign,routine network
NET-00247,2026-09-04T13:08:58Z,JUMP-01,HR-WS-22,ACME\jsmith,powershell.exe,445,allowed,61895,benign,routine network
NET-01575,2026-09-04T13:29:31Z,PATCH-01,JUMP-01,ACME\admin.ops,powershell.exe,443,allowed,8088,benign,routine network
NET-00263,2026-09-04T13:32:10Z,FILE-02,DC-01,ACME\kpatel,System,445,allowed,41724,benign,routine network
NET-00277,2026-09-04T13:37:00Z,JUMP-01,203.0.113.55,ACME\admin.ops,powershell.exe,53,allowed,6419,benign,routine network
NET-00443,2026-09-04T13:39:48Z,PATCH-01,DC-01,ACME\admin.ops,inventory.exe,445,allowed,40245,benign,routine network
NET-00559,2026-09-04T13:45:41Z,HR-WS-22,FILE-02,NT AUTHORITY\SYSTEM,powershell.exe,443,allowed,28939,benign,routine network
NET-00753,2026-09-04T13:50:48Z,FILE-02,PATCH-01,ACME\kpatel,inventory.exe,53,allowed,8038,benign,routine network
NET-01702,2026-09-04T13:52:08Z,MGMT-01,HR-WS-22,ACME\admin.ops,inventory.exe,5985,allowed,50937,benign,routine network
NET-00320,2026-09-04T13:52:37Z,FILE-02,APP-03,NT AUTHORITY\SYSTEM,System,443,allowed,64632,benign,routine network
NET-00565,2026-09-04T14:00:28Z,MGMT-01,HR-WS-22,ACME\svc_patch,System,445,allowed,1446,benign,routine network
NET-00646,2026-09-04T14:04:32Z,JUMP-01,203.0.113.55,ACME\svc_patch,inventory.exe,445,allowed,12188,benign,routine network
NET-00540,2026-09-04T14:05:04Z,DC-01,203.0.113.55,ACME\jsmith,inventory.exe,53,allowed,76714,benign,routine network
NET-00457,2026-09-04T14:05:08Z,MGMT-01,PATCH-01,ACME\admin.ops,inventory.exe,53,allowed,60223,benign,routine network
NET-01191,2026-09-04T14:06:23Z,APP-03,203.0.113.55,ACME\jsmith,powershell.exe,5985,allowed,21900,benign,routine network
NET-00360,2026-09-04T14:13:28Z,APP-03,PATCH-01,ACME\admin.ops,inventory.exe,443,allowed,38425,benign,routine network
NET-01265,2026-09-04T14:13:44Z,JUMP-01,203.0.113.55,ACME\jsmith,patch-agent.exe,445,allowed,45507,benign,routine network
NET-01742,2026-09-04T14:15:01Z,MGMT-01,MGMT-01,ACME\admin.ops,powershell.exe,53,allowed,16567,benign,routine network
NET-01470,2026-09-04T14:26:10Z,FILE-02,MGMT-01,ACME\svc_patch,powershell.exe,443,allowed,62550,benign,routine network
NET-00410,2026-09-04T14:32:38Z,DC-01,FILE-02,ACME\svc_patch,System,443,allowed,53824,benign,routine network
NET-00093,2026-09-04T14:39:48Z,PATCH-01,PATCH-01,NT AUTHORITY\SYSTEM,inventory.exe,5985,allowed,75633,benign,routine network
NET-00023,2026-09-04T14:42:56Z,PATCH-01,DC-01,ACME\svc_patch,powershell.exe,443,allowed,6775,benign,routine network
NET-01538,2026-09-04T14:46:01Z,MGMT-01,MGMT-01,NT AUTHORITY\SYSTEM,System,5985,allowed,37932,benign,routine network
NET-01740,2026-09-04T14:48:38Z,PATCH-01,203.0.113.55,ACME\jsmith,inventory.exe,5985,allowed,64161,benign,routine network
NET-00631,2026-09-04T14:51:54Z,MGMT-01,APP-03,ACME\svc_patch,patch-agent.exe,443,allowed,73245,benign,routine network
NET-00255,2026-09-04T14:53:27Z,JUMP-01,JUMP-01,ACME\admin.ops,System,5985,allowed,46933,benign,routine network
NET-00415,2026-09-04T14:59:03Z,APP-03,HR-WS-22,ACME\svc_patch,inventory.exe,5985,allowed,22521,benign,routine network
NET-00242,2026-09-04T15:16:32Z,MGMT-01,HR-WS-22,ACME\svc_patch,inventory.exe,53,allowed,67867,benign,routine network
NET-01518,2026-09-04T15:21:17Z,FILE-02,FILE-02,ACME\jsmith,System,53,allowed,76414,benign,routine network
NET-01677,2026-09-04T15:21:18Z,FILE-02,APP-03,ACME\jsmith,patch-agent.exe,445,allowed,33571,benign,routine network
NET-00605,2026-09-04T15:24:35Z,FILE-02,JUMP-01,ACME\admin.ops,inventory.exe,445,allowed,1133,benign,routine network
NET-00122,2026-09-04T15:34:31Z,APP-03,JUMP-01,ACME\jsmith,powershell.exe,53,allowed,8217,benign,routine network
NET-01424,2026-09-04T15:35:41Z,FILE-02,PATCH-01,ACME\jsmith,patch-agent.exe,443,allowed,22372,benign,routine network
NET-00887,2026-09-04T15:38:39Z,HR-WS-22,DC-01,ACME\svc_patch,powershell.exe,53,allowed,74992,benign,routine network
NET-01307,2026-09-04T15:53:15Z,PATCH-01,PATCH-01,ACME\jsmith,System,445,allowed,45812,benign,routine network
NET-01309,2026-09-04T15:53:24Z,APP-03,MGMT-01,ACME\jsmith,System,443,allowed,14561,benign,routine network
NET-01101,2026-09-04T16:01:08Z,JUMP-01,FILE-02,ACME\admin.ops,patch-agent.exe,53,allowed,785,benign,routine network
NET-00447,2026-09-04T16:10:35Z,DC-01,DC-01,ACME\jsmith,System,445,allowed,23854,benign,routine network
NET-00183,2026-09-04T16:13:42Z,DC-01,DC-01,ACME\kpatel,powershell.exe,445,allowed,21153,benign,routine network
NET-01448,2026-09-04T16:21:50Z,PATCH-01,203.0.113.55,NT AUTHORITY\SYSTEM,patch-agent.exe,5985,allowed,9215,benign,routine network
NET-00820,2026-09-04T16:23:40Z,DC-01,PATCH-01,NT AUTHORITY\SYSTEM,inventory.exe,445,allowed,31478,benign,routine network
NET-01727,2026-09-04T16:30:19Z,JUMP-01,203.0.113.55,ACME\kpatel,patch-agent.exe,53,allowed,45784,benign,routine network
NET-01033,2026-09-04T16:32:58Z,HR-WS-22,JUMP-01,ACME\kpatel,System,5985,allowed,24964,benign,routine network
NET-00897,2026-09-04T16:41:49Z,PATCH-01,JUMP-01,ACME\svc_patch,System,445,allowed,47963,benign,routine network
NET-00594,2026-09-04T16:51:04Z,HR-WS-22,FILE-02,ACME\jsmith,inventory.exe,445,allowed,25804,benign,routine network
NET-00618,2026-09-04T16:52:15Z,HR-WS-22,DC-01,ACME\admin.ops,System,445,allowed,20407,benign,routine network
NET-00955,2026-09-04T16:52:55Z,APP-03,JUMP-01,ACME\kpatel,powershell.exe,445,allowed,54894,benign,routine network
NET-00137,2026-09-04T16:53:11Z,FILE-02,PATCH-01,ACME\jsmith,powershell.exe,53,allowed,68287,benign,routine network
NET-01362,2026-09-04T16:55:09Z,HR-WS-22,APP-03,ACME\kpatel,powershell.exe,443,allowed,57154,benign,routine network
NET-00645,2026-09-04T16:55:35Z,PATCH-01,203.0.113.55,ACME\admin.ops,patch-agent.exe,445,allowed,64831,benign,routine network
NET-01201,2026-09-04T16:59:02Z,MGMT-01,203.0.113.55,ACME\jsmith,powershell.exe,443,allowed,9722,benign,routine network
NET-00357,2026-09-04T17:00:59Z,HR-WS-22,APP-03,NT AUTHORITY\SYSTEM,System,445,allowed,73003,benign,routine network
NET-00012,2026-09-04T17:03:52Z,APP-03,HR-WS-22,ACME\kpatel,inventory.exe,443,allowed,8027,benign,routine network
NET-00928,2026-09-04T17:10:49Z,JUMP-01,203.0.113.55,ACME\admin.ops,System,445,allowed,76351,benign,routine network
NET-01262,2026-09-04T17:12:50Z,DC-01,JUMP-01,ACME\svc_patch,System,445,allowed,52254,benign,routine network
NET-00222,2026-09-04T17:13:40Z,HR-WS-22,DC-01,ACME\admin.ops,inventory.exe,445,allowed,36467,benign,routine network
NET-00817,2026-09-04T17:14:25Z,DC-01,DC-01,ACME\jsmith,System,5985,allowed,1912,benign,routine network
NET-00016,2026-09-04T17:17:00Z,JUMP-01,APP-03,ACME\admin.ops,patch-agent.exe,443,allowed,14777,benign,routine network
NET-01076,2026-09-04T17:22:28Z,JUMP-01,203.0.113.55,NT AUTHORITY\SYSTEM,System,445,allowed,51723,benign,routine network
NET-00709,2026-09-04T17:26:44Z,APP-03,MGMT-01,ACME\svc_patch,patch-agent.exe,5985,allowed,51200,benign,routine network
NET-00979,2026-09-04T17:32:50Z,HR-WS-22,JUMP-01,ACME\admin.ops,patch-agent.exe,445,allowed,10787,benign,routine network
NET-00130,2026-09-04T17:37:11Z,JUMP-01,APP-03,ACME\jsmith,inventory.exe,53,allowed,27028,benign,routine network
NET-00732,2026-09-04T17:39:40Z,HR-WS-22,MGMT-01,ACME\jsmith,System,5985,allowed,32314,benign,routine network
NET-00197,2026-09-04T17:40:56Z,PATCH-01,DC-01,NT AUTHORITY\SYSTEM,System,5985,allowed,55670,benign,routine network
NET-01014,2026-09-04T17:42:26Z,DC-01,APP-03,ACME\kpatel,System,5985,allowed,72778,benign,routine network
NET-00860,2026-09-04T17:49:29Z,MGMT-01,JUMP-01,NT AUTHORITY\SYSTEM,powershell.exe,443,allowed,79183,benign,routine network
NET-00311,2026-09-04T17:59:43Z,APP-03,APP-03,ACME\kpatel,System,5985,allowed,24218,benign,routine network
NET-00676,2026-09-04T17:59:52Z,MGMT-01,DC-01,ACME\kpatel,powershell.exe,443,allowed,17615,benign,routine network
NET-01075,2026-09-04T18:07:56Z,HR-WS-22,JUMP-01,ACME\kpatel,System,5985,allowed,74904,benign,routine network
NET-00935,2026-09-04T18:07:57Z,JUMP-01,PATCH-01,ACME\admin.ops,powershell.exe,445,allowed,13406,benign,routine network
NET-00293,2026-09-04T18:11:36Z,MGMT-01,FILE-02,ACME\admin.ops,patch-agent.exe,443,allowed,23304,benign,routine network
NET-00418,2026-09-04T18:12:52Z,DC-01,MGMT-01,ACME\admin.ops,System,445,allowed,56875,benign,routine network
NET-01500,2026-09-04T18:14:25Z,DC-01,DC-01,ACME\svc_patch,powershell.exe,445,allowed,57694,benign,routine network
NET-00037,2026-09-04T18:17:47Z,DC-01,203.0.113.55,ACME\admin.ops,inventory.exe,445,allowed,41687,benign,routine network
NET-00520,2026-09-04T18:35:38Z,MGMT-01,MGMT-01,ACME\svc_patch,patch-agent.exe,445,allowed,17064,benign,routine network
NET-01128,2026-09-04T18:37:13Z,JUMP-01,HR-WS-22,NT AUTHORITY\SYSTEM,patch-agent.exe,445,allowed,11240,benign,routine network
NET-00387,2026-09-04T18:45:15Z,JUMP-01,PATCH-01,NT AUTHORITY\SYSTEM,inventory.exe,5985,allowed,43642,benign,routine network
NET-00797,2026-09-04T18:49:38Z,MGMT-01,FILE-02,ACME\admin.ops,inventory.exe,53,allowed,4060,benign,routine network
NET-00816,2026-09-04T18:52:07Z,FILE-02,APP-03,ACME\kpatel,powershell.exe,5985,allowed,21745,benign,routine network
NET-01728,2026-09-04T19:08:16Z,FILE-02,DC-01,ACME\admin.ops,System,445,allowed,36858,benign,routine network
NET-00758,2026-09-04T19:09:30Z,JUMP-01,MGMT-01,NT AUTHORITY\SYSTEM,powershell.exe,443,allowed,30446,benign,routine network
NET-00307,2026-09-04T19:13:36Z,PATCH-01,MGMT-01,ACME\admin.ops,patch-agent.exe,53,allowed,69585,benign,routine network
NET-00276,2026-09-04T19:14:09Z,FILE-02,MGMT-01,NT AUTHORITY\SYSTEM,powershell.exe,53,allowed,50326,benign,routine network
NET-01416,2026-09-04T19:15:29Z,HR-WS-22,FILE-02,ACME\kpatel,System,5985,allowed,3528,benign,routine network
NET-00876,2026-09-04T19:17:13Z,APP-03,HR-WS-22,ACME\jsmith,System,53,allowed,10725,benign,routine network
NET-00005,2026-09-04T19:21:04Z,MGMT-01,FILE-02,NT AUTHORITY\SYSTEM,powershell.exe,445,allowed,54271,benign,routine network
NET-01487,2026-09-04T19:24:27Z,FILE-02,PATCH-01,ACME\admin.ops,patch-agent.exe,445,allowed,35435,benign,routine network
NET-00337,2026-09-04T19:29:39Z,DC-01,HR-WS-22,ACME\svc_patch,patch-agent.exe,443,allowed,70526,benign,routine network
NET-00216,2026-09-04T19:40:07Z,JUMP-01,APP-03,ACME\admin.ops,powershell.exe,445,allowed,11945,benign,routine network
NET-01641,2026-09-04T19:43:53Z,APP-03,FILE-02,ACME\kpatel,inventory.exe,443,allowed,10811,benign,routine network
NET-00134,2026-09-04T19:48:23Z,APP-03,PATCH-01,NT AUTHORITY\SYSTEM,inventory.exe,5985,allowed,46008,benign,routine network
NET-01746,2026-09-04T19:52:02Z,APP-03,HR-WS-22,NT AUTHORITY\SYSTEM,powershell.exe,53,allowed,32270,benign,routine network
NET-01565,2026-09-04T19:53:23Z,MGMT-01,FILE-02,ACME\svc_patch,patch-agent.exe,53,allowed,36397,benign,routine network
NET-01581,2026-09-04T19:57:18Z,PATCH-01,DC-01,ACME\kpatel,System,5985,allowed,25329,benign,routine network
NET-01133,2026-09-04T19:58:32Z,MGMT-01,PATCH-01,ACME\svc_patch,System,53,allowed,21643,benign,routine network
NET-00292,2026-09-04T20:09:59Z,PATCH-01,MGMT-01,ACME\jsmith,patch-agent.exe,443,allowed,54555,benign,routine network
NET-00073,2026-09-04T20:14:32Z,DC-01,HR-WS-22,ACME\svc_patch,inventory.exe,445,allowed,60474,benign,routine network
NET-01361,2026-09-04T20:18:53Z,FILE-02,APP-03,ACME\admin.ops,System,443,allowed,14064,benign,routine network
NET-01558,2026-09-04T20:20:24Z,DC-01,HR-WS-22,ACME\svc_patch,System,445,allowed,68002,benign,routine network
NET-01785,2026-09-04T20:44:58Z,PATCH-01,HR-WS-22,ACME\svc_patch,patch-agent.exe,445,allowed,44810,benign,routine network
NET-01420,2026-09-04T20:47:51Z,HR-WS-22,MGMT-01,ACME\jsmith,patch-agent.exe,443,allowed,10013,benign,routine network
NET-00361,2026-09-04T20:51:07Z,DC-01,JUMP-01,NT AUTHORITY\SYSTEM,powershell.exe,5985,allowed,12668,benign,routine network
NET-00076,2026-09-04T20:55:30Z,FILE-02,PATCH-01,NT AUTHORITY\SYSTEM,System,5985,allowed,22513,benign,routine network
NET-00350,2026-09-04T20:57:45Z,DC-01,JUMP-01,NT AUTHORITY\SYSTEM,System,53,allowed,79078,benign,routine network
NET-00886,2026-09-04T20:58:23Z,APP-03,HR-WS-22,NT AUTHORITY\SYSTEM,System,53,allowed,45737,benign,routine network
NET-01422,2026-09-04T21:00:02Z,HR-WS-22,APP-03,ACME\svc_patch,powershell.exe,445,allowed,39869,benign,routine network
NET-01776,2026-09-04T21:03:06Z,JUMP-01,FILE-02,ACME\kpatel,patch-agent.exe,53,allowed,39020,benign,routine network
NET-01306,2026-09-04T21:05:24Z,HR-WS-22,MGMT-01,ACME\kpatel,patch-agent.exe,53,allowed,65488,benign,routine network
NET-01511,2026-09-04T21:16:33Z,FILE-02,PATCH-01,NT AUTHORITY\SYSTEM,inventory.exe,53,allowed,9078,benign,routine network
NET-00614,2026-09-04T21:21:52Z,JUMP-01,FILE-02,ACME\jsmith,patch-agent.exe,445,allowed,62127,benign,routine network
NET-00558,2026-09-04T21:45:30Z,DC-01,HR-WS-22,ACME\svc_patch,patch-agent.exe,443,allowed,78862,benign,routine network
NET-01633,2026-09-04T21:47:09Z,APP-03,APP-03,ACME\kpatel,inventory.exe,53,allowed,46120,benign,routine network
NET-00533,2026-09-04T21:47:12Z,APP-03,DC-01,ACME\svc_patch,powershell.exe,443,allowed,33866,benign,routine network
NET-00485,2026-09-04T21:55:45Z,PATCH-01,MGMT-01,ACME\admin.ops,inventory.exe,5985,allowed,59837,benign,routine network
NET-00673,2026-09-04T22:01:17Z,HR-WS-22,FILE-02,NT AUTHORITY\SYSTEM,inventory.exe,5985,allowed,9645,benign,routine network
NET-00316,2026-09-04T22:02:58Z,MGMT-01,HR-WS-22,NT AUTHORITY\SYSTEM,patch-agent.exe,445,allowed,24241,benign,routine network
NET-01357,2026-09-04T22:08:45Z,MGMT-01,PATCH-01,ACME\admin.ops,patch-agent.exe,445,allowed,41845,benign,routine network
NET-01597,2026-09-04T22:08:51Z,DC-01,HR-WS-22,ACME\kpatel,patch-agent.exe,53,allowed,50004,benign,routine network
NET-00198,2026-09-04T22:11:21Z,DC-01,JUMP-01,ACME\kpatel,inventory.exe,443,allowed,56635,benign,routine network
NET-01758,2026-09-04T22:20:14Z,PATCH-01,PATCH-01,ACME\admin.ops,powershell.exe,53,allowed,45133,benign,routine network
NET-00768,2026-09-04T22:23:20Z,JUMP-01,FILE-02,ACME\kpatel,System,443,allowed,44903,benign,routine network
NET-01716,2026-09-04T22:23:32Z,HR-WS-22,DC-01,ACME\jsmith,System,5985,allowed,17860,benign,routine network
NET-00022,2026-09-04T22:23:37Z,PATCH-01,JUMP-01,ACME\jsmith,powershell.exe,443,allowed,77812,benign,routine network
NET-00327,2026-09-04T22:26:09Z,DC-01,PATCH-01,NT AUTHORITY\SYSTEM,powershell.exe,5985,allowed,26126,benign,routine network
NET-00219,2026-09-04T22:30:29Z,FILE-02,FILE-02,ACME\jsmith,System,5985,allowed,26796,benign,routine network
NET-00664,2026-09-04T22:35:37Z,MGMT-01,HR-WS-22,ACME\jsmith,System,5985,allowed,14425,benign,routine network
NET-00376,2026-09-04T22:39:24Z,PATCH-01,JUMP-01,ACME\jsmith,inventory.exe,5985,allowed,28057,benign,routine network
NET-01200,2026-09-04T22:42:35Z,DC-01,MGMT-01,ACME\admin.ops,powershell.exe,443,allowed,12688,benign,routine network
NET-01281,2026-09-04T22:49:59Z,DC-01,MGMT-01,NT AUTHORITY\SYSTEM,System,5985,allowed,44411,benign,routine network
NET-01472,2026-09-04T22:52:44Z,APP-03,HR-WS-22,ACME\kpatel,powershell.exe,53,allowed,45598,benign,routine network
NET-01453,2026-09-04T22:56:08Z,DC-01,203.0.113.55,ACME\admin.ops,System,5985,allowed,24194,benign,routine network
NET-00328,2026-09-04T22:57:07Z,HR-WS-22,APP-03,ACME\admin.ops,inventory.exe,5985,allowed,13580,benign,routine network
NET-00914,2026-09-04T23:00:10Z,DC-01,APP-03,ACME\admin.ops,powershell.exe,53,allowed,27129,benign,routine network
NET-01292,2026-09-04T23:02:29Z,DC-01,PATCH-01,ACME\svc_patch,inventory.exe,53,allowed,5336,benign,routine network
NET-00429,2026-09-04T23:08:24Z,HR-WS-22,MGMT-01,ACME\svc_patch,System,445,allowed,77605,benign,routine network
NET-01673,2026-09-04T23:10:12Z,PATCH-01,HR-WS-22,ACME\svc_patch,inventory.exe,53,allowed,56924,benign,routine network
NET-00953,2026-09-04T23:11:32Z,PATCH-01,DC-01,ACME\admin.ops,System,53,allowed,16575,benign,routine network
NET-01181,2026-09-04T23:11:52Z,PATCH-01,HR-WS-22,NT AUTHORITY\SYSTEM,powershell.exe,5985,allowed,76812,benign,routine network
NET-00855,2026-09-04T23:12:35Z,JUMP-01,APP-03,ACME\admin.ops,inventory.exe,53,allowed,72940,benign,routine network
NET-00234,2026-09-04T23:12:36Z,JUMP-01,203.0.113.55,ACME\svc_patch,powershell.exe,5985,allowed,31656,benign,routine network
NET-00386,2026-09-04T23:13:17Z,JUMP-01,FILE-02,ACME\jsmith,powershell.exe,53,allowed,39741,benign,routine network
NET-01681,2026-09-04T23:14:31Z,FILE-02,APP-03,ACME\kpatel,System,443,allowed,30814,benign,routine network
NET-01752,2026-09-04T23:16:23Z,JUMP-01,DC-01,ACME\jsmith,powershell.exe,443,allowed,17695,benign,routine network
NET-01652,2026-09-04T23:19:01Z,PATCH-01,MGMT-01,ACME\kpatel,powershell.exe,443,allowed,54793,benign,routine network
NET-00406,2026-09-04T23:22:38Z,FILE-02,203.0.113.55,ACME\jsmith,powershell.exe,445,allowed,50815,benign,routine network
NET-00324,2026-09-04T23:22:55Z,JUMP-01,APP-03,ACME\svc_patch,powershell.exe,445,allowed,42736,benign,routine network
NET-01761,2026-09-04T23:28:24Z,JUMP-01,203.0.113.55,ACME\admin.ops,inventory.exe,445,allowed,68427,benign,routine network
NET-01183,2026-09-04T23:31:07Z,APP-03,DC-01,ACME\admin.ops,inventory.exe,5985,allowed,16459,benign,routine network
NET-00568,2026-09-04T23:33:32Z,HR-WS-22,APP-03,ACME\admin.ops,powershell.exe,5985,allowed,64938,benign,routine network
NET-01149,2026-09-04T23:33:37Z,APP-03,FILE-02,ACME\jsmith,System,53,allowed,46566,benign,routine network
NET-01095,2026-09-04T23:34:44Z,PATCH-01,JUMP-01,ACME\kpatel,System,5985,allowed,61293,benign,routine network
NET-00785,2026-09-04T23:37:21Z,FILE-02,PATCH-01,ACME\jsmith,System,53,allowed,1244,benign,routine network
NET-01783,2026-09-04T23:39:04Z,APP-03,JUMP-01,ACME\kpatel,System,5985,allowed,40644,benign,routine network
NET-01444,2026-09-04T23:39:53Z,FILE-02,JUMP-01,ACME\jsmith,System,445,allowed,26485,benign,routine network
NET-01294,2026-09-04T23:47:51Z,MGMT-01,FILE-02,ACME\kpatel,patch-agent.exe,5985,allowed,30116,benign,routine network
NET-01082,2026-09-04T23:52:10Z,JUMP-01,FILE-02,ACME\kpatel,System,53,allowed,55934,benign,routine network
NET-00384,2026-09-04T23:54:31Z,DC-01,203.0.113.55,ACME\admin.ops,System,445,allowed,30631,benign,routine network
NET-00051,2026-09-05T00:00:59Z,JUMP-01,MGMT-01,ACME\jsmith,inventory.exe,445,allowed,46626,benign,routine network
NET-01741,2026-09-05T00:07:34Z,JUMP-01,203.0.113.55,ACME\kpatel,inventory.exe,443,allowed,48100,benign,routine network
NET-01533,2026-09-05T00:07:36Z,FILE-02,203.0.113.55,ACME\svc_patch,inventory.exe,5985,allowed,25465,benign,routine network
NET-01050,2026-09-05T00:08:58Z,JUMP-01,APP-03,ACME\admin.ops,System,5985,allowed,36970,benign,routine network
NET-00660,2026-09-05T00:09:06Z,FILE-02,MGMT-01,ACME\admin.ops,patch-agent.exe,443,allowed,77995,benign,routine network
NET-00214,2026-09-05T00:11:08Z,APP-03,DC-01,ACME\admin.ops,inventory.exe,53,allowed,49352,benign,routine network
NET-01373,2026-09-05T00:13:55Z,DC-01,HR-WS-22,ACME\admin.ops,powershell.exe,53,allowed,49102,benign,routine network
NET-01390,2026-09-05T00:24:09Z,JUMP-01,PATCH-01,NT AUTHORITY\SYSTEM,inventory.exe,53,allowed,4013,benign,routine network
NET-01569,2026-09-05T00:27:25Z,FILE-02,PATCH-01,ACME\svc_patch,System,443,allowed,42957,benign,routine network
NET-00575,2026-09-05T00:28:05Z,PATCH-01,APP-03,ACME\admin.ops,System,443,allowed,23592,benign,routine network
NET-01497,2026-09-05T00:28:13Z,PATCH-01,APP-03,ACME\admin.ops,powershell.exe,53,allowed,23500,benign,routine network
NET-01141,2026-09-05T00:32:46Z,MGMT-01,JUMP-01,ACME\jsmith,System,445,allowed,62272,benign,routine network
NET-00970,2026-09-05T00:47:53Z,APP-03,MGMT-01,ACME\kpatel,System,5985,allowed,8876,benign,routine network
NET-01296,2026-09-05T00:48:11Z,FILE-02,203.0.113.55,ACME\kpatel,System,445,allowed,64603,benign,routine network
NET-01665,2026-09-05T00:49:34Z,JUMP-01,APP-03,ACME\svc_patch,System,443,allowed,15089,benign,routine network
NET-00545,2026-09-05T01:04:17Z,APP-03,MGMT-01,ACME\kpatel,powershell.exe,445,allowed,29507,benign,routine network
NET-00239,2026-09-05T01:04:36Z,APP-03,JUMP-01,ACME\admin.ops,patch-agent.exe,443,allowed,66020,benign,routine network
NET-00346,2026-09-05T01:06:26Z,HR-WS-22,APP-03,ACME\svc_patch,System,445,allowed,12997,benign,routine network
NET-00437,2026-09-05T01:09:09Z,PATCH-01,APP-03,ACME\jsmith,inventory.exe,5985,allowed,42475,benign,routine network
NET-00556,2026-09-05T01:14:32Z,JUMP-01,APP-03,ACME\jsmith,patch-agent.exe,445,allowed,52348,benign,routine network
NET-01689,2026-09-05T01:14:42Z,JUMP-01,APP-03,ACME\jsmith,inventory.exe,5985,allowed,38768,benign,routine network
NET-01796,2026-09-05T01:30:42Z,JUMP-01,DC-01,NT AUTHORITY\SYSTEM,inventory.exe,53,allowed,16745,benign,routine network
NET-01705,2026-09-05T01:36:49Z,FILE-02,203.0.113.55,ACME\svc_patch,powershell.exe,443,allowed,53345,benign,routine network
NET-00126,2026-09-05T01:41:32Z,HR-WS-22,JUMP-01,ACME\kpatel,powershell.exe,53,allowed,56167,benign,routine network
NET-01698,2026-09-05T01:41:40Z,MGMT-01,MGMT-01,NT AUTHORITY\SYSTEM,inventory.exe,53,allowed,36488,benign,routine network
NET-01236,2026-09-05T01:49:42Z,APP-03,DC-01,ACME\admin.ops,System,443,allowed,45888,benign,routine network
NET-00356,2026-09-05T01:50:10Z,FILE-02,FILE-02,NT AUTHORITY\SYSTEM,inventory.exe,53,allowed,31463,benign,routine network
NET-01279,2026-09-05T01:53:50Z,HR-WS-22,DC-01,ACME\admin.ops,System,53,allowed,24924,benign,routine network
NET-01383,2026-09-05T02:01:25Z,DC-01,203.0.113.55,NT AUTHORITY\SYSTEM,System,445,allowed,37964,benign,routine network
NET-01111,2026-09-05T02:09:56Z,HR-WS-22,MGMT-01,NT AUTHORITY\SYSTEM,powershell.exe,5985,allowed,46075,benign,routine network
NET-01042,2026-09-05T02:11:57Z,FILE-02,MGMT-01,ACME\kpatel,powershell.exe,443,allowed,6481,benign,routine network
NET-00226,2026-09-05T02:16:49Z,JUMP-01,HR-WS-22,ACME\kpatel,inventory.exe,443,allowed,53165,benign,routine network
NET-01739,2026-09-05T02:23:40Z,DC-01,PATCH-01,ACME\svc_patch,System,53,allowed,38180,benign,routine network
NET-00555,2026-09-05T02:27:43Z,DC-01,PATCH-01,ACME\admin.ops,System,53,allowed,50427,benign,routine network
NET-01629,2026-09-05T02:29:10Z,JUMP-01,MGMT-01,ACME\kpatel,inventory.exe,53,allowed,19725,benign,routine network
NET-00336,2026-09-05T02:34:19Z,APP-03,MGMT-01,ACME\jsmith,powershell.exe,443,allowed,39687,benign,routine network
NET-01402,2026-09-05T02:35:54Z,PATCH-01,PATCH-01,ACME\admin.ops,inventory.exe,443,allowed,35638,benign,routine network
NET-01679,2026-09-05T02:36:01Z,HR-WS-22,PATCH-01,NT AUTHORITY\SYSTEM,patch-agent.exe,5985,allowed,68708,benign,routine network
NET-00162,2026-09-05T02:37:05Z,FILE-02,203.0.113.55,ACME\jsmith,inventory.exe,443,allowed,43617,benign,routine network
NET-01257,2026-09-05T02:38:51Z,JUMP-01,DC-01,ACME\kpatel,powershell.exe,53,allowed,22611,benign,routine network
NET-01632,2026-09-05T02:41:09Z,PATCH-01,MGMT-01,NT AUTHORITY\SYSTEM,System,53,allowed,57639,benign,routine network
NET-01089,2026-09-05T02:43:07Z,JUMP-01,203.0.113.55,NT AUTHORITY\SYSTEM,patch-agent.exe,53,allowed,61536,benign,routine network
NET-00138,2026-09-05T02:43:25Z,DC-01,APP-03,ACME\kpatel,inventory.exe,53,allowed,6064,benign,routine network
NET-01335,2026-09-05T02:52:34Z,HR-WS-22,DC-01,ACME\kpatel,patch-agent.exe,5985,allowed,54397,benign,routine network
NET-00032,2026-09-05T02:53:26Z,JUMP-01,HR-WS-22,ACME\kpatel,powershell.exe,445,allowed,38679,benign,routine network
NET-00973,2026-09-05T02:54:54Z,MGMT-01,203.0.113.55,NT AUTHORITY\SYSTEM,powershell.exe,5985,allowed,44403,benign,routine network
NET-01285,2026-09-05T02:57:54Z,DC-01,PATCH-01,NT AUTHORITY\SYSTEM,powershell.exe,445,allowed,78337,benign,routine network
NET-00668,2026-09-05T02:58:10Z,PATCH-01,FILE-02,ACME\svc_patch,System,53,allowed,34853,benign,routine network
NET-00932,2026-09-05T03:00:06Z,JUMP-01,FILE-02,ACME\kpatel,powershell.exe,443,allowed,9923,benign,routine network
NET-01580,2026-09-05T03:05:14Z,HR-WS-22,FILE-02,NT AUTHORITY\SYSTEM,patch-agent.exe,53,allowed,61487,benign,routine network
NET-00075,2026-09-05T03:09:13Z,HR-WS-22,APP-03,ACME\kpatel,patch-agent.exe,443,allowed,7765,benign,routine network
NET-01488,2026-09-05T03:11:23Z,MGMT-01,PATCH-01,ACME\kpatel,powershell.exe,53,allowed,65881,benign,routine network
NET-00648,2026-09-05T03:12:50Z,DC-01,203.0.113.55,ACME\kpatel,System,53,allowed,49872,benign,routine network
NET-00543,2026-09-05T03:14:50Z,JUMP-01,203.0.113.55,ACME\admin.ops,powershell.exe,5985,allowed,54560,benign,routine network
NET-00047,2026-09-05T03:18:24Z,DC-01,MGMT-01,NT AUTHORITY\SYSTEM,powershell.exe,443,allowed,20984,benign,routine network
NET-01411,2026-09-05T03:20:28Z,HR-WS-22,APP-03,ACME\jsmith,patch-agent.exe,5985,allowed,40165,benign,routine network
NET-01247,2026-09-05T03:24:32Z,FILE-02,PATCH-01,NT AUTHORITY\SYSTEM,inventory.exe,53,allowed,73537,benign,routine network
NET-00708,2026-09-05T03:29:50Z,DC-01,PATCH-01,ACME\admin.ops,patch-agent.exe,53,allowed,72740,benign,routine network
NET-00872,2026-09-05T03:34:32Z,APP-03,MGMT-01,ACME\admin.ops,patch-agent.exe,5985,allowed,55189,benign,routine network
NET-01224,2026-09-05T03:35:41Z,DC-01,DC-01,ACME\jsmith,System,5985,allowed,38582,benign,routine network
NET-00513,2026-09-05T03:38:55Z,APP-03,APP-03,ACME\admin.ops,powershell.exe,443,allowed,49873,benign,routine network
NET-01623,2026-09-05T03:40:48Z,PATCH-01,JUMP-01,ACME\svc_patch,System,5985,allowed,74734,benign,routine network
NET-01172,2026-09-05T03:41:07Z,APP-03,PATCH-01,NT AUTHORITY\SYSTEM,System,5985,allowed,71266,benign,routine network
NET-01342,2026-09-05T03:41:58Z,HR-WS-22,APP-03,ACME\admin.ops,System,5985,allowed,33841,benign,routine network
NET-00109,2026-09-05T03:44:59Z,PATCH-01,HR-WS-22,ACME\kpatel,inventory.exe,443,allowed,68079,benign,routine network
NET-01543,2026-09-05T03:52:36Z,FILE-02,203.0.113.55,ACME\admin.ops,powershell.exe,53,allowed,64433,benign,routine network
NET-00431,2026-09-05T04:00:23Z,DC-01,JUMP-01,ACME\svc_patch,inventory.exe,445,allowed,40989,benign,routine network
NET-00301,2026-09-05T04:03:42Z,PATCH-01,JUMP-01,ACME\svc_patch,inventory.exe,5985,allowed,51576,benign,routine network
NET-00105,2026-09-05T04:07:59Z,JUMP-01,DC-01,ACME\jsmith,inventory.exe,443,allowed,1778,benign,routine network
NET-00173,2026-09-05T04:11:27Z,JUMP-01,APP-03,ACME\admin.ops,powershell.exe,5985,allowed,13703,benign,routine network
NET-01276,2026-09-05T04:17:51Z,DC-01,203.0.113.55,ACME\kpatel,powershell.exe,443,allowed,5100,benign,routine network
NET-00131,2026-09-05T04:26:09Z,APP-03,HR-WS-22,ACME\kpatel,powershell.exe,445,allowed,22771,benign,routine network
NET-01166,2026-09-05T04:32:32Z,APP-03,DC-01,NT AUTHORITY\SYSTEM,powershell.exe,53,allowed,21207,benign,routine network
NET-01731,2026-09-05T04:41:55Z,HR-WS-22,FILE-02,NT AUTHORITY\SYSTEM,System,443,allowed,40141,benign,routine network
NET-00908,2026-09-05T04:42:21Z,JUMP-01,203.0.113.55,NT AUTHORITY\SYSTEM,System,5985,allowed,28091,benign,routine network
NET-00235,2026-09-05T04:49:01Z,DC-01,APP-03,ACME\jsmith,inventory.exe,445,allowed,63575,benign,routine network
NET-01094,2026-09-05T04:49:27Z,MGMT-01,FILE-02,NT AUTHORITY\SYSTEM,inventory.exe,443,allowed,70208,benign,routine network
NET-01008,2026-09-05T04:54:46Z,PATCH-01,JUMP-01,ACME\svc_patch,powershell.exe,443,allowed,74166,benign,routine network
NET-00344,2026-09-05T04:58:36Z,PATCH-01,203.0.113.55,ACME\jsmith,powershell.exe,53,allowed,3039,benign,routine network
NET-00193,2026-09-05T05:00:11Z,FILE-02,PATCH-01,ACME\admin.ops,inventory.exe,53,allowed,19696,benign,routine network
NET-01649,2026-09-05T05:02:12Z,JUMP-01,MGMT-01,ACME\jsmith,inventory.exe,53,allowed,45934,benign,routine network
NET-01065,2026-09-05T05:04:30Z,DC-01,203.0.113.55,ACME\jsmith,patch-agent.exe,445,allowed,68379,benign,routine network
NET-01559,2026-09-05T05:06:43Z,APP-03,HR-WS-22,ACME\svc_patch,System,445,allowed,4658,benign,routine network
NET-00938,2026-09-05T05:16:35Z,MGMT-01,203.0.113.55,ACME\jsmith,patch-agent.exe,5985,allowed,28630,benign,routine network
NET-01756,2026-09-05T05:20:02Z,JUMP-01,HR-WS-22,NT AUTHORITY\SYSTEM,inventory.exe,53,allowed,25056,benign,routine network
NET-01532,2026-09-05T05:26:37Z,MGMT-01,HR-WS-22,ACME\admin.ops,inventory.exe,5985,allowed,25125,benign,routine network
NET-00428,2026-09-05T05:35:21Z,PATCH-01,APP-03,ACME\kpatel,inventory.exe,445,allowed,62913,benign,routine network
NET-00065,2026-09-05T05:39:28Z,DC-01,APP-03,NT AUTHORITY\SYSTEM,System,443,allowed,29557,benign,routine network
NET-00385,2026-09-05T05:47:45Z,HR-WS-22,FILE-02,ACME\kpatel,System,443,allowed,36292,benign,routine network
NET-01773,2026-09-05T05:48:05Z,HR-WS-22,FILE-02,ACME\admin.ops,System,5985,allowed,78784,benign,routine network
NET-00110,2026-09-05T05:48:43Z,JUMP-01,APP-03,ACME\kpatel,powershell.exe,5985,allowed,17537,benign,routine network
NET-01011,2026-09-05T05:53:19Z,DC-01,203.0.113.55,ACME\admin.ops,inventory.exe,443,allowed,27187,benign,routine network
NET-00395,2026-09-05T06:00:01Z,PATCH-01,PATCH-01,ACME\svc_patch,patch-agent.exe,5985,allowed,35083,benign,routine network
NET-00405,2026-09-05T06:02:02Z,MGMT-01,HR-WS-22,ACME\admin.ops,System,445,allowed,47527,benign,routine network
NET-01459,2026-09-05T06:02:30Z,MGMT-01,HR-WS-22,ACME\admin.ops,System,443,allowed,25038,benign,routine network
NET-00354,2026-09-05T06:05:42Z,DC-01,FILE-02,NT AUTHORITY\SYSTEM,inventory.exe,5985,allowed,43281,benign,routine network
NET-00598,2026-09-05T06:06:08Z,JUMP-01,HR-WS-22,ACME\svc_patch,inventory.exe,5985,allowed,79469,benign,routine network
NET-01096,2026-09-05T06:11:42Z,HR-WS-22,FILE-02,ACME\jsmith,inventory.exe,443,allowed,34105,benign,routine network
NET-00801,2026-09-05T06:12:14Z,JUMP-01,JUMP-01,ACME\svc_patch,patch-agent.exe,443,allowed,21898,benign,routine network
NET-01060,2026-09-05T06:17:57Z,MGMT-01,DC-01,ACME\svc_patch,System,5985,allowed,12731,benign,routine network
NET-01037,2026-09-05T06:18:54Z,APP-03,HR-WS-22,ACME\jsmith,patch-agent.exe,443,allowed,29296,benign,routine network
NET-00143,2026-09-05T06:24:11Z,HR-WS-22,MGMT-01,ACME\admin.ops,System,443,allowed,78609,benign,routine network
NET-00735,2026-09-05T06:24:25Z,MGMT-01,FILE-02,ACME\admin.ops,inventory.exe,5985,allowed,78992,benign,routine network
NET-00014,2026-09-05T06:33:44Z,FILE-02,MGMT-01,NT AUTHORITY\SYSTEM,System,445,allowed,11269,benign,routine network
NET-00764,2026-09-05T06:47:55Z,JUMP-01,FILE-02,NT AUTHORITY\SYSTEM,patch-agent.exe,443,allowed,16260,benign,routine network
NET-01135,2026-09-05T06:52:58Z,MGMT-01,203.0.113.55,ACME\svc_patch,inventory.exe,5985,allowed,37783,benign,routine network
NET-01769,2026-09-05T06:57:43Z,DC-01,DC-01,NT AUTHORITY\SYSTEM,powershell.exe,443,allowed,13155,benign,routine network
NET-00399,2026-09-05T06:59:06Z,MGMT-01,JUMP-01,NT AUTHORITY\SYSTEM,powershell.exe,443,allowed,26925,benign,routine network
NET-00957,2026-09-05T07:01:01Z,HR-WS-22,MGMT-01,NT AUTHORITY\SYSTEM,patch-agent.exe,443,allowed,17734,benign,routine network
NET-01385,2026-09-05T07:01:40Z,DC-01,DC-01,NT AUTHORITY\SYSTEM,inventory.exe,445,allowed,26098,benign,routine network
NET-00833,2026-09-05T07:04:40Z,FILE-02,APP-03,ACME\svc_patch,System,53,allowed,17247,benign,routine network
NET-01325,2026-09-05T07:07:31Z,DC-01,HR-WS-22,ACME\jsmith,inventory.exe,445,allowed,34674,benign,routine network
NET-01685,2026-09-05T07:15:16Z,PATCH-01,JUMP-01,NT AUTHORITY\SYSTEM,patch-agent.exe,5985,allowed,12513,benign,routine network
NET-01430,2026-09-05T07:15:33Z,PATCH-01,APP-03,NT AUTHORITY\SYSTEM,patch-agent.exe,443,allowed,77725,benign,routine network
NET-00248,2026-09-05T07:19:20Z,APP-03,PATCH-01,ACME\admin.ops,patch-agent.exe,53,allowed,3254,benign,routine network
NET-01570,2026-09-05T07:27:13Z,MGMT-01,DC-01,ACME\kpatel,patch-agent.exe,5985,allowed,11742,benign,routine network
NET-01735,2026-09-05T07:29:22Z,JUMP-01,APP-03,ACME\svc_patch,patch-agent.exe,445,allowed,14805,benign,routine network
NET-00717,2026-09-05T07:32:29Z,PATCH-01,JUMP-01,ACME\kpatel,inventory.exe,445,allowed,32734,benign,routine network
NET-00557,2026-09-05T07:32:32Z,APP-03,APP-03,NT AUTHORITY\SYSTEM,patch-agent.exe,443,allowed,75232,benign,routine network
NET-00866,2026-09-05T07:35:06Z,MGMT-01,FILE-02,NT AUTHORITY\SYSTEM,inventory.exe,53,allowed,75251,benign,routine network
NET-00282,2026-09-05T07:38:57Z,DC-01,HR-WS-22,ACME\kpatel,System,445,allowed,51481,benign,routine network
NET-01646,2026-09-05T07:46:21Z,HR-WS-22,HR-WS-22,NT AUTHORITY\SYSTEM,inventory.exe,445,allowed,28224,benign,routine network
NET-00846,2026-09-05T07:51:53Z,JUMP-01,203.0.113.55,ACME\admin.ops,powershell.exe,53,allowed,18865,benign,routine network
NET-00490,2026-09-05T07:51:56Z,JUMP-01,HR-WS-22,NT AUTHORITY\SYSTEM,powershell.exe,53,allowed,7376,benign,routine network
NET-00755,2026-09-05T08:11:23Z,FILE-02,DC-01,ACME\jsmith,patch-agent.exe,5985,allowed,76513,benign,routine network
NET-00265,2026-09-05T08:13:26Z,HR-WS-22,PATCH-01,ACME\kpatel,System,443,allowed,4170,benign,routine network
NET-01793,2026-09-05T08:15:29Z,APP-03,DC-01,ACME\admin.ops,inventory.exe,53,allowed,4894,benign,routine network
NET-00777,2026-09-05T08:18:54Z,PATCH-01,JUMP-01,ACME\admin.ops,powershell.exe,5985,allowed,10227,benign,routine network
NET-00391,2026-09-05T08:29:05Z,HR-WS-22,FILE-02,ACME\kpatel,inventory.exe,443,allowed,50238,benign,routine network
NET-00934,2026-09-05T08:35:09Z,MGMT-01,DC-01,ACME\jsmith,powershell.exe,53,allowed,3947,benign,routine network
NET-00021,2026-09-05T08:41:11Z,JUMP-01,PATCH-01,NT AUTHORITY\SYSTEM,patch-agent.exe,53,allowed,19424,benign,routine network
NET-01041,2026-09-05T08:43:30Z,MGMT-01,MGMT-01,ACME\admin.ops,inventory.exe,5985,allowed,25177,benign,routine network
NET-00774,2026-09-05T08:45:00Z,JUMP-01,MGMT-01,ACME\kpatel,inventory.exe,5985,allowed,8933,benign,routine network
NET-01546,2026-09-05T08:49:33Z,FILE-02,DC-01,ACME\jsmith,patch-agent.exe,5985,allowed,75567,benign,routine network
NET-00917,2026-09-05T08:50:07Z,JUMP-01,203.0.113.55,ACME\svc_patch,System,443,allowed,28617,benign,routine network
NET-00095,2026-09-05T08:51:34Z,FILE-02,DC-01,NT AUTHORITY\SYSTEM,powershell.exe,443,allowed,7254,benign,routine network
NET-01004,2026-09-05T08:56:41Z,APP-03,APP-03,ACME\svc_patch,System,5985,allowed,22326,benign,routine network
NET-00733,2026-09-05T09:00:14Z,DC-01,APP-03,ACME\admin.ops,powershell.exe,445,allowed,70296,benign,routine network
NET-01507,2026-09-05T09:09:48Z,APP-03,FILE-02,ACME\kpatel,inventory.exe,443,allowed,58605,benign,routine network
NET-00442,2026-09-05T09:10:29Z,FILE-02,DC-01,NT AUTHORITY\SYSTEM,patch-agent.exe,53,allowed,31081,benign,routine network
NET-00091,2026-09-05T09:15:00Z,FILE-02,APP-03,ACME\kpatel,patch-agent.exe,443,allowed,53089,benign,routine network
NET-00858,2026-09-05T09:17:11Z,PATCH-01,HR-WS-22,NT AUTHORITY\SYSTEM,patch-agent.exe,445,allowed,32189,benign,routine network
NET-00674,2026-09-05T09:18:12Z,MGMT-01,DC-01,ACME\svc_patch,inventory.exe,443,allowed,60397,benign,routine network
NET-00643,2026-09-05T09:22:15Z,FILE-02,APP-03,ACME\kpatel,inventory.exe,443,allowed,688,benign,routine network
NET-00244,2026-09-05T09:26:01Z,JUMP-01,FILE-02,ACME\admin.ops,inventory.exe,53,allowed,11974,benign,routine network
NET-00841,2026-09-05T09:26:40Z,JUMP-01,JUMP-01,ACME\jsmith,powershell.exe,53,allowed,16243,benign,routine network
NET-00827,2026-09-05T09:27:40Z,APP-03,JUMP-01,ACME\kpatel,patch-agent.exe,445,allowed,60646,benign,routine network
NET-00009,2026-09-05T09:31:14Z,APP-03,APP-03,ACME\jsmith,powershell.exe,443,allowed,77860,benign,routine network
NET-00390,2026-09-05T09:37:08Z,FILE-02,JUMP-01,ACME\svc_patch,powershell.exe,53,allowed,23605,benign,routine network
NET-00362,2026-09-05T09:39:38Z,APP-03,HR-WS-22,ACME\jsmith,inventory.exe,5985,allowed,70036,benign,routine network
NET-01027,2026-09-05T09:42:11Z,MGMT-01,JUMP-01,ACME\svc_patch,powershell.exe,5985,allowed,35843,benign,routine network
NET-01158,2026-09-05T09:44:39Z,HR-WS-22,FILE-02,ACME\kpatel,System,445,allowed,41412,benign,routine network
NET-00041,2026-09-05T09:47:28Z,HR-WS-22,203.0.113.55,ACME\kpatel,inventory.exe,5985,allowed,70226,benign,routine network
NET-00102,2026-09-05T09:47:58Z,MGMT-01,FILE-02,ACME\jsmith,powershell.exe,445,allowed,61220,benign,routine network
NET-00531,2026-09-05T09:51:02Z,MGMT-01,PATCH-01,ACME\kpatel,patch-agent.exe,445,allowed,58330,benign,routine network
NET-00907,2026-09-05T09:54:13Z,JUMP-01,FILE-02,ACME\kpatel,powershell.exe,445,allowed,35371,benign,routine network
NET-01084,2026-09-05T09:59:15Z,PATCH-01,FILE-02,ACME\admin.ops,powershell.exe,445,allowed,63881,benign,routine network
NET-00243,2026-09-05T10:09:02Z,APP-03,MGMT-01,ACME\admin.ops,inventory.exe,445,allowed,38177,benign,routine network
NET-01521,2026-09-05T10:09:29Z,FILE-02,FILE-02,ACME\admin.ops,inventory.exe,5985,allowed,79337,benign,routine network
NET-01519,2026-09-05T10:11:38Z,PATCH-01,APP-03,ACME\admin.ops,powershell.exe,53,allowed,33145,benign,routine network
NET-00250,2026-09-05T10:13:27Z,APP-03,DC-01,NT AUTHORITY\SYSTEM,patch-agent.exe,445,allowed,48875,benign,routine network
NET-00297,2026-09-05T10:17:29Z,PATCH-01,HR-WS-22,ACME\svc_patch,powershell.exe,5985,allowed,38346,benign,routine network
NET-01505,2026-09-05T10:21:10Z,APP-03,HR-WS-22,ACME\jsmith,powershell.exe,5985,allowed,29532,benign,routine network
NET-00493,2026-09-05T10:22:08Z,FILE-02,APP-03,NT AUTHORITY\SYSTEM,patch-agent.exe,53,allowed,28943,benign,routine network
NET-01666,2026-09-05T10:30:24Z,PATCH-01,HR-WS-22,ACME\jsmith,powershell.exe,5985,allowed,44588,benign,routine network
NET-01412,2026-09-05T10:36:46Z,DC-01,PATCH-01,ACME\kpatel,System,443,allowed,41725,benign,routine network
NET-01734,2026-09-05T10:37:36Z,HR-WS-22,203.0.113.55,ACME\kpatel,powershell.exe,5985,allowed,802,benign,routine network
NET-00153,2026-09-05T10:46:17Z,MGMT-01,FILE-02,ACME\kpatel,patch-agent.exe,443,allowed,41298,benign,routine network
NET-00203,2026-09-05T10:46:25Z,MGMT-01,HR-WS-22,NT AUTHORITY\SYSTEM,patch-agent.exe,5985,allowed,14754,benign,routine network
NET-00716,2026-09-05T10:59:55Z,FILE-02,APP-03,ACME\jsmith,powershell.exe,5985,allowed,24914,benign,routine network
NET-00641,2026-09-05T11:02:06Z,PATCH-01,DC-01,ACME\admin.ops,powershell.exe,53,allowed,5600,benign,routine network
NET-01071,2026-09-05T11:06:16Z,HR-WS-22,PATCH-01,ACME\kpatel,System,443,allowed,3456,benign,routine network
NET-01384,2026-09-05T11:13:42Z,HR-WS-22,APP-03,ACME\admin.ops,inventory.exe,443,allowed,1496,benign,routine network
NET-00960,2026-09-05T11:18:15Z,APP-03,PATCH-01,NT AUTHORITY\SYSTEM,System,5985,allowed,25579,benign,routine network
NET-01315,2026-09-05T11:18:45Z,MGMT-01,FILE-02,ACME\jsmith,powershell.exe,5985,allowed,78524,benign,routine network
NET-00916,2026-09-05T11:29:58Z,MGMT-01,PATCH-01,NT AUTHORITY\SYSTEM,inventory.exe,5985,allowed,52509,benign,routine network
NET-01438,2026-09-05T11:30:47Z,FILE-02,DC-01,NT AUTHORITY\SYSTEM,powershell.exe,53,allowed,29556,benign,routine network
NET-00726,2026-09-05T11:33:21Z,JUMP-01,FILE-02,NT AUTHORITY\SYSTEM,patch-agent.exe,445,allowed,43423,benign,routine network
NET-01598,2026-09-05T11:37:47Z,MGMT-01,MGMT-01,ACME\jsmith,patch-agent.exe,53,allowed,11014,benign,routine network
NET-00238,2026-09-05T11:44:12Z,HR-WS-22,APP-03,ACME\jsmith,System,443,allowed,15368,benign,routine network
NET-01044,2026-09-05T11:46:13Z,MGMT-01,MGMT-01,NT AUTHORITY\SYSTEM,powershell.exe,445,allowed,3244,benign,routine network
NET-00319,2026-09-05T11:47:52Z,FILE-02,FILE-02,ACME\admin.ops,powershell.exe,53,allowed,26112,benign,routine network
NET-01104,2026-09-05T11:50:39Z,PATCH-01,203.0.113.55,ACME\admin.ops,System,5985,allowed,46222,benign,routine network
NET-00997,2026-09-05T11:51:49Z,FILE-02,APP-03,ACME\svc_patch,powershell.exe,443,allowed,43058,benign,routine network
NET-00784,2026-09-05T11:55:37Z,HR-WS-22,JUMP-01,ACME\svc_patch,System,445,allowed,52469,benign,routine network
NET-00306,2026-09-05T11:55:48Z,PATCH-01,FILE-02,ACME\admin.ops,System,443,allowed,29535,benign,routine network
