event_id,_time,host,file_path,sha256,signature_status,publisher,classification,note
TRUST-01015,2026-08-31T12:01:39Z,JUMP-01,C:\ACME\Patch\TelemetryCheck.ps1,2225c12e5d22657d2f52aadabeedc7bb25a9c09975124f06710045406532d52b,trusted_internal,ACME IT Automation,benign,routine trust context
TRUST-01582,2026-08-31T12:02:36Z,JUMP-01,C:\ACME\Inventory\inventory.exe,2c595d7871a81a2eb11a2adc2d2088027d34057c0fef0fde600d0d89955d5559,trusted_internal,ACME IT Automation,benign,routine trust context
TRUST-01489,2026-08-31T12:03:36Z,PATCH-01,C:\ACME\Inventory\inventory.exe,e3a10ce79cde6ef47cca0c45e55dfa7d885b0d9b64808a85bdb534fa13d460de,signed,Microsoft Windows,benign,routine trust context
TRUST-01458,2026-08-31T12:09:38Z,PATCH-01,C:\Windows\System32\cleanmgr.exe,604c690f7c114653604e0083b8727875c03dd340b31ff1ea8028a49908baa3a7,trusted_internal,ACME IT Automation,benign,routine trust context
TRUST-00066,2026-08-31T12:20:06Z,DC-01,C:\Windows\System32\cleanmgr.exe,e0909b56674e56607f49186cb928ba1f0f4aa1de4d622c24719ca0aedab9b1ad,trusted_internal,ACME IT Automation,benign,routine trust context
TRUST-01281,2026-08-31T12:21:55Z,APP-03,C:\ACME\Inventory\inventory.exe,cfe8cc4a7d816f49fae40b8175b47fdad2d9a14a8041b53680979fdff59216ed,signed,Microsoft Windows,benign,routine trust context
TRUST-00514,2026-08-31T12:24:10Z,JUMP-01,C:\ACME\Patch\TelemetryCheck.ps1,16e30210b241c984d4ce4f96b32f3758f7f5243ddc6d4641553ab9b916a2cebe,trusted_internal,ACME IT Automation,benign,routine trust context
TRUST-00361,2026-08-31T12:28:03Z,FILE-02,C:\ACME\Patch\TelemetryCheck.ps1,ccf90b33efd0ddedbac01136d65f6f20282e46d23c68e05146730d2845131d20,trusted_internal,ACME IT Automation,benign,routine trust context
TRUST-00382,2026-08-31T12:29:30Z,PATCH-01,C:\ACME\Inventory\inventory.exe,fa63a324900d9737173a706dfa35c87d3b4cdc3d4d08a2b64e7d6123cc5a8f05,signed,ACME IT Automation,benign,routine trust context
TRUST-01441,2026-08-31T12:29:42Z,JUMP-01,C:\ACME\Patch\TelemetryCheck.ps1,b46ba771adc8885bca0a438e38a282f5848f46089045bfcd98fe253a85fd04e8,signed,ACME IT Automation,benign,routine trust context
TRUST-01528,2026-08-31T12:40:04Z,FILE-02,C:\Windows\System32\cleanmgr.exe,b771a9bb253242af4f1809dce53da0ff89120c862eee20ca6d164dc24a9c919f,signed,Microsoft Windows,benign,routine trust context
TRUST-00906,2026-08-31T12:40:05Z,APP-03,C:\ACME\Patch\TelemetryCheck.ps1,5cf9ec6b92d15f6ed4b3920565eb155f08ea2bb10fe23e2d97bd281d7551eba7,trusted_internal,ACME IT Automation,benign,routine trust context
TRUST-01465,2026-08-31T12:45:42Z,MGMT-01,C:\ACME\Patch\TelemetryCheck.ps1,c6ffc40257753242a41b47753d6e66d52fe2e2695eff1531b9dfb2b68d5638b9,trusted_internal,Microsoft Windows,benign,routine trust context
TRUST-00999,2026-08-31T12:53:38Z,HR-WS-22,C:\ACME\Inventory\inventory.exe,572a5e64a49286afca1489d968869ca22eee23150ae63aa1f4ee17534d01487f,signed,Microsoft Windows,benign,routine trust context
TRUST-01227,2026-08-31T13:00:20Z,FILE-02,C:\ACME\Patch\TelemetryCheck.ps1,df2cea06fb3160a55ecc46268b49b7e5b8806f2e0b87af20fe9ef1efd76f43cf,trusted_internal,ACME IT Automation,benign,routine trust context
TRUST-01185,2026-08-31T13:04:50Z,DC-01,C:\Windows\System32\cleanmgr.exe,0e03d137a5bf3e1677b047b68f8f93d5a6508313067cf3bcae693f18d14dd4f9,trusted_internal,Microsoft Windows,benign,routine trust context
TRUST-00599,2026-08-31T13:09:19Z,MGMT-01,C:\ACME\Patch\TelemetryCheck.ps1,75dacd911d846885992305e8db22870eaccc9311e26b4428b1128c17e2326bc9,trusted_internal,ACME IT Automation,benign,routine trust context
TRUST-00918,2026-08-31T13:09:53Z,DC-01,C:\Windows\System32\cleanmgr.exe,d8f34c66d72072cea51a0465be808ad4d00f6ba285574949c6fbe20fc6ce241e,trusted_internal,ACME IT Automation,benign,routine trust context
TRUST-01184,2026-08-31T13:16:03Z,FILE-02,C:\Windows\System32\cleanmgr.exe,3aeb512602a2f28a9ac1273f976ae3be9249f485edf30f9d440bebc001137a6a,trusted_internal,ACME IT Automation,benign,routine trust context
TRUST-01737,2026-08-31T13:18:03Z,JUMP-01,C:\ACME\Patch\TelemetryCheck.ps1,86bad39fbc166336b5050fe691dc190ef671a1e977e47e565c6ef66fe5c8af4a,signed,ACME IT Automation,benign,routine trust context
TRUST-01755,2026-08-31T13:20:24Z,PATCH-01,C:\Windows\System32\cleanmgr.exe,0362aadb18deabcdb38bbd218edfcbc05ea6f5950fc46bb60e1d1f66755ce5ed,trusted_internal,ACME IT Automation,benign,routine trust context
TRUST-01097,2026-08-31T13:20:39Z,DC-01,C:\ACME\Inventory\inventory.exe,f5b9253e88b87170aa2337fbcda72df2905085749476a2a958d3ef7566f88b0e,trusted_internal,Microsoft Windows,benign,routine trust context
TRUST-01607,2026-08-31T13:21:45Z,HR-WS-22,C:\Windows\System32\cleanmgr.exe,f934a3ede98f964ea80ba3ba3e3e582dcadc0a23403b385714a76ea1ad43d4e8,trusted_internal,ACME IT Automation,benign,routine trust context
TRUST-01272,2026-08-31T13:23:43Z,APP-03,C:\ACME\Patch\TelemetryCheck.ps1,ce1eb835a0c393d5f53a91e0af11929c9fca0f65ab6b709ac28c90d830afa1a9,trusted_internal,Microsoft Windows,benign,routine trust context
TRUST-01166,2026-08-31T13:25:33Z,MGMT-01,C:\ACME\Inventory\inventory.exe,9e796eb936c7f973b1f410feb5b873e7b7abd1410bea7166a2fa85948719b137,signed,Microsoft Windows,benign,routine trust context
TRUST-01181,2026-08-31T13:25:37Z,FILE-02,C:\ACME\Inventory\inventory.exe,5b012bc2765a53df504d3f1022a862ca8fc66cb621a9d4a67fd63329d014b491,signed,ACME IT Automation,benign,routine trust context
TRUST-00876,2026-08-31T13:32:51Z,FILE-02,C:\Windows\System32\cleanmgr.exe,eb9d192bfbd0b6eaaa07ba1160c4cdb4890f9bf99bf981df63bfa52c19ec2b7b,signed,Microsoft Windows,benign,routine trust context
TRUST-00819,2026-08-31T13:33:05Z,FILE-02,C:\ACME\Patch\TelemetryCheck.ps1,b3e2e0daf34e7f1116fd59ba8e91cc39dfefe183e242a4a1f8d8732ea92a6bc6,trusted_internal,Microsoft Windows,benign,routine trust context
TRUST-00335,2026-08-31T13:38:04Z,DC-01,C:\ACME\Inventory\inventory.exe,96a3579547b7bd099c6db781fcef208372daaf516d445076830dad680f884402,signed,ACME IT Automation,benign,routine trust context
TRUST-01341,2026-08-31T13:39:41Z,MGMT-01,C:\ACME\Inventory\inventory.exe,0c35bc0004ad83b09708f40a3352623b0d8302189fe761ece2e8e029d0e1b885,trusted_internal,ACME IT Automation,benign,routine trust context
TRUST-01359,2026-08-31T13:41:15Z,FILE-02,C:\Windows\System32\cleanmgr.exe,7e33d86cb1f767b7e082b5ec13bb160f1c5029bed4face4f40b62b2c6fc3e332,trusted_internal,Microsoft Windows,benign,routine trust context
TRUST-01618,2026-08-31T13:42:20Z,DC-01,C:\ACME\Patch\TelemetryCheck.ps1,b892943036150ca5a0a9d4de785b75d8f7d82ef436e97bc0bc4e61fa133b2cb6,signed,ACME IT Automation,benign,routine trust context
TRUST-00458,2026-08-31T13:50:17Z,FILE-02,C:\Windows\System32\cleanmgr.exe,aa71f5a8537234cba58068ae036e87c85bebe78713b66e733f36faac6326a0f8,signed,Microsoft Windows,benign,routine trust context
TRUST-00849,2026-08-31T13:59:56Z,MGMT-01,C:\ACME\Inventory\inventory.exe,a560c8ffb5837bc6edffc09369eb2770d4cc710db71ced27b05850a5afd3b2be,trusted_internal,Microsoft Windows,benign,routine trust context
TRUST-00182,2026-08-31T14:01:47Z,HR-WS-22,C:\ACME\Patch\TelemetryCheck.ps1,78d5dfe0dae058e67594a3ca16144859cdce031ade841be12b2c02520e31f779,trusted_internal,ACME IT Automation,benign,routine trust context
TRUST-00040,2026-08-31T14:04:12Z,FILE-02,C:\ACME\Patch\TelemetryCheck.ps1,94761a55cfda5fc29439620d85ab2f89f6857343aefe80f7cf436d63138ad4ae,signed,ACME IT Automation,benign,routine trust context
TRUST-01183,2026-08-31T14:07:30Z,MGMT-01,C:\ACME\Inventory\inventory.exe,8ec9645f83a52fb5bc7bfe609f406f8fad6f932298b8fd8c96f891e150fc46d9,signed,ACME IT Automation,benign,routine trust context
TRUST-00305,2026-08-31T14:12:45Z,FILE-02,C:\Windows\System32\cleanmgr.exe,4705eb96024a6fdb0c8fc4d610e29fbd6c0f7a51f1fea96c2e0c32cdb9d567b2,trusted_internal,ACME IT Automation,benign,routine trust context
TRUST-01504,2026-08-31T14:18:19Z,MGMT-01,C:\ACME\Inventory\inventory.exe,3ee23d6a5612640395231adb0eff5cb9ce744bf35dec7cb57720dd2e0c2fe02b,trusted_internal,Microsoft Windows,benign,routine trust context
TRUST-00445,2026-08-31T14:24:32Z,APP-03,C:\ACME\Inventory\inventory.exe,524093399c219640d900623e0cfb30717a4e8fd1a4c369efe7021b12747adcce,trusted_internal,Microsoft Windows,benign,routine trust context
TRUST-INC-002,2026-08-31T14:26:05Z,HR-WS-22,C:\ProgramData\WinCache\check.ps1,7d4815dfb5d29b15cbbd9af8a135f856e932e48b1e7a22b9382a2847b34ed268,unsigned,,investigate,not approved automation
TRUST-00229,2026-08-31T14:26:42Z,APP-03,C:\Windows\System32\cleanmgr.exe,f8f66a2e2d42c26f96d36c7ae6ff9faefc18c377030f586cdd6d7fe8ab0dc449,trusted_internal,Microsoft Windows,benign,routine trust context
TRUST-00404,2026-08-31T14:27:00Z,DC-01,C:\ACME\Patch\TelemetryCheck.ps1,14129bc95e1cac9e1dbe83d27c473b5f76ace5c3c1a5637d38717d6e5e1e576b,signed,Microsoft Windows,benign,routine trust context
TRUST-INC-001,2026-08-31T14:28:05Z,HR-WS-22,C:\ProgramData\WinCache\telemetry.dll,a4d9f1b7c99b09d081716e20f221eb517bd3c13b689f8eb1d25a5e74c491dd8f,unsigned,,investigate,unknown unsigned payload
TRUST-00357,2026-08-31T14:28:05Z,JUMP-01,C:\ACME\Patch\TelemetryCheck.ps1,3ba54f3c27fce360e99d6beee1def89e5a9cbb24d2e84397b2d1b79d6dbadf8b,signed,ACME IT Automation,benign,routine trust context
TRUST-01392,2026-08-31T14:30:45Z,APP-03,C:\ACME\Inventory\inventory.exe,3f5b0db6369f728e713db466a66a2e7a30246853b9799f980d6c90465a8aad76,signed,ACME IT Automation,benign,routine trust context
TRUST-00119,2026-08-31T14:31:13Z,APP-03,C:\Windows\System32\cleanmgr.exe,49a3c3b2de4cf730acb9fc7020d850f823019e6cb5f7afc703a80d7d2185b63b,trusted_internal,ACME IT Automation,benign,routine trust context
TRUST-BEN-001,2026-08-31T14:34:02Z,PATCH-01,C:\ACME\Patch\TelemetryCheck.ps1,1b985d01369907d8f61b4d6116a5cb0eb5a31822b82a29eb28d3d376c80c1e6a,trusted_internal,ACME IT Automation,benign,approved patch script
TRUST-01429,2026-08-31T14:36:28Z,JUMP-01,C:\ACME\Patch\TelemetryCheck.ps1,dc82be5930fb6e0eded45c88212efd5b99b22f86dab3095f5bf46f18eb4c2ef4,trusted_internal,ACME IT Automation,benign,routine trust context
TRUST-01211,2026-08-31T14:43:51Z,MGMT-01,C:\Windows\System32\cleanmgr.exe,6ebcd178dfc26bdd930a476bffc2b0b3903ffaf0303b0720e67cea4db5cffa4a,trusted_internal,Microsoft Windows,benign,routine trust context
TRUST-00475,2026-08-31T14:52:35Z,DC-01,C:\ACME\Inventory\inventory.exe,62143ca537cec7622de8f15820faed44e2118b55df675301864f3243ec1f8003,signed,Microsoft Windows,benign,routine trust context
TRUST-01794,2026-08-31T14:53:07Z,MGMT-01,C:\ACME\Inventory\inventory.exe,ff21578c2f9cefd0b5c14dd3c5cd041a8bca102754b779fdf9e12fd50cad1e21,trusted_internal,ACME IT Automation,benign,routine trust context
TRUST-01453,2026-08-31T14:55:05Z,APP-03,C:\ACME\Inventory\inventory.exe,37e462751a1d6b33a4324881bd031452c5941b0939e7e9abce006d0da4b9e9b0,signed,ACME IT Automation,benign,routine trust context
TRUST-00888,2026-08-31T14:56:46Z,DC-01,C:\Windows\System32\cleanmgr.exe,f9f717b1050fd0d7aecf85391a8299f83d3ad16cc450e324f6b3543992973e67,trusted_internal,ACME IT Automation,benign,routine trust context
TRUST-01480,2026-08-31T14:57:07Z,DC-01,C:\ACME\Patch\TelemetryCheck.ps1,649a34e2948cc09f32c9e612cbf18dc69e0d77357f62b81408774d4527042821,trusted_internal,Microsoft Windows,benign,routine trust context
TRUST-00734,2026-08-31T14:57:46Z,HR-WS-22,C:\ACME\Patch\TelemetryCheck.ps1,57f2d0888ae04b26ca71113653a47cbc1a67a8141999273d4fb214e99b126ab6,signed,Microsoft Windows,benign,routine trust context
TRUST-00883,2026-08-31T14:59:21Z,MGMT-01,C:\Windows\System32\cleanmgr.exe,d280f1c0f6e09c7d948c2cdc49868ee3d44d00a03c7ec07d46231f732437f962,trusted_internal,Microsoft Windows,benign,routine trust context
TRUST-01566,2026-08-31T15:04:10Z,DC-01,C:\ACME\Patch\TelemetryCheck.ps1,c703b3b4f2dfa6e6a8dcabfb4e56c01234b550d0efe067cca88d85b786485bc0,trusted_internal,Microsoft Windows,benign,routine trust context
TRUST-01231,2026-08-31T15:05:09Z,APP-03,C:\ACME\Inventory\inventory.exe,b11be8a334946afb64f71949b3666b73a90ac46021798198388f2ac9d02935ef,trusted_internal,Microsoft Windows,benign,routine trust context
TRUST-01581,2026-08-31T15:25:34Z,MGMT-01,C:\Windows\System32\cleanmgr.exe,ce495e45d8c0688ba1785827ca64f6cfdbdc084f1b5537f542efd2a3745f560d,signed,Microsoft Windows,benign,routine trust context
TRUST-01461,2026-08-31T15:26:12Z,PATCH-01,C:\ACME\Inventory\inventory.exe,be599bfc7c1ad087e7ed26d02e87273446d53206750645c98a7feea860618663,signed,ACME IT Automation,benign,routine trust context
TRUST-01003,2026-08-31T15:34:20Z,JUMP-01,C:\ACME\Inventory\inventory.exe,2f1f5a3c5b2e22e0a581f3cbbf33687241dbdb70fc597b200514e5a308779e57,signed,ACME IT Automation,benign,routine trust context
TRUST-01323,2026-08-31T15:34:31Z,HR-WS-22,C:\ACME\Patch\TelemetryCheck.ps1,edcaee0fe8c91479cbf635c300dc36ed348e8e2fa4ede8c49296fef7814fa28d,trusted_internal,Microsoft Windows,benign,routine trust context
TRUST-00281,2026-08-31T15:40:11Z,DC-01,C:\ACME\Patch\TelemetryCheck.ps1,8a1553e790fbd25763f186cd521497c4728a4aca0b0ce4b0397a8515a332b254,trusted_internal,ACME IT Automation,benign,routine trust context
TRUST-01774,2026-08-31T15:44:12Z,HR-WS-22,C:\ACME\Inventory\inventory.exe,d3425a577d2cef87968feeddf8e318b7d6331b9e5d10c042738291bbe74fa4f3,trusted_internal,ACME IT Automation,benign,routine trust context
TRUST-00665,2026-08-31T15:45:28Z,APP-03,C:\ACME\Patch\TelemetryCheck.ps1,9ac15cb5e7123e374aefd435b1f1154784a676522b5fd792e9fd49d36693a985,trusted_internal,ACME IT Automation,benign,routine trust context
TRUST-01517,2026-08-31T15:47:31Z,APP-03,C:\ACME\Patch\TelemetryCheck.ps1,9bd0dc16e78d831a3eb1555a43afa480a193066a4b46a1c3aec1cc14d7a9c6a0,trusted_internal,Microsoft Windows,benign,routine trust context
TRUST-00371,2026-08-31T15:49:02Z,MGMT-01,C:\ACME\Patch\TelemetryCheck.ps1,5aea88280895da88837b5e16baad395ad8b167a12baffafd9ce853ca355da249,trusted_internal,Microsoft Windows,benign,routine trust context
TRUST-01086,2026-08-31T15:52:38Z,DC-01,C:\ACME\Inventory\inventory.exe,e60744c16fb12aa813df1645ead8243bd802fc657d1ced137068538732f62bdb,trusted_internal,Microsoft Windows,benign,routine trust context
TRUST-01619,2026-08-31T15:53:16Z,MGMT-01,C:\Windows\System32\cleanmgr.exe,3c5064075a13b5c72e0b9e22d28bea0e8da5fa138788dcbf30d2bebe91b62d68,trusted_internal,Microsoft Windows,benign,routine trust context
TRUST-01238,2026-08-31T15:58:29Z,PATCH-01,C:\ACME\Patch\TelemetryCheck.ps1,337ff4c681049770efe891a8aa585cce311cc57b7842ab552fe728acebe3e5f5,signed,ACME IT Automation,benign,routine trust context
TRUST-00299,2026-08-31T16:02:26Z,HR-WS-22,C:\ACME\Patch\TelemetryCheck.ps1,199a5a3fe6241d00548108ab66ed268a4a608e6f9a03d9815d7429f446e2bff7,signed,ACME IT Automation,benign,routine trust context
TRUST-01269,2026-08-31T16:06:49Z,APP-03,C:\Windows\System32\cleanmgr.exe,9ceb20fe8e8ed7a327229e57ebb8979d42e93eb67caa614644d2a6281d65f6c2,trusted_internal,ACME IT Automation,benign,routine trust context
TRUST-00890,2026-08-31T16:08:06Z,APP-03,C:\ACME\Inventory\inventory.exe,91d36f7cc57d999db7ceecffb874e35da79ccbe04391b104f03eb7f879901f1a,trusted_internal,Microsoft Windows,benign,routine trust context
TRUST-00505,2026-08-31T16:08:25Z,FILE-02,C:\ACME\Inventory\inventory.exe,1e3db491260bc4020e062b298046422acf515abe27dfad9b485a96e2f95b63de,trusted_internal,Microsoft Windows,benign,routine trust context
TRUST-00263,2026-08-31T16:12:10Z,APP-03,C:\ACME\Inventory\inventory.exe,74f1f46bc970d036f1f49db1ed99f144c0eb465e843fdf0f8e4dbe66373dbbe4,signed,ACME IT Automation,benign,routine trust context
TRUST-00657,2026-08-31T16:19:34Z,APP-03,C:\Windows\System32\cleanmgr.exe,80a19cd7db4a86f5ac4c5edc87763d336172871e2b12ed2a528876ecc8a4595e,trusted_internal,ACME IT Automation,benign,routine trust context
TRUST-00587,2026-08-31T16:23:12Z,PATCH-01,C:\ACME\Patch\TelemetryCheck.ps1,7fb05647b386a50e57b679890e361c0b108f29d797844ab657e386dce2b2ced4,signed,Microsoft Windows,benign,routine trust context
TRUST-00653,2026-08-31T16:27:28Z,MGMT-01,C:\ACME\Patch\TelemetryCheck.ps1,786bdab9f64e3c8508592db35f9bb4dc3fe414c5561d124121a903fc91f52b2b,signed,Microsoft Windows,benign,routine trust context
TRUST-01606,2026-08-31T16:27:52Z,PATCH-01,C:\Windows\System32\cleanmgr.exe,8e245218f73c2b8a12f180a657cb5198fb5f775ed4787318788cab46706450d6,trusted_internal,Microsoft Windows,benign,routine trust context
TRUST-01471,2026-08-31T16:30:52Z,MGMT-01,C:\ACME\Patch\TelemetryCheck.ps1,8d7d853a32d781a7a80ef186e74e378fffba67db49d72c2c29c46c8837998801,signed,Microsoft Windows,benign,routine trust context
TRUST-01139,2026-08-31T16:50:52Z,FILE-02,C:\ACME\Patch\TelemetryCheck.ps1,3db55367feae8859bf695fab9ffe8e28c2589ec87f8eb15d67dced878520e352,signed,Microsoft Windows,benign,routine trust context
TRUST-00398,2026-08-31T16:50:59Z,DC-01,C:\Windows\System32\cleanmgr.exe,61bd6b8f14739b391d1777a9452e293a7e0c60e5492e3940cd01c4e9c734675e,signed,Microsoft Windows,benign,routine trust context
TRUST-00750,2026-08-31T16:55:30Z,APP-03,C:\ACME\Patch\TelemetryCheck.ps1,03e3eeadc8763c91386f4a51ee6e4c031992051db64597fae40c163535670f9d,trusted_internal,ACME IT Automation,benign,routine trust context
TRUST-00359,2026-08-31T17:00:21Z,DC-01,C:\ACME\Patch\TelemetryCheck.ps1,1fe8b0eded2bbb715d19004b08a6aa3d9a69405f3dd6621603cac57ba0e4f816,trusted_internal,Microsoft Windows,benign,routine trust context
TRUST-00430,2026-08-31T17:08:20Z,DC-01,C:\ACME\Patch\TelemetryCheck.ps1,b33a0fd080c5686255701256a5fe9b313c6044bc5ee4022834f43903fc7d5e50,signed,Microsoft Windows,benign,routine trust context
TRUST-01190,2026-08-31T17:08:32Z,PATCH-01,C:\ACME\Inventory\inventory.exe,44cfa7fb6c2fc9c156f64faf1c8f9ee4ef539a7c392000197227091a4ac715e1,trusted_internal,Microsoft Windows,benign,routine trust context
TRUST-00607,2026-08-31T17:12:51Z,HR-WS-22,C:\ACME\Inventory\inventory.exe,0dc8899d06a210b85d03351a86447421323429f37bee2897ce87ee6ec2d75a85,signed,Microsoft Windows,benign,routine trust context
TRUST-00233,2026-08-31T17:14:45Z,FILE-02,C:\ACME\Patch\TelemetryCheck.ps1,4fd1aa230f9dea8f227a83947b36df35801387fcc6a312e971ffc69672074df5,signed,Microsoft Windows,benign,routine trust context
TRUST-00035,2026-08-31T17:15:19Z,APP-03,C:\Windows\System32\cleanmgr.exe,2d24a7642ce6ab75c202fdfa7a078da54c54396f9962876db3dbccfb8bde9a7e,signed,ACME IT Automation,benign,routine trust context
TRUST-01284,2026-08-31T17:21:07Z,JUMP-01,C:\ACME\Inventory\inventory.exe,e90255768529bd45a27431549e508d8f71da3d5aa407a79ed6f5f7755e1f7d19,trusted_internal,Microsoft Windows,benign,routine trust context
TRUST-00654,2026-08-31T17:23:07Z,MGMT-01,C:\ACME\Inventory\inventory.exe,ffb56e3a59d13ce1b26980b24442c65c46d0966c4f47484192d90fb0e007fc61,signed,ACME IT Automation,benign,routine trust context
TRUST-01770,2026-08-31T17:33:47Z,DC-01,C:\ACME\Patch\TelemetryCheck.ps1,76b21896801bb0f832857b38c04df6583b3050964fffbc785e3c70e277210498,signed,Microsoft Windows,benign,routine trust context
TRUST-00265,2026-08-31T17:36:16Z,APP-03,C:\Windows\System32\cleanmgr.exe,1caa2bb2896e75bf0a54a047cc131ac16adc0e2b2e8f4e9cfc160bb1f230352a,trusted_internal,ACME IT Automation,benign,routine trust context
TRUST-00384,2026-08-31T17:42:59Z,MGMT-01,C:\ACME\Inventory\inventory.exe,3f4ad98220d5768135f3f99df8518971da0411ce9bbc215769df8bdd67d0449b,signed,ACME IT Automation,benign,routine trust context
TRUST-01539,2026-08-31T17:53:20Z,APP-03,C:\ACME\Inventory\inventory.exe,8059ff90df201e07bbda0df7100e8b5c17495525186cd2ad4a47e0492d8b9762,signed,Microsoft Windows,benign,routine trust context
TRUST-00647,2026-08-31T18:09:41Z,PATCH-01,C:\ACME\Patch\TelemetryCheck.ps1,3a5c5ddfddc2a92bfa49b83b8aa5bcbacc132b5d32f811d2c4754f38553c4fef,trusted_internal,Microsoft Windows,benign,routine trust context
TRUST-01144,2026-08-31T18:13:53Z,PATCH-01,C:\Windows\System32\cleanmgr.exe,d0d980b0b278f71e2eb1ab017acbee9ca7a653ab53f09688e829431321cdaf11,signed,ACME IT Automation,benign,routine trust context
TRUST-00584,2026-08-31T18:21:04Z,PATCH-01,C:\Windows\System32\cleanmgr.exe,376b2c93152658f8df9a49f8490ebd4eb98f9b7eab7f7afd5e6af73042ce57ab,signed,ACME IT Automation,benign,routine trust context
TRUST-01014,2026-08-31T18:22:16Z,MGMT-01,C:\ACME\Inventory\inventory.exe,788de660f9308cea2e7d0f319b1280c7ca7887e6784a95ad358df3f8a2baffc7,trusted_internal,ACME IT Automation,benign,routine trust context
TRUST-00703,2026-08-31T18:27:26Z,JUMP-01,C:\ACME\Patch\TelemetryCheck.ps1,c90bcfd50ebd558d4cb2ef55be2bb1032e94c742be88c7f4555c1907371753ec,trusted_internal,Microsoft Windows,benign,routine trust context
TRUST-00093,2026-08-31T18:27:33Z,APP-03,C:\ACME\Inventory\inventory.exe,f33fe48b703ac61c243584f0b817ac646468889550f94e7e3c07bd6e981c1a1a,signed,Microsoft Windows,benign,routine trust context
TRUST-01646,2026-08-31T18:27:34Z,DC-01,C:\ACME\Patch\TelemetryCheck.ps1,4bab3b23f4523e71fbdcf31dc7696e4c60aadbe997ea72f0c288db003dbd53ac,trusted_internal,Microsoft Windows,benign,routine trust context
TRUST-00083,2026-08-31T18:28:06Z,APP-03,C:\ACME\Patch\TelemetryCheck.ps1,c9e58352047dd160371d26fefbd12cfd3cb14be4fb4a94dff2b013b5dae8470e,trusted_internal,ACME IT Automation,benign,routine trust context
TRUST-00352,2026-08-31T18:34:59Z,FILE-02,C:\ACME\Patch\TelemetryCheck.ps1,1edf06aa81340dae012e5246ad6ff420218f22ce3e20fdba7b4617ba51fc5d31,trusted_internal,Microsoft Windows,benign,routine trust context
TRUST-01457,2026-08-31T18:38:08Z,PATCH-01,C:\Windows\System32\cleanmgr.exe,588c71163e6dcd65ffc00bccdea218428c57e6768144c0af25d3e3da39e5b626,signed,Microsoft Windows,benign,routine trust context
TRUST-00171,2026-08-31T18:43:30Z,APP-03,C:\ACME\Patch\TelemetryCheck.ps1,ab7d84774ad18d365e3708188c14af4ee6914ad805224eb130f06af06aa0a780,signed,Microsoft Windows,benign,routine trust context
TRUST-00232,2026-08-31T18:43:37Z,APP-03,C:\ACME\Patch\TelemetryCheck.ps1,59acdfff630117f35f37f12cf01ac604501e093c897634bc53acb99fde054a33,trusted_internal,Microsoft Windows,benign,routine trust context
TRUST-00528,2026-08-31T18:48:10Z,FILE-02,C:\ACME\Inventory\inventory.exe,399cdd786f996c5a541fd023798dc17d5dafe50ea9a5e9f1e26a634a7176160c,trusted_internal,ACME IT Automation,benign,routine trust context
TRUST-00779,2026-08-31T18:49:31Z,PATCH-01,C:\Windows\System32\cleanmgr.exe,e921364c57ec87016ae598cf2799895cd4afee29f9d1a36325197b997ed5afc6,signed,ACME IT Automation,benign,routine trust context
TRUST-01299,2026-08-31T18:58:49Z,APP-03,C:\ACME\Inventory\inventory.exe,af3b3ae6216ab27fbfdc8e087af963bd16a0372de828932911e6cd810a73435b,signed,Microsoft Windows,benign,routine trust context
TRUST-00531,2026-08-31T19:06:12Z,PATCH-01,C:\ACME\Patch\TelemetryCheck.ps1,aa72c942709a1c89e97983cf6c78f08fbe37ffa912b705401f8ad433633209d3,signed,ACME IT Automation,benign,routine trust context
TRUST-00152,2026-08-31T19:07:07Z,DC-01,C:\ACME\Inventory\inventory.exe,c060eedc24f604a366bead094452f1e85cb4411eb8d9f5b7bc19eb39c4874798,signed,Microsoft Windows,benign,routine trust context
TRUST-00326,2026-08-31T19:09:25Z,APP-03,C:\ACME\Patch\TelemetryCheck.ps1,679eb82768dead4d5da9146e2d25c24b08a16a1ee3030e6da696710774ea10c1,trusted_internal,ACME IT Automation,benign,routine trust context
TRUST-00521,2026-08-31T19:28:51Z,FILE-02,C:\Windows\System32\cleanmgr.exe,4991bc0ac1418c3d244679844716509c6ec1e3476599eafdf3a2a9a0f23b2a48,trusted_internal,ACME IT Automation,benign,routine trust context
TRUST-00704,2026-08-31T19:30:42Z,APP-03,C:\ACME\Patch\TelemetryCheck.ps1,023bac3ddb18cb8c267d8e4519bc01a0fda78fe1befa22fb088b2d330adfe168,signed,Microsoft Windows,benign,routine trust context
TRUST-01321,2026-08-31T19:31:06Z,JUMP-01,C:\ACME\Inventory\inventory.exe,f42d31daa1414cbc279a563ecebc177576850f4b56d64392292146917cd81b40,trusted_internal,ACME IT Automation,benign,routine trust context
TRUST-00915,2026-08-31T19:44:06Z,PATCH-01,C:\ACME\Inventory\inventory.exe,3189ed8d37ddcd0390e760e3eb59ebeb2dea4de349abba27e2c523e15169decf,signed,ACME IT Automation,benign,routine trust context
TRUST-01101,2026-08-31T19:46:38Z,MGMT-01,C:\ACME\Patch\TelemetryCheck.ps1,b7ef8057e0ba008cbfa4c3cb937285b5822572f77986541ec2cc3a06226722f8,trusted_internal,ACME IT Automation,benign,routine trust context
TRUST-01468,2026-08-31T19:49:04Z,APP-03,C:\ACME\Inventory\inventory.exe,bc39aac3bbe18df42c155e322586c7f8b543c84faa61778ceedc06e794f53598,trusted_internal,Microsoft Windows,benign,routine trust context
TRUST-00518,2026-08-31T19:54:57Z,FILE-02,C:\ACME\Patch\TelemetryCheck.ps1,e3992bb4e7d5c4de16f4a100e2679de72f217d8f79e723383fe6c7f31307312b,trusted_internal,ACME IT Automation,benign,routine trust context
TRUST-00946,2026-08-31T19:56:33Z,HR-WS-22,C:\ACME\Inventory\inventory.exe,3881c88b41ab6d08a0ab5b7009cfc95617e0eebecaa291c2b3a750761f3f9f31,trusted_internal,ACME IT Automation,benign,routine trust context
TRUST-01002,2026-08-31T20:03:24Z,PATCH-01,C:\Windows\System32\cleanmgr.exe,1013e066da1fd697b6e3157f78f5278ce2af29b86d6a991e124a3a7dc9b516d1,signed,ACME IT Automation,benign,routine trust context
TRUST-00597,2026-08-31T20:03:27Z,JUMP-01,C:\ACME\Patch\TelemetryCheck.ps1,ea00db132d1d8f21ddc56e75345bdaa84e121c9977cacf5c7a5635ea121f0241,trusted_internal,ACME IT Automation,benign,routine trust context
TRUST-01434,2026-08-31T20:04:12Z,HR-WS-22,C:\ACME\Inventory\inventory.exe,0b78ebdd4bc71f5d0e95cec2a23cc2e8ba1dc72aca3207b45dde75b711389525,signed,ACME IT Automation,benign,routine trust context
TRUST-00292,2026-08-31T20:07:56Z,MGMT-01,C:\ACME\Patch\TelemetryCheck.ps1,51e444ceed98e8c0e930e207ac5549994c5cfc755254cfa8c8010eb8c91bd5ab,signed,ACME IT Automation,benign,routine trust context
TRUST-00620,2026-08-31T20:08:13Z,MGMT-01,C:\Windows\System32\cleanmgr.exe,458a40b8ddd2c0b251051af8f1d7710de90ce5746e7b9d6b4875e4f4c76579a9,trusted_internal,ACME IT Automation,benign,routine trust context
TRUST-00543,2026-08-31T20:11:49Z,DC-01,C:\Windows\System32\cleanmgr.exe,da7e352055a26094259ff9009b1e4817248f81f1bb5b4fdedcb6656165ea33ae,trusted_internal,ACME IT Automation,benign,routine trust context
TRUST-00190,2026-08-31T20:12:21Z,FILE-02,C:\Windows\System32\cleanmgr.exe,c1827c0abbfad93e61c842be7b913b9bcc9e84ce5edec0129b86c8f9663badbe,signed,Microsoft Windows,benign,routine trust context
TRUST-00859,2026-08-31T20:13:41Z,DC-01,C:\ACME\Patch\TelemetryCheck.ps1,36199d05a14e8f55e94fd8d4a4b4acea4601050f46f8b20b22db9592faf6efa9,trusted_internal,Microsoft Windows,benign,routine trust context
TRUST-01783,2026-08-31T20:19:12Z,MGMT-01,C:\Windows\System32\cleanmgr.exe,3762a837f477045d0a0a9982bd6225618d103e0de455c7375a6a897551429835,signed,Microsoft Windows,benign,routine trust context
TRUST-00205,2026-08-31T20:22:02Z,DC-01,C:\ACME\Inventory\inventory.exe,0bc946729ad1871856d256e8e4d3c719bc45b97d3ea8995bf70d00048fac42c3,trusted_internal,Microsoft Windows,benign,routine trust context
TRUST-00881,2026-08-31T20:24:14Z,MGMT-01,C:\Windows\System32\cleanmgr.exe,c170e79d24cc8c81a7db0787bd2248e6e5bda94acf814398553b654a9e3d33ac,trusted_internal,ACME IT Automation,benign,routine trust context
TRUST-00358,2026-08-31T20:24:39Z,FILE-02,C:\ACME\Patch\TelemetryCheck.ps1,7811d16d36ce9e08dd527a93daa3efa3c63d847a72ed7697cf821b4a205ad1ed,trusted_internal,Microsoft Windows,benign,routine trust context
TRUST-01214,2026-08-31T20:31:28Z,JUMP-01,C:\ACME\Inventory\inventory.exe,7cb77206f9ff1fabd82723f3ee73d786b8cdbd252904fb93704b10186ea21f35,signed,ACME IT Automation,benign,routine trust context
TRUST-01116,2026-08-31T20:31:48Z,PATCH-01,C:\ACME\Patch\TelemetryCheck.ps1,32089646a8c0784f3f7b3de95d6897bc8ab81bd88e592b365b71f355f04d9d13,signed,ACME IT Automation,benign,routine trust context
TRUST-00401,2026-08-31T20:33:00Z,APP-03,C:\ACME\Inventory\inventory.exe,228e39e24a58dd5fe2722b1b996cd99374466635427fe489b09e2e4e56733be3,trusted_internal,Microsoft Windows,benign,routine trust context
TRUST-00884,2026-08-31T20:33:57Z,JUMP-01,C:\ACME\Inventory\inventory.exe,e651abcd044bc035b25b5a72fd9ffa966595169f842c396d16e6fa65ee7848ed,signed,Microsoft Windows,benign,routine trust context
TRUST-01366,2026-08-31T20:35:04Z,APP-03,C:\Windows\System32\cleanmgr.exe,1e5bd46115437e9ed6f1c5a0787fc119118824b4b07c4980357bba04f143579b,signed,Microsoft Windows,benign,routine trust context
TRUST-01208,2026-08-31T20:41:33Z,JUMP-01,C:\Windows\System32\cleanmgr.exe,24645595f57bade90359cd7faa637630c3fa82b2422765a4b8544776790a5660,signed,ACME IT Automation,benign,routine trust context
TRUST-00366,2026-08-31T20:41:37Z,HR-WS-22,C:\ACME\Inventory\inventory.exe,f980879254a17d9071cddee6ce18aa8761559e8c2ef91f1d01f2d05298c8e462,trusted_internal,Microsoft Windows,benign,routine trust context
TRUST-00821,2026-08-31T20:43:36Z,APP-03,C:\ACME\Inventory\inventory.exe,8a9514a930c45ac32a7d50b761e721977adceed6feca5ad1a589c3e32aa9565e,trusted_internal,Microsoft Windows,benign,routine trust context
TRUST-01435,2026-08-31T20:45:08Z,HR-WS-22,C:\ACME\Inventory\inventory.exe,64230bb9189b038fdfa33ab238b72545655165c83d1f9315ff255a32645ba5b5,trusted_internal,ACME IT Automation,benign,routine trust context
TRUST-00898,2026-08-31T20:46:02Z,DC-01,C:\Windows\System32\cleanmgr.exe,23aadd935d49777a32f88eb52de18988ea2ab109c6955e22a3e0b2c6769c4198,trusted_internal,ACME IT Automation,benign,routine trust context
TRUST-00221,2026-08-31T20:54:14Z,DC-01,C:\ACME\Inventory\inventory.exe,8bfbb2729888203ccd895505c2ee5360ad8eafab14275ec2982e1ba8542a8855,trusted_internal,ACME IT Automation,benign,routine trust context
TRUST-01709,2026-08-31T20:54:24Z,PATCH-01,C:\Windows\System32\cleanmgr.exe,deb4e0f5e94e92f336fa0722365e9a0ba95d5b4bd425f8dec67e56061527cb59,trusted_internal,Microsoft Windows,benign,routine trust context
TRUST-00793,2026-08-31T20:57:40Z,APP-03,C:\ACME\Inventory\inventory.exe,1de58ed78be465d71fe288efe87f310dfda7af822dffcf7424998c14c99703fe,signed,Microsoft Windows,benign,routine trust context
TRUST-01661,2026-08-31T21:01:49Z,FILE-02,C:\ACME\Inventory\inventory.exe,49c73abb508f45be2c832600fd5a684d3be47d2258e7d63dd23788ffbb9517b0,signed,Microsoft Windows,benign,routine trust context
TRUST-01232,2026-08-31T21:03:29Z,FILE-02,C:\ACME\Inventory\inventory.exe,24eef0e6abd95ff61b34c4aeafeb5c2dbe0d77fd6488da991faea38d628cfc71,signed,ACME IT Automation,benign,routine trust context
TRUST-01463,2026-08-31T21:10:28Z,MGMT-01,C:\Windows\System32\cleanmgr.exe,f6e7e46d77943c85c4ab235ea7978f6b17249dce3133679d726e3e21478b1d03,trusted_internal,ACME IT Automation,benign,routine trust context
TRUST-00767,2026-08-31T21:10:48Z,PATCH-01,C:\ACME\Patch\TelemetryCheck.ps1,d41680baffa89fc0f3478224f7639b10659c4eb8df63b028c60fd5b864267722,trusted_internal,ACME IT Automation,benign,routine trust context
TRUST-00724,2026-08-31T21:17:21Z,MGMT-01,C:\Windows\System32\cleanmgr.exe,b06d941319622bde0cf5a42d88da70a018eab379c4af8853fd76623d4a6fa1b2,signed,Microsoft Windows,benign,routine trust context
TRUST-00869,2026-08-31T21:18:23Z,HR-WS-22,C:\ACME\Patch\TelemetryCheck.ps1,1b77b8780735def2d76a632974c595ca416c942e588659bfd782073739c7fddf,signed,ACME IT Automation,benign,routine trust context
TRUST-00700,2026-08-31T21:27:02Z,FILE-02,C:\ACME\Patch\TelemetryCheck.ps1,3d4144d3454361f9c9bf8b2a21024261fc8c9a2d35c716942d0e9e6cf8093495,signed,ACME IT Automation,benign,routine trust context
TRUST-01521,2026-08-31T21:44:49Z,FILE-02,C:\ACME\Inventory\inventory.exe,d4184e9db410b906e0168489a94bf89c1cab8d1617346332274188c9bacbb61a,trusted_internal,Microsoft Windows,benign,routine trust context
TRUST-00246,2026-08-31T21:49:13Z,JUMP-01,C:\Windows\System32\cleanmgr.exe,67dbf8c1a13cece7e6ab099850c20bcf91e600bdcb943f8567fccff326c420f8,signed,ACME IT Automation,benign,routine trust context
TRUST-01785,2026-08-31T21:50:01Z,APP-03,C:\Windows\System32\cleanmgr.exe,de38e6f7da656fb13119268464b1e7ccf9c68a369c1fbcdf25c3db33fcde8bb4,trusted_internal,ACME IT Automation,benign,routine trust context
TRUST-00367,2026-08-31T21:50:15Z,HR-WS-22,C:\Windows\System32\cleanmgr.exe,abec48edb5c26a1e3c2018d78fbc16343e63354bf1164110379f0deff055bd32,signed,ACME IT Automation,benign,routine trust context
TRUST-01382,2026-08-31T21:53:07Z,HR-WS-22,C:\ACME\Inventory\inventory.exe,64f21d3b9d78c572aa097c039c68cbf76644e3f0cfc14695fb9e506fc0c7c878,signed,ACME IT Automation,benign,routine trust context
TRUST-01573,2026-08-31T21:55:31Z,MGMT-01,C:\ACME\Inventory\inventory.exe,db052bd05e85bf1425fe4a246d0f188cbb937e133a1da2c2a56e95a6327fd5e3,signed,Microsoft Windows,benign,routine trust context
TRUST-01228,2026-08-31T22:00:46Z,DC-01,C:\Windows\System32\cleanmgr.exe,6f29e4ad13ddc0ce085f56b80db687ab9217beee8a5c6eb2dce9d7a205e07ef9,trusted_internal,Microsoft Windows,benign,routine trust context
TRUST-00718,2026-08-31T22:00:49Z,JUMP-01,C:\Windows\System32\cleanmgr.exe,4863db676e1c528dee694aaab23bc931c8688241462189b31a205e2dfa38db4c,trusted_internal,ACME IT Automation,benign,routine trust context
TRUST-01042,2026-08-31T22:01:09Z,DC-01,C:\ACME\Inventory\inventory.exe,95b3305c43011f8637db28d5ebb4b0c2b372e6928bd2353bedc26a6e0b8014f1,trusted_internal,Microsoft Windows,benign,routine trust context
TRUST-00944,2026-08-31T22:06:58Z,PATCH-01,C:\ACME\Patch\TelemetryCheck.ps1,2a1d125fd6c0ea128ff06eec018e3c25cf2abb000252232ffb7a83c0c8943a7e,signed,ACME IT Automation,benign,routine trust context
TRUST-00343,2026-08-31T22:07:20Z,PATCH-01,C:\Windows\System32\cleanmgr.exe,5704512411d3068383969763a464307c4036fbccc9d2a589071aa5a4f85cf0fc,signed,Microsoft Windows,benign,routine trust context
TRUST-00400,2026-08-31T22:08:38Z,JUMP-01,C:\ACME\Patch\TelemetryCheck.ps1,54e2dc4528686799e3d69a4eba423972d8cf78bcb0cd2c71cad6a1fe0edc415f,signed,Microsoft Windows,benign,routine trust context
TRUST-01106,2026-08-31T22:10:46Z,MGMT-01,C:\ACME\Patch\TelemetryCheck.ps1,23228f9cffad4ec2881357715dea98d64cfc50e8361ad214737f225a5b5be73c,signed,ACME IT Automation,benign,routine trust context
TRUST-00613,2026-08-31T22:12:53Z,APP-03,C:\Windows\System32\cleanmgr.exe,7059d2958539bfa7fb9954d5d76db5f9a0f629c51801d11b92c6e12f03146c3a,trusted_internal,Microsoft Windows,benign,routine trust context
TRUST-00234,2026-08-31T22:17:35Z,APP-03,C:\ACME\Inventory\inventory.exe,3778fb8d857edc3721ef1b6ab541c80037c1ed38e9fe5fcbad234b458c7da25e,signed,ACME IT Automation,benign,routine trust context
TRUST-00652,2026-08-31T22:19:52Z,DC-01,C:\ACME\Patch\TelemetryCheck.ps1,7075941fa084722d7c4e162c47a0d842750870b5cbe6035d878dd0acf0f90f8f,signed,Microsoft Windows,benign,routine trust context
TRUST-01335,2026-08-31T22:20:00Z,HR-WS-22,C:\ACME\Patch\TelemetryCheck.ps1,d7df568b63879352a2bd08ae95f8a2150309fe33db849fa25272b29e406a510c,signed,ACME IT Automation,benign,routine trust context
TRUST-00195,2026-08-31T22:26:37Z,DC-01,C:\ACME\Inventory\inventory.exe,82275df804d1f5d3bff4bfeedfe3195974a3302a966acc702da482897cf4de11,signed,ACME IT Automation,benign,routine trust context
TRUST-01676,2026-08-31T22:29:35Z,JUMP-01,C:\ACME\Patch\TelemetryCheck.ps1,cda7053437478775403ccc36787f4814950b670a01fb320e24aeff19ebb71a81,trusted_internal,Microsoft Windows,benign,routine trust context
TRUST-00146,2026-08-31T22:34:48Z,APP-03,C:\ACME\Patch\TelemetryCheck.ps1,27b1a428f74d26d8d9b0229b81f10947518f294a9c0a25ce4b9d6208020e3f78,trusted_internal,Microsoft Windows,benign,routine trust context
TRUST-00751,2026-08-31T22:46:32Z,HR-WS-22,C:\ACME\Inventory\inventory.exe,46382f68948cd45707ac4dbc0f7fadd2c8a5786293536fa3c63c5513f3ae4f1c,signed,ACME IT Automation,benign,routine trust context
TRUST-01563,2026-08-31T22:49:04Z,MGMT-01,C:\ACME\Patch\TelemetryCheck.ps1,104f08a9ffdb6967dd2a4b50478fb2febbb723c8af4e5dd1ddcd3a13c6158056,signed,ACME IT Automation,benign,routine trust context
TRUST-00177,2026-08-31T22:55:21Z,APP-03,C:\Windows\System32\cleanmgr.exe,061d1433019cdac859378a9e77f9149dee0e61142b8de1ba0c7b518b6c916c8e,trusted_internal,ACME IT Automation,benign,routine trust context
TRUST-00922,2026-08-31T22:56:15Z,HR-WS-22,C:\ACME\Inventory\inventory.exe,761136bdd250e4423e8653ca55b24fbe4a3b403c0d7a739ff78d2abbd738632f,trusted_internal,ACME IT Automation,benign,routine trust context
TRUST-00479,2026-08-31T22:58:39Z,APP-03,C:\ACME\Inventory\inventory.exe,069ca52a196207aae81e0622c84197428a911716ec0ef000c46c56a1ee014140,signed,Microsoft Windows,benign,routine trust context
TRUST-00860,2026-08-31T23:03:11Z,DC-01,C:\Windows\System32\cleanmgr.exe,b1eef30df7a41cf2659a14036c2344e4fa46f58fc85c7cef6ee5f05697d40375,trusted_internal,ACME IT Automation,benign,routine trust context
TRUST-01140,2026-08-31T23:04:46Z,PATCH-01,C:\Windows\System32\cleanmgr.exe,80a883789c77d741fc4daae46614d42e108e491a19ebd98a64cbd6c508664754,trusted_internal,Microsoft Windows,benign,routine trust context
TRUST-01672,2026-08-31T23:05:53Z,FILE-02,C:\Windows\System32\cleanmgr.exe,061f4e6c7c1ff889449632ea1c3ecddbdea4c6029e99af17659a484c00fe7b7e,signed,ACME IT Automation,benign,routine trust context
TRUST-00419,2026-08-31T23:06:59Z,HR-WS-22,C:\ACME\Patch\TelemetryCheck.ps1,0344bac8e0e90acd7a97fad5dfc7f50c978e86b7da20e5da4eff7d84c85cfb45,trusted_internal,ACME IT Automation,benign,routine trust context
TRUST-01230,2026-08-31T23:14:58Z,MGMT-01,C:\ACME\Inventory\inventory.exe,f57d91d7629f73af102a81e5ea6cdc97bd2a751968e137daa01caf3f5b1cea2f,signed,ACME IT Automation,benign,routine trust context
TRUST-00143,2026-08-31T23:19:53Z,HR-WS-22,C:\Windows\System32\cleanmgr.exe,9242274c38c93fe2a84590b92390e880b6b3783d5875284bf91f008d06d8357d,signed,Microsoft Windows,benign,routine trust context
TRUST-01620,2026-08-31T23:24:09Z,PATCH-01,C:\ACME\Patch\TelemetryCheck.ps1,5cf85fc871ff80b11cb14932b14e3f16758c4845f5046180b774052da95cdf35,signed,ACME IT Automation,benign,routine trust context
TRUST-00036,2026-08-31T23:26:32Z,PATCH-01,C:\Windows\System32\cleanmgr.exe,7816f0b11f0b3ee82dca877f0ed2e63dfe09f790fad98951decfbadc4f025278,signed,Microsoft Windows,benign,routine trust context
TRUST-01188,2026-08-31T23:27:17Z,HR-WS-22,C:\ACME\Inventory\inventory.exe,3bdf5d79860ba522da5f858ac775768c76c104d4af9c751f76b9189a4dc69940,trusted_internal,Microsoft Windows,benign,routine trust context
TRUST-01163,2026-08-31T23:34:18Z,DC-01,C:\Windows\System32\cleanmgr.exe,cbcb469e0e08c12b5ff737095449acf9ce989b3db604d84e81117bfd03b432b9,signed,ACME IT Automation,benign,routine trust context
TRUST-01343,2026-08-31T23:41:21Z,MGMT-01,C:\Windows\System32\cleanmgr.exe,792880702270240ac0bb9ad4d922017d3ead0a43a5f189f485b320a35a962f52,trusted_internal,Microsoft Windows,benign,routine trust context
TRUST-00500,2026-08-31T23:43:17Z,DC-01,C:\ACME\Patch\TelemetryCheck.ps1,f1b36d2e26764d1234f03b5498dd95aaf74e92c5ab9b5c8fb154ea0dd0cb123d,signed,Microsoft Windows,benign,routine trust context
TRUST-00519,2026-08-31T23:50:15Z,FILE-02,C:\ACME\Inventory\inventory.exe,67459c92cfb6bb517bcdaca448be55658f707848682bb51a9b11caa4a5200eca,trusted_internal,Microsoft Windows,benign,routine trust context
TRUST-00820,2026-08-31T23:50:57Z,APP-03,C:\ACME\Patch\TelemetryCheck.ps1,ad1b462fe0fcbd5cf252f3fc81872661e0703a669062d467bf5bca6e9d4ec7b9,trusted_internal,Microsoft Windows,benign,routine trust context
TRUST-00555,2026-08-31T23:55:59Z,HR-WS-22,C:\Windows\System32\cleanmgr.exe,415e3faaa7d6700c7ab99b92ef20a2f61c9c9ce87ff2c68100fe176587eb26fa,signed,Microsoft Windows,benign,routine trust context
TRUST-01302,2026-08-31T23:56:56Z,PATCH-01,C:\ACME\Patch\TelemetryCheck.ps1,ee88b0343b7025a7f7f52470d3994804b5a756e0360c604be1c639b7f7c5dce9,trusted_internal,ACME IT Automation,benign,routine trust context
TRUST-00362,2026-09-01T00:10:32Z,APP-03,C:\Windows\System32\cleanmgr.exe,bee7d4f8054800ff03f358afe32a321ec2d6c788c21049e764290f5f38633d8a,trusted_internal,Microsoft Windows,benign,routine trust context
TRUST-00585,2026-09-01T00:11:28Z,JUMP-01,C:\ACME\Patch\TelemetryCheck.ps1,b375d30e325f799f6ddeade0d49d2950f13d2190f4150caa52d95b7f67017243,trusted_internal,Microsoft Windows,benign,routine trust context
TRUST-01491,2026-09-01T00:15:31Z,APP-03,C:\ACME\Patch\TelemetryCheck.ps1,ba7bc1225dbc3d10d87b6734a219289345bbc425867d80d447e6056739d34c4d,signed,ACME IT Automation,benign,routine trust context
TRUST-00050,2026-09-01T00:16:28Z,PATCH-01,C:\ACME\Patch\TelemetryCheck.ps1,e43470431f7ef11d79ada0a6ee5f9c2eec424736391072e7c9af529478dadf27,signed,Microsoft Windows,benign,routine trust context
TRUST-00141,2026-09-01T00:19:48Z,PATCH-01,C:\ACME\Inventory\inventory.exe,48b40b5ef37d589e88750ef40f05a7bb47bd252532b0bb9554cb16d212b24de8,trusted_internal,ACME IT Automation,benign,routine trust context
TRUST-00165,2026-09-01T00:22:29Z,FILE-02,C:\Windows\System32\cleanmgr.exe,0375d04130da4c48dcc7e1fec05e75bcf8b0e7ef29cd343a64d9ec8292d433df,signed,Microsoft Windows,benign,routine trust context
TRUST-00330,2026-09-01T00:32:39Z,HR-WS-22,C:\Windows\System32\cleanmgr.exe,ed24325e24b249e4f3d16786ffdccfeda72fb2d31eb3339108f22ed9776346ec,trusted_internal,Microsoft Windows,benign,routine trust context
TRUST-00145,2026-09-01T00:38:36Z,MGMT-01,C:\ACME\Patch\TelemetryCheck.ps1,007face00b6111737a6bb15f532f498fb9031335170e19114dc083326201318c,signed,Microsoft Windows,benign,routine trust context
TRUST-00192,2026-09-01T00:40:03Z,MGMT-01,C:\ACME\Inventory\inventory.exe,f16e3b011583b5526f931b88b7ff9035c9c30e7c1cff8321fac03165049869c6,signed,Microsoft Windows,benign,routine trust context
TRUST-00337,2026-09-01T00:41:31Z,HR-WS-22,C:\Windows\System32\cleanmgr.exe,ccfbd4753afe18e6316ab442c7278617ee632228a15ccded8ed07315273be3d6,signed,Microsoft Windows,benign,routine trust context
TRUST-00947,2026-09-01T00:43:42Z,JUMP-01,C:\ACME\Patch\TelemetryCheck.ps1,99c31137ebf36bbd610139c722f8dfd25468c9f6dfc499694c9ef9bdf78b5a9e,trusted_internal,ACME IT Automation,benign,routine trust context
TRUST-00216,2026-09-01T00:45:20Z,HR-WS-22,C:\Windows\System32\cleanmgr.exe,3ff01f655687d27bb82bda0939c96b4967c9cf8fbbe528a21ed7f7f87884e306,signed,ACME IT Automation,benign,routine trust context
TRUST-00769,2026-09-01T00:48:07Z,APP-03,C:\Windows\System32\cleanmgr.exe,9a8ef2969c37b8110a36caba911cae358b1cd7746609232989bd90b5b998678a,signed,Microsoft Windows,benign,routine trust context
TRUST-01291,2026-09-01T00:48:45Z,JUMP-01,C:\Windows\System32\cleanmgr.exe,a7020d560192a46d5e33f19647baa299f1e2211cabd74cfdeb46524565b293c9,signed,ACME IT Automation,benign,routine trust context
TRUST-00496,2026-09-01T00:57:51Z,HR-WS-22,C:\Windows\System32\cleanmgr.exe,cdf1708046f3b5a593a10479d439236e8205835977b4bd2031ff98a3ef4baf5b,trusted_internal,Microsoft Windows,benign,routine trust context
TRUST-01733,2026-09-01T01:04:37Z,FILE-02,C:\Windows\System32\cleanmgr.exe,3d2470e532cf71a596ef0a97add829f3c922f1271d1179410aa40664ff3505c6,trusted_internal,Microsoft Windows,benign,routine trust context
TRUST-01742,2026-09-01T01:05:45Z,APP-03,C:\Windows\System32\cleanmgr.exe,834bdab00d6258ab6b8df6d1e2481407c634dc32aa932652d47f687c1eae7bc3,signed,ACME IT Automation,benign,routine trust context
TRUST-00166,2026-09-01T01:07:40Z,HR-WS-22,C:\ACME\Inventory\inventory.exe,ab1fb3164afba1bba2a5fd5e13fbe1ad64141b076d12335c9617a6411d1313f9,trusted_internal,Microsoft Windows,benign,routine trust context
TRUST-00260,2026-09-01T01:11:42Z,PATCH-01,C:\ACME\Patch\TelemetryCheck.ps1,cbbc61fe393e287374b6391497ad0dcfdb3f581439a61b17a56181a89c0a41cd,trusted_internal,ACME IT Automation,benign,routine trust context
TRUST-00942,2026-09-01T01:13:20Z,JUMP-01,C:\ACME\Patch\TelemetryCheck.ps1,1f433e2a360e5fb175c1f14b6373fca608950690edccddc59b1ba4e8f7c83d87,trusted_internal,ACME IT Automation,benign,routine trust context
TRUST-00375,2026-09-01T01:17:08Z,DC-01,C:\ACME\Inventory\inventory.exe,3a680d8a9d11c013a7e876bed1cffba56e6d9446bc9c9a565e30fbfaa092e546,trusted_internal,Microsoft Windows,benign,routine trust context
TRUST-00462,2026-09-01T01:19:03Z,JUMP-01,C:\Windows\System32\cleanmgr.exe,b8da6b770ebbaec9e5680b5abb53ccab47ed3850ba77a6bb926fe3eef48ab2b8,trusted_internal,ACME IT Automation,benign,routine trust context
TRUST-01169,2026-09-01T01:21:38Z,HR-WS-22,C:\ACME\Inventory\inventory.exe,a32f05f3b59ed3f03468b85e0367c797b856ba06f792a0fe385da907770a1a4f,signed,Microsoft Windows,benign,routine trust context
TRUST-00639,2026-09-01T01:24:31Z,APP-03,C:\ACME\Patch\TelemetryCheck.ps1,062f7bd93affa92149905730a9b788a0e90aabcbf86c4f589964347205104fb5,trusted_internal,Microsoft Windows,benign,routine trust context
TRUST-00560,2026-09-01T01:25:49Z,MGMT-01,C:\Windows\System32\cleanmgr.exe,948b3f785682c34642bdd7c609cb43c0bc2d9a2f7308a0b1d7318a610d9f73d4,trusted_internal,ACME IT Automation,benign,routine trust context
TRUST-00941,2026-09-01T01:29:06Z,APP-03,C:\Windows\System32\cleanmgr.exe,0459371205f7af98164bb08e7368d95d2689a0d7c482fbfe6d5c67ff23e4b184,signed,ACME IT Automation,benign,routine trust context
TRUST-01474,2026-09-01T01:33:49Z,FILE-02,C:\ACME\Patch\TelemetryCheck.ps1,44351a39efa3bfe6219c160ab9e702bf41afe1c858450564b0a86dcdadbe4cb7,signed,ACME IT Automation,benign,routine trust context
TRUST-00664,2026-09-01T01:37:20Z,HR-WS-22,C:\ACME\Inventory\inventory.exe,2dc45dbbf11ddcadf512148e1844555bdfcd509d4610bea0f4078f6418c83211,trusted_internal,Microsoft Windows,benign,routine trust context
TRUST-01193,2026-09-01T01:37:48Z,DC-01,C:\Windows\System32\cleanmgr.exe,a97ea92dd726d031fc8a73e431b4df3b621b41ef48f965ece1732da8e8c2771a,signed,ACME IT Automation,benign,routine trust context
TRUST-00910,2026-09-01T01:44:38Z,PATCH-01,C:\ACME\Patch\TelemetryCheck.ps1,7fa9b5b40d392c1b26fd71292c8dbeea030d3a57e5264932c44a83f0c5b474cb,trusted_internal,Microsoft Windows,benign,routine trust context
TRUST-00360,2026-09-01T01:46:19Z,HR-WS-22,C:\ACME\Patch\TelemetryCheck.ps1,32214267c2a16bf248bd15875fbb958d91d9173c1fd8e61558e4f7545975ae64,signed,Microsoft Windows,benign,routine trust context
TRUST-00544,2026-09-01T01:58:17Z,DC-01,C:\ACME\Patch\TelemetryCheck.ps1,77da6e23fdcc71dc6a640fdb607e74b3a4ce1780038fd6e29dde6f24d03371c9,signed,ACME IT Automation,benign,routine trust context
TRUST-00063,2026-09-01T02:05:38Z,MGMT-01,C:\ACME\Patch\TelemetryCheck.ps1,53db0015bfdf1c973c531ce92b1ddc151ba1ceed0e7abbb7d62c57d4e7bb739f,signed,ACME IT Automation,benign,routine trust context
TRUST-01655,2026-09-01T02:06:32Z,APP-03,C:\Windows\System32\cleanmgr.exe,e5cc704b1a0d8d2463195d9c53fa94af97dc54a6b46277fb3506ca0962e32479,signed,Microsoft Windows,benign,routine trust context
TRUST-00456,2026-09-01T02:07:05Z,MGMT-01,C:\ACME\Inventory\inventory.exe,4acdf55a039118e860b4f393d216b290d98ee4b6122e12c9366cf4bbef6b6569,signed,ACME IT Automation,benign,routine trust context
TRUST-01229,2026-09-01T02:14:00Z,JUMP-01,C:\Windows\System32\cleanmgr.exe,905e7d899990c71fda3c42b175f2da75d14ed4750ccd87a88a015a0078b53c2f,signed,Microsoft Windows,benign,routine trust context
TRUST-00078,2026-09-01T02:20:20Z,MGMT-01,C:\ACME\Patch\TelemetryCheck.ps1,62e80f22863c627bada08a9f17cb2a18d4374b689eec1f39cbb583c647210ccd,trusted_internal,Microsoft Windows,benign,routine trust context
TRUST-00344,2026-09-01T02:29:15Z,FILE-02,C:\ACME\Patch\TelemetryCheck.ps1,238d5f2df55c1a496f3d681503760826db1d8292abd9e24134bbb52c90714448,trusted_internal,ACME IT Automation,benign,routine trust context
TRUST-00120,2026-09-01T02:30:26Z,DC-01,C:\ACME\Patch\TelemetryCheck.ps1,21e30e79344215ca4cc39da6390be4ffafa8f0c6a86760831ac418a31e105f12,signed,Microsoft Windows,benign,routine trust context
TRUST-01512,2026-09-01T02:38:13Z,DC-01,C:\ACME\Patch\TelemetryCheck.ps1,508ee0b9058ce38caadd9862abda8c50312b2787f58966d99565bfc158dc3f1e,signed,ACME IT Automation,benign,routine trust context
TRUST-00346,2026-09-01T02:44:31Z,APP-03,C:\ACME\Inventory\inventory.exe,99deaa6d36349c967d4f588c551b7d9333fae71eb2749331cc13b60ecc4a7f61,trusted_internal,ACME IT Automation,benign,routine trust context
TRUST-00637,2026-09-01T02:48:31Z,FILE-02,C:\Windows\System32\cleanmgr.exe,494e25add83bceefdf3fcc4f33dbbc058dd731666117ce02116880509d21ede6,signed,Microsoft Windows,benign,routine trust context
TRUST-00873,2026-09-01T02:51:57Z,FILE-02,C:\Windows\System32\cleanmgr.exe,19009cdf5ae28ab47cce5761ef663356ca41d24b443fe1bc6ecf1071d429f236,signed,Microsoft Windows,benign,routine trust context
TRUST-01718,2026-09-01T03:08:16Z,MGMT-01,C:\ACME\Inventory\inventory.exe,1932dcbe23ba26b56cfcdd350fc4a305408b1f5b5d00449628da47f511baf382,trusted_internal,Microsoft Windows,benign,routine trust context
TRUST-01714,2026-09-01T03:15:58Z,JUMP-01,C:\ACME\Inventory\inventory.exe,7436cb8618a8df8ede2d87f3733fb6b21a088164f691bef46ea85cd81e0305b0,signed,ACME IT Automation,benign,routine trust context
TRUST-00341,2026-09-01T03:20:01Z,PATCH-01,C:\ACME\Patch\TelemetryCheck.ps1,4bbb17a0d26ecd46d2472276a9ea8a6cee2aa4491d09e98fed9a6a1beb4c251e,trusted_internal,ACME IT Automation,benign,routine trust context
TRUST-00899,2026-09-01T03:21:41Z,PATCH-01,C:\ACME\Inventory\inventory.exe,e7c2090c4f09a7579e0123480cc408e63ba83fceb303f9b40724423b6ec09456,trusted_internal,ACME IT Automation,benign,routine trust context
TRUST-00979,2026-09-01T03:21:53Z,MGMT-01,C:\ACME\Inventory\inventory.exe,81d8efd42364af1c1afd8f2f15173f9edabf14cae2470f30989a341dbe6d58dc,signed,ACME IT Automation,benign,routine trust context
TRUST-00488,2026-09-01T03:23:34Z,MGMT-01,C:\ACME\Inventory\inventory.exe,7fa4ba8f577bbf91b682c6573ec90213476a71386c9be3eefe214fea8491ab25,trusted_internal,ACME IT Automation,benign,routine trust context
TRUST-00712,2026-09-01T03:25:29Z,PATCH-01,C:\Windows\System32\cleanmgr.exe,46c4752a69b14e0783ba9b6041f94d10121a7c224981b7dc4a34a2c98e758e99,trusted_internal,ACME IT Automation,benign,routine trust context
TRUST-00200,2026-09-01T03:29:45Z,PATCH-01,C:\ACME\Patch\TelemetryCheck.ps1,42c6d2d95d6d9c8acadc1bae83a043bd9513f70b12c26a894d71b9d06250c9e3,signed,Microsoft Windows,benign,routine trust context
TRUST-00308,2026-09-01T03:30:16Z,FILE-02,C:\Windows\System32\cleanmgr.exe,0cc934acff6965fa6491b4c58f725234d5f6c4d95cbae5102441106ba7d8b3cb,trusted_internal,ACME IT Automation,benign,routine trust context
TRUST-01590,2026-09-01T03:37:58Z,PATCH-01,C:\ACME\Inventory\inventory.exe,08761c8682583b7ecdba75d24a9295b7f2a11ed911b25f36aaab6a1f1a76ffcb,signed,Microsoft Windows,benign,routine trust context
TRUST-00824,2026-09-01T03:52:09Z,FILE-02,C:\ACME\Inventory\inventory.exe,8f31602399b64402e72c688b9e5c5033efd65bc69528b4224c5aa8a54d5cfc91,trusted_internal,ACME IT Automation,benign,routine trust context
TRUST-00798,2026-09-01T03:53:04Z,DC-01,C:\Windows\System32\cleanmgr.exe,5df2529e1c2e06dafb9a3a76f839d7ade59e3a5fa91df284b5a460121d244a64,trusted_internal,ACME IT Automation,benign,routine trust context
TRUST-00437,2026-09-01T03:58:50Z,FILE-02,C:\ACME\Inventory\inventory.exe,9b682906d8fea95c9e65d6fc3dccb9bbd9d5e8104ff86e7ec21858223d055e38,signed,ACME IT Automation,benign,routine trust context
TRUST-00033,2026-09-01T04:03:03Z,MGMT-01,C:\ACME\Inventory\inventory.exe,53441154b132f9d1617304301507ef28bfdf3d68be9eafda3381008dbff5f56d,signed,ACME IT Automation,benign,routine trust context
TRUST-00523,2026-09-01T04:06:44Z,FILE-02,C:\ACME\Patch\TelemetryCheck.ps1,0b0c0a67c199c8b5873d27fcb0166a11c569dd17debad889a3b0c4761ec988b9,trusted_internal,Microsoft Windows,benign,routine trust context
TRUST-00603,2026-09-01T04:09:13Z,FILE-02,C:\Windows\System32\cleanmgr.exe,e89266e6e58aa40ae839275e5e6a4078b0e38a31f228463cd31d3dab6c5fe7d9,signed,ACME IT Automation,benign,routine trust context
TRUST-01398,2026-09-01T04:12:14Z,MGMT-01,C:\ACME\Inventory\inventory.exe,fd4b528ecd1c8d0e4e9b25484d2cd8336995f7a93ea2004a4c2885ebca02173a,trusted_internal,ACME IT Automation,benign,routine trust context
TRUST-01289,2026-09-01T04:18:01Z,HR-WS-22,C:\ACME\Patch\TelemetryCheck.ps1,fd3d7a499835425616903b8344a5d42865ceb5af640dc7df77b742ac4fe878e4,signed,ACME IT Automation,benign,routine trust context
TRUST-00139,2026-09-01T04:22:04Z,MGMT-01,C:\ACME\Inventory\inventory.exe,fad4ba0a340a6daee87518dec6a20bbff1491283015406c4b528bcc86420b066,trusted_internal,ACME IT Automation,benign,routine trust context
TRUST-00598,2026-09-01T04:24:00Z,PATCH-01,C:\ACME\Inventory\inventory.exe,45352dc548053dd8c59276e2db0bddc974a8b2babf0471a5a1a0f8a35ac6b654,trusted_internal,Microsoft Windows,benign,routine trust context
TRUST-01656,2026-09-01T04:29:06Z,PATCH-01,C:\Windows\System32\cleanmgr.exe,4f3fa58070407c50b7a3763057f2b9b2f5118480f5f053593b03b4714b5f9b78,signed,ACME IT Automation,benign,routine trust context
TRUST-01608,2026-09-01T04:34:25Z,JUMP-01,C:\ACME\Inventory\inventory.exe,2798dfa30079ce65dfb6794b8dcfb4327c21baf4ca0b69e80cc0f00e50752b6c,trusted_internal,ACME IT Automation,benign,routine trust context
TRUST-00743,2026-09-01T04:35:14Z,PATCH-01,C:\ACME\Inventory\inventory.exe,af7fe07e1a5763335da8df0bea5ab07e70c3abc0ea04ac3d6ae364e9796ae71e,signed,ACME IT Automation,benign,routine trust context
TRUST-01700,2026-09-01T04:41:30Z,FILE-02,C:\Windows\System32\cleanmgr.exe,3ac40eed7f76ab6cfd598ade5bbe7917be5de8cd7064c3e35c971bb39683d634,signed,Microsoft Windows,benign,routine trust context
TRUST-00368,2026-09-01T04:42:45Z,DC-01,C:\ACME\Inventory\inventory.exe,89cd6517d75bd701fdb80340d4c6c665478f337f5092b4ec41873a39c61cd155,trusted_internal,ACME IT Automation,benign,routine trust context
TRUST-00683,2026-09-01T04:44:03Z,DC-01,C:\ACME\Patch\TelemetryCheck.ps1,16725870dcfd9ab2a9d3435d0140627e859fcc6ad667539d95c72fcb65f35eb8,signed,Microsoft Windows,benign,routine trust context
TRUST-00289,2026-09-01T04:44:35Z,MGMT-01,C:\ACME\Patch\TelemetryCheck.ps1,587e887a96a97d22a51ec20d71354a68fb0c496e0122aebba634334748d3bcee,signed,ACME IT Automation,benign,routine trust context
TRUST-01674,2026-09-01T04:47:20Z,MGMT-01,C:\Windows\System32\cleanmgr.exe,5f81aaf9a154a7e91698e01dd57a4884e2150984ece601d75c618e51e666dfcc,trusted_internal,Microsoft Windows,benign,routine trust context
TRUST-01387,2026-09-01T04:47:28Z,PATCH-01,C:\ACME\Inventory\inventory.exe,063f6b94d47f55464e67df75a7e0cbdef9ac075708c84965a17499de6b96e6d5,trusted_internal,Microsoft Windows,benign,routine trust context
TRUST-00994,2026-09-01T04:48:24Z,HR-WS-22,C:\Windows\System32\cleanmgr.exe,b30a1a027ee1dbc8440fbb54686c1e6fb7eef7c50a0723f17fec93ad9d9c4230,signed,ACME IT Automation,benign,routine trust context
TRUST-01670,2026-09-01T04:50:31Z,PATCH-01,C:\ACME\Inventory\inventory.exe,16a8b0365fc2a1d2a011f20840f049185d4a4e3b92b7b8200f9d7fb1f5891a97,trusted_internal,Microsoft Windows,benign,routine trust context
TRUST-00991,2026-09-01T04:53:52Z,MGMT-01,C:\ACME\Inventory\inventory.exe,f9e987b6f96309e1cdf3d1b5ecc66988ae6154c966a3f520fce8548aea1bc801,trusted_internal,Microsoft Windows,benign,routine trust context
TRUST-01256,2026-09-01T04:54:01Z,PATCH-01,C:\ACME\Patch\TelemetryCheck.ps1,dbac87538f8176a616a46cc90a5b0be943324ddb42ca03a3797afab4eff80ce4,trusted_internal,Microsoft Windows,benign,routine trust context
TRUST-00191,2026-09-01T04:54:44Z,HR-WS-22,C:\ACME\Patch\TelemetryCheck.ps1,b0cb78697d5db7aca8cfda98ac723395d0061d5e29d425cb1c0ad108abe9c7a2,trusted_internal,ACME IT Automation,benign,routine trust context
TRUST-00526,2026-09-01T04:58:54Z,MGMT-01,C:\ACME\Patch\TelemetryCheck.ps1,11c51c08b10aa4db66a29baa755b33a5ec6596ba617599c03809c958310749d8,signed,ACME IT Automation,benign,routine trust context
TRUST-01325,2026-09-01T05:05:27Z,MGMT-01,C:\ACME\Patch\TelemetryCheck.ps1,d29ca27d5f34adfcb751bcc545aec09fb6c02e306e5ff760851a34d3860b4ede,signed,Microsoft Windows,benign,routine trust context
TRUST-00864,2026-09-01T05:07:57Z,FILE-02,C:\ACME\Patch\TelemetryCheck.ps1,2361cf1f5a827551c11b64c5a818ff7f862eab0569a88f99956071e45d79c707,trusted_internal,Microsoft Windows,benign,routine trust context
TRUST-00612,2026-09-01T05:08:22Z,DC-01,C:\ACME\Inventory\inventory.exe,9ccf27bfd14e042952dc54cff626829d622aabc1f9f816941d7f2cd20d856868,signed,ACME IT Automation,benign,routine trust context
TRUST-00129,2026-09-01T05:12:54Z,MGMT-01,C:\ACME\Patch\TelemetryCheck.ps1,ea2f83a3dab6ba399524d62408809db466542c17cfd8e5db9cac5978fbb910ae,trusted_internal,ACME IT Automation,benign,routine trust context
TRUST-00949,2026-09-01T05:14:33Z,DC-01,C:\Windows\System32\cleanmgr.exe,aeda7bfe2144b9216c6d2b989b086f4a836aeb5d9641fbdba5cf03c030947754,signed,Microsoft Windows,benign,routine trust context
TRUST-00121,2026-09-01T05:16:12Z,APP-03,C:\Windows\System32\cleanmgr.exe,415807e42f88eea5964f8f156fa7c19b0eedd940dd792acf3299ef3ea7f7caa4,trusted_internal,ACME IT Automation,benign,routine trust context
TRUST-01617,2026-09-01T05:18:52Z,PATCH-01,C:\ACME\Patch\TelemetryCheck.ps1,decbe7a73a85cbce58a61af97880fc3a6629d8f8beb4b8c25206badce3f4ad33,signed,Microsoft Windows,benign,routine trust context
TRUST-01191,2026-09-01T05:28:20Z,PATCH-01,C:\ACME\Patch\TelemetryCheck.ps1,96c4d0c578ad427d476092833d00c69a79149aa8165eb0a8238eb448283f1c02,signed,ACME IT Automation,benign,routine trust context
TRUST-00766,2026-09-01T05:29:50Z,APP-03,C:\ACME\Patch\TelemetryCheck.ps1,26e2dd4d5162ab80cba1fa0c1e0747ec87c92e97717c9d8e2467faf0f412234d,trusted_internal,ACME IT Automation,benign,routine trust context
TRUST-01004,2026-09-01T05:34:14Z,MGMT-01,C:\ACME\Inventory\inventory.exe,e3d9322bee012eac9b3de19c6aadf112e72ad390e163c93b91842c237c2d8420,signed,Microsoft Windows,benign,routine trust context
TRUST-01433,2026-09-01T05:35:15Z,PATCH-01,C:\Windows\System32\cleanmgr.exe,45f92a083c778ec2aae7888e14c694831616379e31c11e9ef6290dad06e9fd46,trusted_internal,Microsoft Windows,benign,routine trust context
TRUST-01499,2026-09-01T05:46:26Z,HR-WS-22,C:\ACME\Patch\TelemetryCheck.ps1,07845bf027c78fe12027da4cdbf7bbdf0728cd835542e49820cf9f12df63fad6,signed,ACME IT Automation,benign,routine trust context
TRUST-01531,2026-09-01T05:47:27Z,APP-03,C:\Windows\System32\cleanmgr.exe,f3c8c2ec072b01c0ad1fcc335fabb287711fb670624422d5551ef8d6cdccff34,trusted_internal,ACME IT Automation,benign,routine trust context
TRUST-01126,2026-09-01T05:50:34Z,APP-03,C:\Windows\System32\cleanmgr.exe,41beb430e8c8e0f0bb03b4d30f25325cd0c8fde68c6d81938d96bff919ba28dd,trusted_internal,ACME IT Automation,benign,routine trust context
TRUST-00081,2026-09-01T05:58:25Z,FILE-02,C:\Windows\System32\cleanmgr.exe,0eecca3449f56ac0ee8a1c0d736d68e3175573479413a106288543ed4fa24b24,signed,Microsoft Windows,benign,routine trust context
TRUST-00989,2026-09-01T05:58:26Z,HR-WS-22,C:\ACME\Patch\TelemetryCheck.ps1,2d73d48b003370645af45777c303657bf543fcda50511bb0f3574329bbed0d89,trusted_internal,ACME IT Automation,benign,routine trust context
TRUST-00319,2026-09-01T06:04:40Z,HR-WS-22,C:\ACME\Inventory\inventory.exe,343c55699c9e7f9470798f1d0cf45376aac4394380b51cd881e307feb1c033f8,signed,ACME IT Automation,benign,routine trust context
TRUST-01689,2026-09-01T06:11:14Z,DC-01,C:\ACME\Inventory\inventory.exe,15ea84f0dd60fe81bbec7e63dfb93d00056f60efdd4b5d54c08752fb3b2c4e52,trusted_internal,Microsoft Windows,benign,routine trust context
TRUST-01641,2026-09-01T06:12:41Z,APP-03,C:\ACME\Patch\TelemetryCheck.ps1,9b3048eccd1339722c59560123e2941e190fcef7ac81d7d814ebb305ce9f505f,signed,ACME IT Automation,benign,routine trust context
TRUST-00536,2026-09-01T06:15:10Z,MGMT-01,C:\ACME\Inventory\inventory.exe,3a0363dd4d7d7cb3ded003002929224a3d63831c8b82c6b13595e3a96f21227d,signed,Microsoft Windows,benign,routine trust context
TRUST-01056,2026-09-01T06:15:19Z,APP-03,C:\Windows\System32\cleanmgr.exe,10a031827a7c81d693f9550df35abeb1a0509c5463c6f5b0fb99d87523d14317,trusted_internal,Microsoft Windows,benign,routine trust context
TRUST-01530,2026-09-01T06:22:01Z,DC-01,C:\Windows\System32\cleanmgr.exe,82712d07d15d4f9c0dfaa79618815ee4f02caf2c9ed042685122c8bc09bd0b9a,signed,Microsoft Windows,benign,routine trust context
TRUST-01177,2026-09-01T06:24:11Z,JUMP-01,C:\ACME\Patch\TelemetryCheck.ps1,f4aab2a21a651ccbe09af178bb447a87ed2c183304d6a438f46ce7b0f57dd3e1,signed,ACME IT Automation,benign,routine trust context
TRUST-01383,2026-09-01T06:26:49Z,MGMT-01,C:\ACME\Patch\TelemetryCheck.ps1,6f99cd997fc6b9518973a14ff1a0de827697862c1c762312009813c3dbb0b6ce,signed,Microsoft Windows,benign,routine trust context
TRUST-00092,2026-09-01T06:27:57Z,APP-03,C:\Windows\System32\cleanmgr.exe,07638f70f8eb88837b6bf38c4f1d583fe7474adfc487437efc583c3617af5199,trusted_internal,Microsoft Windows,benign,routine trust context
TRUST-01773,2026-09-01T06:35:58Z,PATCH-01,C:\ACME\Patch\TelemetryCheck.ps1,f9776993eab4662f679172059bfa41fd53506d816f77947d4cad7db5added459,trusted_internal,ACME IT Automation,benign,routine trust context
TRUST-00101,2026-09-01T06:38:00Z,MGMT-01,C:\Windows\System32\cleanmgr.exe,364dbd370240fc7fdb98ac066fc5927b8769e5ca9d6e89de115dfbc7a9792112,signed,Microsoft Windows,benign,routine trust context
TRUST-00247,2026-09-01T06:42:26Z,HR-WS-22,C:\Windows\System32\cleanmgr.exe,c42623ad32325c81709e503e96daea3d9589aa4de6d050194ad350a4844601d7,signed,Microsoft Windows,benign,routine trust context
TRUST-00336,2026-09-01T06:51:50Z,DC-01,C:\ACME\Inventory\inventory.exe,e360a302e55d7c7dc14c77ec194ac77186065e5384949e7e95e4c1be01ad0e60,trusted_internal,ACME IT Automation,benign,routine trust context
TRUST-00586,2026-09-01T06:52:42Z,FILE-02,C:\ACME\Patch\TelemetryCheck.ps1,d2b4b425a834915ceb06ad0bb099c004deee3a7af61b96bfd97102ae13f30594,signed,Microsoft Windows,benign,routine trust context
TRUST-01333,2026-09-01T06:52:53Z,HR-WS-22,C:\ACME\Inventory\inventory.exe,ee688d764968ae0a12caf82b49ecd0301631aba5770ff154ba69690f748b57ef,trusted_internal,ACME IT Automation,benign,routine trust context
TRUST-00256,2026-09-01T06:53:09Z,PATCH-01,C:\ACME\Patch\TelemetryCheck.ps1,bb04ada4855dbe2a8a1b3243207431ec398d14008601dfdadd53c517276c494b,trusted_internal,Microsoft Windows,benign,routine trust context
TRUST-00286,2026-09-01T06:59:10Z,HR-WS-22,C:\ACME\Patch\TelemetryCheck.ps1,4b41d382539dcfbf9b980c96ca452b8ec538814877cb81f1535ccc78a72d4037,signed,ACME IT Automation,benign,routine trust context
TRUST-01399,2026-09-01T07:02:45Z,DC-01,C:\ACME\Patch\TelemetryCheck.ps1,1a15fd053ae8446835fc919f5af638443efde34d77a0bfda02bc6528a1d7d7fd,signed,Microsoft Windows,benign,routine trust context
TRUST-00151,2026-09-01T07:04:13Z,APP-03,C:\ACME\Patch\TelemetryCheck.ps1,87f05645443828972b17179870b075f75473c13974d4ddd852bdf9a3bec86512,trusted_internal,ACME IT Automation,benign,routine trust context
TRUST-00561,2026-09-01T07:05:54Z,HR-WS-22,C:\Windows\System32\cleanmgr.exe,a4893a14fe77315c34960e4c6c734d4ed7584e109a21b71ff7728f3fb3462261,trusted_internal,Microsoft Windows,benign,routine trust context
TRUST-00288,2026-09-01T07:08:00Z,DC-01,C:\Windows\System32\cleanmgr.exe,a56ec12d93432d0ebac9f2a954e912f911db398fcdcb65384e92d20d5ce2ffdf,trusted_internal,Microsoft Windows,benign,routine trust context
TRUST-00489,2026-09-01T07:09:06Z,HR-WS-22,C:\ACME\Patch\TelemetryCheck.ps1,a0c6788e735275395c0de6cddc3667fba02d2bdfc0883ddda85e5a1175190176,trusted_internal,ACME IT Automation,benign,routine trust context
TRUST-01358,2026-09-01T07:16:52Z,DC-01,C:\ACME\Inventory\inventory.exe,a63f716d87b7f0947d62e54ddc6bc26199b9f3e1c142ecb51916271c6471d531,trusted_internal,Microsoft Windows,benign,routine trust context
TRUST-00055,2026-09-01T07:24:45Z,APP-03,C:\Windows\System32\cleanmgr.exe,be957c3e770ff46d8d1477d0f09ffd160bdf1b6a5ade61cae62a000dc457cffb,trusted_internal,ACME IT Automation,benign,routine trust context
TRUST-00853,2026-09-01T07:26:50Z,JUMP-01,C:\Windows\System32\cleanmgr.exe,88f20c88a77745b1bc50be3bf780f6b13242888b3923615c18bb9419348b697b,signed,Microsoft Windows,benign,routine trust context
TRUST-01729,2026-09-01T07:28:17Z,MGMT-01,C:\ACME\Inventory\inventory.exe,f321af86d84ad4fbce9cde4081d37ad0b2a70fb478b0b5b72d8c21f752c0356a,trusted_internal,ACME IT Automation,benign,routine trust context
TRUST-00711,2026-09-01T07:36:52Z,PATCH-01,C:\Windows\System32\cleanmgr.exe,49f9f0a18afb1a9e65803b1825cbab83ed1d05fa1c66b7a2195a3c230b3f6b9c,signed,ACME IT Automation,benign,routine trust context
TRUST-01102,2026-09-01T07:40:19Z,FILE-02,C:\ACME\Inventory\inventory.exe,9f9b2159cd70e64d69d409d6750012875e53f6d79383e543f45a0bba2a95a5d2,trusted_internal,ACME IT Automation,benign,routine trust context
TRUST-00527,2026-09-01T07:43:15Z,MGMT-01,C:\Windows\System32\cleanmgr.exe,edd86b9f08624007a7d1d5f27773ae23c65aa61bdf9f5036640ef24c7d64aafc,signed,ACME IT Automation,benign,routine trust context
TRUST-00990,2026-09-01T07:43:45Z,JUMP-01,C:\Windows\System32\cleanmgr.exe,7101c62268ade029a1a3d8d3d698ccada97f198ebb83f06f109dc32217153171,signed,Microsoft Windows,benign,routine trust context
TRUST-00900,2026-09-01T07:44:30Z,DC-01,C:\ACME\Patch\TelemetryCheck.ps1,1837d7b5f074d8ed30484288ef5911e815ee45b92b9e9f3785c679d3cad92296,signed,ACME IT Automation,benign,routine trust context
TRUST-01769,2026-09-01T07:44:31Z,HR-WS-22,C:\ACME\Patch\TelemetryCheck.ps1,9ebd174f2857205564a4486eff40b924f41283f022c2ab83c130697a9560027e,trusted_internal,Microsoft Windows,benign,routine trust context
TRUST-01797,2026-09-01T07:48:00Z,PATCH-01,C:\ACME\Patch\TelemetryCheck.ps1,f48dbeb20e7c5595efd2cc489e536013c127f5869f70c33d617d8c4d768110eb,signed,ACME IT Automation,benign,routine trust context
TRUST-00661,2026-09-01T07:51:42Z,PATCH-01,C:\Windows\System32\cleanmgr.exe,f40248905c4ebd5364492514937cab2e0d4f28394781fdf9eafcdfb55e67ffe9,trusted_internal,Microsoft Windows,benign,routine trust context
TRUST-01072,2026-09-01T07:57:04Z,APP-03,C:\ACME\Inventory\inventory.exe,920cd3c47466f448f4ff3207aa5eb62e093a93de13cf17408e6ab70bbc2a089e,trusted_internal,Microsoft Windows,benign,routine trust context
TRUST-00570,2026-09-01T07:59:38Z,APP-03,C:\ACME\Inventory\inventory.exe,64eaade48bed088cbbb7d875a722d799a25ab05a849333c583be0d7c57f907d0,trusted_internal,Microsoft Windows,benign,routine trust context
TRUST-00340,2026-09-01T07:59:55Z,PATCH-01,C:\ACME\Patch\TelemetryCheck.ps1,c1d210d885d9dce723ee3b361340d5832775ebb10277b67ea549a0e42f383b6c,signed,Microsoft Windows,benign,routine trust context
TRUST-00060,2026-09-01T08:10:46Z,MGMT-01,C:\ACME\Patch\TelemetryCheck.ps1,f77707fcceb1da218b29065bbfb293483c886ee4bb9f978a8136da002f22b7e8,trusted_internal,ACME IT Automation,benign,routine trust context
TRUST-00694,2026-09-01T08:13:12Z,FILE-02,C:\ACME\Patch\TelemetryCheck.ps1,e9c66c6f89d33d84004ef1811858ac5d2a02e6ec81b8ba89e6a618540ec08031,trusted_internal,Microsoft Windows,benign,routine trust context
TRUST-00017,2026-09-01T08:15:39Z,FILE-02,C:\ACME\Patch\TelemetryCheck.ps1,56ec34f1195fee7c08f3de493fd9942686be7ed5dfc72d769f1bedbe971c8d67,trusted_internal,ACME IT Automation,benign,routine trust context
TRUST-01149,2026-09-01T08:15:41Z,MGMT-01,C:\ACME\Patch\TelemetryCheck.ps1,1f041337640fe87c99fc64569723c8d3f22bd9a031d8dc70574c99397806d77d,signed,ACME IT Automation,benign,routine trust context
TRUST-01687,2026-09-01T08:17:12Z,JUMP-01,C:\Windows\System32\cleanmgr.exe,77f13ef34fa73eebc37dbc32661f146eba6d22d51885b03786219201122991e6,trusted_internal,Microsoft Windows,benign,routine trust context
TRUST-01438,2026-09-01T08:21:21Z,DC-01,C:\ACME\Patch\TelemetryCheck.ps1,0e5272405683fe480f47cd11c3a3295305d4e3b4702779e39aaeefc3874a4cfb,trusted_internal,ACME IT Automation,benign,routine trust context
TRUST-00532,2026-09-01T08:25:22Z,DC-01,C:\ACME\Inventory\inventory.exe,75d8f6c7cb930084f5cac45378441fadc2f87dc2c951bf988c36a24ebba0d04a,trusted_internal,Microsoft Windows,benign,routine trust context
TRUST-00976,2026-09-01T08:28:02Z,FILE-02,C:\ACME\Patch\TelemetryCheck.ps1,8b8926744bea14bad622736644106d0cd7835e543059a2b4996a000b0751f46b,trusted_internal,Microsoft Windows,benign,routine trust context
TRUST-00425,2026-09-01T08:32:47Z,APP-03,C:\ACME\Inventory\inventory.exe,baa419a14204c2b6e2ca142c9d6a30e9413c9869ee8c96c04e65ddec3cbd1c5c,signed,ACME IT Automation,benign,routine trust context
TRUST-01094,2026-09-01T08:34:59Z,APP-03,C:\ACME\Inventory\inventory.exe,2b0fbf2c2b68e8e830152f339062ef29a911a0c9e782c0cb714a7605845382f8,trusted_internal,Microsoft Windows,benign,routine trust context
TRUST-01175,2026-09-01T08:50:04Z,HR-WS-22,C:\ACME\Patch\TelemetryCheck.ps1,e1aa284ba9f8166f28495d63d2209b3781fb7b7764db0539e2c3b734514d2f52,signed,ACME IT Automation,benign,routine trust context
TRUST-00025,2026-09-01T08:52:26Z,JUMP-01,C:\Windows\System32\cleanmgr.exe,7bc634519d1453bdee909291cb981cbc8663874f34bf16080aca02c465035d1a,trusted_internal,ACME IT Automation,benign,routine trust context
TRUST-01644,2026-09-01T08:55:40Z,MGMT-01,C:\ACME\Patch\TelemetryCheck.ps1,280e49d0c70b2f02803275801fbec6fd2b985653326c3fcf4fe1b053360bbaa5,signed,Microsoft Windows,benign,routine trust context
TRUST-00497,2026-09-01T09:01:28Z,PATCH-01,C:\ACME\Patch\TelemetryCheck.ps1,84e4f910c3d9c4dc1205c0f1e575d6f5ee6dc44f9a90e281fd5c0efd32469f2d,trusted_internal,ACME IT Automation,benign,routine trust context
TRUST-00493,2026-09-01T09:12:22Z,DC-01,C:\Windows\System32\cleanmgr.exe,418aeccf813f48f66f814e8ec7768c60c5cd3c159271c6da2229b08ad38f8201,trusted_internal,Microsoft Windows,benign,routine trust context
TRUST-01109,2026-09-01T09:15:47Z,MGMT-01,C:\ACME\Patch\TelemetryCheck.ps1,56b01c8782573e7b39e44c656d444e6b1b7bc506c8c29f896391b4626b49b846,signed,Microsoft Windows,benign,routine trust context
TRUST-00379,2026-09-01T09:18:39Z,APP-03,C:\ACME\Inventory\inventory.exe,fd888fabad445d5f954ff7a01ccd7f1d702dc3f95d88579a8021e13dba7074bf,trusted_internal,ACME IT Automation,benign,routine trust context
TRUST-00363,2026-09-01T09:22:15Z,DC-01,C:\ACME\Inventory\inventory.exe,d600c548143213842622ec8eab2241984eaa6843bb63c54f157a2b121ab40fcf,trusted_internal,ACME IT Automation,benign,routine trust context
TRUST-00800,2026-09-01T09:28:00Z,FILE-02,C:\Windows\System32\cleanmgr.exe,b473d0f6ca67fb0d614338c8f1412416ea89cfd69229cb1cbf9f2109d8587734,signed,Microsoft Windows,benign,routine trust context
TRUST-01502,2026-09-01T09:28:01Z,FILE-02,C:\ACME\Patch\TelemetryCheck.ps1,13bed0d0ca3954e6adf118c436062ce5262a0a413b1fbe45e2ef05960bd75a8b,signed,ACME IT Automation,benign,routine trust context
TRUST-00638,2026-09-01T09:31:58Z,FILE-02,C:\ACME\Patch\TelemetryCheck.ps1,8d9f8a0a8a5be747ebb60b22bf893c1aba3156932675e37342d974e0e712c84f,signed,ACME IT Automation,benign,routine trust context
TRUST-00005,2026-09-01T09:38:19Z,MGMT-01,C:\Windows\System32\cleanmgr.exe,d48cff76ad80d925927ac92d019c6431059aa91a947b831a5693ad1922f441c8,trusted_internal,ACME IT Automation,benign,routine trust context
TRUST-01055,2026-09-01T09:40:30Z,MGMT-01,C:\Windows\System32\cleanmgr.exe,fb89f13d90af2dd259e59c74e03e0f2fef1c698355ce35803d4763e9bf02a1cc,trusted_internal,ACME IT Automation,benign,routine trust context
TRUST-00218,2026-09-01T09:41:35Z,DC-01,C:\ACME\Patch\TelemetryCheck.ps1,966bddb7b7855c1b16b33a8787d43c7f0a82e17614445078db78f25aa75f2dc7,trusted_internal,ACME IT Automation,benign,routine trust context
TRUST-00065,2026-09-01T09:43:56Z,APP-03,C:\ACME\Patch\TelemetryCheck.ps1,02db12439cc266e63de755d0175d27c6adb72728ab61e3d48087c6fe37cbd78e,trusted_internal,ACME IT Automation,benign,routine trust context
TRUST-00153,2026-09-01T09:44:28Z,APP-03,C:\ACME\Inventory\inventory.exe,006fef6b99a9dce09eb6061717b0157345ef800b823cf0465d9184d7f94df5fe,signed,Microsoft Windows,benign,routine trust context
TRUST-01564,2026-09-01T09:49:06Z,FILE-02,C:\ACME\Patch\TelemetryCheck.ps1,3a323ef4909f817d76c948f34e7ba391a03d1714268c46e6f5fb4bf84a1786b7,signed,ACME IT Automation,benign,routine trust context
TRUST-01010,2026-09-01T10:02:08Z,APP-03,C:\ACME\Inventory\inventory.exe,f95bb314e139c002d18ee5806a4cf9fd7482b6e44571ac1fe6d21d6e902e12c5,trusted_internal,Microsoft Windows,benign,routine trust context
TRUST-01243,2026-09-01T10:05:03Z,FILE-02,C:\ACME\Patch\TelemetryCheck.ps1,75d5ba9fbf84593de5de65c2d5e4e658589bfe7c8335d4827b62b654e5aaa88b,trusted_internal,Microsoft Windows,benign,routine trust context
TRUST-00448,2026-09-01T10:06:58Z,FILE-02,C:\ACME\Patch\TelemetryCheck.ps1,3376d4903da86bc2dfb1e66e4bdaa145351cd3bdec74979d1aebe4307035a506,signed,Microsoft Windows,benign,routine trust context
TRUST-00438,2026-09-01T10:10:23Z,MGMT-01,C:\ACME\Patch\TelemetryCheck.ps1,786dd5db45118745c379e2c9bfb6ce1fba33ebe1f63f84581c2ea9ccf5a83848,signed,ACME IT Automation,benign,routine trust context
TRUST-00768,2026-09-01T10:10:45Z,JUMP-01,C:\ACME\Inventory\inventory.exe,6d2a57e281e1545da31fcc990c0941dece991f30d9e5a3a64eb8807f910af267,signed,Microsoft Windows,benign,routine trust context
TRUST-00300,2026-09-01T10:17:43Z,APP-03,C:\Windows\System32\cleanmgr.exe,8392fdc6d3ade6db1a548b172358ccc347c471b7733c6ed90b38b9f9daf04565,trusted_internal,Microsoft Windows,benign,routine trust context
TRUST-01007,2026-09-01T10:19:42Z,PATCH-01,C:\ACME\Patch\TelemetryCheck.ps1,f7b59b9c122bba0446cff9b48a9411a788be33e90b48858871df331fd14b6ff1,trusted_internal,Microsoft Windows,benign,routine trust context
TRUST-01688,2026-09-01T10:22:25Z,APP-03,C:\ACME\Patch\TelemetryCheck.ps1,1ecc5f68dd1cae814522f6ed4f7270d78cc8b2740f26bcc1b5a3fb667d8280a5,signed,ACME IT Automation,benign,routine trust context
TRUST-00412,2026-09-01T10:23:21Z,DC-01,C:\Windows\System32\cleanmgr.exe,a0e0ebc4d6258639574c676072ca2aaa1e6fa9105aec237eb0f1fcda45a3dc54,trusted_internal,Microsoft Windows,benign,routine trust context
TRUST-01532,2026-09-01T10:24:44Z,DC-01,C:\Windows\System32\cleanmgr.exe,27703916c26829207fa6b8c425098e8694140bf764d2b2304db2329ac0ed212d,signed,ACME IT Automation,benign,routine trust context
TRUST-00627,2026-09-01T10:33:43Z,DC-01,C:\ACME\Inventory\inventory.exe,e642461ad211eb70cca20f00df3775426a80fd042828a98c7b3b9bd2a8348b61,signed,Microsoft Windows,benign,routine trust context
TRUST-01553,2026-09-01T10:37:49Z,PATCH-01,C:\ACME\Inventory\inventory.exe,9672cad2b764831dfc4f2a04862c130983e26106b2d39cd6c4b3c26fc4c0efdc,signed,Microsoft Windows,benign,routine trust context
TRUST-01717,2026-09-01T10:40:19Z,DC-01,C:\ACME\Patch\TelemetryCheck.ps1,a79cef6bb682529077f21482ff28980703566bde8d67bc2896f232219be1d5e6,trusted_internal,Microsoft Windows,benign,routine trust context
TRUST-01683,2026-09-01T10:51:50Z,JUMP-01,C:\Windows\System32\cleanmgr.exe,576befc2c0c3309de70e9969cc243c1b55eb7f5a4f14afb8664e070c51e8497e,signed,Microsoft Windows,benign,routine trust context
TRUST-01767,2026-09-01T10:57:24Z,HR-WS-22,C:\ACME\Inventory\inventory.exe,82fe8557efb34a38c39e43375296580a97776acc835197636a9053450f6eb264,trusted_internal,ACME IT Automation,benign,routine trust context
TRUST-01147,2026-09-01T11:00:16Z,APP-03,C:\ACME\Inventory\inventory.exe,6978da6b15e46630640b4b6503c90e3d0cbeda1fcaa8486bc598973b92c3c871,trusted_internal,ACME IT Automation,benign,routine trust context
TRUST-01473,2026-09-01T11:01:22Z,JUMP-01,C:\ACME\Inventory\inventory.exe,148a64686acdccb057eeb7badb985fd439a5d633b05d28534caf575ebf498cf3,trusted_internal,ACME IT Automation,benign,routine trust context
TRUST-01757,2026-09-01T11:01:37Z,MGMT-01,C:\ACME\Inventory\inventory.exe,70d8674974079aa9159c91272ff54a8d3d662f70acfaa5dadc5627443b78eae2,trusted_internal,Microsoft Windows,benign,routine trust context
TRUST-01123,2026-09-01T11:03:35Z,DC-01,C:\Windows\System32\cleanmgr.exe,cc40ebf8e009412b2ac3b01e1197a6b20cb5dcf548574dd88ecb96228d8b2d5c,signed,Microsoft Windows,benign,routine trust context
TRUST-01765,2026-09-01T11:04:45Z,JUMP-01,C:\Windows\System32\cleanmgr.exe,146469f767da01dc30353f4b225922ec724ed28e099d1a4e06045b6b7a1be381,signed,Microsoft Windows,benign,routine trust context
TRUST-01424,2026-09-01T11:06:46Z,JUMP-01,C:\ACME\Patch\TelemetryCheck.ps1,5c7b55e1dfb4169c297dcb59dfe3ae76de116141f886a5e284f10e5ee81d1831,trusted_internal,Microsoft Windows,benign,routine trust context
TRUST-01456,2026-09-01T11:09:41Z,APP-03,C:\ACME\Inventory\inventory.exe,bdf1fc63aca54844b9deafa040f704dc42600c75f9c6e98b77a206444392a5f3,trusted_internal,Microsoft Windows,benign,routine trust context
TRUST-01073,2026-09-01T11:16:04Z,PATCH-01,C:\ACME\Patch\TelemetryCheck.ps1,4fca2030863f4ebe3c3c6b886125ae34f9bee7d1c5e6aaaf452cf29b6813a4d2,signed,Microsoft Windows,benign,routine trust context
TRUST-00076,2026-09-01T11:17:43Z,FILE-02,C:\ACME\Inventory\inventory.exe,e48c668f4df07440a27c73373a16ea67c8c110b7a84e659b44f1aabd3b6ea3a9,trusted_internal,ACME IT Automation,benign,routine trust context
TRUST-00926,2026-09-01T11:18:23Z,FILE-02,C:\ACME\Patch\TelemetryCheck.ps1,a166d6c5b450c03a5ce364ce392cc9cda3377a1fb96298e16a43d8baac1c78de,trusted_internal,Microsoft Windows,benign,routine trust context
TRUST-01653,2026-09-01T11:20:20Z,HR-WS-22,C:\ACME\Patch\TelemetryCheck.ps1,80cadf30d7ee9f726429ec461e0b903c70c65c88e9ef4dc38e8be72dc82c1cf4,signed,Microsoft Windows,benign,routine trust context
TRUST-00959,2026-09-01T11:22:25Z,JUMP-01,C:\ACME\Inventory\inventory.exe,b20d619bffeaadb60bdae1e8ac2d9b1fc5d40a8d929176fbc3a9f9a709623b68,signed,ACME IT Automation,benign,routine trust context
TRUST-00342,2026-09-01T11:23:29Z,HR-WS-22,C:\ACME\Inventory\inventory.exe,3086825577841839e459f4a1a51df83ba442c2ccebc2c1584d72d1879b86a427,trusted_internal,ACME IT Automation,benign,routine trust context
TRUST-01245,2026-09-01T11:25:54Z,PATCH-01,C:\ACME\Inventory\inventory.exe,1b37e6178e0f0e4b8c4df99657050cd22198d3422bdc6f49dbcb5bb8dc95d438,trusted_internal,ACME IT Automation,benign,routine trust context
TRUST-00687,2026-09-01T11:29:32Z,FILE-02,C:\Windows\System32\cleanmgr.exe,c5ffbb5a903926636e70b7efeabec1678f4d88c66abc35e755bb6da0eca706f3,trusted_internal,ACME IT Automation,benign,routine trust context
TRUST-00635,2026-09-01T11:29:43Z,MGMT-01,C:\ACME\Inventory\inventory.exe,8059d151a3387431ba12dae0e3f89a1cf2aea1bcee7e36c6675a1ddfee5dcfa2,signed,Microsoft Windows,benign,routine trust context
TRUST-00443,2026-09-01T11:33:51Z,FILE-02,C:\ACME\Patch\TelemetryCheck.ps1,16c53984413f9fdfdd71555ad2670d851265c67ff94e7bb65e3009b0fa3c2ac4,signed,ACME IT Automation,benign,routine trust context
TRUST-00490,2026-09-01T11:34:13Z,PATCH-01,C:\ACME\Inventory\inventory.exe,ba9f04155bbe22efce6cc5ef75d38a91c68156221b423e8614ed106a059e39be,trusted_internal,Microsoft Windows,benign,routine trust context
TRUST-01666,2026-09-01T11:38:46Z,FILE-02,C:\ACME\Patch\TelemetryCheck.ps1,18b77881bc4d12a931071abbe21731b8549837f28963b3f54eb31518dfb060a6,trusted_internal,Microsoft Windows,benign,routine trust context
TRUST-01290,2026-09-01T11:39:10Z,HR-WS-22,C:\Windows\System32\cleanmgr.exe,3fae001d7262693a483724bcf6b0a340a4b8993423f7eaf36dbf34fb900e40f6,trusted_internal,ACME IT Automation,benign,routine trust context
TRUST-00717,2026-09-01T11:48:22Z,FILE-02,C:\Windows\System32\cleanmgr.exe,8bf874da71fb48128848cd2735e9919031233a0e17e0f99f099c44396dcf6adf,signed,ACME IT Automation,benign,routine trust context
TRUST-01096,2026-09-01T12:02:08Z,MGMT-01,C:\ACME\Patch\TelemetryCheck.ps1,cebad3bfd12670095cfa36ae8cd43b4cae4018bc1311b0e2a60522786274b70a,trusted_internal,ACME IT Automation,benign,routine trust context
TRUST-01034,2026-09-01T12:11:17Z,MGMT-01,C:\Windows\System32\cleanmgr.exe,8d4c0fe6eeb6e3847eedfeb1be8d4e31f4eb0cd823a468413ed23b5db3701413,trusted_internal,Microsoft Windows,benign,routine trust context
TRUST-01249,2026-09-01T12:12:35Z,PATCH-01,C:\Windows\System32\cleanmgr.exe,634d598b14e903e1c72b6415f8305a7f736dc852378cb382aa7860c73b16604a,trusted_internal,Microsoft Windows,benign,routine trust context
TRUST-00087,2026-09-01T12:21:47Z,APP-03,C:\ACME\Patch\TelemetryCheck.ps1,e4320597ca2d456c9c8d3532abb3b043151cd1ed613c3207280ad3053c0b589b,trusted_internal,ACME IT Automation,benign,routine trust context
TRUST-01189,2026-09-01T12:23:46Z,MGMT-01,C:\ACME\Patch\TelemetryCheck.ps1,8daa7b2860dc665ed2b2f5af90e2e5677eab64db17c06b29c140be20006434b8,signed,ACME IT Automation,benign,routine trust context
TRUST-01792,2026-09-01T12:26:08Z,HR-WS-22,C:\ACME\Patch\TelemetryCheck.ps1,b883f003d0fe3044ebfd3992848e079466124c5c9c48920369ff17493db30deb,trusted_internal,Microsoft Windows,benign,routine trust context
TRUST-01448,2026-09-01T12:43:14Z,DC-01,C:\ACME\Inventory\inventory.exe,5f17becf790f269bc2995460f9f54df827ddd2777102c9d08e8f9790bb7b2ddd,trusted_internal,ACME IT Automation,benign,routine trust context
TRUST-01694,2026-09-01T12:48:00Z,PATCH-01,C:\ACME\Inventory\inventory.exe,008c39d49012443781f0afc5eb609a714e18385b5cc26569f3e7e22cdb151084,trusted_internal,Microsoft Windows,benign,routine trust context
TRUST-01662,2026-09-01T12:53:16Z,JUMP-01,C:\ACME\Patch\TelemetryCheck.ps1,69dee0ad4bbee325985cb50b2d37d48a920290f8e51e11e0ca24a2ac5593af9d,signed,ACME IT Automation,benign,routine trust context
TRUST-00928,2026-09-01T13:05:03Z,PATCH-01,C:\ACME\Patch\TelemetryCheck.ps1,a6b718cb38ca77c1a672de43373734b8cb8f185e1e4adf6b4fa61bd1dbe584de,signed,ACME IT Automation,benign,routine trust context
TRUST-01402,2026-09-01T13:05:29Z,PATCH-01,C:\ACME\Inventory\inventory.exe,16bd8043f536453efd9e60f7f60bb67f403eb4dbf003aae614aeafbdd83b4ca9,trusted_internal,Microsoft Windows,benign,routine trust context
TRUST-01104,2026-09-01T13:08:19Z,DC-01,C:\ACME\Inventory\inventory.exe,2fc70119f0263a95055c236d0e67a61070e13f66a175f327794ed4b4766f985c,trusted_internal,Microsoft Windows,benign,routine trust context
TRUST-00157,2026-09-01T13:13:02Z,HR-WS-22,C:\ACME\Inventory\inventory.exe,bd225c3758732803c27f7950dd7a2cf6790e4e3548b945281e0680bc061164b4,signed,ACME IT Automation,benign,routine trust context
TRUST-00562,2026-09-01T13:17:47Z,FILE-02,C:\ACME\Inventory\inventory.exe,f31468b3bb943a5c0287454885ccb74f5052c489726ca3ffc5d36bb7cce3bc83,signed,ACME IT Automation,benign,routine trust context
TRUST-01199,2026-09-01T13:17:47Z,JUMP-01,C:\Windows\System32\cleanmgr.exe,902e1d64f478bf6644c366a031dd13d64b4e8a25b53ee39c1fedea2d79b07cf1,signed,ACME IT Automation,benign,routine trust context
TRUST-01751,2026-09-01T13:20:00Z,DC-01,C:\ACME\Inventory\inventory.exe,705c83841d4cc343af0e07787c94f92f015306e5beb74593d6dd83b0e6aa537a,signed,ACME IT Automation,benign,routine trust context
TRUST-00014,2026-09-01T13:24:09Z,DC-01,C:\Windows\System32\cleanmgr.exe,aa8609939a9421ca48b41674bfcd6676022bd495609ed5b06d2d4916dd7c426b,signed,ACME IT Automation,benign,routine trust context
TRUST-00705,2026-09-01T13:33:08Z,PATCH-01,C:\ACME\Inventory\inventory.exe,43d5b4ed485f7c801b2f07f21eb3045d0434412bcee7b18acdce47e80668d776,trusted_internal,Microsoft Windows,benign,routine trust context
TRUST-01150,2026-09-01T13:35:36Z,DC-01,C:\ACME\Patch\TelemetryCheck.ps1,5dbbe6e8521d71ba08d7b4c56920c2202a78020bd7f573083bcf3c6077c2d8b9,trusted_internal,Microsoft Windows,benign,routine trust context
TRUST-00837,2026-09-01T13:39:07Z,HR-WS-22,C:\Windows\System32\cleanmgr.exe,ba81b37290f13599c4c1e9348feb9ed6ba8bd9aadc3197ff356b1f6d8fbb1ac6,trusted_internal,ACME IT Automation,benign,routine trust context
TRUST-01091,2026-09-01T13:45:00Z,FILE-02,C:\ACME\Patch\TelemetryCheck.ps1,3e5033b3f3c144fb10bd7133a806131890cada5b0d3abc7ef8e3add00579e072,trusted_internal,Microsoft Windows,benign,routine trust context
TRUST-00013,2026-09-01T13:53:11Z,FILE-02,C:\ACME\Patch\TelemetryCheck.ps1,46a5755fee7515a5c5579721dd73df338f06a873cf5cf80a79ea00d90c79e502,signed,ACME IT Automation,benign,routine trust context
TRUST-01148,2026-09-01T13:54:53Z,HR-WS-22,C:\ACME\Inventory\inventory.exe,a306dc19a0050fc9fdc9d062c4d7fae0315162a32483d27b6be0a69a1b689b50,trusted_internal,ACME IT Automation,benign,routine trust context
TRUST-01665,2026-09-01T13:55:56Z,MGMT-01,C:\ACME\Patch\TelemetryCheck.ps1,0f8673fcec4b7bafee4a05c77348db2795f5187c6aab7527d4fad7f45dfc1065,signed,Microsoft Windows,benign,routine trust context
TRUST-00378,2026-09-01T13:56:56Z,JUMP-01,C:\ACME\Inventory\inventory.exe,ebc50706b0744cb42ba4048e999e98db5f1baea53747883c5535189fafea37dd,signed,ACME IT Automation,benign,routine trust context
TRUST-00103,2026-09-01T14:05:23Z,APP-03,C:\ACME\Inventory\inventory.exe,cf5b05e08845858248cedc2b52c47de603c413f49445e68df390df343c1329fc,trusted_internal,Microsoft Windows,benign,routine trust context
TRUST-00491,2026-09-01T14:05:23Z,JUMP-01,C:\Windows\System32\cleanmgr.exe,3d50ab125ba57afe9b487d4701a74b87804607134e8b89f5203c1e84f888c657,trusted_internal,Microsoft Windows,benign,routine trust context
TRUST-00701,2026-09-01T14:08:14Z,FILE-02,C:\ACME\Patch\TelemetryCheck.ps1,33f5587859be26db5ac28182a364d74161e3d906525135f2086dc15d78bf258d,signed,Microsoft Windows,benign,routine trust context
TRUST-01677,2026-09-01T14:12:01Z,PATCH-01,C:\ACME\Inventory\inventory.exe,773c830c249c763b179c8b7a3ed777e35730496b706bded0321a979f7b6982f6,trusted_internal,Microsoft Windows,benign,routine trust context
TRUST-00471,2026-09-01T14:13:26Z,DC-01,C:\ACME\Patch\TelemetryCheck.ps1,a81f9e3c2a2670172ce17becd8fcadf69e511b68d54c6e8b8abef5bee66af66b,signed,Microsoft Windows,benign,routine trust context
TRUST-01367,2026-09-01T14:22:50Z,MGMT-01,C:\ACME\Inventory\inventory.exe,e5ce70f128baf4c2ca0a162bf0c6aa4b9ea07c752717b193dc4881c2a3ebcf56,trusted_internal,Microsoft Windows,benign,routine trust context
TRUST-00406,2026-09-01T14:30:06Z,HR-WS-22,C:\ACME\Patch\TelemetryCheck.ps1,897e2120fd18b433e533671fb9c28b1c846c0274300736e187897b7af71e9217,trusted_internal,ACME IT Automation,benign,routine trust context
TRUST-01736,2026-09-01T14:30:53Z,APP-03,C:\ACME\Patch\TelemetryCheck.ps1,9dc60a9bf5b409982f67d26c015bd726f6c7c4accf8c604e62bcf01d0ba8464a,trusted_internal,Microsoft Windows,benign,routine trust context
TRUST-01364,2026-09-01T14:31:25Z,HR-WS-22,C:\ACME\Inventory\inventory.exe,7ca818ae05a14bf9c76cdfe9f48b40880338f2c3c24fbe0a67bd6788e7412fe1,signed,Microsoft Windows,benign,routine trust context
TRUST-01221,2026-09-01T14:32:10Z,APP-03,C:\ACME\Patch\TelemetryCheck.ps1,3116e03054fcaa357ae6012b35c19bc709899973e51e086203abe5fd4d49632d,signed,ACME IT Automation,benign,routine trust context
TRUST-00188,2026-09-01T14:35:55Z,APP-03,C:\Windows\System32\cleanmgr.exe,fe25541bcf3cffc8249623aadad3a7c48b068144001a215e0e33baf2ba5970e2,signed,ACME IT Automation,benign,routine trust context
TRUST-01258,2026-09-01T14:50:21Z,MGMT-01,C:\ACME\Patch\TelemetryCheck.ps1,37bc67a7cd0e9154899d143e8a32a487590e0fd23cf883099ad6bad9ac4569fe,trusted_internal,Microsoft Windows,benign,routine trust context
TRUST-00085,2026-09-01T14:56:26Z,HR-WS-22,C:\ACME\Inventory\inventory.exe,1ae96bfe33821a4a029e69145eb20938d239e6685213934f8e00047745fab870,trusted_internal,ACME IT Automation,benign,routine trust context
TRUST-01557,2026-09-01T14:58:51Z,MGMT-01,C:\ACME\Inventory\inventory.exe,17b28047b9a52efb8863378dd9c75be8b204a5bd3bd47db3cdbe4fc8e9127921,signed,Microsoft Windows,benign,routine trust context
TRUST-00349,2026-09-01T15:05:47Z,MGMT-01,C:\ACME\Patch\TelemetryCheck.ps1,96082396d8d5bb8168975a8b6a05471b8e3a20475eac42f11395769aa6476ffd,signed,ACME IT Automation,benign,routine trust context
TRUST-00924,2026-09-01T15:07:47Z,PATCH-01,C:\ACME\Patch\TelemetryCheck.ps1,12bb83b4cfd2090bcd2a20f7557b79bbae74e0b259565913e0b614f3654be40f,signed,Microsoft Windows,benign,routine trust context
TRUST-01089,2026-09-01T15:08:43Z,PATCH-01,C:\ACME\Inventory\inventory.exe,6f01eb97bed7199eefefad428c0b228e7d1cc35581264660ce98bb0132548bf7,signed,Microsoft Windows,benign,routine trust context
TRUST-00733,2026-09-01T15:10:24Z,FILE-02,C:\Windows\System32\cleanmgr.exe,c9b5381cf4a69d7e8d9c8c799f0354a3b076545a3e3e15982de50eef5250b9b6,signed,ACME IT Automation,benign,routine trust context
TRUST-00487,2026-09-01T15:11:22Z,MGMT-01,C:\ACME\Inventory\inventory.exe,a294320c946969c5e24857267fd7e0224b52c98599601396803d65fcd1c314b6,trusted_internal,Microsoft Windows,benign,routine trust context
TRUST-00727,2026-09-01T15:13:34Z,JUMP-01,C:\Windows\System32\cleanmgr.exe,51ce69e7c01ed23d6c68408971e0b69881285ca43e1db297f19a95abb0d90413,signed,ACME IT Automation,benign,routine trust context
TRUST-00222,2026-09-01T15:13:48Z,HR-WS-22,C:\ACME\Patch\TelemetryCheck.ps1,1312c831d1b7d735eed0dac9d7e2e75635fa13a8f827b53fed6d823475bdd1a0,signed,Microsoft Windows,benign,routine trust context
TRUST-00006,2026-09-01T15:28:29Z,HR-WS-22,C:\ACME\Inventory\inventory.exe,43b9bd076b6239178b43af46946a9aa12a8e32df922a6cf12e44ec03c556cd14,signed,ACME IT Automation,benign,routine trust context
TRUST-01423,2026-09-01T15:32:35Z,HR-WS-22,C:\ACME\Patch\TelemetryCheck.ps1,df1e451540c938dc934686d75d216a2ee437781dbc0f5b9a0121aff535342610,signed,ACME IT Automation,benign,routine trust context
TRUST-00327,2026-09-01T15:34:49Z,JUMP-01,C:\ACME\Patch\TelemetryCheck.ps1,c7afea3dca2c972c5fc095daddb7379cfff854932e4cd8a6437c61d010ee95f2,signed,ACME IT Automation,benign,routine trust context
TRUST-00861,2026-09-01T15:47:28Z,HR-WS-22,C:\ACME\Inventory\inventory.exe,75d325678964020c5bf65b69fd9217c7f9469786aba21d6ede96f0f866422087,trusted_internal,ACME IT Automation,benign,routine trust context
TRUST-01727,2026-09-01T15:47:48Z,HR-WS-22,C:\Windows\System32\cleanmgr.exe,b25338b1f24268f7e28adb400dfe33ec8f21f6f21b3b94011b331053174f5647,signed,Microsoft Windows,benign,routine trust context
TRUST-00272,2026-09-01T15:49:36Z,JUMP-01,C:\Windows\System32\cleanmgr.exe,96ce2795537213c36f24bbbc745d01ee6a02117c93f9ca40b246ea9445f3473d,signed,Microsoft Windows,benign,routine trust context
TRUST-00067,2026-09-01T15:53:00Z,MGMT-01,C:\Windows\System32\cleanmgr.exe,f65636269f906a2e7f132e3f7808fc3b97a3a63fb31c96b0a0e7e249e0b4b4d0,signed,Microsoft Windows,benign,routine trust context
TRUST-00110,2026-09-01T15:53:05Z,MGMT-01,C:\Windows\System32\cleanmgr.exe,7d35bb00a494b085f69367091572e32721d7774509459c68e02b014a43c0bf98,trusted_internal,Microsoft Windows,benign,routine trust context
TRUST-01450,2026-09-01T15:55:08Z,APP-03,C:\Windows\System32\cleanmgr.exe,fefa13164dbf78f5ade2ca2146881390d7e70e34b23c2f19d1d1cc80f090dc72,trusted_internal,Microsoft Windows,benign,routine trust context
TRUST-00622,2026-09-01T16:00:34Z,PATCH-01,C:\ACME\Patch\TelemetryCheck.ps1,46bca739d0ca187b3c7c8aaa64256bfce2f53ade191d275630a182a43a4854be,trusted_internal,Microsoft Windows,benign,routine trust context
TRUST-01305,2026-09-01T16:02:31Z,DC-01,C:\Windows\System32\cleanmgr.exe,dad089632b863e255f883381aa293e2731489e1c4db0994df00faa1fbc4b99a1,trusted_internal,ACME IT Automation,benign,routine trust context
TRUST-00215,2026-09-01T16:04:04Z,DC-01,C:\Windows\System32\cleanmgr.exe,70bdc46b644d9081ec7b2ee681f080d5a1d6b7ceb1c94f8fafebf9eb643c6bee,signed,Microsoft Windows,benign,routine trust context
TRUST-01475,2026-09-01T16:05:14Z,APP-03,C:\Windows\System32\cleanmgr.exe,caa53e21247c041b44fff7a0eb92b1c4d57b426f72a43a88496a44e740ec2d61,signed,Microsoft Windows,benign,routine trust context
TRUST-00737,2026-09-01T16:15:24Z,HR-WS-22,C:\Windows\System32\cleanmgr.exe,1ea761ca01a0d13562da13c5e362fc481c5e26bcfc52c24aa0a0ee992b419e60,signed,Microsoft Windows,benign,routine trust context
TRUST-00428,2026-09-01T16:21:37Z,HR-WS-22,C:\ACME\Patch\TelemetryCheck.ps1,7962eb507557e02a5bb3dc9a97bffc89fa8826b8019bb9b8d371f4bcd7d23066,signed,ACME IT Automation,benign,routine trust context
TRUST-00369,2026-09-01T16:33:08Z,APP-03,C:\Windows\System32\cleanmgr.exe,06391682ad583f6fc8826629a2099a749d2d847af653fea34c3181ff2b7879cc,trusted_internal,ACME IT Automation,benign,routine trust context
TRUST-01397,2026-09-01T16:34:37Z,DC-01,C:\ACME\Patch\TelemetryCheck.ps1,40940930a9fa5b6abdb03e76b942999f3ac900e16e3c5f44a027769a58baf1d4,signed,Microsoft Windows,benign,routine trust context
TRUST-00591,2026-09-01T16:36:02Z,FILE-02,C:\Windows\System32\cleanmgr.exe,771d195a30c7a50acc5bb834bb9d6fca71ccbe39c10a58f01e3adbd552bc9296,signed,ACME IT Automation,benign,routine trust context
TRUST-00176,2026-09-01T16:43:29Z,APP-03,C:\ACME\Inventory\inventory.exe,1b81a7e2abc129d5cda6097e87f2a7bc8134cf881fb4db6354fda4ae04dc45dc,trusted_internal,ACME IT Automation,benign,routine trust context
TRUST-00416,2026-09-01T16:47:26Z,APP-03,C:\ACME\Patch\TelemetryCheck.ps1,c6f87311876104dbe2d8ebdf167ec254369bfa474262ebd9706d1febde4e3efd,trusted_internal,ACME IT Automation,benign,routine trust context
TRUST-00729,2026-09-01T16:47:39Z,DC-01,C:\ACME\Inventory\inventory.exe,864bd90e0e74134d5488ad134ac3894a85b969b010b8094eda803787aa009759,trusted_internal,Microsoft Windows,benign,routine trust context
TRUST-01588,2026-09-01T16:52:28Z,JUMP-01,C:\ACME\Inventory\inventory.exe,16edbf7065e66694fa0a703012fd9ccea9c4ef2eca041fa008df95620d60a54f,signed,Microsoft Windows,benign,routine trust context
TRUST-00453,2026-09-01T16:52:30Z,PATCH-01,C:\Windows\System32\cleanmgr.exe,ca53b0fba7e3fc2b8f86c22fd184d45e870e07dcc7b44b4f0f30bfcb147b4214,trusted_internal,Microsoft Windows,benign,routine trust context
TRUST-01638,2026-09-01T16:54:37Z,HR-WS-22,C:\ACME\Inventory\inventory.exe,5cb741f0201ccf72b8abf37cf9ae1cbec5982560f212b5f57f834cb794440a83,trusted_internal,ACME IT Automation,benign,routine trust context
TRUST-01360,2026-09-01T16:59:57Z,JUMP-01,C:\ACME\Patch\TelemetryCheck.ps1,15ddab6e6434db78388ca104ddc03be493af6582557f6e2ad9e877d0b8369c9f,trusted_internal,ACME IT Automation,benign,routine trust context
TRUST-01529,2026-09-01T17:01:55Z,DC-01,C:\Windows\System32\cleanmgr.exe,dec450ced7d6b3dd713b8ceb147a6cb4529756ab435ba187bb181bdffc1b9fe5,signed,Microsoft Windows,benign,routine trust context
TRUST-01572,2026-09-01T17:02:26Z,PATCH-01,C:\ACME\Inventory\inventory.exe,b3098d27b37b016e97a382c801e317bb5d93014314a870eba419c7e974eeb249,signed,Microsoft Windows,benign,routine trust context
TRUST-01711,2026-09-01T17:03:37Z,PATCH-01,C:\Windows\System32\cleanmgr.exe,25d6ec61e5a00faa8d27b02937adbe529c187806f8a1cd816becdb7654a290c7,signed,ACME IT Automation,benign,routine trust context
TRUST-01000,2026-09-01T17:08:14Z,JUMP-01,C:\Windows\System32\cleanmgr.exe,3283a3042d674e5a197eefe8f69288eadd3e9201ff3049b5ea3e8683b54abfb2,trusted_internal,ACME IT Automation,benign,routine trust context
TRUST-00911,2026-09-01T17:17:38Z,DC-01,C:\Windows\System32\cleanmgr.exe,26b5af98ae6494b815894214b8a291353159093b0adda9e6193e4d924e31a653,signed,ACME IT Automation,benign,routine trust context
TRUST-01319,2026-09-01T17:18:10Z,APP-03,C:\ACME\Inventory\inventory.exe,5abecad9baa06054008edcec65bfaf2a2f0477ba443cedec685043b56ff8a34a,trusted_internal,Microsoft Windows,benign,routine trust context
TRUST-00651,2026-09-01T17:21:24Z,DC-01,C:\ACME\Patch\TelemetryCheck.ps1,7889bc3d9a44c54f5d9d786df5ea0ef7f43fe25f4878cfb4dfe906f1a513f769,signed,Microsoft Windows,benign,routine trust context
TRUST-00178,2026-09-01T17:26:29Z,APP-03,C:\Windows\System32\cleanmgr.exe,f5fb96ad7d26aa720366bacfb25aeaa8a652ac5300ba537e247917117e427204,signed,ACME IT Automation,benign,routine trust context
TRUST-00749,2026-09-01T17:30:34Z,DC-01,C:\ACME\Inventory\inventory.exe,eb64f4197b7e6140d674881bd05674dd4ca7f3cdcd77ec95607ee30626fc3fee,signed,ACME IT Automation,benign,routine trust context
TRUST-00197,2026-09-01T17:31:06Z,JUMP-01,C:\ACME\Inventory\inventory.exe,d34c5c92a1b4c713fe8ce996b0e8f9d0967d8e17f634f44a21b9712d056da444,signed,ACME IT Automation,benign,routine trust context
TRUST-00571,2026-09-01T17:31:44Z,HR-WS-22,C:\ACME\Inventory\inventory.exe,253b27b9bdf034245ff2d8ad47bda2612da96daadc3f50ad6735368e95692eb7,trusted_internal,ACME IT Automation,benign,routine trust context
TRUST-01443,2026-09-01T17:32:12Z,HR-WS-22,C:\ACME\Inventory\inventory.exe,cd9ddea99db1d66ceec7723aa91df670398c61f0eaa986ad286524c156b54f83,signed,Microsoft Windows,benign,routine trust context
TRUST-00940,2026-09-01T17:36:17Z,APP-03,C:\ACME\Inventory\inventory.exe,45602ed92fb2880698f2be96d979935817508b0a760e4da7df79ecfc7c960e09,signed,ACME IT Automation,benign,routine trust context
TRUST-00072,2026-09-01T17:48:47Z,MGMT-01,C:\ACME\Patch\TelemetryCheck.ps1,bf58d2d38c6f124dee6b48c85f341829d43a07d8ec1bfd494fc341a2adeea653,signed,Microsoft Windows,benign,routine trust context
TRUST-01629,2026-09-01T17:50:01Z,MGMT-01,C:\Windows\System32\cleanmgr.exe,5748ac01a08209b13b1ab342f421c59a687206f9886b2c171b49417e9315d90c,signed,ACME IT Automation,benign,routine trust context
TRUST-00811,2026-09-01T17:52:46Z,PATCH-01,C:\ACME\Patch\TelemetryCheck.ps1,26c033ab26eade6aa69aa07a3667f49d1aa5aa9eea2a57274d30247ef083db06,trusted_internal,Microsoft Windows,benign,routine trust context
TRUST-00147,2026-09-01T17:56:28Z,FILE-02,C:\ACME\Patch\TelemetryCheck.ps1,dba8791c8e5fbcdeebe52195204a1750731d4c646d8f5995171d28829677189b,trusted_internal,ACME IT Automation,benign,routine trust context
TRUST-00225,2026-09-01T18:01:13Z,HR-WS-22,C:\ACME\Inventory\inventory.exe,6b89ced6a82a8c3d8d40bb71cdd862a45f9c1146bcc14c3aa1f52ddabd95929f,signed,Microsoft Windows,benign,routine trust context
TRUST-01330,2026-09-01T18:02:34Z,DC-01,C:\ACME\Patch\TelemetryCheck.ps1,4bc9c74539db7cf2eb2ede9f1c864fda28c69c4fe04e800dcc43b94253f6855c,trusted_internal,ACME IT Automation,benign,routine trust context
TRUST-01263,2026-09-01T18:03:25Z,JUMP-01,C:\ACME\Patch\TelemetryCheck.ps1,a223c666a755dc5aa64c8bd86072ae5a34e78f1d539ae21a3244a60f02010779,trusted_internal,Microsoft Windows,benign,routine trust context
TRUST-00478,2026-09-01T18:07:27Z,JUMP-01,C:\ACME\Inventory\inventory.exe,92f13de62e0c669b540090ed30c4cb192c3d2cdc3fc7207668aae3e426412612,signed,ACME IT Automation,benign,routine trust context
TRUST-01076,2026-09-01T18:13:24Z,JUMP-01,C:\ACME\Patch\TelemetryCheck.ps1,d0fa77287962c9543c88d67941d3a5cccac6a01f472ae54041ebabd7a90c0e4f,trusted_internal,ACME IT Automation,benign,routine trust context
TRUST-00919,2026-09-01T18:22:21Z,DC-01,C:\ACME\Inventory\inventory.exe,03c832690b4d1ef553ccb9d96d08f8ba6b8008ca6a165125d1c68c5ae38ccdd9,signed,ACME IT Automation,benign,routine trust context
TRUST-00628,2026-09-01T18:29:24Z,PATCH-01,C:\ACME\Inventory\inventory.exe,139b284c320626c56c4ebf248cf225a3a89463e83fe13225b63463363b8b5a57,signed,ACME IT Automation,benign,routine trust context
TRUST-00660,2026-09-01T18:32:55Z,PATCH-01,C:\ACME\Patch\TelemetryCheck.ps1,c8c7636d2bb8f6cb243ccb690e1cc2fdb22e5bcaaebd8a481ef355e55063e2a8,trusted_internal,Microsoft Windows,benign,routine trust context
TRUST-00118,2026-09-01T18:33:17Z,DC-01,C:\Windows\System32\cleanmgr.exe,39ff46d0ba05a610099a73e0b729fabc60f2d302c93e69cbf1f153c88249cb3e,signed,ACME IT Automation,benign,routine trust context
TRUST-01740,2026-09-01T18:34:59Z,HR-WS-22,C:\Windows\System32\cleanmgr.exe,3f07e7e5231806e64f5f393d819607e8e73eab4635b477e405a1252d2c22bf38,signed,Microsoft Windows,benign,routine trust context
TRUST-00410,2026-09-01T18:37:12Z,DC-01,C:\ACME\Patch\TelemetryCheck.ps1,7ff8214b5b8e52ed2e270ddaf86b51a8210890cb9568563f4a2a13c012bae1cb,signed,ACME IT Automation,benign,routine trust context
TRUST-01061,2026-09-01T18:41:28Z,FILE-02,C:\Windows\System32\cleanmgr.exe,ec1f7333c1471ac1633cdb529f53b53c1b640a3124840e9d6fdcf1e4deb0d574,trusted_internal,ACME IT Automation,benign,routine trust context
TRUST-01559,2026-09-01T18:44:19Z,HR-WS-22,C:\ACME\Inventory\inventory.exe,625a2a578c7c3505c26070b9f938c5fbda8ac3da083d18ecb0bf9851bdba46cd,trusted_internal,ACME IT Automation,benign,routine trust context
TRUST-01171,2026-09-01T18:56:55Z,PATCH-01,C:\Windows\System32\cleanmgr.exe,c0c8c39ef58d899d64e9df7b6a90eee13465afb1f9abeb269946b059e208cb36,signed,Microsoft Windows,benign,routine trust context
TRUST-00230,2026-09-01T18:57:41Z,DC-01,C:\ACME\Inventory\inventory.exe,c1ee47ccffcaf35060bd8e59a17a6dba0cde5f9599aa30b05bc0aeeac65487a3,signed,ACME IT Automation,benign,routine trust context
TRUST-00421,2026-09-01T19:11:31Z,APP-03,C:\ACME\Inventory\inventory.exe,159f009b00e8bc3b68d1cad70dccc568a9892466f60935a5256fd6ff34d090ff,trusted_internal,ACME IT Automation,benign,routine trust context
TRUST-01647,2026-09-01T19:12:56Z,JUMP-01,C:\ACME\Patch\TelemetryCheck.ps1,b9860ca56b4481c94a47167cb018bbd40736ef29caa8d4f4809cd0f55a7333b2,trusted_internal,Microsoft Windows,benign,routine trust context
TRUST-00321,2026-09-01T19:18:17Z,JUMP-01,C:\ACME\Patch\TelemetryCheck.ps1,403a183e064d37363e9d9193946f513df58a09590f0273d7c9df968ce08524c5,trusted_internal,Microsoft Windows,benign,routine trust context
TRUST-00669,2026-09-01T19:24:28Z,FILE-02,C:\ACME\Inventory\inventory.exe,95b651142eb84e20b53738bfe8d7672fbb7a62638a7d9245d7354644c470030e,trusted_internal,Microsoft Windows,benign,routine trust context
TRUST-01788,2026-09-01T19:26:32Z,HR-WS-22,C:\ACME\Inventory\inventory.exe,da3e9dc936f72fc5facbbfeb1a3253637a59ceeee85da0534b9995573d46b411,signed,Microsoft Windows,benign,routine trust context
TRUST-01734,2026-09-01T19:26:59Z,FILE-02,C:\Windows\System32\cleanmgr.exe,23c9909a144e58d3f7e17b799d9fa3d815274dba49fcd86f0914a98b7de6641b,trusted_internal,ACME IT Automation,benign,routine trust context
TRUST-01087,2026-09-01T19:30:15Z,APP-03,C:\ACME\Patch\TelemetryCheck.ps1,5c94b0e94767395e3fc006990502936179d16593c1432accb2702bc6b108cdc6,trusted_internal,Microsoft Windows,benign,routine trust context
TRUST-01279,2026-09-01T19:33:41Z,FILE-02,C:\ACME\Patch\TelemetryCheck.ps1,4baaee9314550e7e6b756fca9321eb68f754b953754777b565fb16e8db5ee6c1,trusted_internal,Microsoft Windows,benign,routine trust context
TRUST-00089,2026-09-01T19:41:57Z,APP-03,C:\ACME\Patch\TelemetryCheck.ps1,ba2a3722894f690efc9ccab540e8bf2c7f838783e6c71943a24b1792aa1afb1f,trusted_internal,Microsoft Windows,benign,routine trust context
TRUST-00961,2026-09-01T19:47:43Z,PATCH-01,C:\ACME\Inventory\inventory.exe,2bd2b80c59bde92d46d94e2b594ecbf5f3c23b21ba217e10a18986053abae5d8,signed,ACME IT Automation,benign,routine trust context
TRUST-01048,2026-09-01T19:52:06Z,PATCH-01,C:\ACME\Inventory\inventory.exe,63e4821cf40094fe60eeb80b015e0f1201fa314e2431b49653425d232c3fab1c,signed,ACME IT Automation,benign,routine trust context
TRUST-01156,2026-09-01T19:57:43Z,MGMT-01,C:\Windows\System32\cleanmgr.exe,fea9d8418615c65bbaec7f56a49b626d3ee9e7bf9a2ee69df9514db729d1017a,signed,Microsoft Windows,benign,routine trust context
TRUST-00467,2026-09-01T20:03:39Z,APP-03,C:\Windows\System32\cleanmgr.exe,0a067f3cc8791fff4655cd5ee335207b093686cfe92a02bdb6e29ab9617e3251,signed,ACME IT Automation,benign,routine trust context
TRUST-01469,2026-09-01T20:14:43Z,MGMT-01,C:\Windows\System32\cleanmgr.exe,427136e209812795d99ed3d96af1335b35465dd7860b553aa0ee858558f22455,trusted_internal,Microsoft Windows,benign,routine trust context
TRUST-00116,2026-09-01T20:20:38Z,DC-01,C:\ACME\Patch\TelemetryCheck.ps1,e963a6086271ebabe006325b0b63231b1cd5090fb4a25b4db556105e711a7da7,trusted_internal,ACME IT Automation,benign,routine trust context
TRUST-00650,2026-09-01T20:22:42Z,FILE-02,C:\ACME\Inventory\inventory.exe,74f4ddbb155f8d52afd671f0b272e40cd454cf3789aa7f959e76393725106d0a,trusted_internal,ACME IT Automation,benign,routine trust context
TRUST-00056,2026-09-01T20:26:49Z,DC-01,C:\ACME\Inventory\inventory.exe,521de7f4a5b624b056b9c827ecbdee5e92faa21967db25ffa90a90e563ff2a88,trusted_internal,ACME IT Automation,benign,routine trust context
TRUST-00355,2026-09-01T20:37:10Z,PATCH-01,C:\ACME\Inventory\inventory.exe,43561bcfaa5f930886c37ed309c2a50a9793a947b558c9e2ea05683bb41e6890,signed,ACME IT Automation,benign,routine trust context
TRUST-00446,2026-09-01T20:38:23Z,PATCH-01,C:\ACME\Patch\TelemetryCheck.ps1,f7415d05bf76096328bf145d605de2872ce0429304bebfd979a34225ddeab1bc,trusted_internal,Microsoft Windows,benign,routine trust context
TRUST-01201,2026-09-01T20:40:09Z,HR-WS-22,C:\ACME\Inventory\inventory.exe,b3dc65c81aa367b64174e9c168831a2aea6d94570e13b9f1013c4e874bbb6730,trusted_internal,ACME IT Automation,benign,routine trust context
TRUST-00672,2026-09-01T20:47:47Z,MGMT-01,C:\Windows\System32\cleanmgr.exe,a09bb4c6cccccc1ee8ad80875a909447ce33950fef5b33819d2a05bc3e05a402,signed,Microsoft Windows,benign,routine trust context
TRUST-00535,2026-09-01T20:55:24Z,MGMT-01,C:\ACME\Inventory\inventory.exe,8131b6f4916cc0fb1e34416eec6d053d397998040f1ee1ac5fbefd80931197e3,signed,Microsoft Windows,benign,routine trust context
TRUST-00897,2026-09-01T20:57:26Z,FILE-02,C:\ACME\Inventory\inventory.exe,7eb447a6238208dab0eda11c589477861a67de40c40f6d21dd15947672195497,signed,Microsoft Windows,benign,routine trust context
TRUST-00674,2026-09-01T20:59:48Z,JUMP-01,C:\ACME\Inventory\inventory.exe,5067397a02e1fb2e344e60e25d230c3681e0cae73e49291e24515434a7b2d9df,signed,ACME IT Automation,benign,routine trust context
TRUST-00164,2026-09-01T21:04:21Z,JUMP-01,C:\Windows\System32\cleanmgr.exe,f1900ca42b4a76ecd6142a4e626d1932d165a04d84dd46149909bf796c7c7a49,trusted_internal,Microsoft Windows,benign,routine trust context
TRUST-01251,2026-09-01T21:07:05Z,APP-03,C:\Windows\System32\cleanmgr.exe,fbf94d60db5edd69b2558ef03df04deb49a869389964a11b20f21b27e807a469,trusted_internal,Microsoft Windows,benign,routine trust context
TRUST-00262,2026-09-01T21:07:27Z,FILE-02,C:\ACME\Patch\TelemetryCheck.ps1,dbce6cac491a6767ecd5534c4a874343e71928362a9d3f1f31bffef87d6029d4,trusted_internal,Microsoft Windows,benign,routine trust context
TRUST-01393,2026-09-01T21:14:15Z,PATCH-01,C:\ACME\Inventory\inventory.exe,33dc7f4463fdfab38e5d7172b0024f6be2b88dffcd8b6f9fb5f488773a91bf8f,signed,Microsoft Windows,benign,routine trust context
TRUST-00007,2026-09-01T21:19:36Z,DC-01,C:\ACME\Inventory\inventory.exe,c0df06e147f75777336ca5636fe0215d97bebc55ddf32991b2b37f8bc1896212,trusted_internal,Microsoft Windows,benign,routine trust context
TRUST-01612,2026-09-01T21:22:28Z,MGMT-01,C:\ACME\Inventory\inventory.exe,e8241e3e9fc27d4818cc312b8ef89bd012bb25c812ca6a9db2226188865a644b,signed,ACME IT Automation,benign,routine trust context
TRUST-01019,2026-09-01T21:25:16Z,DC-01,C:\ACME\Patch\TelemetryCheck.ps1,7dd7a456af606d9786122bac1eb65b7e6c23f9d5bd9e602116cf19391acf5ebd,trusted_internal,Microsoft Windows,benign,routine trust context
TRUST-01562,2026-09-01T21:25:17Z,JUMP-01,C:\Windows\System32\cleanmgr.exe,ed60b4701186308309639158025080356406f136b7cc7cf74847d3602a8418d2,signed,Microsoft Windows,benign,routine trust context
TRUST-00719,2026-09-01T21:27:21Z,DC-01,C:\ACME\Patch\TelemetryCheck.ps1,5deac97c478390b15956319bbf9ce00c5589f1499e4bb3ead332fb94049afe83,trusted_internal,ACME IT Automation,benign,routine trust context
TRUST-00777,2026-09-01T21:28:07Z,APP-03,C:\Windows\System32\cleanmgr.exe,0cf38fda9fa8c70bb0827ff082579fc52b905429d203137e35d46260472fe9e5,trusted_internal,Microsoft Windows,benign,routine trust context
TRUST-00513,2026-09-01T21:35:41Z,APP-03,C:\ACME\Patch\TelemetryCheck.ps1,197b4a6045d15393a348bcaf9e65183bfd0886d9dda405df6d16e046bd5a792f,trusted_internal,ACME IT Automation,benign,routine trust context
TRUST-01682,2026-09-01T21:37:30Z,FILE-02,C:\Windows\System32\cleanmgr.exe,a76605a812157992b683dee90cbba162dfb5c73281feb2b754499dcd5ff0db9e,signed,ACME IT Automation,benign,routine trust context
TRUST-01322,2026-09-01T21:44:22Z,PATCH-01,C:\ACME\Patch\TelemetryCheck.ps1,df338b4bd935a71ce73d5734f47639057bd5e3e79ffb9e385b3d043baf65f545,signed,ACME IT Automation,benign,routine trust context
TRUST-00848,2026-09-01T21:51:04Z,FILE-02,C:\ACME\Inventory\inventory.exe,906c354c7c0034883fbb91827e73afad70d9d964da66e02f5c734ea8dd7e77ad,trusted_internal,ACME IT Automation,benign,routine trust context
TRUST-00291,2026-09-01T21:51:06Z,PATCH-01,C:\ACME\Patch\TelemetryCheck.ps1,5c09e24abace0a4d83e3cf8a0e915a349e4be204b63601f1ce03c56a8c66af2d,signed,Microsoft Windows,benign,routine trust context
TRUST-01731,2026-09-01T21:59:42Z,DC-01,C:\ACME\Inventory\inventory.exe,fc3d43530c1b17838162dcdf119c35b6b5251d0a1bae627b4fcdaf462831de60,trusted_internal,Microsoft Windows,benign,routine trust context
TRUST-01519,2026-09-01T22:03:28Z,MGMT-01,C:\Windows\System32\cleanmgr.exe,5fec1fdcf3aea4d40bbfa3ef24e37d1bbed30bb1d65662f7abdaaa683cb8c14c,trusted_internal,ACME IT Automation,benign,routine trust context
TRUST-00935,2026-09-01T22:04:05Z,APP-03,C:\ACME\Inventory\inventory.exe,fca893e7d2b656aed3b53671b823162ed3d09f23a2946fc3e272ba04e97adadf,signed,Microsoft Windows,benign,routine trust context
TRUST-01119,2026-09-01T22:08:48Z,APP-03,C:\Windows\System32\cleanmgr.exe,d520d53ae74c8fa35416d1fb67af352bca403eb44c6fcc2e5123ab47db988151,signed,Microsoft Windows,benign,routine trust context
TRUST-00095,2026-09-01T22:12:27Z,HR-WS-22,C:\Windows\System32\cleanmgr.exe,640a34533322e6cf64d8d9ff7794e0ac080f118cea8c198b06d6dd49a0a70bc4,trusted_internal,Microsoft Windows,benign,routine trust context
TRUST-01425,2026-09-01T22:22:15Z,HR-WS-22,C:\ACME\Patch\TelemetryCheck.ps1,ae5aaf4baa3ac44fc90f72044d0f475de19fe5358b3dcb5909ca7e4ca4b27bbc,signed,Microsoft Windows,benign,routine trust context
TRUST-01798,2026-09-01T22:37:43Z,APP-03,C:\ACME\Patch\TelemetryCheck.ps1,ddb7c0115d766d66cd0d00dbcc6774a6638596aa06d94a0aafae79204214eb59,signed,Microsoft Windows,benign,routine trust context
TRUST-01598,2026-09-01T22:38:27Z,DC-01,C:\ACME\Inventory\inventory.exe,284881f8fe7d8f74213140fd9bfda642d704ff1dd5cec87ec11218f2efef6ef4,signed,ACME IT Automation,benign,routine trust context
TRUST-00111,2026-09-01T22:41:39Z,APP-03,C:\Windows\System32\cleanmgr.exe,d7d0ce7c62ab74475301eaa9a4e4d6f9eafbedddc9d4714ac5632d4a6e48e27f,trusted_internal,ACME IT Automation,benign,routine trust context
TRUST-00472,2026-09-01T22:43:46Z,PATCH-01,C:\ACME\Inventory\inventory.exe,11c4b9198a7dee9f46e204154d2ed87a5a48d8cea9d7687b8b83c2ae9c685a03,trusted_internal,ACME IT Automation,benign,routine trust context
TRUST-01334,2026-09-01T22:45:57Z,MGMT-01,C:\Windows\System32\cleanmgr.exe,cd1d40d1edd63f57e6d502214eca83bb7d2913d950f40f75fa6412536a90e018,signed,ACME IT Automation,benign,routine trust context
TRUST-01509,2026-09-01T22:53:46Z,JUMP-01,C:\ACME\Inventory\inventory.exe,75ce00fbaddd6b96ea8476fcff1d3d80bd1a1bab4dd90632396493abb1fa555b,trusted_internal,Microsoft Windows,benign,routine trust context
TRUST-01707,2026-09-01T22:53:54Z,DC-01,C:\ACME\Patch\TelemetryCheck.ps1,2ced35db4b4c8671aa13c800b36de67a1bbb8d567c1a1ce11c2e38f24286e2dd,trusted_internal,Microsoft Windows,benign,routine trust context
TRUST-01240,2026-09-01T22:56:14Z,DC-01,C:\Windows\System32\cleanmgr.exe,672e5defbdee2eceedd479e1e40d6ae0ae9c559601b87939f76750b585e467f7,signed,Microsoft Windows,benign,routine trust context
TRUST-01585,2026-09-01T22:57:47Z,PATCH-01,C:\ACME\Patch\TelemetryCheck.ps1,b8c17bb44b29faf0d75e52c1782bd5d54f5e37810c179d72d5cc272c0b00e08c,trusted_internal,Microsoft Windows,benign,routine trust context
TRUST-01702,2026-09-01T23:01:46Z,JUMP-01,C:\ACME\Inventory\inventory.exe,87160f83f00043d6d6e866be74a381cb1c60fe341eb96772b4f225c833da35d7,trusted_internal,ACME IT Automation,benign,routine trust context
TRUST-00130,2026-09-01T23:03:30Z,HR-WS-22,C:\ACME\Inventory\inventory.exe,a3961a46190b8f3a26f9d40be20e61d532920c06467edec03339dccdbd6d4ba0,trusted_internal,ACME IT Automation,benign,routine trust context
TRUST-01295,2026-09-01T23:17:02Z,DC-01,C:\ACME\Inventory\inventory.exe,940a8b045a80950667cfa5cb0b96a5d9b2241fa82dacf77467d58895298808b8,trusted_internal,Microsoft Windows,benign,routine trust context
TRUST-00894,2026-09-01T23:22:59Z,FILE-02,C:\Windows\System32\cleanmgr.exe,c195b1330b0e8289685b99cb6ecc53b1b103dcd00f60b73fa79027426f82be25,trusted_internal,ACME IT Automation,benign,routine trust context
TRUST-01350,2026-09-01T23:35:55Z,MGMT-01,C:\Windows\System32\cleanmgr.exe,3490b3fa9b5f4f9fe6ecd3246fddb2c318aeb6a548145657bdae5d74434d27d2,signed,ACME IT Automation,benign,routine trust context
TRUST-00556,2026-09-01T23:36:17Z,DC-01,C:\ACME\Inventory\inventory.exe,e2e28acb0d6a233ca458492ae383a5ff58b8bfd6014db844bc9a742c9dbf3ee6,signed,ACME IT Automation,benign,routine trust context
TRUST-01636,2026-09-01T23:39:30Z,HR-WS-22,C:\ACME\Patch\TelemetryCheck.ps1,aa432ec2331b77199ee31ef173df491e2942393e12a112aa51d04ed86e70977b,trusted_internal,ACME IT Automation,benign,routine trust context
TRUST-01306,2026-09-01T23:41:17Z,DC-01,C:\ACME\Inventory\inventory.exe,da5f4e144c14d25467c0ea40ffa1a41285b7090468848f95d80d6711002fa8eb,trusted_internal,Microsoft Windows,benign,routine trust context
TRUST-01501,2026-09-01T23:43:57Z,PATCH-01,C:\Windows\System32\cleanmgr.exe,52aee4a360f00f8d35d20e33bf7a126bdb9190d4b72bad22f85254a740394381,signed,Microsoft Windows,benign,routine trust context
TRUST-00100,2026-09-01T23:44:23Z,APP-03,C:\ACME\Inventory\inventory.exe,f4279d2e6fb921e7a0d4ff373a8053464846f936b17fda56050bebeb693235bc,trusted_internal,ACME IT Automation,benign,routine trust context
TRUST-00698,2026-09-01T23:45:07Z,DC-01,C:\ACME\Patch\TelemetryCheck.ps1,e823e3826169a1267d06c9693a6b66478341d78b97792c56d0b96b549f2d172a,signed,ACME IT Automation,benign,routine trust context
TRUST-00960,2026-09-01T23:51:59Z,PATCH-01,C:\ACME\Patch\TelemetryCheck.ps1,541e3eaff0a1b021dfc48213c1b5465a6ee28ff63561cb71e6b9b1d128ac4083,signed,ACME IT Automation,benign,routine trust context
TRUST-00468,2026-09-01T23:57:31Z,APP-03,C:\Windows\System32\cleanmgr.exe,a582427b12c8004a57fd8f06b452faab355342b12e70add5670c35e666411f9f,signed,Microsoft Windows,benign,routine trust context
TRUST-01160,2026-09-01T23:57:58Z,DC-01,C:\Windows\System32\cleanmgr.exe,8e083d1e08887b5b114b9098b1af17753b3b0dabe6003042cda2571564ecad9c,signed,Microsoft Windows,benign,routine trust context
TRUST-01595,2026-09-02T00:07:18Z,FILE-02,C:\ACME\Patch\TelemetryCheck.ps1,565fd5c7d09376eb57aa964fdb30daed74655d846e1b9c29bd04ab3853948362,trusted_internal,Microsoft Windows,benign,routine trust context
TRUST-00226,2026-09-02T00:08:56Z,MGMT-01,C:\ACME\Patch\TelemetryCheck.ps1,d7d862432b0ece8cd13d02343b20f60aee3d6e84ac333bafa7e4f1e243316c8e,signed,Microsoft Windows,benign,routine trust context
TRUST-01514,2026-09-02T00:18:54Z,APP-03,C:\ACME\Patch\TelemetryCheck.ps1,3fc8086fc564f89d0ec3ddd85bc5ff8947be50b21309eae3d451a1eaa64957de,signed,ACME IT Automation,benign,routine trust context
TRUST-00185,2026-09-02T00:20:47Z,PATCH-01,C:\ACME\Inventory\inventory.exe,4d091d99083bb72fa5435108374837ab71db0b5b24a66cd8b57ec68d9f214d82,trusted_internal,ACME IT Automation,benign,routine trust context
TRUST-01759,2026-09-02T00:26:24Z,HR-WS-22,C:\ACME\Inventory\inventory.exe,3384d87d0b85e2d6c02ab04ce2538b7bca8e789afbf81e7e78eaf387ae0d0c3e,trusted_internal,Microsoft Windows,benign,routine trust context
TRUST-00075,2026-09-02T00:30:20Z,HR-WS-22,C:\ACME\Patch\TelemetryCheck.ps1,daf061f22f47e947b82597270bd775c6399645f52bdba9e46a2e256a4ecb9c7c,trusted_internal,Microsoft Windows,benign,routine trust context
TRUST-00568,2026-09-02T00:30:50Z,HR-WS-22,C:\ACME\Patch\TelemetryCheck.ps1,94cec3fe72029275ededb6d90a9245e1d4d3a4545efe182377e36a2102a6cc59,trusted_internal,ACME IT Automation,benign,routine trust context
TRUST-01609,2026-09-02T00:32:00Z,FILE-02,C:\Windows\System32\cleanmgr.exe,867ad81940945716b0de746df1ee4376720fee00f86d97d293dbfaa296d97faf,signed,Microsoft Windows,benign,routine trust context
TRUST-00812,2026-09-02T00:37:04Z,PATCH-01,C:\ACME\Inventory\inventory.exe,4a5e8cd4bf2778e515d4ee49483d8e97d722a60fd1785a7dda1bae09e6bd8089,signed,Microsoft Windows,benign,routine trust context
TRUST-00423,2026-09-02T00:37:06Z,MGMT-01,C:\ACME\Inventory\inventory.exe,7cfda4ff29bb0bfad032be02faa1d694727161e90c21448cbf39b77d684f08f1,signed,Microsoft Windows,benign,routine trust context
TRUST-01615,2026-09-02T00:41:51Z,PATCH-01,C:\Windows\System32\cleanmgr.exe,fd1fde8f770237255973e90717b4c1a997739636d482a1884ef7daedf2bb96ee,signed,Microsoft Windows,benign,routine trust context
TRUST-01640,2026-09-02T00:41:53Z,APP-03,C:\Windows\System32\cleanmgr.exe,c20f6a8bdfb23b8684c3f723200315c306b2bca30d69c2da9c9a0d4bbfb8ae36,trusted_internal,Microsoft Windows,benign,routine trust context
TRUST-01799,2026-09-02T00:45:51Z,PATCH-01,C:\Windows\System32\cleanmgr.exe,cdce3465471a16bc0eb1cf24598e5bf40c74e24751d55fce2ccef101880253cc,signed,Microsoft Windows,benign,routine trust context
TRUST-01236,2026-09-02T00:47:17Z,JUMP-01,C:\Windows\System32\cleanmgr.exe,7cb51ddfa13ca14c5d8b9b1dc4a562a6d8c1d3ec98050b9e8113b00dd402661b,trusted_internal,ACME IT Automation,benign,routine trust context
TRUST-00553,2026-09-02T00:50:48Z,MGMT-01,C:\Windows\System32\cleanmgr.exe,e0cff1b1ea702b8a57b98a5466f8d4b779319765200c09a40f5d5beb3a5a7251,signed,ACME IT Automation,benign,routine trust context
TRUST-00313,2026-09-02T00:56:01Z,FILE-02,C:\ACME\Patch\TelemetryCheck.ps1,f19692c1c179548115403008af67e861faedc86141616b8f7f843aadfcdb6c52,signed,Microsoft Windows,benign,routine trust context
TRUST-00162,2026-09-02T01:03:20Z,APP-03,C:\Windows\System32\cleanmgr.exe,9ea652debb9b30adf6b93f1606c7a47e6eb8efcea0e87834796ff3e899b32fd2,signed,Microsoft Windows,benign,routine trust context
TRUST-01380,2026-09-02T01:04:30Z,FILE-02,C:\ACME\Inventory\inventory.exe,263759b8cba110e7ca37bc3ac9e4bad5ee54773d2119ef6ec8d637c6aec848db,trusted_internal,ACME IT Automation,benign,routine trust context
TRUST-01112,2026-09-02T01:15:24Z,HR-WS-22,C:\Windows\System32\cleanmgr.exe,80af80cb9dcf587981af46a28989417dec620fbe91a8b5c3a9f49d57b557ea9e,signed,Microsoft Windows,benign,routine trust context
TRUST-00925,2026-09-02T01:20:59Z,PATCH-01,C:\ACME\Patch\TelemetryCheck.ps1,83e0b8f0dbf69c2141ee4b1ae86cc5e75674e02ea29e920f1feef934e74063b4,signed,ACME IT Automation,benign,routine trust context
TRUST-01090,2026-09-02T01:38:44Z,MGMT-01,C:\Windows\System32\cleanmgr.exe,7236b59478a8bb0672c4b9915da4964cb7f6da558092c4a82ff2b3faef243b1e,signed,ACME IT Automation,benign,routine trust context
TRUST-00954,2026-09-02T01:54:56Z,MGMT-01,C:\ACME\Patch\TelemetryCheck.ps1,066880dcbfb6adc92525b3d02f398a86d92b631dce26dab3e84411540af11819,signed,ACME IT Automation,benign,routine trust context
TRUST-00444,2026-09-02T02:05:07Z,JUMP-01,C:\ACME\Inventory\inventory.exe,cf663e02a5551499e5a6504ad833edaedb0a6b88e0ba8e5f20eaefe82499c71e,signed,ACME IT Automation,benign,routine trust context
TRUST-01525,2026-09-02T02:05:30Z,DC-01,C:\Windows\System32\cleanmgr.exe,6f91aa90bf7a7494d50a196a001626ec0c175ebad2b1b510c64f3898633f81e7,signed,ACME IT Automation,benign,routine trust context
TRUST-01652,2026-09-02T02:05:48Z,APP-03,C:\Windows\System32\cleanmgr.exe,0076fbd64e55e909caefddf189201e02e9f5863306e01e7bba01d01745acd3fd,trusted_internal,ACME IT Automation,benign,routine trust context
TRUST-01414,2026-09-02T02:14:20Z,APP-03,C:\Windows\System32\cleanmgr.exe,cddc2bed84110900bc9ef6ebb66f09d87093984229e1a065c6df94bbb7b20911,signed,Microsoft Windows,benign,routine trust context
TRUST-00578,2026-09-02T02:30:52Z,MGMT-01,C:\ACME\Inventory\inventory.exe,aba5a6b9e3225f15dd48c6e5037b97bee5ac0a87864ccf334e09ff8e9a7fd013,signed,Microsoft Windows,benign,routine trust context
TRUST-01379,2026-09-02T02:34:54Z,APP-03,C:\ACME\Patch\TelemetryCheck.ps1,881fb501ca3a255d89142ab4475c4435c9a4bb1521a57c0d0a693ec97d9f2c6f,trusted_internal,Microsoft Windows,benign,routine trust context
TRUST-00402,2026-09-02T02:43:09Z,PATCH-01,C:\Windows\System32\cleanmgr.exe,3418e8ac831996ee91f0d5a77ee49da0e8ef2c837200ea6c78c2e826a28d66cd,signed,Microsoft Windows,benign,routine trust context
TRUST-00939,2026-09-02T02:49:58Z,PATCH-01,C:\ACME\Inventory\inventory.exe,a4822432497f846f7fd853bef9306812fa2f17a020a9927f50f4dd2934630200,signed,ACME IT Automation,benign,routine trust context
TRUST-01018,2026-09-02T02:55:35Z,HR-WS-22,C:\Windows\System32\cleanmgr.exe,bda786d6d47d32c9f7983f9669da067bc87e0319fbe28864908de4cc794c5a9f,trusted_internal,Microsoft Windows,benign,routine trust context
TRUST-00174,2026-09-02T02:59:48Z,APP-03,C:\ACME\Patch\TelemetryCheck.ps1,169ba8eea106f61bd5ce7f8739d1e82d23330e8ad338acc0aa434dfcd6bc5794,signed,ACME IT Automation,benign,routine trust context
TRUST-01151,2026-09-02T03:05:18Z,HR-WS-22,C:\Windows\System32\cleanmgr.exe,1ef479069e6997dbc70bda37359562f69bd1245be7fb7607cc081b44c7495bd3,signed,Microsoft Windows,benign,routine trust context
TRUST-01395,2026-09-02T03:09:11Z,HR-WS-22,C:\ACME\Patch\TelemetryCheck.ps1,755f77a0a44fd57e36319645f48799ce3955952aebc1646ade40846db26e9851,signed,Microsoft Windows,benign,routine trust context
TRUST-01761,2026-09-02T03:16:40Z,DC-01,C:\Windows\System32\cleanmgr.exe,a29b68dee8c99e26bd0b05b7c7f7a922dc01ddc093270bc3992179cdcf2c5e84,signed,ACME IT Automation,benign,routine trust context
TRUST-01108,2026-09-02T03:31:08Z,APP-03,C:\Windows\System32\cleanmgr.exe,4beff3e7641d4441c448c7c1665723365155bf9aadf9d267503d16c17df7545b,signed,Microsoft Windows,benign,routine trust context
TRUST-00254,2026-09-02T03:33:47Z,HR-WS-22,C:\Windows\System32\cleanmgr.exe,a01ad9df9a403ce1c5885e95698267317403928a2ffae593495b6136eb482837,signed,Microsoft Windows,benign,routine trust context
TRUST-00870,2026-09-02T03:36:59Z,HR-WS-22,C:\Windows\System32\cleanmgr.exe,d9839bcb0e2db859d97458c80863df5060e9801d7bc9b93640b3df3ec5becde3,trusted_internal,Microsoft Windows,benign,routine trust context
TRUST-00950,2026-09-02T03:37:58Z,FILE-02,C:\ACME\Inventory\inventory.exe,55a0ca110cfcbe442fba418ee75b7daf4bf393495d0f0129018ced24272a63f5,trusted_internal,Microsoft Windows,benign,routine trust context
TRUST-00140,2026-09-02T03:38:46Z,APP-03,C:\ACME\Inventory\inventory.exe,3b99539514143c15b69b8a5cb30778d859ce20b7afab0e23ab1860c9c5b3036f,signed,ACME IT Automation,benign,routine trust context
TRUST-00316,2026-09-02T03:40:03Z,PATCH-01,C:\ACME\Patch\TelemetryCheck.ps1,f570ff05153ee09e2f53e2aeedb76265f594f00fd1fd07632a0c4bc7ffc245e1,signed,ACME IT Automation,benign,routine trust context
TRUST-00465,2026-09-02T03:47:40Z,HR-WS-22,C:\Windows\System32\cleanmgr.exe,7e1b0629aa363009fd5337079d2a4bfe19010d6d453e5a1a71e8730ed24f3353,signed,Microsoft Windows,benign,routine trust context
TRUST-00477,2026-09-02T03:58:47Z,FILE-02,C:\Windows\System32\cleanmgr.exe,2789cfaafdc9b7c843b18b84d0021db2456d6f7f8e0ffca5f7997622f60cfe3b,trusted_internal,ACME IT Automation,benign,routine trust context
TRUST-01637,2026-09-02T04:00:08Z,MGMT-01,C:\Windows\System32\cleanmgr.exe,b84dd010492d7fb8d6605364d70fd7e0d46cbe65687113edf3e9a1492a4eabca,signed,ACME IT Automation,benign,routine trust context
TRUST-00745,2026-09-02T04:00:14Z,FILE-02,C:\ACME\Inventory\inventory.exe,76fbb3c4a8581861105b813d16c55f28da17b329047c67d00a0a4e2549028c3f,signed,ACME IT Automation,benign,routine trust context
TRUST-00917,2026-09-02T04:04:50Z,PATCH-01,C:\Windows\System32\cleanmgr.exe,26d9c31236a9cd6fa8c6671b1b7f0ccf6fa22d9a68f3ccf167010dacb7a5ef33,signed,Microsoft Windows,benign,routine trust context
TRUST-00193,2026-09-02T04:05:18Z,DC-01,C:\Windows\System32\cleanmgr.exe,99cb23806d01fb6b2a0f465454ee2aec218a99a2bcee2095135f10f55fa3fc8a,signed,Microsoft Windows,benign,routine trust context
TRUST-01233,2026-09-02T04:08:08Z,HR-WS-22,C:\Windows\System32\cleanmgr.exe,ececc6a93cd06372f9657e080a93abd8f360299f7adf07339db8a3a8c09f5c5d,trusted_internal,ACME IT Automation,benign,routine trust context
TRUST-01628,2026-09-02T04:13:14Z,HR-WS-22,C:\ACME\Patch\TelemetryCheck.ps1,856c4b4e6a1f3eb9c27fcaa1cf3612a4f5d3ff8c8e8c3e121581e5ea906452ad,signed,Microsoft Windows,benign,routine trust context
TRUST-01476,2026-09-02T04:16:51Z,JUMP-01,C:\Windows\System32\cleanmgr.exe,ceebafc391b3ff5d39384e452cfb3babf3d9e9e6c7eccfb3d952e4e3c3889458,trusted_internal,ACME IT Automation,benign,routine trust context
TRUST-01280,2026-09-02T04:17:25Z,MGMT-01,C:\ACME\Patch\TelemetryCheck.ps1,8bc7bdf079d01fa307fe1c39f9927bf9ceb2b7a456243dc29ee6b7bbb8c4df6f,signed,ACME IT Automation,benign,routine trust context
TRUST-01314,2026-09-02T04:24:28Z,APP-03,C:\ACME\Inventory\inventory.exe,de12c0883a488d3fec8693066e6b0646ee6bee3b428a74eb014c9029fc289501,trusted_internal,Microsoft Windows,benign,routine trust context
TRUST-00697,2026-09-02T04:29:26Z,APP-03,C:\ACME\Patch\TelemetryCheck.ps1,a8dd4ee9f601cb67cadbe60ead5fb534e0b893e1257ecbbe005717eeedc7cd90,signed,ACME IT Automation,benign,routine trust context
TRUST-00354,2026-09-02T04:32:34Z,PATCH-01,C:\ACME\Inventory\inventory.exe,16c5c5435125f42f19212b7efda19a37c36dff3ff655a9eb10c0ce57d8e09005,trusted_internal,ACME IT Automation,benign,routine trust context
TRUST-00515,2026-09-02T04:32:44Z,DC-01,C:\ACME\Patch\TelemetryCheck.ps1,11e188eb3358bfcb4c1f00ed75aea8f7f1d7845a6ec9db4f27d558325673aca6,signed,Microsoft Windows,benign,routine trust context
TRUST-01428,2026-09-02T04:34:46Z,DC-01,C:\ACME\Patch\TelemetryCheck.ps1,a0c076e372ad01a4d937636fffc1e3a78c492b7c7e405c6d080bd81f5bab131b,signed,Microsoft Windows,benign,routine trust context
TRUST-00530,2026-09-02T04:36:58Z,PATCH-01,C:\Windows\System32\cleanmgr.exe,b11ba97e2bb1c9a5b407d30f547ea39610f2d18c330c1756771e8ca5860d6773,signed,Microsoft Windows,benign,routine trust context
TRUST-00995,2026-09-02T04:46:58Z,JUMP-01,C:\ACME\Inventory\inventory.exe,ba32b286b390af089a2c1cda89c13130daf4da82856f632485b95726917e10d6,signed,Microsoft Windows,benign,routine trust context
TRUST-01127,2026-09-02T04:48:00Z,MGMT-01,C:\Windows\System32\cleanmgr.exe,72a8c26e3eed14c625aaeaf1d8921b90a5c56682a1a1bc33faf16bb36b71763b,signed,Microsoft Windows,benign,routine trust context
TRUST-00896,2026-09-02T05:01:40Z,HR-WS-22,C:\ACME\Inventory\inventory.exe,58a545868db7850f2d7f814ef6006023f7bedeaae4e5fa99b06648faba9f2404,trusted_internal,Microsoft Windows,benign,routine trust context
TRUST-00677,2026-09-02T05:03:14Z,FILE-02,C:\ACME\Inventory\inventory.exe,7ecb746c1f11f0b44f1c54615bef899c9381eb2dffa13d42ff23af121030fc3a,signed,ACME IT Automation,benign,routine trust context
TRUST-01699,2026-09-02T05:04:04Z,PATCH-01,C:\ACME\Patch\TelemetryCheck.ps1,bad2bfe262a5f7964862aa550318915f96e730edf6895f4276ef5bdeafcb8f3f,signed,ACME IT Automation,benign,routine trust context
TRUST-01633,2026-09-02T05:08:46Z,FILE-02,C:\ACME\Inventory\inventory.exe,667b7208b896220fbfc80149c2b748912551b43506a0458d62cbf1718a624903,signed,Microsoft Windows,benign,routine trust context
TRUST-00241,2026-09-02T05:08:51Z,MGMT-01,C:\Windows\System32\cleanmgr.exe,2c7c2fd4c34da7bf720bd3bb60fa2a2bb826c934a43c596138d11151e382a3eb,signed,ACME IT Automation,benign,routine trust context
TRUST-01037,2026-09-02T05:09:23Z,APP-03,C:\ACME\Patch\TelemetryCheck.ps1,64685089cea868769a9e061d3d9d20d8d59bea6128ffee501e61aa48ac367be2,signed,Microsoft Windows,benign,routine trust context
TRUST-00761,2026-09-02T05:10:11Z,MGMT-01,C:\ACME\Patch\TelemetryCheck.ps1,de288eec24a7e34ea7169ede8051242e8a1cc0858efbd73aa96731d94a1d9043,trusted_internal,ACME IT Automation,benign,routine trust context
TRUST-00297,2026-09-02T05:10:51Z,MGMT-01,C:\Windows\System32\cleanmgr.exe,595adfd8347e1b2c087b135b0755f2579a6f6f087dfafa57803c59f1c0ab5b1c,signed,ACME IT Automation,benign,routine trust context
TRUST-01307,2026-09-02T05:11:55Z,DC-01,C:\ACME\Inventory\inventory.exe,3e7bfff44ee66b022ad09d25fe293a530a52261aefcbffd2f893ba85631549c2,signed,ACME IT Automation,benign,routine trust context
TRUST-00211,2026-09-02T05:30:50Z,PATCH-01,C:\ACME\Inventory\inventory.exe,d021f2d68da85c71106ecfba57ad5a6511631132bd7a392f5292ed1e27190c65,trusted_internal,Microsoft Windows,benign,routine trust context
TRUST-01093,2026-09-02T05:32:54Z,MGMT-01,C:\ACME\Inventory\inventory.exe,65b9c8c57b3f854c7f459f0463553312d0c3b51d94f2e670f41448936f860909,signed,ACME IT Automation,benign,routine trust context
TRUST-00053,2026-09-02T05:33:00Z,FILE-02,C:\Windows\System32\cleanmgr.exe,b928110161791d8d0b3a7fc0ab91d4bff34048af706d1b641b2823a1431ad8c0,trusted_internal,ACME IT Automation,benign,routine trust context
TRUST-01273,2026-09-02T05:33:28Z,HR-WS-22,C:\ACME\Patch\TelemetryCheck.ps1,e321b2ed122aa6b21b7628145e61da77b3088181609401b16130f4ebba68d6cc,trusted_internal,ACME IT Automation,benign,routine trust context
TRUST-00440,2026-09-02T05:34:04Z,PATCH-01,C:\Windows\System32\cleanmgr.exe,68843206eb6fd6d70c5e9e2c701d51e9ced78a63a83b491ae1ae007e88cdc0b2,signed,Microsoft Windows,benign,routine trust context
TRUST-01129,2026-09-02T05:35:09Z,PATCH-01,C:\ACME\Patch\TelemetryCheck.ps1,8d37eaed0aa9954b8679c6875d2b79d4d05fe3d2f5fb3317bfa7b18429748287,signed,ACME IT Automation,benign,routine trust context
TRUST-00714,2026-09-02T05:41:22Z,HR-WS-22,C:\ACME\Inventory\inventory.exe,7de045b14b03bd98a09aee0bc0377c895d72d589acbfdf0a3f12ad76e8e735de,signed,Microsoft Windows,benign,routine trust context
TRUST-00748,2026-09-02T05:42:23Z,DC-01,C:\Windows\System32\cleanmgr.exe,75f7f4bab8a16b7fc583318139ed153167cf3fa867cbe43a676ba97192a595dc,signed,ACME IT Automation,benign,routine trust context
TRUST-01207,2026-09-02T05:44:18Z,HR-WS-22,C:\Windows\System32\cleanmgr.exe,c2db9d5b0b9590c42da2aa12ee439b35f112eae2cc1228ebac031d697f21af94,trusted_internal,Microsoft Windows,benign,routine trust context
TRUST-00231,2026-09-02T05:50:21Z,PATCH-01,C:\ACME\Patch\TelemetryCheck.ps1,d64a749ffcb51effceb82dee07c28ccc1d8ec72154aee391e890a9eff50d7f3b,signed,Microsoft Windows,benign,routine trust context
TRUST-01085,2026-09-02T05:58:00Z,APP-03,C:\ACME\Patch\TelemetryCheck.ps1,fa13c925a48a177c26e2a54c0bea047cdbbd875a58ce735d0736f6fd702b8fac,trusted_internal,Microsoft Windows,benign,routine trust context
TRUST-00540,2026-09-02T06:04:11Z,JUMP-01,C:\ACME\Patch\TelemetryCheck.ps1,9790e6e893d753943b0197c4023e58ee3c665887028b44c2171148ec99e06e23,signed,Microsoft Windows,benign,routine trust context
TRUST-01605,2026-09-02T06:09:05Z,JUMP-01,C:\Windows\System32\cleanmgr.exe,d8ae97a41f755fd91243ffb168ed526a48daf5a041678e8a928961a5183aa11d,signed,Microsoft Windows,benign,routine trust context
TRUST-01336,2026-09-02T06:11:53Z,APP-03,C:\ACME\Inventory\inventory.exe,e8599174ad84193d0ed0bbb5bf8428b433736585e61a2d93547deabc0ad767aa,signed,ACME IT Automation,benign,routine trust context
TRUST-01778,2026-09-02T06:13:55Z,DC-01,C:\Windows\System32\cleanmgr.exe,c5578e3c18f1830dc9be705335ecf72fb5fa4290e491671f010f235dd074bb60,trusted_internal,Microsoft Windows,benign,routine trust context
TRUST-01745,2026-09-02T06:15:12Z,FILE-02,C:\Windows\System32\cleanmgr.exe,9ca9424e4fa83b8f3109aceb218ce518fad960d11afd3a8014d8edff3b884ffa,trusted_internal,ACME IT Automation,benign,routine trust context
TRUST-01121,2026-09-02T06:16:11Z,MGMT-01,C:\ACME\Inventory\inventory.exe,084d88bcf2c95c213cafe71165d24d13dc53306bac4a4948941f8c21cd023426,signed,ACME IT Automation,benign,routine trust context
TRUST-00249,2026-09-02T06:16:46Z,MGMT-01,C:\Windows\System32\cleanmgr.exe,fc11b7eadd425d4ec377dae43457fa240fa2707b586b7ee5bf34c289267e1bac,trusted_internal,ACME IT Automation,benign,routine trust context
TRUST-00830,2026-09-02T06:19:15Z,PATCH-01,C:\ACME\Patch\TelemetryCheck.ps1,eeab2b7536e99cf19b50a0171de55c980eae7526677b141ce33a98cec9a01903,signed,ACME IT Automation,benign,routine trust context
TRUST-00659,2026-09-02T06:37:47Z,PATCH-01,C:\Windows\System32\cleanmgr.exe,79f854cd55119a31deda72571a0ccfc03700bb3c811d9ae2d37e60892faec706,trusted_internal,ACME IT Automation,benign,routine trust context
TRUST-00347,2026-09-02T06:46:04Z,FILE-02,C:\ACME\Patch\TelemetryCheck.ps1,957a68aec9f7d43a5da390eec20eb17a7205ec74a44da924161e2f9db9bc916d,signed,ACME IT Automation,benign,routine trust context
TRUST-01259,2026-09-02T06:46:24Z,FILE-02,C:\ACME\Patch\TelemetryCheck.ps1,bc0df56666ce3e3a30a5c4d20449361e8f6eea20939c0e69b815c06ad158c352,trusted_internal,Microsoft Windows,benign,routine trust context
TRUST-00803,2026-09-02T06:47:38Z,DC-01,C:\ACME\Inventory\inventory.exe,7019147447e86f7987f51002b430e8a355d5e36c16f75deddb1919b9a78d187f,trusted_internal,ACME IT Automation,benign,routine trust context
TRUST-00951,2026-09-02T06:51:37Z,MGMT-01,C:\ACME\Inventory\inventory.exe,897834e01fa170d22e4d2a73ac9ce681edd9b35a37f232861bfc1957f0942e25,trusted_internal,Microsoft Windows,benign,routine trust context
TRUST-00689,2026-09-02T06:52:30Z,APP-03,C:\Windows\System32\cleanmgr.exe,13acdafba742a812793d2e9d2a49edcb5fc02c135e04cda1c19e8efed36b5942,signed,Microsoft Windows,benign,routine trust context
TRUST-00266,2026-09-02T06:56:15Z,MGMT-01,C:\ACME\Patch\TelemetryCheck.ps1,c7026c17bdf1720fa7a45de10129017c8c0607b4c4aa229813b0525db69891c9,trusted_internal,ACME IT Automation,benign,routine trust context
TRUST-00879,2026-09-02T06:57:55Z,FILE-02,C:\Windows\System32\cleanmgr.exe,30a315ef2f27e689952e69b66c55a0d370e648a4e8afca884e22a03d543fe3f3,signed,ACME IT Automation,benign,routine trust context
TRUST-00792,2026-09-02T06:58:03Z,DC-01,C:\ACME\Patch\TelemetryCheck.ps1,35c099ce1efedb511a05c3901210ac46ffc38d4c475f2106a021ca16120f4831,signed,ACME IT Automation,benign,routine trust context
TRUST-00614,2026-09-02T07:00:10Z,PATCH-01,C:\Windows\System32\cleanmgr.exe,a1c814bd69313e451f909dfd9c8e2cc3ed8c27ad9ee73ecbc108daa284beae11,signed,ACME IT Automation,benign,routine trust context
TRUST-00754,2026-09-02T07:03:07Z,FILE-02,C:\ACME\Inventory\inventory.exe,45c439f9c01d99dafba1f0b145554b2b288b86ae41d69abbad925d35d38960ec,trusted_internal,Microsoft Windows,benign,routine trust context
TRUST-00533,2026-09-02T07:11:37Z,MGMT-01,C:\ACME\Patch\TelemetryCheck.ps1,b058c8d8fe3133f02836f5e8cd3f6f15b9d325fc86bfd20fd9b96a798d20ce3a,trusted_internal,ACME IT Automation,benign,routine trust context
TRUST-01540,2026-09-02T07:17:19Z,PATCH-01,C:\Windows\System32\cleanmgr.exe,5e8fd288e63429e749ed30538a91294e2874d97714e667d73f71cc16264cf74e,signed,ACME IT Automation,benign,routine trust context
TRUST-01216,2026-09-02T07:26:32Z,FILE-02,C:\Windows\System32\cleanmgr.exe,2923ab0334b53d62e00c2bd1aa42dcac30cd920d23f8e2ee41e3c430f434787d,trusted_internal,ACME IT Automation,benign,routine trust context
TRUST-00716,2026-09-02T07:27:31Z,MGMT-01,C:\ACME\Inventory\inventory.exe,2f578b75c756847c651135b074e16371e25d7af52d52d5ae04ee6d0140f4d260,trusted_internal,ACME IT Automation,benign,routine trust context
TRUST-00982,2026-09-02T07:30:37Z,PATCH-01,C:\ACME\Inventory\inventory.exe,194c7a8b08e4647dbcceb3558046011e78187d9046e5da4f7a33f12841274d60,trusted_internal,Microsoft Windows,benign,routine trust context
TRUST-00569,2026-09-02T07:40:07Z,APP-03,C:\Windows\System32\cleanmgr.exe,992ab12bea362cd38bf866763f55161e48de3a15f42f90f09dabb0cab9c408ee,trusted_internal,ACME IT Automation,benign,routine trust context
TRUST-01758,2026-09-02T07:40:39Z,JUMP-01,C:\ACME\Inventory\inventory.exe,d9c44231ea93d85aeec26a4432d456ad7678d7fe5b61e5840be1c8fc22ba244d,signed,ACME IT Automation,benign,routine trust context
TRUST-00974,2026-09-02T07:44:23Z,PATCH-01,C:\ACME\Inventory\inventory.exe,d58bf82aae48f382b1e9961f69f36d518001cf64fb8459c3835af7e0991b0dd4,trusted_internal,Microsoft Windows,benign,routine trust context
TRUST-01690,2026-09-02T07:57:03Z,DC-01,C:\ACME\Patch\TelemetryCheck.ps1,92d8391814ba74fbe78ea7e78de6af7395a42596e8617d52dee8913813d6a123,trusted_internal,Microsoft Windows,benign,routine trust context
TRUST-00736,2026-09-02T07:58:30Z,MGMT-01,C:\ACME\Inventory\inventory.exe,a801bc2c22fa486751bd6e2e20c62d86b1289bf874062b6f70809a9a647262a0,signed,ACME IT Automation,benign,routine trust context
TRUST-00380,2026-09-02T08:06:58Z,MGMT-01,C:\Windows\System32\cleanmgr.exe,85153c20f754221926e704ac591ea2c07f7fd3209e161c28331f4cc3182218bc,signed,ACME IT Automation,benign,routine trust context
TRUST-00794,2026-09-02T08:07:37Z,MGMT-01,C:\ACME\Inventory\inventory.exe,c06c589935f47a7cf6700c30083ecb9d68e598c849af759ab83901d94b702d67,trusted_internal,Microsoft Windows,benign,routine trust context
TRUST-01516,2026-09-02T08:13:38Z,DC-01,C:\Windows\System32\cleanmgr.exe,e50bdf88b05d8b223f50cf2119b72bfdaac452a2597aa5e264ebf2203cfcead3,signed,ACME IT Automation,benign,routine trust context
TRUST-01749,2026-09-02T08:14:18Z,APP-03,C:\ACME\Patch\TelemetryCheck.ps1,9faa91e25ca7d4e4384061e269df27fe0d4dcabed110222e23351c94f2b3edcf,trusted_internal,ACME IT Automation,benign,routine trust context
TRUST-01356,2026-09-02T08:26:41Z,HR-WS-22,C:\Windows\System32\cleanmgr.exe,a5342e682985dac45d62ce4e9cdeeae48b9ad1147140619bbc07cb4cf60c07c6,trusted_internal,ACME IT Automation,benign,routine trust context
TRUST-00542,2026-09-02T08:27:15Z,MGMT-01,C:\ACME\Inventory\inventory.exe,ea9dadea6f0604b5a60956438d739689b2a76f402ca14c8e99b563eef6b997ba,signed,Microsoft Windows,benign,routine trust context
TRUST-00722,2026-09-02T08:29:06Z,HR-WS-22,C:\ACME\Patch\TelemetryCheck.ps1,3ca0047f8b2d0f9f21c54a6f0b7ec7333d6170d631fd7dfec491657388ae9f40,trusted_internal,Microsoft Windows,benign,routine trust context
TRUST-00082,2026-09-02T08:32:49Z,HR-WS-22,C:\ACME\Inventory\inventory.exe,156931f62627a4ce93db71066b98bc96abfa9c5f89226cb8d25b44356798549e,trusted_internal,Microsoft Windows,benign,routine trust context
TRUST-01179,2026-09-02T08:33:16Z,JUMP-01,C:\ACME\Patch\TelemetryCheck.ps1,2b487e46f8533d4a3ee25835fd6c5e93d5a952ecad77fc6562a98ad4f94d7710,trusted_internal,ACME IT Automation,benign,routine trust context
TRUST-01024,2026-09-02T08:34:40Z,HR-WS-22,C:\ACME\Patch\TelemetryCheck.ps1,2c00fff3ecac9ecbf352cf6ba602af4f94c9d1d993a79f2910f252335fabdc14,trusted_internal,ACME IT Automation,benign,routine trust context
TRUST-00439,2026-09-02T08:40:34Z,PATCH-01,C:\ACME\Inventory\inventory.exe,dff6abb27ea8211860bd6bf48559c4d35d4d6bab958852503476e3082292e8e3,signed,ACME IT Automation,benign,routine trust context
TRUST-00080,2026-09-02T08:46:20Z,HR-WS-22,C:\Windows\System32\cleanmgr.exe,3c05a1514b3b58756e8bd01a52b7442096e8dcb218cdec29b8eaca0d36508818,signed,ACME IT Automation,benign,routine trust context
TRUST-01490,2026-09-02T08:49:52Z,JUMP-01,C:\Windows\System32\cleanmgr.exe,bf1c9ef4600d9921e2038fb35902357874af526aba5aed0508da67b784c34d5a,trusted_internal,Microsoft Windows,benign,routine trust context
TRUST-00829,2026-09-02T09:04:07Z,MGMT-01,C:\Windows\System32\cleanmgr.exe,39e2cad9c8e56a6db9d428e2604b8175d0baa77fd05d0c75be80d33de2c423d9,trusted_internal,ACME IT Automation,benign,routine trust context
TRUST-01587,2026-09-02T09:08:32Z,MGMT-01,C:\ACME\Patch\TelemetryCheck.ps1,79dde7525524261d158a0d9de22cb83833ac9078b94cb43290d391da3202199b,trusted_internal,ACME IT Automation,benign,routine trust context
TRUST-00373,2026-09-02T09:09:06Z,APP-03,C:\ACME\Patch\TelemetryCheck.ps1,8e40e12d8ca1b0f0574a2d506d135388d40568fcd9c34f4bef5094837b1bd155,trusted_internal,ACME IT Automation,benign,routine trust context
TRUST-01324,2026-09-02T09:10:13Z,JUMP-01,C:\ACME\Patch\TelemetryCheck.ps1,a5bb481402f6658984214e62bd7a2103069540f5cf5d14b54ae153c1cfc9302a,signed,ACME IT Automation,benign,routine trust context
TRUST-01527,2026-09-02T09:10:46Z,JUMP-01,C:\Windows\System32\cleanmgr.exe,980acc1664c5a70ef2c449ad6633e811d42670ec0add16945a66282c00816964,signed,Microsoft Windows,benign,routine trust context
TRUST-00163,2026-09-02T09:11:11Z,PATCH-01,C:\ACME\Patch\TelemetryCheck.ps1,0a342a968d1e38516236dfb4f138c887eacfd20657d139e2bb8c41a239ba3668,trusted_internal,ACME IT Automation,benign,routine trust context
TRUST-01616,2026-09-02T09:11:45Z,MGMT-01,C:\ACME\Patch\TelemetryCheck.ps1,e0ac3facd7328542e8531b2281d132e0fb356ae4800ce3e2d52e4ba5664df212,signed,Microsoft Windows,benign,routine trust context
TRUST-00648,2026-09-02T09:17:10Z,APP-03,C:\ACME\Inventory\inventory.exe,aa988c179e30e07c6394dcf35a13fcbffaa7bcd16824c4ee72b0db6882364be6,signed,ACME IT Automation,benign,routine trust context
TRUST-01254,2026-09-02T09:20:52Z,DC-01,C:\Windows\System32\cleanmgr.exe,29f09fa50f0c8e349e5646da8dfe9321167299bdfc91b100bc2de47f2af5fb26,signed,ACME IT Automation,benign,routine trust context
TRUST-01275,2026-09-02T09:23:09Z,MGMT-01,C:\ACME\Inventory\inventory.exe,e375c0a9c7ef5397ce19e871fda731043188b1a8bb505fa876d0f5c352429cbd,trusted_internal,ACME IT Automation,benign,routine trust context
TRUST-01659,2026-09-02T09:23:37Z,APP-03,C:\ACME\Inventory\inventory.exe,19e356b0e02faa817a0ea7e3feda0e966018b04c70f1235d0730a3e008a5a016,signed,Microsoft Windows,benign,routine trust context
TRUST-01478,2026-09-02T09:23:54Z,HR-WS-22,C:\ACME\Patch\TelemetryCheck.ps1,98600b958e10d5ce0139efef10a3c28975788198e0349d9d5a8c6eb450669a9a,signed,Microsoft Windows,benign,routine trust context
TRUST-00464,2026-09-02T09:24:22Z,FILE-02,C:\Windows\System32\cleanmgr.exe,f96b6bbd71506e9ec5d970f62f06053067d8f68419be19d34ea7d90de9d9cc4d,trusted_internal,ACME IT Automation,benign,routine trust context
TRUST-01141,2026-09-02T09:29:13Z,FILE-02,C:\Windows\System32\cleanmgr.exe,a196375948372f5d64563e9646006b54ea8828f6c28271608a852b200edab2fc,trusted_internal,Microsoft Windows,benign,routine trust context
TRUST-00238,2026-09-02T09:31:43Z,PATCH-01,C:\Windows\System32\cleanmgr.exe,8b6e1b2cd963529b76e7d3f7aec9736935180fc308ccc1eb3ea58e6746ba60e6,trusted_internal,ACME IT Automation,benign,routine trust context
TRUST-01524,2026-09-02T09:34:20Z,JUMP-01,C:\Windows\System32\cleanmgr.exe,d8bf5030ab9945147f14c073eb18277079df0c38c5324093669c8fd26c267f6f,signed,ACME IT Automation,benign,routine trust context
TRUST-01005,2026-09-02T09:39:24Z,PATCH-01,C:\ACME\Inventory\inventory.exe,f4c87c6c52f71cd55f873029d20fcc81ee9ed4b38cb73e9a37f5fe6d77c0a040,trusted_internal,ACME IT Automation,benign,routine trust context
TRUST-00034,2026-09-02T10:16:25Z,MGMT-01,C:\ACME\Patch\TelemetryCheck.ps1,6fdd0623ac6a1f9dd74c5a394f654f91068c150fe8d9db7b539a94bce2572729,trusted_internal,Microsoft Windows,benign,routine trust context
TRUST-01570,2026-09-02T10:20:37Z,DC-01,C:\Windows\System32\cleanmgr.exe,84ac36e532f0c516d1ba5bd856ef961c4b297bbe50661d990fd4d7e4d4d05502,signed,ACME IT Automation,benign,routine trust context
TRUST-00207,2026-09-02T10:41:21Z,FILE-02,C:\ACME\Patch\TelemetryCheck.ps1,e578694c55e1626c93cb622fa43b3bd98e5474cb17c1d780321b57912ba2167b,signed,ACME IT Automation,benign,routine trust context
TRUST-01752,2026-09-02T10:42:15Z,DC-01,C:\ACME\Patch\TelemetryCheck.ps1,e7f8df5253085aabf6633f4f50fc3ef8b90ff066599e29e31e8113d6c1e8708b,signed,ACME IT Automation,benign,routine trust context
TRUST-01226,2026-09-02T10:44:06Z,FILE-02,C:\ACME\Inventory\inventory.exe,4a523bb450bd4f1b978efc3cd219cb433702f2ecd9e14766e0da96f2bfabdb78,signed,ACME IT Automation,benign,routine trust context
TRUST-00499,2026-09-02T10:52:06Z,HR-WS-22,C:\ACME\Patch\TelemetryCheck.ps1,d88ded2d58e2a239e909c02e823d1a5ec8a06e4d94414e38a556f225539bc02b,signed,Microsoft Windows,benign,routine trust context
TRUST-00843,2026-09-02T10:55:10Z,JUMP-01,C:\Windows\System32\cleanmgr.exe,7a475383e4688bb9caec04d37e4b36f65bfbd944d74825887af19f6d17fa4a92,trusted_internal,Microsoft Windows,benign,routine trust context
TRUST-01645,2026-09-02T11:00:05Z,JUMP-01,C:\ACME\Inventory\inventory.exe,02ea0f303172971ba7e5db54a791d0e647fbb4ef08f7d4db9eb64a17fb31f565,signed,Microsoft Windows,benign,routine trust context
TRUST-00965,2026-09-02T11:05:20Z,FILE-02,C:\ACME\Patch\TelemetryCheck.ps1,7ae910fb7f207d66e1a86ff8a7c732889bf79f829a71502c070f9fef42e91ea8,signed,Microsoft Windows,benign,routine trust context
TRUST-01310,2026-09-02T11:12:15Z,HR-WS-22,C:\ACME\Inventory\inventory.exe,ff8d75ffeaa68d4bf252096a82195d425e716759eac92ea908a4a3886f687211,signed,ACME IT Automation,benign,routine trust context
TRUST-01386,2026-09-02T11:27:32Z,MGMT-01,C:\ACME\Inventory\inventory.exe,a4071b99d4f2a0fb8968528495b5bd2183b9aa35611675aa5a9a39fa332fe468,trusted_internal,ACME IT Automation,benign,routine trust context
TRUST-00914,2026-09-02T11:28:43Z,FILE-02,C:\ACME\Patch\TelemetryCheck.ps1,92b8a34d3a2ca19c67008f4a8971099fafa3ec0685a9a36e1bce6fb38763ee0d,trusted_internal,ACME IT Automation,benign,routine trust context
TRUST-00397,2026-09-02T11:30:11Z,APP-03,C:\ACME\Patch\TelemetryCheck.ps1,73ba5328cd1de646fafdc60db30e3c32d57512fbe71c380666d1b51b2ca69066,signed,Microsoft Windows,benign,routine trust context
TRUST-00842,2026-09-02T11:34:44Z,JUMP-01,C:\ACME\Inventory\inventory.exe,2789e5d64f11cfaa3f840e7906ee839ce8275bb4d37d8650551aa019de8dab52,trusted_internal,Microsoft Windows,benign,routine trust context
TRUST-00825,2026-09-02T11:43:15Z,HR-WS-22,C:\Windows\System32\cleanmgr.exe,8295d600591b0ebe62fcce48dd70d278653f700944aa7fb15d5c5d77cee78690,signed,Microsoft Windows,benign,routine trust context
TRUST-01235,2026-09-02T11:44:56Z,HR-WS-22,C:\ACME\Patch\TelemetryCheck.ps1,b56b7f4c27bda748b25f8790fffe438dad65695a370c1646869d3ad6b5ae87cb,trusted_internal,ACME IT Automation,benign,routine trust context
TRUST-00353,2026-09-02T11:48:31Z,MGMT-01,C:\Windows\System32\cleanmgr.exe,95e48385bd43cb906a90c7da090b5b6be45023f1782c356730ee4788f1a9953c,trusted_internal,Microsoft Windows,benign,routine trust context
TRUST-00324,2026-09-02T11:50:15Z,HR-WS-22,C:\Windows\System32\cleanmgr.exe,cc1a6c2729b0513fb2fdcca3b86a605374ab34f6b8e62c034f233befa10145b7,trusted_internal,ACME IT Automation,benign,routine trust context
TRUST-00804,2026-09-02T11:58:36Z,JUMP-01,C:\Windows\System32\cleanmgr.exe,6eb2e791cf1830b99c518fc5170bc954ca055a94c16d0a6674f700a05463e04f,trusted_internal,ACME IT Automation,benign,routine trust context
TRUST-00771,2026-09-02T12:01:49Z,PATCH-01,C:\ACME\Patch\TelemetryCheck.ps1,4e490fe3cfbe19a4c87db2842b792086cd418de26f122705a5c2a2e5c2e33cc3,trusted_internal,ACME IT Automation,benign,routine trust context
TRUST-00985,2026-09-02T12:04:35Z,DC-01,C:\ACME\Patch\TelemetryCheck.ps1,99caeb9322ce169e6fef8ddf73fd74b4fb9be68acfa7bd0e5b0ff9dcba81605b,trusted_internal,Microsoft Windows,benign,routine trust context
TRUST-00706,2026-09-02T12:08:51Z,HR-WS-22,C:\Windows\System32\cleanmgr.exe,ff8ff6edf6e5b63f9a407039e05e176254fce47b2730f7556d30d6fa5e1281b5,signed,Microsoft Windows,benign,routine trust context
TRUST-01431,2026-09-02T12:11:50Z,JUMP-01,C:\ACME\Patch\TelemetryCheck.ps1,bc3f0f7858d7e91b2720971bdce76016a08db6bf6b0d086f65d2ec851b551b00,signed,ACME IT Automation,benign,routine trust context
TRUST-01796,2026-09-02T12:17:01Z,JUMP-01,C:\Windows\System32\cleanmgr.exe,e6a4f84ede259e469963788888657b65fd81a3b66baa48d5c19ce61afd913f8b,signed,ACME IT Automation,benign,routine trust context
TRUST-01375,2026-09-02T12:17:13Z,HR-WS-22,C:\Windows\System32\cleanmgr.exe,0e8c956d4d15bc1f8f929913e607821f9b59d0860ce7103e25c00fd06f51c8cb,trusted_internal,ACME IT Automation,benign,routine trust context
TRUST-00854,2026-09-02T12:18:49Z,DC-01,C:\Windows\System32\cleanmgr.exe,934bb402cf55f0be8e75f80517cdbc3478a3cb413b05eb451669a760b795861d,signed,Microsoft Windows,benign,routine trust context
TRUST-01776,2026-09-02T12:34:52Z,APP-03,C:\ACME\Inventory\inventory.exe,ee5eeade5545ff461d3d52292e921bbc750e620dd3e7082e8bc7ae6908c1ad79,trusted_internal,Microsoft Windows,benign,routine trust context
TRUST-00851,2026-09-02T12:36:05Z,DC-01,C:\ACME\Patch\TelemetryCheck.ps1,c62feb404900ce86c0abf8b8de56a5330342e31290ef933f5d88ce268c258b6d,trusted_internal,ACME IT Automation,benign,routine trust context
TRUST-01430,2026-09-02T12:36:16Z,APP-03,C:\Windows\System32\cleanmgr.exe,8b65d990bf45d70a6553bfdf72752d72e4bc7a00024eae8d64095b23442343d0,signed,ACME IT Automation,benign,routine trust context
TRUST-01013,2026-09-02T12:49:09Z,FILE-02,C:\ACME\Patch\TelemetryCheck.ps1,4d6544c23fcbd2b3aeda1aa967b5c42913f6949d8c1070d93642c8247575b24c,signed,Microsoft Windows,benign,routine trust context
TRUST-01746,2026-09-02T12:55:38Z,JUMP-01,C:\ACME\Patch\TelemetryCheck.ps1,f8f25f9ce63ef8e322d7def064acec6eb08daec666e8496ce3f66bf32f04ec28,signed,Microsoft Windows,benign,routine trust context
TRUST-01124,2026-09-02T13:01:58Z,MGMT-01,C:\ACME\Inventory\inventory.exe,4e1be205a129fdea72ffc45eb6c9bd815b2cdff66fab899cbfa98bf2b1ec63e2,trusted_internal,ACME IT Automation,benign,routine trust context
TRUST-01467,2026-09-02T13:03:06Z,JUMP-01,C:\ACME\Patch\TelemetryCheck.ps1,432a4475f8c4274a12524b3a2dfa5e5c9ba9fa2751f9efeb400780b15b7c62a5,trusted_internal,ACME IT Automation,benign,routine trust context
TRUST-01025,2026-09-02T13:09:09Z,APP-03,C:\Windows\System32\cleanmgr.exe,80e21d2da08d6264f8e44d97fc470a559c1bd48c8a7c54abf35a24425bb4364b,trusted_internal,ACME IT Automation,benign,routine trust context
TRUST-01724,2026-09-02T13:17:17Z,HR-WS-22,C:\ACME\Inventory\inventory.exe,da70681f8fcdc50284cba508401b2fbe270419c76173f1cd8267de2faa201495,trusted_internal,ACME IT Automation,benign,routine trust context
TRUST-00161,2026-09-02T13:18:14Z,HR-WS-22,C:\ACME\Inventory\inventory.exe,422925f066dbc735ff2768410224300486cf9ef1ad2439128087a1f00204bc54,signed,ACME IT Automation,benign,routine trust context
TRUST-00149,2026-09-02T13:18:37Z,HR-WS-22,C:\ACME\Patch\TelemetryCheck.ps1,4d14604b2ff5472a373550d9e9052e8e3a3d680582494307319eedd832a04f49,trusted_internal,Microsoft Windows,benign,routine trust context
TRUST-01028,2026-09-02T13:22:06Z,MGMT-01,C:\ACME\Patch\TelemetryCheck.ps1,14e6e9804f31e3d12caa86b9fd7712ca2860d3bc704456df451743c19559e2ae,trusted_internal,Microsoft Windows,benign,routine trust context
TRUST-01390,2026-09-02T13:24:55Z,HR-WS-22,C:\ACME\Patch\TelemetryCheck.ps1,37f2ce899579681ead0b44c28ff69a5a598fdb0d0e662893f6ddcf3e0321d98c,signed,ACME IT Automation,benign,routine trust context
TRUST-01446,2026-09-02T13:29:56Z,MGMT-01,C:\Windows\System32\cleanmgr.exe,df80b892ae67996bb60d7d61a130e67c0260f8b11a36b5d4093100b4d8329761,signed,Microsoft Windows,benign,routine trust context
TRUST-00322,2026-09-02T13:30:35Z,HR-WS-22,C:\Windows\System32\cleanmgr.exe,a3e90caa16c54104e7aa2b1ef85aa15d37629ae9b3351a2da68c19b1c73b5955,trusted_internal,ACME IT Automation,benign,routine trust context
TRUST-00455,2026-09-02T13:32:01Z,MGMT-01,C:\ACME\Inventory\inventory.exe,5d2407e796b0be057251df6dd7418ea00ddbdaf4d39ea3e9fb5055bbc27c4ba9,signed,Microsoft Windows,benign,routine trust context
TRUST-00271,2026-09-02T13:36:58Z,MGMT-01,C:\Windows\System32\cleanmgr.exe,76c87d605a63928ae0fe28f8e340360c14e404783d8464f8fd85e80aa9e6973f,trusted_internal,ACME IT Automation,benign,routine trust context
TRUST-00279,2026-09-02T13:42:55Z,HR-WS-22,C:\ACME\Patch\TelemetryCheck.ps1,74eed818fded442fe393f4d551ccb76df3a440bf3342ce300e028f7189a3d271,trusted_internal,Microsoft Windows,benign,routine trust context
TRUST-00667,2026-09-02T13:45:27Z,HR-WS-22,C:\ACME\Inventory\inventory.exe,09e7c3dc35f441f54ada2ed09c62e5d01ba1ffc7acae23b36eca115b8ebd9c42,trusted_internal,ACME IT Automation,benign,routine trust context
TRUST-01678,2026-09-02T13:50:31Z,JUMP-01,C:\ACME\Inventory\inventory.exe,1e28b2f34781444e054fbf8135df8f7e6dbc1392ff173decca1999e96ce100f5,signed,ACME IT Automation,benign,routine trust context
TRUST-00115,2026-09-02T13:58:25Z,DC-01,C:\ACME\Patch\TelemetryCheck.ps1,5f4eec886d893d9929768f662b57fceaf698d2fb3fafbd0eb243684a36606462,trusted_internal,ACME IT Automation,benign,routine trust context
TRUST-00474,2026-09-02T13:59:04Z,DC-01,C:\ACME\Patch\TelemetryCheck.ps1,c6585cabfab062cbc987d4df21c8b8326d2e33af8c0a1fa3392118441614f134,signed,ACME IT Automation,benign,routine trust context
TRUST-00158,2026-09-02T14:06:15Z,HR-WS-22,C:\Windows\System32\cleanmgr.exe,6eb83384a1cce08fc1f907a4e2aaa9340359e6c21303c88000e9249ec7a42984,signed,ACME IT Automation,benign,routine trust context
TRUST-00481,2026-09-02T14:12:21Z,HR-WS-22,C:\Windows\System32\cleanmgr.exe,a5f6e9f574589f727cc9971aee22d1e569f35e58aae37b34b508f2fd6a9eb420,trusted_internal,Microsoft Windows,benign,routine trust context
TRUST-00728,2026-09-02T14:13:38Z,JUMP-01,C:\ACME\Inventory\inventory.exe,56caee92a7011a1b516c80b38898095d5d773a2568ef450b8f48ac9d21c389cc,signed,Microsoft Windows,benign,routine trust context
TRUST-00399,2026-09-02T14:15:21Z,PATCH-01,C:\ACME\Inventory\inventory.exe,c7fd6d5a6c220db1269baea445ad8820a200d59bd2bae6159e444071d1506683,signed,Microsoft Windows,benign,routine trust context
TRUST-01154,2026-09-02T14:22:24Z,MGMT-01,C:\Windows\System32\cleanmgr.exe,7f2c950193b8167a6a7755b9d292aa3c4811004cfaa9ebac34a5b68cc262657f,trusted_internal,ACME IT Automation,benign,routine trust context
TRUST-00786,2026-09-02T14:28:33Z,MGMT-01,C:\ACME\Inventory\inventory.exe,8a2284a4d2b567f3fe79f16af640cc70068d13d8a279682e6f74d35212dbcc1d,trusted_internal,Microsoft Windows,benign,routine trust context
TRUST-00220,2026-09-02T14:28:59Z,JUMP-01,C:\ACME\Inventory\inventory.exe,ce8d75f52619e71a37937dc03a639d02d9c12e9d25f034471b4dcd044b200de0,trusted_internal,Microsoft Windows,benign,routine trust context
TRUST-01546,2026-09-02T14:35:14Z,DC-01,C:\Windows\System32\cleanmgr.exe,1870def8e40abd082d6c03e0735b993703692ce5f5a6c37e2ac9f435fbad7155,signed,ACME IT Automation,benign,routine trust context
TRUST-00041,2026-09-02T14:38:38Z,MGMT-01,C:\ACME\Patch\TelemetryCheck.ps1,6c889e9caec38100e822a4e3514c61ac1d92b62bbaa022d7c374c1de3532085f,signed,Microsoft Windows,benign,routine trust context
TRUST-00054,2026-09-02T14:39:46Z,HR-WS-22,C:\ACME\Inventory\inventory.exe,40733b1b1d03116acf06cb75d496101ddaf65294dab331dd8eeba0d94116e2ed,signed,Microsoft Windows,benign,routine trust context
TRUST-00823,2026-09-02T14:40:31Z,JUMP-01,C:\ACME\Patch\TelemetryCheck.ps1,3525aadf14eed45639be096fe52bd7ff58de27ccb7617dca02d76f1e364e7040,signed,ACME IT Automation,benign,routine trust context
TRUST-01735,2026-09-02T14:41:02Z,JUMP-01,C:\ACME\Patch\TelemetryCheck.ps1,e188286953c0924719a10b8970b5b33496de6cd6a6f8cecdd2f298220c2bc34b,signed,ACME IT Automation,benign,routine trust context
TRUST-00634,2026-09-02T14:41:42Z,JUMP-01,C:\Windows\System32\cleanmgr.exe,711db28eefffa774f658bb7401156b8e6e00662c893193063e360d50e981e9cf,signed,Microsoft Windows,benign,routine trust context
TRUST-00640,2026-09-02T14:44:38Z,JUMP-01,C:\Windows\System32\cleanmgr.exe,d7ae0ec485733fee35e16c1940f6257ff86e5f88d851ed033d29171f8e526a42,signed,Microsoft Windows,benign,routine trust context
TRUST-01747,2026-09-02T14:51:46Z,FILE-02,C:\ACME\Patch\TelemetryCheck.ps1,5b29bd46546d570922f88a9871ed3fa043c5d41f9f263d0dc330e0d69007fc01,trusted_internal,Microsoft Windows,benign,routine trust context
TRUST-01050,2026-09-02T14:53:30Z,HR-WS-22,C:\ACME\Inventory\inventory.exe,201c0c93e5600f61164632cac6ac867ab6e45f1bd9480fb636c14cc1bd842574,trusted_internal,Microsoft Windows,benign,routine trust context
TRUST-01789,2026-09-02T14:57:26Z,FILE-02,C:\ACME\Inventory\inventory.exe,41e39470a3c4b1dbebeed4c23b35782dc4c91933e972c3fd2716bf4f6bce1c2f,signed,Microsoft Windows,benign,routine trust context
TRUST-00409,2026-09-02T15:00:03Z,APP-03,C:\Windows\System32\cleanmgr.exe,c6facf34b1f2e55da9b3e0398bf50d5b75fe3c445f60cb274cf5542bb2569086,signed,ACME IT Automation,benign,routine trust context
TRUST-01200,2026-09-02T15:05:17Z,MGMT-01,C:\ACME\Patch\TelemetryCheck.ps1,479839d85cfe9f6dfd4e4db7fe65cfe273aec91206f0b6be2e28ce3fe65e775d,signed,ACME IT Automation,benign,routine trust context
TRUST-01100,2026-09-02T15:06:50Z,FILE-02,C:\Windows\System32\cleanmgr.exe,2f7e1dd74e48cb3eff4c89197e56a1a11576a796e8b87b3cb847edf6012725b1,trusted_internal,Microsoft Windows,benign,routine trust context
TRUST-01626,2026-09-02T15:13:15Z,APP-03,C:\ACME\Inventory\inventory.exe,83792a531f24c8eaead314f56925ea8035726681d713f1428b4f393cea9f0c05,signed,ACME IT Automation,benign,routine trust context
TRUST-01460,2026-09-02T15:22:08Z,DC-01,C:\Windows\System32\cleanmgr.exe,a5c7fc249211e1b211061c476058ecfeb45b3e9cf45982d0162453476c5b3a38,signed,Microsoft Windows,benign,routine trust context
TRUST-00196,2026-09-02T15:23:02Z,JUMP-01,C:\ACME\Patch\TelemetryCheck.ps1,be74d5b8ae73e72785c7633ea98d126c48d66f1410ed4819d271ad98b334762a,trusted_internal,ACME IT Automation,benign,routine trust context
TRUST-00953,2026-09-02T15:23:56Z,HR-WS-22,C:\Windows\System32\cleanmgr.exe,b6c4c3a404876629fde2694abc5e9c3998ea8db62e86f2f3c4458941781cce9b,trusted_internal,Microsoft Windows,benign,routine trust context
TRUST-00181,2026-09-02T15:31:52Z,FILE-02,C:\ACME\Patch\TelemetryCheck.ps1,4013457ae1d8de0956211c0501ce0f2efe9414d1822d8f2c7acce7d03e7e23bc,trusted_internal,Microsoft Windows,benign,routine trust context
TRUST-01795,2026-09-02T15:44:03Z,APP-03,C:\Windows\System32\cleanmgr.exe,ad74f86bdccd5f4a0a0e6cf5b48b220894c7f87d63257b813b6980f931536093,signed,Microsoft Windows,benign,routine trust context
TRUST-00752,2026-09-02T15:44:53Z,DC-01,C:\ACME\Inventory\inventory.exe,aef39e9658d08830923975708ed3ec099430a014c95f8033f0ee601410ff8d91,trusted_internal,Microsoft Windows,benign,routine trust context
TRUST-00223,2026-09-02T15:49:55Z,FILE-02,C:\ACME\Inventory\inventory.exe,550a2a422bb115cdf7181b4b1166c9b86cca862876a722012256cbf2123faddd,trusted_internal,Microsoft Windows,benign,routine trust context
TRUST-01533,2026-09-02T15:53:55Z,JUMP-01,C:\ACME\Patch\TelemetryCheck.ps1,f35ed5f906ac978277ff532a9dbc0000d340bb9b035bd0e579d389fa5cabc972,trusted_internal,Microsoft Windows,benign,routine trust context
TRUST-01643,2026-09-02T15:54:14Z,FILE-02,C:\ACME\Inventory\inventory.exe,32f64a2cca4930914195db05509fd24bdbfa40dcb3e50ec90fd9e4e906ae044e,trusted_internal,ACME IT Automation,benign,routine trust context
TRUST-00045,2026-09-02T15:54:21Z,FILE-02,C:\ACME\Patch\TelemetryCheck.ps1,5d67bc8ad6ad43200e6648bcc8c7caa60ae0c221244d769c23a06ebfda659e3d,trusted_internal,ACME IT Automation,benign,routine trust context
TRUST-01548,2026-09-02T15:57:05Z,DC-01,C:\Windows\System32\cleanmgr.exe,5aca68ed60005bfa134a829210d5ec8e85c1282bc21381371089014fd9b68af6,trusted_internal,ACME IT Automation,benign,routine trust context
TRUST-01348,2026-09-02T16:02:23Z,FILE-02,C:\Windows\System32\cleanmgr.exe,6be305285e76c11c00655b589163679d9216a78f18e32c0a6af2f7853cd59106,signed,Microsoft Windows,benign,routine trust context
TRUST-01697,2026-09-02T16:12:50Z,JUMP-01,C:\ACME\Patch\TelemetryCheck.ps1,fccb911d15c1e11b7fd13b186ff363fd90f1acdac8c7150f0b35ee23eed710ba,signed,Microsoft Windows,benign,routine trust context
TRUST-01078,2026-09-02T16:16:04Z,FILE-02,C:\ACME\Inventory\inventory.exe,5b452a8786154df97bc994cd97eec567afd300e2bb0bed880be75ecdd5cd31b3,signed,Microsoft Windows,benign,routine trust context
TRUST-00802,2026-09-02T16:18:26Z,JUMP-01,C:\Windows\System32\cleanmgr.exe,6ae83eeac54a8011156c5aead8977e08245dc7938653738ce748b9c7debd8b06,signed,Microsoft Windows,benign,routine trust context
TRUST-01036,2026-09-02T16:26:08Z,FILE-02,C:\ACME\Patch\TelemetryCheck.ps1,0b078de0f6eba52f320b5ea14278371f7a8af2a5aa298e268ec2e2cbad1f9e56,trusted_internal,ACME IT Automation,benign,routine trust context
TRUST-01074,2026-09-02T16:27:58Z,APP-03,C:\Windows\System32\cleanmgr.exe,db07f84491693a0a771b4140fa41c736741b448bf0c70dbda073eba231852e41,signed,ACME IT Automation,benign,routine trust context
TRUST-00117,2026-09-02T16:34:35Z,PATCH-01,C:\ACME\Patch\TelemetryCheck.ps1,97cc727dd3156909abffb81dc5de605802d64942ae2d9164d6bced5fcf6ae6f5,signed,ACME IT Automation,benign,routine trust context
TRUST-00077,2026-09-02T16:41:24Z,JUMP-01,C:\ACME\Patch\TelemetryCheck.ps1,ebb5e8f2098f47ec90db86baf7b0da09a2738d54ef1fd0d05dad078bc26f603c,signed,ACME IT Automation,benign,routine trust context
TRUST-00239,2026-09-02T16:44:39Z,HR-WS-22,C:\ACME\Patch\TelemetryCheck.ps1,5e52ff87805da1deb533bcec32d8afb90ddc2e0740f9c8cbffe52f846090a3cc,signed,ACME IT Automation,benign,routine trust context
TRUST-00776,2026-09-02T16:45:47Z,DC-01,C:\ACME\Patch\TelemetryCheck.ps1,c8f8ee6bd7ad132ecc00322f9c957a9a521e8bda2c8eec65d7a1b4e5e19e0cd4,trusted_internal,ACME IT Automation,benign,routine trust context
TRUST-01668,2026-09-02T16:48:26Z,DC-01,C:\ACME\Inventory\inventory.exe,0cbf560336250af8d40f6310a32791d73dcc25643863c0dfaa86dfd365340dd1,signed,ACME IT Automation,benign,routine trust context
TRUST-00010,2026-09-02T16:48:42Z,PATCH-01,C:\ACME\Patch\TelemetryCheck.ps1,1f015d465f7c6bc1ed681f2ef5c314b0ff8ba61fa9dffb34711c1b19c8dc4123,trusted_internal,ACME IT Automation,benign,routine trust context
TRUST-01542,2026-09-02T16:51:14Z,JUMP-01,C:\ACME\Inventory\inventory.exe,485d3ceadf0a2a1c61ba779f15f50f6f7ada4280d02fe52e28f753aec0a95c2c,signed,ACME IT Automation,benign,routine trust context
TRUST-00815,2026-09-02T16:57:00Z,APP-03,C:\ACME\Patch\TelemetryCheck.ps1,57391e88b99a99c2a6c3b56383883b019909458d6bbea9c29bf3889efabd0383,signed,ACME IT Automation,benign,routine trust context
TRUST-00785,2026-09-02T16:57:41Z,APP-03,C:\ACME\Patch\TelemetryCheck.ps1,ba09d5afab543e8e0a75f18adaee4ba400c5a6e9696586456f485ce149a6470c,trusted_internal,Microsoft Windows,benign,routine trust context
TRUST-01535,2026-09-02T16:59:28Z,FILE-02,C:\Windows\System32\cleanmgr.exe,36d43f36c3f1be4a7728f3517e18ca0fea11ccd37512f454ed6ecf061f482c10,trusted_internal,ACME IT Automation,benign,routine trust context
TRUST-01070,2026-09-02T17:03:06Z,PATCH-01,C:\Windows\System32\cleanmgr.exe,f219b9be19dcba6c41edccc34de10eddc14cf1a09050ce83b0e9249edd72e947,signed,ACME IT Automation,benign,routine trust context
TRUST-01391,2026-09-02T17:07:02Z,FILE-02,C:\ACME\Inventory\inventory.exe,b83483b211eaa938085f553e4f67c0ed2dfc2ba2a72fe509550925e55575b7e5,signed,Microsoft Windows,benign,routine trust context
TRUST-00735,2026-09-02T17:07:07Z,JUMP-01,C:\Windows\System32\cleanmgr.exe,13135fecea76bda9c97086d60d768592c70710fbc0fa8b4afd8319fc071b0b88,signed,Microsoft Windows,benign,routine trust context
TRUST-01664,2026-09-02T17:07:35Z,DC-01,C:\ACME\Patch\TelemetryCheck.ps1,cdc9be092ec753a7fce4072d9145088d69309909abef6547398cdcd1b5eb2922,trusted_internal,Microsoft Windows,benign,routine trust context
TRUST-00194,2026-09-02T17:08:45Z,PATCH-01,C:\ACME\Inventory\inventory.exe,9e37be75f1e658bf0e41661f84d72df1371da4ff6abf27f042005749fc970a48,signed,Microsoft Windows,benign,routine trust context
TRUST-00156,2026-09-02T17:12:20Z,JUMP-01,C:\ACME\Inventory\inventory.exe,ba176c8082504046fe3ef66e54ea04a588d60aaa3220e0bd6a8c7d69dbc5923e,trusted_internal,ACME IT Automation,benign,routine trust context
TRUST-00580,2026-09-02T17:30:59Z,APP-03,C:\ACME\Patch\TelemetryCheck.ps1,709bc375e05121fca2df6a7e3b23bdeb7d174f0d4838a9df799425a305887a19,signed,Microsoft Windows,benign,routine trust context
TRUST-01328,2026-09-02T17:34:37Z,PATCH-01,C:\ACME\Inventory\inventory.exe,44a3547c8fd107d1b5f4440b920605cec76643c082c61feabd729b2922a47b1a,signed,Microsoft Windows,benign,routine trust context
TRUST-01064,2026-09-02T17:37:16Z,MGMT-01,C:\Windows\System32\cleanmgr.exe,90e585f11c291a016f7e75d203b818ad7e0f685b8f67d7f97636946533956462,trusted_internal,Microsoft Windows,benign,routine trust context
TRUST-00633,2026-09-02T17:37:59Z,PATCH-01,C:\Windows\System32\cleanmgr.exe,0e33936ef3180ffcdecccd7eb479035fb6ecceac35a6a9868d9c727857687016,trusted_internal,ACME IT Automation,benign,routine trust context
TRUST-00988,2026-09-02T17:41:25Z,HR-WS-22,C:\ACME\Inventory\inventory.exe,8626728c477d0c6ce91f290bc1b497a684a5bcb0aefbe6b5b8d94b83e01fd745,trusted_internal,ACME IT Automation,benign,routine trust context
TRUST-01603,2026-09-02T17:46:54Z,PATCH-01,C:\ACME\Patch\TelemetryCheck.ps1,6ef566ea19a013fc120451639068459e8f9d5f95eaf1999728bc69fb47e45ad9,signed,ACME IT Automation,benign,routine trust context
TRUST-00682,2026-09-02T17:47:23Z,APP-03,C:\ACME\Patch\TelemetryCheck.ps1,2307bf44bda354040a8e21840c45dee792f055297ba34689a152ccde50dc7589,signed,ACME IT Automation,benign,routine trust context
TRUST-00867,2026-09-02T17:49:01Z,MGMT-01,C:\ACME\Patch\TelemetryCheck.ps1,a625660b7be225a9902e77abc2bbbfb76cfa54a18ff246c840a9b19278e0bf90,trusted_internal,ACME IT Automation,benign,routine trust context
TRUST-01264,2026-09-02T17:49:48Z,MGMT-01,C:\ACME\Patch\TelemetryCheck.ps1,130ffe311e34d93996b9c24b75fd00569638b66fb1e107d75285ce75b8d52eb9,trusted_internal,Microsoft Windows,benign,routine trust context
TRUST-00892,2026-09-02T18:05:18Z,FILE-02,C:\ACME\Inventory\inventory.exe,21f7db85eb3b19e92d76431946b4c319ae44268daf206a97eb25f00c84ff8bd3,trusted_internal,ACME IT Automation,benign,routine trust context
TRUST-00202,2026-09-02T18:08:59Z,APP-03,C:\ACME\Inventory\inventory.exe,f1ef763a503e9a36d8c5ddb53d89e00f65516f82426eef6b4e9f4657f967243f,signed,Microsoft Windows,benign,routine trust context
TRUST-00189,2026-09-02T18:11:40Z,APP-03,C:\Windows\System32\cleanmgr.exe,8c41eb82f727cb0966b1001c1907e7c904fc8612955c7324d660a901d2b3c179,signed,ACME IT Automation,benign,routine trust context
TRUST-00909,2026-09-02T18:13:04Z,FILE-02,C:\Windows\System32\cleanmgr.exe,0ea533d05463233fe1662849414d7ba4b6fe7b8686bf25f235d3e1f79e68e8b3,trusted_internal,Microsoft Windows,benign,routine trust context
TRUST-00069,2026-09-02T18:15:51Z,MGMT-01,C:\ACME\Patch\TelemetryCheck.ps1,82b73c53c74f409a0f4146d70ab259fae5ed5c7eff32443cb915d3b29d71642e,signed,ACME IT Automation,benign,routine trust context
TRUST-01250,2026-09-02T18:23:39Z,HR-WS-22,C:\ACME\Inventory\inventory.exe,f282e3815d993d1a458dd3a49622df6e21117c473ed16d2692099a0b4ea6b1ca,signed,Microsoft Windows,benign,routine trust context
TRUST-00857,2026-09-02T18:24:05Z,DC-01,C:\ACME\Inventory\inventory.exe,cfbc8f0bba64a82c0765f1904f049aba9779441eca8bc1c7369a653a4f810dbd,signed,Microsoft Windows,benign,routine trust context
TRUST-01452,2026-09-02T18:29:01Z,DC-01,C:\Windows\System32\cleanmgr.exe,d4c9a1930f33c2b1821d45e8d531a874f8236d5f09b8ca9aa8f5d32a4d3e6358,signed,ACME IT Automation,benign,routine trust context
TRUST-01041,2026-09-02T18:34:52Z,PATCH-01,C:\ACME\Inventory\inventory.exe,16f557010e63514161f4bb9d9f03981ebd4f265df9be084891d53a6daa6dc4d4,signed,ACME IT Automation,benign,routine trust context
TRUST-00923,2026-09-02T18:36:41Z,FILE-02,C:\Windows\System32\cleanmgr.exe,20e5c94484b7d3b19978b462b83b12858ab91fd7fa4500a8005a21bc48e59468,signed,Microsoft Windows,benign,routine trust context
TRUST-01316,2026-09-02T18:39:34Z,PATCH-01,C:\Windows\System32\cleanmgr.exe,ac731d8bb91f778d94d47d9608a244e7e2d655194521911fbf78fc45165c3af9,signed,Microsoft Windows,benign,routine trust context
TRUST-01710,2026-09-02T18:44:04Z,FILE-02,C:\ACME\Inventory\inventory.exe,e554161db6a900a4819300bca4cd97d7292aae2192fbcaeafac781ffcfd1d3a1,signed,Microsoft Windows,benign,routine trust context
TRUST-00905,2026-09-02T18:45:00Z,HR-WS-22,C:\ACME\Inventory\inventory.exe,9f76e2b7bddedaaeaa164327071b4b383e57bb3e05a6f15f3a93cd95062732e1,trusted_internal,ACME IT Automation,benign,routine trust context
TRUST-01401,2026-09-02T18:46:44Z,JUMP-01,C:\ACME\Inventory\inventory.exe,c48b60d677865b7b83eae5c99b78ac6f060e50270125469db80cd4bdf26135f9,trusted_internal,ACME IT Automation,benign,routine trust context
TRUST-00806,2026-09-02T18:50:25Z,PATCH-01,C:\ACME\Inventory\inventory.exe,08fa910d1994c518b0bea792248ead0ac029bf6390694f40f061af3019b2d0dd,trusted_internal,Microsoft Windows,benign,routine trust context
TRUST-01728,2026-09-02T18:54:38Z,DC-01,C:\Windows\System32\cleanmgr.exe,16fa12b75148dab5266dc237a7f6bac02bc273b0a454568049ba8c519a1dc21d,trusted_internal,Microsoft Windows,benign,routine trust context
TRUST-00621,2026-09-02T18:58:11Z,HR-WS-22,C:\ACME\Patch\TelemetryCheck.ps1,0fda09e26ef9953d86806399f25c5b72ebe39ca63d9e5715c9556f0aad2e3c6f,trusted_internal,ACME IT Automation,benign,routine trust context
TRUST-00967,2026-09-02T18:59:34Z,MGMT-01,C:\ACME\Inventory\inventory.exe,ca9c015bec7159ac1ed81f41a02046f81e9780f3fac0d29606efe3e884fd3a1b,signed,ACME IT Automation,benign,routine trust context
TRUST-01027,2026-09-02T19:02:15Z,PATCH-01,C:\ACME\Patch\TelemetryCheck.ps1,cf5ce84e8b13f3935fc993c76aa1e0a0565d131664032bd2ac509879bd0f2a68,signed,Microsoft Windows,benign,routine trust context
TRUST-01210,2026-09-02T19:04:26Z,PATCH-01,C:\ACME\Patch\TelemetryCheck.ps1,2afe2cdc9af89945cc14638a6c087e89b0e299ed24f3e43495785e1f22ef1f7a,trusted_internal,ACME IT Automation,benign,routine trust context
TRUST-01372,2026-09-02T19:09:19Z,DC-01,C:\ACME\Patch\TelemetryCheck.ps1,66d15b137962b5fc1a3d96d19838c23f14f3d4bd8788f7c9106d1f6368725a8c,signed,ACME IT Automation,benign,routine trust context
TRUST-00872,2026-09-02T19:10:07Z,MGMT-01,C:\ACME\Patch\TelemetryCheck.ps1,6843670dcb2342cb395f78edf3043ac4bd51ff976a0b73042c4c19eed9c25ce8,trusted_internal,ACME IT Automation,benign,routine trust context
TRUST-01719,2026-09-02T19:18:03Z,DC-01,C:\ACME\Inventory\inventory.exe,fd37f594391da7367b620a43afd963fd7c3a50655c281f18dc70d0764b1f0d97,trusted_internal,Microsoft Windows,benign,routine trust context
TRUST-00629,2026-09-02T19:20:20Z,MGMT-01,C:\ACME\Patch\TelemetryCheck.ps1,5c79061e7fcf1281f3a45c4f08ef8385a4b208518129297284f2fe24b92db65d,trusted_internal,ACME IT Automation,benign,routine trust context
TRUST-00868,2026-09-02T19:21:05Z,FILE-02,C:\ACME\Inventory\inventory.exe,cb841fd252f6f0d1da8e49f486a70405a52e49ac1f956e8888d1d57deeb9a423,trusted_internal,ACME IT Automation,benign,routine trust context
TRUST-00274,2026-09-02T19:23:38Z,JUMP-01,C:\ACME\Inventory\inventory.exe,2fb5b2e70d3f1aeca6825764fa0dde2c07e4a6b15916ffc381cec0f2b2764e24,trusted_internal,Microsoft Windows,benign,routine trust context
TRUST-00809,2026-09-02T19:33:40Z,MGMT-01,C:\ACME\Inventory\inventory.exe,64d2712a47d842bc35c3493eba8aad95d5d1c1f284c7feea62f945c061ac5481,trusted_internal,Microsoft Windows,benign,routine trust context
TRUST-00138,2026-09-02T19:42:16Z,DC-01,C:\ACME\Patch\TelemetryCheck.ps1,70eab5bf4055975e99989521d3a6a385a9e84d95d33a95dd379bc8226f9896b5,signed,Microsoft Windows,benign,routine trust context
TRUST-01331,2026-09-02T19:42:25Z,JUMP-01,C:\ACME\Inventory\inventory.exe,628f0474414424d3f5c890d724c1b80b1573df2ad200d53731a09e8051885df6,trusted_internal,Microsoft Windows,benign,routine trust context
TRUST-00255,2026-09-02T19:43:54Z,PATCH-01,C:\ACME\Inventory\inventory.exe,cf0f768e5c7bc4e13b30b48b9632bb28a71f7809ad300daecebe85ae532ec9c2,signed,Microsoft Windows,benign,routine trust context
TRUST-00504,2026-09-02T19:44:40Z,HR-WS-22,C:\ACME\Patch\TelemetryCheck.ps1,41506fb413d92863819775660b714c2ab78eb0e6d1f46f349a92ec9cc74734f0,signed,Microsoft Windows,benign,routine trust context
TRUST-01704,2026-09-02T19:44:54Z,PATCH-01,C:\Windows\System32\cleanmgr.exe,65e4a51e374bdba71dd420431af7564d45131a9a11e90a287f652d3035d9214c,trusted_internal,Microsoft Windows,benign,routine trust context
TRUST-00315,2026-09-02T19:46:04Z,PATCH-01,C:\ACME\Patch\TelemetryCheck.ps1,811e04fe5fb9b37b4b7d496d2ce445d65d77949626bbaf54c47eedba18b69d01,trusted_internal,Microsoft Windows,benign,routine trust context
TRUST-00814,2026-09-02T19:48:29Z,MGMT-01,C:\Windows\System32\cleanmgr.exe,374a004f8df28b62af61a38633109e0e9bebb7ab9b75ecd8b068f279ab4d2bc5,trusted_internal,Microsoft Windows,benign,routine trust context
TRUST-01482,2026-09-02T19:50:40Z,JUMP-01,C:\ACME\Patch\TelemetryCheck.ps1,2af40b7f0f5eee0759105a4e7d418377e81bc4ee64b1eadd267f67180cf10e32,signed,Microsoft Windows,benign,routine trust context
TRUST-01248,2026-09-02T19:51:24Z,MGMT-01,C:\Windows\System32\cleanmgr.exe,95dfb7d63676894129ef71d4145ec9447f5665d8912ec2a7a1f14546f751b5aa,trusted_internal,ACME IT Automation,benign,routine trust context
TRUST-01793,2026-09-02T20:01:08Z,MGMT-01,C:\Windows\System32\cleanmgr.exe,7e1256be9650ca027e1467c68ba0287c0e1c7fe123eef0fb5be0e206889f5f47,trusted_internal,Microsoft Windows,benign,routine trust context
TRUST-00581,2026-09-02T20:04:28Z,DC-01,C:\Windows\System32\cleanmgr.exe,ed02a391563fdf1f93e2f302a96364e25b94808b99ae7d9195ce4142c82b4cb6,trusted_internal,Microsoft Windows,benign,routine trust context
TRUST-01031,2026-09-02T20:08:28Z,PATCH-01,C:\Windows\System32\cleanmgr.exe,39a9784a4b33ddd274c6c675c6053de5fcad629f179653722ccb28f12f8dbee1,trusted_internal,Microsoft Windows,benign,routine trust context
TRUST-00350,2026-09-02T20:09:53Z,APP-03,C:\ACME\Patch\TelemetryCheck.ps1,b2ef5f05704002192ee48de7ecdb3a7eb882bb71676309747195137a572488be,signed,Microsoft Windows,benign,routine trust context
TRUST-00020,2026-09-02T20:15:27Z,HR-WS-22,C:\ACME\Inventory\inventory.exe,1eff1b67d6415e3e87e878ea2dad311757e34349dcd1440a70e3a22c505b5897,signed,Microsoft Windows,benign,routine trust context
TRUST-00364,2026-09-02T20:19:08Z,APP-03,C:\ACME\Patch\TelemetryCheck.ps1,369f4fae1bab924ee1537a867fbc7ca63e3d2578f43a53cf159c58aaaefa9546,trusted_internal,Microsoft Windows,benign,routine trust context
TRUST-00463,2026-09-02T20:23:54Z,MGMT-01,C:\Windows\System32\cleanmgr.exe,85ac749da36b38b8f25e57fbb08fabed4b6ae35addfceba5d58c57c11bc988af,trusted_internal,ACME IT Automation,benign,routine trust context
TRUST-00764,2026-09-02T20:25:36Z,DC-01,C:\ACME\Patch\TelemetryCheck.ps1,8fb480a0a92eba0e32c69bfdf0694ac92368433219a39b698e56731a7cb5fc44,trusted_internal,ACME IT Automation,benign,routine trust context
TRUST-00789,2026-09-02T20:25:49Z,PATCH-01,C:\Windows\System32\cleanmgr.exe,154dec0ba897b3d3f92fb94637a8502f668a3b8fd0370c758ec8d11023b95089,trusted_internal,ACME IT Automation,benign,routine trust context
TRUST-01052,2026-09-02T20:48:02Z,DC-01,C:\Windows\System32\cleanmgr.exe,15514f9fb890c9054738baa7b46d7d7ec5a5a801d573a6a9de82a77a01e8c0b6,trusted_internal,Microsoft Windows,benign,routine trust context
TRUST-01286,2026-09-02T20:54:18Z,DC-01,C:\ACME\Patch\TelemetryCheck.ps1,eb096cdbac8b1bdf3c6e73b023158e30e636bd626f7ee348a004c9b391d31dda,trusted_internal,Microsoft Windows,benign,routine trust context
TRUST-01049,2026-09-02T20:54:25Z,JUMP-01,C:\ACME\Patch\TelemetryCheck.ps1,fbb777fcadf9cb1757eedfbae0fc520ef5c45d3a2a2994ca34141da9b5086344,trusted_internal,ACME IT Automation,benign,routine trust context
TRUST-01351,2026-09-02T20:54:44Z,APP-03,C:\ACME\Inventory\inventory.exe,d1f10654167f80c32b46ac2b6ec68b24841115348d8d941ea49bc91bfcadaec1,signed,ACME IT Automation,benign,routine trust context
TRUST-01212,2026-09-02T20:57:44Z,FILE-02,C:\ACME\Inventory\inventory.exe,6432bc6724ac4f434fb641fe0df5f4a72fc1254b0d20507895c7d26ca8c51ca1,signed,Microsoft Windows,benign,routine trust context
TRUST-01445,2026-09-02T20:58:45Z,PATCH-01,C:\ACME\Inventory\inventory.exe,7163b2abc872685b3876382d0324bb0b617da816856f9deede18295308fed133,trusted_internal,ACME IT Automation,benign,routine trust context
TRUST-00039,2026-09-02T21:02:02Z,PATCH-01,C:\ACME\Patch\TelemetryCheck.ps1,4b9e495681d4bb0fe8b7e57a9f8c65cfe00b345d6bf09700cd081e683ad614fc,trusted_internal,Microsoft Windows,benign,routine trust context
TRUST-00986,2026-09-02T21:02:10Z,DC-01,C:\ACME\Patch\TelemetryCheck.ps1,d2585bebb67765a9151e596d82e6d7e67a09114aed8302476d2ada63ccf19d69,trusted_internal,ACME IT Automation,benign,routine trust context
TRUST-01604,2026-09-02T21:05:23Z,FILE-02,C:\ACME\Inventory\inventory.exe,d9c0bb63eec97f7516f565f8ab2547c869a227eff477a204391e8cdd908f9749,trusted_internal,Microsoft Windows,benign,routine trust context
TRUST-00004,2026-09-02T21:14:19Z,HR-WS-22,C:\Windows\System32\cleanmgr.exe,fe570d21ad5be56158caa3485bc85f6f6c59a42f52fb4e8ec6f1dbe6cb2d6536,signed,ACME IT Automation,benign,routine trust context
TRUST-00028,2026-09-02T21:15:24Z,JUMP-01,C:\ACME\Patch\TelemetryCheck.ps1,54194598347c0fbec210ba101e88c31fed52f0403aba7c8aa21a95806f718f2a,trusted_internal,ACME IT Automation,benign,routine trust context
TRUST-01681,2026-09-02T21:15:49Z,APP-03,C:\ACME\Patch\TelemetryCheck.ps1,68299f757b96514d3fac49b17ce9c17eb38ed8d56801980d7f718f3b08151393,signed,Microsoft Windows,benign,routine trust context
TRUST-00124,2026-09-02T21:18:31Z,DC-01,C:\Windows\System32\cleanmgr.exe,242f871f75764c60ace85385ea49b7ef7a67d1c2311b7b97fc20e09f14e676e3,signed,ACME IT Automation,benign,routine trust context
TRUST-00731,2026-09-02T21:21:22Z,DC-01,C:\Windows\System32\cleanmgr.exe,5698c49c5fbbd7c1572c7b00b0dfa658312f88d1282f1680b0d20f3c7e688a70,signed,Microsoft Windows,benign,routine trust context
TRUST-00243,2026-09-02T21:28:02Z,HR-WS-22,C:\ACME\Inventory\inventory.exe,0352fcb06f379c5afdc88537b6e6b166eaaf6b375ed0e8f500c485033c1342a7,trusted_internal,Microsoft Windows,benign,routine trust context
TRUST-00424,2026-09-02T21:29:59Z,JUMP-01,C:\ACME\Patch\TelemetryCheck.ps1,2a10c56a653190a808d54c6b2a1b8e8163e1a5bafcfe4f25273ab4a5583b231a,signed,ACME IT Automation,benign,routine trust context
TRUST-00405,2026-09-02T21:31:56Z,HR-WS-22,C:\ACME\Inventory\inventory.exe,9274886737bde72a2a6653a5d62ad3f7a1ac2d2342c0c3519e11fc653d67393f,signed,Microsoft Windows,benign,routine trust context
TRUST-00593,2026-09-02T21:32:00Z,MGMT-01,C:\ACME\Patch\TelemetryCheck.ps1,1cba1d72f654b79312dc674d2371acf78167961dae2bfedc7978bdc66d724df7,signed,ACME IT Automation,benign,routine trust context
TRUST-00383,2026-09-02T21:32:57Z,JUMP-01,C:\ACME\Inventory\inventory.exe,9a693dd95eaaadf1e70a6cecbf8c84afe633aee24baf24c170881989bedd766f,trusted_internal,ACME IT Automation,benign,routine trust context
TRUST-01369,2026-09-02T21:34:27Z,HR-WS-22,C:\ACME\Patch\TelemetryCheck.ps1,c0901927bbf0433561ddd6e08e79c9a63ec88dfa9c827dc116cd49f199ebb2d9,trusted_internal,Microsoft Windows,benign,routine trust context
TRUST-01371,2026-09-02T21:36:03Z,APP-03,C:\ACME\Inventory\inventory.exe,c621076d615ebe66fca04595775c38445a25487ee16c6fa8539355229e9be382,trusted_internal,ACME IT Automation,benign,routine trust context
TRUST-01715,2026-09-02T21:36:39Z,HR-WS-22,C:\ACME\Inventory\inventory.exe,96b790d17c5786eb47e91058df7ea538ebfd96bcf75480361f9cd0558b612b71,trusted_internal,Microsoft Windows,benign,routine trust context
TRUST-01675,2026-09-02T21:46:41Z,FILE-02,C:\ACME\Inventory\inventory.exe,cf54faf6017ebc0a5019650377b0fa57b3741e3299543e7a2c80a13c83a54d3a,signed,Microsoft Windows,benign,routine trust context
TRUST-00287,2026-09-02T21:47:05Z,HR-WS-22,C:\ACME\Patch\TelemetryCheck.ps1,e0aec4fd797cff3c1984d2dba9e095e27976e4373dbcf78f60d7306630af171f,signed,ACME IT Automation,benign,routine trust context
TRUST-01317,2026-09-02T21:52:14Z,JUMP-01,C:\Windows\System32\cleanmgr.exe,42617eb5b5a8916f8c53e5b6d55c9b8715d17b976928d0e9b661ad3b98e2ec8e,trusted_internal,ACME IT Automation,benign,routine trust context
TRUST-01596,2026-09-02T21:56:44Z,PATCH-01,C:\ACME\Patch\TelemetryCheck.ps1,de599d06138d47f42a17c306b12aadcf39681c243a31ac989ce5976dd2daef6e,signed,ACME IT Automation,benign,routine trust context
TRUST-00832,2026-09-02T21:57:26Z,HR-WS-22,C:\Windows\System32\cleanmgr.exe,69c90cf214af526d531850bc209a871d9e9c5cb502cb3b1f4cf9289b5a07a76d,signed,Microsoft Windows,benign,routine trust context
TRUST-01178,2026-09-02T21:57:53Z,FILE-02,C:\ACME\Inventory\inventory.exe,eff92dbe510d17ae6a46e64992cd32057f2b2120ddf1bfe62a528164d2e82a52,signed,Microsoft Windows,benign,routine trust context
TRUST-00507,2026-09-02T22:05:50Z,DC-01,C:\ACME\Patch\TelemetryCheck.ps1,dde56add26124761a5984f765a89b702237e6e670d55e9f346fac5f996463ae7,signed,Microsoft Windows,benign,routine trust context
TRUST-00180,2026-09-02T22:06:09Z,PATCH-01,C:\ACME\Inventory\inventory.exe,63d852f58ca9cc72cc8ea9b91aa915fb2c45bc3510352f5d0c3faf4d35b095c3,trusted_internal,ACME IT Automation,benign,routine trust context
TRUST-00773,2026-09-02T22:11:42Z,APP-03,C:\ACME\Patch\TelemetryCheck.ps1,b383ce9848f8989342be22b79a444b78a9d1e6e3c828c0522afe24a371a6ad79,signed,ACME IT Automation,benign,routine trust context
TRUST-01622,2026-09-02T22:13:51Z,FILE-02,C:\Windows\System32\cleanmgr.exe,0f8d073e1ceec01bca1b18c895886d10466e8da96bf19825c63a1c4be5b6c0be,trusted_internal,ACME IT Automation,benign,routine trust context
TRUST-01278,2026-09-02T22:19:26Z,JUMP-01,C:\ACME\Patch\TelemetryCheck.ps1,0ef0d758b63fddf921d6ef9e632b7038e1fbdec1c759c08b7269ddc7f6cc1c48,signed,ACME IT Automation,benign,routine trust context
TRUST-01118,2026-09-02T22:19:50Z,APP-03,C:\Windows\System32\cleanmgr.exe,73d28c65578826e777443fae34ab101516c2e93d73912e58f17b68e90ad99b68,trusted_internal,ACME IT Automation,benign,routine trust context
TRUST-01560,2026-09-02T22:22:03Z,APP-03,C:\ACME\Inventory\inventory.exe,e7f592c6202b67ac7fb1f09a18af0edbf5da26782372fc573e19e6333efe1301,trusted_internal,ACME IT Automation,benign,routine trust context
TRUST-01268,2026-09-02T22:23:30Z,JUMP-01,C:\Windows\System32\cleanmgr.exe,1635ac4a77ac1f75e97e5326c87aa281993c3427b63c8a2b8e49958e873bc2a9,signed,ACME IT Automation,benign,routine trust context
TRUST-01176,2026-09-02T22:26:48Z,DC-01,C:\ACME\Patch\TelemetryCheck.ps1,d791ec59e1cf580ba1cd78cc0aedb110d81f970ff0e00519eebba3e20d2c2c99,trusted_internal,ACME IT Automation,benign,routine trust context
TRUST-00320,2026-09-02T22:29:56Z,HR-WS-22,C:\ACME\Inventory\inventory.exe,68deb4c4bed0fca93c6fd7db77986771ae29594e89eddc643344b0adf813e4ed,signed,ACME IT Automation,benign,routine trust context
TRUST-01145,2026-09-02T22:34:20Z,JUMP-01,C:\ACME\Patch\TelemetryCheck.ps1,6770150eba4c33e692779769915e8be9e7de749a71c853bb0e28c24d7bea17ae,signed,ACME IT Automation,benign,routine trust context
TRUST-01107,2026-09-02T22:39:00Z,HR-WS-22,C:\ACME\Inventory\inventory.exe,f4e917759cf8e8735c737c11290a8d983249715fd40dd9c8134b12c86062b9c5,trusted_internal,ACME IT Automation,benign,routine trust context
TRUST-01020,2026-09-02T22:41:42Z,HR-WS-22,C:\ACME\Inventory\inventory.exe,eb7cfa43006a3f692674f0c0732a79506b72b79da1b02c6fbb207ccb39cd5da5,trusted_internal,Microsoft Windows,benign,routine trust context
TRUST-01058,2026-09-02T22:46:53Z,FILE-02,C:\Windows\System32\cleanmgr.exe,4039458b8488a1075545e2ff862ede72127ba663ca67436a6e796580def54474,trusted_internal,Microsoft Windows,benign,routine trust context
TRUST-01787,2026-09-02T22:57:55Z,JUMP-01,C:\ACME\Patch\TelemetryCheck.ps1,5a0e9a9004e2cb8b26e3ff4ff76504456a56ae31e23d219f4d33312c93d8268d,signed,ACME IT Automation,benign,routine trust context
TRUST-00228,2026-09-02T23:02:20Z,MGMT-01,C:\ACME\Inventory\inventory.exe,eddcc278c8aa1816c8297c1f6787c4e908d2b71d5ed677b457fb60ac5c1aaab2,signed,ACME IT Automation,benign,routine trust context
TRUST-00810,2026-09-02T23:04:41Z,PATCH-01,C:\ACME\Patch\TelemetryCheck.ps1,02e513c2f667b063065967bf1fa56cefe7de40dc771b37e2d9cc6ae21d42f4fe,trusted_internal,ACME IT Automation,benign,routine trust context
TRUST-00389,2026-09-02T23:05:37Z,FILE-02,C:\ACME\Patch\TelemetryCheck.ps1,a95a8d44510cde74863ddefb5c783d3414ff7eddbff87fa02eff2ab2ba9b9e26,signed,ACME IT Automation,benign,routine trust context
TRUST-01234,2026-09-02T23:06:17Z,FILE-02,C:\ACME\Patch\TelemetryCheck.ps1,0ee64262877ab04c9e544baf51a7f9cb27c7df495e73c97710d0f3ee4b4a1712,trusted_internal,Microsoft Windows,benign,routine trust context
TRUST-00339,2026-09-02T23:20:00Z,APP-03,C:\ACME\Inventory\inventory.exe,b3c9d44c7db97e7d72ee426d77f4a099f70e0f58956b6631047fd7707b59f800,trusted_internal,Microsoft Windows,benign,routine trust context
TRUST-01466,2026-09-02T23:24:42Z,APP-03,C:\Windows\System32\cleanmgr.exe,5f332eba5b3e7e4c1fa491101809fe881e9bde8c4fa660b7237b0cab0a8a9cb6,signed,ACME IT Automation,benign,routine trust context
TRUST-01679,2026-09-02T23:26:42Z,FILE-02,C:\Windows\System32\cleanmgr.exe,50785e42d32fa224390d6ac8fcbf49822a916935607b005d107b2e4eb5efeeeb,trusted_internal,ACME IT Automation,benign,routine trust context
TRUST-00548,2026-09-02T23:31:09Z,FILE-02,C:\ACME\Inventory\inventory.exe,e2e19b7d590d252d604a55068f7d3790a189e414a497bcede3d83288e020c748,trusted_internal,ACME IT Automation,benign,routine trust context
TRUST-01695,2026-09-02T23:35:42Z,HR-WS-22,C:\Windows\System32\cleanmgr.exe,7f24281aa255a6be8a71c361ec61c994f6b26ba8f0faf600a4c17ada77e1da8c,signed,Microsoft Windows,benign,routine trust context
TRUST-01510,2026-09-02T23:36:49Z,DC-01,C:\ACME\Patch\TelemetryCheck.ps1,b3f48930260242fa7d432d51a72170b9f00d90cb2ca598f71dd8c049f7c12bb2,trusted_internal,Microsoft Windows,benign,routine trust context
TRUST-00895,2026-09-02T23:43:06Z,APP-03,C:\ACME\Inventory\inventory.exe,c7037216773defc14eccccafbd8f1a9c15b2932f8a234f35cb5e9344a4bbd49d,signed,ACME IT Automation,benign,routine trust context
TRUST-01426,2026-09-02T23:54:39Z,APP-03,C:\ACME\Inventory\inventory.exe,d6885544ca050e2f7857598d9cda4718799f2728c8a437031617b86161594902,trusted_internal,ACME IT Automation,benign,routine trust context
TRUST-01578,2026-09-02T23:56:58Z,FILE-02,C:\ACME\Inventory\inventory.exe,5250c2f4950b879abd8903a0d4e01d2283d500701365c40c55198f142b90ff39,signed,Microsoft Windows,benign,routine trust context
TRUST-01223,2026-09-02T23:59:00Z,APP-03,C:\ACME\Patch\TelemetryCheck.ps1,64b994b5644ab3f1fb1986f0647eb69269d382968e068ace19e42b9153623544,signed,Microsoft Windows,benign,routine trust context
TRUST-00259,2026-09-03T00:10:43Z,JUMP-01,C:\ACME\Patch\TelemetryCheck.ps1,0c78690b2e63ae6d62b6844e123f6cd9f565eece2ef79e62bfd16c5154c69c77,trusted_internal,ACME IT Automation,benign,routine trust context
TRUST-01459,2026-09-03T00:12:00Z,PATCH-01,C:\Windows\System32\cleanmgr.exe,7fe631bc6db0a5c49aa8db6d0b94cb67633b7609a5cf45c767a51e9d653c3914,signed,Microsoft Windows,benign,routine trust context
TRUST-00506,2026-09-03T00:12:54Z,HR-WS-22,C:\ACME\Inventory\inventory.exe,4840ebe09891df16c50fefd327b8e69144790c6a6057a2f1a2ee03eb6297922f,trusted_internal,ACME IT Automation,benign,routine trust context
TRUST-00644,2026-09-03T00:15:10Z,APP-03,C:\ACME\Inventory\inventory.exe,8dbf457d9c306de21c1387e981fad3088e23a8d433663c7c25375963bfb62c2a,signed,Microsoft Windows,benign,routine trust context
TRUST-00831,2026-09-03T00:22:11Z,MGMT-01,C:\ACME\Inventory\inventory.exe,1299042a9464dda30fb8325425c3a05ef94db4355ef153b3b2ffee86da115969,signed,ACME IT Automation,benign,routine trust context
TRUST-01164,2026-09-03T00:23:42Z,APP-03,C:\Windows\System32\cleanmgr.exe,0d14d473ac8855dc354a604505073108421c24d08e6f98cdf082a09f36ec925f,trusted_internal,ACME IT Automation,benign,routine trust context
TRUST-01339,2026-09-03T00:28:04Z,JUMP-01,C:\ACME\Inventory\inventory.exe,9f522ef8fbec37b22c5d2f11a7d5c8afc4fa5864b00a2147261c1ed95b2fd8ee,signed,ACME IT Automation,benign,routine trust context
TRUST-00788,2026-09-03T00:28:50Z,HR-WS-22,C:\ACME\Inventory\inventory.exe,884d7aae1c609998fdfc2f678c327976e95e38832bd4e218e97a0040ffd380c2,trusted_internal,ACME IT Automation,benign,routine trust context
TRUST-00565,2026-09-03T00:34:42Z,DC-01,C:\ACME\Patch\TelemetryCheck.ps1,2729c553fbfb52d0b71573eff5c3c4b9a6da433feedc34ae3bb7bf6368ed59e6,trusted_internal,ACME IT Automation,benign,routine trust context
TRUST-01436,2026-09-03T00:36:31Z,PATCH-01,C:\ACME\Inventory\inventory.exe,69d3154c8c4355d6f756cce757aa921f0850967a1ffc413e39b80728bdf32d1e,trusted_internal,ACME IT Automation,benign,routine trust context
TRUST-00210,2026-09-03T00:37:22Z,FILE-02,C:\Windows\System32\cleanmgr.exe,d2a7528af3b15054633348ab131359f29183174391b56fbb2571ade13a890a1e,signed,ACME IT Automation,benign,routine trust context
TRUST-01447,2026-09-03T00:37:55Z,DC-01,C:\ACME\Patch\TelemetryCheck.ps1,3a61754f22dd4bf34c37d3dc9499da9429571eeb4eeb43e6242f54693af0e54d,trusted_internal,ACME IT Automation,benign,routine trust context
TRUST-00816,2026-09-03T00:40:55Z,HR-WS-22,C:\Windows\System32\cleanmgr.exe,97844ae7c6731c6d822c0762b0ce5ba0abd36e0dd8d2ffcb54cbba72c80a268f,trusted_internal,Microsoft Windows,benign,routine trust context
TRUST-01308,2026-09-03T00:43:47Z,DC-01,C:\ACME\Patch\TelemetryCheck.ps1,1fc8dac2ab1ab6aebd00ef971af455b69826c8c217b2a13b53c36058ea7a1346,trusted_internal,ACME IT Automation,benign,routine trust context
TRUST-00112,2026-09-03T00:45:37Z,MGMT-01,C:\ACME\Inventory\inventory.exe,dfc45f369a061fae3cac28af1ff2f71b69c7248b42b85650745dba78f2eb274c,trusted_internal,Microsoft Windows,benign,routine trust context
TRUST-00290,2026-09-03T00:45:40Z,FILE-02,C:\Windows\System32\cleanmgr.exe,b0b6aea9b35236a09a2b7b0c1539778f22664012422dbbde17fc45c70244593d,trusted_internal,Microsoft Windows,benign,routine trust context
TRUST-01274,2026-09-03T00:46:06Z,FILE-02,C:\Windows\System32\cleanmgr.exe,a5b734f8d609cbc20bf9c84a169ba30a1786f85d536c2e724537f9b20888bd76,trusted_internal,Microsoft Windows,benign,routine trust context
TRUST-01384,2026-09-03T00:51:15Z,HR-WS-22,C:\Windows\System32\cleanmgr.exe,e69f00a84c8b8601d9fd9a96f7c7878f6e2b5a66c9bfe9dbaea6f1125a168555,trusted_internal,ACME IT Automation,benign,routine trust context
TRUST-01753,2026-09-03T00:58:44Z,PATCH-01,C:\ACME\Inventory\inventory.exe,317fffa96ee360d11d9aaba1ba54dc9ce846f5fd03bccf12f0baafa0a50cba05,signed,ACME IT Automation,benign,routine trust context
TRUST-00422,2026-09-03T00:59:03Z,DC-01,C:\Windows\System32\cleanmgr.exe,8c0d5064311bdc525427e3617df51f9bce22a53bf66806951a2f76439312bdf4,trusted_internal,ACME IT Automation,benign,routine trust context
TRUST-01555,2026-09-03T01:10:36Z,FILE-02,C:\ACME\Patch\TelemetryCheck.ps1,92df89bd39a525e8ec7aeb3b4fe376b52ff25a3167821030a49c21110f635a91,trusted_internal,ACME IT Automation,benign,routine trust context
TRUST-01298,2026-09-03T01:16:19Z,MGMT-01,C:\Windows\System32\cleanmgr.exe,cd2dcfa9ff265020580193cc262f766f9077b8ecf9724e91d4c2c3998fe24f24,signed,ACME IT Automation,benign,routine trust context
TRUST-01075,2026-09-03T01:27:49Z,APP-03,C:\ACME\Inventory\inventory.exe,a86f69cf7292aeee147ad35880232d0b9d8f90d65120a4978169ec1f0ed0cf5d,trusted_internal,ACME IT Automation,benign,routine trust context
TRUST-01554,2026-09-03T01:28:20Z,APP-03,C:\ACME\Patch\TelemetryCheck.ps1,1fd801c6a20eff8961854568d1181498b5239295a89e1d0bd514d1393643b9dc,signed,Microsoft Windows,benign,routine trust context
TRUST-00791,2026-09-03T01:28:53Z,APP-03,C:\Windows\System32\cleanmgr.exe,751a30129b3fed8c1dc4791077fa052d0c53c5cc6a512dbae598baba7c668273,signed,ACME IT Automation,benign,routine trust context
TRUST-01168,2026-09-03T01:39:12Z,JUMP-01,C:\Windows\System32\cleanmgr.exe,0c1427c7e5e22ae2687cdd64400a94781729735ff79492df86417594ffeef2e4,trusted_internal,ACME IT Automation,benign,routine trust context
TRUST-00276,2026-09-03T01:39:25Z,HR-WS-22,C:\ACME\Patch\TelemetryCheck.ps1,933e5433cba4edbbd8713d1a1486b024b3114f7183b33761e757fbc2b521f51b,trusted_internal,ACME IT Automation,benign,routine trust context
TRUST-00624,2026-09-03T01:43:46Z,APP-03,C:\ACME\Patch\TelemetryCheck.ps1,3ee04e12cdcba4921c89a0c827235e37da38e7d820697b60e79ff41c93239010,signed,Microsoft Windows,benign,routine trust context
TRUST-00306,2026-09-03T01:49:17Z,PATCH-01,C:\Windows\System32\cleanmgr.exe,af3e9a58e9a845baa5988095d753609c3bb8cb3aaf323b80377e7ad04fbf998d,signed,Microsoft Windows,benign,routine trust context
TRUST-01079,2026-09-03T01:51:38Z,FILE-02,C:\ACME\Inventory\inventory.exe,1d72321ee4f774e08547aafd51057743515840b16df53b76e301963be0c9f28a,signed,Microsoft Windows,benign,routine trust context
TRUST-00018,2026-09-03T01:55:57Z,PATCH-01,C:\ACME\Patch\TelemetryCheck.ps1,039513cd10ea442dd8fb95c8d8e6d33cb3eddcc3b40a30213e0c9a6175021034,signed,Microsoft Windows,benign,routine trust context
TRUST-01696,2026-09-03T02:07:16Z,FILE-02,C:\Windows\System32\cleanmgr.exe,35202061f1691a640d08905b0ee5eb4bdaf87a3bc05219daf856335325e6db66,signed,ACME IT Automation,benign,routine trust context
TRUST-01303,2026-09-03T02:12:10Z,FILE-02,C:\Windows\System32\cleanmgr.exe,cc3cd8897cdd8e451e0ce954a448c01b73c073a5dbc7671b0dbb3fb1e29772a9,trusted_internal,Microsoft Windows,benign,routine trust context
TRUST-00450,2026-09-03T02:12:47Z,FILE-02,C:\ACME\Patch\TelemetryCheck.ps1,79c4761cf8a85353de916faf23d232118c9672939bcf1138fb29897338eba67a,signed,Microsoft Windows,benign,routine trust context
TRUST-01503,2026-09-03T02:21:36Z,APP-03,C:\ACME\Inventory\inventory.exe,b684ba6ef2cee7cbdfe5212cb63b70f9094f2d7c403e0436c66cdcc86c34527e,trusted_internal,Microsoft Windows,benign,routine trust context
TRUST-01623,2026-09-03T02:22:50Z,JUMP-01,C:\ACME\Patch\TelemetryCheck.ps1,c7e866a0ac574e3baba8ee9704d5b705b57c745f4f88a932db8e8268e898bdf2,signed,Microsoft Windows,benign,routine trust context
TRUST-00725,2026-09-03T02:26:50Z,FILE-02,C:\Windows\System32\cleanmgr.exe,0a28930433488b796f11294d4b815702edc4331f3189fd3fc77d6828b1def707,trusted_internal,Microsoft Windows,benign,routine trust context
TRUST-00217,2026-09-03T02:33:45Z,JUMP-01,C:\ACME\Patch\TelemetryCheck.ps1,3cd7a1b1a1dbf2c2b9ddc33d07f895ef0b02bb35fe6fe2b6f7f741be24c2c5b2,signed,ACME IT Automation,benign,routine trust context
TRUST-01315,2026-09-03T02:34:27Z,MGMT-01,C:\Windows\System32\cleanmgr.exe,80a63a5126dce022502b53e2c62e8704c46716976911bbabd35b34d04b1cf739,trusted_internal,Microsoft Windows,benign,routine trust context
TRUST-00310,2026-09-03T02:36:07Z,DC-01,C:\ACME\Patch\TelemetryCheck.ps1,2ae8d44d6c4f6c38ef662c70ec08b133bca51b4e79048cdbf58472a543789d1a,signed,ACME IT Automation,benign,routine trust context
TRUST-01158,2026-09-03T02:40:28Z,DC-01,C:\ACME\Patch\TelemetryCheck.ps1,84dffe8efb6473d7a2180a892b2caecda3af7716983afe7e96d11303f4ee58ad,trusted_internal,ACME IT Automation,benign,routine trust context
TRUST-01569,2026-09-03T02:42:30Z,HR-WS-22,C:\ACME\Patch\TelemetryCheck.ps1,dbb56e90e15910ca58861bb571240d2167a73cef0538708a1d6e9692890ab63a,signed,ACME IT Automation,benign,routine trust context
TRUST-00595,2026-09-03T02:45:57Z,MGMT-01,C:\ACME\Inventory\inventory.exe,3628dd6339986877c29d162272b6aea76e07b0609c1b4a97cb87178f04f0cc7a,trusted_internal,ACME IT Automation,benign,routine trust context
TRUST-01492,2026-09-03T02:52:11Z,PATCH-01,C:\Windows\System32\cleanmgr.exe,8e043671a611ea6eb0be2532eb99e2a43630bbe629765e3ff5537ca569cdaed3,trusted_internal,ACME IT Automation,benign,routine trust context
TRUST-00104,2026-09-03T02:53:51Z,APP-03,C:\Windows\System32\cleanmgr.exe,bba316cde9ac37bfa1267d6371c809a54a4a339e78ae189eee17186701b5c91d,trusted_internal,ACME IT Automation,benign,routine trust context
TRUST-00549,2026-09-03T02:54:17Z,JUMP-01,C:\ACME\Inventory\inventory.exe,029350e19406661c013fdc402ba0316839aaaebf0251202926062d7da7f6f2b9,trusted_internal,ACME IT Automation,benign,routine trust context
TRUST-01630,2026-09-03T02:54:26Z,HR-WS-22,C:\Windows\System32\cleanmgr.exe,b557a38a18e135ef450d0f67fb704e833da9863e16a94f52908a139b463d71f1,signed,ACME IT Automation,benign,routine trust context
TRUST-00043,2026-09-03T02:59:13Z,MGMT-01,C:\ACME\Patch\TelemetryCheck.ps1,ea94206952a37f438ef909e0dd3630fee61ea8398526107c900d42655349b7f6,trusted_internal,Microsoft Windows,benign,routine trust context
TRUST-00201,2026-09-03T03:03:04Z,HR-WS-22,C:\ACME\Patch\TelemetryCheck.ps1,efdfdecf5e9a6bb9d8ae3a40df53cbe0cecb45a46be6a736bfe9ea999abf17ea,trusted_internal,ACME IT Automation,benign,routine trust context
TRUST-00348,2026-09-03T03:04:25Z,PATCH-01,C:\Windows\System32\cleanmgr.exe,7934ee3e55c3ba62fbe193888d4247e53e0583692d511d7d634dd527be18c80b,trusted_internal,Microsoft Windows,benign,routine trust context
TRUST-01057,2026-09-03T03:05:20Z,MGMT-01,C:\ACME\Patch\TelemetryCheck.ps1,9485d46272b3946c94fb1ec440181734c1df878493952a37f3a95db2d9fb5864,signed,ACME IT Automation,benign,routine trust context
TRUST-00656,2026-09-03T03:08:25Z,APP-03,C:\ACME\Patch\TelemetryCheck.ps1,42dbffdfd65d797a44a0ec507537c1d92d9d8ece25dffeb48cda85c571ba4264,trusted_internal,Microsoft Windows,benign,routine trust context
TRUST-01059,2026-09-03T03:16:45Z,JUMP-01,C:\ACME\Inventory\inventory.exe,a91d67459c4d67fa25ccc41f6f744c66d18ead73f028b3652d3c0c1eb5a51f65,trusted_internal,ACME IT Automation,benign,routine trust context
TRUST-00645,2026-09-03T03:17:59Z,MGMT-01,C:\Windows\System32\cleanmgr.exe,2c71396b9423462c5abc2815f436fddd4b66c8a974cbf65051c8a38a41636ee2,trusted_internal,Microsoft Windows,benign,routine trust context
TRUST-00616,2026-09-03T03:24:40Z,MGMT-01,C:\ACME\Patch\TelemetryCheck.ps1,cf3fe9b4bbac2334bc71b0e91391d90d3b9a6522e647f47857caacd829f7c2d6,trusted_internal,Microsoft Windows,benign,routine trust context
TRUST-01713,2026-09-03T03:27:59Z,APP-03,C:\ACME\Inventory\inventory.exe,5f2c7a72c6efcde7efe26abc8610795237b059cf03c093c79436f718a9451250,signed,ACME IT Automation,benign,routine trust context
TRUST-00623,2026-09-03T03:40:39Z,JUMP-01,C:\Windows\System32\cleanmgr.exe,5b44498057fadcd96874b4e72017170eafabe1185cb03152547c334b371dbd12,signed,Microsoft Windows,benign,routine trust context
TRUST-00740,2026-09-03T03:47:31Z,FILE-02,C:\ACME\Patch\TelemetryCheck.ps1,9eaf95adf0418517893ef5cf041bf237f6e43354e7aa2c0680a0dfa726a60dfa,trusted_internal,ACME IT Automation,benign,routine trust context
TRUST-01136,2026-09-03T03:50:28Z,FILE-02,C:\ACME\Patch\TelemetryCheck.ps1,ce3d5a6be80c4678cbd62e04d35c8eb768593af13d00e255cb37d8f88ad20628,trusted_internal,Microsoft Windows,benign,routine trust context
TRUST-01791,2026-09-03T03:55:04Z,HR-WS-22,C:\ACME\Patch\TelemetryCheck.ps1,60a81eba1a254eb3e63f006736f163dc79ca619dadd882139f101b5e46014731,signed,Microsoft Windows,benign,routine trust context
TRUST-00432,2026-09-03T03:56:25Z,HR-WS-22,C:\Windows\System32\cleanmgr.exe,f99fad0358843295683306db08c4328b0214dead4b3360aa62b3f7b7d41a0229,signed,ACME IT Automation,benign,routine trust context
TRUST-00715,2026-09-03T04:00:42Z,DC-01,C:\ACME\Patch\TelemetryCheck.ps1,c71652e1bf678d080edea8a18939c6a3df5e48307d9b26f870edeb1cf5e768ae,trusted_internal,ACME IT Automation,benign,routine trust context
TRUST-00160,2026-09-03T04:10:01Z,JUMP-01,C:\ACME\Inventory\inventory.exe,e44769b8b9decb326f51775017a6a75f42b2794139d57ba7b70b1a74032cc607,signed,Microsoft Windows,benign,routine trust context
TRUST-01663,2026-09-03T04:12:35Z,HR-WS-22,C:\ACME\Inventory\inventory.exe,764ef7a8226430266b8df96ef75b5b3b256bfd077ebe96bf5df3d8e5df2f7fd2,signed,ACME IT Automation,benign,routine trust context
TRUST-00125,2026-09-03T04:14:31Z,HR-WS-22,C:\Windows\System32\cleanmgr.exe,07341fc06265b89bc31a0dbdcd03fed14892bb396e431e17af3085337492ecc8,signed,Microsoft Windows,benign,routine trust context
TRUST-00680,2026-09-03T04:22:01Z,DC-01,C:\ACME\Inventory\inventory.exe,cae58595043203f66c550c21d26c363d9530be8707286896274e910c553fc394,signed,Microsoft Windows,benign,routine trust context
TRUST-00996,2026-09-03T04:23:34Z,HR-WS-22,C:\ACME\Inventory\inventory.exe,12b175745f45dc018d17e674d8b32cc2f20e6dc9a0ea158503b35599c4b3fd43,trusted_internal,ACME IT Automation,benign,routine trust context
TRUST-00186,2026-09-03T04:43:56Z,FILE-02,C:\ACME\Inventory\inventory.exe,923dac9a9577d1b9505853c6ca5b31b1a6ff354a2a86aaac64844161f1e34531,signed,Microsoft Windows,benign,routine trust context
TRUST-00828,2026-09-03T04:48:28Z,APP-03,C:\Windows\System32\cleanmgr.exe,e5115739f4570bc05e888170a2747f53b8235be8a1f2674ee25d18e0c1bd78b3,trusted_internal,Microsoft Windows,benign,routine trust context
TRUST-00778,2026-09-03T04:53:03Z,DC-01,C:\Windows\System32\cleanmgr.exe,83f173f047b7975cea56eea5def647fa6b001dcd472d46bb551c10f8d6b27919,signed,Microsoft Windows,benign,routine trust context
TRUST-01418,2026-09-03T04:56:17Z,PATCH-01,C:\ACME\Inventory\inventory.exe,62200e9bca656173803693cdbc5bd23feef42104d92037c6dc79a38667083212,trusted_internal,ACME IT Automation,benign,routine trust context
TRUST-00907,2026-09-03T04:56:48Z,APP-03,C:\ACME\Patch\TelemetryCheck.ps1,b02b3444fd650a547d3d48e2d96527cfcfea1009df67a471051a077ad82616b1,trusted_internal,ACME IT Automation,benign,routine trust context
TRUST-01180,2026-09-03T04:59:12Z,APP-03,C:\ACME\Patch\TelemetryCheck.ps1,0e1a9d11d0f8f7121222988913dbda93d57409ec5de7cc166c8b4a3316fc1291,trusted_internal,Microsoft Windows,benign,routine trust context
TRUST-00469,2026-09-03T05:00:16Z,PATCH-01,C:\Windows\System32\cleanmgr.exe,006bd5b1a0804262cd78445fd641e74b0c64b491b7d147ea4e834c76889bae54,signed,ACME IT Automation,benign,routine trust context
TRUST-01549,2026-09-03T05:06:02Z,FILE-02,C:\ACME\Inventory\inventory.exe,167b79a79ae20e2a60ca86e2a2edacb18f33c931266859dc4aa90be037821a4b,trusted_internal,Microsoft Windows,benign,routine trust context
TRUST-00235,2026-09-03T05:06:17Z,DC-01,C:\Windows\System32\cleanmgr.exe,b1e8405c0a0f033d2e98da16f7b0ccdef5f524b7419931e11619bbd5b0a7536d,signed,Microsoft Windows,benign,routine trust context
TRUST-00282,2026-09-03T05:24:47Z,APP-03,C:\ACME\Patch\TelemetryCheck.ps1,aa86bd955a09f379781def81e99035886ce57c9136a12bd2f44b0077106cbe9a,trusted_internal,ACME IT Automation,benign,routine trust context
TRUST-00655,2026-09-03T05:28:27Z,MGMT-01,C:\Windows\System32\cleanmgr.exe,c9a3f965db56fc336569030568aa3035512688a646f3f34da00ccd005a8fdb1c,signed,Microsoft Windows,benign,routine trust context
TRUST-01649,2026-09-03T05:38:12Z,APP-03,C:\ACME\Patch\TelemetryCheck.ps1,46b0e8e5906d29b691e0217cfed573fe2ca0fbfd07b53f312dbfd8d4bd36273c,signed,ACME IT Automation,benign,routine trust context
TRUST-00403,2026-09-03T05:39:36Z,PATCH-01,C:\ACME\Inventory\inventory.exe,db5f09a991c22f6bd7b5d2d8e7c8916a88f5e47202165fb9fc3bbbd382a3815c,signed,ACME IT Automation,benign,routine trust context
TRUST-00558,2026-09-03T05:39:47Z,JUMP-01,C:\Windows\System32\cleanmgr.exe,6eacb3b45e81d5985fed861e6b0a277cc38fb0f217e5e2a86652bf7b6494cd89,signed,Microsoft Windows,benign,routine trust context
TRUST-01602,2026-09-03T05:47:58Z,FILE-02,C:\ACME\Patch\TelemetryCheck.ps1,56b8d2816c7588b7c319f4773da7b1fdaa3947f089795d998072e3749feb2dd7,trusted_internal,Microsoft Windows,benign,routine trust context
TRUST-01777,2026-09-03T05:48:12Z,MGMT-01,C:\ACME\Inventory\inventory.exe,b2d3439fa2f5d97e8ad4695c4c9a936059a1eec4b4cdf9e15932b90d863bdfbf,trusted_internal,ACME IT Automation,benign,routine trust context
TRUST-00929,2026-09-03T05:55:46Z,HR-WS-22,C:\Windows\System32\cleanmgr.exe,21d08fde5a2851638274c254998800c11458dda37ef0a74bac2190df60f939ca,trusted_internal,Microsoft Windows,benign,routine trust context
TRUST-00012,2026-09-03T06:00:01Z,PATCH-01,C:\ACME\Patch\TelemetryCheck.ps1,8755e081a0a37c4068b39213867c8d9c0b11815858289f4ba2fe397828ba8424,trusted_internal,Microsoft Windows,benign,routine trust context
TRUST-00772,2026-09-03T06:03:50Z,HR-WS-22,C:\ACME\Patch\TelemetryCheck.ps1,6110b04f9424c71b3af22eaf9d067384c80165b001dff7c78a1bb71b2a9a9997,signed,Microsoft Windows,benign,routine trust context
TRUST-00372,2026-09-03T06:08:41Z,JUMP-01,C:\ACME\Inventory\inventory.exe,3716d391f5a57629da2b3c1750dd9272ad4b336322cafe40b6cbc392a377f36e,signed,ACME IT Automation,benign,routine trust context
TRUST-00392,2026-09-03T06:15:40Z,DC-01,C:\ACME\Patch\TelemetryCheck.ps1,8daa1a85b2fee3785bf884cff58c49605fba70c674b37e6a0eb166349a527ef4,trusted_internal,Microsoft Windows,benign,routine trust context
TRUST-00051,2026-09-03T06:19:07Z,HR-WS-22,C:\Windows\System32\cleanmgr.exe,986305c1f531ddd1d1914ecf45b1d0805d7391bd3b79340363315ccbfa91d45d,trusted_internal,ACME IT Automation,benign,routine trust context
TRUST-00331,2026-09-03T06:34:04Z,DC-01,C:\ACME\Inventory\inventory.exe,c881bb6bd9ade2f5ef5cb92a7927db7a4b5c9232a1beb6cfe54d106f34729290,trusted_internal,ACME IT Automation,benign,routine trust context
TRUST-01241,2026-09-03T06:35:53Z,FILE-02,C:\ACME\Inventory\inventory.exe,fded07acd752860f5a87ac7e3be6f7f234f36db74519e737c1d500f139a8edb0,trusted_internal,ACME IT Automation,benign,routine trust context
TRUST-01440,2026-09-03T06:52:03Z,DC-01,C:\ACME\Patch\TelemetryCheck.ps1,89dbfdfa7e8171ffdd096cba1edd913b921d46a099cbcc98e6f698fcfdf7b01c,signed,Microsoft Windows,benign,routine trust context
TRUST-01011,2026-09-03T07:00:19Z,JUMP-01,C:\ACME\Inventory\inventory.exe,e32800841ec2e3b1981156a5282062c972fc4e1973149ee7ee57874bcf8a918f,signed,Microsoft Windows,benign,routine trust context
TRUST-01252,2026-09-03T07:01:12Z,MGMT-01,C:\Windows\System32\cleanmgr.exe,cf4e74898ad1886547afd0a227aa2372cf64ade7c4a5935fa7bbc987ea261096,trusted_internal,Microsoft Windows,benign,routine trust context
TRUST-00801,2026-09-03T07:01:56Z,APP-03,C:\ACME\Inventory\inventory.exe,c399efa323e5da540e58bf20b44c78847dbe333bdd56a13edf6cfa64d4d66768,trusted_internal,ACME IT Automation,benign,routine trust context
TRUST-00213,2026-09-03T07:08:24Z,APP-03,C:\ACME\Patch\TelemetryCheck.ps1,7f9c1d90d9504e8fb2459730e3a7196eb5573cafc513d434262fd6be5e949fc0,signed,Microsoft Windows,benign,routine trust context
TRUST-00885,2026-09-03T07:10:48Z,JUMP-01,C:\ACME\Patch\TelemetryCheck.ps1,4276813c2f8ce6a44ed37f4b28bb996b8a0396c37617a51edf7f508251123ca5,trusted_internal,ACME IT Automation,benign,routine trust context
TRUST-00882,2026-09-03T07:13:59Z,JUMP-01,C:\ACME\Patch\TelemetryCheck.ps1,a446c6228f7ac7fff832b15f4ab3d325d64cb0a9073445d80f8aedc6a8974bc9,trusted_internal,Microsoft Windows,benign,routine trust context
TRUST-00818,2026-09-03T07:14:37Z,APP-03,C:\ACME\Patch\TelemetryCheck.ps1,58fe926ecda1b0a9109ea43b278a2e75e7108d748bc5906ce9e3c2bd08a4b93e,signed,ACME IT Automation,benign,routine trust context
TRUST-00958,2026-09-03T07:23:23Z,PATCH-01,C:\ACME\Patch\TelemetryCheck.ps1,cf3db087ada5dc8ac61514974a4c6308877aafa8a21c1432f4d781ab1ed8908e,trusted_internal,ACME IT Automation,benign,routine trust context
TRUST-00498,2026-09-03T07:25:43Z,PATCH-01,C:\Windows\System32\cleanmgr.exe,5dcbf9dd1c00ae725ce12b501943bd5eca6ca19648c6341b8f54310486eddb47,signed,Microsoft Windows,benign,routine trust context
TRUST-00452,2026-09-03T07:26:17Z,PATCH-01,C:\ACME\Inventory\inventory.exe,216a500a83d36a3283a194849975afe180dd90f046d4dbdcc7d093667c1fb01f,signed,Microsoft Windows,benign,routine trust context
TRUST-01209,2026-09-03T07:26:43Z,JUMP-01,C:\Windows\System32\cleanmgr.exe,1f42089217004e6a4192dfc4753de18cbf83c95def198beca89a881bdea1170f,signed,Microsoft Windows,benign,routine trust context
TRUST-00208,2026-09-03T07:31:37Z,APP-03,C:\Windows\System32\cleanmgr.exe,ec482543ba5a6bf100a65121edd2ac59f14c81a3ee4e80d31a386b1e6c199c34,trusted_internal,Microsoft Windows,benign,routine trust context
TRUST-01099,2026-09-03T07:32:05Z,PATCH-01,C:\ACME\Inventory\inventory.exe,d74b91b9ce434b2bc4e31003c9fa2db421a719181ddf22cf7c301d8eb2770242,trusted_internal,ACME IT Automation,benign,routine trust context
TRUST-00334,2026-09-03T07:37:42Z,PATCH-01,C:\ACME\Patch\TelemetryCheck.ps1,c3b11332e1ae4801b81b2c09597676084eac7f4e2429625bf013410de1b71ebd,signed,ACME IT Automation,benign,routine trust context
TRUST-00807,2026-09-03T07:44:23Z,MGMT-01,C:\ACME\Inventory\inventory.exe,f292c28cbbda81638709832908df81b7d5a51935551e89919b0f5daaa9bbe24a,trusted_internal,ACME IT Automation,benign,routine trust context
TRUST-00948,2026-09-03T07:55:14Z,APP-03,C:\Windows\System32\cleanmgr.exe,4b1c66a3f4e285ef4eb753732a6f407c04f282ed010b7b3f222e5714ad113a50,signed,ACME IT Automation,benign,routine trust context
TRUST-01051,2026-09-03T08:01:00Z,MGMT-01,C:\ACME\Patch\TelemetryCheck.ps1,1480341d409e1e238dbdf2f3380a704452491d141167f65399d16a7c4329a541,trusted_internal,Microsoft Windows,benign,routine trust context
TRUST-00797,2026-09-03T08:02:19Z,APP-03,C:\ACME\Patch\TelemetryCheck.ps1,22937e6ca8838ef3ff14008f91c028fa68dcf94f183998dfe9b46ac29b87e74f,signed,Microsoft Windows,benign,routine trust context
TRUST-00601,2026-09-03T08:06:14Z,PATCH-01,C:\Windows\System32\cleanmgr.exe,12a675256a135b7f7f8da90c82279b6c322fb038d3532a5d01c442d9ded98f3c,signed,Microsoft Windows,benign,routine trust context
TRUST-00980,2026-09-03T08:10:10Z,FILE-02,C:\ACME\Patch\TelemetryCheck.ps1,5af89693a5768033c0bb586c503b3cc30cef79bebc88fe97f312001821c4a99f,trusted_internal,ACME IT Automation,benign,routine trust context
TRUST-01131,2026-09-03T08:15:22Z,DC-01,C:\ACME\Inventory\inventory.exe,dc547c9b9f7ad52b3274fb14499f015df7c1768e9a539fd965cce2811936cd49,signed,ACME IT Automation,benign,routine trust context
TRUST-00517,2026-09-03T08:18:17Z,JUMP-01,C:\ACME\Inventory\inventory.exe,ce57b49835049db1afd577944d369b9b899f9f0691a3a08545023fb8d2ba4c2f,trusted_internal,Microsoft Windows,benign,routine trust context
TRUST-01021,2026-09-03T08:22:35Z,MGMT-01,C:\ACME\Patch\TelemetryCheck.ps1,b5b4b03b99bad7ff778a5432e96c9f950574d44ee2f00315b67b06ac923f95d9,signed,Microsoft Windows,benign,routine trust context
TRUST-01313,2026-09-03T08:31:10Z,PATCH-01,C:\ACME\Inventory\inventory.exe,40ad8827e8bd13944b594336cf33c12c1bd7b0620ca9b35992eeeda92ca0dd09,signed,Microsoft Windows,benign,routine trust context
TRUST-00973,2026-09-03T08:31:29Z,APP-03,C:\ACME\Patch\TelemetryCheck.ps1,acba244313f3a6b0226c7579f829ed623887ae0eb92c8f402129d99026368544,signed,Microsoft Windows,benign,routine trust context
TRUST-01416,2026-09-03T08:37:07Z,DC-01,C:\ACME\Patch\TelemetryCheck.ps1,9979e30e4c6aa9fcec45976c2eed0c2aef1a117af827fcffc788d0e8318fd346,trusted_internal,ACME IT Automation,benign,routine trust context
TRUST-00610,2026-09-03T08:43:17Z,PATCH-01,C:\ACME\Inventory\inventory.exe,5c62a018e8d7ec61f02c86469617a4b8618e0d26478b226d0206ca73f5e0094f,trusted_internal,Microsoft Windows,benign,routine trust context
TRUST-00073,2026-09-03T08:49:24Z,PATCH-01,C:\ACME\Patch\TelemetryCheck.ps1,b34ae550762f5b667840aa18f4d4f4bf5f3bfd0b19e27aba4bb47d38f55cca0d,trusted_internal,ACME IT Automation,benign,routine trust context
TRUST-01544,2026-09-03T08:51:37Z,HR-WS-22,C:\Windows\System32\cleanmgr.exe,3c990c5e4e341cdd1d56d5ef9045bf0df59fec9e98f66146474ec76ab04b7bb8,signed,ACME IT Automation,benign,routine trust context
TRUST-01338,2026-09-03T08:53:39Z,JUMP-01,C:\ACME\Patch\TelemetryCheck.ps1,765eeb1584b7df5ba573716232dc04c972c1eb35b3b5977065da2d06c4bf6759,signed,ACME IT Automation,benign,routine trust context
TRUST-00264,2026-09-03T08:53:55Z,MGMT-01,C:\ACME\Patch\TelemetryCheck.ps1,34a9f7b54648308280f44ff8cc2ee189643aa7b67c4142026e3832b68389eb1c,trusted_internal,ACME IT Automation,benign,routine trust context
TRUST-00011,2026-09-03T09:09:14Z,FILE-02,C:\Windows\System32\cleanmgr.exe,8c00e238ce319b517329b0fd880a32ab9469b92c746d1cc0ce16a8fb2dc56b76,signed,Microsoft Windows,benign,routine trust context
TRUST-01703,2026-09-03T09:09:40Z,APP-03,C:\ACME\Patch\TelemetryCheck.ps1,b34f514e6e2b3036482e096c725d11e7a8f07b4d61203096749d57ad7d0b2b9a,signed,ACME IT Automation,benign,routine trust context
TRUST-01420,2026-09-03T09:23:24Z,APP-03,C:\ACME\Inventory\inventory.exe,bd7488920292e9b333c530b50b780ac652f211da7c6fa272f019a1b7d8716f91,signed,ACME IT Automation,benign,routine trust context
TRUST-00037,2026-09-03T09:37:47Z,DC-01,C:\ACME\Inventory\inventory.exe,131259bdf85081c7f0ef57a41c839554de3b038d38fee0fc2807f9f1596fcc5d,trusted_internal,ACME IT Automation,benign,routine trust context
TRUST-00606,2026-09-03T09:47:39Z,HR-WS-22,C:\Windows\System32\cleanmgr.exe,64ce21281b167343b799c7031f6250cc0b7e8b60a0bdd61a26baa73155eed55d,signed,ACME IT Automation,benign,routine trust context
TRUST-00936,2026-09-03T10:01:30Z,DC-01,C:\ACME\Inventory\inventory.exe,1e3abec8e1d60e36163e1d0ee454f00a1a0f0df16db1850b57701ba6008a4a0b,trusted_internal,ACME IT Automation,benign,routine trust context
TRUST-00253,2026-09-03T10:03:03Z,JUMP-01,C:\Windows\System32\cleanmgr.exe,a3b90c29b487e82368dd5956167600bcf818a50acd924eb11b9d9858eee9d5d2,trusted_internal,Microsoft Windows,benign,routine trust context
TRUST-00662,2026-09-03T10:05:25Z,FILE-02,C:\Windows\System32\cleanmgr.exe,157bf4a8fd57f146a17508e358b7634ac2e4fe145021e057295e0d59dd764cb8,trusted_internal,Microsoft Windows,benign,routine trust context
TRUST-00295,2026-09-03T10:07:15Z,MGMT-01,C:\Windows\System32\cleanmgr.exe,27035319c51c0554cd9e5260d1a843cac7b56f1a0c90c24545c164230aec5a9e,signed,ACME IT Automation,benign,routine trust context
TRUST-01410,2026-09-03T10:11:11Z,DC-01,C:\ACME\Patch\TelemetryCheck.ps1,04f12a7016b348bc12025b38c7a61ce1331ca853cfc49fc3b22cdcd9e2aa8672,trusted_internal,Microsoft Windows,benign,routine trust context
TRUST-00030,2026-09-03T10:13:07Z,JUMP-01,C:\ACME\Inventory\inventory.exe,fc8b1a7aba5ad122a1acfae655a23408c2d873c1c8bfbacf5aa939b4b9a89ba3,signed,ACME IT Automation,benign,routine trust context
TRUST-00345,2026-09-03T10:14:30Z,FILE-02,C:\ACME\Patch\TelemetryCheck.ps1,8f118073b4c79a2b3dac7818da9e7e0122b95c72be9e3d9330cc09893f855a0c,signed,Microsoft Windows,benign,routine trust context
TRUST-00723,2026-09-03T10:16:20Z,JUMP-01,C:\ACME\Inventory\inventory.exe,4361e70ce184a32da21b8ef00c8388e3cc65f21e0f3a5b40a80f17b03b6cbe9f,trusted_internal,Microsoft Windows,benign,routine trust context
TRUST-00992,2026-09-03T10:17:48Z,APP-03,C:\ACME\Inventory\inventory.exe,e8c4a7f220211a53e1b240be418c24b04a43bac3cd242156ea4822799f677d5d,trusted_internal,Microsoft Windows,benign,routine trust context
TRUST-00963,2026-09-03T10:18:20Z,PATCH-01,C:\ACME\Inventory\inventory.exe,ff246be9194bbf8719ba6ba094829d79b6599e7b4a89dfab78293629edea84ec,signed,Microsoft Windows,benign,routine trust context
TRUST-00417,2026-09-03T10:21:53Z,MGMT-01,C:\ACME\Patch\TelemetryCheck.ps1,b40da6a9299b418eb36397579891228b90016f50bc801702609c84d14d043cf1,trusted_internal,Microsoft Windows,benign,routine trust context
TRUST-00224,2026-09-03T10:34:08Z,PATCH-01,C:\ACME\Inventory\inventory.exe,dc8da1e1561fabaf08e40e21cabb93581e40f69fe42a3d2fa4eadc4dc79b1e0d,signed,ACME IT Automation,benign,routine trust context
TRUST-00374,2026-09-03T10:37:39Z,MGMT-01,C:\ACME\Inventory\inventory.exe,19a8d33c26fca3bebad4fe42642373189ed8e0795b7c78bb97b89d2a758e070c,trusted_internal,Microsoft Windows,benign,routine trust context
TRUST-01511,2026-09-03T10:38:12Z,DC-01,C:\Windows\System32\cleanmgr.exe,a94cd90c439b9e10fd16837b21f83d913049de9d9280b535629aebd89e8402ad,trusted_internal,ACME IT Automation,benign,routine trust context
TRUST-00483,2026-09-03T10:40:49Z,JUMP-01,C:\Windows\System32\cleanmgr.exe,2363dfec11043cddcaa4420b9fcbd813170a07ada9c883ec6ccdcca0dda42194,signed,ACME IT Automation,benign,routine trust context
TRUST-01033,2026-09-03T10:53:36Z,JUMP-01,C:\Windows\System32\cleanmgr.exe,c33ade5491812f2f5d1951303b5bb89c5a3cfc867cad1dec481d8735a21573ab,signed,Microsoft Windows,benign,routine trust context
TRUST-00212,2026-09-03T10:53:41Z,APP-03,C:\ACME\Inventory\inventory.exe,03d62c4073aeff0e64aff7f2d62ba5fcdbe4651e726f4dfe4e78451f9c109664,signed,Microsoft Windows,benign,routine trust context
TRUST-01784,2026-09-03T10:55:40Z,APP-03,C:\ACME\Patch\TelemetryCheck.ps1,acf313f2a02311d2ddfc89b31ff92ab77c64466ec019b88db61a7541ee06cc30,trusted_internal,Microsoft Windows,benign,routine trust context
TRUST-00242,2026-09-03T10:55:48Z,APP-03,C:\ACME\Patch\TelemetryCheck.ps1,02c876618c9b0197e0f36946799155a80f72ac84a108bbb0b6af7fbc81eae505,trusted_internal,ACME IT Automation,benign,routine trust context
TRUST-01222,2026-09-03T10:56:19Z,FILE-02,C:\ACME\Inventory\inventory.exe,78782d51158c6c7de3e0ebd5685c2372ded763f04deb5ce849968993962a6215,signed,Microsoft Windows,benign,routine trust context
TRUST-00673,2026-09-03T10:57:50Z,JUMP-01,C:\ACME\Patch\TelemetryCheck.ps1,64874cd2745ad77f112df3752af7cb2b53e14266d7d91eaa8ca2c79027703446,signed,ACME IT Automation,benign,routine trust context
TRUST-00301,2026-09-03T10:58:48Z,JUMP-01,C:\ACME\Patch\TelemetryCheck.ps1,3d55827e91eff729fb62b7c6fca8faa9bda51ee2b7549741f94e876e2212c354,signed,ACME IT Automation,benign,routine trust context
TRUST-00670,2026-09-03T11:01:01Z,APP-03,C:\ACME\Patch\TelemetryCheck.ps1,f1494a074faebd21c22af3c7f841984d6d6a564e72da19fe9b3245be588276e6,trusted_internal,ACME IT Automation,benign,routine trust context
TRUST-01287,2026-09-03T11:05:51Z,DC-01,C:\ACME\Inventory\inventory.exe,548934db52b3caa30e584393d7278308ca6eadd7a139780413ff4657133d2c30,signed,Microsoft Windows,benign,routine trust context
TRUST-00790,2026-09-03T11:13:50Z,APP-03,C:\ACME\Patch\TelemetryCheck.ps1,c2fb984082def25323537c8677ebb34830d2ad226574377e812ab430cfe63907,signed,ACME IT Automation,benign,routine trust context
TRUST-00559,2026-09-03T11:14:36Z,PATCH-01,C:\Windows\System32\cleanmgr.exe,db195b088e5cdcff168fefb2ce3f07638ce16350d763a306ce2ff990dd250a8e,trusted_internal,ACME IT Automation,benign,routine trust context
TRUST-01534,2026-09-03T11:15:23Z,JUMP-01,C:\ACME\Inventory\inventory.exe,3d8913ef27e4f9af82e86c0be7c0fe0e29638075e4829b23a1d4e3392505057f,trusted_internal,ACME IT Automation,benign,routine trust context
TRUST-01153,2026-09-03T11:15:36Z,APP-03,C:\ACME\Patch\TelemetryCheck.ps1,0bdbb3915aee6504e5e2fc89da25d54de69b72bbc06a987a837c7961028e6512,trusted_internal,Microsoft Windows,benign,routine trust context
TRUST-00678,2026-09-03T11:23:46Z,FILE-02,C:\ACME\Inventory\inventory.exe,8e14d34d6487bda736d66e7ff2587ce83e0bb885950db1e45073808579eaefaa,signed,ACME IT Automation,benign,routine trust context
TRUST-01304,2026-09-03T11:24:21Z,PATCH-01,C:\ACME\Patch\TelemetryCheck.ps1,32bd699307083f7834923c4d23ba7991cdb47e0a8ced25ecef469f37a59a8158,signed,Microsoft Windows,benign,routine trust context
TRUST-01329,2026-09-03T11:24:32Z,FILE-02,C:\Windows\System32\cleanmgr.exe,7f582bfbdddd35919650f8187ca87d34b6e870f56f75e744ef61b7ddfbc537ac,trusted_internal,ACME IT Automation,benign,routine trust context
TRUST-00887,2026-09-03T11:27:11Z,MGMT-01,C:\Windows\System32\cleanmgr.exe,bde29c28d12db7187db8aae0929fda22c9f22949bf8e0e2c781314bb9bc70e39,trusted_internal,ACME IT Automation,benign,routine trust context
TRUST-00457,2026-09-03T11:32:16Z,DC-01,C:\ACME\Patch\TelemetryCheck.ps1,d002087a47db44edd28631f583ca159fac8ee2f6a79fb9888683981ca56e2439,signed,ACME IT Automation,benign,routine trust context
TRUST-00945,2026-09-03T11:32:16Z,PATCH-01,C:\Windows\System32\cleanmgr.exe,7b0fd6ef607f9089dedbfc1011c2376d3961e7c6186c282ecab452f7ec15a951,signed,ACME IT Automation,benign,routine trust context
TRUST-00889,2026-09-03T11:41:39Z,MGMT-01,C:\Windows\System32\cleanmgr.exe,f2e473ef52e496d2c5a5c0d38f45cff86d6b8fef6084eb1d4ec8c17f41588ca7,trusted_internal,Microsoft Windows,benign,routine trust context
TRUST-00686,2026-09-03T11:44:47Z,PATCH-01,C:\ACME\Patch\TelemetryCheck.ps1,bd9ebe208ac2323b1fe29e8dde9a5afae7a3c1fb41f588e811da1ec6d87eaeb2,signed,ACME IT Automation,benign,routine trust context
TRUST-00813,2026-09-03T11:51:49Z,JUMP-01,C:\ACME\Patch\TelemetryCheck.ps1,a03bc540713ae90f61e8e75bcc544868c6a3b1da27333734138a969ca8767e41,trusted_internal,Microsoft Windows,benign,routine trust context
TRUST-01368,2026-09-03T11:52:15Z,FILE-02,C:\Windows\System32\cleanmgr.exe,6efdc59ad10469b8c391cf2c2c5a1474ab39d5b80a4366b1de9c9b5218c071cf,trusted_internal,Microsoft Windows,benign,routine trust context
TRUST-00784,2026-09-03T11:57:34Z,JUMP-01,C:\Windows\System32\cleanmgr.exe,362dc37b3ca5e8d2ba118cc2b785a3e54601aa566bce30580b3b247aec87dca3,signed,ACME IT Automation,benign,routine trust context
TRUST-01353,2026-09-03T12:02:22Z,HR-WS-22,C:\Windows\System32\cleanmgr.exe,4ac5ec39685a134a6a99ce8f758a6daa060013a91f00792a56ce37195c45a223,trusted_internal,ACME IT Automation,benign,routine trust context
TRUST-01265,2026-09-03T12:05:51Z,HR-WS-22,C:\ACME\Patch\TelemetryCheck.ps1,24f89b605eb6c94773f837e1f31ed817f08f9406c4b7dd3ca0418e0a928267d8,trusted_internal,ACME IT Automation,benign,routine trust context
TRUST-01296,2026-09-03T12:06:38Z,FILE-02,C:\Windows\System32\cleanmgr.exe,da16fcbcef0430c2d80401bed1a717b9e9e1d53c8ef7d820a4e01a651e107a11,trusted_internal,ACME IT Automation,benign,routine trust context
TRUST-01580,2026-09-03T12:17:33Z,HR-WS-22,C:\Windows\System32\cleanmgr.exe,0a216f0a73872e946ac8fb03b11b4790a0dea75b0215eb49c697d0c8b8badb81,signed,Microsoft Windows,benign,routine trust context
TRUST-00046,2026-09-03T12:32:05Z,HR-WS-22,C:\Windows\System32\cleanmgr.exe,708b81d76dcc32cd1f875f7e8547a096b11fd32e2b3d6ad726d4a38a2932d11b,signed,ACME IT Automation,benign,routine trust context
TRUST-00068,2026-09-03T12:35:25Z,FILE-02,C:\Windows\System32\cleanmgr.exe,a0f61b489ce87db2426e3d3b6de386209a504216e445d8b71b92a2f35037fad1,signed,Microsoft Windows,benign,routine trust context
TRUST-01381,2026-09-03T12:40:51Z,PATCH-01,C:\Windows\System32\cleanmgr.exe,785f03c6d951df47c023faacdaad4b9fb3450f1f250a4f96d0fd2d29e47c8ca8,signed,ACME IT Automation,benign,routine trust context
TRUST-00510,2026-09-03T12:42:24Z,HR-WS-22,C:\Windows\System32\cleanmgr.exe,eef5ac72a0cff26b031a35ca8547394528f55a0ee69cad999a0d22656cc597a5,signed,ACME IT Automation,benign,routine trust context
TRUST-00626,2026-09-03T12:47:51Z,DC-01,C:\Windows\System32\cleanmgr.exe,3507ed486af951b8fbcd7b490d8261515951fc1a8318c00b9bae2cc089cf1fa4,signed,Microsoft Windows,benign,routine trust context
TRUST-01285,2026-09-03T12:52:59Z,MGMT-01,C:\ACME\Patch\TelemetryCheck.ps1,0537a166090279b48f05e280a1c7726182cda5b3db9d8f277f9f1f3f038394f8,trusted_internal,Microsoft Windows,benign,routine trust context
TRUST-00710,2026-09-03T12:55:14Z,PATCH-01,C:\Windows\System32\cleanmgr.exe,564db473468ee35b44b8eda9c43f9980c39f94a9706dd9fcf85064932d415c60,trusted_internal,ACME IT Automation,benign,routine trust context
TRUST-00351,2026-09-03T12:55:41Z,APP-03,C:\ACME\Inventory\inventory.exe,4c52a486cc408b2265613bbbf9bd7600bca0b5706baa074cd110b0258b736e96,signed,Microsoft Windows,benign,routine trust context
TRUST-01137,2026-09-03T13:00:15Z,FILE-02,C:\ACME\Inventory\inventory.exe,c69fcb6b41768845624726ffc82b4de1d833b30dca0fc007d994d4f93b4f176c,signed,Microsoft Windows,benign,routine trust context
TRUST-00998,2026-09-03T13:07:07Z,FILE-02,C:\ACME\Patch\TelemetryCheck.ps1,f293d4b67a9898f5ff11785fb226a906c8fb6e775f6a5e25a5fbd944efd0c5f5,signed,Microsoft Windows,benign,routine trust context
TRUST-00827,2026-09-03T13:11:32Z,HR-WS-22,C:\ACME\Inventory\inventory.exe,ba97799b2fd942729b024029ad89561365db3cf3430a5a6bf99797311fcdf107,trusted_internal,ACME IT Automation,benign,routine trust context
TRUST-00098,2026-09-03T13:17:54Z,FILE-02,C:\Windows\System32\cleanmgr.exe,6c57f8913328308e5251db82fd934a50bca9dd8a2650bfaa97b8ab7cb2c0c6ea,signed,Microsoft Windows,benign,routine trust context
TRUST-01142,2026-09-03T13:19:27Z,FILE-02,C:\ACME\Patch\TelemetryCheck.ps1,0a165149e077ec86b4d8665811fdb6c2e7100fdbc3c1f645aac001232e971913,signed,Microsoft Windows,benign,routine trust context
TRUST-01054,2026-09-03T13:21:00Z,MGMT-01,C:\Windows\System32\cleanmgr.exe,ec0b1f8020429edfe8539c786cadc59d3a491835e1458987526bc249e828e3f2,signed,ACME IT Automation,benign,routine trust context
TRUST-01417,2026-09-03T13:25:54Z,DC-01,C:\ACME\Patch\TelemetryCheck.ps1,8deee64b3554bbd7bf203264ae461e6ee7245a16fd733252c3c8d1bcf90fd1e8,signed,Microsoft Windows,benign,routine trust context
TRUST-01077,2026-09-03T13:30:05Z,HR-WS-22,C:\Windows\System32\cleanmgr.exe,53c20427c94ea01bd23c158edd42a59a98eaad0d973bffbefa23c6c95f519e95,signed,ACME IT Automation,benign,routine trust context
TRUST-01716,2026-09-03T13:31:48Z,APP-03,C:\Windows\System32\cleanmgr.exe,336bf2efaa1565cdb1bd0573f43556b8604d280fbee10eaa77c86da01f85cc68,trusted_internal,ACME IT Automation,benign,routine trust context
TRUST-00303,2026-09-03T13:31:59Z,FILE-02,C:\ACME\Patch\TelemetryCheck.ps1,002d2d851bbade6b015f8cb56aa764f2821c98c89c93acae0d5aa9c08f0588a3,signed,ACME IT Automation,benign,routine trust context
TRUST-00774,2026-09-03T13:32:45Z,PATCH-01,C:\ACME\Inventory\inventory.exe,916d7200bbc124abafba0d63cad1077e3753cbf5505cf1ca97e70bab01b82d01,signed,Microsoft Windows,benign,routine trust context
TRUST-01311,2026-09-03T13:32:47Z,APP-03,C:\Windows\System32\cleanmgr.exe,166306c4a93b915fbbcdc625c20b5850194128c9100ff1ddabdd972c6b1ab1d3,signed,Microsoft Windows,benign,routine trust context
TRUST-00826,2026-09-03T13:36:58Z,MGMT-01,C:\ACME\Inventory\inventory.exe,dce18f5491b25cb83bda773d3a5ecadf158538ee3a210845db84e6aad5ff0f53,trusted_internal,Microsoft Windows,benign,routine trust context
TRUST-00893,2026-09-03T13:37:55Z,FILE-02,C:\Windows\System32\cleanmgr.exe,a741ebbdd2dde25896f44a92b06f42074612893aa83070c0186910e16b0c72d9,signed,ACME IT Automation,benign,routine trust context
TRUST-01558,2026-09-03T13:42:18Z,PATCH-01,C:\ACME\Patch\TelemetryCheck.ps1,71dcf44af761b28341bb19eee8c07031a70ec1feb4f94c010113bd331a10b4df,trusted_internal,ACME IT Automation,benign,routine trust context
TRUST-00765,2026-09-03T13:53:53Z,MGMT-01,C:\ACME\Inventory\inventory.exe,1e11f03b75d661a5849a79203c8a6c1da7c00178243759b5034d7b03bdbecaf4,trusted_internal,ACME IT Automation,benign,routine trust context
TRUST-01039,2026-09-03T13:55:19Z,PATCH-01,C:\ACME\Inventory\inventory.exe,f97b0953be92606c3f82e4edf38957d27ff2cff8eb738a7e8fabbb5b59032168,trusted_internal,Microsoft Windows,benign,routine trust context
TRUST-01730,2026-09-03T14:02:19Z,FILE-02,C:\ACME\Inventory\inventory.exe,cf88564addb6d1a78cc40c1f5c38044180b060c33e3fde39a19da43d47be5e05,signed,ACME IT Automation,benign,routine trust context
TRUST-01744,2026-09-03T14:02:41Z,HR-WS-22,C:\ACME\Patch\TelemetryCheck.ps1,50a4d8ac6757457efa2eb8a456e47b4621e0a21e15bb980b15bbdb4d89a91846,trusted_internal,Microsoft Windows,benign,routine trust context
TRUST-01403,2026-09-03T14:03:40Z,JUMP-01,C:\Windows\System32\cleanmgr.exe,cf9780741d9ba5d1fdc1dfa099ebce6ebf78480746c03b5edf08c7ba5d7ede7e,signed,ACME IT Automation,benign,routine trust context
TRUST-00975,2026-09-03T14:09:36Z,HR-WS-22,C:\ACME\Inventory\inventory.exe,54c2142379bf811d6306f451a1110539db38fef5890339b4ed0e6ca7545707f7,trusted_internal,Microsoft Windows,benign,routine trust context
TRUST-00307,2026-09-03T14:09:49Z,FILE-02,C:\ACME\Patch\TelemetryCheck.ps1,7f48ccb053fe3e29227c1b30ff4f1f044e9e070cef7e4096f972dfab41407493,signed,ACME IT Automation,benign,routine trust context
TRUST-00554,2026-09-03T14:11:16Z,JUMP-01,C:\Windows\System32\cleanmgr.exe,48851996eb84a0be3db4e32649e75364d07ee2b5db8c0c6a438485024e9c8f82,signed,Microsoft Windows,benign,routine trust context
TRUST-01610,2026-09-03T14:16:12Z,PATCH-01,C:\ACME\Patch\TelemetryCheck.ps1,e18debfce8ad61383f8b7fc4d105584bd74a408c6640576979b29c1528a92462,trusted_internal,Microsoft Windows,benign,routine trust context
TRUST-01130,2026-09-03T14:23:18Z,FILE-02,C:\ACME\Patch\TelemetryCheck.ps1,66b18dbdc7bf2a9ee04c31b449285aa63edd05c9f09ca8214936ccc04fe5c7b1,signed,ACME IT Automation,benign,routine trust context
TRUST-00107,2026-09-03T14:30:13Z,APP-03,C:\ACME\Patch\TelemetryCheck.ps1,6fb91bf5e35f4dae02701aa79870eb880bc5c7e6fead1e5e590b229cf752e31a,signed,ACME IT Automation,benign,routine trust context
TRUST-00572,2026-09-03T14:36:47Z,FILE-02,C:\Windows\System32\cleanmgr.exe,3813d90a4ab320288a46c7efd4e57e63cbd619663a3c47523aae186e69e87017,trusted_internal,ACME IT Automation,benign,routine trust context
TRUST-01673,2026-09-03T14:37:54Z,DC-01,C:\ACME\Inventory\inventory.exe,82f8ac7115e46bf73896e7b41decd7fcc2a3b8ffec47fef137e0404383ba1432,trusted_internal,Microsoft Windows,benign,routine trust context
TRUST-00692,2026-09-03T14:42:02Z,JUMP-01,C:\ACME\Inventory\inventory.exe,c84d17f786afb97e6c63274fb1cb031d95d14892f608a1870a4518b167e5d648,signed,Microsoft Windows,benign,routine trust context
TRUST-01187,2026-09-03T14:42:06Z,FILE-02,C:\Windows\System32\cleanmgr.exe,c0ab3b6a8af0776a4c1e2d8f58c7a542201cc173f6ffadb345457e0f376afe18,trusted_internal,Microsoft Windows,benign,routine trust context
TRUST-01388,2026-09-03T14:43:30Z,DC-01,C:\ACME\Patch\TelemetryCheck.ps1,5e4311e749c6c87c0123eb93979c5e144b49302cf21406432e3fa8ad70e9ec69,signed,Microsoft Windows,benign,routine trust context
TRUST-00015,2026-09-03T14:49:44Z,JUMP-01,C:\ACME\Patch\TelemetryCheck.ps1,cb6ec53b2adce9fbbe3d8390cc5980aeda24fc747d532e9b677e3812a4eea75b,signed,Microsoft Windows,benign,routine trust context
TRUST-00273,2026-09-03T14:50:25Z,FILE-02,C:\ACME\Patch\TelemetryCheck.ps1,513f999b931f8626d4b75bbf2d34ffc451aecdba1975e0561c8acb7cde9cfc51,signed,ACME IT Automation,benign,routine trust context
TRUST-00739,2026-09-03T14:52:34Z,JUMP-01,C:\ACME\Inventory\inventory.exe,cd626121b3ed3902aea95610e0e6f1d1a02a33e8ae1ab2113c7b3845ed41520a,trusted_internal,Microsoft Windows,benign,routine trust context
TRUST-00796,2026-09-03T15:00:43Z,FILE-02,C:\ACME\Inventory\inventory.exe,90ee7957d703f4b96054a84ce6277f8837886636122498ecca1fab8db1acc25b,trusted_internal,ACME IT Automation,benign,routine trust context
TRUST-00908,2026-09-03T15:04:44Z,PATCH-01,C:\ACME\Inventory\inventory.exe,9270bef4b5672e011fcbb7df850da38efb539591eee0969d7f096763ea559daa,signed,Microsoft Windows,benign,routine trust context
TRUST-00003,2026-09-03T15:14:48Z,APP-03,C:\ACME\Inventory\inventory.exe,4cbdc9ff7dacbfa8907f942cc8efebf751f5781255e9ca4ae98bea5900030896,signed,Microsoft Windows,benign,routine trust context
TRUST-01327,2026-09-03T15:14:49Z,JUMP-01,C:\Windows\System32\cleanmgr.exe,71bb4ce0fe3c6f10e13a72ad835e8ce6cd0da9186ddcf73b23b9af0ffb9029b5,signed,ACME IT Automation,benign,routine trust context
TRUST-00997,2026-09-03T15:16:15Z,HR-WS-22,C:\ACME\Patch\TelemetryCheck.ps1,8a1cbe61d087558476f805fafb8851e8c1065b07c2335a46956bded391cb2997,trusted_internal,ACME IT Automation,benign,routine trust context
TRUST-01481,2026-09-03T15:21:02Z,JUMP-01,C:\ACME\Inventory\inventory.exe,71697729578e7f83ceb02dff471cbb588f2df2002d614c9c09bbba77319fb313,signed,Microsoft Windows,benign,routine trust context
TRUST-00090,2026-09-03T15:23:21Z,PATCH-01,C:\Windows\System32\cleanmgr.exe,fb7aeed96971f1baaf1199282d414c20c0a060cc3fb5c4500389a221c56716d5,trusted_internal,ACME IT Automation,benign,routine trust context
TRUST-01045,2026-09-03T15:23:26Z,FILE-02,C:\ACME\Inventory\inventory.exe,b482d1710e7624f694ce23f9576761503b1a8340cda098a030a05122557816ec,trusted_internal,Microsoft Windows,benign,routine trust context
TRUST-01790,2026-09-03T15:30:19Z,DC-01,C:\Windows\System32\cleanmgr.exe,b4d969e3a3a182705a1010f8b112db5c8eabc49dca3f65d3c08cda788a00cc1d,signed,Microsoft Windows,benign,routine trust context
TRUST-00880,2026-09-03T15:31:11Z,MGMT-01,C:\ACME\Patch\TelemetryCheck.ps1,e36044f4460ac978a2a4532f6de0596ae72cdcc21f418fd77573ab0a87b6e486,trusted_internal,Microsoft Windows,benign,routine trust context
TRUST-00099,2026-09-03T15:44:44Z,DC-01,C:\ACME\Inventory\inventory.exe,89c10c2a396b6bec01f36e8eebe8b35535d3179630ab5ab94ac00c7e11acba3f,signed,Microsoft Windows,benign,routine trust context
TRUST-01568,2026-09-03T15:51:23Z,PATCH-01,C:\Windows\System32\cleanmgr.exe,c6e147c05c385c6f28f407800d44702e1a29bf73ed9ae85c45e875849f39298f,trusted_internal,Microsoft Windows,benign,routine trust context
TRUST-01635,2026-09-03T15:57:27Z,PATCH-01,C:\Windows\System32\cleanmgr.exe,7c37eb26abcc555ceed9b1704abb53352798996119f3e5d33b6d6d8a447e5069,trusted_internal,Microsoft Windows,benign,routine trust context
TRUST-01326,2026-09-03T15:59:02Z,HR-WS-22,C:\ACME\Inventory\inventory.exe,7baff895cd6611cb27b7a62455352a12e1dbb25f14f91de5a2b47ef36db2ffde,trusted_internal,Microsoft Windows,benign,routine trust context
TRUST-00209,2026-09-03T16:06:09Z,MGMT-01,C:\ACME\Inventory\inventory.exe,b23744d8ec1e352357cf907cc238fbe0fb7e93d96ac033195fe57198b86555ec,trusted_internal,ACME IT Automation,benign,routine trust context
TRUST-00707,2026-09-03T16:11:29Z,APP-03,C:\ACME\Patch\TelemetryCheck.ps1,08efd88615cdf39964f3c7830328f14e7f6265ba27dcb97bbcc7efb285709812,trusted_internal,Microsoft Windows,benign,routine trust context
TRUST-00742,2026-09-03T16:14:40Z,HR-WS-22,C:\Windows\System32\cleanmgr.exe,f6109c016a3231069c2f1f74d54f91b946800790e210ed66acb605121b369e31,trusted_internal,Microsoft Windows,benign,routine trust context
TRUST-01506,2026-09-03T16:16:35Z,DC-01,C:\ACME\Inventory\inventory.exe,8c86b64c06554629cec5e561056cf02a4c94dbfac4461db8b41a7907948377b7,signed,ACME IT Automation,benign,routine trust context
TRUST-00168,2026-09-03T16:16:58Z,FILE-02,C:\ACME\Inventory\inventory.exe,4204e0470596c42ccac6b565d5fdc029b4cb3f6955c076a6a3abd254bf064a7f,trusted_internal,Microsoft Windows,benign,routine trust context
TRUST-00388,2026-09-03T16:23:42Z,PATCH-01,C:\ACME\Inventory\inventory.exe,a624f6373be8bebe7cf7cc4ebc80862c7d26ac821b8f50f4b1240b751db856f0,trusted_internal,ACME IT Automation,benign,routine trust context
TRUST-00690,2026-09-03T16:28:01Z,HR-WS-22,C:\Windows\System32\cleanmgr.exe,a20cf5bcb9785f1fedb494f7fa520db8149282f200b8e60a3f26014ddc352135,trusted_internal,Microsoft Windows,benign,routine trust context
TRUST-01407,2026-09-03T16:30:23Z,PATCH-01,C:\ACME\Patch\TelemetryCheck.ps1,1f76a49139560c82a30c71b3732b3e6ea19631b6a20d44479152ff4245ebd0be,signed,ACME IT Automation,benign,routine trust context
TRUST-01084,2026-09-03T16:32:50Z,MGMT-01,C:\ACME\Inventory\inventory.exe,5a65b48dbc799d25f2518102e172aff4cd05684989902976e05eb3dce5d75ed8,signed,Microsoft Windows,benign,routine trust context
TRUST-01115,2026-09-03T16:40:36Z,HR-WS-22,C:\ACME\Inventory\inventory.exe,6e276eb459b4ddde5ec7d3c1057783a7909fb83a32e060c75c29318ffd99a29f,signed,ACME IT Automation,benign,routine trust context
TRUST-00932,2026-09-03T16:42:37Z,APP-03,C:\ACME\Inventory\inventory.exe,a03b8f7f3e9d3f370571328bc9e9e02e80420a5c0cd72ab4adf3b5be02753a43,signed,Microsoft Windows,benign,routine trust context
TRUST-00257,2026-09-03T16:45:10Z,FILE-02,C:\Windows\System32\cleanmgr.exe,3865dc90da97e038ec023181b54f2a93dcfdfd734ec2a19cd29ad0c15fe35043,signed,ACME IT Automation,benign,routine trust context
TRUST-01053,2026-09-03T16:52:33Z,APP-03,C:\Windows\System32\cleanmgr.exe,c77e507534b8903d4ed4c236c3aa11d9b5d9f90f931a19fd9c9217fafb35215a,trusted_internal,ACME IT Automation,benign,routine trust context
TRUST-00447,2026-09-03T17:07:53Z,MGMT-01,C:\ACME\Inventory\inventory.exe,3b15f8158b93dac3c97a3fad26b96aec576ae2ad2eefc28434667a3e6e522e6a,signed,ACME IT Automation,benign,routine trust context
TRUST-00431,2026-09-03T17:13:46Z,DC-01,C:\ACME\Inventory\inventory.exe,fbc2f5d38d73ec6d1c88efec26cd4eba0c76d369ce706d5d7db5bf58167be369,trusted_internal,ACME IT Automation,benign,routine trust context
TRUST-01684,2026-09-03T17:19:45Z,APP-03,C:\ACME\Inventory\inventory.exe,e456c13f541d8bb84a8f2471c788984f5adee1683c0588376f23b7d533bdfa4e,trusted_internal,Microsoft Windows,benign,routine trust context
TRUST-00938,2026-09-03T17:19:57Z,MGMT-01,C:\Windows\System32\cleanmgr.exe,db5b40cae94c8d3a0709f90f74f39a678a25d4ebd2e7b90ad46f95bbb3939bc8,signed,Microsoft Windows,benign,routine trust context
TRUST-01685,2026-09-03T17:20:00Z,APP-03,C:\Windows\System32\cleanmgr.exe,646383e70ed4763f4a1bb61a33e7a7e10c30e038fda998d1ac9b912d1bb6fdd7,trusted_internal,Microsoft Windows,benign,routine trust context
TRUST-00244,2026-09-03T17:26:15Z,JUMP-01,C:\ACME\Inventory\inventory.exe,abd7037d4c3d607ba947c99dc0e1620d6250029c947103ecc7f2fbb83a6d1148,signed,Microsoft Windows,benign,routine trust context
TRUST-00091,2026-09-03T17:29:05Z,APP-03,C:\ACME\Inventory\inventory.exe,ebfdecf6075f1661b8ee070cf58e925ed54a56ade03ffd23024986a720273681,trusted_internal,ACME IT Automation,benign,routine trust context
TRUST-00835,2026-09-03T17:29:06Z,FILE-02,C:\ACME\Inventory\inventory.exe,aee5a06dfbe4c61977d15185a1913b906cf9147671159d83f6948a9c553eecc6,signed,Microsoft Windows,benign,routine trust context
TRUST-00852,2026-09-03T17:37:07Z,PATCH-01,C:\Windows\System32\cleanmgr.exe,aff27bd45413fbee25f22086b90979796f7cbbd074bc7e2f213f1344352f1dec,signed,Microsoft Windows,benign,routine trust context
TRUST-00592,2026-09-03T17:38:06Z,MGMT-01,C:\ACME\Patch\TelemetryCheck.ps1,036ed73c82b70ed5979ef856d172a8eee4087f594c1d2c7eb5d3b1f905a8361f,trusted_internal,ACME IT Automation,benign,routine trust context
TRUST-01766,2026-09-03T17:44:14Z,APP-03,C:\ACME\Patch\TelemetryCheck.ps1,5d2bb118d08760250a8f5344968b774bfed8ef94325218e57a3a6330cf3d369f,trusted_internal,Microsoft Windows,benign,routine trust context
TRUST-00636,2026-09-03T17:49:06Z,PATCH-01,C:\ACME\Patch\TelemetryCheck.ps1,167724f179bfe678b7ff77a2245e546f6345de1cee5e8388dbd2faef3daf8105,signed,Microsoft Windows,benign,routine trust context
TRUST-00904,2026-09-03T17:52:11Z,MGMT-01,C:\Windows\System32\cleanmgr.exe,00695f1a7978d79adeaa35c14e228008df843df4b67cc2633859d8eab8936a44,signed,ACME IT Automation,benign,routine trust context
TRUST-01246,2026-09-03T17:58:00Z,HR-WS-22,C:\ACME\Patch\TelemetryCheck.ps1,a4dd68281a09c4979022dc74d431e3d49d404cf55df05890e2eef7e0317dc163,trusted_internal,ACME IT Automation,benign,routine trust context
TRUST-01182,2026-09-03T18:04:55Z,HR-WS-22,C:\ACME\Inventory\inventory.exe,6fb5f3012fad28bed2852979f537b11e23a736184b836ef0a62b29ce99b3aca7,trusted_internal,ACME IT Automation,benign,routine trust context
TRUST-00934,2026-09-03T18:07:25Z,JUMP-01,C:\ACME\Inventory\inventory.exe,6432720b8b7359618a7a3ae542c820fa259c9ff18ee4b82755411703f0db42e8,trusted_internal,ACME IT Automation,benign,routine trust context
TRUST-01172,2026-09-03T18:10:16Z,JUMP-01,C:\ACME\Inventory\inventory.exe,28da35a05c0b8f512d9f5509c92d8ce93bb7e023ed60b3228c2e6f865c38c326,trusted_internal,ACME IT Automation,benign,routine trust context
TRUST-01762,2026-09-03T18:11:06Z,MGMT-01,C:\ACME\Patch\TelemetryCheck.ps1,53e3fea0a7a43a3f52b7c87b5e101522237d3f6a349ea836e45ac11b704ea325,trusted_internal,ACME IT Automation,benign,routine trust context
TRUST-01186,2026-09-03T18:13:50Z,PATCH-01,C:\ACME\Patch\TelemetryCheck.ps1,a1cf5bc98b2bbaa817c3def1e6aba762336bda443c53b500f264d2e6ccb11b85,trusted_internal,ACME IT Automation,benign,routine trust context
TRUST-01545,2026-09-03T18:13:59Z,APP-03,C:\ACME\Inventory\inventory.exe,3f59559bcd3ed54117c04e930757a6f03e7e11cc86db53895f4da499b98a884a,trusted_internal,Microsoft Windows,benign,routine trust context
TRUST-00433,2026-09-03T18:17:32Z,JUMP-01,C:\ACME\Inventory\inventory.exe,d9f1ce5f5ffd247ceb3dfbe3b361a3e2e13b0ac2f4fd3804a7a0345f7159f723,trusted_internal,Microsoft Windows,benign,routine trust context
TRUST-00298,2026-09-03T18:22:32Z,DC-01,C:\ACME\Inventory\inventory.exe,6f6efbb44b7ac68c71e6802bf416b4bd132b0cce353a0f14a3b15ee62092e2ef,signed,Microsoft Windows,benign,routine trust context
TRUST-00023,2026-09-03T18:22:40Z,DC-01,C:\ACME\Inventory\inventory.exe,a4d8c12e8ea390a0ac99461013a02ae59190d9441b5ce8469734d314059196d9,signed,ACME IT Automation,benign,routine trust context
TRUST-01479,2026-09-03T18:24:30Z,HR-WS-22,C:\Windows\System32\cleanmgr.exe,dd7023017be0afe90df39a2d0b96e799ce7344eca6827b4008daa0d8145f7632,trusted_internal,ACME IT Automation,benign,routine trust context
TRUST-00747,2026-09-03T18:27:35Z,FILE-02,C:\ACME\Inventory\inventory.exe,a94fe5543dcb21f8ba078820f2a23a126fbd635c5698ef53c7167550265dc51e,trusted_internal,ACME IT Automation,benign,routine trust context
TRUST-01174,2026-09-03T18:29:43Z,HR-WS-22,C:\ACME\Inventory\inventory.exe,0b208bf237018c918f17de71877d86564a7d8f488cabbd38d54bba4e520489c0,trusted_internal,ACME IT Automation,benign,routine trust context
TRUST-00198,2026-09-03T18:33:29Z,HR-WS-22,C:\ACME\Patch\TelemetryCheck.ps1,a8ed2697c1f444f930f24fdde135d3869fffdc3206a36c77ad27ca32c97b5f5b,trusted_internal,Microsoft Windows,benign,routine trust context
TRUST-01408,2026-09-03T18:40:22Z,APP-03,C:\Windows\System32\cleanmgr.exe,b7fa166ec79bc565c301f46986d2fcddc29f81d7e7d61ee01c39c96996a379b4,signed,ACME IT Automation,benign,routine trust context
TRUST-01493,2026-09-03T18:41:59Z,DC-01,C:\Windows\System32\cleanmgr.exe,6df5c6b0cec4a5fdd028760e4560ca18ee166e9b3fd511c2146592b17ccf68ac,signed,ACME IT Automation,benign,routine trust context
TRUST-01006,2026-09-03T18:48:26Z,MGMT-01,C:\ACME\Inventory\inventory.exe,46a3e9119d11fe4f3eb02a8d0a24fd6ffeceeb6df9b163e549fce5badff41141,trusted_internal,ACME IT Automation,benign,routine trust context
TRUST-01385,2026-09-03T18:48:56Z,APP-03,C:\ACME\Patch\TelemetryCheck.ps1,9e528deda4602e339d90ac77238cbe31d6cadb1e19177922ea766a77b5b9e1b8,trusted_internal,ACME IT Automation,benign,routine trust context
TRUST-00252,2026-09-03T18:55:47Z,MGMT-01,C:\ACME\Patch\TelemetryCheck.ps1,f9c0070448fd821d72d03ef6118c9174f79f8a3d39d1f086313c974ae2a994e3,signed,ACME IT Automation,benign,routine trust context
TRUST-01113,2026-09-03T19:00:31Z,MGMT-01,C:\ACME\Patch\TelemetryCheck.ps1,ee857138b825fe6b0c4359c8fc0bb4476fbd167953c00bc90dd33c9815104b35,trusted_internal,ACME IT Automation,benign,routine trust context
TRUST-00435,2026-09-03T19:02:38Z,JUMP-01,C:\ACME\Patch\TelemetryCheck.ps1,87e3746d84e7e4ac33add905c546317c93f7f11d48cb3626238ce1921b925500,trusted_internal,ACME IT Automation,benign,routine trust context
TRUST-01242,2026-09-03T19:14:23Z,PATCH-01,C:\Windows\System32\cleanmgr.exe,7e74e104e775dde88270b43f76760e403471fb515cd0683da59cab60d33201a1,trusted_internal,ACME IT Automation,benign,routine trust context
TRUST-00933,2026-09-03T19:19:28Z,HR-WS-22,C:\ACME\Inventory\inventory.exe,1e798a626562e6f4bed6d1def2571babf589377bc98e8ef7f5541a8ec910c3cc,trusted_internal,Microsoft Windows,benign,routine trust context
TRUST-00442,2026-09-03T19:20:50Z,APP-03,C:\Windows\System32\cleanmgr.exe,97c48e1f0cb51d9edbb0c0bf0fa58ccdb3f3a580f12bbf3d4cc912b3f639b891,signed,ACME IT Automation,benign,routine trust context
TRUST-01470,2026-09-03T19:21:11Z,MGMT-01,C:\Windows\System32\cleanmgr.exe,4605e06282389f01583fe86c62a8fe6e96d1c5d03a087bdc2458266049d67071,trusted_internal,ACME IT Automation,benign,routine trust context
TRUST-01597,2026-09-03T19:21:35Z,APP-03,C:\ACME\Patch\TelemetryCheck.ps1,95350576569fa0d9a99a789fdd09afe594a3558bda7cdb20605ca87e70a00f0c,signed,Microsoft Windows,benign,routine trust context
TRUST-00833,2026-09-03T19:22:43Z,MGMT-01,C:\ACME\Patch\TelemetryCheck.ps1,a2a14f6b31f9e708ac752eec76189fd659a90b8b60c522a8d184af0f788a3f4c,trusted_internal,ACME IT Automation,benign,routine trust context
TRUST-00408,2026-09-03T19:28:11Z,JUMP-01,C:\Windows\System32\cleanmgr.exe,2d5edd3135f009a923e6ce05783c1d9506cd37154f232ba25b7536850ff70eff,signed,ACME IT Automation,benign,routine trust context
TRUST-01756,2026-09-03T19:34:19Z,APP-03,C:\ACME\Patch\TelemetryCheck.ps1,29de5635f6c374169f8c65b2e3e88274afb6ccf916626cf0793faf3dcb32d122,trusted_internal,ACME IT Automation,benign,routine trust context
TRUST-01701,2026-09-03T19:37:23Z,DC-01,C:\ACME\Inventory\inventory.exe,51b9602d285aeda8ea3d5bf16b80901206b4d64f7f56d1cab6407c32b8adcefe,trusted_internal,Microsoft Windows,benign,routine trust context
TRUST-00695,2026-09-03T19:39:48Z,HR-WS-22,C:\ACME\Inventory\inventory.exe,eeb61f9973b9319f42aaefef981495f7daf63db4c679e40bbe37b4130f7aaf36,signed,Microsoft Windows,benign,routine trust context
TRUST-01705,2026-09-03T19:55:51Z,MGMT-01,C:\ACME\Patch\TelemetryCheck.ps1,fa3e821cfaf79e8e085949401b03c79e3af0c53373d9659cac48288c11e9a69a,trusted_internal,Microsoft Windows,benign,routine trust context
TRUST-00309,2026-09-03T20:04:04Z,HR-WS-22,C:\ACME\Patch\TelemetryCheck.ps1,2505427576557690a92aaf4e52740a76a7b12d40ba74d98757f91ea3eba9b7c1,trusted_internal,ACME IT Automation,benign,routine trust context
TRUST-00619,2026-09-03T20:04:55Z,FILE-02,C:\ACME\Inventory\inventory.exe,0906cf53a05954f086d2a83202b5a456cec2d9b5eb0dc7ec773ee5edc4e61433,signed,ACME IT Automation,benign,routine trust context
TRUST-00021,2026-09-03T20:05:02Z,APP-03,C:\ACME\Inventory\inventory.exe,5b0ddad6c2206aea2b57dfdb9327ea3bf7b2066010d61e08eaf9bde1403e9b5c,signed,ACME IT Automation,benign,routine trust context
TRUST-00795,2026-09-03T20:05:36Z,APP-03,C:\Windows\System32\cleanmgr.exe,1d587dbaf0ea7dce66f540c9aa2b8aa2b3caa0f6dd0cdfe28ac13a24d2ae809e,signed,ACME IT Automation,benign,routine trust context
TRUST-01648,2026-09-03T20:06:02Z,JUMP-01,C:\ACME\Inventory\inventory.exe,2a30a1126a53735b27c16106c9b2877fd69d57cb1eaf74e6e1c798f9e7107a5c,trusted_internal,Microsoft Windows,benign,routine trust context
TRUST-00187,2026-09-03T20:07:22Z,PATCH-01,C:\Windows\System32\cleanmgr.exe,1e44b7ef6d9c42e398d2639369610a2195ae5be4e24b14d9c27f7eb3ceb0192e,signed,ACME IT Automation,benign,routine trust context
TRUST-01550,2026-09-03T20:09:09Z,FILE-02,C:\ACME\Patch\TelemetryCheck.ps1,2c31c33f85f11ff8f2b7b1fc60cb13339d7ff0cf30e4913b7f525ca5aca48567,trusted_internal,ACME IT Automation,benign,routine trust context
TRUST-01125,2026-09-03T20:12:14Z,MGMT-01,C:\ACME\Patch\TelemetryCheck.ps1,e3fa357472423d2f7d994963f7e0404f471f94aefc0bebbbd8e25ee3ec742336,trusted_internal,Microsoft Windows,benign,routine trust context
TRUST-00070,2026-09-03T20:24:10Z,APP-03,C:\ACME\Inventory\inventory.exe,6da1e1d8827e5d55b71ef65058f7bc59284dda56f08a74600aa45518acf410b7,trusted_internal,Microsoft Windows,benign,routine trust context
TRUST-00270,2026-09-03T20:24:40Z,MGMT-01,C:\ACME\Patch\TelemetryCheck.ps1,28dc2a80d7d51980cf93d88ad3dff701f1c83e0f67589779496d87fae4aabc26,signed,ACME IT Automation,benign,routine trust context
TRUST-00808,2026-09-03T20:24:58Z,JUMP-01,C:\ACME\Inventory\inventory.exe,b7b8a42ce42c7a536869635b7089113ce947034f55ff0b674cbba915e47fbc97,trusted_internal,Microsoft Windows,benign,routine trust context
TRUST-00983,2026-09-03T20:27:21Z,JUMP-01,C:\ACME\Inventory\inventory.exe,59f82d9d583b373e9bca18522c56ebee7e512fa00aeb7cb297c8bea66d574f47,signed,ACME IT Automation,benign,routine trust context
TRUST-01551,2026-09-03T20:28:47Z,APP-03,C:\ACME\Patch\TelemetryCheck.ps1,b7849f54ef0f7ece34d639a13bbbb431b1b9ae7b01c6a650923215864dacbe90,signed,ACME IT Automation,benign,routine trust context
TRUST-01526,2026-09-03T20:29:20Z,DC-01,C:\Windows\System32\cleanmgr.exe,c79137670b08e46a95fee3ff1c6fc0777ae296f931d9c7f7948986d6600a7887,signed,ACME IT Automation,benign,routine trust context
TRUST-00108,2026-09-03T20:32:44Z,FILE-02,C:\Windows\System32\cleanmgr.exe,19459a8fcb185bde4ef0a72066c9a05ed4653a9e5e8e2a6f2d8fb0847d72121d,trusted_internal,Microsoft Windows,benign,routine trust context
TRUST-01320,2026-09-03T20:33:45Z,APP-03,C:\ACME\Inventory\inventory.exe,c767bc710d7c9c63cb76766b01635ed7467be8c0b3e05694e602222e5be790ad,trusted_internal,Microsoft Windows,benign,routine trust context
TRUST-00534,2026-09-03T21:00:28Z,DC-01,C:\ACME\Patch\TelemetryCheck.ps1,144f7ff9725495b56419035db6e25ea74df582644e7558d0c47412cd07e9da02,signed,ACME IT Automation,benign,routine trust context
TRUST-01522,2026-09-03T21:17:01Z,PATCH-01,C:\ACME\Patch\TelemetryCheck.ps1,8bf245f512528f6b50bb4c3890fc4c9d04650a5a066aa9280a9abc2fa7d46817,signed,Microsoft Windows,benign,routine trust context
TRUST-00122,2026-09-03T21:19:20Z,APP-03,C:\ACME\Patch\TelemetryCheck.ps1,1b738969f82f8718be196cc84520447e15823e3cfc0371fed0e522ec5c469ca6,signed,Microsoft Windows,benign,routine trust context
TRUST-01253,2026-09-03T21:24:15Z,JUMP-01,C:\ACME\Inventory\inventory.exe,abfb75861cd738d3927f98894817568220a782c8ac33a82619d3b983380b3ed9,signed,Microsoft Windows,benign,routine trust context
TRUST-00920,2026-09-03T21:29:49Z,JUMP-01,C:\ACME\Patch\TelemetryCheck.ps1,44a0d36d5ce3fbeef141eaabfab6cb0c2f5b86a8f2a3f4de1712e4a9b01fe25a,signed,Microsoft Windows,benign,routine trust context
TRUST-00032,2026-09-03T21:39:00Z,MGMT-01,C:\ACME\Patch\TelemetryCheck.ps1,79b0d3d63f18548d43d6f2778b8b5f0b1cc76b44e925cd0b3d9cf7329fd9e6dc,signed,ACME IT Automation,benign,routine trust context
TRUST-00240,2026-09-03T21:47:42Z,APP-03,C:\Windows\System32\cleanmgr.exe,c32aa8d654b52d1f120dbf5352cdc93d576a5458c6853a718714d9446fed21e2,trusted_internal,ACME IT Automation,benign,routine trust context
TRUST-00159,2026-09-03T21:48:01Z,APP-03,C:\Windows\System32\cleanmgr.exe,cff864222d076098f1d57878c9dbbcec6618858ef08cbf98e3ed3c7166f23462,trusted_internal,ACME IT Automation,benign,routine trust context
TRUST-00957,2026-09-03T21:48:19Z,FILE-02,C:\ACME\Patch\TelemetryCheck.ps1,ecb6566855fbb59b13f5b7c4c00c5bf47a47dfebb576c72d417484372c067343,trusted_internal,Microsoft Windows,benign,routine trust context
TRUST-01725,2026-09-03T21:50:24Z,FILE-02,C:\Windows\System32\cleanmgr.exe,bc6f112417ef14bd7f58f65d92cf3ad62805c27ac3cb55a4cae699f4c5e87fe0,trusted_internal,ACME IT Automation,benign,routine trust context
TRUST-00550,2026-09-03T21:58:41Z,JUMP-01,C:\ACME\Patch\TelemetryCheck.ps1,f7eb84764902b61c31757b2f1fe684c510939a73ece400a699875a8e1e397289,signed,ACME IT Automation,benign,routine trust context
TRUST-00495,2026-09-03T22:04:32Z,DC-01,C:\Windows\System32\cleanmgr.exe,97f09b4a35e0603e2d4a20376c50a382cc85d9978d595c5989aaf78dc4b4ccae,trusted_internal,Microsoft Windows,benign,routine trust context
TRUST-00952,2026-09-03T22:05:43Z,DC-01,C:\Windows\System32\cleanmgr.exe,72375eb618761adbe9549a274c2d592e22423499c270aa60857a965b880360bc,trusted_internal,Microsoft Windows,benign,routine trust context
TRUST-01415,2026-09-03T22:07:02Z,PATCH-01,C:\ACME\Patch\TelemetryCheck.ps1,bc6f7877f92485576d019e210d118e2940d12b6040b94befeafd8cf1f6b69169,signed,Microsoft Windows,benign,routine trust context
TRUST-00913,2026-09-03T22:17:20Z,DC-01,C:\Windows\System32\cleanmgr.exe,63295501e7734855c4c1c64df803278ef425954651f6ef93bc09d47664cb3dc9,trusted_internal,Microsoft Windows,benign,routine trust context
TRUST-01354,2026-09-03T22:18:59Z,FILE-02,C:\ACME\Patch\TelemetryCheck.ps1,c4f30555516a590cfcffd1a42365f388d651557143eb2fc4066fcf3106340909,trusted_internal,ACME IT Automation,benign,routine trust context
TRUST-00590,2026-09-03T22:20:25Z,MGMT-01,C:\ACME\Inventory\inventory.exe,9de5f868c73f2058f2019f5845085be1c57879c1c376b556355f96b5c0fbf818,trusted_internal,Microsoft Windows,benign,routine trust context
TRUST-00486,2026-09-03T22:25:51Z,HR-WS-22,C:\ACME\Inventory\inventory.exe,1e9c665cc45a99c5bb0047cc7dc0346cee197c683ae4c332dd9af2db2021377c,signed,Microsoft Windows,benign,routine trust context
TRUST-00671,2026-09-03T22:27:33Z,APP-03,C:\ACME\Inventory\inventory.exe,3cbec61d8b796076b392b3fe7fea1fc2868dc1c8684c99564f15cae73821152c,trusted_internal,Microsoft Windows,benign,routine trust context
TRUST-01726,2026-09-03T22:31:19Z,JUMP-01,C:\ACME\Patch\TelemetryCheck.ps1,fa07b1186be6af15a92f34206d914a6cda3635ee83eb80c5015e85d4249fcce4,trusted_internal,ACME IT Automation,benign,routine trust context
TRUST-01419,2026-09-03T22:34:23Z,APP-03,C:\ACME\Inventory\inventory.exe,075fc5e17dfd1fbf4a1a6cd544b013b69a5fb38f66f6742d8a9b762ddc66489e,signed,Microsoft Windows,benign,routine trust context
TRUST-00756,2026-09-03T22:35:04Z,PATCH-01,C:\ACME\Patch\TelemetryCheck.ps1,bf201ac7714692f3678753f40383465124e175ccaaaf04483fcb60bb1d30962c,trusted_internal,ACME IT Automation,benign,routine trust context
TRUST-00258,2026-09-03T22:40:50Z,FILE-02,C:\ACME\Patch\TelemetryCheck.ps1,1f0b6f77b274b7560177c40eff2e1f465b2be82fbf530b27e30fcb550f27d512,trusted_internal,Microsoft Windows,benign,routine trust context
TRUST-00029,2026-09-03T22:45:07Z,FILE-02,C:\ACME\Patch\TelemetryCheck.ps1,f1d45d52921ae84ea9bc819a16e765fea7a3af0c1ce679626ed137119d342d8e,trusted_internal,ACME IT Automation,benign,routine trust context
TRUST-00557,2026-09-03T22:46:58Z,FILE-02,C:\ACME\Patch\TelemetryCheck.ps1,3059c44215bc82e902b460f31f45c4a7265e3b57d981ed5e4e7ceb95fc668489,trusted_internal,ACME IT Automation,benign,routine trust context
TRUST-00393,2026-09-03T22:47:58Z,PATCH-01,C:\ACME\Inventory\inventory.exe,bcd921f9b4a1e0479955743cc6e74ed4fa45a2799ce988d2d8109ca8442a3c2b,trusted_internal,Microsoft Windows,benign,routine trust context
TRUST-01601,2026-09-03T22:48:01Z,APP-03,C:\Windows\System32\cleanmgr.exe,15f878b2543ed47fba73eeec10089a9060c74f9690694f38f294c436c601751f,signed,ACME IT Automation,benign,routine trust context
TRUST-01197,2026-09-03T22:55:26Z,JUMP-01,C:\ACME\Patch\TelemetryCheck.ps1,86e6f5d7c40f8440bda460eca681cea11b9da7ee29041804ac44cf8e13167d22,signed,ACME IT Automation,benign,routine trust context
TRUST-00329,2026-09-03T22:58:51Z,FILE-02,C:\ACME\Patch\TelemetryCheck.ps1,8c2e1273d9af7499f7b8c7a606e2ea526488e5b9eafb56d91a4b27bc46763d58,trusted_internal,ACME IT Automation,benign,routine trust context
TRUST-00414,2026-09-03T23:08:48Z,HR-WS-22,C:\ACME\Inventory\inventory.exe,26e4544b6e17323257dc250aa27697b59087449dc837eeae85a15525508e4cd5,trusted_internal,Microsoft Windows,benign,routine trust context
TRUST-01583,2026-09-03T23:09:41Z,DC-01,C:\ACME\Inventory\inventory.exe,abc0d830b0b4e0531eb0ea1c011713aaf5d17d5f6d6898a83e073087ab9bf7f1,signed,ACME IT Automation,benign,routine trust context
TRUST-01270,2026-09-03T23:09:54Z,FILE-02,C:\Windows\System32\cleanmgr.exe,7e86575b84f221bdca9729bea204155148608aad22278ed8d732ead5fdcea489,trusted_internal,Microsoft Windows,benign,routine trust context
TRUST-01483,2026-09-03T23:10:22Z,PATCH-01,C:\ACME\Inventory\inventory.exe,15b266bbbb04bce0829a5d9de3a9934810d0fb4a0d8b71d6de3daa728d88131e,trusted_internal,Microsoft Windows,benign,routine trust context
TRUST-00541,2026-09-03T23:12:46Z,DC-01,C:\ACME\Inventory\inventory.exe,c917f4361fca1598e6cc3730c89f555f19c7e78d550a4c406b84e0971f81b94e,trusted_internal,ACME IT Automation,benign,routine trust context
TRUST-00148,2026-09-03T23:13:33Z,JUMP-01,C:\Windows\System32\cleanmgr.exe,0e7c43688a21baee0b00611cfebcca71659ecfe8d49467c3794e1cf48e059375,signed,Microsoft Windows,benign,routine trust context
TRUST-01552,2026-09-03T23:16:05Z,PATCH-01,C:\ACME\Patch\TelemetryCheck.ps1,9731e1f392e96688b4a4381448f614b9a10b1151b6afc6345305ff5e02be183f,signed,Microsoft Windows,benign,routine trust context
TRUST-00566,2026-09-03T23:17:59Z,HR-WS-22,C:\ACME\Patch\TelemetryCheck.ps1,ea15957f343ff7ba4d52a2e433ee7f25d7720266383b0fc3584bea86434d9762,signed,Microsoft Windows,benign,routine trust context
TRUST-00466,2026-09-03T23:22:30Z,FILE-02,C:\Windows\System32\cleanmgr.exe,365c914902d5b854abad75afa4656a8ce6c46c4a17c6b733d2e58c04bfd63d07,trusted_internal,Microsoft Windows,benign,routine trust context
TRUST-00721,2026-09-03T23:27:30Z,APP-03,C:\ACME\Inventory\inventory.exe,9d8a4ac6103435e1d6337afa740cc6449d53d0cde51d04fc3ed168495bc4cf98,trusted_internal,ACME IT Automation,benign,routine trust context
TRUST-00956,2026-09-03T23:29:31Z,PATCH-01,C:\Windows\System32\cleanmgr.exe,064b7b1157677495e646605a17a17fa8036773d5c0bc9f91be2414fc2a20f850,trusted_internal,Microsoft Windows,benign,routine trust context
TRUST-01698,2026-09-03T23:33:44Z,DC-01,C:\ACME\Inventory\inventory.exe,90e03be293fd7fc297f41cb3e3d44324ef5a38c3c017695d5022c9257f3e7fb8,signed,Microsoft Windows,benign,routine trust context
TRUST-00203,2026-09-03T23:39:19Z,FILE-02,C:\ACME\Patch\TelemetryCheck.ps1,8ccbf7ffa0f098c38c087009f8f6dfbdaf8737832eb3d1b99d64b871f5144641,signed,ACME IT Automation,benign,routine trust context
TRUST-00079,2026-09-03T23:40:55Z,FILE-02,C:\Windows\System32\cleanmgr.exe,00d0de08aba3e11129c767695c0fc1bcc72fd7341cb13df23eb7dc358a5496b8,signed,ACME IT Automation,benign,routine trust context
TRUST-00277,2026-09-03T23:43:40Z,HR-WS-22,C:\ACME\Patch\TelemetryCheck.ps1,73113c0131b6c901617ade399336d4569e4befa322b5b209dc47925fff4d026f,trusted_internal,Microsoft Windows,benign,routine trust context
TRUST-01631,2026-09-03T23:44:23Z,DC-01,C:\ACME\Inventory\inventory.exe,3ba27cc6fb62e3ea0a08dc11997b6186e4dcab08760086e99bc060af2a08d5c4,signed,Microsoft Windows,benign,routine trust context
TRUST-01574,2026-09-04T00:03:10Z,FILE-02,C:\ACME\Inventory\inventory.exe,4b446e032255e1e39195517340f275f738e1ab6df2f912a79881a0b551d914c1,trusted_internal,Microsoft Windows,benign,routine trust context
TRUST-01105,2026-09-04T00:04:20Z,MGMT-01,C:\Windows\System32\cleanmgr.exe,5541519eba42f7b602a3ec7d97c5eee957f43ae6b22913d539c73c6b3653915d,trusted_internal,ACME IT Automation,benign,routine trust context
TRUST-01312,2026-09-04T00:09:18Z,APP-03,C:\Windows\System32\cleanmgr.exe,eb09694566d7b2a1f570d79d2478a6f261dac9968ffc5dcc3d6ea1c32e746404,signed,ACME IT Automation,benign,routine trust context
TRUST-01300,2026-09-04T00:09:51Z,DC-01,C:\ACME\Inventory\inventory.exe,1050261b7dc4741a2ddd6d997ff5ba7bbba0f7e2dbaa143b6a00841669fbf175,signed,Microsoft Windows,benign,routine trust context
TRUST-01577,2026-09-04T00:15:57Z,FILE-02,C:\ACME\Inventory\inventory.exe,90a8725b53e556b834a1cb6fa68e50d156b8c5cbc6aebd91103173153747fe58,trusted_internal,ACME IT Automation,benign,routine trust context
TRUST-01586,2026-09-04T00:21:47Z,MGMT-01,C:\Windows\System32\cleanmgr.exe,9b92fed4eab6235395925368e3318e14b5124603c1c7155b488c6cda16e24058,signed,ACME IT Automation,benign,routine trust context
TRUST-00057,2026-09-04T00:25:03Z,FILE-02,C:\ACME\Inventory\inventory.exe,0762f7d48ba7407b9b25e96601ed614df6bd6b7a983e852615cdb420d1fc5099,signed,ACME IT Automation,benign,routine trust context
TRUST-00511,2026-09-04T00:35:01Z,MGMT-01,C:\ACME\Inventory\inventory.exe,e890cfdf4a639f06fca05133128e16d95cda4480c70987558b8927e151c953dc,signed,Microsoft Windows,benign,routine trust context
TRUST-00575,2026-09-04T00:40:30Z,FILE-02,C:\Windows\System32\cleanmgr.exe,08983ff4e5f9be306665f6950e9fb3fa30bf7643ec1c11038c4314c436e1de9d,signed,Microsoft Windows,benign,routine trust context
TRUST-00027,2026-09-04T00:41:19Z,JUMP-01,C:\Windows\System32\cleanmgr.exe,7170ae4643d6064a322d830986eba507897f1ac12dc50c77983fd002053df948,signed,ACME IT Automation,benign,routine trust context
TRUST-01012,2026-09-04T00:43:17Z,MGMT-01,C:\ACME\Inventory\inventory.exe,f387a4704252b5cfd9353dfa998b6c629e83c3fa0f4dcd39cb51d4d811d773f6,signed,ACME IT Automation,benign,routine trust context
TRUST-00966,2026-09-04T00:45:33Z,DC-01,C:\Windows\System32\cleanmgr.exe,d9f46e44b7ec56a2b15d8b1d3c2b995ba292d38ace787b5898c31a73f9d0d59a,trusted_internal,ACME IT Automation,benign,routine trust context
TRUST-00268,2026-09-04T00:46:20Z,PATCH-01,C:\Windows\System32\cleanmgr.exe,96ddbd50df829b3d1f6f70fb098f567bf1203cb03ad89d35f621c86e01bc88c4,signed,Microsoft Windows,benign,routine trust context
TRUST-01133,2026-09-04T00:46:21Z,APP-03,C:\Windows\System32\cleanmgr.exe,34370cacd86eb6fac19929e34aeca8269199f38d691da51b7104bb5f83d9e9bb,signed,Microsoft Windows,benign,routine trust context
TRUST-00875,2026-09-04T00:53:16Z,APP-03,C:\Windows\System32\cleanmgr.exe,2844bb89d740691dacff42bc84890c1f0b31897a3a048460b373c7c3027e6077,trusted_internal,ACME IT Automation,benign,routine trust context
TRUST-00269,2026-09-04T00:55:17Z,FILE-02,C:\ACME\Inventory\inventory.exe,0930132dd8052000ef6ea18a983153cef3ec6cbb1552500d089e0b43ffaa49c7,trusted_internal,ACME IT Automation,benign,routine trust context
TRUST-01292,2026-09-04T00:59:55Z,JUMP-01,C:\Windows\System32\cleanmgr.exe,382ae0afb7a4519e21dc133ea89bfee84eb5759cec07b168623c456d727b241f,signed,ACME IT Automation,benign,routine trust context
TRUST-00418,2026-09-04T01:03:53Z,DC-01,C:\Windows\System32\cleanmgr.exe,61f552ea7ff8eff38a498fd2cb7fd8bf1ca8ed9eb2dc221227952c54d4bc00e5,trusted_internal,Microsoft Windows,benign,routine trust context
TRUST-01146,2026-09-04T01:05:43Z,JUMP-01,C:\ACME\Patch\TelemetryCheck.ps1,99f6289f2c54ad9135b2d5b29b55a3edf9f6b13d9da08322b7c2a27c1cb5b702,trusted_internal,Microsoft Windows,benign,routine trust context
TRUST-01293,2026-09-04T01:07:48Z,DC-01,C:\Windows\System32\cleanmgr.exe,1314917076ec37ff604397ae30b91f014ccd7c242f55c6ec58b6d8893d7587ff,trusted_internal,Microsoft Windows,benign,routine trust context
TRUST-01639,2026-09-04T01:07:57Z,APP-03,C:\Windows\System32\cleanmgr.exe,74b4bc21775f31d58d166d9c9d0394119ce1be2121acac3fa9611c9509bb87f8,signed,ACME IT Automation,benign,routine trust context
TRUST-00726,2026-09-04T01:09:33Z,HR-WS-22,C:\Windows\System32\cleanmgr.exe,be59a3fa6125dfa28e83892b131bcb3cc42596f3c7c999db1aeb7335a6c2b0c1,signed,ACME IT Automation,benign,routine trust context
TRUST-01046,2026-09-04T01:11:21Z,MGMT-01,C:\ACME\Patch\TelemetryCheck.ps1,d48c61a7a34606d07810f7f57b4d42f4bf94bcc41302a7d6265d4ea21766255c,signed,Microsoft Windows,benign,routine trust context
TRUST-00267,2026-09-04T01:12:40Z,PATCH-01,C:\ACME\Patch\TelemetryCheck.ps1,a013095c3123e88d247033e5cc7b8d4ad077ba7b752f2a1a30509d7e55375989,signed,Microsoft Windows,benign,routine trust context
TRUST-01654,2026-09-04T01:18:42Z,APP-03,C:\ACME\Patch\TelemetryCheck.ps1,2cda8f7baccc35c76384ee5af1ada5ba3de421d5280b27655cd734a791e647c1,trusted_internal,Microsoft Windows,benign,routine trust context
TRUST-00293,2026-09-04T01:25:25Z,MGMT-01,C:\ACME\Inventory\inventory.exe,9d1afc5c9abc2e5b968d5125385be5e6fc3074916dfcb4058a47b37779956380,signed,Microsoft Windows,benign,routine trust context
TRUST-00668,2026-09-04T01:27:39Z,APP-03,C:\Windows\System32\cleanmgr.exe,4068f34d62e9230d637bf9c324dd88bd3384cbe2dbd32a0dcc29f9f78ad1c426,signed,Microsoft Windows,benign,routine trust context
TRUST-00407,2026-09-04T01:29:22Z,DC-01,C:\ACME\Patch\TelemetryCheck.ps1,ffea558521a9adcbaa3710364658584fb4557abbd50e847d3d732bc9ed7d390d,trusted_internal,Microsoft Windows,benign,routine trust context
TRUST-00978,2026-09-04T01:34:56Z,FILE-02,C:\Windows\System32\cleanmgr.exe,85c69dba67dc8c18cdea88d5702270f4e604c5e48793b5d8b632107aa2d43476,trusted_internal,ACME IT Automation,benign,routine trust context
TRUST-01634,2026-09-04T01:35:07Z,HR-WS-22,C:\ACME\Inventory\inventory.exe,24159525dafb9a85e993c73e46cacf1c628e2afaca4f16c386c6c186419987ba,signed,ACME IT Automation,benign,routine trust context
TRUST-00770,2026-09-04T01:35:55Z,JUMP-01,C:\ACME\Inventory\inventory.exe,88190e223beffdeec5e340b04301d0cc9dc19d2f29c4f7e396bde05f94216a7c,signed,ACME IT Automation,benign,routine trust context
TRUST-00866,2026-09-04T01:36:45Z,FILE-02,C:\Windows\System32\cleanmgr.exe,e8d8d0e83674d07e04ac946d3ec700b45671b5506983a8d0e64caf3972ed4d7f,signed,Microsoft Windows,benign,routine trust context
TRUST-00501,2026-09-04T01:56:42Z,DC-01,C:\Windows\System32\cleanmgr.exe,71eb0c2fd7943ff31f1f01f1e701bd9c87db90a24ee93017b696b4c8efda57e0,trusted_internal,Microsoft Windows,benign,routine trust context
TRUST-01671,2026-09-04T02:07:16Z,HR-WS-22,C:\ACME\Patch\TelemetryCheck.ps1,ddbb5b097124d036c50a886a642f47aef7ed2dcdc5750714d75e025a50f8ecf3,trusted_internal,Microsoft Windows,benign,routine trust context
TRUST-00903,2026-09-04T02:08:46Z,HR-WS-22,C:\Windows\System32\cleanmgr.exe,2955edc11b2cdd6fedb1298ccf91393aad5fe99a73092a370ef0da2c775fdf9e,trusted_internal,ACME IT Automation,benign,routine trust context
TRUST-00199,2026-09-04T02:10:48Z,JUMP-01,C:\ACME\Inventory\inventory.exe,72cad448eceae9d5095138a27101cfe8bcbe7252cf8eec1e26805e82e1c6e927,signed,Microsoft Windows,benign,routine trust context
TRUST-00071,2026-09-04T02:12:01Z,MGMT-01,C:\Windows\System32\cleanmgr.exe,5fafcc290c7318d906246cf3e8aef71f166b096b586bb04c9c345d30d880c924,signed,ACME IT Automation,benign,routine trust context
TRUST-01496,2026-09-04T02:13:00Z,HR-WS-22,C:\ACME\Inventory\inventory.exe,28c8732c09bc980a7c7a276c66fea7e8850842259e671d11abaae08f9d075d93,trusted_internal,Microsoft Windows,benign,routine trust context
TRUST-00968,2026-09-04T02:17:54Z,PATCH-01,C:\ACME\Patch\TelemetryCheck.ps1,8707f1521457efe03503063da3eabcfed031ea618ca04dce2c2e5490d00afc45,signed,Microsoft Windows,benign,routine trust context
TRUST-00214,2026-09-04T02:22:24Z,HR-WS-22,C:\ACME\Inventory\inventory.exe,8d6634fd65bfc6b4fd5deda342a5d0de38a690cf99d3b066c9a96986a6f90612,signed,Microsoft Windows,benign,routine trust context
TRUST-01498,2026-09-04T02:26:54Z,HR-WS-22,C:\ACME\Inventory\inventory.exe,200bcb08f6d0e1c7907aaf662e5942903aa689f939ac50788ab0449087cd6e7a,trusted_internal,ACME IT Automation,benign,routine trust context
TRUST-01271,2026-09-04T02:28:17Z,APP-03,C:\ACME\Patch\TelemetryCheck.ps1,99349db8f00f5cc27a95eefe890fc98a9c3a41c5443e4843be5f0708dccbbe5b,trusted_internal,Microsoft Windows,benign,routine trust context
TRUST-00459,2026-09-04T02:29:50Z,MGMT-01,C:\ACME\Inventory\inventory.exe,20bc14661835f4d07986d6ce47237e0a3713f08df72b181afe4d46950951011c,signed,Microsoft Windows,benign,routine trust context
TRUST-01621,2026-09-04T02:33:46Z,HR-WS-22,C:\Windows\System32\cleanmgr.exe,a137151f52544715b33c8d090d31da49619c56c444bc342527e7fac0e7c74ef1,signed,ACME IT Automation,benign,routine trust context
TRUST-01376,2026-09-04T02:36:03Z,JUMP-01,C:\Windows\System32\cleanmgr.exe,50a04b3e8cf28877df59d1fca0251def2db4c8c42900ff99610be55c5f4c077d,signed,Microsoft Windows,benign,routine trust context
TRUST-01454,2026-09-04T02:37:23Z,HR-WS-22,C:\ACME\Inventory\inventory.exe,7847bcbb1380e4bec389b9df3a8e8f8eb24cb6ba669769e5adfea67cd6791a74,signed,Microsoft Windows,benign,routine trust context
TRUST-00663,2026-09-04T02:38:51Z,JUMP-01,C:\ACME\Inventory\inventory.exe,47c6d62433f0a7f85921056e68b019eda9be8a6b0067e3901122a096c7faba5f,signed,Microsoft Windows,benign,routine trust context
TRUST-00503,2026-09-04T02:39:58Z,MGMT-01,C:\ACME\Patch\TelemetryCheck.ps1,aca0a3db5d7783634514bc820ec73aa1de39a0d48038e06f3850864858ce0ccb,signed,Microsoft Windows,benign,routine trust context
TRUST-01575,2026-09-04T02:45:43Z,APP-03,C:\ACME\Inventory\inventory.exe,ac634367e81bd85de132ee3f097c0839102a5c24fdad53c6aa3785244117aea6,signed,Microsoft Windows,benign,routine trust context
TRUST-00395,2026-09-04T02:46:04Z,MGMT-01,C:\ACME\Inventory\inventory.exe,d0caa102968cec8bc69490fcca7e51a886cdd9d25ec542a41589bf6dda82be6b,trusted_internal,ACME IT Automation,benign,routine trust context
TRUST-01494,2026-09-04T02:51:02Z,DC-01,C:\Windows\System32\cleanmgr.exe,93ebb5f6f816412a246ef8d46e434689a5d2f882762b2c27c94df2780ad77747,trusted_internal,Microsoft Windows,benign,routine trust context
TRUST-00878,2026-09-04T02:54:15Z,JUMP-01,C:\ACME\Inventory\inventory.exe,5d1b3cb54fa723b0206186cd96d7d10c2e0abb407a1eaa0903e65296bddf3938,trusted_internal,Microsoft Windows,benign,routine trust context
TRUST-01080,2026-09-04T03:06:49Z,APP-03,C:\ACME\Inventory\inventory.exe,d0142252f222e55d99943e673a47c6314aa6c6f342189875f7daf9bbd96c2abe,trusted_internal,ACME IT Automation,benign,routine trust context
TRUST-00547,2026-09-04T03:07:23Z,PATCH-01,C:\Windows\System32\cleanmgr.exe,ae4914162d040e8a1944689156e1c18f4bd45d46923a7d95355fc4e28c9e0485,trusted_internal,ACME IT Automation,benign,routine trust context
TRUST-00333,2026-09-04T03:16:05Z,JUMP-01,C:\Windows\System32\cleanmgr.exe,909cdd3a140eaf460e2a93f918b16925d15d43cc9fbb30e9d4efae1b74db8204,trusted_internal,ACME IT Automation,benign,routine trust context
TRUST-00605,2026-09-04T03:16:08Z,JUMP-01,C:\ACME\Inventory\inventory.exe,3822cdc7e8ce605b2502a263ababb3b74b21afbc3e24335b1503f6c10c26801d,trusted_internal,Microsoft Windows,benign,routine trust context
TRUST-00642,2026-09-04T03:25:47Z,APP-03,C:\ACME\Inventory\inventory.exe,d3eb2b379f9d06432dfddfa02f445651765bdefc49becf5065e4883afb9084f1,signed,Microsoft Windows,benign,routine trust context
TRUST-00539,2026-09-04T03:25:56Z,MGMT-01,C:\Windows\System32\cleanmgr.exe,e138bb5d95d01c3c87d04dba93ca049b08fae3abb917d7db349f5c33f704e431,signed,ACME IT Automation,benign,routine trust context
TRUST-01162,2026-09-04T03:30:22Z,MGMT-01,C:\ACME\Inventory\inventory.exe,14317c83a5b024dedc7822bb2ded7623630a6e65fe36a3ef1d8247641c03de3a,signed,ACME IT Automation,benign,routine trust context
TRUST-01405,2026-09-04T03:32:40Z,HR-WS-22,C:\Windows\System32\cleanmgr.exe,32e5be5340a59f71dad09a4d0feb0cb1854aa74d5c7301abfc25979647e0b2d6,signed,Microsoft Windows,benign,routine trust context
TRUST-01016,2026-09-04T03:35:24Z,MGMT-01,C:\ACME\Inventory\inventory.exe,13ae0d2d5c33ebe1c156c614eb0f048966abc1cf30d50ff734a8429da25846ed,signed,Microsoft Windows,benign,routine trust context
TRUST-01584,2026-09-04T03:40:27Z,APP-03,C:\ACME\Inventory\inventory.exe,eb2bfebcdd190d31a7bc7c48872c802bcc6b7816857efa4573c87389ac25fde3,trusted_internal,ACME IT Automation,benign,routine trust context
TRUST-00332,2026-09-04T04:03:52Z,APP-03,C:\ACME\Inventory\inventory.exe,d34bb56d9652c10d873471ee68aed062ec8cb26b10a46c8ea6a9bf720b4772a7,trusted_internal,Microsoft Windows,benign,routine trust context
TRUST-01723,2026-09-04T04:04:48Z,APP-03,C:\ACME\Inventory\inventory.exe,8d58e4423c33b680ae86a1439ac83f00f140c986c8539404ec3b7aea9417c429,trusted_internal,Microsoft Windows,benign,routine trust context
TRUST-01642,2026-09-04T04:06:23Z,APP-03,C:\ACME\Patch\TelemetryCheck.ps1,be3659e16c0de57cf768edbe70849f8f19628b905c29c190a0f314d4826816b5,signed,Microsoft Windows,benign,routine trust context
TRUST-00280,2026-09-04T04:07:17Z,PATCH-01,C:\Windows\System32\cleanmgr.exe,cdc36ea31ef1b00c999aca5c76d39538ddedc3a96ddd41270613e9b057355e55,signed,ACME IT Automation,benign,routine trust context
TRUST-00702,2026-09-04T04:08:26Z,FILE-02,C:\ACME\Patch\TelemetryCheck.ps1,e0edc5483f05979d986ed8641fb53750d1ea44dd44a970587460303159661138,trusted_internal,Microsoft Windows,benign,routine trust context
TRUST-01065,2026-09-04T04:08:47Z,JUMP-01,C:\ACME\Inventory\inventory.exe,23597f838a5592b5f59e55edc658044e40a229493b1bde2630ff2c8c7a2e910c,signed,ACME IT Automation,benign,routine trust context
TRUST-01206,2026-09-04T04:12:29Z,FILE-02,C:\ACME\Inventory\inventory.exe,481cb573604c27708cde8173c5471ed3b318a7ef578e0765a6d8ebc123c6308f,trusted_internal,Microsoft Windows,benign,routine trust context
TRUST-00688,2026-09-04T04:14:30Z,APP-03,C:\Windows\System32\cleanmgr.exe,be1e9e4193cda8d91f54cd5d8c3444347c2decdd74ef2a20884333e666678fd4,trusted_internal,ACME IT Automation,benign,routine trust context
TRUST-00522,2026-09-04T04:18:43Z,APP-03,C:\Windows\System32\cleanmgr.exe,d6af9b7a67b11d30747be48c4ef794573912e1a807c050b76d099278f81c505a,trusted_internal,ACME IT Automation,benign,routine trust context
TRUST-01301,2026-09-04T04:19:01Z,FILE-02,C:\ACME\Patch\TelemetryCheck.ps1,a725cff0cfb7b1a1adf3457daa0fbcd11b7ba35b0f44b6801f5105447b3edee2,trusted_internal,ACME IT Automation,benign,routine trust context
TRUST-00675,2026-09-04T04:20:49Z,APP-03,C:\Windows\System32\cleanmgr.exe,bb193eeb452e1d8ed6204024298bdcb8123a27575cf71531588a8d0692c12842,signed,ACME IT Automation,benign,routine trust context
TRUST-01161,2026-09-04T04:28:33Z,JUMP-01,C:\ACME\Patch\TelemetryCheck.ps1,2078ce857109e34d91a3cc0d05c6b2c520e15447558a2e4444e4c72a885158dc,trusted_internal,ACME IT Automation,benign,routine trust context
TRUST-00545,2026-09-04T04:36:20Z,PATCH-01,C:\Windows\System32\cleanmgr.exe,20ef08f3f41ad71370a1e41cf6c85e81c9013a64e0412ea81c28759ae2b2f58b,signed,ACME IT Automation,benign,routine trust context
TRUST-00964,2026-09-04T04:43:08Z,DC-01,C:\ACME\Inventory\inventory.exe,cafd4f9065669a72662804160281260c70a0e11889287ed920b0b507828dbb22,signed,Microsoft Windows,benign,routine trust context
TRUST-00009,2026-09-04T04:44:01Z,DC-01,C:\ACME\Inventory\inventory.exe,da117709e7ac56d84b89697fd1d480ba48a318254d6c23801227130c23a75a20,trusted_internal,Microsoft Windows,benign,routine trust context
TRUST-00618,2026-09-04T04:44:44Z,FILE-02,C:\ACME\Patch\TelemetryCheck.ps1,70f10223e1c5cb6807a384fceb626aa469b38d415db9c6f6e8ef7d1812755a47,signed,Microsoft Windows,benign,routine trust context
TRUST-01680,2026-09-04T04:46:27Z,FILE-02,C:\ACME\Patch\TelemetryCheck.ps1,5f4822e5683e92d44325d6ef603f3b8fcb0865aca437b164be85f196843b1483,trusted_internal,Microsoft Windows,benign,routine trust context
TRUST-01505,2026-09-04T04:50:23Z,PATCH-01,C:\ACME\Inventory\inventory.exe,32ca517a1b99e71da582827b9febd9328706ee4261287197cbd6c93e5870a33a,trusted_internal,Microsoft Windows,benign,routine trust context
TRUST-01600,2026-09-04T05:00:02Z,FILE-02,C:\ACME\Patch\TelemetryCheck.ps1,0b1952f4ccabb983fe8a74320f7ba9602ee2af9ed722bde1b5ef667d5652b3a1,signed,ACME IT Automation,benign,routine trust context
TRUST-01120,2026-09-04T05:10:58Z,MGMT-01,C:\ACME\Patch\TelemetryCheck.ps1,313b5172dad1a5620e05d50428f1f811af7ed93400938964b2d81c5047064e5e,trusted_internal,ACME IT Automation,benign,routine trust context
TRUST-00044,2026-09-04T05:12:35Z,JUMP-01,C:\ACME\Inventory\inventory.exe,3b75d77193b0862aae494d13589ed99890a9b3c0d92b6265e6520e7a4da98162,signed,ACME IT Automation,benign,routine trust context
TRUST-01255,2026-09-04T05:13:09Z,MGMT-01,C:\ACME\Inventory\inventory.exe,1f17f9565a36cd7b6abd774cb26b1c65ce44b6ae32b62973c4f037ba1ee254f6,trusted_internal,Microsoft Windows,benign,routine trust context
TRUST-01660,2026-09-04T05:15:16Z,DC-01,C:\ACME\Patch\TelemetryCheck.ps1,958b90c8f05e41ee5acdac39835cce721a14a872af289bf030242e2fe27353f2,trusted_internal,Microsoft Windows,benign,routine trust context
TRUST-00048,2026-09-04T05:16:16Z,PATCH-01,C:\Windows\System32\cleanmgr.exe,8466ced192579fbf3cf6c06857a4c2a9429e287a7c9e6297dd8c5b3b57d3f09d,signed,ACME IT Automation,benign,routine trust context
TRUST-00538,2026-09-04T05:21:26Z,JUMP-01,C:\Windows\System32\cleanmgr.exe,c1dcdfa6c07e67fff941a5aa4670de9e91be74f3503770f029e402b5a2aa227f,signed,Microsoft Windows,benign,routine trust context
TRUST-01760,2026-09-04T05:22:18Z,FILE-02,C:\ACME\Inventory\inventory.exe,13f4649e14bba00e108abd333b6badfc17a9c9b94b71e284ccad669182fa9710,trusted_internal,ACME IT Automation,benign,routine trust context
TRUST-00625,2026-09-04T05:25:27Z,APP-03,C:\ACME\Patch\TelemetryCheck.ps1,c471e4de238aff01de7bc0368a94ec8a7aa99a04dcf9faa5288a468649682dc0,trusted_internal,Microsoft Windows,benign,routine trust context
TRUST-01763,2026-09-04T05:31:37Z,MGMT-01,C:\ACME\Patch\TelemetryCheck.ps1,f2ffd91e0fe33f624f2fb330792c1c2e24b00dc05cd333cc960ca9d474327914,trusted_internal,ACME IT Automation,benign,routine trust context
TRUST-01427,2026-09-04T05:33:30Z,JUMP-01,C:\ACME\Patch\TelemetryCheck.ps1,d97918f7513455ba05817113d7b1a1be722c73b1fe0458252f1e3ddf2998ff7b,signed,ACME IT Automation,benign,routine trust context
TRUST-00064,2026-09-04T05:39:38Z,APP-03,C:\ACME\Inventory\inventory.exe,09dcf6c79f0feda7951df2385ecbac47cef0e51aaeaaa34c050c97c38e405675,trusted_internal,Microsoft Windows,benign,routine trust context
TRUST-01092,2026-09-04T05:47:02Z,PATCH-01,C:\Windows\System32\cleanmgr.exe,bea11a5465939136fcce07affda4af625933a686d8fd76dccef191c7303323d0,signed,Microsoft Windows,benign,routine trust context
TRUST-00602,2026-09-04T05:48:20Z,JUMP-01,C:\ACME\Patch\TelemetryCheck.ps1,1953d5357c0fb5dfea99ee321421ca7e13d6be2396c542ba91c5bb460135851e,trusted_internal,ACME IT Automation,benign,routine trust context
TRUST-01318,2026-09-04T05:54:04Z,HR-WS-22,C:\ACME\Inventory\inventory.exe,0fe6b573fd7b4edbe9cb663333adcf0e5faf70f40156feca90f21f798dbcd7c9,signed,Microsoft Windows,benign,routine trust context
TRUST-01309,2026-09-04T06:03:12Z,MGMT-01,C:\ACME\Inventory\inventory.exe,3eb1117458cc36ab76c63488368902a00066f1336a410525bfb83e689230926e,trusted_internal,ACME IT Automation,benign,routine trust context
TRUST-01001,2026-09-04T06:04:14Z,HR-WS-22,C:\ACME\Inventory\inventory.exe,0a88e17c3fe43afa3d1b679fa6327972a659936b772c3eb2e254917afb06d23b,trusted_internal,ACME IT Automation,benign,routine trust context
TRUST-01337,2026-09-04T06:05:48Z,JUMP-01,C:\ACME\Inventory\inventory.exe,3d084d913afa4eb5ec0cf83525458974c18e312998670a7f414437485180c8c4,signed,ACME IT Automation,benign,routine trust context
TRUST-01411,2026-09-04T06:07:58Z,PATCH-01,C:\Windows\System32\cleanmgr.exe,2af0776e61919ce62732e11fe7fdf3a70cc3f010cf167a039653ca448c69cf53,trusted_internal,ACME IT Automation,benign,routine trust context
TRUST-00984,2026-09-04T06:16:21Z,JUMP-01,C:\ACME\Patch\TelemetryCheck.ps1,96ad91d11d2acd5738411b911ab2caf4dc6ebe53dc83a6dea6dcc63f222ef90e,trusted_internal,Microsoft Windows,benign,routine trust context
TRUST-00666,2026-09-04T06:24:11Z,PATCH-01,C:\Windows\System32\cleanmgr.exe,67ac8ac746a54f844dbf25eb02830dda919387fa8df52d9d5002af61c83a4180,signed,Microsoft Windows,benign,routine trust context
TRUST-01692,2026-09-04T06:29:38Z,JUMP-01,C:\ACME\Inventory\inventory.exe,f0c8396620b1a69ac04339079d8c75d83f33c36e6e0716a017e7e47b99401b40,signed,Microsoft Windows,benign,routine trust context
TRUST-00641,2026-09-04T06:42:25Z,HR-WS-22,C:\ACME\Inventory\inventory.exe,c01e84a9931e90f1c7ab1791ac70186edbb61364947b7d5cb494d15eaa251871,trusted_internal,Microsoft Windows,benign,routine trust context
TRUST-01754,2026-09-04T06:43:50Z,JUMP-01,C:\Windows\System32\cleanmgr.exe,bf99a036e43d90cb470c66a0bf0f1ef8bab46e8f666698245bacb0eae2ffc29f,trusted_internal,ACME IT Automation,benign,routine trust context
TRUST-00630,2026-09-04T06:44:44Z,APP-03,C:\ACME\Inventory\inventory.exe,556e73c75cf7ed4e217dd3f4cb21559c6ff08b1b22f57e97f4abd5b9bef410bb,signed,Microsoft Windows,benign,routine trust context
TRUST-00016,2026-09-04T06:49:12Z,MGMT-01,C:\Windows\System32\cleanmgr.exe,eaace9263f270118670f42130e477d34b845e2d090055dcaff87f93519066e8e,trusted_internal,ACME IT Automation,benign,routine trust context
TRUST-01651,2026-09-04T07:04:53Z,APP-03,C:\Windows\System32\cleanmgr.exe,a70029def999a0980999abb43cc3a05d673988caa7de73b74adf366e8557656d,trusted_internal,Microsoft Windows,benign,routine trust context
TRUST-00134,2026-09-04T07:05:26Z,HR-WS-22,C:\ACME\Patch\TelemetryCheck.ps1,10c3822194a52b4f7023bf3a0660c264996360cfb8e91100bc5863620a247305,signed,Microsoft Windows,benign,routine trust context
TRUST-01155,2026-09-04T07:12:31Z,PATCH-01,C:\Windows\System32\cleanmgr.exe,af80190e2f0abc69f2cc7bf3825683933c3ba9ab8cfad0e7f67803b64e3d3696,signed,ACME IT Automation,benign,routine trust context
TRUST-01081,2026-09-04T07:14:46Z,JUMP-01,C:\ACME\Inventory\inventory.exe,ee5a210cf33eb0b9f15dc2a21b8629829c0bc218f020635e8a4c6cf73874a209,trusted_internal,Microsoft Windows,benign,routine trust context
TRUST-01591,2026-09-04T07:20:29Z,MGMT-01,C:\Windows\System32\cleanmgr.exe,56904f3ffd43136d2677235b4764d8f1dceeba94fbe2b0395229f0e1afb06506,signed,ACME IT Automation,benign,routine trust context
TRUST-00709,2026-09-04T07:27:30Z,APP-03,C:\ACME\Inventory\inventory.exe,9540a2da50ed54d08eb5144f529e8dd5459d73f70e90bb3c2b34cfb1fc4d2718,trusted_internal,ACME IT Automation,benign,routine trust context
TRUST-00865,2026-09-04T07:31:46Z,HR-WS-22,C:\ACME\Inventory\inventory.exe,60b46c3d44fdfbc1cce4d6195dd5719dbb0c5fe1404906b474a8a5228ed9f375,signed,Microsoft Windows,benign,routine trust context
TRUST-00175,2026-09-04T07:33:44Z,HR-WS-22,C:\ACME\Inventory\inventory.exe,86a7c9c60dc207600bbed6fcc7ca3f5b00dd8aa54c80712cd847c237275cadb8,trusted_internal,ACME IT Automation,benign,routine trust context
TRUST-00049,2026-09-04T07:33:57Z,PATCH-01,C:\ACME\Inventory\inventory.exe,19e2c2d208a9ab8e55a69ca1905b5d31281cc5478a0851d4f9667c8716036a5a,trusted_internal,Microsoft Windows,benign,routine trust context
TRUST-00132,2026-09-04T07:39:28Z,FILE-02,C:\ACME\Inventory\inventory.exe,709e92cd0b71c9978952e6f336873ed5aa0add13926b8a6346b59e048adfaf46,trusted_internal,ACME IT Automation,benign,routine trust context
TRUST-01342,2026-09-04T07:46:24Z,JUMP-01,C:\ACME\Patch\TelemetryCheck.ps1,2cae5f005bed7afb28a45f61fd5571cf947783bb0b544f4cc28c13a08d707bcf,trusted_internal,ACME IT Automation,benign,routine trust context
TRUST-00755,2026-09-04T07:46:37Z,DC-01,C:\ACME\Inventory\inventory.exe,5d8ad4685fb0df090969fc3b45afc07ba5a0ad04e80e2d876ad7952b36791285,trusted_internal,ACME IT Automation,benign,routine trust context
TRUST-00969,2026-09-04T07:50:33Z,DC-01,C:\ACME\Inventory\inventory.exe,5d9378f7e3479e9cd416bde45f43b64f58596a28ec1f0dc2fee91f8c1dbc8831,signed,ACME IT Automation,benign,routine trust context
TRUST-01377,2026-09-04T07:52:40Z,JUMP-01,C:\ACME\Patch\TelemetryCheck.ps1,6c9757811f970ea51db73d4b95fbc61953c2b39b224985304babae1840032090,trusted_internal,Microsoft Windows,benign,routine trust context
TRUST-00376,2026-09-04T07:55:37Z,PATCH-01,C:\ACME\Inventory\inventory.exe,6ad50e8c8dd5daaf1cac295b799b7fd05a79b26af705b8084b523b936a5311e0,trusted_internal,ACME IT Automation,benign,routine trust context
TRUST-00058,2026-09-04T07:59:18Z,APP-03,C:\Windows\System32\cleanmgr.exe,d34fbffceed7c4eb0d826221132d9d633cf4330785eb904280cbff020e403178,trusted_internal,ACME IT Automation,benign,routine trust context
TRUST-01748,2026-09-04T07:59:18Z,MGMT-01,C:\ACME\Inventory\inventory.exe,a24da06b8b20a125cd28fb87fb4480db13725008a26b5d06e48db22c9ee8e6d7,signed,Microsoft Windows,benign,routine trust context
TRUST-00169,2026-09-04T07:59:37Z,PATCH-01,C:\ACME\Patch\TelemetryCheck.ps1,735fb4838bdc8f20e53829c930dfa4fc8ac5814944d4144ce8d199bd6aec5b1e,signed,Microsoft Windows,benign,routine trust context
TRUST-00759,2026-09-04T07:59:45Z,HR-WS-22,C:\ACME\Inventory\inventory.exe,1654d8866c5581b4c4478769a8c56f604b055da6cb5ddc39bba24d93acd1476c,signed,Microsoft Windows,benign,routine trust context
TRUST-00902,2026-09-04T08:06:25Z,FILE-02,C:\ACME\Inventory\inventory.exe,eaf793b2e669bfe725de3cc0fd601e943fd5785401f283afff90c34b70429838,trusted_internal,ACME IT Automation,benign,routine trust context
TRUST-01378,2026-09-04T08:07:56Z,APP-03,C:\ACME\Patch\TelemetryCheck.ps1,ef84a3e394bc1591e73c95c03b122afa3c55594ddd626c2c0374b5d674db1662,signed,ACME IT Automation,benign,routine trust context
TRUST-01485,2026-09-04T08:08:47Z,PATCH-01,C:\ACME\Patch\TelemetryCheck.ps1,8b79e658d8a140f37e822b72f2e6e54526820567d5535a8778ef0e747b24ad5f,signed,ACME IT Automation,benign,routine trust context
TRUST-00582,2026-09-04T08:08:54Z,APP-03,C:\Windows\System32\cleanmgr.exe,95c46bf9d4afea0a0cd7acd95ae5a8e6846bc32f28a6c2af64facbedb251fade,signed,Microsoft Windows,benign,routine trust context
TRUST-00877,2026-09-04T08:08:59Z,HR-WS-22,C:\Windows\System32\cleanmgr.exe,2dad1b039e0a1ac9a9d569e0351e62edb672eb9e3097b416305fd5f34f29c25d,trusted_internal,Microsoft Windows,benign,routine trust context
TRUST-00799,2026-09-04T08:19:37Z,APP-03,C:\ACME\Inventory\inventory.exe,35ab7d41b5115d4e5348938ac27412b8fd7d0f78327dc07f316365c38e704a85,trusted_internal,ACME IT Automation,benign,routine trust context
TRUST-01374,2026-09-04T08:22:46Z,MGMT-01,C:\Windows\System32\cleanmgr.exe,29ed7043d7b119b2d6e07d84b255fc22b14856367a6b2a8876efc539e22c01b6,trusted_internal,ACME IT Automation,benign,routine trust context
TRUST-00113,2026-09-04T08:29:50Z,APP-03,C:\ACME\Inventory\inventory.exe,1da4ef14b455dc7862f2c7e509ab16e2a2fd3e14f7e7705811cda155e45fefe4,signed,Microsoft Windows,benign,routine trust context
TRUST-00579,2026-09-04T08:35:03Z,PATCH-01,C:\ACME\Inventory\inventory.exe,f365c6d2709f0402110b30238e8a4d8ed032737f2d8d542269054dcc5c35f768,trusted_internal,Microsoft Windows,benign,routine trust context
TRUST-00370,2026-09-04T08:43:39Z,DC-01,C:\ACME\Patch\TelemetryCheck.ps1,ddd432ec60be374c27702b180c17bf89a698d745c2d33db45924e8158df4375a,trusted_internal,Microsoft Windows,benign,routine trust context
TRUST-00838,2026-09-04T08:49:57Z,APP-03,C:\ACME\Inventory\inventory.exe,c4208d9eb9f6b86664124b8d410f5bca8460ea1d9117d84cc7f0dfbd39e21e42,signed,ACME IT Automation,benign,routine trust context
TRUST-00762,2026-09-04T08:50:59Z,JUMP-01,C:\ACME\Inventory\inventory.exe,47dba6a2fc750e534ac2773a7160649393db49da09dc9a41eaec35d282df10f7,signed,Microsoft Windows,benign,routine trust context
TRUST-00377,2026-09-04T08:53:11Z,HR-WS-22,C:\ACME\Inventory\inventory.exe,d31bcf2536908b7f9c3dab07ba36507dd07dd29e453088bbff7638ed697620a4,signed,ACME IT Automation,benign,routine trust context
TRUST-00184,2026-09-04T08:53:12Z,PATCH-01,C:\ACME\Inventory\inventory.exe,fff2c5d2757c90147afbbc850761c7bace87fed5295bbd824fd836e2a29ec438,signed,Microsoft Windows,benign,routine trust context
TRUST-01515,2026-09-04T08:59:37Z,APP-03,C:\ACME\Patch\TelemetryCheck.ps1,8a009ac53cda9c7d434987d0f05ea980090ac1e5879817d486b37d16324a19c2,signed,ACME IT Automation,benign,routine trust context
TRUST-00105,2026-09-04T09:01:25Z,MGMT-01,C:\ACME\Patch\TelemetryCheck.ps1,e85fc87e7e2ce21eb3632d4ec8c68b15e47f8e284c4af3620c66fc3d33b2b3e2,trusted_internal,Microsoft Windows,benign,routine trust context
TRUST-00460,2026-09-04T09:05:07Z,HR-WS-22,C:\ACME\Inventory\inventory.exe,a33a043e5545f6684f16cd7192622cdfd3c314b4482dbd3c7f6e60ecc5ac939b,trusted_internal,Microsoft Windows,benign,routine trust context
TRUST-01266,2026-09-04T09:07:49Z,JUMP-01,C:\ACME\Patch\TelemetryCheck.ps1,6f4bbb3204b478ff984942c1edc5e33bceb368e9cfb084fa49eef84a3eafe381,signed,Microsoft Windows,benign,routine trust context
TRUST-00429,2026-09-04T09:09:43Z,MGMT-01,C:\ACME\Patch\TelemetryCheck.ps1,21ff560140711738b440502aa017f30f5d86da9e8ddbced82512e6aac8c961d5,signed,ACME IT Automation,benign,routine trust context
TRUST-01779,2026-09-04T09:18:33Z,APP-03,C:\ACME\Inventory\inventory.exe,246d4334e6599e8ec6159e124d2e6d3b3abc9460b685fee37f53d3b6f33762b0,signed,Microsoft Windows,benign,routine trust context
TRUST-01389,2026-09-04T09:33:55Z,FILE-02,C:\ACME\Inventory\inventory.exe,d8afbd6224d5f9b7c32e97949f71c51fc79e596e1d0e0787491fb5b49577bfbf,trusted_internal,ACME IT Automation,benign,routine trust context
TRUST-01219,2026-09-04T09:36:33Z,PATCH-01,C:\ACME\Patch\TelemetryCheck.ps1,82e691b2e80823cb3188d5c423428665b5c66afb0a86c06dcaca2674d5db4587,signed,Microsoft Windows,benign,routine trust context
TRUST-00509,2026-09-04T09:45:44Z,MGMT-01,C:\ACME\Inventory\inventory.exe,e8e33af5ecfeab2b5a65ac134d203e23b261a9690c6fdc5af808f0ea98702212,trusted_internal,ACME IT Automation,benign,routine trust context
TRUST-01352,2026-09-04T09:51:01Z,MGMT-01,C:\Windows\System32\cleanmgr.exe,9823f35d1ff95ddf76f25b28560a4685ccd00984fef36b0367b970580faa8abd,signed,Microsoft Windows,benign,routine trust context
TRUST-00962,2026-09-04T09:54:13Z,PATCH-01,C:\ACME\Patch\TelemetryCheck.ps1,6c3656f5290146749e36d4f94dd187eb4d63649dd52c234467cc22309317c783,trusted_internal,Microsoft Windows,benign,routine trust context
TRUST-00971,2026-09-04T09:56:34Z,FILE-02,C:\ACME\Patch\TelemetryCheck.ps1,b7ad3d6a47929832445fab96ecf94cb26059fff44369fa825b602f1d03a0f0e5,trusted_internal,ACME IT Automation,benign,routine trust context
TRUST-00732,2026-09-04T10:00:50Z,APP-03,C:\ACME\Patch\TelemetryCheck.ps1,abf9b3adfc817a5580ad7ae2e1f29c051c81d586e7054b207621eeac458d5fcb,trusted_internal,ACME IT Automation,benign,routine trust context
TRUST-00775,2026-09-04T10:06:26Z,FILE-02,C:\ACME\Patch\TelemetryCheck.ps1,28cd25788e32b1a2eecb24faa0f3a57db844efe3b1be252c973220237a8dedfd,trusted_internal,Microsoft Windows,benign,routine trust context
TRUST-01396,2026-09-04T10:31:24Z,MGMT-01,C:\ACME\Patch\TelemetryCheck.ps1,79fe2e0e2f26e899c5a1e3c8592c4aac326a27fb3cce1ccbdc693a84ccdfd0c6,signed,ACME IT Automation,benign,routine trust context
TRUST-00850,2026-09-04T10:42:47Z,PATCH-01,C:\ACME\Inventory\inventory.exe,35511a8a509483db478df4c8c93530719fa54d47649f99fa707b80507a5eb578,signed,ACME IT Automation,benign,routine trust context
TRUST-01365,2026-09-04T10:44:45Z,APP-03,C:\Windows\System32\cleanmgr.exe,9bf0c37e5c5370d4fb0d2091191a01b42919b1be0e32f2a2087c90f155b11ef6,trusted_internal,ACME IT Automation,benign,routine trust context
TRUST-00114,2026-09-04T10:49:22Z,FILE-02,C:\ACME\Patch\TelemetryCheck.ps1,a6d8fc1fd2b32761b7ce7e09d3d9fee0dc38be94b172546e1cc7a3f87ffd5c0e,signed,Microsoft Windows,benign,routine trust context
TRUST-01213,2026-09-04T10:54:22Z,MGMT-01,C:\Windows\System32\cleanmgr.exe,26bb9797b604b346076051f08b6b3a416b09e93129f4924327dfb4ca63a13768,signed,Microsoft Windows,benign,routine trust context
TRUST-00047,2026-09-04T10:57:31Z,MGMT-01,C:\ACME\Patch\TelemetryCheck.ps1,ab36e2ab6cd63228ecd5a7c9a4c4c70af6c56ac103871c790c9d77f2a46d9966,signed,ACME IT Automation,benign,routine trust context
TRUST-00757,2026-09-04T11:02:12Z,HR-WS-22,C:\ACME\Patch\TelemetryCheck.ps1,56c9baf02061292ccf170a252780bcca374d2befce99d3177b78153f8a096188,signed,ACME IT Automation,benign,routine trust context
TRUST-01117,2026-09-04T11:03:26Z,HR-WS-22,C:\Windows\System32\cleanmgr.exe,1dd10a7adb1a3df7b0177093dd612c375ae910963182ee875736dd9232f1f894,trusted_internal,Microsoft Windows,benign,routine trust context
TRUST-00133,2026-09-04T11:03:45Z,APP-03,C:\Windows\System32\cleanmgr.exe,2fc88b1da2bdd2ec9b103985926c43986c5f4dc0bf02f8cfa2408fd36dbecd82,trusted_internal,Microsoft Windows,benign,routine trust context
TRUST-00206,2026-09-04T11:04:35Z,PATCH-01,C:\ACME\Patch\TelemetryCheck.ps1,832b939c8ee674ddedd99b72ea8df1bb6865af8c1d1192bc840e1a229b59ccec,trusted_internal,Microsoft Windows,benign,routine trust context
TRUST-00576,2026-09-04T11:05:20Z,HR-WS-22,C:\ACME\Inventory\inventory.exe,fd689c1240c6adc7e802f5028431139f2b79def631d46b8d34f398733df392f7,trusted_internal,ACME IT Automation,benign,routine trust context
TRUST-01743,2026-09-04T11:05:41Z,HR-WS-22,C:\Windows\System32\cleanmgr.exe,9898eebfdc2400d8a915ac03c65a28967faddce032bb0941a3823e7d77081e6c,trusted_internal,Microsoft Windows,benign,routine trust context
TRUST-01400,2026-09-04T11:11:17Z,MGMT-01,C:\ACME\Inventory\inventory.exe,6c896ec2b6b49558164bff0c7dafa4a52e67cd1b3f4101bb7d494f3db6cd255e,trusted_internal,Microsoft Windows,benign,routine trust context
TRUST-00131,2026-09-04T11:19:28Z,PATCH-01,C:\Windows\System32\cleanmgr.exe,17cc39cb153bd42dc249ea17fc398b31b6dfbaefeeb3598c47ea70f9492985d1,signed,ACME IT Automation,benign,routine trust context
TRUST-01507,2026-09-04T11:21:21Z,FILE-02,C:\Windows\System32\cleanmgr.exe,831cc2e634dfe94478aaf89547084faba6b3ff163e570cc70b31bd2a295f63d2,trusted_internal,Microsoft Windows,benign,routine trust context
TRUST-01132,2026-09-04T11:22:00Z,DC-01,C:\ACME\Inventory\inventory.exe,c99d8e0f1f268b9fb21a247ecdafcba8b82c925100631e1afa5169bc67126353,signed,ACME IT Automation,benign,routine trust context
TRUST-00062,2026-09-04T11:28:09Z,DC-01,C:\ACME\Inventory\inventory.exe,66a7d8622ec112dfe30152fa1531ddba28b688e3061a3919eb499b0c1887160f,signed,Microsoft Windows,benign,routine trust context
TRUST-01029,2026-09-04T11:30:45Z,MGMT-01,C:\ACME\Patch\TelemetryCheck.ps1,2d0353854c7339f576ee3d072ca950e49c8083526a91cf006587bf2c03e72573,trusted_internal,Microsoft Windows,benign,routine trust context
TRUST-00484,2026-09-04T11:31:24Z,MGMT-01,C:\ACME\Patch\TelemetryCheck.ps1,ee203dcf055ac17fb75710cbdb88ca0a81c695a47600f336cac19d41099d60fb,trusted_internal,ACME IT Automation,benign,routine trust context
TRUST-00753,2026-09-04T11:32:07Z,HR-WS-22,C:\ACME\Inventory\inventory.exe,2e06d776eba2b97f185c7c3bcda8ae38ec4d625aeadda6dbbcb3a67fd594c3e4,trusted_internal,Microsoft Windows,benign,routine trust context
TRUST-00026,2026-09-04T11:36:11Z,MGMT-01,C:\ACME\Inventory\inventory.exe,d2af23d320e946d1f8858fab8336d7a23306480071e7febee13a74158d6d969a,signed,ACME IT Automation,benign,routine trust context
TRUST-00173,2026-09-04T11:38:15Z,FILE-02,C:\Windows\System32\cleanmgr.exe,7914f648af0dec85537fa1cbf83156e04afabef447ebe43f39c35d258c917c9f,trusted_internal,Microsoft Windows,benign,routine trust context
TRUST-01347,2026-09-04T11:42:13Z,MGMT-01,C:\ACME\Inventory\inventory.exe,81bbcaa56590e15196e2453e86cfa549fbf75bcb6b7b8d774815c71897a858a6,trusted_internal,Microsoft Windows,benign,routine trust context
TRUST-00847,2026-09-04T11:45:41Z,DC-01,C:\ACME\Inventory\inventory.exe,8974afc4445917584e9bf602850dcef2a283372bdbecafcb604c3e870e67dbe9,signed,Microsoft Windows,benign,routine trust context
TRUST-01500,2026-09-04T11:50:05Z,PATCH-01,C:\Windows\System32\cleanmgr.exe,f3d7fae90e5006fef81fc7da32408e26dcd391de875c011575c4c1e159d18743,trusted_internal,Microsoft Windows,benign,routine trust context
TRUST-01257,2026-09-04T11:50:43Z,JUMP-01,C:\ACME\Patch\TelemetryCheck.ps1,d5b9121b8870b09c3da3cb5c8598e74a7e5b7b092cc47d84605ddc79ee746621,signed,ACME IT Automation,benign,routine trust context
TRUST-00720,2026-09-04T11:51:16Z,FILE-02,C:\Windows\System32\cleanmgr.exe,75c377ee7ed00f0323304ef3bf224db0d4e6f359f8453b7f1e3ec6632226338c,trusted_internal,ACME IT Automation,benign,routine trust context
TRUST-01128,2026-09-04T12:03:34Z,DC-01,C:\ACME\Patch\TelemetryCheck.ps1,41b74fa770910db091b0a007f05b3a841868d1d00e7407be524ba3cb5a500331,signed,Microsoft Windows,benign,routine trust context
TRUST-01083,2026-09-04T12:05:33Z,JUMP-01,C:\ACME\Patch\TelemetryCheck.ps1,cdd180b9363682c88c4bf7789e4946e373a4b971f19ba0f5eb321f3555be2fee,signed,ACME IT Automation,benign,routine trust context
TRUST-00126,2026-09-04T12:16:57Z,MGMT-01,C:\ACME\Inventory\inventory.exe,ede61d3f848422bcc40e111384193228ae1b6a6e6935fed5b92a40a6e09abfd2,signed,ACME IT Automation,benign,routine trust context
TRUST-01344,2026-09-04T12:22:09Z,MGMT-01,C:\ACME\Inventory\inventory.exe,48e93a0c8f58e04f2f61c23e6aac879a48214bd0eaf112055d179d3b3099806d,trusted_internal,Microsoft Windows,benign,routine trust context
TRUST-00970,2026-09-04T12:23:48Z,FILE-02,C:\ACME\Patch\TelemetryCheck.ps1,a5c86dc3e6332e901e1457e2aa92807d2d0476cad75cd4fbda001cee84353912,signed,ACME IT Automation,benign,routine trust context
TRUST-01239,2026-09-04T12:24:03Z,FILE-02,C:\Windows\System32\cleanmgr.exe,f873abd2c71bddece535024ab35615fab8809759032885db4f3a459f3fc3223a,trusted_internal,Microsoft Windows,benign,routine trust context
TRUST-00170,2026-09-04T12:25:50Z,JUMP-01,C:\Windows\System32\cleanmgr.exe,ba7232ce6f355892e08963fbc63af44b9b1a1a0b97037ba747e949928378fbe8,signed,ACME IT Automation,benign,routine trust context
TRUST-00611,2026-09-04T12:25:54Z,DC-01,C:\ACME\Patch\TelemetryCheck.ps1,8e208ee9d200c580f8799ef5752e7d97d4ec332a02c97fe93b3b9d87202b432a,signed,ACME IT Automation,benign,routine trust context
TRUST-01413,2026-09-04T12:27:38Z,PATCH-01,C:\Windows\System32\cleanmgr.exe,c41afd4c417c9d4c79239f5d44af463b6a86d4e505f8f981bfb0fe7f96006193,trusted_internal,ACME IT Automation,benign,routine trust context
TRUST-01686,2026-09-04T12:29:22Z,HR-WS-22,C:\Windows\System32\cleanmgr.exe,38a4efa9a777a36db7c14a7fb65315c2d293f7269b1a714ad0c947581e997b0e,signed,ACME IT Automation,benign,routine trust context
TRUST-00167,2026-09-04T12:33:18Z,MGMT-01,C:\ACME\Patch\TelemetryCheck.ps1,e149fd4b5fba4982168592728e80d809b972b2ab757087d37fb02be7792e72df,signed,ACME IT Automation,benign,routine trust context
TRUST-00502,2026-09-04T12:35:55Z,PATCH-01,C:\Windows\System32\cleanmgr.exe,13bdd73e4206901ab9f9f16e8689cdde4c857977935cb80a2ebeeef6f9d4fcac,signed,ACME IT Automation,benign,routine trust context
TRUST-00912,2026-09-04T12:49:06Z,FILE-02,C:\ACME\Inventory\inventory.exe,83ed2e43b8208032ebc669fa7b2bdd805b6cd36b8c7f905719a000cffcd9f979,trusted_internal,Microsoft Windows,benign,routine trust context
TRUST-00155,2026-09-04T12:55:36Z,JUMP-01,C:\ACME\Patch\TelemetryCheck.ps1,3ad354dde6845432b5c321467c3ecfaae9c99a6626bb111d5ba7c95d2c838a09,signed,ACME IT Automation,benign,routine trust context
TRUST-01477,2026-09-04T12:56:50Z,DC-01,C:\ACME\Inventory\inventory.exe,876f29587531cbb4063585420c987594729f6f6ff17e838dce825dbc9037c8b0,trusted_internal,Microsoft Windows,benign,routine trust context
TRUST-00987,2026-09-04T13:11:53Z,JUMP-01,C:\Windows\System32\cleanmgr.exe,974fe4aec679b9e273471014b7c6b6bf9194d1c6b1f4640e1a0c0d97b74edbde,signed,ACME IT Automation,benign,routine trust context
TRUST-01627,2026-09-04T13:15:35Z,FILE-02,C:\ACME\Inventory\inventory.exe,bc36c29c7068fdf48eb80dce789cadee88f8e4316b7126494e97b1936dda4067,trusted_internal,Microsoft Windows,benign,routine trust context
TRUST-00482,2026-09-04T13:17:08Z,MGMT-01,C:\Windows\System32\cleanmgr.exe,046b003d7cc2ec10724de4eeb58ddb13d0587484816c3c108863144ebe0cfbe8,signed,Microsoft Windows,benign,routine trust context
TRUST-00596,2026-09-04T13:19:16Z,PATCH-01,C:\ACME\Inventory\inventory.exe,622f79dd7355b3e7d98b25a24ee753cf251d02ae1539efb3143e650739f23c92,signed,Microsoft Windows,benign,routine trust context
TRUST-00834,2026-09-04T13:21:07Z,DC-01,C:\ACME\Inventory\inventory.exe,4e455e38855610ddda3bbefec6f37f273c5209f6c2c84cac82c88bb05b7e3945,trusted_internal,ACME IT Automation,benign,routine trust context
TRUST-00858,2026-09-04T13:25:51Z,FILE-02,C:\ACME\Inventory\inventory.exe,3d6a5fd76b4d4d60d8a00171539e265a79b38a20770ed5314cc9d70c68bb4a8d,trusted_internal,Microsoft Windows,benign,routine trust context
TRUST-00845,2026-09-04T13:42:58Z,FILE-02,C:\Windows\System32\cleanmgr.exe,800c0239584c2599b970eac69a6f641b317adfc13c77098f9c0fdd1fe219b651,trusted_internal,Microsoft Windows,benign,routine trust context
TRUST-00454,2026-09-04T13:47:22Z,APP-03,C:\Windows\System32\cleanmgr.exe,be04ed19c189baa73e112ccd9ad4a04314058e69160949e04873662f421ced7f,signed,ACME IT Automation,benign,routine trust context
TRUST-01035,2026-09-04T13:48:45Z,PATCH-01,C:\ACME\Patch\TelemetryCheck.ps1,740f197b8cdf54bfcdfc07771a64bec5c795600f1eeedf366a24f750ef11766b,trusted_internal,ACME IT Automation,benign,routine trust context
TRUST-00822,2026-09-04T13:50:26Z,PATCH-01,C:\ACME\Patch\TelemetryCheck.ps1,75e6acf0c63d74ddd7758e4ac0412c1a5eb3d8d240971c74664113dfa6539543,trusted_internal,ACME IT Automation,benign,routine trust context
TRUST-00567,2026-09-04T13:50:39Z,APP-03,C:\ACME\Inventory\inventory.exe,727b7cb646e60ff67936c7f185039a3394b130451b02455e11fe42a772ab42e7,trusted_internal,ACME IT Automation,benign,routine trust context
TRUST-01520,2026-09-04T13:51:03Z,FILE-02,C:\ACME\Inventory\inventory.exe,aa328d9022eb608d514a1fb494ca61b7c530b3817c4232afd789eb6eded63332,trusted_internal,Microsoft Windows,benign,routine trust context
TRUST-00787,2026-09-04T13:52:15Z,HR-WS-22,C:\ACME\Inventory\inventory.exe,c67d4577a0e94e259ff7e2cb57d89406e210f1188c9ece1944787a5201b28c31,signed,Microsoft Windows,benign,routine trust context
TRUST-00699,2026-09-04T13:54:37Z,MGMT-01,C:\ACME\Inventory\inventory.exe,30fc899cac1f3960f67aa385365e9d00a855fe77ea71b5d75f0541855dc8422f,signed,Microsoft Windows,benign,routine trust context
TRUST-00338,2026-09-04T13:58:50Z,PATCH-01,C:\ACME\Inventory\inventory.exe,7f3ea3a64047aec81399d11a3f20a5bc693678f2d87c03d8ca68c3a64c85bced,trusted_internal,Microsoft Windows,benign,routine trust context
TRUST-01650,2026-09-04T14:02:10Z,MGMT-01,C:\ACME\Patch\TelemetryCheck.ps1,dd32860db5bba77194e1fa573cb3a461d9b01d4659e4c698afc0670946d701a8,signed,Microsoft Windows,benign,routine trust context
TRUST-00427,2026-09-04T14:05:31Z,DC-01,C:\Windows\System32\cleanmgr.exe,a654550dfe5a609c04518260a673bb5ad150096fdce029d64f1f31344bf2d44c,signed,ACME IT Automation,benign,routine trust context
TRUST-01062,2026-09-04T14:06:21Z,MGMT-01,C:\Windows\System32\cleanmgr.exe,5167acd5de730caccb57fd42fa68736ed03bdfaee6a44ce701dae77e61428cab,trusted_internal,Microsoft Windows,benign,routine trust context
TRUST-00844,2026-09-04T14:20:20Z,DC-01,C:\ACME\Inventory\inventory.exe,486deecbcb73190b7af9a6105dd99208c894c507a9e97efad41ef0fc490d78e5,signed,Microsoft Windows,benign,routine trust context
TRUST-00537,2026-09-04T14:21:58Z,HR-WS-22,C:\ACME\Inventory\inventory.exe,c1663efc001f743fc372e18398b93496c4fec131ef7ce2a12955d7d9e50c402b,trusted_internal,Microsoft Windows,benign,routine trust context
TRUST-00658,2026-09-04T14:25:13Z,DC-01,C:\ACME\Inventory\inventory.exe,d3895a07288e057ac449928c068ebfd590b49eace9021e31a490da49f5043d56,trusted_internal,Microsoft Windows,benign,routine trust context
TRUST-01625,2026-09-04T14:25:16Z,MGMT-01,C:\Windows\System32\cleanmgr.exe,8bce29825fffdb05d980d2ed1bc495a296df3bd63473709d52d82c2e9d0a6a1f,signed,ACME IT Automation,benign,routine trust context
TRUST-00172,2026-09-04T14:31:50Z,FILE-02,C:\ACME\Patch\TelemetryCheck.ps1,243b9beda36d81a457d48fafec2ad0a57c5f2322824ad3b1b562d9ddb7600103,signed,ACME IT Automation,benign,routine trust context
TRUST-01613,2026-09-04T14:32:04Z,HR-WS-22,C:\ACME\Patch\TelemetryCheck.ps1,20bfbac8b8a95f775ea8b7adce7581a9773ecb4b783165f0dee8f7b308ede697,signed,ACME IT Automation,benign,routine trust context
TRUST-01508,2026-09-04T14:35:11Z,PATCH-01,C:\ACME\Inventory\inventory.exe,804e70edeab05c3ec0ed9924f3fffe573ff00e28531f3318ede416bc230bd308,trusted_internal,Microsoft Windows,benign,routine trust context
TRUST-00150,2026-09-04T14:38:47Z,DC-01,C:\ACME\Patch\TelemetryCheck.ps1,5ab0c0d6b142f5e0fc2af747e7004b6939b48a9c4dba9c5c33e4ffa74d05cf1f,signed,ACME IT Automation,benign,routine trust context
TRUST-01195,2026-09-04T14:44:38Z,HR-WS-22,C:\ACME\Patch\TelemetryCheck.ps1,ac7b3ae0e4cba3eef6809daa2907c86cd85acc9e0ea08d5533983b5b7f6353e5,trusted_internal,ACME IT Automation,benign,routine trust context
TRUST-00470,2026-09-04T14:44:49Z,DC-01,C:\ACME\Patch\TelemetryCheck.ps1,97e65b8d170fa05ff9c234f349f5ca3c6962ad0dfb00f990923e95d0caa2488f,trusted_internal,ACME IT Automation,benign,routine trust context
TRUST-00520,2026-09-04T14:44:54Z,JUMP-01,C:\Windows\System32\cleanmgr.exe,d0cbaca6a6a61ec22cf91e041479847708d59c5d6139c30cadacd4973eaef256,trusted_internal,ACME IT Automation,benign,routine trust context
TRUST-00144,2026-09-04T14:45:50Z,DC-01,C:\ACME\Inventory\inventory.exe,14f3b2c524694523d6d85ba5f46b836864007e603eea1ccb6c79f5acb60c1ab5,trusted_internal,Microsoft Windows,benign,routine trust context
TRUST-00836,2026-09-04T14:51:50Z,JUMP-01,C:\ACME\Patch\TelemetryCheck.ps1,d045f411f6b1e7fa33758c7eabd1bfec31e81271b639d096f77481bacac48e41,signed,Microsoft Windows,benign,routine trust context
TRUST-01088,2026-09-04T14:56:09Z,FILE-02,C:\ACME\Inventory\inventory.exe,a41054cc40bce30a89cf9a651edd93612dac3c76664b43e445cb5a720d56c464,trusted_internal,ACME IT Automation,benign,routine trust context
TRUST-01225,2026-09-04T14:59:00Z,HR-WS-22,C:\ACME\Patch\TelemetryCheck.ps1,d5af77965e2aa8569e6def19cf2847302b75433385cfc35ad98eeb8ea5273755,trusted_internal,Microsoft Windows,benign,routine trust context
TRUST-01768,2026-09-04T15:00:35Z,JUMP-01,C:\ACME\Inventory\inventory.exe,45916acb51145d47035757f349b1903dddead311707b74d85d1319ab9c34b946,signed,ACME IT Automation,benign,routine trust context
TRUST-00420,2026-09-04T15:14:02Z,APP-03,C:\ACME\Inventory\inventory.exe,8b3cc2c339a69504667f0cd6fea85eee7011d1ae54e6a240912943505a493c41,signed,Microsoft Windows,benign,routine trust context
TRUST-00142,2026-09-04T15:14:17Z,FILE-02,C:\ACME\Patch\TelemetryCheck.ps1,52d6393e5f0a29a816710d8a248861ff5107839715b6ce064644cdd6aeb06ae2,trusted_internal,ACME IT Automation,benign,routine trust context
TRUST-01556,2026-09-04T15:15:26Z,JUMP-01,C:\ACME\Patch\TelemetryCheck.ps1,ee9c70109fb4c4082114226481d18cdfeea4d5adba2226e5808c105e0ef0795a,trusted_internal,Microsoft Windows,benign,routine trust context
TRUST-00741,2026-09-04T15:17:17Z,APP-03,C:\ACME\Inventory\inventory.exe,12d0d5c59bb818ceb587200b8ba176379dee525e02195ab7b19dad4e8850eac2,signed,ACME IT Automation,benign,routine trust context
TRUST-01134,2026-09-04T15:20:21Z,MGMT-01,C:\ACME\Inventory\inventory.exe,a3c98d12299441df621c049f99a67d206e3d58a65c226bc0df9c3106b0c32fa9,signed,ACME IT Automation,benign,routine trust context
TRUST-00631,2026-09-04T15:24:41Z,PATCH-01,C:\ACME\Patch\TelemetryCheck.ps1,b3d13c30f098c6b1d8de0f8a32342e2b931d038d1b122de37a2ea8e8f1fe32c3,trusted_internal,ACME IT Automation,benign,routine trust context
TRUST-01260,2026-09-04T15:33:46Z,FILE-02,C:\ACME\Inventory\inventory.exe,de452e2138e2a36c2a27077e41135320327491d30aaea64c56375d95e1f10f0f,trusted_internal,ACME IT Automation,benign,routine trust context
TRUST-00128,2026-09-04T15:37:28Z,FILE-02,C:\Windows\System32\cleanmgr.exe,4ec1d3a457ca13a368fafc6e6e63c578c2165cfef508ef55c42766ed37c00137,trusted_internal,Microsoft Windows,benign,routine trust context
TRUST-00516,2026-09-04T15:44:59Z,MGMT-01,C:\ACME\Inventory\inventory.exe,d6576dd50a220f8e4dc04d9a723e676ff423bf835a633e593af150327b2e46bb,signed,ACME IT Automation,benign,routine trust context
TRUST-00573,2026-09-04T15:47:00Z,FILE-02,C:\ACME\Patch\TelemetryCheck.ps1,68f97d80ef35cfac6878f06bb9028a97055def9bc04d0e0d3d7e97daf9d835d8,trusted_internal,Microsoft Windows,benign,routine trust context
TRUST-01782,2026-09-04T15:48:02Z,MGMT-01,C:\ACME\Inventory\inventory.exe,fa9073fd6c651bad31cb3bb8aa7d7319f21c849278cf1a2e64b1746562c9767f,trusted_internal,Microsoft Windows,benign,routine trust context
TRUST-01267,2026-09-04T15:49:57Z,PATCH-01,C:\ACME\Patch\TelemetryCheck.ps1,b1c66f82f8ae628f887fff172ff644ca14749318b4e0ef62cce6410c71632610,signed,ACME IT Automation,benign,routine trust context
TRUST-00512,2026-09-04T15:50:35Z,FILE-02,C:\Windows\System32\cleanmgr.exe,77e7266aa753fcddf4cb669fe574a6e368ccece7cb6572c1369e6051b4ccdee3,trusted_internal,ACME IT Automation,benign,routine trust context
TRUST-00102,2026-09-04T15:50:57Z,DC-01,C:\ACME\Inventory\inventory.exe,644d8c056c468ba605b23450457180278ba7655c1264cd7d001fb64229b0d29c,trusted_internal,Microsoft Windows,benign,routine trust context
TRUST-00024,2026-09-04T15:51:29Z,JUMP-01,C:\ACME\Inventory\inventory.exe,2984ef78e973dce1b412506cf83794ce8d2e90a5080f65b409bcb7f607787628,trusted_internal,ACME IT Automation,benign,routine trust context
TRUST-01486,2026-09-04T15:59:40Z,HR-WS-22,C:\ACME\Inventory\inventory.exe,85f508fda7362cc97ed240b9c4b02c99870c4b6f04c98d12c9aeeb16016ec885,signed,Microsoft Windows,benign,routine trust context
TRUST-00096,2026-09-04T16:00:18Z,JUMP-01,C:\ACME\Inventory\inventory.exe,53d773a28b3eeaf7b8b5c4f579df172b164b1b73d67497233d468f7d1b165c0a,signed,ACME IT Automation,benign,routine trust context
TRUST-00019,2026-09-04T16:01:19Z,MGMT-01,C:\Windows\System32\cleanmgr.exe,2dcf5a76c0230920e4eaa5d934e2d78087c9ec262843c4901154421556c8a201,signed,ACME IT Automation,benign,routine trust context
TRUST-00693,2026-09-04T16:03:33Z,APP-03,C:\ACME\Inventory\inventory.exe,130616f5394f3ae637f2f387e2cc1c82f98a75d363c619c741ff6cf037a156f5,trusted_internal,ACME IT Automation,benign,routine trust context
TRUST-01589,2026-09-04T16:06:20Z,APP-03,C:\Windows\System32\cleanmgr.exe,839ae4edcfef7784edeaa67d7bf6782d3f33d04ba7395f884a2a64bdce8c3dde,signed,Microsoft Windows,benign,routine trust context
TRUST-00955,2026-09-04T16:08:05Z,DC-01,C:\ACME\Inventory\inventory.exe,10a73215755566198825ac2b8ab61ee2e7194e79d58795a7069325062b57bea9,signed,Microsoft Windows,benign,routine trust context
TRUST-01543,2026-09-04T16:08:20Z,MGMT-01,C:\Windows\System32\cleanmgr.exe,9fe35432b359e504c4d7df70d313f4f847fc76125ba0439b7738e64c1ead3cd0,signed,Microsoft Windows,benign,routine trust context
TRUST-01237,2026-09-04T16:15:41Z,PATCH-01,C:\ACME\Inventory\inventory.exe,cd99142440c05bcdf5a3514bb35ae1eaf50b53de0d52a6cbfaaa7178fb27c303,signed,ACME IT Automation,benign,routine trust context
TRUST-01593,2026-09-04T16:25:19Z,APP-03,C:\Windows\System32\cleanmgr.exe,b6e1ff9518f57f386247cd2e7f17fba4bd92e80d75534c74606b5b29f4784d85,signed,Microsoft Windows,benign,routine trust context
TRUST-01152,2026-09-04T16:35:07Z,FILE-02,C:\ACME\Inventory\inventory.exe,e927ba6b8ca8afed23dce12202fffd14c85cc6b05eaef9ee9d955fadc86e4b4a,trusted_internal,ACME IT Automation,benign,routine trust context
TRUST-01513,2026-09-04T16:36:30Z,FILE-02,C:\ACME\Patch\TelemetryCheck.ps1,896855bdf49f1fa5c58842f74bb502b78c5eca2fd477a1e8a596643eca4b3476,trusted_internal,ACME IT Automation,benign,routine trust context
TRUST-01693,2026-09-04T16:40:41Z,JUMP-01,C:\ACME\Inventory\inventory.exe,e381e1f5bb14a98c3edb82a7e1a3575cfcee5ca42ce3501a18d8322c452c1926,trusted_internal,ACME IT Automation,benign,routine trust context
TRUST-00451,2026-09-04T16:50:42Z,APP-03,C:\ACME\Patch\TelemetryCheck.ps1,8f0f10a34c506791d99adbeb7ba2ff6ae09983978f23071d9f49567b3c30a33c,trusted_internal,Microsoft Windows,benign,routine trust context
TRUST-00323,2026-09-04T16:51:07Z,DC-01,C:\ACME\Inventory\inventory.exe,ca16a36298c812bc4b6491471f5ec61ecaf42da9b85a1f836b956a5659f5a88f,trusted_internal,Microsoft Windows,benign,routine trust context
TRUST-00632,2026-09-04T16:54:37Z,HR-WS-22,C:\ACME\Patch\TelemetryCheck.ps1,212f6ca5887f2a40002b7d527292caf998a455ccda8b5e0c926ea8d00871b584,signed,ACME IT Automation,benign,routine trust context
TRUST-01422,2026-09-04T16:58:30Z,JUMP-01,C:\ACME\Patch\TelemetryCheck.ps1,bb9ff564f2e522884b12d802ea62b8e6f15f99667bedaabd5f13d71f4b5027fa,signed,ACME IT Automation,benign,routine trust context
TRUST-00219,2026-09-04T17:05:21Z,FILE-02,C:\Windows\System32\cleanmgr.exe,b58c480f957c90c619660c0b9053644796f244308b9edf995d77acfa961f6f28,trusted_internal,Microsoft Windows,benign,routine trust context
TRUST-00245,2026-09-04T17:06:16Z,JUMP-01,C:\ACME\Patch\TelemetryCheck.ps1,772bc643289d14ad909d937a1707799fbfb6e526ad9de2ab154f51510a5137c6,trusted_internal,Microsoft Windows,benign,routine trust context
TRUST-01114,2026-09-04T17:07:00Z,DC-01,C:\Windows\System32\cleanmgr.exe,34b3e9547bf798c30604ce4a87722f530431000c4c9b69779b955218f6428ddc,signed,ACME IT Automation,benign,routine trust context
TRUST-01165,2026-09-04T17:07:28Z,PATCH-01,C:\Windows\System32\cleanmgr.exe,885c76c69e5fe408847aefe3e60efe11c505bdc11d3f53f4d47047d416808a01,trusted_internal,Microsoft Windows,benign,routine trust context
TRUST-00179,2026-09-04T17:08:37Z,DC-01,C:\ACME\Patch\TelemetryCheck.ps1,0f733dfc99576225c99fba78eeac0b1843f6e2186b05bf3b8ae678614813adf4,signed,Microsoft Windows,benign,routine trust context
TRUST-00285,2026-09-04T17:16:46Z,MGMT-01,C:\ACME\Inventory\inventory.exe,1a7f64769d9aa49f75357840d4444c0ad6523e0d27052315291d100ca9d80ae9,trusted_internal,ACME IT Automation,benign,routine trust context
TRUST-00931,2026-09-04T17:24:19Z,JUMP-01,C:\ACME\Patch\TelemetryCheck.ps1,41883e3ef45a6ebee9e0fb7f8b250eaccafa11c540147441237172751830cbff,trusted_internal,Microsoft Windows,benign,routine trust context
TRUST-00696,2026-09-04T17:25:10Z,APP-03,C:\ACME\Inventory\inventory.exe,4d9a6e718e5108421911886d89959232ae117d715d74652a7cb1d5916cfcfd0d,trusted_internal,Microsoft Windows,benign,routine trust context
TRUST-01495,2026-09-04T17:25:27Z,HR-WS-22,C:\ACME\Patch\TelemetryCheck.ps1,e41689c07d1db516248d8bac611c54c1897440c93135ac66c597ee2b83cb779d,signed,Microsoft Windows,benign,routine trust context
TRUST-01026,2026-09-04T17:31:56Z,DC-01,C:\Windows\System32\cleanmgr.exe,5e1a4f5cc2c17e74fa7e2b8894b46b1e5affdb3dd0acecba155db28a92abba95,signed,ACME IT Automation,benign,routine trust context
TRUST-00434,2026-09-04T17:35:18Z,HR-WS-22,C:\Windows\System32\cleanmgr.exe,539fc54e83129807a5edaf836081f5957501e5b34a4c5367c8b4539bde48d6e8,signed,Microsoft Windows,benign,routine trust context
TRUST-00038,2026-09-04T17:57:18Z,FILE-02,C:\ACME\Inventory\inventory.exe,86f1b9c0eb7e23fc71fc13514cd83ab8f6ab5b66b3d33abbcbb25a1e3745be9f,signed,ACME IT Automation,benign,routine trust context
TRUST-00901,2026-09-04T17:58:17Z,MGMT-01,C:\ACME\Patch\TelemetryCheck.ps1,cd838ed6d9c5567b61cb236732f18e09ec879f69c4703d09af249336fd6b0a6d,trusted_internal,ACME IT Automation,benign,routine trust context
TRUST-01720,2026-09-04T18:04:18Z,PATCH-01,C:\ACME\Patch\TelemetryCheck.ps1,e6d3966416263c83bc50ba1ffce2b593ae7623d30a8823794dd6185816b91db7,signed,Microsoft Windows,benign,routine trust context
TRUST-01421,2026-09-04T18:04:32Z,FILE-02,C:\ACME\Inventory\inventory.exe,b95ede66195973c7dba4b8b0d65c2efd9baadd604a8087a2848605583af88795,signed,Microsoft Windows,benign,routine trust context
TRUST-01624,2026-09-04T18:04:38Z,MGMT-01,C:\Windows\System32\cleanmgr.exe,08260ca0b646bf706cb6c670e5e3501863fdc86326b29b164d577b8fcbad498b,trusted_internal,ACME IT Automation,benign,routine trust context
TRUST-00817,2026-09-04T18:08:36Z,JUMP-01,C:\ACME\Inventory\inventory.exe,24814f8d64b4887f2851a12cd5448914d5d738e3c965457cedca1d5e44c2a24c,trusted_internal,Microsoft Windows,benign,routine trust context
TRUST-00643,2026-09-04T18:13:03Z,JUMP-01,C:\Windows\System32\cleanmgr.exe,e5c048b9c3ffe99e4034054db869e4a531d6f5c4c594624a7c66c29275a4ad37,trusted_internal,Microsoft Windows,benign,routine trust context
TRUST-00594,2026-09-04T18:15:49Z,HR-WS-22,C:\ACME\Inventory\inventory.exe,f630928122f002756df46f6579c3bb4d4f8b53147022c86ec51b3103b1143f50,signed,ACME IT Automation,benign,routine trust context
TRUST-01592,2026-09-04T18:21:31Z,PATCH-01,C:\ACME\Patch\TelemetryCheck.ps1,9f335d545fda2b82196d6f043f56bfb7f0c3918ad7d75bded6a704fc81f7bfbf,trusted_internal,Microsoft Windows,benign,routine trust context
TRUST-01217,2026-09-04T18:22:31Z,JUMP-01,C:\Windows\System32\cleanmgr.exe,15cf52ffefdd75eab5707fd5e7b5b6c4235ad3c6ac8618f01540dd99d828f2dd,signed,Microsoft Windows,benign,routine trust context
TRUST-00863,2026-09-04T18:23:25Z,APP-03,C:\ACME\Patch\TelemetryCheck.ps1,90bc25144727ea29aa2a4ec319c9d0a1f4a15be4123785d1953fa8503e2fce53,signed,Microsoft Windows,benign,routine trust context
TRUST-00780,2026-09-04T18:27:25Z,MGMT-01,C:\Windows\System32\cleanmgr.exe,b4232edc7743d184ca4098be1fca2716aad595dd08b58d58fd933fd809e53df8,trusted_internal,ACME IT Automation,benign,routine trust context
TRUST-01060,2026-09-04T18:37:57Z,MGMT-01,C:\Windows\System32\cleanmgr.exe,f25cef7b613526d790d5cfabc7b0c3302ce8ada8a5b8de8fde819e40f9ce3568,signed,Microsoft Windows,benign,routine trust context
TRUST-01488,2026-09-04T18:43:04Z,HR-WS-22,C:\Windows\System32\cleanmgr.exe,915fc348b64a63c1c1802818411f201f0e731474ff3d784b001954f2fa5e38b4,trusted_internal,ACME IT Automation,benign,routine trust context
TRUST-00981,2026-09-04T18:45:33Z,JUMP-01,C:\ACME\Inventory\inventory.exe,da8a1270f696c2215665674fbb0f195e4bf326bbe7fb1f8c5a3cda2f21ecf65b,signed,Microsoft Windows,benign,routine trust context
TRUST-01283,2026-09-04T18:45:44Z,MGMT-01,C:\Windows\System32\cleanmgr.exe,64a2bb7989495c28323471f3b82235bdb32ee2650dee77208321c7614d64a92a,signed,Microsoft Windows,benign,routine trust context
TRUST-00094,2026-09-04T18:48:19Z,JUMP-01,C:\ACME\Patch\TelemetryCheck.ps1,4b7678f3bd8122cba0fce9dc159e24a41e4847f5abbed45a497e4cad81f378e6,trusted_internal,ACME IT Automation,benign,routine trust context
TRUST-01444,2026-09-04T18:52:17Z,HR-WS-22,C:\Windows\System32\cleanmgr.exe,f418323b7390933b8e49b8474db1a738442d9df05427cd403df6a3cefcadc576,trusted_internal,Microsoft Windows,benign,routine trust context
TRUST-01611,2026-09-04T19:00:33Z,APP-03,C:\ACME\Inventory\inventory.exe,298d555a9fffca4dedd44af5d6f20d8053c7d5ee06d93c2188048412303e8636,trusted_internal,Microsoft Windows,benign,routine trust context
TRUST-00391,2026-09-04T19:02:07Z,HR-WS-22,C:\ACME\Patch\TelemetryCheck.ps1,2dba5e71b401347a1c3d06b4f1dc7b7406e3a67f6229d70a03b32d58173e1361,trusted_internal,ACME IT Automation,benign,routine trust context
TRUST-01122,2026-09-04T19:12:08Z,MGMT-01,C:\Windows\System32\cleanmgr.exe,a2abf795ae1c3dda1fec63db4df0eef3361409fd8fc82bd54f9c01bae97aeab2,signed,ACME IT Automation,benign,routine trust context
TRUST-01708,2026-09-04T19:14:54Z,PATCH-01,C:\ACME\Patch\TelemetryCheck.ps1,dceb0f06e32557bb0ac071dee8eb155809afc515d077f95df3809274cd996a1e,signed,ACME IT Automation,benign,routine trust context
TRUST-00278,2026-09-04T19:15:42Z,FILE-02,C:\Windows\System32\cleanmgr.exe,82f3889d6402f9728f28009423123836f3ed338f90e8cfe85b80010d2ea37f61,trusted_internal,Microsoft Windows,benign,routine trust context
TRUST-00943,2026-09-04T19:15:51Z,PATCH-01,C:\ACME\Patch\TelemetryCheck.ps1,01f6faf1523e6cca6b1c88f66de178de68935577299ffdfc59b519af427b06df,trusted_internal,ACME IT Automation,benign,routine trust context
TRUST-00311,2026-09-04T19:16:27Z,MGMT-01,C:\Windows\System32\cleanmgr.exe,4ce07fb2341eac8244c43ba0bac47d77e47a886b12e79e8beee6cde76bf3ffd5,trusted_internal,Microsoft Windows,benign,routine trust context
TRUST-01538,2026-09-04T19:17:03Z,MGMT-01,C:\ACME\Inventory\inventory.exe,7e74d7fd676892059bd4d3c271ca8816eb2cbcc59e631cafd1721d05a1fd84c7,signed,ACME IT Automation,benign,routine trust context
TRUST-00589,2026-09-04T19:17:33Z,APP-03,C:\ACME\Inventory\inventory.exe,f20c07719c124c4f763650ef051d21d360424fd3b044f636489068cfcfb49af0,signed,Microsoft Windows,benign,routine trust context
TRUST-00325,2026-09-04T19:25:48Z,JUMP-01,C:\ACME\Patch\TelemetryCheck.ps1,c90c563cfc4e056ed348fd225232cae11e68dfcff5c828b9872e70e98f16a0e8,signed,ACME IT Automation,benign,routine trust context
TRUST-00022,2026-09-04T19:31:38Z,FILE-02,C:\Windows\System32\cleanmgr.exe,2e4f310e5819949adb0c82585d4b684496fc84c5a8b9c5d03ca4c18cc853ca2c,trusted_internal,Microsoft Windows,benign,routine trust context
TRUST-01432,2026-09-04T19:32:34Z,DC-01,C:\Windows\System32\cleanmgr.exe,b7fe17400efeba050bdc1a6664dc2152d96252b8485f182d28531104c4186e7d,trusted_internal,ACME IT Automation,benign,routine trust context
TRUST-01750,2026-09-04T19:40:59Z,APP-03,C:\Windows\System32\cleanmgr.exe,c1cc87118b5b03f68b6055c586354e0744ef0e2a40bf41e58fd047e2d1531be3,trusted_internal,ACME IT Automation,benign,routine trust context
TRUST-00008,2026-09-04T19:43:06Z,HR-WS-22,C:\Windows\System32\cleanmgr.exe,b24a31402bb48df9f405feaa32ccc1a0ccc278a32e5bb3eaa65399f9bdeb7f9f,signed,Microsoft Windows,benign,routine trust context
TRUST-01404,2026-09-04T19:49:29Z,APP-03,C:\ACME\Patch\TelemetryCheck.ps1,c39a8212937b6401d36b2d834ffdbde511a3c09bae7e5c122f1f435445439844,signed,ACME IT Automation,benign,routine trust context
TRUST-00385,2026-09-04T19:50:43Z,MGMT-01,C:\ACME\Patch\TelemetryCheck.ps1,22d3665476900883f39ccae6a48597ad57df12f6dedda5045c98917b610f0f5f,trusted_internal,ACME IT Automation,benign,routine trust context
TRUST-00123,2026-09-04T19:52:05Z,JUMP-01,C:\ACME\Patch\TelemetryCheck.ps1,be05ad36c39fb1bdbe324c0c00bc24fe610f0b42c6619feb0024338491e16c14,signed,Microsoft Windows,benign,routine trust context
TRUST-01775,2026-09-04T19:56:31Z,APP-03,C:\Windows\System32\cleanmgr.exe,76b0e9fc4da55e62cf1ff507200dd7d6d6bddfc80042c28acd3cc3b650e59fc0,signed,Microsoft Windows,benign,routine trust context
TRUST-00552,2026-09-04T20:00:04Z,JUMP-01,C:\ACME\Patch\TelemetryCheck.ps1,ffeab9bffc3ec4a9252adf235f2b4ea285d690310447634c356ea2382c50a3ad,trusted_internal,ACME IT Automation,benign,routine trust context
TRUST-01439,2026-09-04T20:02:02Z,JUMP-01,C:\ACME\Inventory\inventory.exe,dd2863051fca5f3fe345c37850a63cc38a2273932ebb8da940d9f6d8a0dcc9c6,signed,Microsoft Windows,benign,routine trust context
TRUST-00546,2026-09-04T20:04:22Z,DC-01,C:\ACME\Patch\TelemetryCheck.ps1,9e4eae32870b8c722c1a54c2b22cda3da3052417baffcb08f3b178dff93e8b67,signed,ACME IT Automation,benign,routine trust context
TRUST-01276,2026-09-04T20:07:47Z,FILE-02,C:\Windows\System32\cleanmgr.exe,a03a282a76eb00e2c515486048a0c078a8f0107908a0dbd11c9eb81ae91e132e,signed,Microsoft Windows,benign,routine trust context
TRUST-00685,2026-09-04T20:08:43Z,DC-01,C:\Windows\System32\cleanmgr.exe,771fb5af40d55303fed604b98a58a1e9c7d6e21a4c74e87ba695b4b53ace4cc4,signed,Microsoft Windows,benign,routine trust context
TRUST-00862,2026-09-04T20:11:50Z,MGMT-01,C:\ACME\Patch\TelemetryCheck.ps1,f3dd15c9328f1bd2ee365fb73d26d7d60d2ebc9834dc7b2e6844edb3e767ea7d,signed,ACME IT Automation,benign,routine trust context
TRUST-01332,2026-09-04T20:12:57Z,MGMT-01,C:\ACME\Inventory\inventory.exe,341a92e4dda7be82be41a66f1768ecfcfbb9bf262c53f65b5c8caf1e158eca50,trusted_internal,ACME IT Automation,benign,routine trust context
TRUST-00284,2026-09-04T20:13:51Z,DC-01,C:\ACME\Patch\TelemetryCheck.ps1,c0355a632f92b517fecc0c773c1eba2f10e2eefaa8182d5e646b1fa15347849d,trusted_internal,ACME IT Automation,benign,routine trust context
TRUST-01455,2026-09-04T20:15:02Z,DC-01,C:\ACME\Inventory\inventory.exe,b1fbc95b1cff78ee0037704d60f7172226b8aff310be1e0667e5d198feb59e0c,trusted_internal,Microsoft Windows,benign,routine trust context
TRUST-01215,2026-09-04T20:18:02Z,HR-WS-22,C:\ACME\Patch\TelemetryCheck.ps1,b5839486c95491fb3b9a059dc9f68ef950f53bc19e78af1ee3de9f3e8eef64d6,trusted_internal,Microsoft Windows,benign,routine trust context
TRUST-01363,2026-09-04T20:26:19Z,MGMT-01,C:\Windows\System32\cleanmgr.exe,fcb96084b0b8d597a8c766b64d1f94a9f7861ab70ab129bafaf45739a415f778,signed,ACME IT Automation,benign,routine trust context
TRUST-00840,2026-09-04T20:30:28Z,HR-WS-22,C:\ACME\Inventory\inventory.exe,9a7b5ac1c16d88e54a818eebf6f9d58dc34c3cfe7a72f1fd667ffc65470df774,signed,Microsoft Windows,benign,routine trust context
TRUST-00738,2026-09-04T20:31:38Z,MGMT-01,C:\ACME\Patch\TelemetryCheck.ps1,1af92f78ffaaa71a3699990592f8b25d6ba3df16f4cc482e2eb6ac3409e1c636,trusted_internal,ACME IT Automation,benign,routine trust context
TRUST-00127,2026-09-04T21:00:58Z,DC-01,C:\ACME\Patch\TelemetryCheck.ps1,507704d58251350e0dcc389e670065ec820b69d1c66ee1d79dea8b844c02f6af,signed,Microsoft Windows,benign,routine trust context
TRUST-01772,2026-09-04T21:06:55Z,DC-01,C:\Windows\System32\cleanmgr.exe,d10c4676b9711ff3859102d46badb4949deb434356f1b6f8a11472adc312090d,signed,ACME IT Automation,benign,routine trust context
TRUST-01095,2026-09-04T21:22:48Z,APP-03,C:\ACME\Patch\TelemetryCheck.ps1,ef2a557cc4668ea1a48b7baa81c5830f2ca2b4da1168c47e819a25fb0a34500d,trusted_internal,ACME IT Automation,benign,routine trust context
TRUST-00480,2026-09-04T21:23:08Z,FILE-02,C:\ACME\Inventory\inventory.exe,2512b52733cefb5552f08d5c5a9113d0b2ff7d970d5d3063e25b9d9b21fa13b0,trusted_internal,ACME IT Automation,benign,routine trust context
TRUST-00097,2026-09-04T21:25:05Z,FILE-02,C:\Windows\System32\cleanmgr.exe,a50787bd93a8102484b016b78336ff78c0dd644ea35557d17287b6aa84d29c4a,trusted_internal,Microsoft Windows,benign,routine trust context
TRUST-01732,2026-09-04T21:26:14Z,HR-WS-22,C:\ACME\Inventory\inventory.exe,69e3ab984f05129aa333c9a93d80d97d9fd23c83d7c4efd690286bb4f8189823,signed,Microsoft Windows,benign,routine trust context
TRUST-01614,2026-09-04T21:27:40Z,FILE-02,C:\Windows\System32\cleanmgr.exe,be7affd25263490dccf4bfcaff9fc5a46218ef223b201ed4844dbe4c4c15a346,signed,Microsoft Windows,benign,routine trust context
TRUST-00782,2026-09-04T21:37:18Z,JUMP-01,C:\ACME\Patch\TelemetryCheck.ps1,abde0fb1f974245efd8facb2d0c7eb230a6fd95c6ea83616e55260f8e286a08a,signed,Microsoft Windows,benign,routine trust context
TRUST-01063,2026-09-04T21:44:16Z,JUMP-01,C:\ACME\Inventory\inventory.exe,b23e894034cd4be41915a150c2d12230a9aa84c3c060dbba272e23ae0c8af8ee,trusted_internal,Microsoft Windows,benign,routine trust context
TRUST-01437,2026-09-04T21:49:28Z,HR-WS-22,C:\Windows\System32\cleanmgr.exe,c9072c657704edc1db841be0c67fc4914587c0625a545ed69dc2d99e150e7189,signed,Microsoft Windows,benign,routine trust context
TRUST-01355,2026-09-04T21:49:47Z,PATCH-01,C:\ACME\Inventory\inventory.exe,e4efe653db98b694b6ab422c67e6aaa1911fa7247a04985e583ec1bbea118568,signed,ACME IT Automation,benign,routine trust context
TRUST-01167,2026-09-04T22:14:11Z,MGMT-01,C:\Windows\System32\cleanmgr.exe,d833b94ccb4f1fc4f052c58d132db2a3f3a732edc6617db9f5986a6e3a05c7e8,signed,ACME IT Automation,benign,routine trust context
TRUST-01536,2026-09-04T22:21:12Z,FILE-02,C:\Windows\System32\cleanmgr.exe,ce6f6514e6b69b315e042c5dc89daa624dea164f13f28a4674d32a30b1b746fe,signed,ACME IT Automation,benign,routine trust context
TRUST-00583,2026-09-04T22:23:43Z,JUMP-01,C:\ACME\Inventory\inventory.exe,3cafaa4dce9bb21168c87cb1a2e4cf914776c816a8879374dfe4a7c363678ac0,trusted_internal,ACME IT Automation,benign,routine trust context
TRUST-00846,2026-09-04T22:25:52Z,APP-03,C:\ACME\Patch\TelemetryCheck.ps1,cc5defecc64e1e4c932076b0a62b5a78cbf84e5258d4886c251f9c516cce4167,signed,Microsoft Windows,benign,routine trust context
TRUST-00609,2026-09-04T22:28:09Z,MGMT-01,C:\ACME\Patch\TelemetryCheck.ps1,8eb55b8f2d8cfb9e504056fe4cc204a270f2c7b9d06810519be4d12b2c089fad,signed,ACME IT Automation,benign,routine trust context
TRUST-00473,2026-09-04T22:36:59Z,DC-01,C:\ACME\Patch\TelemetryCheck.ps1,1afc51b87508d49ff6bf83c483077b79a90ab4cbbc59402127d8376cae88cd26,trusted_internal,ACME IT Automation,benign,routine trust context
TRUST-00529,2026-09-04T22:39:40Z,JUMP-01,C:\ACME\Patch\TelemetryCheck.ps1,b8cebc3895c565e419914c749080243cd13979a7f46b582560280825f3541623,trusted_internal,ACME IT Automation,benign,routine trust context
TRUST-01297,2026-09-04T22:41:02Z,JUMP-01,C:\Windows\System32\cleanmgr.exe,f22dbf05c516ab8ca1bb587601a6a1c6047dde326df7eb35f7b76d7a047d2e69,trusted_internal,ACME IT Automation,benign,routine trust context
TRUST-00604,2026-09-04T22:42:11Z,DC-01,C:\ACME\Patch\TelemetryCheck.ps1,faebd8c18025859bfd57d9cbf66d767180dfb14e3a896798b640066ca2d79291,signed,ACME IT Automation,benign,routine trust context
TRUST-00760,2026-09-04T22:43:36Z,JUMP-01,C:\ACME\Patch\TelemetryCheck.ps1,1eddfb96a8300c6686d5ebab512f2a482b9bdbbf842f7c6dab23335388ff73f9,trusted_internal,ACME IT Automation,benign,routine trust context
TRUST-01203,2026-09-04T22:53:42Z,FILE-02,C:\Windows\System32\cleanmgr.exe,3f781f6480b451609568fe4159b20b4c0a7c0e78b0dc7ee084305945acfe8823,trusted_internal,Microsoft Windows,benign,routine trust context
TRUST-00577,2026-09-04T22:54:16Z,JUMP-01,C:\ACME\Patch\TelemetryCheck.ps1,2631b5ebfd0e23bb6d24482d6fbbb270d1816807d059119b62a1552aa46d7722,signed,Microsoft Windows,benign,routine trust context
TRUST-01739,2026-09-04T22:56:22Z,APP-03,C:\ACME\Inventory\inventory.exe,42dc7b6ce50395aed833dc5a9dd4d9efc7a8676c4b92ae39b48381ba28d15789,trusted_internal,ACME IT Automation,benign,routine trust context
TRUST-00600,2026-09-04T22:57:37Z,PATCH-01,C:\Windows\System32\cleanmgr.exe,2df66d053cdf11631184f5a0eccd6134acef4eef3af8babbfee1e3f59e256bfa,signed,Microsoft Windows,benign,routine trust context
TRUST-00183,2026-09-04T22:57:51Z,MGMT-01,C:\Windows\System32\cleanmgr.exe,453e967c0bae4a67af46a25bf7295f10fc04b1bfd1e51f94cc36583830104cf0,signed,Microsoft Windows,benign,routine trust context
TRUST-00551,2026-09-04T23:03:48Z,JUMP-01,C:\ACME\Patch\TelemetryCheck.ps1,feabb8ba7fec904be291da577753a9cb18c7f7b3361e9d03d8870573891ccd21,trusted_internal,ACME IT Automation,benign,routine trust context
TRUST-00615,2026-09-04T23:04:31Z,MGMT-01,C:\Windows\System32\cleanmgr.exe,c9811f71fbea800a1c4c67f9598143e49b84c9e2c74b8ed24f2388ae73c6c2ca,signed,Microsoft Windows,benign,routine trust context
TRUST-01261,2026-09-04T23:05:31Z,DC-01,C:\ACME\Inventory\inventory.exe,d5adcbb093fb470a0753fbff9e11607c7db7fa78d689b57eeb7d997b484921e2,trusted_internal,ACME IT Automation,benign,routine trust context
TRUST-00394,2026-09-04T23:10:11Z,PATCH-01,C:\Windows\System32\cleanmgr.exe,2914214a989482378a70ccd199e92bc434a37a833df4895ce40ecd31284ded48,signed,Microsoft Windows,benign,routine trust context
TRUST-00781,2026-09-04T23:11:35Z,FILE-02,C:\Windows\System32\cleanmgr.exe,c536d170d9aa2ff6710376c4c1848bbb79d91b8ad8a74e151ffcffa70096a5ab,trusted_internal,Microsoft Windows,benign,routine trust context
TRUST-00031,2026-09-04T23:12:26Z,PATCH-01,C:\ACME\Patch\TelemetryCheck.ps1,b8e0065d5a10962a6300a07e9ddb2e6ee877bf33dd0bc95b1508a6e8061a31bb,signed,Microsoft Windows,benign,routine trust context
TRUST-00563,2026-09-04T23:19:31Z,APP-03,C:\ACME\Patch\TelemetryCheck.ps1,dc68d3c50fb0eb8442d47fa6c97fe20a9b934f764643b3d698f55cd3c3035550,signed,Microsoft Windows,benign,routine trust context
TRUST-01451,2026-09-04T23:19:51Z,HR-WS-22,C:\ACME\Patch\TelemetryCheck.ps1,e26334e1aa9db0cd815d9a8f2bdbcf8a2711b4ad75709204ccdc172a8f0c36cf,signed,ACME IT Automation,benign,routine trust context
TRUST-01194,2026-09-04T23:21:26Z,HR-WS-22,C:\ACME\Patch\TelemetryCheck.ps1,e2759ac644d1215d1e659b4e8606a7fa42323a676c8bf42c63598eb8069fe9bb,trusted_internal,ACME IT Automation,benign,routine trust context
TRUST-01030,2026-09-04T23:28:39Z,DC-01,C:\ACME\Inventory\inventory.exe,8dee4b6515462cccf4a79be606d54ed048246a3ed56e996f693262f866f8608d,signed,Microsoft Windows,benign,routine trust context
TRUST-01244,2026-09-04T23:29:40Z,FILE-02,C:\ACME\Inventory\inventory.exe,f9541456a0f51623dfe2a9f3cde22e62edaab2ed90ba699aae7a9a9b4ea5e70a,signed,ACME IT Automation,benign,routine trust context
TRUST-01406,2026-09-04T23:41:07Z,DC-01,C:\Windows\System32\cleanmgr.exe,709f645f46db4082e3b895992a8f2354d8991d991dde8a62b446468fa63346b0,trusted_internal,ACME IT Automation,benign,routine trust context
TRUST-00302,2026-09-04T23:46:08Z,JUMP-01,C:\Windows\System32\cleanmgr.exe,f230b9fff9222d29099cc203e84450521248865017c58651ece8896131adb8fd,trusted_internal,Microsoft Windows,benign,routine trust context
TRUST-00916,2026-09-04T23:46:50Z,FILE-02,C:\Windows\System32\cleanmgr.exe,4e9ca29915649e8d70b9e33d06a0798c7074cf8814539efc8332627cd876c954,signed,ACME IT Automation,benign,routine trust context
TRUST-01009,2026-09-05T00:00:23Z,JUMP-01,C:\ACME\Inventory\inventory.exe,54e21fb24130b0a1d25e860a1a86ee587adf891c596fdc31c94f3cef32278a98,trusted_internal,Microsoft Windows,benign,routine trust context
TRUST-01111,2026-09-05T00:01:31Z,DC-01,C:\ACME\Patch\TelemetryCheck.ps1,6258b10629d15ac3916114f3314543228db73a1801dd4f3bca81eeaf761a6494,signed,Microsoft Windows,benign,routine trust context
TRUST-00312,2026-09-05T00:02:58Z,PATCH-01,C:\ACME\Patch\TelemetryCheck.ps1,582b9c867cdb057ec5e8b7abc5a0638cf8a278bb6afc25840431de5dbcc7b0a1,signed,Microsoft Windows,benign,routine trust context
TRUST-01038,2026-09-05T00:03:59Z,APP-03,C:\Windows\System32\cleanmgr.exe,95aff79d826110e566663bba6ecd73c8dcf91361289003991ec6515ff359b17d,signed,ACME IT Automation,benign,routine trust context
TRUST-00855,2026-09-05T00:05:20Z,MGMT-01,C:\ACME\Inventory\inventory.exe,4b6bd6bfcff1ed973e3cba712801b69e23af3953db9803c340c28cfa85dfe30a,signed,Microsoft Windows,benign,routine trust context
TRUST-00436,2026-09-05T00:10:25Z,DC-01,C:\ACME\Patch\TelemetryCheck.ps1,47ad061a5d159e639e12a005e91e6a5324cbd3ad6c8b00ef771e27e67e6f4eb2,signed,Microsoft Windows,benign,routine trust context
TRUST-00317,2026-09-05T00:16:21Z,HR-WS-22,C:\Windows\System32\cleanmgr.exe,3f911106db591edc24450a05c939fd243ec53bf8c751d66e8305b99f8d0a05db,signed,Microsoft Windows,benign,routine trust context
TRUST-00449,2026-09-05T00:17:02Z,DC-01,C:\ACME\Inventory\inventory.exe,d4824969c5015719f58b318b785a338b4bfd8b577da0cd952b264919503e048b,trusted_internal,ACME IT Automation,benign,routine trust context
TRUST-01082,2026-09-05T00:21:28Z,MGMT-01,C:\Windows\System32\cleanmgr.exe,d275b41d45aec20778fa34563782cb731552532b80efea27c61259300cef3ad9,signed,ACME IT Automation,benign,routine trust context
TRUST-00390,2026-09-05T00:24:40Z,MGMT-01,C:\ACME\Patch\TelemetryCheck.ps1,42f2ad432ed155ee09c8240638c563f160164c027306095db301382af4e1306f,trusted_internal,ACME IT Automation,benign,routine trust context
TRUST-01204,2026-09-05T00:33:54Z,JUMP-01,C:\Windows\System32\cleanmgr.exe,fca1a4d05f195887eb3d49bc276a5cbc9d320688681a0a69cff55ccd7ea298f5,signed,ACME IT Automation,benign,routine trust context
TRUST-00730,2026-09-05T00:34:51Z,PATCH-01,C:\ACME\Inventory\inventory.exe,3642bca9b9f0b1bc78600a11eba5a4fb96e58b4388f0d0fc824286f61cd80e9e,trusted_internal,ACME IT Automation,benign,routine trust context
TRUST-01047,2026-09-05T00:35:21Z,FILE-02,C:\Windows\System32\cleanmgr.exe,ff116a0723052fca83eb01181470be9f2528c5dd4b132b4a949ca79db6d6f988,trusted_internal,ACME IT Automation,benign,routine trust context
TRUST-01066,2026-09-05T00:38:41Z,HR-WS-22,C:\ACME\Inventory\inventory.exe,631b00ae60aa452a83a0b56abc4178815621fb2ef78caa211dbdec7d02b32fb5,trusted_internal,ACME IT Automation,benign,routine trust context
TRUST-00296,2026-09-05T00:41:12Z,JUMP-01,C:\ACME\Patch\TelemetryCheck.ps1,d45484666fdfbb1973c9ae17a800b0029e9cdee74266e810f834a8b16c76d864,trusted_internal,Microsoft Windows,benign,routine trust context
TRUST-00871,2026-09-05T00:42:18Z,MGMT-01,C:\ACME\Inventory\inventory.exe,bc9ca70635cf2e06a39bd8bec240bba9c02ad0405a95d1d9f6e35e05c6981aa9,trusted_internal,ACME IT Automation,benign,routine trust context
TRUST-00681,2026-09-05T00:45:35Z,FILE-02,C:\Windows\System32\cleanmgr.exe,57ce4e81eb73c3a7e7be83111ff181c778d75299bc15fcfdaeb8819676bba8c1,signed,Microsoft Windows,benign,routine trust context
TRUST-00415,2026-09-05T00:45:55Z,JUMP-01,C:\ACME\Patch\TelemetryCheck.ps1,4b17e293e6e55c1693994b5edd800f156a96d5268c366fcf3cf06bb8d07c3651,signed,Microsoft Windows,benign,routine trust context
TRUST-00084,2026-09-05T00:46:13Z,JUMP-01,C:\Windows\System32\cleanmgr.exe,0e1fc69eabc7f95d1953b023d20e6855c841878fbc1e474cbdee2dd0659e9e26,trusted_internal,ACME IT Automation,benign,routine trust context
TRUST-01135,2026-09-05T00:50:11Z,PATCH-01,C:\Windows\System32\cleanmgr.exe,3480957be942e1ef84963b844463f2aa78af39f4197a1288bf3b463b923d7f55,trusted_internal,Microsoft Windows,benign,routine trust context
TRUST-00763,2026-09-05T00:52:36Z,DC-01,C:\ACME\Patch\TelemetryCheck.ps1,e1c5a9f69f869bbdc85e641c8c3185f564ec4d95167faaa55d1fb56f287d6a24,signed,ACME IT Automation,benign,routine trust context
TRUST-01565,2026-09-05T00:53:54Z,APP-03,C:\Windows\System32\cleanmgr.exe,c6de2c1c2af24c216e3c62cd610c6baefaedaf8036aa19e9afbe939a22a0fa27,signed,Microsoft Windows,benign,routine trust context
TRUST-00086,2026-09-05T00:54:14Z,PATCH-01,C:\Windows\System32\cleanmgr.exe,0d25626e8f8cbdce087bcd271a4bb5e74da756625f0fbfb18b2d1483e99503a5,trusted_internal,ACME IT Automation,benign,routine trust context
TRUST-00042,2026-09-05T00:57:47Z,APP-03,C:\ACME\Patch\TelemetryCheck.ps1,1e88e8153dcb5be2ff9978ea80738189e05541b98b5722dd906728d8f5110763,trusted_internal,Microsoft Windows,benign,routine trust context
TRUST-01691,2026-09-05T00:59:56Z,APP-03,C:\ACME\Patch\TelemetryCheck.ps1,3bc4ab6cf0a4aff316bc14ac43b92594d99486be24c0c8cce8791e17fec9896c,trusted_internal,ACME IT Automation,benign,routine trust context
TRUST-00676,2026-09-05T01:02:24Z,MGMT-01,C:\ACME\Patch\TelemetryCheck.ps1,5f74d3d1736c7a9ef29c0334d99101c501ab20fb37f9c18907355a5115ece2bb,trusted_internal,ACME IT Automation,benign,routine trust context
TRUST-00237,2026-09-05T01:04:20Z,APP-03,C:\Windows\System32\cleanmgr.exe,534920c41a958213a1b304c93ef139d5e18f18362fb5107a2721e7523f22f38d,trusted_internal,Microsoft Windows,benign,routine trust context
TRUST-01288,2026-09-05T01:10:15Z,DC-01,C:\Windows\System32\cleanmgr.exe,833fa34141242b9a8c0060ffb0c5892a7a418cd30335e11688c197fe61c67ce1,trusted_internal,Microsoft Windows,benign,routine trust context
TRUST-01764,2026-09-05T01:10:51Z,FILE-02,C:\ACME\Patch\TelemetryCheck.ps1,050075b3fd660c57f21e45ab3c63a0fc3e7bc5cf93100ce89303ac9e78cd8788,trusted_internal,ACME IT Automation,benign,routine trust context
TRUST-01357,2026-09-05T01:11:36Z,FILE-02,C:\Windows\System32\cleanmgr.exe,6efcf2b2a07a90eefdb76f95e224491695fecd3a789fcfbaef1ea9a19a6fd752,trusted_internal,ACME IT Automation,benign,routine trust context
TRUST-01008,2026-09-05T01:11:55Z,FILE-02,C:\ACME\Inventory\inventory.exe,b5b16af87f7676e0b70a2d3948f8185db4b7f356d9c67edd7975564571705cd0,trusted_internal,ACME IT Automation,benign,routine trust context
TRUST-01518,2026-09-05T01:13:31Z,APP-03,C:\ACME\Inventory\inventory.exe,65f29491a06157544dfab96221dc9db7256b4d32fc8c9b0f69fbc2b2120c8144,trusted_internal,ACME IT Automation,benign,routine trust context
TRUST-00977,2026-09-05T01:18:01Z,DC-01,C:\ACME\Patch\TelemetryCheck.ps1,4a3adbe6694fe2a1908ec87124c0e7e8e299420eeeaa361d94a634cdc02821e5,signed,ACME IT Automation,benign,routine trust context
TRUST-01192,2026-09-05T01:22:41Z,APP-03,C:\ACME\Patch\TelemetryCheck.ps1,5142a33208dd29ae7f945dbf90040436e375374a5ebe9409206875f34d39603e,signed,Microsoft Windows,benign,routine trust context
TRUST-00564,2026-09-05T01:23:19Z,DC-01,C:\ACME\Inventory\inventory.exe,c7a59bd1ac4a943e7a3deb484e85e07755294dcee05df0ac4660afb06db8bf9f,trusted_internal,Microsoft Windows,benign,routine trust context
TRUST-01487,2026-09-05T01:23:27Z,FILE-02,C:\Windows\System32\cleanmgr.exe,3add5c3a5985857ae2beb959094a722476373839d03446a879a17522d343a6c7,trusted_internal,ACME IT Automation,benign,routine trust context
TRUST-00713,2026-09-05T01:29:06Z,MGMT-01,C:\ACME\Patch\TelemetryCheck.ps1,75d3d6797782cab81917909c5087ba8a24163af307a150dd979b8e7d7b0bfb98,trusted_internal,Microsoft Windows,benign,routine trust context
TRUST-00744,2026-09-05T01:44:00Z,JUMP-01,C:\ACME\Patch\TelemetryCheck.ps1,3f8e773950240d1151fa16cc2fb69825548a19511b083530791ac28a789b86d2,trusted_internal,ACME IT Automation,benign,routine trust context
TRUST-01567,2026-09-05T01:44:07Z,JUMP-01,C:\Windows\System32\cleanmgr.exe,fcdda28434c79e76d1f08e624252f2d7fc1474e1173998a5b6751bc2677216b6,signed,ACME IT Automation,benign,routine trust context
TRUST-00679,2026-09-05T01:47:09Z,PATCH-01,C:\ACME\Patch\TelemetryCheck.ps1,a34f3bebdf5cc09efda0b2f10d1283d0dc3d91261ade419f367a43bb1eced04e,signed,Microsoft Windows,benign,routine trust context
TRUST-01412,2026-09-05T01:53:24Z,HR-WS-22,C:\ACME\Patch\TelemetryCheck.ps1,167f088f241256cf46498cee344e01e4df0d1d8e2b5f0d31d62732de632daf2e,signed,Microsoft Windows,benign,routine trust context
TRUST-00411,2026-09-05T01:56:21Z,JUMP-01,C:\ACME\Patch\TelemetryCheck.ps1,6bd87e4dfbc6528790f27325ec7cb8891d9fbb69f771e0d5a4fe64eb0d1acca5,signed,ACME IT Automation,benign,routine trust context
TRUST-01262,2026-09-05T01:58:37Z,FILE-02,C:\Windows\System32\cleanmgr.exe,a3451ae17fda1d9d6a92655450aa58cf99dd4258cf7e4e1dc8da0fab558bfce8,trusted_internal,ACME IT Automation,benign,routine trust context
TRUST-00588,2026-09-05T02:06:00Z,PATCH-01,C:\ACME\Inventory\inventory.exe,eabb856641a41b624ef5ebe69344b7786f5faa07c38ea77eba2a2db4aa8341bc,trusted_internal,ACME IT Automation,benign,routine trust context
TRUST-00930,2026-09-05T02:11:15Z,FILE-02,C:\ACME\Inventory\inventory.exe,3e83d90de981f25f9f444ecb8b629b9ea2bdfa7655826cf44c3650775702e6b2,trusted_internal,ACME IT Automation,benign,routine trust context
TRUST-00972,2026-09-05T02:14:40Z,HR-WS-22,C:\Windows\System32\cleanmgr.exe,3b0da5fa9bafc6243bca7927d59d73e862c851b6a071b66f5112ae3ce54430b0,signed,Microsoft Windows,benign,routine trust context
TRUST-01098,2026-09-05T02:17:07Z,FILE-02,C:\Windows\System32\cleanmgr.exe,ed286271706b253ca7ab45dab62e1250984b98da53d1911e8d9003eace781f41,signed,ACME IT Automation,benign,routine trust context
TRUST-01537,2026-09-05T02:18:05Z,HR-WS-22,C:\ACME\Inventory\inventory.exe,21e74205839a1aba126ce0e680b6e511b3e95414b40cf3dbf383bb18c39b4bec,trusted_internal,Microsoft Windows,benign,routine trust context
TRUST-00294,2026-09-05T02:19:02Z,HR-WS-22,C:\Windows\System32\cleanmgr.exe,b450cb5a3b8163c385646116194bae4672b2bca8b86ae4e3f2d4d91219b6105a,signed,ACME IT Automation,benign,routine trust context
TRUST-01780,2026-09-05T02:19:06Z,FILE-02,C:\ACME\Patch\TelemetryCheck.ps1,629f6cdff24660d5701592e2dde58ac731e9ec4c845cc538c48872483f3d667c,trusted_internal,Microsoft Windows,benign,routine trust context
TRUST-00783,2026-09-05T02:19:28Z,MGMT-01,C:\ACME\Patch\TelemetryCheck.ps1,88ec313421daf000611b0f58505f112f0085282ccc6b87491c91a4b475794de3,signed,ACME IT Automation,benign,routine trust context
TRUST-00250,2026-09-05T02:21:39Z,APP-03,C:\Windows\System32\cleanmgr.exe,6c9a3a4330ecbe60e95afa8ab0d0d3153fdfbcb62a1161a75df8c6487779d580,trusted_internal,Microsoft Windows,benign,routine trust context
TRUST-00061,2026-09-05T02:21:58Z,HR-WS-22,C:\ACME\Inventory\inventory.exe,cb1bd328200cd5244292215b04b0f8bb8bcba995c129a8e23ab353ce87c6cd62,signed,Microsoft Windows,benign,routine trust context
TRUST-01196,2026-09-05T02:23:49Z,APP-03,C:\ACME\Patch\TelemetryCheck.ps1,9ca30b9510e122ee3c6abb76bc06afb780116e849a1724148b587048903124f9,trusted_internal,Microsoft Windows,benign,routine trust context
TRUST-00204,2026-09-05T02:24:25Z,FILE-02,C:\Windows\System32\cleanmgr.exe,3e791c9273f736e9ad3e3e7fc20d27e11971fc9efd72a948438459203a1e38be,signed,ACME IT Automation,benign,routine trust context
TRUST-00461,2026-09-05T02:25:42Z,PATCH-01,C:\ACME\Patch\TelemetryCheck.ps1,f32533aee9c1153c1da1203fc9db9a499fe95380f3a9559ab773d10853c145ce,signed,ACME IT Automation,benign,routine trust context
TRUST-01170,2026-09-05T02:33:36Z,HR-WS-22,C:\ACME\Inventory\inventory.exe,626bd414439ab6db4c3f07be6030dff0991d80784c822616e7c24f6e3a7dc55b,signed,Microsoft Windows,benign,routine trust context
TRUST-00921,2026-09-05T02:35:19Z,PATCH-01,C:\ACME\Patch\TelemetryCheck.ps1,6c91393450d7c2f38309597347136683acac5431c0c3c5bb42861d2c1ef9d751,signed,Microsoft Windows,benign,routine trust context
TRUST-00508,2026-09-05T02:35:30Z,APP-03,C:\Windows\System32\cleanmgr.exe,2994443cf1f5bf9b9512d90db705824a999200437b86ccdf97a56e6d7d4e21f1,trusted_internal,ACME IT Automation,benign,routine trust context
TRUST-01394,2026-09-05T02:36:34Z,JUMP-01,C:\ACME\Patch\TelemetryCheck.ps1,9d897f7b2336b0d495381dffd1815da5edd72f08f68cfac5815efb74c563af5f,trusted_internal,ACME IT Automation,benign,routine trust context
TRUST-01706,2026-09-05T02:38:39Z,PATCH-01,C:\Windows\System32\cleanmgr.exe,848242a2e14e8c637bc52626cb93b4c732f75a3b8e913aa4fa814982a3eefa4a,trusted_internal,Microsoft Windows,benign,routine trust context
TRUST-00649,2026-09-05T02:39:33Z,JUMP-01,C:\Windows\System32\cleanmgr.exe,6fbf7cbbcdc4b4757a9d011614c93f01b10a634bcf07326bfe07f3d7eb401109,signed,ACME IT Automation,benign,routine trust context
TRUST-01442,2026-09-05T02:47:14Z,JUMP-01,C:\ACME\Patch\TelemetryCheck.ps1,10e4f3a211fa4993b6db23853a17ff48ea08d1882486356ed0245a717f9c22a9,trusted_internal,ACME IT Automation,benign,routine trust context
TRUST-01370,2026-09-05T02:49:22Z,PATCH-01,C:\ACME\Inventory\inventory.exe,2fff1e401f2e55041f04a59d63d22ddc3f5b6a91f39afc9cfd8a04864e8ef9be,trusted_internal,ACME IT Automation,benign,routine trust context
TRUST-00856,2026-09-05T02:56:00Z,HR-WS-22,C:\ACME\Patch\TelemetryCheck.ps1,f2a11da5cfaf444fd9745a90869c3d7fef858130638ec7125a6b2847daa9f1dd,signed,Microsoft Windows,benign,routine trust context
TRUST-00106,2026-09-05T03:12:15Z,DC-01,C:\ACME\Inventory\inventory.exe,229a42c87c49166be18c43ff70c424b796cf8b517452c77a7ac0898e74b21e98,trusted_internal,Microsoft Windows,benign,routine trust context
TRUST-01771,2026-09-05T03:15:30Z,APP-03,C:\ACME\Patch\TelemetryCheck.ps1,57cc8ccac3b3660ba38f00519bc9b99013a584933c91b62d6a316385856b05ec,signed,Microsoft Windows,benign,routine trust context
TRUST-00937,2026-09-05T03:15:46Z,APP-03,C:\Windows\System32\cleanmgr.exe,6f9291be1b796da5f9ee48b45ddd09069cae874088f585673235e5d1386b31bf,trusted_internal,ACME IT Automation,benign,routine trust context
TRUST-01340,2026-09-05T03:27:03Z,FILE-02,C:\ACME\Patch\TelemetryCheck.ps1,27f4b8898f0d03bc036c76eb56df55a3b41284213bcc256b95f1e462ef5626f1,trusted_internal,ACME IT Automation,benign,routine trust context
TRUST-01632,2026-09-05T03:41:36Z,DC-01,C:\ACME\Inventory\inventory.exe,d3f2cca2b6da0dade8bd7fa3c39b5976ad934576d90e43139b5546797c1d0d72,trusted_internal,Microsoft Windows,benign,routine trust context
TRUST-00691,2026-09-05T03:41:58Z,JUMP-01,C:\ACME\Patch\TelemetryCheck.ps1,860b952817f3c639e8f0d92f7de6a0296b8ee225dbae1303a0f58c21605c61f6,signed,ACME IT Automation,benign,routine trust context
TRUST-01657,2026-09-05T03:42:41Z,FILE-02,C:\Windows\System32\cleanmgr.exe,c82fe8c13f6858524a9da58f0196d038b4c28c25af6ec24e2f774c3f242f742d,signed,Microsoft Windows,benign,routine trust context
TRUST-01294,2026-09-05T03:50:56Z,HR-WS-22,C:\ACME\Inventory\inventory.exe,f2d54befa741e63d39928c4e67bef3a289deb4b51c8c309d1b096611dcfc4868,signed,ACME IT Automation,benign,routine trust context
TRUST-01159,2026-09-05T04:11:54Z,FILE-02,C:\ACME\Inventory\inventory.exe,694dff2d968d205208960c122e71312a7696807af47fcd6003ab998e6e7ac4e6,signed,ACME IT Automation,benign,routine trust context
TRUST-00109,2026-09-05T04:12:16Z,MGMT-01,C:\Windows\System32\cleanmgr.exe,37591bba3b2e2d70b6fd7581514886091af1215f260c81d3c6a8e175fbe57c6c,signed,Microsoft Windows,benign,routine trust context
TRUST-00746,2026-09-05T04:16:38Z,MGMT-01,C:\Windows\System32\cleanmgr.exe,5142fc45001dbf2aaefc1a5e82f05e58b11f24e364830ab6290fe25e24a30ecc,signed,ACME IT Automation,benign,routine trust context
TRUST-00227,2026-09-05T04:20:25Z,PATCH-01,C:\ACME\Inventory\inventory.exe,aa2b4609f0fcfc6bc5814c4215daad8eb93014a323dcaa4b4707f9790650f5d8,trusted_internal,ACME IT Automation,benign,routine trust context
TRUST-00137,2026-09-05T04:21:27Z,APP-03,C:\Windows\System32\cleanmgr.exe,9d7d4a116f026c39aee22b0cd2b975074fdf28d56737326be2adf0c5c0733000,signed,Microsoft Windows,benign,routine trust context
TRUST-01198,2026-09-05T04:21:40Z,PATCH-01,C:\ACME\Inventory\inventory.exe,1817fd2ee44152179ded7446db886df7d57bb0844dd2d2ddedf04a6d078f3fde,trusted_internal,Microsoft Windows,benign,routine trust context
TRUST-01781,2026-09-05T04:35:58Z,MGMT-01,C:\Windows\System32\cleanmgr.exe,143e4164e77d9eb6b437f5aacda2d056e94078e42db2fdcf3d3c01816d9e820e,signed,ACME IT Automation,benign,routine trust context
TRUST-01722,2026-09-05T04:36:17Z,MGMT-01,C:\ACME\Inventory\inventory.exe,b3d6e5d2081ed11c83f7ac51f39da5a88589c4f086cda105474a29952a6857a0,signed,ACME IT Automation,benign,routine trust context
TRUST-01345,2026-09-05T04:37:12Z,HR-WS-22,C:\ACME\Inventory\inventory.exe,326d002420c8815fbff967a528a298c12774b0f12064b6710be3e92cd0a64244,signed,ACME IT Automation,benign,routine trust context
TRUST-00492,2026-09-05T04:42:53Z,HR-WS-22,C:\ACME\Patch\TelemetryCheck.ps1,6b6c58c188efc0bbd0bc850b62abf5c60e47ceaa71bbe9eebad138127a53e8bc,trusted_internal,ACME IT Automation,benign,routine trust context
TRUST-00248,2026-09-05T04:43:26Z,DC-01,C:\ACME\Inventory\inventory.exe,a974695dc0141ccaf75e33ae636a7f9e8a6b597cf7a37a39a41cf77bc3bdf3f6,signed,Microsoft Windows,benign,routine trust context
TRUST-00574,2026-09-05T04:45:53Z,DC-01,C:\ACME\Patch\TelemetryCheck.ps1,e0d5638a7f9bfc94e274d73501db18f47b9d3e0e56f4f9c79a5c174ec0722e8d,signed,ACME IT Automation,benign,routine trust context
TRUST-00886,2026-09-05T04:48:04Z,DC-01,C:\ACME\Inventory\inventory.exe,6742ac5ca744533223575e8c6551c3b4e3a39894c9e44b0456157feab74642e5,signed,ACME IT Automation,benign,routine trust context
TRUST-00839,2026-09-05T04:48:24Z,JUMP-01,C:\ACME\Inventory\inventory.exe,b3f555b67d12266dd51e9f23807d35f3987e2ffae199e16db3aa84a9f5d9dae6,signed,ACME IT Automation,benign,routine trust context
TRUST-00251,2026-09-05T04:52:02Z,JUMP-01,C:\Windows\System32\cleanmgr.exe,691bac7b7a995a96b7fa56e6ddbe48949b85af02573faaf8d228713a58e4dcde,trusted_internal,Microsoft Windows,benign,routine trust context
TRUST-01362,2026-09-05T05:00:22Z,DC-01,C:\ACME\Inventory\inventory.exe,7499de9c4fc0df88fcfd40d481950841c3b73aaaf718ef81c0ef6413cefb0ae2,signed,ACME IT Automation,benign,routine trust context
TRUST-00413,2026-09-05T05:02:07Z,HR-WS-22,C:\Windows\System32\cleanmgr.exe,34ccc79e29dff8160b9ed06aca0b2cf95654b26d8e16b5e268c9e1857b361357,signed,ACME IT Automation,benign,routine trust context
TRUST-00304,2026-09-05T05:02:21Z,MGMT-01,C:\ACME\Inventory\inventory.exe,a70b72e3dda4ea15ed28250d7b38014db5bc46db5583a0e09b57adf965844fb2,signed,Microsoft Windows,benign,routine trust context
TRUST-00365,2026-09-05T05:11:57Z,MGMT-01,C:\ACME\Inventory\inventory.exe,28b8b36d90ed671c5246f8edfe2d5e2e981b26b2c2c6213033439e86e5735662,signed,ACME IT Automation,benign,routine trust context
TRUST-01667,2026-09-05T05:12:38Z,FILE-02,C:\ACME\Inventory\inventory.exe,838561d3c936bd20ea2d5a4939bad9fd1d32d0cdd179ab9a99fb402d35ac30d8,signed,ACME IT Automation,benign,routine trust context
TRUST-00993,2026-09-05T05:14:05Z,PATCH-01,C:\ACME\Patch\TelemetryCheck.ps1,5c80dd48923ab32f3f09d650e3f43bfaa8e3a7160bf6b81285f4db32a25816ed,signed,Microsoft Windows,benign,routine trust context
TRUST-00891,2026-09-05T05:16:15Z,FILE-02,C:\ACME\Patch\TelemetryCheck.ps1,a01d205f3ad503c9b8557e125d227ec9ac22cb89ff145d7d79a0b4df950e9ddb,signed,Microsoft Windows,benign,routine trust context
TRUST-00927,2026-09-05T05:19:25Z,MGMT-01,C:\ACME\Patch\TelemetryCheck.ps1,08ec14d974964c8ac14e235646d6b3c669c853ee620a1f844817b99825018c38,trusted_internal,ACME IT Automation,benign,routine trust context
TRUST-01157,2026-09-05T05:22:00Z,DC-01,C:\Windows\System32\cleanmgr.exe,e4faa06d414dc463aaefa361478a90289f7184b516b09ac8269a94763d9f07c1,signed,ACME IT Automation,benign,routine trust context
TRUST-01071,2026-09-05T05:24:39Z,FILE-02,C:\ACME\Inventory\inventory.exe,54a8ce3b8b0ab4fe789beb356e5918dbebcdfb2d6af48915e39873641c29ca67,signed,Microsoft Windows,benign,routine trust context
TRUST-01561,2026-09-05T05:30:37Z,HR-WS-22,C:\ACME\Patch\TelemetryCheck.ps1,315818434fc5c159dd6e85bf34504eade1b8ed998c83dfd4da263c3de75f5d35,trusted_internal,ACME IT Automation,benign,routine trust context
TRUST-01579,2026-09-05T05:41:13Z,PATCH-01,C:\Windows\System32\cleanmgr.exe,eff70f88fa2da62b6140cadf98e7e4c474275ebe5595d9e67e5863681be97729,signed,ACME IT Automation,benign,routine trust context
TRUST-00314,2026-09-05T05:50:04Z,APP-03,C:\ACME\Patch\TelemetryCheck.ps1,9c3a5361a0b35bd21096a3335b58e91fe7a6d549b77347e6ec6596e057790d53,trusted_internal,ACME IT Automation,benign,routine trust context
TRUST-01497,2026-09-05T05:55:05Z,JUMP-01,C:\ACME\Inventory\inventory.exe,b3702b83f23bc041e07ba4829f6486a6b929d93209521e0ec5d9fa444c315819,signed,Microsoft Windows,benign,routine trust context
TRUST-01484,2026-09-05T05:56:55Z,PATCH-01,C:\ACME\Inventory\inventory.exe,6961e2889ff423a2a6638a4b414a72c7cab6e5f1f6cbee80e796a8b60184ffa3,trusted_internal,Microsoft Windows,benign,routine trust context
TRUST-00386,2026-09-05T05:56:57Z,MGMT-01,C:\ACME\Patch\TelemetryCheck.ps1,a6b9d859acf6949b86eb0faaa33fe103caf2f4f6946070fff23810b4f1425154,signed,Microsoft Windows,benign,routine trust context
TRUST-00261,2026-09-05T06:00:27Z,MGMT-01,C:\Windows\System32\cleanmgr.exe,4a09c43155b92031a68e4c23cfa851a8ca3fcdb1351da07dba9416f8220a3dec,trusted_internal,Microsoft Windows,benign,routine trust context
TRUST-01361,2026-09-05T06:04:47Z,JUMP-01,C:\ACME\Inventory\inventory.exe,50ff10942fa5d3f723da0bc7b67a538d99cc6d71041de3e68b61323bf351be53,trusted_internal,Microsoft Windows,benign,routine trust context
TRUST-01017,2026-09-05T06:08:45Z,MGMT-01,C:\Windows\System32\cleanmgr.exe,bf5360bee42429b1f211429aa6b833403e137de4b0f04613d8ff98f78181cee3,trusted_internal,Microsoft Windows,benign,routine trust context
TRUST-00328,2026-09-05T06:11:22Z,PATCH-01,C:\ACME\Inventory\inventory.exe,244a87ecda1d67c7fcf2348aeb735a4ffe31cd01f548797b940da2fa1082d729,trusted_internal,ACME IT Automation,benign,routine trust context
TRUST-01277,2026-09-05T06:13:31Z,DC-01,C:\ACME\Inventory\inventory.exe,eca814675160cbcb34a12e528b2b9a4e54c38295074ce0860703b452481a9fdf,trusted_internal,Microsoft Windows,benign,routine trust context
TRUST-01669,2026-09-05T06:23:15Z,MGMT-01,C:\ACME\Patch\TelemetryCheck.ps1,41f33e92a67e2956b976bada3662f92156c5275cd122baa7a9dfae7fa942f4da,trusted_internal,ACME IT Automation,benign,routine trust context
TRUST-01712,2026-09-05T06:26:08Z,DC-01,C:\ACME\Inventory\inventory.exe,c4c4c680d152754d7c9d76bb357e766ee775849f292144ee7133f1979ac454ba,signed,ACME IT Automation,benign,routine trust context
TRUST-00608,2026-09-05T06:26:19Z,APP-03,C:\ACME\Patch\TelemetryCheck.ps1,7ab107c68cb03d641dac74d64ce4a1be2569265c2f9278d753df8fe1340d29d8,trusted_internal,ACME IT Automation,benign,routine trust context
TRUST-00476,2026-09-05T06:27:44Z,PATCH-01,C:\ACME\Patch\TelemetryCheck.ps1,277fcde1fe4c8a533f7b14cfe2bbbccc2f05ae92dd659e695f7ac60d643d78e3,trusted_internal,Microsoft Windows,benign,routine trust context
TRUST-00525,2026-09-05T06:35:52Z,DC-01,C:\Windows\System32\cleanmgr.exe,08a8d340c8a1686c403d6aae093e77c033a080de2eaa47d9508cf4108b675069,signed,ACME IT Automation,benign,routine trust context
TRUST-00646,2026-09-05T06:40:26Z,FILE-02,C:\ACME\Patch\TelemetryCheck.ps1,653488da9e4adb47aad9ca490d55661b37853a700fddb1774f02694e64dee61e,trusted_internal,ACME IT Automation,benign,routine trust context
TRUST-00381,2026-09-05T06:41:23Z,FILE-02,C:\ACME\Inventory\inventory.exe,114a6b65605f576ecf33e16e1f84a838a6a55958ac8093fe5092ef1affa3f1e1,signed,ACME IT Automation,benign,routine trust context
TRUST-01103,2026-09-05T06:53:43Z,DC-01,C:\Windows\System32\cleanmgr.exe,e6672d91f5036fa1e15df4aa5962bc330585402991c8e64c4c7090fca9f6776b,trusted_internal,ACME IT Automation,benign,routine trust context
TRUST-00154,2026-09-05T06:54:56Z,MGMT-01,C:\ACME\Patch\TelemetryCheck.ps1,00d454dc03e5d4b9e3a7abcfde876334d973a46ea1e499d307e935a46c564988,trusted_internal,ACME IT Automation,benign,routine trust context
TRUST-01202,2026-09-05T06:57:12Z,APP-03,C:\Windows\System32\cleanmgr.exe,4b8e65f1841bf0476065a886a24737df30d17963ce26056cc0985c06be4afc37,trusted_internal,Microsoft Windows,benign,routine trust context
TRUST-01067,2026-09-05T07:01:38Z,MGMT-01,C:\ACME\Inventory\inventory.exe,857e80427ce5c3c2bf17602398cd2c97539e7b8f0f77f9a1b2a85a3065afbfb8,signed,Microsoft Windows,benign,routine trust context
TRUST-00874,2026-09-05T07:05:17Z,MGMT-01,C:\ACME\Inventory\inventory.exe,636ffd5107314e6414e1339bbc671c15ccffd47cf39a3f01d0189b67618f9b59,trusted_internal,Microsoft Windows,benign,routine trust context
TRUST-01044,2026-09-05T07:06:13Z,PATCH-01,C:\ACME\Inventory\inventory.exe,d89da560ddb1b1ab780044788aed0f4c135109831740846a86983c5f6a57ab04,trusted_internal,ACME IT Automation,benign,routine trust context
TRUST-01143,2026-09-05T07:06:25Z,HR-WS-22,C:\ACME\Patch\TelemetryCheck.ps1,6bb2106b6749fd2514f41dfabd0c082aadb6d1b796bf6ba036449fcbc9d477d3,trusted_internal,Microsoft Windows,benign,routine trust context
TRUST-01218,2026-09-05T07:14:43Z,PATCH-01,C:\ACME\Inventory\inventory.exe,c99fb3427f455481968826df975612471c22716ee421032cc6a93cfcf6d22951,trusted_internal,ACME IT Automation,benign,routine trust context
TRUST-00387,2026-09-05T07:15:43Z,JUMP-01,C:\ACME\Patch\TelemetryCheck.ps1,f7a31a32c0bdc43140373282e3067b90f25c6635911aac458536c74194bd67a4,signed,Microsoft Windows,benign,routine trust context
TRUST-00059,2026-09-05T07:16:01Z,PATCH-01,C:\Windows\System32\cleanmgr.exe,e8cd40e2af0773d8ab716677397fb3f81dd48c53ac287caa0d4e64ee54f9de0e,trusted_internal,Microsoft Windows,benign,routine trust context
TRUST-01571,2026-09-05T07:20:58Z,PATCH-01,C:\ACME\Patch\TelemetryCheck.ps1,5c9465feb62ca909ff1aa4bbc01ceafabee782b663413878d76ca607da167802,signed,Microsoft Windows,benign,routine trust context
TRUST-01173,2026-09-05T07:36:17Z,JUMP-01,C:\ACME\Inventory\inventory.exe,ec46dcda64d35576ea9b82357c4286970e5c594ba449e3694c96d8c8835537c7,signed,ACME IT Automation,benign,routine trust context
TRUST-01409,2026-09-05T07:56:02Z,HR-WS-22,C:\ACME\Inventory\inventory.exe,89382f000e53895132ff5c702a258e49758772d0c40cc79f11518a6afcba8404,signed,Microsoft Windows,benign,routine trust context
TRUST-01594,2026-09-05T07:56:24Z,JUMP-01,C:\ACME\Inventory\inventory.exe,8cd135c73f4799a502923fbb10ee8a25bed79474c4bc476e08a7fb2b71fee60b,signed,ACME IT Automation,benign,routine trust context
TRUST-01576,2026-09-05T07:56:41Z,JUMP-01,C:\ACME\Inventory\inventory.exe,333b9afffcd83d0ec42126b836a62e9b6d37176d40190dad2fe06ed82dee18ea,signed,ACME IT Automation,benign,routine trust context
TRUST-01472,2026-09-05T08:01:39Z,MGMT-01,C:\Windows\System32\cleanmgr.exe,920417dd80a8cdf9257aaee8e12f1cd38250a1cdabf9632a77ba7f214b03c330,trusted_internal,ACME IT Automation,benign,routine trust context
TRUST-01349,2026-09-05T08:09:00Z,APP-03,C:\Windows\System32\cleanmgr.exe,544ec8e7d5528cbb6947c4d6728679ed9919e182087c1ad6f1e7b83981caaf5e,signed,Microsoft Windows,benign,routine trust context
TRUST-01220,2026-09-05T08:14:37Z,DC-01,C:\Windows\System32\cleanmgr.exe,e6f1f9064d3d5ba86b86872f86ceba8709f8e6fa5535bd41a336dc4d1cfe606f,trusted_internal,ACME IT Automation,benign,routine trust context
TRUST-01541,2026-09-05T08:17:36Z,DC-01,C:\ACME\Inventory\inventory.exe,fcdfb7f716aa5b0ec3a6e1f582fedbf80e03057350aa48ea0a9cebbf99fcea98,signed,Microsoft Windows,benign,routine trust context
TRUST-00356,2026-09-05T08:21:02Z,APP-03,C:\Windows\System32\cleanmgr.exe,8b394d1adbbc55d7d72148515083e48854e090f68715dd277c637c73bf2d2d11,trusted_internal,Microsoft Windows,benign,routine trust context
TRUST-01068,2026-09-05T08:25:27Z,DC-01,C:\Windows\System32\cleanmgr.exe,8c81923b5cc129fcb02f400d297a85fc5e06e0734d0e3a927765d335b3a9b80f,signed,ACME IT Automation,benign,routine trust context
TRUST-00136,2026-09-05T08:31:35Z,HR-WS-22,C:\Windows\System32\cleanmgr.exe,1322722e2aa772c197a3856ea13783064d0c74a7fece167e0cc1b12b65cb26cb,trusted_internal,ACME IT Automation,benign,routine trust context
TRUST-01449,2026-09-05T08:39:50Z,APP-03,C:\ACME\Patch\TelemetryCheck.ps1,8db411011202a18e2be756cf0c5a43da232d252d09d9a14eb138f4849500e605,signed,Microsoft Windows,benign,routine trust context
TRUST-00074,2026-09-05T08:40:52Z,DC-01,C:\ACME\Inventory\inventory.exe,5be430954887996534b93a142b61df55e0eddf02f24b229c0db67445201f1975,signed,Microsoft Windows,benign,routine trust context
TRUST-00684,2026-09-05T08:44:04Z,PATCH-01,C:\ACME\Inventory\inventory.exe,e23aaee1122244c8728f835276df8b0e61185aa85186fdb307277f05b7309593,trusted_internal,Microsoft Windows,benign,routine trust context
TRUST-01523,2026-09-05T08:45:10Z,DC-01,C:\Windows\System32\cleanmgr.exe,9bfc3c6c6d6ca59b982ac3d63181657555d82d31ce59de1121f9074319858e5c,trusted_internal,ACME IT Automation,benign,routine trust context
TRUST-01786,2026-09-05T08:45:10Z,MGMT-01,C:\ACME\Patch\TelemetryCheck.ps1,b07b6f10657d3ac7f5dd065d892afcfefc43e1d2be1aec48b741398c96d6e519,signed,ACME IT Automation,benign,routine trust context
TRUST-01043,2026-09-05T08:52:12Z,APP-03,C:\ACME\Inventory\inventory.exe,fc2cbe024f6b25796b7c9d97b42db2b3a4bf35bf8bf3aca8c3150c0d9b77ffd1,trusted_internal,ACME IT Automation,benign,routine trust context
TRUST-00841,2026-09-05T09:10:00Z,MGMT-01,C:\ACME\Patch\TelemetryCheck.ps1,ca8f025c4ce6810aec3ff52d8cc33e0a9f8d56716bb816cd3a6cbac5ecad47ef,signed,Microsoft Windows,benign,routine trust context
TRUST-01741,2026-09-05T09:15:13Z,JUMP-01,C:\Windows\System32\cleanmgr.exe,46b880c515b2436c2f0eeab963aece67bada7278ffbd124454e5f63e8630df1c,trusted_internal,ACME IT Automation,benign,routine trust context
TRUST-01462,2026-09-05T09:18:17Z,PATCH-01,C:\ACME\Inventory\inventory.exe,90120fc8dabd6b2c4dc62d03fc50e1d2d8f3ee65f673af02f1e08c046db68583,signed,ACME IT Automation,benign,routine trust context
TRUST-00088,2026-09-05T09:20:40Z,PATCH-01,C:\ACME\Patch\TelemetryCheck.ps1,baf14965a6b4f44acdae38a881e5076033fc381cc670421604e5b02ec046e13b,signed,Microsoft Windows,benign,routine trust context
TRUST-00236,2026-09-05T09:25:21Z,FILE-02,C:\ACME\Patch\TelemetryCheck.ps1,ce08aad2ef9c162b1fe0b5a9c05a6817a74bc0a1b7594492844edd311528145b,trusted_internal,ACME IT Automation,benign,routine trust context
TRUST-01346,2026-09-05T09:25:54Z,APP-03,C:\Windows\System32\cleanmgr.exe,6994824cab81832e3801cf6b6dfbe6a14f0cc5066852140b84016ab5d958cf58,trusted_internal,Microsoft Windows,benign,routine trust context
TRUST-01022,2026-09-05T09:30:17Z,JUMP-01,C:\ACME\Patch\TelemetryCheck.ps1,89d51fb258b176d947a8d091bbc90a368a17e255d6a1327b7be3a3969391dc63,trusted_internal,Microsoft Windows,benign,routine trust context
TRUST-01599,2026-09-05T09:30:21Z,APP-03,C:\ACME\Patch\TelemetryCheck.ps1,b43f87fc3759d20082bcfb93faf81729fe0b966c6d7f65b19ee9eb391891e5e9,trusted_internal,Microsoft Windows,benign,routine trust context
TRUST-01464,2026-09-05T09:32:03Z,APP-03,C:\Windows\System32\cleanmgr.exe,70ed539acdc581c82204a786ae238fc1b6a6f3183289c2303199d9523fb85ad3,signed,Microsoft Windows,benign,routine trust context
TRUST-01738,2026-09-05T09:33:09Z,HR-WS-22,C:\Windows\System32\cleanmgr.exe,e46c54957273bf187b6383ae57776fa430e46d72d8ec0c5aa5f78c3b28252c1f,trusted_internal,Microsoft Windows,benign,routine trust context
TRUST-01373,2026-09-05T09:34:51Z,JUMP-01,C:\ACME\Inventory\inventory.exe,e9a56819cc1923d3262cc103d472ca8d313dab4eca8c5ec529f2f0733b032ed2,signed,Microsoft Windows,benign,routine trust context
TRUST-01069,2026-09-05T09:40:10Z,FILE-02,C:\Windows\System32\cleanmgr.exe,d65e974d6f75d7be880152f7b278b8a475df2d5ccc15115c4c481d66c1ae8e57,signed,Microsoft Windows,benign,routine trust context
TRUST-01138,2026-09-05T09:44:12Z,JUMP-01,C:\ACME\Inventory\inventory.exe,77ff510cae2874fef9b495be137bfa0344a3502480828ec0ee5fc77f74e2b81b,trusted_internal,ACME IT Automation,benign,routine trust context
TRUST-01205,2026-09-05T09:44:49Z,MGMT-01,C:\Windows\System32\cleanmgr.exe,5d088bd16f78130edc627e9563652cb486a697914359263f98120df51ec3cd73,signed,Microsoft Windows,benign,routine trust context
TRUST-00283,2026-09-05T09:45:40Z,PATCH-01,C:\ACME\Patch\TelemetryCheck.ps1,52e68f6ea6a0c0b662d8b230f29136bfb30b33cc021b179c4e140d8c95227dbe,trusted_internal,Microsoft Windows,benign,routine trust context
TRUST-01658,2026-09-05T09:52:42Z,HR-WS-22,C:\ACME\Patch\TelemetryCheck.ps1,1891bf7163e294357a61944a84bd7976453ad8e29c297f0a78daec077d0ed9b2,trusted_internal,Microsoft Windows,benign,routine trust context
TRUST-01040,2026-09-05T09:53:08Z,JUMP-01,C:\ACME\Inventory\inventory.exe,1f6c736f3aee4bd75654fd96d5b50097f5a0f207cc15eb1a44814c15e3deb5d9,trusted_internal,Microsoft Windows,benign,routine trust context
TRUST-00441,2026-09-05T09:58:47Z,HR-WS-22,C:\ACME\Patch\TelemetryCheck.ps1,7b85266115ebbb44ea9c3cf78cac6b9885206ff36dffb22ea33241e3697a3991,signed,ACME IT Automation,benign,routine trust context
TRUST-00318,2026-09-05T09:59:32Z,PATCH-01,C:\ACME\Patch\TelemetryCheck.ps1,73e6777b1862fec8d2e7cff41fde3742151d83eba9f234f3eecd2f77c2cd2c41,signed,Microsoft Windows,benign,routine trust context
TRUST-00052,2026-09-05T10:08:10Z,PATCH-01,C:\ACME\Patch\TelemetryCheck.ps1,8581d9d66830c3f83a1d023602af64eecbccb402436bcad1dfdc0dfda7a70d2f,signed,ACME IT Automation,benign,routine trust context
TRUST-00524,2026-09-05T10:11:33Z,MGMT-01,C:\ACME\Inventory\inventory.exe,ef79c7a8ce97b6fb33449c2485dafccb82cfc1cee6c8e3b9fbf01bfb7acd74a3,trusted_internal,ACME IT Automation,benign,routine trust context
TRUST-01547,2026-09-05T10:11:53Z,JUMP-01,C:\ACME\Inventory\inventory.exe,5f8d43a9da12d0918e1b7300cfae1bf0d1ebecbf40c25c4e5f9c819598b2491b,trusted_internal,Microsoft Windows,benign,routine trust context
TRUST-01224,2026-09-05T10:19:48Z,PATCH-01,C:\ACME\Patch\TelemetryCheck.ps1,8e42fe51778a17179a2a33f11f4b757198e8ec03bd98d5ff256104ab846b9282,trusted_internal,ACME IT Automation,benign,routine trust context
TRUST-00396,2026-09-05T10:21:22Z,PATCH-01,C:\ACME\Patch\TelemetryCheck.ps1,f9df9150f1d7fa0a5caa2ef98ed103dbbdec5d7cfb5be71bf46bb49854165aa5,trusted_internal,Microsoft Windows,benign,routine trust context
TRUST-01721,2026-09-05T10:29:56Z,HR-WS-22,C:\Windows\System32\cleanmgr.exe,bbeb84f0eae504369a18be4a0fa4f07cc390b8ff77812d702c93c97178376540,trusted_internal,Microsoft Windows,benign,routine trust context
TRUST-00275,2026-09-05T10:35:54Z,APP-03,C:\Windows\System32\cleanmgr.exe,0223555ff209072ec3e9d66709b9a77077e039f27106f6477dd54dbafe4dc1be,trusted_internal,Microsoft Windows,benign,routine trust context
TRUST-00758,2026-09-05T10:36:20Z,FILE-02,C:\Windows\System32\cleanmgr.exe,7479eecb38a4526855616f4c75764325132de536865e9cc5a64b42139565810a,trusted_internal,Microsoft Windows,benign,routine trust context
TRUST-00494,2026-09-05T10:49:18Z,JUMP-01,C:\ACME\Patch\TelemetryCheck.ps1,47ee4a0b6df0adff4e277f78d9b8a21ca00d9b5fb1468f28591dcef0f0386eda,trusted_internal,ACME IT Automation,benign,routine trust context
TRUST-00805,2026-09-05T10:54:59Z,JUMP-01,C:\ACME\Patch\TelemetryCheck.ps1,090978de26e8aa615598869aab311278d7ed8d5c72ac6d6835bb6e4e7d9d71b0,signed,Microsoft Windows,benign,routine trust context
TRUST-01247,2026-09-05T10:58:22Z,HR-WS-22,C:\ACME\Inventory\inventory.exe,6b0edd13d7a79766e119e925a5b8097f73ad1a272c026eb625711160aa3a6807,trusted_internal,ACME IT Automation,benign,routine trust context
TRUST-01282,2026-09-05T11:16:24Z,PATCH-01,C:\ACME\Patch\TelemetryCheck.ps1,7785dd9179ed63549281ad9bd4730e150e781908ff91403c1b95636509165537,trusted_internal,ACME IT Automation,benign,routine trust context
TRUST-00426,2026-09-05T11:19:56Z,MGMT-01,C:\ACME\Patch\TelemetryCheck.ps1,471eb1274ca2c19d75a06c348ff553af5af2215e92a182edadbc8c2e07244191,trusted_internal,ACME IT Automation,benign,routine trust context
TRUST-00617,2026-09-05T11:23:54Z,APP-03,C:\ACME\Patch\TelemetryCheck.ps1,7279a0b9f834f485012e4a06a51697c3a53c6e4e2f2bbaf3bc89c8cfa46f9416,signed,ACME IT Automation,benign,routine trust context
TRUST-01023,2026-09-05T11:29:46Z,PATCH-01,C:\Windows\System32\cleanmgr.exe,12d3b0f50867923ebaf2599e9d70ca29f0aa287239320f18597782e2ebdba276,trusted_internal,Microsoft Windows,benign,routine trust context
TRUST-00485,2026-09-05T11:36:57Z,DC-01,C:\Windows\System32\cleanmgr.exe,d7a620323f1101ea246e8d7b070e398da4cf0f370d58fa3f6a57be44599b4472,trusted_internal,Microsoft Windows,benign,routine trust context
TRUST-00708,2026-09-05T11:42:55Z,HR-WS-22,C:\Windows\System32\cleanmgr.exe,2de0a767ce6626940d6b7a4b5004cbb6c5e0758795a2645dd8454fc3487fc5e9,trusted_internal,ACME IT Automation,benign,routine trust context
TRUST-01110,2026-09-05T11:45:56Z,HR-WS-22,C:\Windows\System32\cleanmgr.exe,443d77996006bb2157bbc94815608c374f558bfb06d00d6338f4a99defdb88ff,trusted_internal,Microsoft Windows,benign,routine trust context
TRUST-01032,2026-09-05T11:47:06Z,FILE-02,C:\Windows\System32\cleanmgr.exe,ac76f2f0dc7771d7028b808a9faba67a91618de8498e4b284a91027e81886631,trusted_internal,Microsoft Windows,benign,routine trust context
TRUST-00135,2026-09-05T11:57:58Z,FILE-02,C:\ACME\Patch\TelemetryCheck.ps1,661752eb0589684f825384fda437bad2137f992c2780bf77bc94402ad34a9830,trusted_internal,Microsoft Windows,benign,routine trust context
