id,_time,host,artifact,status,publisher,classification
TRUST-N-01373,2026-09-19T13:00:56Z,HR-WS-22,known software,signed,Known Publisher,benign
TRUST-N-01424,2026-09-19T13:01:22Z,ENG-WS-17,known software,signed,Known Publisher,benign
TRUST-N-02705,2026-09-19T13:01:41Z,DC-01,known software,trusted_internal,Known Publisher,benign
TRUST-N-05169,2026-09-19T13:02:37Z,MGMT-01,known software,signed,Known Publisher,benign
TRUST-N-03470,2026-09-19T13:02:50Z,PATCH-01,known software,trusted_internal,Known Publisher,benign
TRUST-N-00737,2026-09-19T13:03:13Z,FIN-WS-09,known software,signed,Known Publisher,benign
TRUST-N-07354,2026-09-19T13:03:13Z,APP-06,known software,trusted_internal,Known Publisher,benign
TRUST-N-07600,2026-09-19T13:03:32Z,APP-06,known software,signed,Known Publisher,benign
TRUST-N-03631,2026-09-19T13:03:45Z,HR-WS-08,known software,signed,Known Publisher,benign
TRUST-N-08458,2026-09-19T13:03:47Z,ENG-WS-17,known software,trusted_internal,Known Publisher,benign
TRUST-N-09012,2026-09-19T13:04:26Z,MGMT-01,known software,signed,Known Publisher,benign
TRUST-N-06470,2026-09-19T13:04:44Z,HR-WS-22,known software,trusted_internal,Known Publisher,benign
TRUST-N-02857,2026-09-19T13:05:16Z,FIN-WS-09,known software,trusted_internal,Known Publisher,benign
TRUST-N-03011,2026-09-19T13:05:23Z,FIN-WS-09,known software,trusted_internal,Known Publisher,benign
TRUST-N-03339,2026-09-19T13:05:24Z,APP-06,known software,trusted_internal,Known Publisher,benign
TRUST-N-08782,2026-09-19T13:05:27Z,MGMT-01,known software,trusted_internal,Known Publisher,benign
TRUST-N-05544,2026-09-19T13:05:43Z,HR-WS-22,known software,signed,Known Publisher,benign
TRUST-N-05647,2026-09-19T13:05:55Z,PATCH-01,known software,trusted_internal,Known Publisher,benign
TRUST-N-03825,2026-09-19T13:06:14Z,ENG-WS-17,known software,signed,Known Publisher,benign
TRUST-N-03333,2026-09-19T13:07:43Z,PATCH-01,known software,signed,Known Publisher,benign
TRUST-N-05821,2026-09-19T13:08:05Z,PATCH-01,known software,signed,Known Publisher,benign
TRUST-N-05562,2026-09-19T13:08:58Z,PATCH-01,known software,trusted_internal,Known Publisher,benign
TRUST-N-07433,2026-09-19T13:09:02Z,HR-WS-22,known software,trusted_internal,Known Publisher,benign
TRUST-N-04417,2026-09-19T13:09:24Z,ENG-WS-17,known software,signed,Known Publisher,benign
TRUST-N-03367,2026-09-19T13:11:34Z,FIN-WS-09,known software,signed,Known Publisher,benign
TRUST-N-07388,2026-09-19T13:12:23Z,APP-06,known software,signed,Known Publisher,benign
TRUST-N-05873,2026-09-19T13:12:27Z,DC-01,known software,signed,Known Publisher,benign
TRUST-N-06867,2026-09-19T13:12:28Z,HR-WS-08,known software,trusted_internal,Known Publisher,benign
TRUST-N-02006,2026-09-19T13:12:48Z,PATCH-01,known software,trusted_internal,Known Publisher,benign
TRUST-N-02717,2026-09-19T13:13:34Z,HR-WS-08,known software,signed,Known Publisher,benign
TRUST-N-00278,2026-09-19T13:14:15Z,APP-06,known software,signed,Known Publisher,benign
TRUST-N-09704,2026-09-19T13:14:37Z,FIN-WS-09,known software,signed,Known Publisher,benign
TRUST-N-06383,2026-09-19T13:16:18Z,HR-WS-22,known software,trusted_internal,Known Publisher,benign
TRUST-N-07694,2026-09-19T13:17:08Z,HR-WS-22,known software,trusted_internal,Known Publisher,benign
TRUST-N-00749,2026-09-19T13:19:15Z,APP-06,known software,trusted_internal,Known Publisher,benign
TRUST-N-03893,2026-09-19T13:19:31Z,PATCH-01,known software,signed,Known Publisher,benign
TRUST-N-02134,2026-09-19T13:19:48Z,HR-WS-22,known software,trusted_internal,Known Publisher,benign
TRUST-N-04261,2026-09-19T13:20:28Z,HR-WS-22,known software,trusted_internal,Known Publisher,benign
TRUST-N-06505,2026-09-19T13:21:27Z,APP-06,known software,signed,Known Publisher,benign
TRUST-N-06993,2026-09-19T13:21:40Z,DC-01,known software,trusted_internal,Known Publisher,benign
TRUST-N-07568,2026-09-19T13:23:19Z,PATCH-01,known software,signed,Known Publisher,benign
TRUST-N-09043,2026-09-19T13:24:46Z,DC-01,known software,trusted_internal,Known Publisher,benign
TRUST-N-03327,2026-09-19T13:25:54Z,DC-01,known software,signed,Known Publisher,benign
TRUST-N-09500,2026-09-19T13:26:21Z,HR-WS-08,known software,signed,Known Publisher,benign
TRUST-N-03582,2026-09-19T13:26:52Z,APP-06,known software,signed,Known Publisher,benign
TRUST-N-03792,2026-09-19T13:27:01Z,HR-WS-08,known software,signed,Known Publisher,benign
TRUST-N-00172,2026-09-19T13:27:25Z,MGMT-01,known software,signed,Known Publisher,benign
TRUST-N-03833,2026-09-19T13:27:41Z,ENG-WS-17,known software,signed,Known Publisher,benign
TRUST-N-05665,2026-09-19T13:27:42Z,DC-01,known software,trusted_internal,Known Publisher,benign
TRUST-N-07704,2026-09-19T13:28:04Z,APP-06,known software,signed,Known Publisher,benign
TRUST-N-02948,2026-09-19T13:28:18Z,APP-06,known software,trusted_internal,Known Publisher,benign
TRUST-N-00662,2026-09-19T13:28:26Z,DC-01,known software,trusted_internal,Known Publisher,benign
TRUST-N-08791,2026-09-19T13:29:07Z,HR-WS-08,known software,signed,Known Publisher,benign
TRUST-N-05662,2026-09-19T13:29:42Z,HR-WS-22,known software,trusted_internal,Known Publisher,benign
TRUST-N-00090,2026-09-19T13:30:25Z,APP-06,known software,trusted_internal,Known Publisher,benign
TRUST-N-00712,2026-09-19T13:30:29Z,FIN-WS-09,known software,trusted_internal,Known Publisher,benign
TRUST-N-06444,2026-09-19T13:30:33Z,ENG-WS-17,known software,signed,Known Publisher,benign
TRUST-N-01490,2026-09-19T13:30:36Z,ENG-WS-17,known software,trusted_internal,Known Publisher,benign
TRUST-N-09162,2026-09-19T13:31:36Z,APP-06,known software,signed,Known Publisher,benign
TRUST-N-03900,2026-09-19T13:32:10Z,DC-01,known software,signed,Known Publisher,benign
TRUST-N-02692,2026-09-19T13:32:20Z,PATCH-01,known software,signed,Known Publisher,benign
TRUST-N-04216,2026-09-19T13:32:32Z,PATCH-01,known software,trusted_internal,Known Publisher,benign
TRUST-N-06827,2026-09-19T13:32:43Z,FIN-WS-09,known software,trusted_internal,Known Publisher,benign
TRUST-N-07736,2026-09-19T13:33:16Z,APP-06,known software,trusted_internal,Known Publisher,benign
TRUST-N-06076,2026-09-19T13:34:34Z,HR-WS-22,known software,signed,Known Publisher,benign
TRUST-N-02147,2026-09-19T13:35:17Z,HR-WS-08,known software,signed,Known Publisher,benign
TRUST-N-03312,2026-09-19T13:35:22Z,MGMT-01,known software,signed,Known Publisher,benign
TRUST-N-06860,2026-09-19T13:35:47Z,HR-WS-22,known software,signed,Known Publisher,benign
TRUST-N-03400,2026-09-19T13:35:51Z,DC-01,known software,trusted_internal,Known Publisher,benign
TRUST-N-04440,2026-09-19T13:36:14Z,APP-06,known software,signed,Known Publisher,benign
TRUST-N-07635,2026-09-19T13:36:22Z,PATCH-01,known software,trusted_internal,Known Publisher,benign
TRUST-N-07730,2026-09-19T13:36:27Z,APP-06,known software,signed,Known Publisher,benign
TRUST-N-00450,2026-09-19T13:37:30Z,APP-06,known software,trusted_internal,Known Publisher,benign
TRUST-N-04804,2026-09-19T13:37:59Z,APP-06,known software,trusted_internal,Known Publisher,benign
TRUST-N-03479,2026-09-19T13:38:28Z,DC-01,known software,signed,Known Publisher,benign
TRUST-N-06236,2026-09-19T13:38:36Z,APP-06,known software,signed,Known Publisher,benign
TRUST-N-06797,2026-09-19T13:39:50Z,FIN-WS-09,known software,signed,Known Publisher,benign
TRUST-N-01566,2026-09-19T13:40:30Z,FIN-WS-09,known software,trusted_internal,Known Publisher,benign
TRUST-N-07336,2026-09-19T13:41:10Z,HR-WS-22,known software,trusted_internal,Known Publisher,benign
TRUST-N-04907,2026-09-19T13:41:39Z,FIN-WS-09,known software,trusted_internal,Known Publisher,benign
TRUST-N-03191,2026-09-19T13:42:09Z,ENG-WS-17,known software,trusted_internal,Known Publisher,benign
TRUST-N-06974,2026-09-19T13:42:16Z,PATCH-01,known software,signed,Known Publisher,benign
TRUST-N-08512,2026-09-19T13:43:23Z,APP-06,known software,trusted_internal,Known Publisher,benign
TRUST-N-01635,2026-09-19T13:43:55Z,HR-WS-22,known software,signed,Known Publisher,benign
TRUST-N-00092,2026-09-19T13:44:12Z,PATCH-01,known software,trusted_internal,Known Publisher,benign
TRUST-N-03818,2026-09-19T13:44:17Z,ENG-WS-17,known software,trusted_internal,Known Publisher,benign
TRUST-N-06866,2026-09-19T13:45:20Z,MGMT-01,known software,trusted_internal,Known Publisher,benign
TRUST-N-08384,2026-09-19T13:45:55Z,ENG-WS-17,known software,signed,Known Publisher,benign
TRUST-N-00086,2026-09-19T13:46:53Z,MGMT-01,known software,signed,Known Publisher,benign
TRUST-N-04169,2026-09-19T13:47:04Z,HR-WS-22,known software,signed,Known Publisher,benign
TRUST-N-02595,2026-09-19T13:47:34Z,FIN-WS-09,known software,signed,Known Publisher,benign
TRUST-N-04309,2026-09-19T13:47:43Z,HR-WS-08,known software,trusted_internal,Known Publisher,benign
TRUST-N-01631,2026-09-19T13:48:14Z,HR-WS-08,known software,signed,Known Publisher,benign
TRUST-N-01910,2026-09-19T13:50:13Z,DC-01,known software,signed,Known Publisher,benign
TRUST-N-01932,2026-09-19T13:50:51Z,PATCH-01,known software,trusted_internal,Known Publisher,benign
TRUST-N-08260,2026-09-19T13:51:34Z,APP-06,known software,trusted_internal,Known Publisher,benign
TRUST-N-02374,2026-09-19T13:54:36Z,HR-WS-08,known software,trusted_internal,Known Publisher,benign
TRUST-N-06938,2026-09-19T13:54:36Z,HR-WS-22,known software,signed,Known Publisher,benign
TRUST-N-09454,2026-09-19T13:56:35Z,HR-WS-22,known software,signed,Known Publisher,benign
TRUST-N-04553,2026-09-19T13:56:37Z,FIN-WS-09,known software,trusted_internal,Known Publisher,benign
TRUST-N-08236,2026-09-19T13:56:47Z,PATCH-01,known software,trusted_internal,Known Publisher,benign
TRUST-N-03945,2026-09-19T13:56:51Z,ENG-WS-17,known software,signed,Known Publisher,benign
TRUST-N-06249,2026-09-19T13:56:53Z,DC-01,known software,trusted_internal,Known Publisher,benign
TRUST-N-00171,2026-09-19T13:57:43Z,HR-WS-08,known software,trusted_internal,Known Publisher,benign
TRUST-N-05672,2026-09-19T13:58:20Z,PATCH-01,known software,trusted_internal,Known Publisher,benign
TRUST-N-06210,2026-09-19T13:58:26Z,FIN-WS-09,known software,signed,Known Publisher,benign
TRUST-N-09806,2026-09-19T13:58:57Z,FIN-WS-09,known software,trusted_internal,Known Publisher,benign
TRUST-N-01288,2026-09-19T13:59:15Z,MGMT-01,known software,signed,Known Publisher,benign
TRUST-N-09083,2026-09-19T14:00:37Z,PATCH-01,known software,signed,Known Publisher,benign
TRUST-N-08674,2026-09-19T14:00:55Z,FIN-WS-09,known software,signed,Known Publisher,benign
TRUST-N-03531,2026-09-19T14:02:17Z,APP-06,known software,signed,Known Publisher,benign
TRUST-N-03873,2026-09-19T14:02:19Z,APP-06,known software,trusted_internal,Known Publisher,benign
TRUST-N-07144,2026-09-19T14:02:45Z,MGMT-01,known software,signed,Known Publisher,benign
TRUST-N-04076,2026-09-19T14:02:46Z,APP-06,known software,signed,Known Publisher,benign
TRUST-N-05557,2026-09-19T14:03:02Z,ENG-WS-17,known software,trusted_internal,Known Publisher,benign
TRUST-N-08166,2026-09-19T14:03:56Z,MGMT-01,known software,trusted_internal,Known Publisher,benign
TRUST-N-00974,2026-09-19T14:04:09Z,MGMT-01,known software,signed,Known Publisher,benign
TRUST-N-01238,2026-09-19T14:04:21Z,HR-WS-08,known software,signed,Known Publisher,benign
TRUST-N-00535,2026-09-19T14:04:35Z,MGMT-01,known software,signed,Known Publisher,benign
TRUST-N-07379,2026-09-19T14:05:17Z,ENG-WS-17,known software,trusted_internal,Known Publisher,benign
TRUST-N-01745,2026-09-19T14:05:20Z,APP-06,known software,trusted_internal,Known Publisher,benign
TRUST-N-06172,2026-09-19T14:06:18Z,HR-WS-08,known software,trusted_internal,Known Publisher,benign
TRUST-N-01591,2026-09-19T14:06:24Z,MGMT-01,known software,signed,Known Publisher,benign
TRUST-N-08100,2026-09-19T14:06:55Z,APP-06,known software,trusted_internal,Known Publisher,benign
TRUST-N-05427,2026-09-19T14:07:25Z,FIN-WS-09,known software,trusted_internal,Known Publisher,benign
TRUST-N-02794,2026-09-19T14:09:05Z,ENG-WS-17,known software,trusted_internal,Known Publisher,benign
TRUST-N-03108,2026-09-19T14:09:42Z,PATCH-01,known software,signed,Known Publisher,benign
TRUST-N-04900,2026-09-19T14:09:58Z,FIN-WS-09,known software,trusted_internal,Known Publisher,benign
TRUST-N-02640,2026-09-19T14:10:15Z,HR-WS-08,known software,signed,Known Publisher,benign
TRUST-N-08467,2026-09-19T14:10:19Z,PATCH-01,known software,signed,Known Publisher,benign
TRUST-N-03013,2026-09-19T14:10:20Z,HR-WS-08,known software,trusted_internal,Known Publisher,benign
TRUST-N-04072,2026-09-19T14:10:47Z,HR-WS-08,known software,signed,Known Publisher,benign
TRUST-N-09877,2026-09-19T14:10:51Z,PATCH-01,known software,trusted_internal,Known Publisher,benign
TRUST-N-05052,2026-09-19T14:11:21Z,DC-01,known software,trusted_internal,Known Publisher,benign
TRUST-N-05454,2026-09-19T14:11:56Z,APP-06,known software,signed,Known Publisher,benign
TRUST-N-09937,2026-09-19T14:12:19Z,PATCH-01,known software,trusted_internal,Known Publisher,benign
TRUST-N-01909,2026-09-19T14:12:43Z,MGMT-01,known software,signed,Known Publisher,benign
TRUST-N-00825,2026-09-19T14:12:44Z,HR-WS-22,known software,signed,Known Publisher,benign
TRUST-N-06803,2026-09-19T14:14:48Z,ENG-WS-17,known software,trusted_internal,Known Publisher,benign
TRUST-N-03060,2026-09-19T14:15:44Z,ENG-WS-17,known software,trusted_internal,Known Publisher,benign
TRUST-N-07942,2026-09-19T14:15:47Z,APP-06,known software,signed,Known Publisher,benign
TRUST-N-06369,2026-09-19T14:15:52Z,MGMT-01,known software,trusted_internal,Known Publisher,benign
TRUST-N-09156,2026-09-19T14:17:05Z,MGMT-01,known software,signed,Known Publisher,benign
TRUST-N-06641,2026-09-19T14:18:01Z,ENG-WS-17,known software,signed,Known Publisher,benign
TRUST-N-06791,2026-09-19T14:18:06Z,HR-WS-08,known software,trusted_internal,Known Publisher,benign
TRUST-N-02709,2026-09-19T14:18:26Z,MGMT-01,known software,trusted_internal,Known Publisher,benign
TRUST-N-02187,2026-09-19T14:18:59Z,HR-WS-08,known software,signed,Known Publisher,benign
TRUST-N-05271,2026-09-19T14:19:43Z,DC-01,known software,trusted_internal,Known Publisher,benign
TRUST-N-02444,2026-09-19T14:21:14Z,ENG-WS-17,known software,trusted_internal,Known Publisher,benign
TRUST-N-08488,2026-09-19T14:22:20Z,MGMT-01,known software,trusted_internal,Known Publisher,benign
TRUST-N-09292,2026-09-19T14:22:26Z,HR-WS-08,known software,trusted_internal,Known Publisher,benign
TRUST-N-01294,2026-09-19T14:23:16Z,HR-WS-22,known software,trusted_internal,Known Publisher,benign
TRUST-N-00689,2026-09-19T14:23:36Z,APP-06,known software,trusted_internal,Known Publisher,benign
TRUST-N-07374,2026-09-19T14:24:30Z,ENG-WS-17,known software,signed,Known Publisher,benign
TRUST-N-07715,2026-09-19T14:24:39Z,DC-01,known software,trusted_internal,Known Publisher,benign
TRUST-N-03258,2026-09-19T14:29:03Z,FIN-WS-09,known software,trusted_internal,Known Publisher,benign
TRUST-N-01821,2026-09-19T14:29:18Z,MGMT-01,known software,signed,Known Publisher,benign
TRUST-N-07782,2026-09-19T14:29:19Z,HR-WS-08,known software,signed,Known Publisher,benign
TRUST-N-03660,2026-09-19T14:30:05Z,FIN-WS-09,known software,trusted_internal,Known Publisher,benign
TRUST-N-08776,2026-09-19T14:30:15Z,HR-WS-22,known software,trusted_internal,Known Publisher,benign
TRUST-N-03586,2026-09-19T14:30:34Z,ENG-WS-17,known software,signed,Known Publisher,benign
TRUST-N-09523,2026-09-19T14:30:59Z,HR-WS-08,known software,signed,Known Publisher,benign
TRUST-N-07929,2026-09-19T14:31:41Z,HR-WS-08,known software,trusted_internal,Known Publisher,benign
TRUST-N-00351,2026-09-19T14:33:55Z,HR-WS-08,known software,signed,Known Publisher,benign
TRUST-N-06527,2026-09-19T14:35:27Z,MGMT-01,known software,trusted_internal,Known Publisher,benign
TRUST-N-08743,2026-09-19T14:35:27Z,PATCH-01,known software,signed,Known Publisher,benign
TRUST-N-00621,2026-09-19T14:36:59Z,HR-WS-22,known software,trusted_internal,Known Publisher,benign
TRUST-N-04023,2026-09-19T14:37:09Z,DC-01,known software,signed,Known Publisher,benign
TRUST-N-01851,2026-09-19T14:37:32Z,PATCH-01,known software,signed,Known Publisher,benign
TRUST-N-00379,2026-09-19T14:37:56Z,FIN-WS-09,known software,signed,Known Publisher,benign
TRUST-N-01575,2026-09-19T14:37:57Z,PATCH-01,known software,trusted_internal,Known Publisher,benign
TRUST-N-00377,2026-09-19T14:38:05Z,HR-WS-22,known software,trusted_internal,Known Publisher,benign
TRUST-N-01431,2026-09-19T14:38:21Z,ENG-WS-17,known software,trusted_internal,Known Publisher,benign
TRUST-N-05630,2026-09-19T14:39:20Z,PATCH-01,known software,trusted_internal,Known Publisher,benign
TRUST-N-00214,2026-09-19T14:39:27Z,HR-WS-22,known software,signed,Known Publisher,benign
TRUST-N-03035,2026-09-19T14:41:10Z,ENG-WS-17,known software,trusted_internal,Known Publisher,benign
TRUST-N-00829,2026-09-19T14:41:12Z,HR-WS-22,known software,trusted_internal,Known Publisher,benign
TRUST-N-03215,2026-09-19T14:41:27Z,PATCH-01,known software,signed,Known Publisher,benign
TRUST-N-01207,2026-09-19T14:42:00Z,APP-06,known software,signed,Known Publisher,benign
TRUST-N-04854,2026-09-19T14:42:16Z,DC-01,known software,signed,Known Publisher,benign
TRUST-N-02075,2026-09-19T14:43:47Z,HR-WS-08,known software,trusted_internal,Known Publisher,benign
TRUST-N-06990,2026-09-19T14:45:03Z,HR-WS-22,known software,trusted_internal,Known Publisher,benign
TRUST-N-00525,2026-09-19T14:45:07Z,DC-01,known software,trusted_internal,Known Publisher,benign
TRUST-N-02160,2026-09-19T14:45:25Z,DC-01,known software,signed,Known Publisher,benign
TRUST-N-07001,2026-09-19T14:45:58Z,MGMT-01,known software,trusted_internal,Known Publisher,benign
TRUST-N-03387,2026-09-19T14:49:31Z,DC-01,known software,signed,Known Publisher,benign
TRUST-N-09074,2026-09-19T14:49:33Z,MGMT-01,known software,trusted_internal,Known Publisher,benign
TRUST-N-05761,2026-09-19T14:50:06Z,MGMT-01,known software,signed,Known Publisher,benign
TRUST-N-04256,2026-09-19T14:50:39Z,PATCH-01,known software,trusted_internal,Known Publisher,benign
TRUST-N-04360,2026-09-19T14:51:19Z,HR-WS-08,known software,trusted_internal,Known Publisher,benign
TRUST-N-06833,2026-09-19T14:52:06Z,PATCH-01,known software,signed,Known Publisher,benign
TRUST-N-04694,2026-09-19T14:52:14Z,HR-WS-08,known software,signed,Known Publisher,benign
TRUST-N-00342,2026-09-19T14:52:32Z,APP-06,known software,signed,Known Publisher,benign
TRUST-N-07414,2026-09-19T14:52:39Z,DC-01,known software,signed,Known Publisher,benign
TRUST-N-06671,2026-09-19T14:53:55Z,APP-06,known software,signed,Known Publisher,benign
TRUST-N-04157,2026-09-19T14:54:04Z,ENG-WS-17,known software,signed,Known Publisher,benign
TRUST-N-09707,2026-09-19T14:55:05Z,MGMT-01,known software,trusted_internal,Known Publisher,benign
TRUST-N-00481,2026-09-19T14:56:15Z,DC-01,known software,trusted_internal,Known Publisher,benign
TRUST-N-07391,2026-09-19T14:57:11Z,MGMT-01,known software,signed,Known Publisher,benign
TRUST-N-07509,2026-09-19T14:57:14Z,ENG-WS-17,known software,signed,Known Publisher,benign
TRUST-N-07471,2026-09-19T14:57:43Z,HR-WS-22,known software,signed,Known Publisher,benign
TRUST-N-03574,2026-09-19T14:58:20Z,APP-06,known software,signed,Known Publisher,benign
TRUST-N-05099,2026-09-19T14:58:58Z,HR-WS-22,known software,signed,Known Publisher,benign
TRUST-N-04783,2026-09-19T14:59:06Z,PATCH-01,known software,signed,Known Publisher,benign
TRUST-N-03427,2026-09-19T14:59:14Z,DC-01,known software,signed,Known Publisher,benign
TRUST-N-06637,2026-09-19T14:59:18Z,HR-WS-22,known software,signed,Known Publisher,benign
TRUST-N-02691,2026-09-19T14:59:21Z,MGMT-01,known software,signed,Known Publisher,benign
TRUST-N-09593,2026-09-19T14:59:22Z,ENG-WS-17,known software,trusted_internal,Known Publisher,benign
TRUST-N-06939,2026-09-19T14:59:55Z,DC-01,known software,signed,Known Publisher,benign
TRUST-N-01099,2026-09-19T15:00:02Z,PATCH-01,known software,signed,Known Publisher,benign
TRUST-N-08202,2026-09-19T15:01:02Z,HR-WS-22,known software,signed,Known Publisher,benign
TRUST-N-03134,2026-09-19T15:01:57Z,PATCH-01,known software,trusted_internal,Known Publisher,benign
TRUST-N-06100,2026-09-19T15:02:26Z,MGMT-01,known software,signed,Known Publisher,benign
TRUST-N-02793,2026-09-19T15:02:44Z,HR-WS-08,known software,signed,Known Publisher,benign
TRUST-N-06786,2026-09-19T15:02:47Z,HR-WS-08,known software,trusted_internal,Known Publisher,benign
TRUST-N-02810,2026-09-19T15:02:48Z,DC-01,known software,trusted_internal,Known Publisher,benign
TRUST-N-03003,2026-09-19T15:04:11Z,APP-06,known software,signed,Known Publisher,benign
TRUST-N-08640,2026-09-19T15:07:57Z,FIN-WS-09,known software,signed,Known Publisher,benign
TRUST-N-00671,2026-09-19T15:08:02Z,APP-06,known software,signed,Known Publisher,benign
TRUST-N-05069,2026-09-19T15:09:19Z,ENG-WS-17,known software,trusted_internal,Known Publisher,benign
TRUST-N-00226,2026-09-19T15:09:23Z,HR-WS-22,known software,trusted_internal,Known Publisher,benign
TRUST-N-02055,2026-09-19T15:10:40Z,FIN-WS-09,known software,signed,Known Publisher,benign
TRUST-N-07052,2026-09-19T15:11:00Z,ENG-WS-17,known software,signed,Known Publisher,benign
TRUST-N-07285,2026-09-19T15:11:21Z,APP-06,known software,signed,Known Publisher,benign
TRUST-N-02319,2026-09-19T15:12:02Z,FIN-WS-09,known software,trusted_internal,Known Publisher,benign
TRUST-N-03566,2026-09-19T15:12:59Z,HR-WS-22,known software,signed,Known Publisher,benign
TRUST-N-05940,2026-09-19T15:13:49Z,HR-WS-08,known software,signed,Known Publisher,benign
TRUST-N-00658,2026-09-19T15:14:09Z,PATCH-01,known software,trusted_internal,Known Publisher,benign
TRUST-N-06980,2026-09-19T15:15:15Z,FIN-WS-09,known software,signed,Known Publisher,benign
TRUST-N-00348,2026-09-19T15:15:41Z,APP-06,known software,signed,Known Publisher,benign
TRUST-N-06398,2026-09-19T15:16:27Z,MGMT-01,known software,signed,Known Publisher,benign
TRUST-N-08732,2026-09-19T15:16:39Z,PATCH-01,known software,trusted_internal,Known Publisher,benign
TRUST-N-06046,2026-09-19T15:17:47Z,FIN-WS-09,known software,trusted_internal,Known Publisher,benign
TRUST-N-05085,2026-09-19T15:18:04Z,FIN-WS-09,known software,signed,Known Publisher,benign
TRUST-N-07601,2026-09-19T15:20:08Z,HR-WS-08,known software,trusted_internal,Known Publisher,benign
TRUST-N-00407,2026-09-19T15:20:52Z,DC-01,known software,signed,Known Publisher,benign
TRUST-N-07520,2026-09-19T15:20:56Z,APP-06,known software,signed,Known Publisher,benign
TRUST-N-00401,2026-09-19T15:21:33Z,PATCH-01,known software,signed,Known Publisher,benign
TRUST-N-07332,2026-09-19T15:21:46Z,HR-WS-22,known software,signed,Known Publisher,benign
TRUST-N-06609,2026-09-19T15:22:40Z,APP-06,known software,trusted_internal,Known Publisher,benign
TRUST-N-04574,2026-09-19T15:23:14Z,DC-01,known software,signed,Known Publisher,benign
TRUST-N-06343,2026-09-19T15:25:46Z,PATCH-01,known software,trusted_internal,Known Publisher,benign
TRUST-N-03575,2026-09-19T15:26:00Z,DC-01,known software,trusted_internal,Known Publisher,benign
TRUST-N-03009,2026-09-19T15:26:08Z,ENG-WS-17,known software,signed,Known Publisher,benign
TRUST-N-01164,2026-09-19T15:26:35Z,ENG-WS-17,known software,trusted_internal,Known Publisher,benign
TRUST-N-07963,2026-09-19T15:27:09Z,APP-06,known software,trusted_internal,Known Publisher,benign
TRUST-N-06975,2026-09-19T15:27:22Z,PATCH-01,known software,signed,Known Publisher,benign
TRUST-N-05513,2026-09-19T15:27:31Z,APP-06,known software,signed,Known Publisher,benign
TRUST-N-05272,2026-09-19T15:27:45Z,HR-WS-08,known software,trusted_internal,Known Publisher,benign
TRUST-N-03484,2026-09-19T15:27:58Z,HR-WS-08,known software,trusted_internal,Known Publisher,benign
TRUST-N-06771,2026-09-19T15:27:58Z,DC-01,known software,signed,Known Publisher,benign
TRUST-N-08899,2026-09-19T15:28:23Z,HR-WS-08,known software,trusted_internal,Known Publisher,benign
TRUST-N-09385,2026-09-19T15:28:28Z,MGMT-01,known software,signed,Known Publisher,benign
TRUST-N-05167,2026-09-19T15:28:52Z,APP-06,known software,trusted_internal,Known Publisher,benign
TRUST-N-06244,2026-09-19T15:29:29Z,DC-01,known software,trusted_internal,Known Publisher,benign
TRUST-N-05616,2026-09-19T15:29:32Z,HR-WS-22,known software,trusted_internal,Known Publisher,benign
TRUST-N-09809,2026-09-19T15:29:51Z,PATCH-01,known software,trusted_internal,Known Publisher,benign
TRUST-N-04612,2026-09-19T15:33:30Z,HR-WS-08,known software,signed,Known Publisher,benign
TRUST-N-04569,2026-09-19T15:34:36Z,APP-06,known software,signed,Known Publisher,benign
TRUST-N-00058,2026-09-19T15:34:52Z,MGMT-01,known software,trusted_internal,Known Publisher,benign
TRUST-N-04329,2026-09-19T15:35:12Z,ENG-WS-17,known software,trusted_internal,Known Publisher,benign
TRUST-N-08391,2026-09-19T15:35:20Z,HR-WS-08,known software,signed,Known Publisher,benign
TRUST-N-08761,2026-09-19T15:38:00Z,HR-WS-08,known software,trusted_internal,Known Publisher,benign
TRUST-N-00763,2026-09-19T15:39:36Z,MGMT-01,known software,signed,Known Publisher,benign
TRUST-N-08394,2026-09-19T15:39:41Z,DC-01,known software,signed,Known Publisher,benign
TRUST-N-03795,2026-09-19T15:39:43Z,HR-WS-08,known software,trusted_internal,Known Publisher,benign
TRUST-N-00236,2026-09-19T15:40:38Z,PATCH-01,known software,trusted_internal,Known Publisher,benign
TRUST-N-00211,2026-09-19T15:41:14Z,APP-06,known software,trusted_internal,Known Publisher,benign
TRUST-N-00724,2026-09-19T15:41:43Z,ENG-WS-17,known software,trusted_internal,Known Publisher,benign
TRUST-N-02571,2026-09-19T15:43:16Z,PATCH-01,known software,signed,Known Publisher,benign
TRUST-N-05115,2026-09-19T15:43:46Z,HR-WS-08,known software,signed,Known Publisher,benign
TRUST-N-00099,2026-09-19T15:44:53Z,HR-WS-22,known software,signed,Known Publisher,benign
TRUST-N-02516,2026-09-19T15:45:37Z,ENG-WS-17,known software,signed,Known Publisher,benign
TRUST-N-07884,2026-09-19T15:46:44Z,DC-01,known software,trusted_internal,Known Publisher,benign
TRUST-N-09018,2026-09-19T15:47:19Z,DC-01,known software,signed,Known Publisher,benign
TRUST-N-00419,2026-09-19T15:47:31Z,ENG-WS-17,known software,signed,Known Publisher,benign
TRUST-N-05880,2026-09-19T15:48:00Z,HR-WS-08,known software,trusted_internal,Known Publisher,benign
TRUST-N-03155,2026-09-19T15:48:55Z,MGMT-01,known software,trusted_internal,Known Publisher,benign
TRUST-N-03487,2026-09-19T15:48:57Z,MGMT-01,known software,trusted_internal,Known Publisher,benign
TRUST-N-04373,2026-09-19T15:49:23Z,HR-WS-22,known software,signed,Known Publisher,benign
TRUST-N-07801,2026-09-19T15:49:37Z,FIN-WS-09,known software,trusted_internal,Known Publisher,benign
TRUST-N-01612,2026-09-19T15:50:58Z,APP-06,known software,trusted_internal,Known Publisher,benign
TRUST-N-03325,2026-09-19T15:51:26Z,PATCH-01,known software,trusted_internal,Known Publisher,benign
TRUST-N-01089,2026-09-19T15:52:34Z,FIN-WS-09,known software,trusted_internal,Known Publisher,benign
TRUST-N-05995,2026-09-19T15:52:48Z,HR-WS-22,known software,signed,Known Publisher,benign
TRUST-N-06240,2026-09-19T15:53:27Z,APP-06,known software,trusted_internal,Known Publisher,benign
TRUST-N-03714,2026-09-19T15:54:14Z,HR-WS-22,known software,signed,Known Publisher,benign
TRUST-N-07696,2026-09-19T15:54:23Z,FIN-WS-09,known software,trusted_internal,Known Publisher,benign
TRUST-N-05828,2026-09-19T15:54:38Z,MGMT-01,known software,trusted_internal,Known Publisher,benign
TRUST-N-02756,2026-09-19T15:55:13Z,APP-06,known software,signed,Known Publisher,benign
TRUST-N-03982,2026-09-19T15:55:23Z,APP-06,known software,signed,Known Publisher,benign
TRUST-N-00510,2026-09-19T15:55:47Z,HR-WS-22,known software,trusted_internal,Known Publisher,benign
TRUST-N-02418,2026-09-19T15:55:50Z,HR-WS-08,known software,signed,Known Publisher,benign
TRUST-N-06901,2026-09-19T15:55:53Z,HR-WS-08,known software,signed,Known Publisher,benign
TRUST-N-09072,2026-09-19T15:56:01Z,HR-WS-22,known software,signed,Known Publisher,benign
TRUST-N-05849,2026-09-19T15:57:06Z,HR-WS-08,known software,signed,Known Publisher,benign
TRUST-N-01908,2026-09-19T15:57:17Z,FIN-WS-09,known software,signed,Known Publisher,benign
TRUST-N-03565,2026-09-19T15:57:37Z,DC-01,known software,signed,Known Publisher,benign
TRUST-N-05439,2026-09-19T15:58:13Z,PATCH-01,known software,signed,Known Publisher,benign
TRUST-N-05470,2026-09-19T15:58:26Z,FIN-WS-09,known software,trusted_internal,Known Publisher,benign
TRUST-N-01206,2026-09-19T15:58:30Z,MGMT-01,known software,trusted_internal,Known Publisher,benign
TRUST-N-05829,2026-09-19T15:58:40Z,HR-WS-22,known software,signed,Known Publisher,benign
TRUST-N-06789,2026-09-19T15:59:02Z,ENG-WS-17,known software,signed,Known Publisher,benign
TRUST-N-01066,2026-09-19T15:59:52Z,HR-WS-08,known software,signed,Known Publisher,benign
TRUST-N-00006,2026-09-19T16:00:03Z,DC-01,known software,trusted_internal,Known Publisher,benign
TRUST-N-02907,2026-09-19T16:00:15Z,HR-WS-08,known software,signed,Known Publisher,benign
TRUST-N-04594,2026-09-19T16:00:19Z,FIN-WS-09,known software,trusted_internal,Known Publisher,benign
TRUST-N-03064,2026-09-19T16:03:22Z,APP-06,known software,signed,Known Publisher,benign
TRUST-N-03218,2026-09-19T16:03:31Z,MGMT-01,known software,trusted_internal,Known Publisher,benign
TRUST-N-06260,2026-09-19T16:03:58Z,APP-06,known software,signed,Known Publisher,benign
TRUST-N-05599,2026-09-19T16:05:56Z,DC-01,known software,signed,Known Publisher,benign
TRUST-N-01609,2026-09-19T16:06:32Z,HR-WS-22,known software,signed,Known Publisher,benign
TRUST-N-03173,2026-09-19T16:07:08Z,HR-WS-22,known software,trusted_internal,Known Publisher,benign
TRUST-N-09972,2026-09-19T16:07:39Z,ENG-WS-17,known software,signed,Known Publisher,benign
TRUST-N-03270,2026-09-19T16:07:51Z,PATCH-01,known software,trusted_internal,Known Publisher,benign
TRUST-N-00678,2026-09-19T16:07:54Z,APP-06,known software,trusted_internal,Known Publisher,benign
TRUST-N-08187,2026-09-19T16:09:44Z,FIN-WS-09,known software,signed,Known Publisher,benign
TRUST-N-05787,2026-09-19T16:09:45Z,HR-WS-22,known software,trusted_internal,Known Publisher,benign
TRUST-N-05472,2026-09-19T16:10:46Z,ENG-WS-17,known software,trusted_internal,Known Publisher,benign
TRUST-N-04150,2026-09-19T16:13:47Z,DC-01,known software,trusted_internal,Known Publisher,benign
TRUST-N-00518,2026-09-19T16:14:17Z,HR-WS-08,known software,signed,Known Publisher,benign
TRUST-N-01170,2026-09-19T16:14:46Z,PATCH-01,known software,trusted_internal,Known Publisher,benign
TRUST-N-06489,2026-09-19T16:15:02Z,ENG-WS-17,known software,signed,Known Publisher,benign
TRUST-N-05364,2026-09-19T16:16:18Z,PATCH-01,known software,trusted_internal,Known Publisher,benign
TRUST-N-02915,2026-09-19T16:17:20Z,APP-06,known software,signed,Known Publisher,benign
TRUST-N-01645,2026-09-19T16:18:32Z,HR-WS-22,known software,signed,Known Publisher,benign
TRUST-N-07488,2026-09-19T16:19:10Z,FIN-WS-09,known software,signed,Known Publisher,benign
TRUST-N-00142,2026-09-19T16:19:55Z,FIN-WS-09,known software,signed,Known Publisher,benign
TRUST-N-08590,2026-09-19T16:20:30Z,APP-06,known software,signed,Known Publisher,benign
TRUST-N-01491,2026-09-19T16:21:04Z,DC-01,known software,signed,Known Publisher,benign
TRUST-N-03906,2026-09-19T16:21:14Z,HR-WS-08,known software,signed,Known Publisher,benign
TRUST-N-03217,2026-09-19T16:21:31Z,ENG-WS-17,known software,signed,Known Publisher,benign
TRUST-N-02396,2026-09-19T16:22:46Z,HR-WS-22,known software,signed,Known Publisher,benign
TRUST-N-03425,2026-09-19T16:24:14Z,HR-WS-08,known software,signed,Known Publisher,benign
TRUST-N-03371,2026-09-19T16:24:38Z,HR-WS-08,known software,trusted_internal,Known Publisher,benign
TRUST-N-00029,2026-09-19T16:25:40Z,MGMT-01,known software,trusted_internal,Known Publisher,benign
TRUST-N-09587,2026-09-19T16:26:59Z,ENG-WS-17,known software,signed,Known Publisher,benign
TRUST-N-07702,2026-09-19T16:27:14Z,APP-06,known software,trusted_internal,Known Publisher,benign
TRUST-N-03300,2026-09-19T16:27:17Z,PATCH-01,known software,signed,Known Publisher,benign
TRUST-N-01340,2026-09-19T16:27:33Z,ENG-WS-17,known software,signed,Known Publisher,benign
TRUST-N-07636,2026-09-19T16:28:32Z,HR-WS-08,known software,trusted_internal,Known Publisher,benign
TRUST-N-09406,2026-09-19T16:28:33Z,PATCH-01,known software,trusted_internal,Known Publisher,benign
TRUST-N-09034,2026-09-19T16:28:59Z,ENG-WS-17,known software,trusted_internal,Known Publisher,benign
TRUST-N-01370,2026-09-19T16:29:32Z,APP-06,known software,trusted_internal,Known Publisher,benign
TRUST-N-05945,2026-09-19T16:29:49Z,ENG-WS-17,known software,signed,Known Publisher,benign
TRUST-N-09561,2026-09-19T16:29:56Z,FIN-WS-09,known software,signed,Known Publisher,benign
TRUST-N-08290,2026-09-19T16:30:18Z,APP-06,known software,signed,Known Publisher,benign
TRUST-N-09932,2026-09-19T16:31:00Z,MGMT-01,known software,signed,Known Publisher,benign
TRUST-N-00640,2026-09-19T16:32:25Z,DC-01,known software,signed,Known Publisher,benign
TRUST-N-05842,2026-09-19T16:33:17Z,DC-01,known software,trusted_internal,Known Publisher,benign
TRUST-N-05820,2026-09-19T16:34:47Z,APP-06,known software,trusted_internal,Known Publisher,benign
TRUST-N-09480,2026-09-19T16:34:52Z,HR-WS-22,known software,trusted_internal,Known Publisher,benign
TRUST-N-01563,2026-09-19T16:35:46Z,HR-WS-08,known software,signed,Known Publisher,benign
TRUST-N-08463,2026-09-19T16:38:21Z,HR-WS-08,known software,trusted_internal,Known Publisher,benign
TRUST-N-02144,2026-09-19T16:38:45Z,DC-01,known software,trusted_internal,Known Publisher,benign
TRUST-N-06066,2026-09-19T16:39:25Z,ENG-WS-17,known software,signed,Known Publisher,benign
TRUST-N-07138,2026-09-19T16:39:56Z,PATCH-01,known software,signed,Known Publisher,benign
TRUST-N-00302,2026-09-19T16:41:20Z,HR-WS-08,known software,signed,Known Publisher,benign
TRUST-N-08031,2026-09-19T16:41:25Z,APP-06,known software,signed,Known Publisher,benign
TRUST-N-01379,2026-09-19T16:41:43Z,HR-WS-22,known software,signed,Known Publisher,benign
TRUST-N-04448,2026-09-19T16:41:43Z,FIN-WS-09,known software,signed,Known Publisher,benign
TRUST-N-09902,2026-09-19T16:43:38Z,HR-WS-08,known software,trusted_internal,Known Publisher,benign
TRUST-N-00261,2026-09-19T16:45:57Z,HR-WS-08,known software,trusted_internal,Known Publisher,benign
TRUST-N-00946,2026-09-19T16:47:04Z,HR-WS-22,known software,trusted_internal,Known Publisher,benign
TRUST-N-04380,2026-09-19T16:47:04Z,FIN-WS-09,known software,trusted_internal,Known Publisher,benign
TRUST-N-01513,2026-09-19T16:48:20Z,ENG-WS-17,known software,trusted_internal,Known Publisher,benign
TRUST-N-06757,2026-09-19T16:49:46Z,HR-WS-22,known software,signed,Known Publisher,benign
TRUST-N-09456,2026-09-19T16:49:54Z,FIN-WS-09,known software,trusted_internal,Known Publisher,benign
TRUST-N-04034,2026-09-19T16:50:05Z,FIN-WS-09,known software,trusted_internal,Known Publisher,benign
TRUST-N-04248,2026-09-19T16:50:10Z,FIN-WS-09,known software,trusted_internal,Known Publisher,benign
TRUST-N-02676,2026-09-19T16:50:27Z,FIN-WS-09,known software,trusted_internal,Known Publisher,benign
TRUST-N-08284,2026-09-19T16:50:34Z,HR-WS-08,known software,signed,Known Publisher,benign
TRUST-N-05371,2026-09-19T16:50:48Z,MGMT-01,known software,signed,Known Publisher,benign
TRUST-N-02386,2026-09-19T16:52:39Z,FIN-WS-09,known software,signed,Known Publisher,benign
TRUST-N-02507,2026-09-19T16:52:46Z,ENG-WS-17,known software,trusted_internal,Known Publisher,benign
TRUST-N-00954,2026-09-19T16:53:22Z,MGMT-01,known software,trusted_internal,Known Publisher,benign
TRUST-N-02866,2026-09-19T16:53:49Z,APP-06,known software,trusted_internal,Known Publisher,benign
TRUST-N-07382,2026-09-19T16:54:16Z,FIN-WS-09,known software,trusted_internal,Known Publisher,benign
TRUST-N-05343,2026-09-19T16:54:20Z,DC-01,known software,signed,Known Publisher,benign
TRUST-N-08755,2026-09-19T16:55:25Z,ENG-WS-17,known software,signed,Known Publisher,benign
TRUST-N-02483,2026-09-19T16:55:41Z,ENG-WS-17,known software,trusted_internal,Known Publisher,benign
TRUST-N-07527,2026-09-19T16:56:22Z,FIN-WS-09,known software,signed,Known Publisher,benign
TRUST-N-07064,2026-09-19T16:56:33Z,MGMT-01,known software,trusted_internal,Known Publisher,benign
TRUST-N-07719,2026-09-19T16:57:19Z,ENG-WS-17,known software,signed,Known Publisher,benign
TRUST-N-01413,2026-09-19T16:57:33Z,FIN-WS-09,known software,signed,Known Publisher,benign
TRUST-N-01658,2026-09-19T16:58:26Z,MGMT-01,known software,signed,Known Publisher,benign
TRUST-N-02894,2026-09-19T16:58:54Z,PATCH-01,known software,signed,Known Publisher,benign
TRUST-N-05634,2026-09-19T16:59:54Z,HR-WS-22,known software,trusted_internal,Known Publisher,benign
TRUST-N-05511,2026-09-19T17:01:12Z,HR-WS-08,known software,signed,Known Publisher,benign
TRUST-N-05236,2026-09-19T17:02:16Z,HR-WS-08,known software,signed,Known Publisher,benign
TRUST-N-06354,2026-09-19T17:04:16Z,FIN-WS-09,known software,trusted_internal,Known Publisher,benign
TRUST-N-06277,2026-09-19T17:04:25Z,DC-01,known software,trusted_internal,Known Publisher,benign
TRUST-N-08047,2026-09-19T17:04:48Z,MGMT-01,known software,signed,Known Publisher,benign
TRUST-N-07812,2026-09-19T17:06:15Z,FIN-WS-09,known software,signed,Known Publisher,benign
TRUST-N-07861,2026-09-19T17:06:59Z,DC-01,known software,trusted_internal,Known Publisher,benign
TRUST-N-08800,2026-09-19T17:08:31Z,FIN-WS-09,known software,trusted_internal,Known Publisher,benign
TRUST-N-05412,2026-09-19T17:10:51Z,HR-WS-22,known software,signed,Known Publisher,benign
TRUST-N-03754,2026-09-19T17:10:54Z,PATCH-01,known software,trusted_internal,Known Publisher,benign
TRUST-N-09705,2026-09-19T17:11:09Z,HR-WS-08,known software,signed,Known Publisher,benign
TRUST-N-07583,2026-09-19T17:11:44Z,FIN-WS-09,known software,trusted_internal,Known Publisher,benign
TRUST-N-08124,2026-09-19T17:12:08Z,PATCH-01,known software,signed,Known Publisher,benign
TRUST-N-01934,2026-09-19T17:13:12Z,PATCH-01,known software,trusted_internal,Known Publisher,benign
TRUST-N-00624,2026-09-19T17:13:43Z,MGMT-01,known software,trusted_internal,Known Publisher,benign
TRUST-N-03498,2026-09-19T17:13:43Z,HR-WS-08,known software,trusted_internal,Known Publisher,benign
TRUST-N-03321,2026-09-19T17:14:13Z,MGMT-01,known software,signed,Known Publisher,benign
TRUST-N-01540,2026-09-19T17:15:16Z,APP-06,known software,trusted_internal,Known Publisher,benign
TRUST-N-04303,2026-09-19T17:15:16Z,ENG-WS-17,known software,trusted_internal,Known Publisher,benign
TRUST-N-07491,2026-09-19T17:16:12Z,DC-01,known software,signed,Known Publisher,benign
TRUST-N-05289,2026-09-19T17:16:41Z,FIN-WS-09,known software,signed,Known Publisher,benign
TRUST-N-04806,2026-09-19T17:17:26Z,APP-06,known software,signed,Known Publisher,benign
TRUST-N-05869,2026-09-19T17:17:33Z,PATCH-01,known software,trusted_internal,Known Publisher,benign
TRUST-N-09604,2026-09-19T17:17:38Z,FIN-WS-09,known software,signed,Known Publisher,benign
TRUST-N-00729,2026-09-19T17:18:51Z,HR-WS-08,known software,signed,Known Publisher,benign
TRUST-N-00978,2026-09-19T17:19:14Z,HR-WS-22,known software,trusted_internal,Known Publisher,benign
TRUST-N-04389,2026-09-19T17:20:11Z,HR-WS-08,known software,trusted_internal,Known Publisher,benign
TRUST-N-08269,2026-09-19T17:21:56Z,HR-WS-08,known software,signed,Known Publisher,benign
TRUST-N-09539,2026-09-19T17:22:00Z,PATCH-01,known software,signed,Known Publisher,benign
TRUST-N-09408,2026-09-19T17:22:13Z,FIN-WS-09,known software,signed,Known Publisher,benign
TRUST-N-04537,2026-09-19T17:23:28Z,APP-06,known software,trusted_internal,Known Publisher,benign
TRUST-N-06669,2026-09-19T17:24:39Z,APP-06,known software,signed,Known Publisher,benign
TRUST-N-07990,2026-09-19T17:24:47Z,MGMT-01,known software,trusted_internal,Known Publisher,benign
TRUST-N-03411,2026-09-19T17:24:55Z,HR-WS-22,known software,signed,Known Publisher,benign
TRUST-N-04633,2026-09-19T17:24:55Z,HR-WS-22,known software,trusted_internal,Known Publisher,benign
TRUST-N-05742,2026-09-19T17:24:55Z,APP-06,known software,trusted_internal,Known Publisher,benign
TRUST-N-06821,2026-09-19T17:25:10Z,PATCH-01,known software,trusted_internal,Known Publisher,benign
TRUST-N-03887,2026-09-19T17:25:48Z,PATCH-01,known software,signed,Known Publisher,benign
TRUST-N-06682,2026-09-19T17:26:31Z,MGMT-01,known software,trusted_internal,Known Publisher,benign
TRUST-N-06037,2026-09-19T17:26:34Z,DC-01,known software,trusted_internal,Known Publisher,benign
TRUST-N-09695,2026-09-19T17:26:42Z,PATCH-01,known software,signed,Known Publisher,benign
TRUST-N-01463,2026-09-19T17:27:55Z,ENG-WS-17,known software,signed,Known Publisher,benign
TRUST-N-08256,2026-09-19T17:28:06Z,DC-01,known software,trusted_internal,Known Publisher,benign
TRUST-N-02808,2026-09-19T17:28:11Z,FIN-WS-09,known software,trusted_internal,Known Publisher,benign
TRUST-N-04425,2026-09-19T17:28:24Z,HR-WS-22,known software,trusted_internal,Known Publisher,benign
TRUST-N-09316,2026-09-19T17:28:48Z,HR-WS-08,known software,trusted_internal,Known Publisher,benign
TRUST-N-04437,2026-09-19T17:29:57Z,PATCH-01,known software,trusted_internal,Known Publisher,benign
TRUST-N-06087,2026-09-19T17:30:00Z,FIN-WS-09,known software,signed,Known Publisher,benign
TRUST-N-08332,2026-09-19T17:30:25Z,PATCH-01,known software,signed,Known Publisher,benign
TRUST-N-04225,2026-09-19T17:30:50Z,DC-01,known software,trusted_internal,Known Publisher,benign
TRUST-N-03263,2026-09-19T17:31:02Z,PATCH-01,known software,trusted_internal,Known Publisher,benign
TRUST-N-01709,2026-09-19T17:31:13Z,FIN-WS-09,known software,trusted_internal,Known Publisher,benign
TRUST-N-03388,2026-09-19T17:31:44Z,APP-06,known software,signed,Known Publisher,benign
TRUST-N-05355,2026-09-19T17:33:55Z,MGMT-01,known software,trusted_internal,Known Publisher,benign
TRUST-N-04155,2026-09-19T17:34:23Z,APP-06,known software,trusted_internal,Known Publisher,benign
TRUST-N-06032,2026-09-19T17:37:15Z,FIN-WS-09,known software,trusted_internal,Known Publisher,benign
TRUST-N-05737,2026-09-19T17:37:42Z,MGMT-01,known software,trusted_internal,Known Publisher,benign
TRUST-N-06114,2026-09-19T17:39:20Z,DC-01,known software,trusted_internal,Known Publisher,benign
TRUST-N-09450,2026-09-19T17:39:24Z,DC-01,known software,signed,Known Publisher,benign
TRUST-N-00387,2026-09-19T17:39:32Z,PATCH-01,known software,trusted_internal,Known Publisher,benign
TRUST-N-07828,2026-09-19T17:39:32Z,ENG-WS-17,known software,trusted_internal,Known Publisher,benign
TRUST-N-09497,2026-09-19T17:40:08Z,HR-WS-08,known software,signed,Known Publisher,benign
TRUST-N-07673,2026-09-19T17:40:22Z,DC-01,known software,signed,Known Publisher,benign
TRUST-N-07895,2026-09-19T17:41:25Z,APP-06,known software,trusted_internal,Known Publisher,benign
TRUST-N-01814,2026-09-19T17:41:44Z,ENG-WS-17,known software,trusted_internal,Known Publisher,benign
TRUST-N-03020,2026-09-19T17:42:12Z,HR-WS-08,known software,signed,Known Publisher,benign
TRUST-N-05357,2026-09-19T17:42:41Z,MGMT-01,known software,trusted_internal,Known Publisher,benign
TRUST-N-01941,2026-09-19T17:43:03Z,ENG-WS-17,known software,trusted_internal,Known Publisher,benign
TRUST-N-02539,2026-09-19T17:43:14Z,FIN-WS-09,known software,signed,Known Publisher,benign
TRUST-N-02130,2026-09-19T17:43:36Z,MGMT-01,known software,trusted_internal,Known Publisher,benign
TRUST-N-07643,2026-09-19T17:44:53Z,ENG-WS-17,known software,signed,Known Publisher,benign
TRUST-N-07314,2026-09-19T17:45:13Z,MGMT-01,known software,trusted_internal,Known Publisher,benign
TRUST-N-04484,2026-09-19T17:45:28Z,MGMT-01,known software,trusted_internal,Known Publisher,benign
TRUST-N-05154,2026-09-19T17:45:33Z,MGMT-01,known software,signed,Known Publisher,benign
TRUST-N-01844,2026-09-19T17:48:20Z,HR-WS-08,known software,signed,Known Publisher,benign
TRUST-N-00513,2026-09-19T17:48:36Z,ENG-WS-17,known software,signed,Known Publisher,benign
TRUST-N-08039,2026-09-19T17:48:37Z,APP-06,known software,signed,Known Publisher,benign
TRUST-N-07457,2026-09-19T17:48:46Z,PATCH-01,known software,trusted_internal,Known Publisher,benign
TRUST-N-02246,2026-09-19T17:48:56Z,HR-WS-08,known software,trusted_internal,Known Publisher,benign
TRUST-N-06958,2026-09-19T17:49:18Z,FIN-WS-09,known software,signed,Known Publisher,benign
TRUST-N-00040,2026-09-19T17:50:42Z,DC-01,known software,signed,Known Publisher,benign
TRUST-N-01610,2026-09-19T17:51:19Z,ENG-WS-17,known software,trusted_internal,Known Publisher,benign
TRUST-N-07537,2026-09-19T17:51:49Z,APP-06,known software,signed,Known Publisher,benign
TRUST-N-01665,2026-09-19T17:52:09Z,PATCH-01,known software,signed,Known Publisher,benign
TRUST-N-00806,2026-09-19T17:52:36Z,ENG-WS-17,known software,signed,Known Publisher,benign
TRUST-N-09796,2026-09-19T17:52:37Z,FIN-WS-09,known software,trusted_internal,Known Publisher,benign
TRUST-N-00725,2026-09-19T17:52:53Z,FIN-WS-09,known software,signed,Known Publisher,benign
TRUST-N-09823,2026-09-19T17:53:01Z,ENG-WS-17,known software,trusted_internal,Known Publisher,benign
TRUST-N-03797,2026-09-19T17:53:22Z,APP-06,known software,signed,Known Publisher,benign
TRUST-N-08578,2026-09-19T17:53:41Z,MGMT-01,known software,trusted_internal,Known Publisher,benign
TRUST-N-04131,2026-09-19T17:53:46Z,APP-06,known software,signed,Known Publisher,benign
TRUST-N-06128,2026-09-19T17:57:23Z,HR-WS-08,known software,signed,Known Publisher,benign
TRUST-N-01289,2026-09-19T17:57:59Z,ENG-WS-17,known software,trusted_internal,Known Publisher,benign
TRUST-N-04326,2026-09-19T17:59:30Z,HR-WS-22,known software,trusted_internal,Known Publisher,benign
TRUST-N-07119,2026-09-19T18:00:25Z,APP-06,known software,signed,Known Publisher,benign
TRUST-N-04955,2026-09-19T18:00:51Z,FIN-WS-09,known software,signed,Known Publisher,benign
TRUST-N-08062,2026-09-19T18:01:05Z,ENG-WS-17,known software,trusted_internal,Known Publisher,benign
TRUST-N-07111,2026-09-19T18:01:06Z,FIN-WS-09,known software,trusted_internal,Known Publisher,benign
TRUST-N-03073,2026-09-19T18:01:47Z,HR-WS-08,known software,signed,Known Publisher,benign
TRUST-N-07561,2026-09-19T18:02:01Z,HR-WS-22,known software,signed,Known Publisher,benign
TRUST-N-03929,2026-09-19T18:02:10Z,ENG-WS-17,known software,trusted_internal,Known Publisher,benign
TRUST-N-02520,2026-09-19T18:02:50Z,ENG-WS-17,known software,signed,Known Publisher,benign
TRUST-N-03294,2026-09-19T18:02:56Z,ENG-WS-17,known software,trusted_internal,Known Publisher,benign
TRUST-N-06631,2026-09-19T18:03:15Z,APP-06,known software,signed,Known Publisher,benign
TRUST-N-09848,2026-09-19T18:03:31Z,ENG-WS-17,known software,signed,Known Publisher,benign
TRUST-N-00945,2026-09-19T18:03:37Z,HR-WS-08,known software,signed,Known Publisher,benign
TRUST-N-01040,2026-09-19T18:03:56Z,APP-06,known software,signed,Known Publisher,benign
TRUST-N-04606,2026-09-19T18:04:40Z,HR-WS-08,known software,signed,Known Publisher,benign
TRUST-N-05973,2026-09-19T18:04:59Z,PATCH-01,known software,trusted_internal,Known Publisher,benign
TRUST-N-00484,2026-09-19T18:05:53Z,APP-06,known software,signed,Known Publisher,benign
TRUST-N-04863,2026-09-19T18:06:11Z,MGMT-01,known software,trusted_internal,Known Publisher,benign
TRUST-N-03297,2026-09-19T18:06:19Z,HR-WS-22,known software,signed,Known Publisher,benign
TRUST-N-07815,2026-09-19T18:06:48Z,HR-WS-08,known software,signed,Known Publisher,benign
TRUST-N-03919,2026-09-19T18:06:49Z,HR-WS-08,known software,signed,Known Publisher,benign
TRUST-N-02646,2026-09-19T18:07:05Z,FIN-WS-09,known software,signed,Known Publisher,benign
TRUST-N-09630,2026-09-19T18:07:11Z,HR-WS-22,known software,signed,Known Publisher,benign
TRUST-N-09470,2026-09-19T18:07:13Z,HR-WS-08,known software,signed,Known Publisher,benign
TRUST-N-01525,2026-09-19T18:07:14Z,ENG-WS-17,known software,signed,Known Publisher,benign
TRUST-N-03663,2026-09-19T18:07:19Z,MGMT-01,known software,trusted_internal,Known Publisher,benign
TRUST-N-02135,2026-09-19T18:07:41Z,HR-WS-08,known software,trusted_internal,Known Publisher,benign
TRUST-N-07660,2026-09-19T18:07:48Z,PATCH-01,known software,signed,Known Publisher,benign
TRUST-N-02307,2026-09-19T18:08:17Z,PATCH-01,known software,signed,Known Publisher,benign
TRUST-N-06072,2026-09-19T18:08:44Z,APP-06,known software,trusted_internal,Known Publisher,benign
TRUST-N-06667,2026-09-19T18:09:51Z,HR-WS-22,known software,signed,Known Publisher,benign
TRUST-N-00984,2026-09-19T18:10:27Z,FIN-WS-09,known software,signed,Known Publisher,benign
TRUST-N-06802,2026-09-19T18:11:43Z,PATCH-01,known software,trusted_internal,Known Publisher,benign
TRUST-N-09545,2026-09-19T18:12:02Z,APP-06,known software,trusted_internal,Known Publisher,benign
TRUST-N-04658,2026-09-19T18:12:09Z,PATCH-01,known software,signed,Known Publisher,benign
TRUST-N-06574,2026-09-19T18:12:41Z,MGMT-01,known software,signed,Known Publisher,benign
TRUST-N-05991,2026-09-19T18:14:36Z,DC-01,known software,signed,Known Publisher,benign
TRUST-N-07070,2026-09-19T18:15:30Z,FIN-WS-09,known software,trusted_internal,Known Publisher,benign
TRUST-N-08571,2026-09-19T18:18:36Z,FIN-WS-09,known software,trusted_internal,Known Publisher,benign
TRUST-N-00465,2026-09-19T18:19:23Z,PATCH-01,known software,trusted_internal,Known Publisher,benign
TRUST-N-05593,2026-09-19T18:19:28Z,ENG-WS-17,known software,trusted_internal,Known Publisher,benign
TRUST-N-09874,2026-09-19T18:19:35Z,APP-06,known software,trusted_internal,Known Publisher,benign
TRUST-N-09509,2026-09-19T18:20:33Z,PATCH-01,known software,trusted_internal,Known Publisher,benign
TRUST-N-07260,2026-09-19T18:20:52Z,ENG-WS-17,known software,trusted_internal,Known Publisher,benign
TRUST-N-00287,2026-09-19T18:21:20Z,ENG-WS-17,known software,signed,Known Publisher,benign
TRUST-N-07538,2026-09-19T18:21:34Z,HR-WS-08,known software,trusted_internal,Known Publisher,benign
TRUST-N-03332,2026-09-19T18:21:44Z,ENG-WS-17,known software,signed,Known Publisher,benign
TRUST-N-02967,2026-09-19T18:21:48Z,DC-01,known software,trusted_internal,Known Publisher,benign
TRUST-N-07101,2026-09-19T18:22:04Z,MGMT-01,known software,trusted_internal,Known Publisher,benign
TRUST-N-05806,2026-09-19T18:22:41Z,APP-06,known software,trusted_internal,Known Publisher,benign
TRUST-N-02899,2026-09-19T18:23:06Z,MGMT-01,known software,trusted_internal,Known Publisher,benign
TRUST-N-02193,2026-09-19T18:23:55Z,HR-WS-08,known software,trusted_internal,Known Publisher,benign
TRUST-N-02954,2026-09-19T18:24:44Z,HR-WS-22,known software,signed,Known Publisher,benign
TRUST-N-01442,2026-09-19T18:25:16Z,FIN-WS-09,known software,trusted_internal,Known Publisher,benign
TRUST-N-08853,2026-09-19T18:25:17Z,ENG-WS-17,known software,trusted_internal,Known Publisher,benign
TRUST-N-05533,2026-09-19T18:25:39Z,HR-WS-08,known software,trusted_internal,Known Publisher,benign
TRUST-N-02506,2026-09-19T18:25:56Z,DC-01,known software,trusted_internal,Known Publisher,benign
TRUST-N-09754,2026-09-19T18:26:00Z,DC-01,known software,trusted_internal,Known Publisher,benign
TRUST-N-03223,2026-09-19T18:26:29Z,ENG-WS-17,known software,trusted_internal,Known Publisher,benign
TRUST-N-02813,2026-09-19T18:26:41Z,HR-WS-08,known software,signed,Known Publisher,benign
TRUST-N-08480,2026-09-19T18:26:41Z,APP-06,known software,trusted_internal,Known Publisher,benign
TRUST-N-00490,2026-09-19T18:27:36Z,ENG-WS-17,known software,signed,Known Publisher,benign
TRUST-N-08651,2026-09-19T18:28:55Z,HR-WS-22,known software,signed,Known Publisher,benign
TRUST-N-05731,2026-09-19T18:29:40Z,HR-WS-08,known software,signed,Known Publisher,benign
TRUST-N-03895,2026-09-19T18:30:07Z,HR-WS-08,known software,trusted_internal,Known Publisher,benign
TRUST-N-05239,2026-09-19T18:30:22Z,ENG-WS-17,known software,trusted_internal,Known Publisher,benign
TRUST-N-06761,2026-09-19T18:31:32Z,DC-01,known software,trusted_internal,Known Publisher,benign
TRUST-N-01061,2026-09-19T18:31:44Z,MGMT-01,known software,signed,Known Publisher,benign
TRUST-N-07799,2026-09-19T18:31:52Z,APP-06,known software,trusted_internal,Known Publisher,benign
TRUST-N-04559,2026-09-19T18:32:42Z,ENG-WS-17,known software,trusted_internal,Known Publisher,benign
TRUST-N-02140,2026-09-19T18:33:30Z,DC-01,known software,trusted_internal,Known Publisher,benign
TRUST-N-07296,2026-09-19T18:34:58Z,HR-WS-08,known software,signed,Known Publisher,benign
TRUST-N-08432,2026-09-19T18:35:41Z,MGMT-01,known software,signed,Known Publisher,benign
TRUST-N-07293,2026-09-19T18:37:56Z,DC-01,known software,signed,Known Publisher,benign
TRUST-N-02019,2026-09-19T18:40:03Z,ENG-WS-17,known software,trusted_internal,Known Publisher,benign
TRUST-N-02643,2026-09-19T18:40:33Z,FIN-WS-09,known software,signed,Known Publisher,benign
TRUST-N-02940,2026-09-19T18:40:34Z,ENG-WS-17,known software,signed,Known Publisher,benign
TRUST-N-00630,2026-09-19T18:40:40Z,FIN-WS-09,known software,trusted_internal,Known Publisher,benign
TRUST-N-08241,2026-09-19T18:41:18Z,APP-06,known software,trusted_internal,Known Publisher,benign
TRUST-N-07355,2026-09-19T18:42:26Z,DC-01,known software,trusted_internal,Known Publisher,benign
TRUST-N-04266,2026-09-19T18:42:51Z,APP-06,known software,trusted_internal,Known Publisher,benign
TRUST-N-06131,2026-09-19T18:43:00Z,HR-WS-22,known software,signed,Known Publisher,benign
TRUST-N-07401,2026-09-19T18:43:00Z,PATCH-01,known software,trusted_internal,Known Publisher,benign
TRUST-N-06155,2026-09-19T18:43:01Z,HR-WS-22,known software,trusted_internal,Known Publisher,benign
TRUST-N-05406,2026-09-19T18:44:15Z,HR-WS-08,known software,trusted_internal,Known Publisher,benign
TRUST-N-00784,2026-09-19T18:44:18Z,FIN-WS-09,known software,signed,Known Publisher,benign
TRUST-N-07664,2026-09-19T18:44:23Z,HR-WS-08,known software,signed,Known Publisher,benign
TRUST-N-08275,2026-09-19T18:44:53Z,MGMT-01,known software,signed,Known Publisher,benign
TRUST-N-01271,2026-09-19T18:46:15Z,HR-WS-08,known software,trusted_internal,Known Publisher,benign
TRUST-N-00359,2026-09-19T18:47:40Z,HR-WS-08,known software,signed,Known Publisher,benign
TRUST-N-02108,2026-09-19T18:47:54Z,HR-WS-22,known software,signed,Known Publisher,benign
TRUST-N-01037,2026-09-19T18:48:39Z,PATCH-01,known software,signed,Known Publisher,benign
TRUST-N-04158,2026-09-19T18:49:09Z,HR-WS-22,known software,trusted_internal,Known Publisher,benign
TRUST-N-08594,2026-09-19T18:49:16Z,APP-06,known software,signed,Known Publisher,benign
TRUST-N-04451,2026-09-19T18:49:32Z,ENG-WS-17,known software,trusted_internal,Known Publisher,benign
TRUST-N-01589,2026-09-19T18:51:40Z,DC-01,known software,signed,Known Publisher,benign
TRUST-N-02618,2026-09-19T18:52:30Z,APP-06,known software,signed,Known Publisher,benign
TRUST-N-08708,2026-09-19T18:53:52Z,ENG-WS-17,known software,trusted_internal,Known Publisher,benign
TRUST-N-07309,2026-09-19T18:54:24Z,APP-06,known software,trusted_internal,Known Publisher,benign
TRUST-N-00361,2026-09-19T18:54:33Z,MGMT-01,known software,trusted_internal,Known Publisher,benign
TRUST-N-01943,2026-09-19T18:54:49Z,HR-WS-08,known software,signed,Known Publisher,benign
TRUST-N-04038,2026-09-19T18:54:57Z,HR-WS-08,known software,trusted_internal,Known Publisher,benign
TRUST-N-06088,2026-09-19T18:56:02Z,ENG-WS-17,known software,signed,Known Publisher,benign
TRUST-N-08022,2026-09-19T18:56:50Z,PATCH-01,known software,signed,Known Publisher,benign
TRUST-N-07940,2026-09-19T18:57:26Z,MGMT-01,known software,signed,Known Publisher,benign
TRUST-N-02478,2026-09-19T18:57:52Z,DC-01,known software,signed,Known Publisher,benign
TRUST-N-04821,2026-09-19T18:59:24Z,HR-WS-08,known software,trusted_internal,Known Publisher,benign
TRUST-N-06464,2026-09-19T19:00:15Z,DC-01,known software,signed,Known Publisher,benign
TRUST-N-06309,2026-09-19T19:00:20Z,HR-WS-08,known software,trusted_internal,Known Publisher,benign
TRUST-N-09402,2026-09-19T19:00:33Z,DC-01,known software,trusted_internal,Known Publisher,benign
TRUST-N-06618,2026-09-19T19:01:12Z,MGMT-01,known software,trusted_internal,Known Publisher,benign
TRUST-N-04517,2026-09-19T19:01:58Z,HR-WS-22,known software,trusted_internal,Known Publisher,benign
TRUST-N-05949,2026-09-19T19:02:31Z,FIN-WS-09,known software,trusted_internal,Known Publisher,benign
TRUST-N-00070,2026-09-19T19:02:49Z,FIN-WS-09,known software,signed,Known Publisher,benign
TRUST-N-01896,2026-09-19T19:02:57Z,PATCH-01,known software,signed,Known Publisher,benign
TRUST-N-02467,2026-09-19T19:03:13Z,HR-WS-22,known software,signed,Known Publisher,benign
TRUST-N-09309,2026-09-19T19:03:22Z,FIN-WS-09,known software,trusted_internal,Known Publisher,benign
TRUST-N-03489,2026-09-19T19:03:50Z,APP-06,known software,signed,Known Publisher,benign
TRUST-N-09251,2026-09-19T19:04:14Z,HR-WS-22,known software,trusted_internal,Known Publisher,benign
TRUST-N-02918,2026-09-19T19:04:21Z,MGMT-01,known software,trusted_internal,Known Publisher,benign
TRUST-N-03307,2026-09-19T19:04:43Z,FIN-WS-09,known software,signed,Known Publisher,benign
TRUST-N-07836,2026-09-19T19:04:52Z,PATCH-01,known software,signed,Known Publisher,benign
TRUST-N-00395,2026-09-19T19:05:13Z,HR-WS-08,known software,signed,Known Publisher,benign
TRUST-N-04875,2026-09-19T19:05:33Z,DC-01,known software,trusted_internal,Known Publisher,benign
TRUST-N-09920,2026-09-19T19:06:29Z,FIN-WS-09,known software,trusted_internal,Known Publisher,benign
TRUST-N-01186,2026-09-19T19:06:43Z,PATCH-01,known software,signed,Known Publisher,benign
TRUST-N-07447,2026-09-19T19:07:38Z,DC-01,known software,signed,Known Publisher,benign
TRUST-N-07301,2026-09-19T19:07:44Z,HR-WS-22,known software,trusted_internal,Known Publisher,benign
TRUST-N-01955,2026-09-19T19:08:04Z,PATCH-01,known software,trusted_internal,Known Publisher,benign
TRUST-N-06741,2026-09-19T19:08:27Z,ENG-WS-17,known software,trusted_internal,Known Publisher,benign
TRUST-N-04592,2026-09-19T19:10:47Z,HR-WS-08,known software,signed,Known Publisher,benign
TRUST-N-09391,2026-09-19T19:11:38Z,APP-06,known software,trusted_internal,Known Publisher,benign
TRUST-N-04793,2026-09-19T19:11:50Z,HR-WS-22,known software,signed,Known Publisher,benign
TRUST-N-09883,2026-09-19T19:14:08Z,HR-WS-08,known software,trusted_internal,Known Publisher,benign
TRUST-N-01403,2026-09-19T19:14:58Z,HR-WS-22,known software,trusted_internal,Known Publisher,benign
TRUST-N-07705,2026-09-19T19:15:36Z,DC-01,known software,trusted_internal,Known Publisher,benign
TRUST-N-03634,2026-09-19T19:15:39Z,APP-06,known software,signed,Known Publisher,benign
TRUST-N-08822,2026-09-19T19:16:01Z,MGMT-01,known software,signed,Known Publisher,benign
TRUST-N-00251,2026-09-19T19:16:07Z,HR-WS-22,known software,trusted_internal,Known Publisher,benign
TRUST-N-09126,2026-09-19T19:16:10Z,HR-WS-08,known software,signed,Known Publisher,benign
TRUST-N-02235,2026-09-19T19:16:30Z,PATCH-01,known software,trusted_internal,Known Publisher,benign
TRUST-N-00802,2026-09-19T19:17:00Z,HR-WS-22,known software,signed,Known Publisher,benign
TRUST-N-00747,2026-09-19T19:17:08Z,DC-01,known software,signed,Known Publisher,benign
TRUST-N-03918,2026-09-19T19:17:58Z,MGMT-01,known software,trusted_internal,Known Publisher,benign
TRUST-N-03433,2026-09-19T19:18:05Z,MGMT-01,known software,signed,Known Publisher,benign
TRUST-N-08672,2026-09-19T19:18:15Z,APP-06,known software,trusted_internal,Known Publisher,benign
TRUST-N-06204,2026-09-19T19:18:29Z,DC-01,known software,signed,Known Publisher,benign
TRUST-N-01375,2026-09-19T19:18:52Z,ENG-WS-17,known software,signed,Known Publisher,benign
TRUST-N-00610,2026-09-19T19:19:28Z,APP-06,known software,trusted_internal,Known Publisher,benign
TRUST-N-03166,2026-09-19T19:19:43Z,HR-WS-22,known software,trusted_internal,Known Publisher,benign
TRUST-N-01156,2026-09-19T19:20:15Z,HR-WS-08,known software,signed,Known Publisher,benign
TRUST-N-06959,2026-09-19T19:21:24Z,APP-06,known software,trusted_internal,Known Publisher,benign
TRUST-N-02909,2026-09-19T19:21:30Z,APP-06,known software,signed,Known Publisher,benign
TRUST-N-03090,2026-09-19T19:22:41Z,DC-01,known software,trusted_internal,Known Publisher,benign
TRUST-N-00000,2026-09-19T19:22:49Z,ENG-WS-17,known software,trusted_internal,Known Publisher,benign
TRUST-N-02249,2026-09-19T19:22:51Z,ENG-WS-17,known software,signed,Known Publisher,benign
TRUST-N-09666,2026-09-19T19:23:13Z,ENG-WS-17,known software,signed,Known Publisher,benign
TRUST-N-07544,2026-09-19T19:23:36Z,FIN-WS-09,known software,signed,Known Publisher,benign
TRUST-N-08736,2026-09-19T19:23:56Z,HR-WS-22,known software,trusted_internal,Known Publisher,benign
TRUST-N-01564,2026-09-19T19:24:46Z,PATCH-01,known software,trusted_internal,Known Publisher,benign
TRUST-N-04808,2026-09-19T19:25:02Z,HR-WS-22,known software,trusted_internal,Known Publisher,benign
TRUST-N-07904,2026-09-19T19:25:32Z,MGMT-01,known software,trusted_internal,Known Publisher,benign
TRUST-N-03733,2026-09-19T19:26:11Z,MGMT-01,known software,signed,Known Publisher,benign
TRUST-N-09738,2026-09-19T19:27:05Z,ENG-WS-17,known software,trusted_internal,Known Publisher,benign
TRUST-N-07451,2026-09-19T19:27:06Z,HR-WS-08,known software,signed,Known Publisher,benign
TRUST-N-06948,2026-09-19T19:27:25Z,FIN-WS-09,known software,signed,Known Publisher,benign
TRUST-N-01621,2026-09-19T19:27:47Z,MGMT-01,known software,signed,Known Publisher,benign
TRUST-N-03389,2026-09-19T19:28:16Z,DC-01,known software,signed,Known Publisher,benign
TRUST-N-04393,2026-09-19T19:29:22Z,MGMT-01,known software,trusted_internal,Known Publisher,benign
TRUST-N-06051,2026-09-19T19:29:27Z,FIN-WS-09,known software,signed,Known Publisher,benign
TRUST-N-04297,2026-09-19T19:29:31Z,FIN-WS-09,known software,trusted_internal,Known Publisher,benign
TRUST-N-09490,2026-09-19T19:29:43Z,APP-06,known software,trusted_internal,Known Publisher,benign
TRUST-N-09901,2026-09-19T19:29:58Z,DC-01,known software,signed,Known Publisher,benign
TRUST-N-02129,2026-09-19T19:33:17Z,MGMT-01,known software,signed,Known Publisher,benign
TRUST-N-07364,2026-09-19T19:33:57Z,PATCH-01,known software,trusted_internal,Known Publisher,benign
TRUST-N-02636,2026-09-19T19:34:25Z,PATCH-01,known software,signed,Known Publisher,benign
TRUST-N-04056,2026-09-19T19:34:39Z,APP-06,known software,trusted_internal,Known Publisher,benign
TRUST-N-03146,2026-09-19T19:34:53Z,APP-06,known software,signed,Known Publisher,benign
TRUST-N-01777,2026-09-19T19:35:11Z,ENG-WS-17,known software,trusted_internal,Known Publisher,benign
TRUST-N-06764,2026-09-19T19:35:45Z,DC-01,known software,trusted_internal,Known Publisher,benign
TRUST-N-07430,2026-09-19T19:35:45Z,MGMT-01,known software,signed,Known Publisher,benign
TRUST-N-05671,2026-09-19T19:36:03Z,HR-WS-08,known software,trusted_internal,Known Publisher,benign
TRUST-N-05268,2026-09-19T19:36:37Z,ENG-WS-17,known software,trusted_internal,Known Publisher,benign
TRUST-N-08841,2026-09-19T19:36:52Z,DC-01,known software,trusted_internal,Known Publisher,benign
TRUST-N-02701,2026-09-19T19:37:09Z,HR-WS-22,known software,trusted_internal,Known Publisher,benign
TRUST-N-00111,2026-09-19T19:37:16Z,HR-WS-22,known software,trusted_internal,Known Publisher,benign
TRUST-N-02204,2026-09-19T19:37:16Z,APP-06,known software,signed,Known Publisher,benign
TRUST-N-07143,2026-09-19T19:41:12Z,HR-WS-08,known software,trusted_internal,Known Publisher,benign
TRUST-N-04320,2026-09-19T19:42:07Z,HR-WS-08,known software,signed,Known Publisher,benign
TRUST-N-09366,2026-09-19T19:42:40Z,HR-WS-22,known software,signed,Known Publisher,benign
TRUST-N-06809,2026-09-19T19:43:10Z,FIN-WS-09,known software,trusted_internal,Known Publisher,benign
TRUST-N-08900,2026-09-19T19:43:45Z,HR-WS-22,known software,signed,Known Publisher,benign
TRUST-N-05313,2026-09-19T19:44:07Z,APP-06,known software,signed,Known Publisher,benign
TRUST-N-00100,2026-09-19T19:44:21Z,DC-01,known software,signed,Known Publisher,benign
TRUST-N-03004,2026-09-19T19:44:21Z,FIN-WS-09,known software,signed,Known Publisher,benign
TRUST-N-03056,2026-09-19T19:44:34Z,DC-01,known software,signed,Known Publisher,benign
TRUST-N-05242,2026-09-19T19:44:35Z,HR-WS-22,known software,trusted_internal,Known Publisher,benign
TRUST-N-06879,2026-09-19T19:44:46Z,PATCH-01,known software,trusted_internal,Known Publisher,benign
TRUST-N-00531,2026-09-19T19:46:36Z,HR-WS-08,known software,signed,Known Publisher,benign
TRUST-N-03573,2026-09-19T19:46:39Z,FIN-WS-09,known software,trusted_internal,Known Publisher,benign
TRUST-N-08610,2026-09-19T19:47:56Z,PATCH-01,known software,trusted_internal,Known Publisher,benign
TRUST-N-08484,2026-09-19T19:48:52Z,ENG-WS-17,known software,trusted_internal,Known Publisher,benign
TRUST-N-08153,2026-09-19T19:49:00Z,DC-01,known software,trusted_internal,Known Publisher,benign
TRUST-N-06273,2026-09-19T19:49:09Z,ENG-WS-17,known software,signed,Known Publisher,benign
TRUST-N-00515,2026-09-19T19:50:06Z,MGMT-01,known software,signed,Known Publisher,benign
TRUST-N-03545,2026-09-19T19:50:11Z,PATCH-01,known software,signed,Known Publisher,benign
TRUST-N-05078,2026-09-19T19:50:28Z,PATCH-01,known software,signed,Known Publisher,benign
TRUST-N-04803,2026-09-19T19:51:04Z,PATCH-01,known software,signed,Known Publisher,benign
TRUST-N-04619,2026-09-19T19:51:29Z,HR-WS-08,known software,signed,Known Publisher,benign
TRUST-N-08447,2026-09-19T19:51:29Z,FIN-WS-09,known software,trusted_internal,Known Publisher,benign
TRUST-N-02177,2026-09-19T19:51:42Z,ENG-WS-17,known software,trusted_internal,Known Publisher,benign
TRUST-N-05013,2026-09-19T19:52:14Z,APP-06,known software,signed,Known Publisher,benign
TRUST-N-01107,2026-09-19T19:52:30Z,HR-WS-08,known software,trusted_internal,Known Publisher,benign
TRUST-N-07036,2026-09-19T19:52:47Z,MGMT-01,known software,trusted_internal,Known Publisher,benign
TRUST-N-06889,2026-09-19T19:53:23Z,DC-01,known software,trusted_internal,Known Publisher,benign
TRUST-N-04669,2026-09-19T19:53:25Z,APP-06,known software,trusted_internal,Known Publisher,benign
TRUST-N-08037,2026-09-19T19:53:27Z,FIN-WS-09,known software,signed,Known Publisher,benign
TRUST-N-00989,2026-09-19T19:54:33Z,DC-01,known software,signed,Known Publisher,benign
TRUST-N-03364,2026-09-19T19:56:58Z,PATCH-01,known software,signed,Known Publisher,benign
TRUST-N-06717,2026-09-19T19:57:09Z,PATCH-01,known software,signed,Known Publisher,benign
TRUST-N-07460,2026-09-19T19:57:12Z,ENG-WS-17,known software,signed,Known Publisher,benign
TRUST-N-07571,2026-09-19T19:57:40Z,DC-01,known software,signed,Known Publisher,benign
TRUST-N-03216,2026-09-19T19:58:49Z,PATCH-01,known software,trusted_internal,Known Publisher,benign
TRUST-N-01554,2026-09-19T19:59:35Z,APP-06,known software,trusted_internal,Known Publisher,benign
TRUST-N-09055,2026-09-19T19:59:48Z,APP-06,known software,trusted_internal,Known Publisher,benign
TRUST-N-02243,2026-09-19T20:00:51Z,HR-WS-22,known software,trusted_internal,Known Publisher,benign
TRUST-N-07117,2026-09-19T20:02:11Z,PATCH-01,known software,signed,Known Publisher,benign
TRUST-N-05363,2026-09-19T20:02:23Z,DC-01,known software,signed,Known Publisher,benign
TRUST-N-07181,2026-09-19T20:02:49Z,HR-WS-22,known software,trusted_internal,Known Publisher,benign
TRUST-N-01867,2026-09-19T20:03:10Z,PATCH-01,known software,trusted_internal,Known Publisher,benign
TRUST-N-02744,2026-09-19T20:03:37Z,APP-06,known software,trusted_internal,Known Publisher,benign
TRUST-N-03492,2026-09-19T20:03:47Z,DC-01,known software,signed,Known Publisher,benign
TRUST-N-08713,2026-09-19T20:04:00Z,APP-06,known software,trusted_internal,Known Publisher,benign
TRUST-N-01338,2026-09-19T20:04:24Z,MGMT-01,known software,trusted_internal,Known Publisher,benign
TRUST-N-05012,2026-09-19T20:04:40Z,MGMT-01,known software,trusted_internal,Known Publisher,benign
TRUST-N-06620,2026-09-19T20:04:44Z,HR-WS-08,known software,trusted_internal,Known Publisher,benign
TRUST-N-08066,2026-09-19T20:04:51Z,FIN-WS-09,known software,trusted_internal,Known Publisher,benign
TRUST-N-00832,2026-09-19T20:04:59Z,HR-WS-08,known software,trusted_internal,Known Publisher,benign
TRUST-N-08189,2026-09-19T20:04:59Z,DC-01,known software,signed,Known Publisher,benign
TRUST-N-01026,2026-09-19T20:06:33Z,DC-01,known software,trusted_internal,Known Publisher,benign
TRUST-N-07340,2026-09-19T20:08:39Z,HR-WS-22,known software,trusted_internal,Known Publisher,benign
TRUST-N-09866,2026-09-19T20:08:45Z,HR-WS-08,known software,trusted_internal,Known Publisher,benign
TRUST-N-09141,2026-09-19T20:10:23Z,APP-06,known software,signed,Known Publisher,benign
TRUST-N-09061,2026-09-19T20:11:27Z,HR-WS-22,known software,trusted_internal,Known Publisher,benign
TRUST-N-02132,2026-09-19T20:12:27Z,PATCH-01,known software,trusted_internal,Known Publisher,benign
TRUST-N-02885,2026-09-19T20:13:39Z,PATCH-01,known software,trusted_internal,Known Publisher,benign
TRUST-N-03778,2026-09-19T20:13:56Z,HR-WS-22,known software,trusted_internal,Known Publisher,benign
TRUST-N-00686,2026-09-19T20:14:28Z,ENG-WS-17,known software,trusted_internal,Known Publisher,benign
TRUST-N-08300,2026-09-19T20:14:33Z,MGMT-01,known software,signed,Known Publisher,benign
TRUST-N-07710,2026-09-19T20:14:53Z,PATCH-01,known software,signed,Known Publisher,benign
TRUST-N-09969,2026-09-19T20:17:06Z,APP-06,known software,signed,Known Publisher,benign
TRUST-N-08855,2026-09-19T20:18:07Z,MGMT-01,known software,trusted_internal,Known Publisher,benign
TRUST-N-05394,2026-09-19T20:19:18Z,HR-WS-22,known software,trusted_internal,Known Publisher,benign
TRUST-N-05953,2026-09-19T20:19:28Z,PATCH-01,known software,trusted_internal,Known Publisher,benign
TRUST-N-04092,2026-09-19T20:19:58Z,DC-01,known software,trusted_internal,Known Publisher,benign
TRUST-N-03934,2026-09-19T20:20:29Z,FIN-WS-09,known software,signed,Known Publisher,benign
TRUST-N-03793,2026-09-19T20:20:37Z,HR-WS-22,known software,trusted_internal,Known Publisher,benign
TRUST-N-09342,2026-09-19T20:21:03Z,ENG-WS-17,known software,signed,Known Publisher,benign
TRUST-N-05597,2026-09-19T20:21:17Z,HR-WS-08,known software,trusted_internal,Known Publisher,benign
TRUST-N-09209,2026-09-19T20:21:30Z,HR-WS-08,known software,signed,Known Publisher,benign
TRUST-N-09351,2026-09-19T20:21:38Z,HR-WS-22,known software,trusted_internal,Known Publisher,benign
TRUST-N-06501,2026-09-19T20:21:45Z,FIN-WS-09,known software,trusted_internal,Known Publisher,benign
TRUST-N-07090,2026-09-19T20:22:05Z,HR-WS-22,known software,signed,Known Publisher,benign
TRUST-N-04976,2026-09-19T20:22:09Z,APP-06,known software,signed,Known Publisher,benign
TRUST-N-02049,2026-09-19T20:22:34Z,ENG-WS-17,known software,signed,Known Publisher,benign
TRUST-N-04723,2026-09-19T20:22:36Z,MGMT-01,known software,trusted_internal,Known Publisher,benign
TRUST-N-06220,2026-09-19T20:23:19Z,APP-06,known software,signed,Known Publisher,benign
TRUST-N-09196,2026-09-19T20:23:35Z,APP-06,known software,trusted_internal,Known Publisher,benign
TRUST-N-04394,2026-09-19T20:24:20Z,DC-01,known software,signed,Known Publisher,benign
TRUST-N-06915,2026-09-19T20:24:56Z,DC-01,known software,trusted_internal,Known Publisher,benign
TRUST-N-02575,2026-09-19T20:26:00Z,HR-WS-22,known software,trusted_internal,Known Publisher,benign
TRUST-N-04562,2026-09-19T20:26:38Z,DC-01,known software,trusted_internal,Known Publisher,benign
TRUST-N-08489,2026-09-19T20:26:48Z,DC-01,known software,trusted_internal,Known Publisher,benign
TRUST-N-04014,2026-09-19T20:27:17Z,DC-01,known software,signed,Known Publisher,benign
TRUST-N-07266,2026-09-19T20:27:21Z,HR-WS-22,known software,trusted_internal,Known Publisher,benign
TRUST-N-04588,2026-09-19T20:28:01Z,HR-WS-22,known software,signed,Known Publisher,benign
TRUST-N-00766,2026-09-19T20:28:18Z,PATCH-01,known software,signed,Known Publisher,benign
TRUST-N-07398,2026-09-19T20:30:16Z,ENG-WS-17,known software,trusted_internal,Known Publisher,benign
TRUST-N-06768,2026-09-19T20:32:29Z,PATCH-01,known software,signed,Known Publisher,benign
TRUST-N-08077,2026-09-19T20:35:02Z,DC-01,known software,trusted_internal,Known Publisher,benign
TRUST-N-09966,2026-09-19T20:35:15Z,FIN-WS-09,known software,trusted_internal,Known Publisher,benign
TRUST-N-01785,2026-09-19T20:36:08Z,FIN-WS-09,known software,trusted_internal,Known Publisher,benign
TRUST-N-07662,2026-09-19T20:36:55Z,APP-06,known software,signed,Known Publisher,benign
TRUST-N-09562,2026-09-19T20:38:30Z,DC-01,known software,signed,Known Publisher,benign
TRUST-N-05602,2026-09-19T20:38:45Z,DC-01,known software,signed,Known Publisher,benign
TRUST-N-06651,2026-09-19T20:39:48Z,FIN-WS-09,known software,signed,Known Publisher,benign
TRUST-N-01165,2026-09-19T20:41:15Z,HR-WS-08,known software,trusted_internal,Known Publisher,benign
TRUST-N-09592,2026-09-19T20:42:52Z,HR-WS-22,known software,signed,Known Publisher,benign
TRUST-N-02647,2026-09-19T20:42:56Z,MGMT-01,known software,trusted_internal,Known Publisher,benign
TRUST-N-07312,2026-09-19T20:43:12Z,MGMT-01,known software,trusted_internal,Known Publisher,benign
TRUST-N-01735,2026-09-19T20:44:27Z,APP-06,known software,trusted_internal,Known Publisher,benign
TRUST-N-07964,2026-09-19T20:45:18Z,HR-WS-22,known software,trusted_internal,Known Publisher,benign
TRUST-N-00176,2026-09-19T20:45:46Z,HR-WS-22,known software,trusted_internal,Known Publisher,benign
TRUST-N-08548,2026-09-19T20:46:43Z,ENG-WS-17,known software,signed,Known Publisher,benign
TRUST-N-09610,2026-09-19T20:46:43Z,APP-06,known software,trusted_internal,Known Publisher,benign
TRUST-N-02511,2026-09-19T20:46:55Z,ENG-WS-17,known software,signed,Known Publisher,benign
TRUST-N-04513,2026-09-19T20:49:58Z,MGMT-01,known software,trusted_internal,Known Publisher,benign
TRUST-N-06221,2026-09-19T20:50:30Z,HR-WS-08,known software,signed,Known Publisher,benign
TRUST-N-03413,2026-09-19T20:50:47Z,APP-06,known software,signed,Known Publisher,benign
TRUST-N-04407,2026-09-19T20:50:56Z,FIN-WS-09,known software,signed,Known Publisher,benign
TRUST-N-03709,2026-09-19T20:51:44Z,MGMT-01,known software,trusted_internal,Known Publisher,benign
TRUST-N-05190,2026-09-19T20:51:45Z,FIN-WS-09,known software,trusted_internal,Known Publisher,benign
TRUST-N-09105,2026-09-19T20:53:32Z,MGMT-01,known software,signed,Known Publisher,benign
TRUST-N-06373,2026-09-19T20:54:10Z,APP-06,known software,trusted_internal,Known Publisher,benign
TRUST-N-02349,2026-09-19T20:54:17Z,MGMT-01,known software,trusted_internal,Known Publisher,benign
TRUST-N-00360,2026-09-19T20:56:02Z,FIN-WS-09,known software,signed,Known Publisher,benign
TRUST-N-00722,2026-09-19T20:56:51Z,FIN-WS-09,known software,trusted_internal,Known Publisher,benign
TRUST-N-09831,2026-09-19T20:57:14Z,FIN-WS-09,known software,signed,Known Publisher,benign
TRUST-N-09785,2026-09-19T20:57:41Z,FIN-WS-09,known software,trusted_internal,Known Publisher,benign
TRUST-N-09417,2026-09-19T20:57:55Z,MGMT-01,known software,signed,Known Publisher,benign
TRUST-N-05125,2026-09-19T20:58:02Z,DC-01,known software,signed,Known Publisher,benign
TRUST-N-09526,2026-09-19T20:59:03Z,ENG-WS-17,known software,signed,Known Publisher,benign
TRUST-N-00717,2026-09-19T20:59:06Z,DC-01,known software,trusted_internal,Known Publisher,benign
TRUST-N-00203,2026-09-19T20:59:11Z,HR-WS-08,known software,trusted_internal,Known Publisher,benign
TRUST-N-08573,2026-09-19T21:00:05Z,DC-01,known software,signed,Known Publisher,benign
TRUST-N-05893,2026-09-19T21:00:17Z,ENG-WS-17,known software,trusted_internal,Known Publisher,benign
TRUST-N-08568,2026-09-19T21:01:02Z,DC-01,known software,signed,Known Publisher,benign
TRUST-N-07373,2026-09-19T21:01:27Z,HR-WS-22,known software,trusted_internal,Known Publisher,benign
TRUST-N-09573,2026-09-19T21:02:11Z,APP-06,known software,signed,Known Publisher,benign
TRUST-N-03952,2026-09-19T21:02:27Z,HR-WS-08,known software,signed,Known Publisher,benign
TRUST-N-01339,2026-09-19T21:04:47Z,HR-WS-08,known software,trusted_internal,Known Publisher,benign
TRUST-N-00270,2026-09-19T21:05:28Z,PATCH-01,known software,trusted_internal,Known Publisher,benign
TRUST-N-02997,2026-09-19T21:05:48Z,HR-WS-22,known software,signed,Known Publisher,benign
TRUST-N-01510,2026-09-19T21:06:45Z,MGMT-01,known software,trusted_internal,Known Publisher,benign
TRUST-N-09748,2026-09-19T21:08:53Z,PATCH-01,known software,trusted_internal,Known Publisher,benign
TRUST-N-01796,2026-09-19T21:09:34Z,ENG-WS-17,known software,signed,Known Publisher,benign
TRUST-N-03984,2026-09-19T21:11:04Z,HR-WS-08,known software,signed,Known Publisher,benign
TRUST-N-08071,2026-09-19T21:11:22Z,DC-01,known software,signed,Known Publisher,benign
TRUST-N-04165,2026-09-19T21:11:31Z,DC-01,known software,signed,Known Publisher,benign
TRUST-N-02356,2026-09-19T21:11:49Z,APP-06,known software,signed,Known Publisher,benign
TRUST-N-09550,2026-09-19T21:11:55Z,APP-06,known software,signed,Known Publisher,benign
TRUST-N-09272,2026-09-19T21:12:01Z,MGMT-01,known software,signed,Known Publisher,benign
TRUST-N-01313,2026-09-19T21:12:32Z,PATCH-01,known software,trusted_internal,Known Publisher,benign
TRUST-N-02533,2026-09-19T21:13:13Z,ENG-WS-17,known software,signed,Known Publisher,benign
TRUST-N-08501,2026-09-19T21:14:48Z,PATCH-01,known software,trusted_internal,Known Publisher,benign
TRUST-N-00503,2026-09-19T21:15:23Z,MGMT-01,known software,signed,Known Publisher,benign
TRUST-N-01272,2026-09-19T21:15:26Z,ENG-WS-17,known software,signed,Known Publisher,benign
TRUST-N-02720,2026-09-19T21:15:42Z,HR-WS-08,known software,trusted_internal,Known Publisher,benign
TRUST-N-01881,2026-09-19T21:15:45Z,HR-WS-08,known software,trusted_internal,Known Publisher,benign
TRUST-N-00370,2026-09-19T21:18:18Z,ENG-WS-17,known software,signed,Known Publisher,benign
TRUST-N-06010,2026-09-19T21:18:55Z,HR-WS-08,known software,trusted_internal,Known Publisher,benign
TRUST-N-03423,2026-09-19T21:21:25Z,PATCH-01,known software,trusted_internal,Known Publisher,benign
TRUST-N-04990,2026-09-19T21:21:33Z,HR-WS-22,known software,signed,Known Publisher,benign
TRUST-N-05317,2026-09-19T21:22:04Z,MGMT-01,known software,trusted_internal,Known Publisher,benign
TRUST-N-07015,2026-09-19T21:24:35Z,MGMT-01,known software,trusted_internal,Known Publisher,benign
TRUST-N-08158,2026-09-19T21:24:40Z,FIN-WS-09,known software,trusted_internal,Known Publisher,benign
TRUST-N-03734,2026-09-19T21:24:47Z,PATCH-01,known software,trusted_internal,Known Publisher,benign
TRUST-N-02425,2026-09-19T21:24:57Z,MGMT-01,known software,signed,Known Publisher,benign
TRUST-N-06676,2026-09-19T21:25:33Z,APP-06,known software,signed,Known Publisher,benign
TRUST-N-05229,2026-09-19T21:26:01Z,FIN-WS-09,known software,trusted_internal,Known Publisher,benign
TRUST-N-00399,2026-09-19T21:26:44Z,HR-WS-08,known software,signed,Known Publisher,benign
TRUST-N-00888,2026-09-19T21:26:56Z,DC-01,known software,trusted_internal,Known Publisher,benign
TRUST-N-04666,2026-09-19T21:27:37Z,ENG-WS-17,known software,signed,Known Publisher,benign
TRUST-N-02116,2026-09-19T21:27:53Z,MGMT-01,known software,signed,Known Publisher,benign
TRUST-N-05909,2026-09-19T21:29:28Z,MGMT-01,known software,trusted_internal,Known Publisher,benign
TRUST-N-03615,2026-09-19T21:29:42Z,PATCH-01,known software,signed,Known Publisher,benign
TRUST-N-01624,2026-09-19T21:30:20Z,PATCH-01,known software,trusted_internal,Known Publisher,benign
TRUST-N-07563,2026-09-19T21:30:38Z,HR-WS-22,known software,signed,Known Publisher,benign
TRUST-N-05786,2026-09-19T21:31:41Z,MGMT-01,known software,trusted_internal,Known Publisher,benign
TRUST-N-03346,2026-09-19T21:31:51Z,HR-WS-08,known software,signed,Known Publisher,benign
TRUST-N-00208,2026-09-19T21:32:15Z,MGMT-01,known software,signed,Known Publisher,benign
TRUST-N-05864,2026-09-19T21:32:21Z,DC-01,known software,trusted_internal,Known Publisher,benign
TRUST-N-08601,2026-09-19T21:34:35Z,HR-WS-08,known software,trusted_internal,Known Publisher,benign
TRUST-N-01753,2026-09-19T21:35:05Z,HR-WS-22,known software,signed,Known Publisher,benign
TRUST-N-01769,2026-09-19T21:35:22Z,DC-01,known software,signed,Known Publisher,benign
TRUST-N-08834,2026-09-19T21:36:07Z,MGMT-01,known software,trusted_internal,Known Publisher,benign
TRUST-N-09281,2026-09-19T21:36:19Z,MGMT-01,known software,signed,Known Publisher,benign
TRUST-N-09462,2026-09-19T21:36:28Z,MGMT-01,known software,trusted_internal,Known Publisher,benign
TRUST-N-01630,2026-09-19T21:36:47Z,MGMT-01,known software,trusted_internal,Known Publisher,benign
TRUST-N-09076,2026-09-19T21:37:12Z,HR-WS-22,known software,trusted_internal,Known Publisher,benign
TRUST-N-00856,2026-09-19T21:37:19Z,DC-01,known software,trusted_internal,Known Publisher,benign
TRUST-N-02164,2026-09-19T21:39:11Z,ENG-WS-17,known software,signed,Known Publisher,benign
TRUST-N-06767,2026-09-19T21:39:30Z,ENG-WS-17,known software,signed,Known Publisher,benign
TRUST-N-08524,2026-09-19T21:40:47Z,MGMT-01,known software,signed,Known Publisher,benign
TRUST-N-05486,2026-09-19T21:43:01Z,HR-WS-08,known software,signed,Known Publisher,benign
TRUST-N-06874,2026-09-19T21:43:32Z,HR-WS-22,known software,signed,Known Publisher,benign
TRUST-N-01397,2026-09-19T21:44:28Z,HR-WS-08,known software,signed,Known Publisher,benign
TRUST-N-04641,2026-09-19T21:44:48Z,HR-WS-08,known software,signed,Known Publisher,benign
TRUST-N-09369,2026-09-19T21:45:00Z,ENG-WS-17,known software,trusted_internal,Known Publisher,benign
TRUST-N-06171,2026-09-19T21:45:21Z,PATCH-01,known software,trusted_internal,Known Publisher,benign
TRUST-N-00169,2026-09-19T21:45:46Z,FIN-WS-09,known software,trusted_internal,Known Publisher,benign
TRUST-N-00964,2026-09-19T21:49:28Z,HR-WS-22,known software,signed,Known Publisher,benign
TRUST-N-01125,2026-09-19T21:50:41Z,APP-06,known software,signed,Known Publisher,benign
TRUST-N-08365,2026-09-19T21:50:50Z,MGMT-01,known software,signed,Known Publisher,benign
TRUST-N-08843,2026-09-19T21:50:52Z,APP-06,known software,signed,Known Publisher,benign
TRUST-N-06082,2026-09-19T21:51:19Z,ENG-WS-17,known software,trusted_internal,Known Publisher,benign
TRUST-N-03908,2026-09-19T21:51:50Z,HR-WS-08,known software,signed,Known Publisher,benign
TRUST-N-07130,2026-09-19T21:52:28Z,HR-WS-08,known software,signed,Known Publisher,benign
TRUST-N-00572,2026-09-19T21:52:33Z,FIN-WS-09,known software,signed,Known Publisher,benign
TRUST-N-06137,2026-09-19T21:52:35Z,DC-01,known software,trusted_internal,Known Publisher,benign
TRUST-N-04839,2026-09-19T21:53:52Z,MGMT-01,known software,signed,Known Publisher,benign
TRUST-N-08871,2026-09-19T21:54:13Z,APP-06,known software,trusted_internal,Known Publisher,benign
TRUST-N-04115,2026-09-19T21:54:19Z,MGMT-01,known software,signed,Known Publisher,benign
TRUST-N-00912,2026-09-19T21:54:45Z,HR-WS-08,known software,trusted_internal,Known Publisher,benign
TRUST-N-07564,2026-09-19T21:54:47Z,ENG-WS-17,known software,trusted_internal,Known Publisher,benign
TRUST-N-08074,2026-09-19T21:57:18Z,DC-01,known software,signed,Known Publisher,benign
TRUST-N-01565,2026-09-19T21:58:06Z,HR-WS-22,known software,trusted_internal,Known Publisher,benign
TRUST-N-04845,2026-09-19T21:58:36Z,HR-WS-22,known software,trusted_internal,Known Publisher,benign
TRUST-N-06104,2026-09-19T21:58:47Z,APP-06,known software,signed,Known Publisher,benign
TRUST-N-09763,2026-09-19T22:00:02Z,FIN-WS-09,known software,signed,Known Publisher,benign
TRUST-N-03208,2026-09-19T22:00:19Z,MGMT-01,known software,signed,Known Publisher,benign
TRUST-N-06655,2026-09-19T22:00:50Z,HR-WS-22,known software,trusted_internal,Known Publisher,benign
TRUST-N-06986,2026-09-19T22:01:05Z,APP-06,known software,trusted_internal,Known Publisher,benign
TRUST-N-02330,2026-09-19T22:01:26Z,APP-06,known software,signed,Known Publisher,benign
TRUST-N-08805,2026-09-19T22:01:38Z,APP-06,known software,trusted_internal,Known Publisher,benign
TRUST-N-04555,2026-09-19T22:01:39Z,MGMT-01,known software,trusted_internal,Known Publisher,benign
TRUST-N-06195,2026-09-19T22:01:49Z,PATCH-01,known software,signed,Known Publisher,benign
TRUST-N-04847,2026-09-19T22:04:39Z,ENG-WS-17,known software,trusted_internal,Known Publisher,benign
TRUST-N-08164,2026-09-19T22:04:43Z,PATCH-01,known software,trusted_internal,Known Publisher,benign
TRUST-N-03698,2026-09-19T22:05:20Z,FIN-WS-09,known software,signed,Known Publisher,benign
TRUST-N-08019,2026-09-19T22:05:57Z,ENG-WS-17,known software,trusted_internal,Known Publisher,benign
TRUST-N-04916,2026-09-19T22:06:44Z,DC-01,known software,trusted_internal,Known Publisher,benign
TRUST-N-06875,2026-09-19T22:07:24Z,ENG-WS-17,known software,trusted_internal,Known Publisher,benign
TRUST-N-00953,2026-09-19T22:07:43Z,HR-WS-22,known software,trusted_internal,Known Publisher,benign
TRUST-N-08416,2026-09-19T22:08:04Z,PATCH-01,known software,signed,Known Publisher,benign
TRUST-N-07744,2026-09-19T22:08:24Z,MGMT-01,known software,signed,Known Publisher,benign
TRUST-N-01817,2026-09-19T22:10:38Z,MGMT-01,known software,trusted_internal,Known Publisher,benign
TRUST-N-00028,2026-09-19T22:10:40Z,HR-WS-08,known software,signed,Known Publisher,benign
TRUST-N-05110,2026-09-19T22:10:53Z,DC-01,known software,signed,Known Publisher,benign
TRUST-N-02443,2026-09-19T22:12:24Z,MGMT-01,known software,trusted_internal,Known Publisher,benign
TRUST-N-09837,2026-09-19T22:13:09Z,MGMT-01,known software,signed,Known Publisher,benign
TRUST-N-01293,2026-09-19T22:14:12Z,PATCH-01,known software,trusted_internal,Known Publisher,benign
TRUST-N-01679,2026-09-19T22:14:21Z,HR-WS-22,known software,trusted_internal,Known Publisher,benign
TRUST-N-05197,2026-09-19T22:14:23Z,DC-01,known software,signed,Known Publisher,benign
TRUST-N-05491,2026-09-19T22:16:52Z,DC-01,known software,trusted_internal,Known Publisher,benign
TRUST-N-04012,2026-09-19T22:17:01Z,MGMT-01,known software,signed,Known Publisher,benign
TRUST-N-04855,2026-09-19T22:17:10Z,HR-WS-22,known software,signed,Known Publisher,benign
TRUST-N-02417,2026-09-19T22:17:42Z,MGMT-01,known software,signed,Known Publisher,benign
TRUST-N-01401,2026-09-19T22:18:23Z,MGMT-01,known software,signed,Known Publisher,benign
TRUST-N-06521,2026-09-19T22:18:30Z,FIN-WS-09,known software,trusted_internal,Known Publisher,benign
TRUST-N-07560,2026-09-19T22:21:07Z,FIN-WS-09,known software,trusted_internal,Known Publisher,benign
TRUST-N-06290,2026-09-19T22:21:14Z,HR-WS-08,known software,trusted_internal,Known Publisher,benign
TRUST-N-05795,2026-09-19T22:23:14Z,APP-06,known software,trusted_internal,Known Publisher,benign
TRUST-N-04702,2026-09-19T22:23:33Z,MGMT-01,known software,trusted_internal,Known Publisher,benign
TRUST-N-03740,2026-09-19T22:24:08Z,HR-WS-08,known software,trusted_internal,Known Publisher,benign
TRUST-N-06564,2026-09-19T22:24:40Z,DC-01,known software,trusted_internal,Known Publisher,benign
TRUST-N-08408,2026-09-19T22:24:43Z,ENG-WS-17,known software,trusted_internal,Known Publisher,benign
TRUST-N-04776,2026-09-19T22:24:44Z,APP-06,known software,signed,Known Publisher,benign
TRUST-N-00345,2026-09-19T22:25:07Z,FIN-WS-09,known software,trusted_internal,Known Publisher,benign
TRUST-N-03656,2026-09-19T22:25:30Z,ENG-WS-17,known software,signed,Known Publisher,benign
TRUST-N-05336,2026-09-19T22:25:46Z,ENG-WS-17,known software,signed,Known Publisher,benign
TRUST-N-01402,2026-09-19T22:26:06Z,APP-06,known software,trusted_internal,Known Publisher,benign
TRUST-N-09370,2026-09-19T22:27:09Z,APP-06,known software,signed,Known Publisher,benign
TRUST-N-09197,2026-09-19T22:27:12Z,MGMT-01,known software,signed,Known Publisher,benign
TRUST-N-09955,2026-09-19T22:28:59Z,HR-WS-22,known software,trusted_internal,Known Publisher,benign
TRUST-N-05291,2026-09-19T22:29:01Z,HR-WS-08,known software,trusted_internal,Known Publisher,benign
TRUST-N-06186,2026-09-19T22:29:21Z,PATCH-01,known software,signed,Known Publisher,benign
TRUST-N-01371,2026-09-19T22:29:37Z,FIN-WS-09,known software,trusted_internal,Known Publisher,benign
TRUST-N-04364,2026-09-19T22:30:28Z,PATCH-01,known software,trusted_internal,Known Publisher,benign
TRUST-N-09686,2026-09-19T22:31:22Z,HR-WS-22,known software,trusted_internal,Known Publisher,benign
TRUST-N-00280,2026-09-19T22:31:46Z,MGMT-01,known software,signed,Known Publisher,benign
TRUST-N-08696,2026-09-19T22:34:50Z,MGMT-01,known software,trusted_internal,Known Publisher,benign
TRUST-N-00015,2026-09-19T22:35:13Z,APP-06,known software,signed,Known Publisher,benign
TRUST-N-00075,2026-09-19T22:35:20Z,DC-01,known software,signed,Known Publisher,benign
TRUST-N-06368,2026-09-19T22:35:36Z,HR-WS-22,known software,signed,Known Publisher,benign
TRUST-N-01173,2026-09-19T22:35:37Z,DC-01,known software,trusted_internal,Known Publisher,benign
TRUST-N-00059,2026-09-19T22:36:11Z,HR-WS-22,known software,signed,Known Publisher,benign
TRUST-N-00536,2026-09-19T22:36:33Z,ENG-WS-17,known software,trusted_internal,Known Publisher,benign
TRUST-N-08940,2026-09-19T22:37:09Z,HR-WS-08,known software,signed,Known Publisher,benign
TRUST-N-03130,2026-09-19T22:37:31Z,FIN-WS-09,known software,trusted_internal,Known Publisher,benign
TRUST-N-07733,2026-09-19T22:37:49Z,APP-06,known software,trusted_internal,Known Publisher,benign
TRUST-N-04003,2026-09-19T22:37:56Z,FIN-WS-09,known software,trusted_internal,Known Publisher,benign
TRUST-N-05701,2026-09-19T22:37:57Z,MGMT-01,known software,signed,Known Publisher,benign
TRUST-N-06202,2026-09-19T22:39:38Z,MGMT-01,known software,signed,Known Publisher,benign
TRUST-N-08023,2026-09-19T22:40:50Z,HR-WS-08,known software,signed,Known Publisher,benign
TRUST-N-04357,2026-09-19T22:40:54Z,FIN-WS-09,known software,trusted_internal,Known Publisher,benign
TRUST-N-08653,2026-09-19T22:41:21Z,ENG-WS-17,known software,signed,Known Publisher,benign
TRUST-N-05642,2026-09-19T22:41:42Z,APP-06,known software,trusted_internal,Known Publisher,benign
TRUST-N-02787,2026-09-19T22:42:00Z,HR-WS-22,known software,signed,Known Publisher,benign
TRUST-N-05131,2026-09-19T22:42:23Z,ENG-WS-17,known software,trusted_internal,Known Publisher,benign
TRUST-N-05976,2026-09-19T22:42:41Z,DC-01,known software,signed,Known Publisher,benign
TRUST-N-09878,2026-09-19T22:42:59Z,HR-WS-08,known software,signed,Known Publisher,benign
TRUST-N-08757,2026-09-19T22:43:13Z,HR-WS-22,known software,trusted_internal,Known Publisher,benign
TRUST-N-00245,2026-09-19T22:43:33Z,PATCH-01,known software,signed,Known Publisher,benign
TRUST-N-09801,2026-09-19T22:44:32Z,APP-06,known software,signed,Known Publisher,benign
TRUST-N-05104,2026-09-19T22:44:44Z,HR-WS-22,known software,trusted_internal,Known Publisher,benign
TRUST-N-08804,2026-09-19T22:45:44Z,HR-WS-22,known software,trusted_internal,Known Publisher,benign
TRUST-N-05046,2026-09-19T22:46:38Z,HR-WS-08,known software,trusted_internal,Known Publisher,benign
TRUST-N-01455,2026-09-19T22:46:41Z,ENG-WS-17,known software,trusted_internal,Known Publisher,benign
TRUST-N-03667,2026-09-19T22:47:45Z,ENG-WS-17,known software,trusted_internal,Known Publisher,benign
TRUST-N-06496,2026-09-19T22:48:00Z,APP-06,known software,signed,Known Publisher,benign
TRUST-N-02792,2026-09-19T22:48:22Z,FIN-WS-09,known software,trusted_internal,Known Publisher,benign
TRUST-N-06972,2026-09-19T22:48:23Z,HR-WS-22,known software,signed,Known Publisher,benign
TRUST-N-09082,2026-09-19T22:48:32Z,DC-01,known software,signed,Known Publisher,benign
TRUST-N-05278,2026-09-19T22:48:38Z,APP-06,known software,signed,Known Publisher,benign
TRUST-N-04789,2026-09-19T22:50:24Z,HR-WS-22,known software,trusted_internal,Known Publisher,benign
TRUST-N-09042,2026-09-19T22:50:29Z,ENG-WS-17,known software,trusted_internal,Known Publisher,benign
TRUST-N-05923,2026-09-19T22:51:07Z,FIN-WS-09,known software,trusted_internal,Known Publisher,benign
TRUST-N-06156,2026-09-19T22:51:51Z,MGMT-01,known software,trusted_internal,Known Publisher,benign
TRUST-N-04443,2026-09-19T22:51:56Z,HR-WS-22,known software,trusted_internal,Known Publisher,benign
TRUST-N-00378,2026-09-19T22:53:12Z,HR-WS-08,known software,signed,Known Publisher,benign
TRUST-N-07570,2026-09-19T22:53:46Z,HR-WS-22,known software,signed,Known Publisher,benign
TRUST-N-07661,2026-09-19T22:54:35Z,HR-WS-22,known software,trusted_internal,Known Publisher,benign
TRUST-N-08442,2026-09-19T22:54:55Z,APP-06,known software,signed,Known Publisher,benign
TRUST-N-00197,2026-09-19T22:55:08Z,HR-WS-08,known software,signed,Known Publisher,benign
TRUST-N-04814,2026-09-19T22:56:00Z,DC-01,known software,trusted_internal,Known Publisher,benign
TRUST-N-02548,2026-09-19T22:56:19Z,PATCH-01,known software,trusted_internal,Known Publisher,benign
TRUST-N-08984,2026-09-19T22:56:27Z,MGMT-01,known software,signed,Known Publisher,benign
TRUST-N-00571,2026-09-19T22:56:30Z,HR-WS-22,known software,trusted_internal,Known Publisher,benign
TRUST-N-02207,2026-09-19T22:56:54Z,HR-WS-22,known software,signed,Known Publisher,benign
TRUST-N-06701,2026-09-19T22:57:09Z,PATCH-01,known software,signed,Known Publisher,benign
TRUST-N-03204,2026-09-19T22:57:29Z,APP-06,known software,trusted_internal,Known Publisher,benign
TRUST-N-04290,2026-09-19T22:58:06Z,HR-WS-22,known software,trusted_internal,Known Publisher,benign
TRUST-N-01518,2026-09-19T22:58:21Z,HR-WS-08,known software,signed,Known Publisher,benign
TRUST-N-07231,2026-09-19T22:59:40Z,PATCH-01,known software,signed,Known Publisher,benign
TRUST-N-08659,2026-09-19T22:59:43Z,HR-WS-22,known software,trusted_internal,Known Publisher,benign
TRUST-N-00795,2026-09-19T22:59:44Z,MGMT-01,known software,trusted_internal,Known Publisher,benign
TRUST-N-05540,2026-09-19T22:59:48Z,PATCH-01,known software,signed,Known Publisher,benign
TRUST-N-01522,2026-09-19T23:00:08Z,HR-WS-08,known software,trusted_internal,Known Publisher,benign
TRUST-N-02545,2026-09-19T23:00:46Z,HR-WS-22,known software,trusted_internal,Known Publisher,benign
TRUST-N-00670,2026-09-19T23:02:02Z,HR-WS-08,known software,trusted_internal,Known Publisher,benign
TRUST-N-08247,2026-09-19T23:02:09Z,PATCH-01,known software,signed,Known Publisher,benign
TRUST-N-06140,2026-09-19T23:03:13Z,FIN-WS-09,known software,signed,Known Publisher,benign
TRUST-N-00751,2026-09-19T23:04:23Z,ENG-WS-17,known software,trusted_internal,Known Publisher,benign
TRUST-N-02170,2026-09-19T23:04:32Z,DC-01,known software,signed,Known Publisher,benign
TRUST-N-07802,2026-09-19T23:04:37Z,DC-01,known software,signed,Known Publisher,benign
TRUST-N-08793,2026-09-19T23:05:02Z,HR-WS-22,known software,trusted_internal,Known Publisher,benign
TRUST-N-00131,2026-09-19T23:05:13Z,FIN-WS-09,known software,trusted_internal,Known Publisher,benign
TRUST-N-08001,2026-09-19T23:05:42Z,FIN-WS-09,known software,trusted_internal,Known Publisher,benign
TRUST-N-09468,2026-09-19T23:07:20Z,ENG-WS-17,known software,signed,Known Publisher,benign
TRUST-N-03518,2026-09-19T23:08:01Z,DC-01,known software,trusted_internal,Known Publisher,benign
TRUST-N-07968,2026-09-19T23:08:26Z,PATCH-01,known software,trusted_internal,Known Publisher,benign
TRUST-N-09991,2026-09-19T23:09:30Z,FIN-WS-09,known software,trusted_internal,Known Publisher,benign
TRUST-N-07948,2026-09-19T23:09:38Z,PATCH-01,known software,trusted_internal,Known Publisher,benign
TRUST-N-03030,2026-09-19T23:10:35Z,APP-06,known software,trusted_internal,Known Publisher,benign
TRUST-N-07166,2026-09-19T23:11:20Z,APP-06,known software,signed,Known Publisher,benign
TRUST-N-09685,2026-09-19T23:11:34Z,HR-WS-08,known software,signed,Known Publisher,benign
TRUST-N-07677,2026-09-19T23:12:41Z,FIN-WS-09,known software,signed,Known Publisher,benign
TRUST-N-00516,2026-09-19T23:13:05Z,HR-WS-22,known software,trusted_internal,Known Publisher,benign
TRUST-N-00048,2026-09-19T23:13:25Z,HR-WS-08,known software,trusted_internal,Known Publisher,benign
TRUST-N-03623,2026-09-19T23:15:08Z,ENG-WS-17,known software,signed,Known Publisher,benign
TRUST-N-08715,2026-09-19T23:17:00Z,ENG-WS-17,known software,trusted_internal,Known Publisher,benign
TRUST-N-08498,2026-09-19T23:19:04Z,MGMT-01,known software,trusted_internal,Known Publisher,benign
TRUST-N-00201,2026-09-19T23:19:20Z,MGMT-01,known software,trusted_internal,Known Publisher,benign
TRUST-N-00616,2026-09-19T23:19:39Z,HR-WS-08,known software,signed,Known Publisher,benign
TRUST-N-00069,2026-09-19T23:19:57Z,APP-06,known software,trusted_internal,Known Publisher,benign
TRUST-N-08095,2026-09-19T23:20:19Z,FIN-WS-09,known software,signed,Known Publisher,benign
TRUST-N-01195,2026-09-19T23:20:20Z,DC-01,known software,signed,Known Publisher,benign
TRUST-N-05211,2026-09-19T23:20:41Z,DC-01,known software,signed,Known Publisher,benign
TRUST-N-04411,2026-09-19T23:20:46Z,PATCH-01,known software,trusted_internal,Known Publisher,benign
TRUST-N-01134,2026-09-19T23:20:59Z,HR-WS-22,known software,signed,Known Publisher,benign
TRUST-N-01390,2026-09-19T23:21:03Z,FIN-WS-09,known software,trusted_internal,Known Publisher,benign
TRUST-N-09467,2026-09-19T23:21:12Z,PATCH-01,known software,signed,Known Publisher,benign
TRUST-N-05193,2026-09-19T23:22:02Z,ENG-WS-17,known software,signed,Known Publisher,benign
TRUST-N-08420,2026-09-19T23:23:57Z,FIN-WS-09,known software,signed,Known Publisher,benign
TRUST-N-07769,2026-09-19T23:24:34Z,DC-01,known software,signed,Known Publisher,benign
TRUST-N-05194,2026-09-19T23:24:36Z,HR-WS-22,known software,trusted_internal,Known Publisher,benign
TRUST-N-08888,2026-09-19T23:25:25Z,MGMT-01,known software,trusted_internal,Known Publisher,benign
TRUST-N-00089,2026-09-19T23:26:13Z,PATCH-01,known software,signed,Known Publisher,benign
TRUST-N-02656,2026-09-19T23:26:58Z,ENG-WS-17,known software,signed,Known Publisher,benign
TRUST-N-04200,2026-09-19T23:28:19Z,HR-WS-22,known software,trusted_internal,Known Publisher,benign
TRUST-N-08360,2026-09-19T23:28:57Z,PATCH-01,known software,trusted_internal,Known Publisher,benign
TRUST-N-04877,2026-09-19T23:29:00Z,DC-01,known software,trusted_internal,Known Publisher,benign
TRUST-N-05129,2026-09-19T23:29:06Z,FIN-WS-09,known software,trusted_internal,Known Publisher,benign
TRUST-N-06415,2026-09-19T23:30:17Z,FIN-WS-09,known software,signed,Known Publisher,benign
TRUST-N-05852,2026-09-19T23:31:48Z,MGMT-01,known software,signed,Known Publisher,benign
TRUST-N-04656,2026-09-19T23:32:00Z,HR-WS-08,known software,signed,Known Publisher,benign
TRUST-N-03986,2026-09-19T23:32:13Z,MGMT-01,known software,signed,Known Publisher,benign
TRUST-N-09521,2026-09-19T23:35:17Z,HR-WS-08,known software,signed,Known Publisher,benign
TRUST-N-06482,2026-09-19T23:35:42Z,APP-06,known software,trusted_internal,Known Publisher,benign
TRUST-N-02619,2026-09-19T23:35:46Z,FIN-WS-09,known software,trusted_internal,Known Publisher,benign
TRUST-N-09766,2026-09-19T23:36:01Z,HR-WS-22,known software,trusted_internal,Known Publisher,benign
TRUST-N-04885,2026-09-19T23:37:42Z,PATCH-01,known software,trusted_internal,Known Publisher,benign
TRUST-N-08286,2026-09-19T23:39:33Z,APP-06,known software,trusted_internal,Known Publisher,benign
TRUST-N-07439,2026-09-19T23:39:46Z,DC-01,known software,signed,Known Publisher,benign
TRUST-N-08146,2026-09-19T23:40:01Z,MGMT-01,known software,signed,Known Publisher,benign
TRUST-N-01136,2026-09-19T23:40:04Z,PATCH-01,known software,trusted_internal,Known Publisher,benign
TRUST-N-04734,2026-09-19T23:40:25Z,DC-01,known software,trusted_internal,Known Publisher,benign
TRUST-N-03053,2026-09-19T23:40:34Z,HR-WS-08,known software,signed,Known Publisher,benign
TRUST-N-03991,2026-09-19T23:41:13Z,PATCH-01,known software,signed,Known Publisher,benign
TRUST-N-08710,2026-09-19T23:41:26Z,ENG-WS-17,known software,trusted_internal,Known Publisher,benign
TRUST-N-00579,2026-09-19T23:43:08Z,FIN-WS-09,known software,signed,Known Publisher,benign
TRUST-N-08315,2026-09-19T23:43:40Z,HR-WS-22,known software,trusted_internal,Known Publisher,benign
TRUST-N-07967,2026-09-19T23:43:54Z,PATCH-01,known software,trusted_internal,Known Publisher,benign
TRUST-N-09788,2026-09-19T23:45:34Z,PATCH-01,known software,trusted_internal,Known Publisher,benign
TRUST-N-01080,2026-09-19T23:46:45Z,PATCH-01,known software,signed,Known Publisher,benign
TRUST-N-03646,2026-09-19T23:47:15Z,ENG-WS-17,known software,signed,Known Publisher,benign
TRUST-N-04753,2026-09-19T23:47:22Z,DC-01,known software,trusted_internal,Known Publisher,benign
TRUST-N-07356,2026-09-19T23:49:44Z,ENG-WS-17,known software,trusted_internal,Known Publisher,benign
TRUST-N-01429,2026-09-19T23:50:29Z,FIN-WS-09,known software,trusted_internal,Known Publisher,benign
TRUST-N-05056,2026-09-19T23:51:51Z,DC-01,known software,trusted_internal,Known Publisher,benign
TRUST-N-08991,2026-09-19T23:52:06Z,PATCH-01,known software,trusted_internal,Known Publisher,benign
TRUST-N-01335,2026-09-19T23:52:44Z,HR-WS-08,known software,trusted_internal,Known Publisher,benign
TRUST-N-06018,2026-09-19T23:52:50Z,HR-WS-08,known software,signed,Known Publisher,benign
TRUST-N-04028,2026-09-19T23:53:47Z,ENG-WS-17,known software,signed,Known Publisher,benign
TRUST-N-02265,2026-09-19T23:54:29Z,ENG-WS-17,known software,trusted_internal,Known Publisher,benign
TRUST-N-03726,2026-09-19T23:55:59Z,HR-WS-22,known software,trusted_internal,Known Publisher,benign
TRUST-N-03497,2026-09-19T23:56:23Z,FIN-WS-09,known software,trusted_internal,Known Publisher,benign
TRUST-N-01642,2026-09-19T23:56:27Z,HR-WS-08,known software,trusted_internal,Known Publisher,benign
TRUST-N-01810,2026-09-19T23:56:46Z,PATCH-01,known software,trusted_internal,Known Publisher,benign
TRUST-N-05785,2026-09-19T23:57:34Z,HR-WS-08,known software,trusted_internal,Known Publisher,benign
TRUST-N-07163,2026-09-19T23:58:04Z,DC-01,known software,signed,Known Publisher,benign
TRUST-N-02502,2026-09-19T23:58:17Z,ENG-WS-17,known software,signed,Known Publisher,benign
TRUST-N-04228,2026-09-19T23:58:19Z,MGMT-01,known software,trusted_internal,Known Publisher,benign
TRUST-N-05016,2026-09-19T23:59:45Z,ENG-WS-17,known software,trusted_internal,Known Publisher,benign
TRUST-N-09453,2026-09-20T00:00:09Z,MGMT-01,known software,trusted_internal,Known Publisher,benign
TRUST-N-08403,2026-09-20T00:00:47Z,APP-06,known software,signed,Known Publisher,benign
TRUST-N-02961,2026-09-20T00:00:50Z,APP-06,known software,signed,Known Publisher,benign
TRUST-N-01799,2026-09-20T00:01:01Z,HR-WS-08,known software,trusted_internal,Known Publisher,benign
TRUST-N-09280,2026-09-20T00:01:47Z,APP-06,known software,signed,Known Publisher,benign
TRUST-N-09022,2026-09-20T00:02:09Z,DC-01,known software,signed,Known Publisher,benign
TRUST-N-01138,2026-09-20T00:03:21Z,HR-WS-22,known software,signed,Known Publisher,benign
TRUST-N-00690,2026-09-20T00:03:23Z,DC-01,known software,signed,Known Publisher,benign
TRUST-N-03517,2026-09-20T00:03:26Z,HR-WS-08,known software,signed,Known Publisher,benign
TRUST-N-01168,2026-09-20T00:03:57Z,ENG-WS-17,known software,trusted_internal,Known Publisher,benign
TRUST-N-01644,2026-09-20T00:04:38Z,PATCH-01,known software,trusted_internal,Known Publisher,benign
TRUST-N-02876,2026-09-20T00:04:53Z,HR-WS-22,known software,signed,Known Publisher,benign
TRUST-N-04178,2026-09-20T00:06:55Z,HR-WS-08,known software,trusted_internal,Known Publisher,benign
TRUST-N-03373,2026-09-20T00:07:31Z,HR-WS-08,known software,signed,Known Publisher,benign
TRUST-N-03583,2026-09-20T00:07:47Z,HR-WS-22,known software,trusted_internal,Known Publisher,benign
TRUST-N-07224,2026-09-20T00:07:47Z,ENG-WS-17,known software,trusted_internal,Known Publisher,benign
TRUST-N-09588,2026-09-20T00:08:03Z,ENG-WS-17,known software,signed,Known Publisher,benign
TRUST-N-03515,2026-09-20T00:08:21Z,HR-WS-08,known software,trusted_internal,Known Publisher,benign
TRUST-N-05894,2026-09-20T00:09:30Z,HR-WS-08,known software,trusted_internal,Known Publisher,benign
TRUST-N-03224,2026-09-20T00:11:02Z,HR-WS-22,known software,trusted_internal,Known Publisher,benign
TRUST-N-06878,2026-09-20T00:12:18Z,HR-WS-22,known software,signed,Known Publisher,benign
TRUST-N-07450,2026-09-20T00:13:22Z,HR-WS-08,known software,trusted_internal,Known Publisher,benign
TRUST-N-03655,2026-09-20T00:13:30Z,APP-06,known software,trusted_internal,Known Publisher,benign
TRUST-N-00732,2026-09-20T00:14:54Z,HR-WS-08,known software,trusted_internal,Known Publisher,benign
TRUST-N-02724,2026-09-20T00:15:01Z,HR-WS-08,known software,trusted_internal,Known Publisher,benign
TRUST-N-01516,2026-09-20T00:15:26Z,FIN-WS-09,known software,trusted_internal,Known Publisher,benign
TRUST-N-08720,2026-09-20T00:15:42Z,DC-01,known software,signed,Known Publisher,benign
TRUST-N-06262,2026-09-20T00:16:29Z,PATCH-01,known software,trusted_internal,Known Publisher,benign
TRUST-N-06144,2026-09-20T00:16:30Z,ENG-WS-17,known software,trusted_internal,Known Publisher,benign
TRUST-N-00364,2026-09-20T00:16:45Z,DC-01,known software,trusted_internal,Known Publisher,benign
TRUST-N-05145,2026-09-20T00:17:39Z,MGMT-01,known software,trusted_internal,Known Publisher,benign
TRUST-N-06238,2026-09-20T00:18:08Z,PATCH-01,known software,trusted_internal,Known Publisher,benign
TRUST-N-09845,2026-09-20T00:18:16Z,PATCH-01,known software,trusted_internal,Known Publisher,benign
TRUST-N-09217,2026-09-20T00:18:38Z,MGMT-01,known software,trusted_internal,Known Publisher,benign
TRUST-N-03962,2026-09-20T00:18:43Z,HR-WS-22,known software,signed,Known Publisher,benign
TRUST-N-09639,2026-09-20T00:18:51Z,APP-06,known software,signed,Known Publisher,benign
TRUST-N-07972,2026-09-20T00:18:54Z,HR-WS-22,known software,trusted_internal,Known Publisher,benign
TRUST-N-02499,2026-09-20T00:19:05Z,PATCH-01,known software,trusted_internal,Known Publisher,benign
TRUST-N-09783,2026-09-20T00:19:33Z,HR-WS-08,known software,trusted_internal,Known Publisher,benign
TRUST-N-02337,2026-09-20T00:19:40Z,PATCH-01,known software,signed,Known Publisher,benign
TRUST-N-08894,2026-09-20T00:19:55Z,APP-06,known software,trusted_internal,Known Publisher,benign
TRUST-N-05964,2026-09-20T00:20:36Z,MGMT-01,known software,trusted_internal,Known Publisher,benign
TRUST-N-06568,2026-09-20T00:21:11Z,FIN-WS-09,known software,trusted_internal,Known Publisher,benign
TRUST-N-04573,2026-09-20T00:21:13Z,FIN-WS-09,known software,trusted_internal,Known Publisher,benign
TRUST-N-03156,2026-09-20T00:21:32Z,HR-WS-08,known software,trusted_internal,Known Publisher,benign
TRUST-N-05362,2026-09-20T00:21:50Z,APP-06,known software,signed,Known Publisher,benign
TRUST-N-00607,2026-09-20T00:22:10Z,MGMT-01,known software,signed,Known Publisher,benign
TRUST-N-06319,2026-09-20T00:22:31Z,HR-WS-22,known software,signed,Known Publisher,benign
TRUST-N-04073,2026-09-20T00:22:48Z,HR-WS-08,known software,signed,Known Publisher,benign
TRUST-N-03846,2026-09-20T00:23:39Z,DC-01,known software,trusted_internal,Known Publisher,benign
TRUST-N-05492,2026-09-20T00:24:17Z,MGMT-01,known software,signed,Known Publisher,benign
TRUST-N-06754,2026-09-20T00:25:58Z,PATCH-01,known software,trusted_internal,Known Publisher,benign
TRUST-N-03125,2026-09-20T00:26:17Z,FIN-WS-09,known software,signed,Known Publisher,benign
TRUST-N-02945,2026-09-20T00:26:18Z,FIN-WS-09,known software,trusted_internal,Known Publisher,benign
TRUST-N-08448,2026-09-20T00:26:34Z,DC-01,known software,signed,Known Publisher,benign
TRUST-N-07807,2026-09-20T00:27:03Z,DC-01,known software,signed,Known Publisher,benign
TRUST-N-07419,2026-09-20T00:28:25Z,HR-WS-08,known software,signed,Known Publisher,benign
TRUST-N-00589,2026-09-20T00:29:00Z,APP-06,known software,trusted_internal,Known Publisher,benign
TRUST-N-03835,2026-09-20T00:29:03Z,MGMT-01,known software,trusted_internal,Known Publisher,benign
TRUST-N-06355,2026-09-20T00:29:40Z,FIN-WS-09,known software,signed,Known Publisher,benign
TRUST-N-03760,2026-09-20T00:29:57Z,MGMT-01,known software,trusted_internal,Known Publisher,benign
TRUST-N-07685,2026-09-20T00:30:02Z,ENG-WS-17,known software,trusted_internal,Known Publisher,benign
TRUST-N-09632,2026-09-20T00:30:15Z,APP-06,known software,signed,Known Publisher,benign
TRUST-N-01240,2026-09-20T00:30:20Z,FIN-WS-09,known software,signed,Known Publisher,benign
TRUST-N-03238,2026-09-20T00:30:30Z,APP-06,known software,trusted_internal,Known Publisher,benign
TRUST-N-01720,2026-09-20T00:30:41Z,MGMT-01,known software,signed,Known Publisher,benign
TRUST-N-08915,2026-09-20T00:31:43Z,FIN-WS-09,known software,trusted_internal,Known Publisher,benign
TRUST-N-08094,2026-09-20T00:34:32Z,HR-WS-08,known software,signed,Known Publisher,benign
TRUST-N-09260,2026-09-20T00:35:17Z,MGMT-01,known software,signed,Known Publisher,benign
TRUST-N-04086,2026-09-20T00:35:40Z,MGMT-01,known software,trusted_internal,Known Publisher,benign
TRUST-N-02261,2026-09-20T00:35:48Z,PATCH-01,known software,trusted_internal,Known Publisher,benign
TRUST-N-02392,2026-09-20T00:36:22Z,PATCH-01,known software,trusted_internal,Known Publisher,benign
TRUST-N-01618,2026-09-20T00:37:34Z,ENG-WS-17,known software,trusted_internal,Known Publisher,benign
TRUST-N-04409,2026-09-20T00:37:47Z,PATCH-01,known software,signed,Known Publisher,benign
TRUST-N-04199,2026-09-20T00:37:50Z,DC-01,known software,trusted_internal,Known Publisher,benign
TRUST-N-06159,2026-09-20T00:38:42Z,HR-WS-22,known software,signed,Known Publisher,benign
TRUST-N-01113,2026-09-20T00:38:45Z,APP-06,known software,trusted_internal,Known Publisher,benign
TRUST-N-03703,2026-09-20T00:40:13Z,PATCH-01,known software,signed,Known Publisher,benign
TRUST-N-04534,2026-09-20T00:41:08Z,HR-WS-08,known software,signed,Known Publisher,benign
TRUST-N-01139,2026-09-20T00:42:29Z,PATCH-01,known software,trusted_internal,Known Publisher,benign
TRUST-N-01545,2026-09-20T00:43:25Z,APP-06,known software,signed,Known Publisher,benign
TRUST-N-01919,2026-09-20T00:43:38Z,FIN-WS-09,known software,trusted_internal,Known Publisher,benign
TRUST-N-09795,2026-09-20T00:43:45Z,APP-06,known software,trusted_internal,Known Publisher,benign
TRUST-N-05246,2026-09-20T00:44:58Z,FIN-WS-09,known software,signed,Known Publisher,benign
TRUST-N-00396,2026-09-20T00:45:56Z,HR-WS-08,known software,trusted_internal,Known Publisher,benign
TRUST-N-03988,2026-09-20T00:46:22Z,APP-06,known software,signed,Known Publisher,benign
TRUST-N-09071,2026-09-20T00:46:32Z,HR-WS-22,known software,signed,Known Publisher,benign
TRUST-N-06636,2026-09-20T00:47:09Z,MGMT-01,known software,trusted_internal,Known Publisher,benign
TRUST-N-02103,2026-09-20T00:47:31Z,MGMT-01,known software,trusted_internal,Known Publisher,benign
TRUST-N-09192,2026-09-20T00:48:19Z,ENG-WS-17,known software,trusted_internal,Known Publisher,benign
TRUST-N-00157,2026-09-20T00:48:24Z,ENG-WS-17,known software,trusted_internal,Known Publisher,benign
TRUST-N-09576,2026-09-20T00:48:40Z,PATCH-01,known software,signed,Known Publisher,benign
TRUST-N-04817,2026-09-20T00:49:23Z,PATCH-01,known software,trusted_internal,Known Publisher,benign
TRUST-N-09425,2026-09-20T00:49:40Z,HR-WS-22,known software,signed,Known Publisher,benign
TRUST-N-05327,2026-09-20T00:49:53Z,HR-WS-08,known software,trusted_internal,Known Publisher,benign
TRUST-N-01903,2026-09-20T00:49:58Z,APP-06,known software,signed,Known Publisher,benign
TRUST-N-05389,2026-09-20T00:50:29Z,MGMT-01,known software,trusted_internal,Known Publisher,benign
TRUST-N-08181,2026-09-20T00:51:10Z,MGMT-01,known software,signed,Known Publisher,benign
TRUST-N-06508,2026-09-20T00:51:17Z,FIN-WS-09,known software,trusted_internal,Known Publisher,benign
TRUST-N-00013,2026-09-20T00:51:40Z,DC-01,known software,signed,Known Publisher,benign
TRUST-N-01433,2026-09-20T00:51:59Z,HR-WS-22,known software,signed,Known Publisher,benign
TRUST-N-03687,2026-09-20T00:52:20Z,PATCH-01,known software,signed,Known Publisher,benign
TRUST-N-02576,2026-09-20T00:53:15Z,HR-WS-22,known software,signed,Known Publisher,benign
TRUST-N-06402,2026-09-20T00:53:17Z,APP-06,known software,trusted_internal,Known Publisher,benign
TRUST-N-01866,2026-09-20T00:54:10Z,HR-WS-08,known software,trusted_internal,Known Publisher,benign
TRUST-N-06278,2026-09-20T00:54:55Z,DC-01,known software,trusted_internal,Known Publisher,benign
TRUST-N-05708,2026-09-20T00:54:59Z,MGMT-01,known software,trusted_internal,Known Publisher,benign
TRUST-N-09732,2026-09-20T00:55:59Z,HR-WS-08,known software,signed,Known Publisher,benign
TRUST-N-00390,2026-09-20T00:56:01Z,HR-WS-08,known software,signed,Known Publisher,benign
TRUST-N-09107,2026-09-20T00:56:12Z,PATCH-01,known software,signed,Known Publisher,benign
TRUST-N-03458,2026-09-20T00:56:19Z,HR-WS-08,known software,trusted_internal,Known Publisher,benign
TRUST-N-00139,2026-09-20T00:58:03Z,HR-WS-08,known software,signed,Known Publisher,benign
TRUST-N-07971,2026-09-20T00:58:35Z,FIN-WS-09,known software,signed,Known Publisher,benign
TRUST-N-02567,2026-09-20T00:59:57Z,MGMT-01,known software,trusted_internal,Known Publisher,benign
TRUST-N-07325,2026-09-20T01:00:16Z,APP-06,known software,signed,Known Publisher,benign
TRUST-N-05387,2026-09-20T01:00:41Z,PATCH-01,known software,trusted_internal,Known Publisher,benign
TRUST-N-08983,2026-09-20T01:02:03Z,HR-WS-08,known software,trusted_internal,Known Publisher,benign
TRUST-N-05113,2026-09-20T01:02:13Z,FIN-WS-09,known software,trusted_internal,Known Publisher,benign
TRUST-N-05021,2026-09-20T01:03:11Z,PATCH-01,known software,trusted_internal,Known Publisher,benign
TRUST-N-04349,2026-09-20T01:03:31Z,HR-WS-22,known software,signed,Known Publisher,benign
TRUST-N-01633,2026-09-20T01:03:54Z,ENG-WS-17,known software,trusted_internal,Known Publisher,benign
TRUST-N-00972,2026-09-20T01:04:13Z,APP-06,known software,signed,Known Publisher,benign
TRUST-N-08182,2026-09-20T01:04:14Z,PATCH-01,known software,trusted_internal,Known Publisher,benign
TRUST-N-07050,2026-09-20T01:05:23Z,PATCH-01,known software,signed,Known Publisher,benign
TRUST-N-05823,2026-09-20T01:06:53Z,DC-01,known software,trusted_internal,Known Publisher,benign
TRUST-N-06779,2026-09-20T01:07:25Z,FIN-WS-09,known software,trusted_internal,Known Publisher,benign
TRUST-N-09111,2026-09-20T01:07:37Z,ENG-WS-17,known software,trusted_internal,Known Publisher,benign
TRUST-N-00768,2026-09-20T01:07:38Z,HR-WS-08,known software,trusted_internal,Known Publisher,benign
TRUST-N-03567,2026-09-20T01:08:31Z,PATCH-01,known software,trusted_internal,Known Publisher,benign
TRUST-N-00819,2026-09-20T01:09:32Z,ENG-WS-17,known software,signed,Known Publisher,benign
TRUST-N-09870,2026-09-20T01:10:13Z,FIN-WS-09,known software,signed,Known Publisher,benign
TRUST-N-04351,2026-09-20T01:10:31Z,FIN-WS-09,known software,trusted_internal,Known Publisher,benign
TRUST-N-05466,2026-09-20T01:10:39Z,APP-06,known software,trusted_internal,Known Publisher,benign
TRUST-N-06525,2026-09-20T01:11:02Z,PATCH-01,known software,signed,Known Publisher,benign
TRUST-N-07619,2026-09-20T01:11:32Z,PATCH-01,known software,trusted_internal,Known Publisher,benign
TRUST-N-07152,2026-09-20T01:11:38Z,FIN-WS-09,known software,trusted_internal,Known Publisher,benign
TRUST-N-08687,2026-09-20T01:11:42Z,MGMT-01,known software,signed,Known Publisher,benign
TRUST-N-07210,2026-09-20T01:13:32Z,HR-WS-22,known software,signed,Known Publisher,benign
TRUST-N-09850,2026-09-20T01:13:35Z,APP-06,known software,trusted_internal,Known Publisher,benign
TRUST-N-03640,2026-09-20T01:13:55Z,APP-06,known software,trusted_internal,Known Publisher,benign
TRUST-N-08017,2026-09-20T01:14:01Z,ENG-WS-17,known software,trusted_internal,Known Publisher,benign
TRUST-N-01656,2026-09-20T01:14:22Z,DC-01,known software,trusted_internal,Known Publisher,benign
TRUST-N-06520,2026-09-20T01:14:30Z,HR-WS-08,known software,signed,Known Publisher,benign
TRUST-N-06544,2026-09-20T01:14:58Z,PATCH-01,known software,trusted_internal,Known Publisher,benign
TRUST-N-06053,2026-09-20T01:15:19Z,PATCH-01,known software,signed,Known Publisher,benign
TRUST-N-08505,2026-09-20T01:17:54Z,HR-WS-22,known software,signed,Known Publisher,benign
TRUST-N-04977,2026-09-20T01:17:59Z,DC-01,known software,signed,Known Publisher,benign
TRUST-N-00426,2026-09-20T01:19:01Z,HR-WS-22,known software,signed,Known Publisher,benign
TRUST-N-07141,2026-09-20T01:19:19Z,HR-WS-22,known software,signed,Known Publisher,benign
TRUST-N-04830,2026-09-20T01:19:25Z,APP-06,known software,trusted_internal,Known Publisher,benign
TRUST-N-08697,2026-09-20T01:21:25Z,DC-01,known software,signed,Known Publisher,benign
TRUST-N-02529,2026-09-20T01:21:40Z,HR-WS-08,known software,trusted_internal,Known Publisher,benign
TRUST-N-05300,2026-09-20T01:22:41Z,MGMT-01,known software,trusted_internal,Known Publisher,benign
TRUST-N-00757,2026-09-20T01:24:06Z,HR-WS-08,known software,signed,Known Publisher,benign
TRUST-N-07637,2026-09-20T01:25:15Z,PATCH-01,known software,trusted_internal,Known Publisher,benign
TRUST-N-03160,2026-09-20T01:26:58Z,MGMT-01,known software,signed,Known Publisher,benign
TRUST-N-09115,2026-09-20T01:26:58Z,MGMT-01,known software,trusted_internal,Known Publisher,benign
TRUST-N-09849,2026-09-20T01:27:40Z,FIN-WS-09,known software,trusted_internal,Known Publisher,benign
TRUST-N-04074,2026-09-20T01:28:00Z,APP-06,known software,trusted_internal,Known Publisher,benign
TRUST-N-05290,2026-09-20T01:28:48Z,APP-06,known software,signed,Known Publisher,benign
TRUST-N-03507,2026-09-20T01:28:52Z,HR-WS-08,known software,signed,Known Publisher,benign
TRUST-N-07269,2026-09-20T01:29:02Z,HR-WS-08,known software,trusted_internal,Known Publisher,benign
TRUST-N-07139,2026-09-20T01:29:45Z,HR-WS-08,known software,trusted_internal,Known Publisher,benign
TRUST-N-07541,2026-09-20T01:30:05Z,DC-01,known software,signed,Known Publisher,benign
TRUST-N-06454,2026-09-20T01:30:07Z,APP-06,known software,trusted_internal,Known Publisher,benign
TRUST-N-06395,2026-09-20T01:30:14Z,PATCH-01,known software,trusted_internal,Known Publisher,benign
TRUST-N-02535,2026-09-20T01:30:19Z,ENG-WS-17,known software,signed,Known Publisher,benign
TRUST-N-04717,2026-09-20T01:30:55Z,APP-06,known software,signed,Known Publisher,benign
TRUST-N-08497,2026-09-20T01:31:45Z,HR-WS-08,known software,trusted_internal,Known Publisher,benign
TRUST-N-01213,2026-09-20T01:32:17Z,HR-WS-22,known software,signed,Known Publisher,benign
TRUST-N-06423,2026-09-20T01:32:30Z,MGMT-01,known software,signed,Known Publisher,benign
TRUST-N-06371,2026-09-20T01:34:14Z,APP-06,known software,signed,Known Publisher,benign
TRUST-N-06421,2026-09-20T01:34:42Z,ENG-WS-17,known software,signed,Known Publisher,benign
TRUST-N-04022,2026-09-20T01:36:59Z,HR-WS-22,known software,signed,Known Publisher,benign
TRUST-N-04381,2026-09-20T01:37:30Z,DC-01,known software,signed,Known Publisher,benign
TRUST-N-04696,2026-09-20T01:38:27Z,PATCH-01,known software,signed,Known Publisher,benign
TRUST-N-00149,2026-09-20T01:39:05Z,APP-06,known software,trusted_internal,Known Publisher,benign
TRUST-N-04504,2026-09-20T01:39:13Z,ENG-WS-17,known software,signed,Known Publisher,benign
TRUST-N-06469,2026-09-20T01:39:35Z,HR-WS-08,known software,trusted_internal,Known Publisher,benign
TRUST-N-08558,2026-09-20T01:39:40Z,FIN-WS-09,known software,trusted_internal,Known Publisher,benign
TRUST-N-09365,2026-09-20T01:39:42Z,HR-WS-08,known software,trusted_internal,Known Publisher,benign
TRUST-N-00002,2026-09-20T01:39:53Z,PATCH-01,known software,trusted_internal,Known Publisher,benign
TRUST-N-02054,2026-09-20T01:40:34Z,HR-WS-08,known software,trusted_internal,Known Publisher,benign
TRUST-N-09527,2026-09-20T01:41:09Z,ENG-WS-17,known software,signed,Known Publisher,benign
TRUST-N-03277,2026-09-20T01:42:00Z,HR-WS-08,known software,signed,Known Publisher,benign
TRUST-N-03328,2026-09-20T01:42:19Z,ENG-WS-17,known software,trusted_internal,Known Publisher,benign
TRUST-N-02986,2026-09-20T01:43:43Z,MGMT-01,known software,signed,Known Publisher,benign
TRUST-N-03447,2026-09-20T01:43:53Z,FIN-WS-09,known software,signed,Known Publisher,benign
TRUST-N-08577,2026-09-20T01:44:33Z,HR-WS-22,known software,trusted_internal,Known Publisher,benign
TRUST-N-00920,2026-09-20T01:45:41Z,FIN-WS-09,known software,trusted_internal,Known Publisher,benign
TRUST-N-00383,2026-09-20T01:45:43Z,DC-01,known software,trusted_internal,Known Publisher,benign
TRUST-N-02905,2026-09-20T01:47:02Z,FIN-WS-09,known software,trusted_internal,Known Publisher,benign
TRUST-N-07822,2026-09-20T01:48:36Z,FIN-WS-09,known software,signed,Known Publisher,benign
TRUST-N-07219,2026-09-20T01:49:13Z,HR-WS-08,known software,signed,Known Publisher,benign
TRUST-N-09009,2026-09-20T01:50:02Z,ENG-WS-17,known software,signed,Known Publisher,benign
TRUST-N-05267,2026-09-20T01:50:22Z,ENG-WS-17,known software,trusted_internal,Known Publisher,benign
TRUST-N-03480,2026-09-20T01:50:55Z,HR-WS-22,known software,trusted_internal,Known Publisher,benign
TRUST-N-01577,2026-09-20T01:52:16Z,PATCH-01,known software,signed,Known Publisher,benign
TRUST-N-02617,2026-09-20T01:52:45Z,HR-WS-22,known software,signed,Known Publisher,benign
TRUST-N-08232,2026-09-20T01:53:10Z,HR-WS-08,known software,signed,Known Publisher,benign
TRUST-N-08613,2026-09-20T01:53:18Z,PATCH-01,known software,trusted_internal,Known Publisher,benign
TRUST-N-05709,2026-09-20T01:53:28Z,HR-WS-22,known software,signed,Known Publisher,benign
TRUST-N-08688,2026-09-20T01:54:42Z,DC-01,known software,signed,Known Publisher,benign
TRUST-N-08283,2026-09-20T01:56:07Z,HR-WS-22,known software,signed,Known Publisher,benign
TRUST-N-02473,2026-09-20T01:56:27Z,APP-06,known software,signed,Known Publisher,benign
TRUST-N-09531,2026-09-20T01:56:36Z,ENG-WS-17,known software,trusted_internal,Known Publisher,benign
TRUST-N-08342,2026-09-20T01:56:49Z,PATCH-01,known software,trusted_internal,Known Publisher,benign
TRUST-N-06300,2026-09-20T01:56:54Z,FIN-WS-09,known software,trusted_internal,Known Publisher,benign
TRUST-N-06678,2026-09-20T01:56:55Z,DC-01,known software,trusted_internal,Known Publisher,benign
TRUST-N-04323,2026-09-20T01:57:03Z,APP-06,known software,signed,Known Publisher,benign
TRUST-N-07225,2026-09-20T01:57:49Z,HR-WS-22,known software,trusted_internal,Known Publisher,benign
TRUST-N-01446,2026-09-20T01:57:57Z,MGMT-01,known software,signed,Known Publisher,benign
TRUST-N-04969,2026-09-20T01:58:11Z,FIN-WS-09,known software,signed,Known Publisher,benign
TRUST-N-07578,2026-09-20T01:58:36Z,HR-WS-08,known software,signed,Known Publisher,benign
TRUST-N-05610,2026-09-20T01:58:44Z,ENG-WS-17,known software,trusted_internal,Known Publisher,benign
TRUST-N-09183,2026-09-20T02:00:34Z,PATCH-01,known software,trusted_internal,Known Publisher,benign
TRUST-N-06575,2026-09-20T02:00:41Z,PATCH-01,known software,trusted_internal,Known Publisher,benign
TRUST-N-09672,2026-09-20T02:01:43Z,FIN-WS-09,known software,signed,Known Publisher,benign
TRUST-N-06412,2026-09-20T02:03:18Z,FIN-WS-09,known software,signed,Known Publisher,benign
TRUST-N-07193,2026-09-20T02:03:24Z,FIN-WS-09,known software,trusted_internal,Known Publisher,benign
TRUST-N-07591,2026-09-20T02:04:33Z,DC-01,known software,signed,Known Publisher,benign
TRUST-N-07947,2026-09-20T02:04:38Z,FIN-WS-09,known software,trusted_internal,Known Publisher,benign
TRUST-N-07554,2026-09-20T02:04:44Z,HR-WS-22,known software,signed,Known Publisher,benign
TRUST-N-05698,2026-09-20T02:05:40Z,APP-06,known software,signed,Known Publisher,benign
TRUST-N-03671,2026-09-20T02:05:43Z,HR-WS-22,known software,trusted_internal,Known Publisher,benign
TRUST-N-01427,2026-09-20T02:05:51Z,HR-WS-22,known software,signed,Known Publisher,benign
TRUST-N-03454,2026-09-20T02:05:55Z,HR-WS-22,known software,signed,Known Publisher,benign
TRUST-N-08308,2026-09-20T02:06:34Z,MGMT-01,known software,signed,Known Publisher,benign
TRUST-N-06426,2026-09-20T02:07:09Z,MGMT-01,known software,signed,Known Publisher,benign
TRUST-N-03787,2026-09-20T02:07:19Z,FIN-WS-09,known software,signed,Known Publisher,benign
TRUST-N-01900,2026-09-20T02:08:18Z,MGMT-01,known software,signed,Known Publisher,benign
TRUST-N-09814,2026-09-20T02:08:38Z,APP-06,known software,signed,Known Publisher,benign
TRUST-N-02739,2026-09-20T02:08:54Z,HR-WS-22,known software,signed,Known Publisher,benign
TRUST-N-03771,2026-09-20T02:08:59Z,MGMT-01,known software,trusted_internal,Known Publisher,benign
TRUST-N-08456,2026-09-20T02:09:03Z,ENG-WS-17,known software,signed,Known Publisher,benign
TRUST-N-01834,2026-09-20T02:10:26Z,HR-WS-08,known software,signed,Known Publisher,benign
TRUST-N-04120,2026-09-20T02:11:31Z,DC-01,known software,signed,Known Publisher,benign
TRUST-N-04065,2026-09-20T02:12:14Z,HR-WS-08,known software,signed,Known Publisher,benign
TRUST-N-09719,2026-09-20T02:12:42Z,APP-06,known software,signed,Known Publisher,benign
TRUST-N-01816,2026-09-20T02:13:07Z,HR-WS-08,known software,signed,Known Publisher,benign
TRUST-N-09073,2026-09-20T02:14:32Z,DC-01,known software,trusted_internal,Known Publisher,benign
TRUST-N-00312,2026-09-20T02:14:53Z,DC-01,known software,trusted_internal,Known Publisher,benign
TRUST-N-08939,2026-09-20T02:15:25Z,FIN-WS-09,known software,signed,Known Publisher,benign
TRUST-N-05294,2026-09-20T02:15:53Z,ENG-WS-17,known software,signed,Known Publisher,benign
TRUST-N-01558,2026-09-20T02:17:22Z,PATCH-01,known software,trusted_internal,Known Publisher,benign
TRUST-N-00532,2026-09-20T02:17:42Z,HR-WS-22,known software,signed,Known Publisher,benign
TRUST-N-06887,2026-09-20T02:17:57Z,HR-WS-22,known software,trusted_internal,Known Publisher,benign
TRUST-N-01586,2026-09-20T02:19:11Z,FIN-WS-09,known software,signed,Known Publisher,benign
TRUST-N-05891,2026-09-20T02:19:44Z,HR-WS-08,known software,trusted_internal,Known Publisher,benign
TRUST-N-00726,2026-09-20T02:19:47Z,MGMT-01,known software,signed,Known Publisher,benign
TRUST-N-06679,2026-09-20T02:21:02Z,APP-06,known software,trusted_internal,Known Publisher,benign
TRUST-N-03723,2026-09-20T02:22:17Z,APP-06,known software,trusted_internal,Known Publisher,benign
TRUST-N-08936,2026-09-20T02:23:01Z,PATCH-01,known software,trusted_internal,Known Publisher,benign
TRUST-N-06141,2026-09-20T02:23:28Z,DC-01,known software,trusted_internal,Known Publisher,benign
TRUST-N-01090,2026-09-20T02:23:44Z,PATCH-01,known software,trusted_internal,Known Publisher,benign
TRUST-N-00229,2026-09-20T02:24:06Z,FIN-WS-09,known software,signed,Known Publisher,benign
TRUST-N-09988,2026-09-20T02:24:38Z,FIN-WS-09,known software,signed,Known Publisher,benign
TRUST-N-08340,2026-09-20T02:25:18Z,HR-WS-08,known software,trusted_internal,Known Publisher,benign
TRUST-N-02216,2026-09-20T02:25:36Z,ENG-WS-17,known software,trusted_internal,Known Publisher,benign
TRUST-N-01495,2026-09-20T02:25:39Z,DC-01,known software,signed,Known Publisher,benign
TRUST-N-06044,2026-09-20T02:25:54Z,HR-WS-22,known software,signed,Known Publisher,benign
TRUST-N-04876,2026-09-20T02:27:46Z,PATCH-01,known software,signed,Known Publisher,benign
TRUST-N-09755,2026-09-20T02:28:21Z,FIN-WS-09,known software,trusted_internal,Known Publisher,benign
TRUST-N-04591,2026-09-20T02:29:21Z,HR-WS-22,known software,signed,Known Publisher,benign
TRUST-N-06033,2026-09-20T02:30:14Z,DC-01,known software,trusted_internal,Known Publisher,benign
TRUST-N-01641,2026-09-20T02:31:07Z,DC-01,known software,signed,Known Publisher,benign
TRUST-N-07178,2026-09-20T02:31:12Z,APP-06,known software,trusted_internal,Known Publisher,benign
TRUST-N-01484,2026-09-20T02:31:16Z,ENG-WS-17,known software,signed,Known Publisher,benign
TRUST-N-05416,2026-09-20T02:32:13Z,FIN-WS-09,known software,signed,Known Publisher,benign
TRUST-N-01499,2026-09-20T02:34:47Z,FIN-WS-09,known software,trusted_internal,Known Publisher,benign
TRUST-N-07065,2026-09-20T02:34:51Z,APP-06,known software,signed,Known Publisher,benign
TRUST-N-04703,2026-09-20T02:35:07Z,PATCH-01,known software,trusted_internal,Known Publisher,benign
TRUST-N-07885,2026-09-20T02:35:12Z,ENG-WS-17,known software,signed,Known Publisher,benign
TRUST-N-05061,2026-09-20T02:35:25Z,APP-06,known software,signed,Known Publisher,benign
TRUST-N-00209,2026-09-20T02:36:48Z,DC-01,known software,signed,Known Publisher,benign
TRUST-N-03082,2026-09-20T02:38:24Z,HR-WS-08,known software,signed,Known Publisher,benign
TRUST-N-03149,2026-09-20T02:38:55Z,FIN-WS-09,known software,signed,Known Publisher,benign
TRUST-N-06148,2026-09-20T02:39:42Z,DC-01,known software,trusted_internal,Known Publisher,benign
TRUST-N-09995,2026-09-20T02:40:03Z,MGMT-01,known software,trusted_internal,Known Publisher,benign
TRUST-N-07060,2026-09-20T02:40:04Z,ENG-WS-17,known software,signed,Known Publisher,benign
TRUST-N-01912,2026-09-20T02:40:41Z,ENG-WS-17,known software,trusted_internal,Known Publisher,benign
TRUST-N-07835,2026-09-20T02:41:43Z,APP-06,known software,trusted_internal,Known Publisher,benign
TRUST-N-02070,2026-09-20T02:41:53Z,FIN-WS-09,known software,trusted_internal,Known Publisher,benign
TRUST-N-05418,2026-09-20T02:41:57Z,DC-01,known software,signed,Known Publisher,benign
TRUST-N-07582,2026-09-20T02:42:28Z,HR-WS-08,known software,signed,Known Publisher,benign
TRUST-N-06425,2026-09-20T02:44:54Z,HR-WS-22,known software,trusted_internal,Known Publisher,benign
TRUST-N-03483,2026-09-20T02:45:11Z,FIN-WS-09,known software,trusted_internal,Known Publisher,benign
TRUST-N-05899,2026-09-20T02:45:21Z,FIN-WS-09,known software,signed,Known Publisher,benign
TRUST-N-03394,2026-09-20T02:47:18Z,HR-WS-08,known software,trusted_internal,Known Publisher,benign
TRUST-N-01967,2026-09-20T02:47:20Z,ENG-WS-17,known software,signed,Known Publisher,benign
TRUST-N-00602,2026-09-20T02:47:48Z,PATCH-01,known software,trusted_internal,Known Publisher,benign
TRUST-N-04659,2026-09-20T02:49:22Z,DC-01,known software,signed,Known Publisher,benign
TRUST-N-08890,2026-09-20T02:50:39Z,FIN-WS-09,known software,signed,Known Publisher,benign
TRUST-N-06936,2026-09-20T02:51:49Z,DC-01,known software,trusted_internal,Known Publisher,benign
TRUST-N-04467,2026-09-20T02:51:51Z,ENG-WS-17,known software,signed,Known Publisher,benign
TRUST-N-07729,2026-09-20T02:53:52Z,ENG-WS-17,known software,trusted_internal,Known Publisher,benign
TRUST-N-06432,2026-09-20T02:53:56Z,FIN-WS-09,known software,trusted_internal,Known Publisher,benign
TRUST-N-09100,2026-09-20T02:54:08Z,ENG-WS-17,known software,signed,Known Publisher,benign
TRUST-N-08886,2026-09-20T02:54:23Z,ENG-WS-17,known software,signed,Known Publisher,benign
TRUST-N-04070,2026-09-20T02:55:14Z,ENG-WS-17,known software,trusted_internal,Known Publisher,benign
TRUST-N-07755,2026-09-20T02:55:46Z,PATCH-01,known software,signed,Known Publisher,benign
TRUST-N-00413,2026-09-20T02:56:48Z,MGMT-01,known software,trusted_internal,Known Publisher,benign
TRUST-N-00870,2026-09-20T02:57:52Z,HR-WS-22,known software,trusted_internal,Known Publisher,benign
TRUST-N-09135,2026-09-20T02:58:00Z,DC-01,known software,trusted_internal,Known Publisher,benign
TRUST-N-01583,2026-09-20T02:58:16Z,HR-WS-08,known software,signed,Known Publisher,benign
TRUST-N-09431,2026-09-20T02:58:41Z,HR-WS-22,known software,signed,Known Publisher,benign
TRUST-N-05648,2026-09-20T02:58:48Z,ENG-WS-17,known software,signed,Known Publisher,benign
TRUST-N-03420,2026-09-20T02:59:05Z,ENG-WS-17,known software,signed,Known Publisher,benign
TRUST-N-04664,2026-09-20T02:59:31Z,FIN-WS-09,known software,signed,Known Publisher,benign
TRUST-N-08649,2026-09-20T03:00:27Z,HR-WS-22,known software,signed,Known Publisher,benign
TRUST-N-00511,2026-09-20T03:00:31Z,FIN-WS-09,known software,trusted_internal,Known Publisher,benign
TRUST-N-02482,2026-09-20T03:00:33Z,MGMT-01,known software,signed,Known Publisher,benign
TRUST-N-08461,2026-09-20T03:01:07Z,ENG-WS-17,known software,signed,Known Publisher,benign
TRUST-N-02141,2026-09-20T03:02:47Z,DC-01,known software,trusted_internal,Known Publisher,benign
TRUST-N-04548,2026-09-20T03:04:52Z,HR-WS-22,known software,trusted_internal,Known Publisher,benign
TRUST-N-02896,2026-09-20T03:04:53Z,HR-WS-08,known software,signed,Known Publisher,benign
TRUST-N-04681,2026-09-20T03:05:07Z,MGMT-01,known software,trusted_internal,Known Publisher,benign
TRUST-N-06725,2026-09-20T03:05:56Z,PATCH-01,known software,trusted_internal,Known Publisher,benign
TRUST-N-06537,2026-09-20T03:06:30Z,DC-01,known software,signed,Known Publisher,benign
TRUST-N-09965,2026-09-20T03:06:36Z,ENG-WS-17,known software,trusted_internal,Known Publisher,benign
TRUST-N-04138,2026-09-20T03:06:55Z,MGMT-01,known software,trusted_internal,Known Publisher,benign
TRUST-N-07770,2026-09-20T03:07:15Z,PATCH-01,known software,signed,Known Publisher,benign
TRUST-N-02490,2026-09-20T03:07:25Z,HR-WS-08,known software,signed,Known Publisher,benign
TRUST-N-08010,2026-09-20T03:07:43Z,FIN-WS-09,known software,trusted_internal,Known Publisher,benign
TRUST-N-04609,2026-09-20T03:08:57Z,DC-01,known software,signed,Known Publisher,benign
TRUST-N-03675,2026-09-20T03:09:18Z,DC-01,known software,trusted_internal,Known Publisher,benign
TRUST-N-09568,2026-09-20T03:09:32Z,DC-01,known software,signed,Known Publisher,benign
TRUST-N-04068,2026-09-20T03:10:39Z,FIN-WS-09,known software,signed,Known Publisher,benign
TRUST-N-09976,2026-09-20T03:10:44Z,MGMT-01,known software,trusted_internal,Known Publisher,benign
TRUST-N-09065,2026-09-20T03:11:34Z,ENG-WS-17,known software,signed,Known Publisher,benign
TRUST-N-05380,2026-09-20T03:13:01Z,HR-WS-22,known software,trusted_internal,Known Publisher,benign
TRUST-N-00627,2026-09-20T03:13:12Z,FIN-WS-09,known software,trusted_internal,Known Publisher,benign
TRUST-N-02503,2026-09-20T03:14:23Z,HR-WS-22,known software,signed,Known Publisher,benign
TRUST-N-02719,2026-09-20T03:14:27Z,HR-WS-22,known software,signed,Known Publisher,benign
TRUST-N-04679,2026-09-20T03:15:53Z,ENG-WS-17,known software,signed,Known Publisher,benign
TRUST-N-09954,2026-09-20T03:16:53Z,DC-01,known software,trusted_internal,Known Publisher,benign
TRUST-N-06611,2026-09-20T03:17:19Z,HR-WS-22,known software,signed,Known Publisher,benign
TRUST-N-07846,2026-09-20T03:17:21Z,PATCH-01,known software,signed,Known Publisher,benign
TRUST-N-02527,2026-09-20T03:17:22Z,APP-06,known software,signed,Known Publisher,benign
TRUST-N-05070,2026-09-20T03:18:14Z,FIN-WS-09,known software,trusted_internal,Known Publisher,benign
TRUST-N-01439,2026-09-20T03:19:35Z,FIN-WS-09,known software,trusted_internal,Known Publisher,benign
TRUST-N-06585,2026-09-20T03:19:41Z,ENG-WS-17,known software,trusted_internal,Known Publisher,benign
TRUST-N-06344,2026-09-20T03:20:05Z,MGMT-01,known software,signed,Known Publisher,benign
TRUST-N-09487,2026-09-20T03:20:12Z,PATCH-01,known software,trusted_internal,Known Publisher,benign
TRUST-N-04312,2026-09-20T03:20:39Z,MGMT-01,known software,trusted_internal,Known Publisher,benign
TRUST-N-00505,2026-09-20T03:21:01Z,FIN-WS-09,known software,trusted_internal,Known Publisher,benign
TRUST-N-02592,2026-09-20T03:22:27Z,APP-06,known software,signed,Known Publisher,benign
TRUST-N-03028,2026-09-20T03:23:20Z,HR-WS-22,known software,signed,Known Publisher,benign
TRUST-N-04928,2026-09-20T03:23:57Z,HR-WS-22,known software,trusted_internal,Known Publisher,benign
TRUST-N-00107,2026-09-20T03:24:13Z,FIN-WS-09,known software,signed,Known Publisher,benign
TRUST-N-02505,2026-09-20T03:24:38Z,MGMT-01,known software,trusted_internal,Known Publisher,benign
TRUST-N-09343,2026-09-20T03:27:20Z,HR-WS-08,known software,signed,Known Publisher,benign
TRUST-N-08576,2026-09-20T03:27:52Z,HR-WS-22,known software,trusted_internal,Known Publisher,benign
TRUST-N-04337,2026-09-20T03:27:54Z,HR-WS-08,known software,signed,Known Publisher,benign
TRUST-N-09564,2026-09-20T03:28:17Z,ENG-WS-17,known software,signed,Known Publisher,benign
TRUST-N-09474,2026-09-20T03:29:38Z,MGMT-01,known software,signed,Known Publisher,benign
TRUST-N-09372,2026-09-20T03:30:53Z,FIN-WS-09,known software,trusted_internal,Known Publisher,benign
TRUST-N-09437,2026-09-20T03:31:25Z,HR-WS-08,known software,signed,Known Publisher,benign
TRUST-N-02421,2026-09-20T03:31:43Z,HR-WS-08,known software,signed,Known Publisher,benign
TRUST-N-01849,2026-09-20T03:31:49Z,HR-WS-22,known software,signed,Known Publisher,benign
TRUST-N-09742,2026-09-20T03:31:59Z,APP-06,known software,trusted_internal,Known Publisher,benign
TRUST-N-00021,2026-09-20T03:32:02Z,ENG-WS-17,known software,trusted_internal,Known Publisher,benign
TRUST-N-06139,2026-09-20T03:32:02Z,HR-WS-08,known software,signed,Known Publisher,benign
TRUST-N-06796,2026-09-20T03:32:40Z,FIN-WS-09,known software,signed,Known Publisher,benign
TRUST-N-09547,2026-09-20T03:33:28Z,MGMT-01,known software,trusted_internal,Known Publisher,benign
TRUST-N-03169,2026-09-20T03:34:01Z,MGMT-01,known software,signed,Known Publisher,benign
TRUST-N-03390,2026-09-20T03:34:45Z,APP-06,known software,trusted_internal,Known Publisher,benign
TRUST-N-09364,2026-09-20T03:35:10Z,PATCH-01,known software,signed,Known Publisher,benign
TRUST-N-02590,2026-09-20T03:37:15Z,ENG-WS-17,known software,trusted_internal,Known Publisher,benign
TRUST-N-02629,2026-09-20T03:37:35Z,MGMT-01,known software,signed,Known Publisher,benign
TRUST-N-03512,2026-09-20T03:37:35Z,DC-01,known software,signed,Known Publisher,benign
TRUST-N-03439,2026-09-20T03:37:52Z,MGMT-01,known software,trusted_internal,Known Publisher,benign
TRUST-N-09734,2026-09-20T03:38:00Z,ENG-WS-17,known software,trusted_internal,Known Publisher,benign
TRUST-N-04486,2026-09-20T03:38:37Z,FIN-WS-09,known software,trusted_internal,Known Publisher,benign
TRUST-N-08030,2026-09-20T03:38:39Z,MGMT-01,known software,signed,Known Publisher,benign
TRUST-N-02621,2026-09-20T03:38:40Z,DC-01,known software,trusted_internal,Known Publisher,benign
TRUST-N-09864,2026-09-20T03:39:23Z,APP-06,known software,trusted_internal,Known Publisher,benign
TRUST-N-05794,2026-09-20T03:40:05Z,MGMT-01,known software,signed,Known Publisher,benign
TRUST-N-03576,2026-09-20T03:40:24Z,MGMT-01,known software,trusted_internal,Known Publisher,benign
TRUST-N-06569,2026-09-20T03:40:46Z,HR-WS-22,known software,trusted_internal,Known Publisher,benign
TRUST-N-02208,2026-09-20T03:41:38Z,FIN-WS-09,known software,signed,Known Publisher,benign
TRUST-N-02725,2026-09-20T03:41:59Z,HR-WS-22,known software,signed,Known Publisher,benign
TRUST-N-00276,2026-09-20T03:42:25Z,PATCH-01,known software,trusted_internal,Known Publisher,benign
TRUST-N-08588,2026-09-20T03:42:27Z,HR-WS-22,known software,signed,Known Publisher,benign
TRUST-N-04302,2026-09-20T03:42:31Z,HR-WS-22,known software,signed,Known Publisher,benign
TRUST-N-04631,2026-09-20T03:42:55Z,DC-01,known software,trusted_internal,Known Publisher,benign
TRUST-N-04353,2026-09-20T03:43:17Z,PATCH-01,known software,trusted_internal,Known Publisher,benign
TRUST-N-04904,2026-09-20T03:43:25Z,APP-06,known software,trusted_internal,Known Publisher,benign
TRUST-N-07569,2026-09-20T03:43:30Z,APP-06,known software,signed,Known Publisher,benign
TRUST-N-07998,2026-09-20T03:43:32Z,ENG-WS-17,known software,signed,Known Publisher,benign
TRUST-N-07165,2026-09-20T03:43:44Z,APP-06,known software,signed,Known Publisher,benign
TRUST-N-06589,2026-09-20T03:43:49Z,PATCH-01,known software,signed,Known Publisher,benign
TRUST-N-01634,2026-09-20T03:44:38Z,DC-01,known software,signed,Known Publisher,benign
TRUST-N-01354,2026-09-20T03:45:40Z,ENG-WS-17,known software,signed,Known Publisher,benign
TRUST-N-01400,2026-09-20T03:45:42Z,DC-01,known software,trusted_internal,Known Publisher,benign
TRUST-N-03796,2026-09-20T03:46:25Z,ENG-WS-17,known software,signed,Known Publisher,benign
TRUST-N-03876,2026-09-20T03:48:09Z,APP-06,known software,signed,Known Publisher,benign
TRUST-N-09225,2026-09-20T03:50:21Z,ENG-WS-17,known software,signed,Known Publisher,benign
TRUST-N-04108,2026-09-20T03:51:13Z,HR-WS-22,known software,signed,Known Publisher,benign
TRUST-N-04600,2026-09-20T03:52:16Z,DC-01,known software,signed,Known Publisher,benign
TRUST-N-00414,2026-09-20T03:52:47Z,ENG-WS-17,known software,trusted_internal,Known Publisher,benign
TRUST-N-00698,2026-09-20T03:52:55Z,HR-WS-08,known software,signed,Known Publisher,benign
TRUST-N-05700,2026-09-20T03:53:38Z,APP-06,known software,trusted_internal,Known Publisher,benign
TRUST-N-01977,2026-09-20T03:53:41Z,FIN-WS-09,known software,trusted_internal,Known Publisher,benign
TRUST-N-09493,2026-09-20T03:53:41Z,MGMT-01,known software,trusted_internal,Known Publisher,benign
TRUST-N-07676,2026-09-20T03:54:39Z,HR-WS-08,known software,signed,Known Publisher,benign
TRUST-N-01308,2026-09-20T03:55:27Z,MGMT-01,known software,signed,Known Publisher,benign
TRUST-N-03010,2026-09-20T03:55:46Z,ENG-WS-17,known software,trusted_internal,Known Publisher,benign
TRUST-N-00412,2026-09-20T03:56:00Z,DC-01,known software,signed,Known Publisher,benign
TRUST-N-03958,2026-09-20T03:56:54Z,DC-01,known software,signed,Known Publisher,benign
TRUST-N-06455,2026-09-20T03:57:23Z,PATCH-01,known software,trusted_internal,Known Publisher,benign
TRUST-N-09804,2026-09-20T03:57:39Z,DC-01,known software,trusted_internal,Known Publisher,benign
TRUST-N-01622,2026-09-20T03:57:42Z,FIN-WS-09,known software,signed,Known Publisher,benign
TRUST-N-08565,2026-09-20T03:57:53Z,PATCH-01,known software,trusted_internal,Known Publisher,benign
TRUST-N-09875,2026-09-20T03:57:53Z,DC-01,known software,signed,Known Publisher,benign
TRUST-N-01761,2026-09-20T03:57:58Z,MGMT-01,known software,signed,Known Publisher,benign
TRUST-N-02188,2026-09-20T03:57:58Z,HR-WS-22,known software,trusted_internal,Known Publisher,benign
TRUST-N-03975,2026-09-20T03:59:14Z,HR-WS-08,known software,trusted_internal,Known Publisher,benign
TRUST-N-00963,2026-09-20T04:00:04Z,HR-WS-22,known software,signed,Known Publisher,benign
TRUST-N-08958,2026-09-20T04:01:19Z,HR-WS-22,known software,trusted_internal,Known Publisher,benign
TRUST-N-08372,2026-09-20T04:02:45Z,HR-WS-22,known software,signed,Known Publisher,benign
TRUST-N-01418,2026-09-20T04:03:17Z,ENG-WS-17,known software,trusted_internal,Known Publisher,benign
TRUST-N-08612,2026-09-20T04:04:19Z,HR-WS-08,known software,signed,Known Publisher,benign
TRUST-N-08045,2026-09-20T04:04:47Z,FIN-WS-09,known software,signed,Known Publisher,benign
TRUST-N-02323,2026-09-20T04:06:22Z,ENG-WS-17,known software,signed,Known Publisher,benign
TRUST-N-00271,2026-09-20T04:06:46Z,HR-WS-22,known software,trusted_internal,Known Publisher,benign
TRUST-N-02679,2026-09-20T04:08:19Z,APP-06,known software,trusted_internal,Known Publisher,benign
TRUST-N-08647,2026-09-20T04:08:31Z,DC-01,known software,trusted_internal,Known Publisher,benign
TRUST-N-09169,2026-09-20T04:09:56Z,HR-WS-08,known software,signed,Known Publisher,benign
TRUST-N-08833,2026-09-20T04:10:24Z,DC-01,known software,trusted_internal,Known Publisher,benign
TRUST-N-05931,2026-09-20T04:10:40Z,MGMT-01,known software,signed,Known Publisher,benign
TRUST-N-07519,2026-09-20T04:11:00Z,MGMT-01,known software,signed,Known Publisher,benign
TRUST-N-05221,2026-09-20T04:11:04Z,APP-06,known software,signed,Known Publisher,benign
TRUST-N-01786,2026-09-20T04:11:19Z,ENG-WS-17,known software,signed,Known Publisher,benign
TRUST-N-08975,2026-09-20T04:11:19Z,HR-WS-22,known software,trusted_internal,Known Publisher,benign
TRUST-N-06237,2026-09-20T04:12:31Z,ENG-WS-17,known software,signed,Known Publisher,benign
TRUST-N-09335,2026-09-20T04:12:46Z,MGMT-01,known software,signed,Known Publisher,benign
TRUST-N-07429,2026-09-20T04:12:58Z,PATCH-01,known software,signed,Known Publisher,benign
TRUST-N-00744,2026-09-20T04:13:06Z,PATCH-01,known software,trusted_internal,Known Publisher,benign
TRUST-N-09674,2026-09-20T04:13:25Z,PATCH-01,known software,signed,Known Publisher,benign
TRUST-N-03553,2026-09-20T04:13:34Z,MGMT-01,known software,trusted_internal,Known Publisher,benign
TRUST-N-04166,2026-09-20T04:13:54Z,FIN-WS-09,known software,signed,Known Publisher,benign
TRUST-N-05473,2026-09-20T04:16:43Z,ENG-WS-17,known software,signed,Known Publisher,benign
TRUST-N-04535,2026-09-20T04:16:51Z,APP-06,known software,signed,Known Publisher,benign
TRUST-N-01726,2026-09-20T04:17:04Z,HR-WS-08,known software,trusted_internal,Known Publisher,benign
TRUST-N-00563,2026-09-20T04:19:05Z,APP-06,known software,signed,Known Publisher,benign
TRUST-N-09033,2026-09-20T04:19:11Z,FIN-WS-09,known software,trusted_internal,Known Publisher,benign
TRUST-N-06774,2026-09-20T04:19:22Z,ENG-WS-17,known software,signed,Known Publisher,benign
TRUST-N-07781,2026-09-20T04:19:29Z,HR-WS-22,known software,signed,Known Publisher,benign
TRUST-N-03381,2026-09-20T04:20:02Z,PATCH-01,known software,trusted_internal,Known Publisher,benign
TRUST-N-00841,2026-09-20T04:22:00Z,FIN-WS-09,known software,trusted_internal,Known Publisher,benign
TRUST-N-03571,2026-09-20T04:22:21Z,HR-WS-22,known software,trusted_internal,Known Publisher,benign
TRUST-N-06035,2026-09-20T04:22:58Z,HR-WS-08,known software,signed,Known Publisher,benign
TRUST-N-00956,2026-09-20T04:23:09Z,APP-06,known software,trusted_internal,Known Publisher,benign
TRUST-N-02332,2026-09-20T04:23:26Z,FIN-WS-09,known software,trusted_internal,Known Publisher,benign
TRUST-N-09421,2026-09-20T04:23:48Z,PATCH-01,known software,signed,Known Publisher,benign
TRUST-N-07546,2026-09-20T04:24:08Z,APP-06,known software,signed,Known Publisher,benign
TRUST-N-02871,2026-09-20T04:24:14Z,DC-01,known software,trusted_internal,Known Publisher,benign
TRUST-N-00919,2026-09-20T04:24:30Z,PATCH-01,known software,signed,Known Publisher,benign
TRUST-N-07620,2026-09-20T04:24:37Z,HR-WS-08,known software,signed,Known Publisher,benign
TRUST-N-05777,2026-09-20T04:24:52Z,PATCH-01,known software,signed,Known Publisher,benign
TRUST-N-07236,2026-09-20T04:25:00Z,HR-WS-08,known software,signed,Known Publisher,benign
TRUST-N-09800,2026-09-20T04:25:16Z,MGMT-01,known software,signed,Known Publisher,benign
TRUST-N-08109,2026-09-20T04:26:24Z,HR-WS-08,known software,signed,Known Publisher,benign
TRUST-N-09291,2026-09-20T04:27:29Z,DC-01,known software,signed,Known Publisher,benign
TRUST-N-08944,2026-09-20T04:27:36Z,FIN-WS-09,known software,trusted_internal,Known Publisher,benign
TRUST-N-09084,2026-09-20T04:28:07Z,MGMT-01,known software,trusted_internal,Known Publisher,benign
TRUST-N-03538,2026-09-20T04:28:08Z,PATCH-01,known software,trusted_internal,Known Publisher,benign
TRUST-N-03351,2026-09-20T04:28:47Z,DC-01,known software,trusted_internal,Known Publisher,benign
TRUST-N-00494,2026-09-20T04:28:49Z,ENG-WS-17,known software,signed,Known Publisher,benign
TRUST-N-02633,2026-09-20T04:30:18Z,DC-01,known software,signed,Known Publisher,benign
TRUST-N-01889,2026-09-20T04:31:28Z,ENG-WS-17,known software,signed,Known Publisher,benign
TRUST-N-02969,2026-09-20T04:31:48Z,HR-WS-22,known software,trusted_internal,Known Publisher,benign
TRUST-N-04700,2026-09-20T04:32:04Z,PATCH-01,known software,trusted_internal,Known Publisher,benign
TRUST-N-04018,2026-09-20T04:32:11Z,ENG-WS-17,known software,trusted_internal,Known Publisher,benign
TRUST-N-02430,2026-09-20T04:32:36Z,MGMT-01,known software,trusted_internal,Known Publisher,benign
TRUST-N-06008,2026-09-20T04:33:56Z,MGMT-01,known software,trusted_internal,Known Publisher,benign
TRUST-N-05007,2026-09-20T04:34:08Z,HR-WS-08,known software,trusted_internal,Known Publisher,benign
TRUST-N-03211,2026-09-20T04:34:12Z,FIN-WS-09,known software,trusted_internal,Known Publisher,benign
TRUST-N-00036,2026-09-20T04:35:32Z,HR-WS-22,known software,trusted_internal,Known Publisher,benign
TRUST-N-01073,2026-09-20T04:35:40Z,MGMT-01,known software,trusted_internal,Known Publisher,benign
TRUST-N-08872,2026-09-20T04:35:43Z,FIN-WS-09,known software,signed,Known Publisher,benign
TRUST-N-01217,2026-09-20T04:36:20Z,MGMT-01,known software,signed,Known Publisher,benign
TRUST-N-02801,2026-09-20T04:36:59Z,MGMT-01,known software,trusted_internal,Known Publisher,benign
TRUST-N-09888,2026-09-20T04:37:07Z,DC-01,known software,signed,Known Publisher,benign
TRUST-N-01682,2026-09-20T04:37:49Z,HR-WS-08,known software,trusted_internal,Known Publisher,benign
TRUST-N-06662,2026-09-20T04:37:54Z,FIN-WS-09,known software,signed,Known Publisher,benign
TRUST-N-04864,2026-09-20T04:38:59Z,MGMT-01,known software,signed,Known Publisher,benign
TRUST-N-03360,2026-09-20T04:41:25Z,FIN-WS-09,known software,trusted_internal,Known Publisher,benign
TRUST-N-01411,2026-09-20T04:42:00Z,DC-01,known software,signed,Known Publisher,benign
TRUST-N-07683,2026-09-20T04:42:04Z,PATCH-01,known software,trusted_internal,Known Publisher,benign
TRUST-N-01585,2026-09-20T04:42:19Z,HR-WS-22,known software,signed,Known Publisher,benign
TRUST-N-05059,2026-09-20T04:42:38Z,FIN-WS-09,known software,trusted_internal,Known Publisher,benign
TRUST-N-03271,2026-09-20T04:43:07Z,MGMT-01,known software,trusted_internal,Known Publisher,benign
TRUST-N-05452,2026-09-20T04:44:44Z,FIN-WS-09,known software,signed,Known Publisher,benign
TRUST-N-00932,2026-09-20T04:46:05Z,ENG-WS-17,known software,trusted_internal,Known Publisher,benign
TRUST-N-07663,2026-09-20T04:47:26Z,HR-WS-22,known software,trusted_internal,Known Publisher,benign
TRUST-N-00580,2026-09-20T04:47:52Z,ENG-WS-17,known software,trusted_internal,Known Publisher,benign
TRUST-N-04395,2026-09-20T04:48:00Z,MGMT-01,known software,trusted_internal,Known Publisher,benign
TRUST-N-08297,2026-09-20T04:48:50Z,ENG-WS-17,known software,trusted_internal,Known Publisher,benign
TRUST-N-09907,2026-09-20T04:48:53Z,MGMT-01,known software,trusted_internal,Known Publisher,benign
TRUST-N-08953,2026-09-20T04:49:29Z,PATCH-01,known software,trusted_internal,Known Publisher,benign
TRUST-N-09014,2026-09-20T04:50:00Z,PATCH-01,known software,trusted_internal,Known Publisher,benign
TRUST-N-07856,2026-09-20T04:50:17Z,MGMT-01,known software,signed,Known Publisher,benign
TRUST-N-00508,2026-09-20T04:51:11Z,HR-WS-22,known software,signed,Known Publisher,benign
TRUST-N-07280,2026-09-20T04:51:29Z,HR-WS-22,known software,trusted_internal,Known Publisher,benign
TRUST-N-07506,2026-09-20T04:53:39Z,APP-06,known software,signed,Known Publisher,benign
TRUST-N-06881,2026-09-20T04:53:48Z,FIN-WS-09,known software,trusted_internal,Known Publisher,benign
TRUST-N-08084,2026-09-20T04:56:05Z,FIN-WS-09,known software,signed,Known Publisher,benign
TRUST-N-06305,2026-09-20T04:58:24Z,HR-WS-22,known software,trusted_internal,Known Publisher,benign
TRUST-N-04956,2026-09-20T04:59:32Z,HR-WS-08,known software,signed,Known Publisher,benign
TRUST-N-08248,2026-09-20T05:00:33Z,HR-WS-22,known software,trusted_internal,Known Publisher,benign
TRUST-N-01590,2026-09-20T05:01:04Z,ENG-WS-17,known software,trusted_internal,Known Publisher,benign
TRUST-N-02710,2026-09-20T05:01:04Z,APP-06,known software,trusted_internal,Known Publisher,benign
TRUST-N-05660,2026-09-20T05:01:10Z,MGMT-01,known software,trusted_internal,Known Publisher,benign
TRUST-N-04430,2026-09-20T05:01:29Z,ENG-WS-17,known software,trusted_internal,Known Publisher,benign
TRUST-N-09352,2026-09-20T05:01:47Z,HR-WS-22,known software,trusted_internal,Known Publisher,benign
TRUST-N-05178,2026-09-20T05:02:11Z,APP-06,known software,signed,Known Publisher,benign
TRUST-N-07590,2026-09-20T05:03:01Z,APP-06,known software,signed,Known Publisher,benign
TRUST-N-00547,2026-09-20T05:03:04Z,APP-06,known software,trusted_internal,Known Publisher,benign
TRUST-N-05084,2026-09-20T05:03:49Z,FIN-WS-09,known software,signed,Known Publisher,benign
TRUST-N-06788,2026-09-20T05:04:27Z,APP-06,known software,signed,Known Publisher,benign
TRUST-N-06790,2026-09-20T05:05:10Z,DC-01,known software,signed,Known Publisher,benign
TRUST-N-02018,2026-09-20T05:05:34Z,ENG-WS-17,known software,trusted_internal,Known Publisher,benign
TRUST-N-03839,2026-09-20T05:05:42Z,APP-06,known software,trusted_internal,Known Publisher,benign
TRUST-N-05227,2026-09-20T05:07:29Z,FIN-WS-09,known software,signed,Known Publisher,benign
TRUST-N-04644,2026-09-20T05:08:51Z,MGMT-01,known software,signed,Known Publisher,benign
TRUST-N-04993,2026-09-20T05:08:57Z,MGMT-01,known software,trusted_internal,Known Publisher,benign
TRUST-N-01032,2026-09-20T05:10:35Z,HR-WS-22,known software,trusted_internal,Known Publisher,benign
TRUST-N-02264,2026-09-20T05:10:48Z,PATCH-01,known software,trusted_internal,Known Publisher,benign
TRUST-N-05188,2026-09-20T05:11:37Z,APP-06,known software,trusted_internal,Known Publisher,benign
TRUST-N-08397,2026-09-20T05:11:46Z,HR-WS-08,known software,trusted_internal,Known Publisher,benign
TRUST-N-07973,2026-09-20T05:12:57Z,ENG-WS-17,known software,signed,Known Publisher,benign
TRUST-N-01988,2026-09-20T05:13:31Z,ENG-WS-17,known software,signed,Known Publisher,benign
TRUST-N-03338,2026-09-20T05:13:44Z,APP-06,known software,trusted_internal,Known Publisher,benign
TRUST-N-00371,2026-09-20T05:14:37Z,MGMT-01,known software,signed,Known Publisher,benign
TRUST-N-08766,2026-09-20T05:15:51Z,HR-WS-22,known software,signed,Known Publisher,benign
TRUST-N-00343,2026-09-20T05:16:41Z,PATCH-01,known software,signed,Known Publisher,benign
TRUST-N-06911,2026-09-20T05:16:55Z,ENG-WS-17,known software,trusted_internal,Known Publisher,benign
TRUST-N-04295,2026-09-20T05:16:56Z,HR-WS-08,known software,signed,Known Publisher,benign
TRUST-N-00973,2026-09-20T05:17:05Z,ENG-WS-17,known software,signed,Known Publisher,benign
TRUST-N-08629,2026-09-20T05:17:19Z,MGMT-01,known software,trusted_internal,Known Publisher,benign
TRUST-N-03107,2026-09-20T05:19:23Z,HR-WS-22,known software,trusted_internal,Known Publisher,benign
TRUST-N-04403,2026-09-20T05:20:01Z,APP-06,known software,trusted_internal,Known Publisher,benign
TRUST-N-06176,2026-09-20T05:20:02Z,MGMT-01,known software,signed,Known Publisher,benign
TRUST-N-03222,2026-09-20T05:20:23Z,MGMT-01,known software,trusted_internal,Known Publisher,benign
TRUST-N-04718,2026-09-20T05:22:23Z,FIN-WS-09,known software,signed,Known Publisher,benign
TRUST-N-07448,2026-09-20T05:24:24Z,PATCH-01,known software,trusted_internal,Known Publisher,benign
TRUST-N-07774,2026-09-20T05:24:52Z,HR-WS-08,known software,signed,Known Publisher,benign
TRUST-N-08525,2026-09-20T05:25:46Z,FIN-WS-09,known software,trusted_internal,Known Publisher,benign
TRUST-N-02667,2026-09-20T05:25:58Z,HR-WS-22,known software,signed,Known Publisher,benign
TRUST-N-05902,2026-09-20T05:26:04Z,MGMT-01,known software,trusted_internal,Known Publisher,benign
TRUST-N-07282,2026-09-20T05:26:41Z,APP-06,known software,signed,Known Publisher,benign
TRUST-N-06110,2026-09-20T05:27:19Z,ENG-WS-17,known software,trusted_internal,Known Publisher,benign
TRUST-N-00417,2026-09-20T05:28:11Z,DC-01,known software,trusted_internal,Known Publisher,benign
TRUST-N-05283,2026-09-20T05:29:22Z,APP-06,known software,signed,Known Publisher,benign
TRUST-N-08971,2026-09-20T05:29:32Z,PATCH-01,known software,trusted_internal,Known Publisher,benign
TRUST-N-05983,2026-09-20T05:29:49Z,APP-06,known software,trusted_internal,Known Publisher,benign
TRUST-N-03348,2026-09-20T05:30:10Z,ENG-WS-17,known software,trusted_internal,Known Publisher,benign
TRUST-N-08453,2026-09-20T05:30:31Z,MGMT-01,known software,signed,Known Publisher,benign
TRUST-N-05345,2026-09-20T05:30:40Z,MGMT-01,known software,signed,Known Publisher,benign
TRUST-N-00509,2026-09-20T05:30:51Z,ENG-WS-17,known software,signed,Known Publisher,benign
TRUST-N-02378,2026-09-20T05:31:00Z,APP-06,known software,signed,Known Publisher,benign
TRUST-N-05002,2026-09-20T05:31:17Z,ENG-WS-17,known software,signed,Known Publisher,benign
TRUST-N-02832,2026-09-20T05:32:31Z,DC-01,known software,signed,Known Publisher,benign
TRUST-N-09314,2026-09-20T05:33:51Z,FIN-WS-09,known software,trusted_internal,Known Publisher,benign
TRUST-N-03026,2026-09-20T05:34:11Z,MGMT-01,known software,trusted_internal,Known Publisher,benign
TRUST-N-00344,2026-09-20T05:34:21Z,DC-01,known software,trusted_internal,Known Publisher,benign
TRUST-N-02837,2026-09-20T05:34:58Z,ENG-WS-17,known software,signed,Known Publisher,benign
TRUST-N-08668,2026-09-20T05:34:59Z,HR-WS-08,known software,signed,Known Publisher,benign
TRUST-N-05142,2026-09-20T05:36:11Z,APP-06,known software,trusted_internal,Known Publisher,benign
TRUST-N-07034,2026-09-20T05:36:53Z,HR-WS-08,known software,trusted_internal,Known Publisher,benign
TRUST-N-01800,2026-09-20T05:37:19Z,MGMT-01,known software,signed,Known Publisher,benign
TRUST-N-09781,2026-09-20T05:37:24Z,APP-06,known software,trusted_internal,Known Publisher,benign
TRUST-N-09633,2026-09-20T05:37:45Z,HR-WS-08,known software,trusted_internal,Known Publisher,benign
TRUST-N-00032,2026-09-20T05:37:51Z,HR-WS-22,known software,signed,Known Publisher,benign
TRUST-N-04920,2026-09-20T05:38:33Z,HR-WS-08,known software,trusted_internal,Known Publisher,benign
TRUST-N-04162,2026-09-20T05:39:00Z,MGMT-01,known software,trusted_internal,Known Publisher,benign
TRUST-N-08670,2026-09-20T05:39:42Z,FIN-WS-09,known software,trusted_internal,Known Publisher,benign
TRUST-N-07839,2026-09-20T05:42:37Z,HR-WS-22,known software,signed,Known Publisher,benign
TRUST-N-04101,2026-09-20T05:43:06Z,PATCH-01,known software,signed,Known Publisher,benign
TRUST-N-07716,2026-09-20T05:43:45Z,HR-WS-08,known software,trusted_internal,Known Publisher,benign
TRUST-N-00404,2026-09-20T05:43:53Z,HR-WS-08,known software,signed,Known Publisher,benign
TRUST-N-07017,2026-09-20T05:44:19Z,FIN-WS-09,known software,signed,Known Publisher,benign
TRUST-N-06842,2026-09-20T05:44:32Z,PATCH-01,known software,trusted_internal,Known Publisher,benign
TRUST-N-07914,2026-09-20T05:46:59Z,ENG-WS-17,known software,trusted_internal,Known Publisher,benign
TRUST-N-01667,2026-09-20T05:47:23Z,ENG-WS-17,known software,signed,Known Publisher,benign
TRUST-N-07481,2026-09-20T05:49:31Z,DC-01,known software,trusted_internal,Known Publisher,benign
TRUST-N-05285,2026-09-20T05:50:07Z,FIN-WS-09,known software,trusted_internal,Known Publisher,benign
TRUST-N-05526,2026-09-20T05:50:43Z,DC-01,known software,trusted_internal,Known Publisher,benign
TRUST-N-02435,2026-09-20T05:50:56Z,MGMT-01,known software,signed,Known Publisher,benign
TRUST-N-06830,2026-09-20T05:54:44Z,DC-01,known software,trusted_internal,Known Publisher,benign
TRUST-N-03794,2026-09-20T05:55:24Z,DC-01,known software,signed,Known Publisher,benign
TRUST-N-07459,2026-09-20T05:55:52Z,HR-WS-08,known software,trusted_internal,Known Publisher,benign
TRUST-N-03150,2026-09-20T05:56:19Z,HR-WS-08,known software,trusted_internal,Known Publisher,benign
TRUST-N-09725,2026-09-20T05:56:35Z,ENG-WS-17,known software,signed,Known Publisher,benign
TRUST-N-07522,2026-09-20T05:57:06Z,FIN-WS-09,known software,trusted_internal,Known Publisher,benign
TRUST-N-09013,2026-09-20T05:57:30Z,FIN-WS-09,known software,signed,Known Publisher,benign
TRUST-N-02413,2026-09-20T05:58:47Z,DC-01,known software,signed,Known Publisher,benign
TRUST-N-09951,2026-09-20T05:59:23Z,HR-WS-08,known software,signed,Known Publisher,benign
TRUST-N-02297,2026-09-20T06:00:11Z,FIN-WS-09,known software,trusted_internal,Known Publisher,benign
TRUST-N-02759,2026-09-20T06:00:13Z,HR-WS-22,known software,trusted_internal,Known Publisher,benign
TRUST-N-07221,2026-09-20T06:00:16Z,FIN-WS-09,known software,trusted_internal,Known Publisher,benign
TRUST-N-09679,2026-09-20T06:00:22Z,ENG-WS-17,known software,signed,Known Publisher,benign
TRUST-N-05688,2026-09-20T06:01:41Z,MGMT-01,known software,trusted_internal,Known Publisher,benign
TRUST-N-04279,2026-09-20T06:02:59Z,PATCH-01,known software,signed,Known Publisher,benign
TRUST-N-08503,2026-09-20T06:03:12Z,ENG-WS-17,known software,trusted_internal,Known Publisher,benign
TRUST-N-06592,2026-09-20T06:03:17Z,APP-06,known software,trusted_internal,Known Publisher,benign
TRUST-N-01185,2026-09-20T06:05:26Z,MGMT-01,known software,signed,Known Publisher,benign
TRUST-N-04995,2026-09-20T06:06:38Z,FIN-WS-09,known software,signed,Known Publisher,benign
TRUST-N-06506,2026-09-20T06:08:27Z,HR-WS-22,known software,trusted_internal,Known Publisher,benign
TRUST-N-00937,2026-09-20T06:09:14Z,PATCH-01,known software,trusted_internal,Known Publisher,benign
TRUST-N-00883,2026-09-20T06:09:17Z,MGMT-01,known software,trusted_internal,Known Publisher,benign
TRUST-N-09905,2026-09-20T06:09:20Z,HR-WS-08,known software,signed,Known Publisher,benign
TRUST-N-06056,2026-09-20T06:10:55Z,PATCH-01,known software,signed,Known Publisher,benign
TRUST-N-03299,2026-09-20T06:12:01Z,ENG-WS-17,known software,trusted_internal,Known Publisher,benign
TRUST-N-06565,2026-09-20T06:12:18Z,FIN-WS-09,known software,trusted_internal,Known Publisher,benign
TRUST-N-05376,2026-09-20T06:12:27Z,ENG-WS-17,known software,trusted_internal,Known Publisher,benign
TRUST-N-01775,2026-09-20T06:12:50Z,FIN-WS-09,known software,trusted_internal,Known Publisher,benign
TRUST-N-09769,2026-09-20T06:14:08Z,ENG-WS-17,known software,signed,Known Publisher,benign
TRUST-N-05195,2026-09-20T06:14:25Z,APP-06,known software,trusted_internal,Known Publisher,benign
TRUST-N-09376,2026-09-20T06:14:42Z,DC-01,known software,signed,Known Publisher,benign
TRUST-N-09627,2026-09-20T06:15:02Z,APP-06,known software,signed,Known Publisher,benign
TRUST-N-04399,2026-09-20T06:15:30Z,FIN-WS-09,known software,signed,Known Publisher,benign
TRUST-N-02818,2026-09-20T06:15:39Z,PATCH-01,known software,signed,Known Publisher,benign
TRUST-N-08907,2026-09-20T06:17:30Z,HR-WS-22,known software,signed,Known Publisher,benign
TRUST-N-01496,2026-09-20T06:18:05Z,FIN-WS-09,known software,trusted_internal,Known Publisher,benign
TRUST-N-05612,2026-09-20T06:18:12Z,FIN-WS-09,known software,trusted_internal,Known Publisher,benign
TRUST-N-04255,2026-09-20T06:19:35Z,PATCH-01,known software,signed,Known Publisher,benign
TRUST-N-05314,2026-09-20T06:20:20Z,PATCH-01,known software,signed,Known Publisher,benign
TRUST-N-02740,2026-09-20T06:21:35Z,MGMT-01,known software,signed,Known Publisher,benign
TRUST-N-09255,2026-09-20T06:21:39Z,MGMT-01,known software,trusted_internal,Known Publisher,benign
TRUST-N-07159,2026-09-20T06:21:47Z,HR-WS-08,known software,signed,Known Publisher,benign
TRUST-N-00735,2026-09-20T06:22:26Z,APP-06,known software,signed,Known Publisher,benign
TRUST-N-06999,2026-09-20T06:22:55Z,DC-01,known software,signed,Known Publisher,benign
TRUST-N-08430,2026-09-20T06:23:06Z,PATCH-01,known software,signed,Known Publisher,benign
TRUST-N-05936,2026-09-20T06:23:21Z,APP-06,known software,signed,Known Publisher,benign
TRUST-N-09412,2026-09-20T06:23:50Z,PATCH-01,known software,signed,Known Publisher,benign
TRUST-N-01234,2026-09-20T06:24:00Z,APP-06,known software,trusted_internal,Known Publisher,benign
TRUST-N-02009,2026-09-20T06:24:03Z,PATCH-01,known software,signed,Known Publisher,benign
TRUST-N-07273,2026-09-20T06:24:20Z,HR-WS-08,known software,trusted_internal,Known Publisher,benign
TRUST-N-08411,2026-09-20T06:24:32Z,MGMT-01,known software,signed,Known Publisher,benign
TRUST-N-05636,2026-09-20T06:25:22Z,APP-06,known software,trusted_internal,Known Publisher,benign
TRUST-N-04998,2026-09-20T06:26:05Z,ENG-WS-17,known software,signed,Known Publisher,benign
TRUST-N-06710,2026-09-20T06:26:06Z,DC-01,known software,signed,Known Publisher,benign
TRUST-N-06586,2026-09-20T06:27:35Z,HR-WS-08,known software,signed,Known Publisher,benign
TRUST-N-03960,2026-09-20T06:28:20Z,HR-WS-22,known software,signed,Known Publisher,benign
TRUST-N-06687,2026-09-20T06:28:48Z,ENG-WS-17,known software,trusted_internal,Known Publisher,benign
TRUST-N-08513,2026-09-20T06:29:33Z,APP-06,known software,signed,Known Publisher,benign
TRUST-N-08120,2026-09-20T06:29:38Z,HR-WS-08,known software,signed,Known Publisher,benign
TRUST-N-01552,2026-09-20T06:31:18Z,PATCH-01,known software,signed,Known Publisher,benign
TRUST-N-02730,2026-09-20T06:31:24Z,HR-WS-08,known software,trusted_internal,Known Publisher,benign
TRUST-N-07396,2026-09-20T06:32:01Z,HR-WS-08,known software,trusted_internal,Known Publisher,benign
TRUST-N-03765,2026-09-20T06:32:15Z,APP-06,known software,trusted_internal,Known Publisher,benign
TRUST-N-05204,2026-09-20T06:32:32Z,ENG-WS-17,known software,trusted_internal,Known Publisher,benign
TRUST-N-03530,2026-09-20T06:33:05Z,HR-WS-08,known software,trusted_internal,Known Publisher,benign
TRUST-N-06488,2026-09-20T06:34:05Z,MGMT-01,known software,trusted_internal,Known Publisher,benign
TRUST-N-05887,2026-09-20T06:35:15Z,APP-06,known software,signed,Known Publisher,benign
TRUST-N-07043,2026-09-20T06:35:34Z,DC-01,known software,signed,Known Publisher,benign
TRUST-N-09405,2026-09-20T06:36:14Z,APP-06,known software,trusted_internal,Known Publisher,benign
TRUST-N-09982,2026-09-20T06:37:12Z,APP-06,known software,signed,Known Publisher,benign
TRUST-N-06603,2026-09-20T06:38:14Z,PATCH-01,known software,signed,Known Publisher,benign
TRUST-N-02637,2026-09-20T06:40:20Z,APP-06,known software,trusted_internal,Known Publisher,benign
TRUST-N-01286,2026-09-20T06:40:33Z,DC-01,known software,signed,Known Publisher,benign
TRUST-N-02410,2026-09-20T06:40:35Z,HR-WS-08,known software,signed,Known Publisher,benign
TRUST-N-05615,2026-09-20T06:41:25Z,MGMT-01,known software,trusted_internal,Known Publisher,benign
TRUST-N-05743,2026-09-20T06:41:44Z,DC-01,known software,trusted_internal,Known Publisher,benign
TRUST-N-07211,2026-09-20T06:41:53Z,HR-WS-22,known software,signed,Known Publisher,benign
TRUST-N-09375,2026-09-20T06:41:54Z,ENG-WS-17,known software,signed,Known Publisher,benign
TRUST-N-05143,2026-09-20T06:43:50Z,PATCH-01,known software,signed,Known Publisher,benign
TRUST-N-09253,2026-09-20T06:44:00Z,MGMT-01,known software,trusted_internal,Known Publisher,benign
TRUST-N-09751,2026-09-20T06:44:21Z,HR-WS-22,known software,trusted_internal,Known Publisher,benign
TRUST-N-03429,2026-09-20T06:44:33Z,DC-01,known software,signed,Known Publisher,benign
TRUST-N-01153,2026-09-20T06:44:36Z,DC-01,known software,signed,Known Publisher,benign
TRUST-N-04151,2026-09-20T06:44:52Z,MGMT-01,known software,trusted_internal,Known Publisher,benign
TRUST-N-07484,2026-09-20T06:46:20Z,ENG-WS-17,known software,signed,Known Publisher,benign
TRUST-N-05713,2026-09-20T06:46:29Z,ENG-WS-17,known software,signed,Known Publisher,benign
TRUST-N-07837,2026-09-20T06:47:44Z,APP-06,known software,signed,Known Publisher,benign
TRUST-N-02312,2026-09-20T06:48:06Z,HR-WS-08,known software,trusted_internal,Known Publisher,benign
TRUST-N-09933,2026-09-20T06:48:08Z,PATCH-01,known software,signed,Known Publisher,benign
TRUST-N-08826,2026-09-20T06:48:10Z,PATCH-01,known software,signed,Known Publisher,benign
TRUST-N-02887,2026-09-20T06:48:23Z,APP-06,known software,signed,Known Publisher,benign
TRUST-N-02145,2026-09-20T06:48:59Z,HR-WS-22,known software,signed,Known Publisher,benign
TRUST-N-01812,2026-09-20T06:49:58Z,PATCH-01,known software,trusted_internal,Known Publisher,benign
TRUST-N-01703,2026-09-20T06:50:09Z,DC-01,known software,trusted_internal,Known Publisher,benign
TRUST-N-03840,2026-09-20T06:50:38Z,FIN-WS-09,known software,trusted_internal,Known Publisher,benign
TRUST-N-04048,2026-09-20T06:51:22Z,PATCH-01,known software,trusted_internal,Known Publisher,benign
TRUST-N-08123,2026-09-20T06:51:35Z,MGMT-01,known software,signed,Known Publisher,benign
TRUST-N-01204,2026-09-20T06:51:52Z,PATCH-01,known software,trusted_internal,Known Publisher,benign
TRUST-N-05773,2026-09-20T06:52:44Z,HR-WS-22,known software,signed,Known Publisher,benign
TRUST-N-03672,2026-09-20T06:52:48Z,APP-06,known software,trusted_internal,Known Publisher,benign
TRUST-N-06824,2026-09-20T06:53:07Z,APP-06,known software,trusted_internal,Known Publisher,benign
TRUST-N-00492,2026-09-20T06:53:21Z,FIN-WS-09,known software,trusted_internal,Known Publisher,benign
TRUST-N-09747,2026-09-20T06:53:40Z,DC-01,known software,signed,Known Publisher,benign
TRUST-N-08955,2026-09-20T06:54:36Z,MGMT-01,known software,signed,Known Publisher,benign
TRUST-N-00843,2026-09-20T06:55:41Z,APP-06,known software,signed,Known Publisher,benign
TRUST-N-07533,2026-09-20T06:56:02Z,FIN-WS-09,known software,signed,Known Publisher,benign
TRUST-N-03019,2026-09-20T06:56:21Z,HR-WS-08,known software,signed,Known Publisher,benign
TRUST-N-00997,2026-09-20T06:56:22Z,HR-WS-08,known software,signed,Known Publisher,benign
TRUST-N-02219,2026-09-20T06:56:29Z,APP-06,known software,signed,Known Publisher,benign
TRUST-N-08255,2026-09-20T06:56:46Z,HR-WS-08,known software,trusted_internal,Known Publisher,benign
TRUST-N-05518,2026-09-20T06:56:56Z,DC-01,known software,signed,Known Publisher,benign
TRUST-N-01608,2026-09-20T06:57:07Z,DC-01,known software,signed,Known Publisher,benign
TRUST-N-05144,2026-09-20T06:57:26Z,HR-WS-22,known software,trusted_internal,Known Publisher,benign
TRUST-N-09190,2026-09-20T06:57:41Z,DC-01,known software,signed,Known Publisher,benign
TRUST-N-04665,2026-09-20T06:58:23Z,PATCH-01,known software,signed,Known Publisher,benign
TRUST-N-03210,2026-09-20T06:58:38Z,MGMT-01,known software,signed,Known Publisher,benign
TRUST-N-02394,2026-09-20T06:59:19Z,PATCH-01,known software,trusted_internal,Known Publisher,benign
TRUST-N-05413,2026-09-20T06:59:34Z,HR-WS-08,known software,signed,Known Publisher,benign
TRUST-N-09853,2026-09-20T06:59:50Z,PATCH-01,known software,trusted_internal,Known Publisher,benign
TRUST-N-09371,2026-09-20T07:00:41Z,DC-01,known software,signed,Known Publisher,benign
TRUST-N-09140,2026-09-20T07:01:22Z,ENG-WS-17,known software,trusted_internal,Known Publisher,benign
TRUST-N-07474,2026-09-20T07:01:31Z,HR-WS-08,known software,signed,Known Publisher,benign
TRUST-N-05106,2026-09-20T07:02:36Z,FIN-WS-09,known software,signed,Known Publisher,benign
TRUST-N-09189,2026-09-20T07:02:44Z,ENG-WS-17,known software,trusted_internal,Known Publisher,benign
TRUST-N-06307,2026-09-20T07:03:36Z,HR-WS-22,known software,signed,Known Publisher,benign
TRUST-N-05308,2026-09-20T07:04:16Z,PATCH-01,known software,signed,Known Publisher,benign
TRUST-N-04570,2026-09-20T07:04:32Z,PATCH-01,known software,signed,Known Publisher,benign
TRUST-N-09203,2026-09-20T07:04:35Z,DC-01,known software,trusted_internal,Known Publisher,benign
TRUST-N-01809,2026-09-20T07:05:10Z,APP-06,known software,signed,Known Publisher,benign
TRUST-N-07958,2026-09-20T07:06:51Z,HR-WS-22,known software,signed,Known Publisher,benign
TRUST-N-00803,2026-09-20T07:07:39Z,MGMT-01,known software,trusted_internal,Known Publisher,benign
TRUST-N-02304,2026-09-20T07:08:04Z,FIN-WS-09,known software,trusted_internal,Known Publisher,benign
TRUST-N-02867,2026-09-20T07:08:11Z,HR-WS-08,known software,signed,Known Publisher,benign
TRUST-N-01780,2026-09-20T07:08:26Z,ENG-WS-17,known software,trusted_internal,Known Publisher,benign
TRUST-N-07615,2026-09-20T07:08:56Z,HR-WS-22,known software,trusted_internal,Known Publisher,benign
TRUST-N-01176,2026-09-20T07:09:43Z,FIN-WS-09,known software,trusted_internal,Known Publisher,benign
TRUST-N-00346,2026-09-20T07:09:54Z,HR-WS-22,known software,trusted_internal,Known Publisher,benign
TRUST-N-02903,2026-09-20T07:11:09Z,HR-WS-22,known software,signed,Known Publisher,benign
TRUST-N-05155,2026-09-20T07:11:54Z,MGMT-01,known software,trusted_internal,Known Publisher,benign
TRUST-N-04720,2026-09-20T07:12:16Z,ENG-WS-17,known software,trusted_internal,Known Publisher,benign
TRUST-N-09188,2026-09-20T07:13:09Z,ENG-WS-17,known software,trusted_internal,Known Publisher,benign
TRUST-N-07572,2026-09-20T07:13:43Z,APP-06,known software,trusted_internal,Known Publisher,benign
TRUST-N-06942,2026-09-20T07:14:04Z,APP-06,known software,trusted_internal,Known Publisher,benign
TRUST-N-00934,2026-09-20T07:15:03Z,FIN-WS-09,known software,trusted_internal,Known Publisher,benign
TRUST-N-05784,2026-09-20T07:16:04Z,HR-WS-08,known software,signed,Known Publisher,benign
TRUST-N-08083,2026-09-20T07:16:47Z,APP-06,known software,trusted_internal,Known Publisher,benign
TRUST-N-04979,2026-09-20T07:16:58Z,APP-06,known software,signed,Known Publisher,benign
TRUST-N-00447,2026-09-20T07:17:29Z,FIN-WS-09,known software,signed,Known Publisher,benign
TRUST-N-06775,2026-09-20T07:17:43Z,PATCH-01,known software,signed,Known Publisher,benign
TRUST-N-09890,2026-09-20T07:17:53Z,MGMT-01,known software,trusted_internal,Known Publisher,benign
TRUST-N-00657,2026-09-20T07:17:57Z,HR-WS-08,known software,trusted_internal,Known Publisher,benign
TRUST-N-08433,2026-09-20T07:18:08Z,MGMT-01,known software,trusted_internal,Known Publisher,benign
TRUST-N-04362,2026-09-20T07:18:49Z,PATCH-01,known software,signed,Known Publisher,benign
TRUST-N-04921,2026-09-20T07:19:48Z,ENG-WS-17,known software,signed,Known Publisher,benign
TRUST-N-06232,2026-09-20T07:20:19Z,HR-WS-22,known software,signed,Known Publisher,benign
TRUST-N-00179,2026-09-20T07:22:00Z,ENG-WS-17,known software,trusted_internal,Known Publisher,benign
TRUST-N-02302,2026-09-20T07:23:27Z,HR-WS-08,known software,signed,Known Publisher,benign
TRUST-N-04296,2026-09-20T07:23:32Z,FIN-WS-09,known software,trusted_internal,Known Publisher,benign
TRUST-N-01859,2026-09-20T07:23:59Z,APP-06,known software,trusted_internal,Known Publisher,benign
TRUST-N-04480,2026-09-20T07:25:51Z,HR-WS-08,known software,signed,Known Publisher,benign
TRUST-N-01686,2026-09-20T07:25:57Z,MGMT-01,known software,signed,Known Publisher,benign
TRUST-N-04836,2026-09-20T07:27:50Z,HR-WS-22,known software,trusted_internal,Known Publisher,benign
TRUST-N-04833,2026-09-20T07:28:01Z,MGMT-01,known software,trusted_internal,Known Publisher,benign
TRUST-N-05328,2026-09-20T07:28:39Z,PATCH-01,known software,trusted_internal,Known Publisher,benign
TRUST-N-03511,2026-09-20T07:28:54Z,ENG-WS-17,known software,signed,Known Publisher,benign
TRUST-N-09968,2026-09-20T07:29:30Z,MGMT-01,known software,signed,Known Publisher,benign
TRUST-N-01115,2026-09-20T07:29:45Z,DC-01,known software,trusted_internal,Known Publisher,benign
TRUST-N-07327,2026-09-20T07:31:16Z,ENG-WS-17,known software,trusted_internal,Known Publisher,benign
TRUST-N-07681,2026-09-20T07:31:20Z,HR-WS-08,known software,trusted_internal,Known Publisher,benign
TRUST-N-06224,2026-09-20T07:31:30Z,ENG-WS-17,known software,signed,Known Publisher,benign
TRUST-N-03791,2026-09-20T07:32:17Z,ENG-WS-17,known software,signed,Known Publisher,benign
TRUST-N-00406,2026-09-20T07:37:39Z,FIN-WS-09,known software,trusted_internal,Known Publisher,benign
TRUST-N-01386,2026-09-20T07:37:43Z,DC-01,known software,trusted_internal,Known Publisher,benign
TRUST-N-05050,2026-09-20T07:38:13Z,APP-06,known software,trusted_internal,Known Publisher,benign
TRUST-N-06680,2026-09-20T07:38:17Z,ENG-WS-17,known software,trusted_internal,Known Publisher,benign
TRUST-N-01019,2026-09-20T07:38:55Z,DC-01,known software,trusted_internal,Known Publisher,benign
TRUST-N-09700,2026-09-20T07:39:27Z,ENG-WS-17,known software,trusted_internal,Known Publisher,benign
TRUST-N-00663,2026-09-20T07:40:48Z,FIN-WS-09,known software,trusted_internal,Known Publisher,benign
TRUST-N-01268,2026-09-20T07:41:18Z,PATCH-01,known software,trusted_internal,Known Publisher,benign
TRUST-N-08988,2026-09-20T07:41:31Z,HR-WS-22,known software,signed,Known Publisher,benign
TRUST-N-06550,2026-09-20T07:41:56Z,APP-06,known software,trusted_internal,Known Publisher,benign
TRUST-N-08609,2026-09-20T07:42:26Z,APP-06,known software,trusted_internal,Known Publisher,benign
TRUST-N-01965,2026-09-20T07:42:36Z,MGMT-01,known software,trusted_internal,Known Publisher,benign
TRUST-N-09724,2026-09-20T07:43:21Z,MGMT-01,known software,trusted_internal,Known Publisher,benign
TRUST-N-00688,2026-09-20T07:43:30Z,APP-06,known software,trusted_internal,Known Publisher,benign
TRUST-N-08563,2026-09-20T07:43:37Z,FIN-WS-09,known software,signed,Known Publisher,benign
TRUST-N-09151,2026-09-20T07:43:41Z,HR-WS-08,known software,signed,Known Publisher,benign
TRUST-N-01422,2026-09-20T07:44:58Z,HR-WS-08,known software,signed,Known Publisher,benign
TRUST-N-04767,2026-09-20T07:45:11Z,MGMT-01,known software,signed,Known Publisher,benign
TRUST-N-05664,2026-09-20T07:45:11Z,MGMT-01,known software,trusted_internal,Known Publisher,benign
TRUST-N-02317,2026-09-20T07:45:34Z,APP-06,known software,trusted_internal,Known Publisher,benign
TRUST-N-08994,2026-09-20T07:45:52Z,HR-WS-22,known software,trusted_internal,Known Publisher,benign
TRUST-N-04709,2026-09-20T07:46:11Z,APP-06,known software,signed,Known Publisher,benign
TRUST-N-01059,2026-09-20T07:46:23Z,PATCH-01,known software,signed,Known Publisher,benign
TRUST-N-05029,2026-09-20T07:46:52Z,APP-06,known software,signed,Known Publisher,benign
TRUST-N-02982,2026-09-20T07:47:15Z,HR-WS-08,known software,trusted_internal,Known Publisher,benign
TRUST-N-01483,2026-09-20T07:47:33Z,PATCH-01,known software,trusted_internal,Known Publisher,benign
TRUST-N-00958,2026-09-20T07:47:37Z,PATCH-01,known software,trusted_internal,Known Publisher,benign
TRUST-N-09063,2026-09-20T07:47:58Z,DC-01,known software,trusted_internal,Known Publisher,benign
TRUST-N-02934,2026-09-20T07:48:43Z,ENG-WS-17,known software,trusted_internal,Known Publisher,benign
TRUST-N-06700,2026-09-20T07:49:28Z,HR-WS-08,known software,trusted_internal,Known Publisher,benign
TRUST-N-05556,2026-09-20T07:49:45Z,DC-01,known software,signed,Known Publisher,benign
TRUST-N-03700,2026-09-20T07:50:00Z,MGMT-01,known software,trusted_internal,Known Publisher,benign
TRUST-N-05170,2026-09-20T07:50:26Z,HR-WS-08,known software,signed,Known Publisher,benign
TRUST-N-02290,2026-09-20T07:51:46Z,PATCH-01,known software,trusted_internal,Known Publisher,benign
TRUST-N-00999,2026-09-20T07:53:54Z,FIN-WS-09,known software,trusted_internal,Known Publisher,benign
TRUST-N-02100,2026-09-20T07:54:21Z,APP-06,known software,trusted_internal,Known Publisher,benign
TRUST-N-02052,2026-09-20T07:54:26Z,DC-01,known software,signed,Known Publisher,benign
TRUST-N-02462,2026-09-20T07:54:44Z,FIN-WS-09,known software,signed,Known Publisher,benign
TRUST-N-07371,2026-09-20T07:55:16Z,ENG-WS-17,known software,signed,Known Publisher,benign
TRUST-N-07205,2026-09-20T07:55:21Z,PATCH-01,known software,trusted_internal,Known Publisher,benign
TRUST-N-04336,2026-09-20T07:55:50Z,HR-WS-22,known software,signed,Known Publisher,benign
TRUST-N-00483,2026-09-20T07:56:06Z,HR-WS-08,known software,trusted_internal,Known Publisher,benign
TRUST-N-00788,2026-09-20T07:57:05Z,FIN-WS-09,known software,trusted_internal,Known Publisher,benign
TRUST-N-07326,2026-09-20T07:57:27Z,DC-01,known software,trusted_internal,Known Publisher,benign
TRUST-N-01112,2026-09-20T07:57:42Z,APP-06,known software,trusted_internal,Known Publisher,benign
TRUST-N-04382,2026-09-20T07:57:55Z,PATCH-01,known software,signed,Known Publisher,benign
TRUST-N-07259,2026-09-20T07:58:06Z,ENG-WS-17,known software,signed,Known Publisher,benign
TRUST-N-07655,2026-09-20T07:58:11Z,FIN-WS-09,known software,signed,Known Publisher,benign
TRUST-N-03614,2026-09-20T07:58:43Z,MGMT-01,known software,trusted_internal,Known Publisher,benign
TRUST-N-07917,2026-09-20T07:59:23Z,MGMT-01,known software,signed,Known Publisher,benign
TRUST-N-05776,2026-09-20T07:59:38Z,HR-WS-08,known software,signed,Known Publisher,benign
TRUST-N-07556,2026-09-20T08:00:00Z,HR-WS-22,known software,signed,Known Publisher,benign
TRUST-N-00446,2026-09-20T08:01:25Z,ENG-WS-17,known software,trusted_internal,Known Publisher,benign
TRUST-N-01874,2026-09-20T08:02:17Z,DC-01,known software,trusted_internal,Known Publisher,benign
TRUST-N-06784,2026-09-20T08:02:17Z,MGMT-01,known software,signed,Known Publisher,benign
TRUST-N-00332,2026-09-20T08:02:33Z,ENG-WS-17,known software,signed,Known Publisher,benign
TRUST-N-09401,2026-09-20T08:03:15Z,DC-01,known software,signed,Known Publisher,benign
TRUST-N-08409,2026-09-20T08:03:50Z,APP-06,known software,trusted_internal,Known Publisher,benign
TRUST-N-09615,2026-09-20T08:04:45Z,ENG-WS-17,known software,trusted_internal,Known Publisher,benign
TRUST-N-03000,2026-09-20T08:04:57Z,ENG-WS-17,known software,trusted_internal,Known Publisher,benign
TRUST-N-09791,2026-09-20T08:05:16Z,FIN-WS-09,known software,trusted_internal,Known Publisher,benign
TRUST-N-09591,2026-09-20T08:05:27Z,HR-WS-08,known software,signed,Known Publisher,benign
TRUST-N-04910,2026-09-20T08:06:24Z,HR-WS-08,known software,trusted_internal,Known Publisher,benign
TRUST-N-04831,2026-09-20T08:08:40Z,PATCH-01,known software,trusted_internal,Known Publisher,benign
TRUST-N-01486,2026-09-20T08:08:45Z,MGMT-01,known software,signed,Known Publisher,benign
TRUST-N-03823,2026-09-20T08:09:04Z,PATCH-01,known software,signed,Known Publisher,benign
TRUST-N-02035,2026-09-20T08:09:09Z,PATCH-01,known software,trusted_internal,Known Publisher,benign
TRUST-N-05490,2026-09-20T08:09:30Z,HR-WS-08,known software,signed,Known Publisher,benign
TRUST-N-02491,2026-09-20T08:11:59Z,APP-06,known software,trusted_internal,Known Publisher,benign
TRUST-N-06503,2026-09-20T08:12:48Z,HR-WS-22,known software,signed,Known Publisher,benign
TRUST-N-00709,2026-09-20T08:13:13Z,ENG-WS-17,known software,trusted_internal,Known Publisher,benign
TRUST-N-04341,2026-09-20T08:14:06Z,PATCH-01,known software,signed,Known Publisher,benign
TRUST-N-01966,2026-09-20T08:16:15Z,FIN-WS-09,known software,trusted_internal,Known Publisher,benign
TRUST-N-08728,2026-09-20T08:17:45Z,APP-06,known software,signed,Known Publisher,benign
TRUST-N-04223,2026-09-20T08:18:17Z,HR-WS-22,known software,trusted_internal,Known Publisher,benign
TRUST-N-05553,2026-09-20T08:18:34Z,ENG-WS-17,known software,trusted_internal,Known Publisher,benign
TRUST-N-05424,2026-09-20T08:20:54Z,APP-06,known software,signed,Known Publisher,benign
TRUST-N-05691,2026-09-20T08:21:55Z,FIN-WS-09,known software,trusted_internal,Known Publisher,benign
TRUST-N-09684,2026-09-20T08:22:18Z,HR-WS-08,known software,signed,Known Publisher,benign
TRUST-N-03089,2026-09-20T08:23:03Z,HR-WS-08,known software,signed,Known Publisher,benign
TRUST-N-02845,2026-09-20T08:23:36Z,FIN-WS-09,known software,signed,Known Publisher,benign
TRUST-N-02301,2026-09-20T08:24:51Z,ENG-WS-17,known software,trusted_internal,Known Publisher,benign
TRUST-N-03643,2026-09-20T08:25:17Z,PATCH-01,known software,trusted_internal,Known Publisher,benign
TRUST-N-03720,2026-09-20T08:26:42Z,FIN-WS-09,known software,trusted_internal,Known Publisher,benign
TRUST-N-07059,2026-09-20T08:26:46Z,PATCH-01,known software,signed,Known Publisher,benign
TRUST-N-04906,2026-09-20T08:27:07Z,FIN-WS-09,known software,signed,Known Publisher,benign
TRUST-N-08294,2026-09-20T08:27:23Z,HR-WS-08,known software,trusted_internal,Known Publisher,benign
TRUST-N-00298,2026-09-20T08:27:37Z,HR-WS-22,known software,signed,Known Publisher,benign
TRUST-N-08778,2026-09-20T08:27:37Z,PATCH-01,known software,signed,Known Publisher,benign
TRUST-N-00487,2026-09-20T08:28:19Z,DC-01,known software,trusted_internal,Known Publisher,benign
TRUST-N-09172,2026-09-20T08:29:19Z,HR-WS-22,known software,trusted_internal,Known Publisher,benign
TRUST-N-04156,2026-09-20T08:30:42Z,DC-01,known software,trusted_internal,Known Publisher,benign
TRUST-N-09127,2026-09-20T08:31:13Z,DC-01,known software,signed,Known Publisher,benign
TRUST-N-00845,2026-09-20T08:31:46Z,HR-WS-22,known software,signed,Known Publisher,benign
TRUST-N-02942,2026-09-20T08:31:46Z,PATCH-01,known software,signed,Known Publisher,benign
TRUST-N-07616,2026-09-20T08:31:54Z,PATCH-01,known software,signed,Known Publisher,benign
TRUST-N-00420,2026-09-20T08:32:00Z,MGMT-01,known software,trusted_internal,Known Publisher,benign
TRUST-N-02465,2026-09-20T08:32:08Z,PATCH-01,known software,signed,Known Publisher,benign
TRUST-N-03859,2026-09-20T08:32:24Z,ENG-WS-17,known software,trusted_internal,Known Publisher,benign
TRUST-N-02061,2026-09-20T08:33:26Z,ENG-WS-17,known software,signed,Known Publisher,benign
TRUST-N-07140,2026-09-20T08:33:36Z,FIN-WS-09,known software,signed,Known Publisher,benign
TRUST-N-03006,2026-09-20T08:33:37Z,HR-WS-08,known software,trusted_internal,Known Publisher,benign
TRUST-N-00151,2026-09-20T08:33:46Z,FIN-WS-09,known software,signed,Known Publisher,benign
TRUST-N-08014,2026-09-20T08:34:26Z,APP-06,known software,signed,Known Publisher,benign
TRUST-N-03416,2026-09-20T08:36:35Z,ENG-WS-17,known software,trusted_internal,Known Publisher,benign
TRUST-N-04016,2026-09-20T08:37:16Z,MGMT-01,known software,trusted_internal,Known Publisher,benign
TRUST-N-03503,2026-09-20T08:37:33Z,ENG-WS-17,known software,signed,Known Publisher,benign
TRUST-N-06927,2026-09-20T08:38:30Z,HR-WS-08,known software,signed,Known Publisher,benign
TRUST-N-07851,2026-09-20T08:38:34Z,APP-06,known software,trusted_internal,Known Publisher,benign
TRUST-N-00879,2026-09-20T08:39:10Z,ENG-WS-17,known software,signed,Known Publisher,benign
TRUST-N-02726,2026-09-20T08:39:14Z,MGMT-01,known software,signed,Known Publisher,benign
TRUST-N-09485,2026-09-20T08:40:48Z,FIN-WS-09,known software,signed,Known Publisher,benign
TRUST-N-04692,2026-09-20T08:41:54Z,MGMT-01,known software,trusted_internal,Known Publisher,benign
TRUST-N-02117,2026-09-20T08:42:08Z,FIN-WS-09,known software,signed,Known Publisher,benign
TRUST-N-08064,2026-09-20T08:42:35Z,ENG-WS-17,known software,trusted_internal,Known Publisher,benign
TRUST-N-07416,2026-09-20T08:43:45Z,PATCH-01,known software,signed,Known Publisher,benign
TRUST-N-05907,2026-09-20T08:43:54Z,PATCH-01,known software,signed,Known Publisher,benign
TRUST-N-00796,2026-09-20T08:44:08Z,HR-WS-08,known software,signed,Known Publisher,benign
TRUST-N-01597,2026-09-20T08:44:20Z,APP-06,known software,signed,Known Publisher,benign
TRUST-N-04412,2026-09-20T08:45:15Z,MGMT-01,known software,trusted_internal,Known Publisher,benign
TRUST-N-06324,2026-09-20T08:45:21Z,DC-01,known software,signed,Known Publisher,benign
TRUST-N-09589,2026-09-20T08:45:28Z,FIN-WS-09,known software,trusted_internal,Known Publisher,benign
TRUST-N-01321,2026-09-20T08:46:12Z,FIN-WS-09,known software,trusted_internal,Known Publisher,benign
TRUST-N-03554,2026-09-20T08:47:43Z,MGMT-01,known software,trusted_internal,Known Publisher,benign
TRUST-N-00078,2026-09-20T08:47:53Z,PATCH-01,known software,signed,Known Publisher,benign
TRUST-N-04715,2026-09-20T08:48:09Z,FIN-WS-09,known software,trusted_internal,Known Publisher,benign
TRUST-N-09909,2026-09-20T08:48:14Z,PATCH-01,known software,signed,Known Publisher,benign
TRUST-N-01121,2026-09-20T08:49:06Z,FIN-WS-09,known software,trusted_internal,Known Publisher,benign
TRUST-N-04741,2026-09-20T08:49:31Z,HR-WS-08,known software,signed,Known Publisher,benign
TRUST-N-00792,2026-09-20T08:50:23Z,FIN-WS-09,known software,signed,Known Publisher,benign
TRUST-N-00800,2026-09-20T08:50:33Z,HR-WS-22,known software,trusted_internal,Known Publisher,benign
TRUST-N-06647,2026-09-20T08:50:47Z,HR-WS-08,known software,signed,Known Publisher,benign
TRUST-N-05861,2026-09-20T08:50:57Z,FIN-WS-09,known software,signed,Known Publisher,benign
TRUST-N-09546,2026-09-20T08:51:13Z,PATCH-01,known software,signed,Known Publisher,benign
TRUST-N-05058,2026-09-20T08:51:45Z,FIN-WS-09,known software,signed,Known Publisher,benign
TRUST-N-02753,2026-09-20T08:53:17Z,DC-01,known software,trusted_internal,Known Publisher,benign
TRUST-N-08916,2026-09-20T08:54:49Z,APP-06,known software,signed,Known Publisher,benign
TRUST-N-04662,2026-09-20T08:55:09Z,PATCH-01,known software,signed,Known Publisher,benign
TRUST-N-04499,2026-09-20T08:55:30Z,HR-WS-22,known software,signed,Known Publisher,benign
TRUST-N-00628,2026-09-20T08:56:45Z,ENG-WS-17,known software,trusted_internal,Known Publisher,benign
TRUST-N-02910,2026-09-20T08:57:26Z,HR-WS-22,known software,signed,Known Publisher,benign
TRUST-N-01005,2026-09-20T08:57:50Z,APP-06,known software,trusted_internal,Known Publisher,benign
TRUST-N-06871,2026-09-20T08:57:51Z,FIN-WS-09,known software,signed,Known Publisher,benign
TRUST-N-01523,2026-09-20T08:58:14Z,ENG-WS-17,known software,trusted_internal,Known Publisher,benign
TRUST-N-04212,2026-09-20T08:58:14Z,PATCH-01,known software,trusted_internal,Known Publisher,benign
TRUST-N-09540,2026-09-20T08:58:41Z,MGMT-01,known software,trusted_internal,Known Publisher,benign
TRUST-N-04958,2026-09-20T08:58:43Z,MGMT-01,known software,signed,Known Publisher,benign
TRUST-N-08054,2026-09-20T08:58:48Z,PATCH-01,known software,trusted_internal,Known Publisher,benign
TRUST-N-01714,2026-09-20T08:59:12Z,PATCH-01,known software,trusted_internal,Known Publisher,benign
TRUST-N-02198,2026-09-20T08:59:31Z,DC-01,known software,trusted_internal,Known Publisher,benign
TRUST-N-00667,2026-09-20T09:01:55Z,HR-WS-08,known software,trusted_internal,Known Publisher,benign
TRUST-N-07029,2026-09-20T09:03:45Z,FIN-WS-09,known software,signed,Known Publisher,benign
TRUST-N-04670,2026-09-20T09:04:04Z,PATCH-01,known software,signed,Known Publisher,benign
TRUST-N-00456,2026-09-20T09:06:10Z,PATCH-01,known software,trusted_internal,Known Publisher,benign
TRUST-N-02231,2026-09-20T09:06:19Z,APP-06,known software,trusted_internal,Known Publisher,benign
TRUST-N-00767,2026-09-20T09:07:11Z,HR-WS-22,known software,signed,Known Publisher,benign
TRUST-N-02860,2026-09-20T09:07:37Z,MGMT-01,known software,trusted_internal,Known Publisher,benign
TRUST-N-01681,2026-09-20T09:08:08Z,ENG-WS-17,known software,signed,Known Publisher,benign
TRUST-N-04807,2026-09-20T09:08:39Z,APP-06,known software,signed,Known Publisher,benign
TRUST-N-00823,2026-09-20T09:08:50Z,APP-06,known software,signed,Known Publisher,benign
TRUST-N-01768,2026-09-20T09:09:48Z,HR-WS-22,known software,signed,Known Publisher,benign
TRUST-N-06241,2026-09-20T09:10:00Z,ENG-WS-17,known software,signed,Known Publisher,benign
TRUST-N-05604,2026-09-20T09:10:26Z,HR-WS-08,known software,signed,Known Publisher,benign
TRUST-N-09502,2026-09-20T09:11:27Z,ENG-WS-17,known software,trusted_internal,Known Publisher,benign
TRUST-N-02197,2026-09-20T09:11:44Z,HR-WS-08,known software,signed,Known Publisher,benign
TRUST-N-08154,2026-09-20T09:12:03Z,HR-WS-08,known software,signed,Known Publisher,benign
TRUST-N-08494,2026-09-20T09:12:16Z,MGMT-01,known software,signed,Known Publisher,benign
TRUST-N-08140,2026-09-20T09:12:57Z,PATCH-01,known software,signed,Known Publisher,benign
TRUST-N-07526,2026-09-20T09:15:03Z,APP-06,known software,signed,Known Publisher,benign
TRUST-N-01524,2026-09-20T09:15:22Z,ENG-WS-17,known software,trusted_internal,Known Publisher,benign
TRUST-N-04390,2026-09-20T09:15:33Z,DC-01,known software,signed,Known Publisher,benign
TRUST-N-09590,2026-09-20T09:17:28Z,DC-01,known software,trusted_internal,Known Publisher,benign
TRUST-N-08141,2026-09-20T09:17:29Z,PATCH-01,known software,trusted_internal,Known Publisher,benign
TRUST-N-07409,2026-09-20T09:17:59Z,FIN-WS-09,known software,trusted_internal,Known Publisher,benign
TRUST-N-01806,2026-09-20T09:18:44Z,MGMT-01,known software,signed,Known Publisher,benign
TRUST-N-03768,2026-09-20T09:18:57Z,HR-WS-08,known software,signed,Known Publisher,benign
TRUST-N-01699,2026-09-20T09:21:26Z,PATCH-01,known software,trusted_internal,Known Publisher,benign
TRUST-N-03449,2026-09-20T09:22:53Z,HR-WS-08,known software,trusted_internal,Known Publisher,benign
TRUST-N-08526,2026-09-20T09:22:54Z,PATCH-01,known software,signed,Known Publisher,benign
TRUST-N-07513,2026-09-20T09:24:07Z,MGMT-01,known software,trusted_internal,Known Publisher,benign
TRUST-N-08028,2026-09-20T09:24:22Z,APP-06,known software,signed,Known Publisher,benign
TRUST-N-04193,2026-09-20T09:25:06Z,HR-WS-08,known software,signed,Known Publisher,benign
TRUST-N-06852,2026-09-20T09:25:38Z,ENG-WS-17,known software,trusted_internal,Known Publisher,benign
TRUST-N-07682,2026-09-20T09:26:10Z,HR-WS-08,known software,trusted_internal,Known Publisher,benign
TRUST-N-05608,2026-09-20T09:26:18Z,ENG-WS-17,known software,signed,Known Publisher,benign
TRUST-N-01774,2026-09-20T09:26:49Z,DC-01,known software,signed,Known Publisher,benign
TRUST-N-04782,2026-09-20T09:27:30Z,HR-WS-22,known software,signed,Known Publisher,benign
TRUST-N-01576,2026-09-20T09:28:27Z,FIN-WS-09,known software,signed,Known Publisher,benign
TRUST-N-03600,2026-09-20T09:29:16Z,MGMT-01,known software,trusted_internal,Known Publisher,benign
TRUST-N-06760,2026-09-20T09:29:39Z,HR-WS-08,known software,signed,Known Publisher,benign
TRUST-N-04284,2026-09-20T09:29:58Z,FIN-WS-09,known software,trusted_internal,Known Publisher,benign
TRUST-N-05240,2026-09-20T09:30:45Z,MGMT-01,known software,signed,Known Publisher,benign
TRUST-N-02091,2026-09-20T09:34:00Z,DC-01,known software,trusted_internal,Known Publisher,benign
TRUST-N-09299,2026-09-20T09:35:23Z,HR-WS-08,known software,trusted_internal,Known Publisher,benign
TRUST-N-03933,2026-09-20T09:35:33Z,MGMT-01,known software,trusted_internal,Known Publisher,benign
TRUST-N-02933,2026-09-20T09:35:46Z,APP-06,known software,trusted_internal,Known Publisher,benign
TRUST-N-03956,2026-09-20T09:37:25Z,FIN-WS-09,known software,trusted_internal,Known Publisher,benign
TRUST-N-06366,2026-09-20T09:37:55Z,DC-01,known software,signed,Known Publisher,benign
TRUST-N-09496,2026-09-20T09:38:03Z,PATCH-01,known software,signed,Known Publisher,benign
TRUST-N-08633,2026-09-20T09:38:36Z,HR-WS-22,known software,signed,Known Publisher,benign
TRUST-N-05220,2026-09-20T09:39:29Z,APP-06,known software,trusted_internal,Known Publisher,benign
TRUST-N-01366,2026-09-20T09:39:30Z,ENG-WS-17,known software,trusted_internal,Known Publisher,benign
TRUST-N-07154,2026-09-20T09:39:46Z,PATCH-01,known software,trusted_internal,Known Publisher,benign
TRUST-N-04270,2026-09-20T09:39:58Z,HR-WS-22,known software,signed,Known Publisher,benign
TRUST-N-01632,2026-09-20T09:40:17Z,PATCH-01,known software,trusted_internal,Known Publisher,benign
TRUST-N-02218,2026-09-20T09:40:20Z,PATCH-01,known software,trusted_internal,Known Publisher,benign
TRUST-N-01704,2026-09-20T09:40:36Z,HR-WS-08,known software,signed,Known Publisher,benign
TRUST-N-05171,2026-09-20T09:40:48Z,PATCH-01,known software,signed,Known Publisher,benign
TRUST-N-06660,2026-09-20T09:41:08Z,MGMT-01,known software,trusted_internal,Known Publisher,benign
TRUST-N-04566,2026-09-20T09:41:14Z,MGMT-01,known software,trusted_internal,Known Publisher,benign
TRUST-N-00606,2026-09-20T09:41:29Z,MGMT-01,known software,trusted_internal,Known Publisher,benign
TRUST-N-01261,2026-09-20T09:42:11Z,PATCH-01,known software,trusted_internal,Known Publisher,benign
TRUST-N-04986,2026-09-20T09:42:21Z,HR-WS-22,known software,signed,Known Publisher,benign
TRUST-N-06955,2026-09-20T09:43:08Z,HR-WS-22,known software,signed,Known Publisher,benign
TRUST-N-05196,2026-09-20T09:43:21Z,HR-WS-08,known software,trusted_internal,Known Publisher,benign
TRUST-N-03808,2026-09-20T09:43:37Z,HR-WS-22,known software,trusted_internal,Known Publisher,benign
TRUST-N-03182,2026-09-20T09:44:09Z,MGMT-01,known software,signed,Known Publisher,benign
TRUST-N-06558,2026-09-20T09:44:21Z,HR-WS-22,known software,trusted_internal,Known Publisher,benign
TRUST-N-02026,2026-09-20T09:44:58Z,HR-WS-22,known software,signed,Known Publisher,benign
TRUST-N-03916,2026-09-20T09:45:00Z,ENG-WS-17,known software,signed,Known Publisher,benign
TRUST-N-08012,2026-09-20T09:45:01Z,APP-06,known software,signed,Known Publisher,benign
TRUST-N-05788,2026-09-20T09:45:34Z,APP-06,known software,signed,Known Publisher,benign
TRUST-N-06447,2026-09-20T09:46:13Z,FIN-WS-09,known software,signed,Known Publisher,benign
TRUST-N-02670,2026-09-20T09:46:16Z,FIN-WS-09,known software,trusted_internal,Known Publisher,benign
TRUST-N-08535,2026-09-20T09:46:32Z,ENG-WS-17,known software,trusted_internal,Known Publisher,benign
TRUST-N-03814,2026-09-20T09:47:17Z,MGMT-01,known software,trusted_internal,Known Publisher,benign
TRUST-N-06060,2026-09-20T09:47:30Z,DC-01,known software,trusted_internal,Known Publisher,benign
TRUST-N-02788,2026-09-20T09:48:00Z,FIN-WS-09,known software,signed,Known Publisher,benign
TRUST-N-05476,2026-09-20T09:48:01Z,MGMT-01,known software,signed,Known Publisher,benign
TRUST-N-07277,2026-09-20T09:48:41Z,HR-WS-08,known software,signed,Known Publisher,benign
TRUST-N-09541,2026-09-20T09:49:17Z,MGMT-01,known software,signed,Known Publisher,benign
TRUST-N-01702,2026-09-20T09:50:30Z,HR-WS-08,known software,signed,Known Publisher,benign
TRUST-N-06690,2026-09-20T09:50:33Z,HR-WS-22,known software,trusted_internal,Known Publisher,benign
TRUST-N-04087,2026-09-20T09:50:37Z,DC-01,known software,trusted_internal,Known Publisher,benign
TRUST-N-04674,2026-09-20T09:50:49Z,ENG-WS-17,known software,signed,Known Publisher,benign
TRUST-N-05256,2026-09-20T09:51:07Z,MGMT-01,known software,trusted_internal,Known Publisher,benign
TRUST-N-09819,2026-09-20T09:51:48Z,FIN-WS-09,known software,signed,Known Publisher,benign
TRUST-N-03875,2026-09-20T09:52:33Z,DC-01,known software,signed,Known Publisher,benign
TRUST-N-00808,2026-09-20T09:52:43Z,FIN-WS-09,known software,signed,Known Publisher,benign
TRUST-N-04488,2026-09-20T09:53:10Z,FIN-WS-09,known software,trusted_internal,Known Publisher,benign
TRUST-N-08344,2026-09-20T09:53:14Z,PATCH-01,known software,signed,Known Publisher,benign
TRUST-N-05872,2026-09-20T09:54:17Z,DC-01,known software,trusted_internal,Known Publisher,benign
TRUST-N-09000,2026-09-20T09:55:10Z,HR-WS-22,known software,signed,Known Publisher,benign
TRUST-N-01913,2026-09-20T09:56:32Z,FIN-WS-09,known software,signed,Known Publisher,benign
TRUST-N-01474,2026-09-20T09:56:58Z,HR-WS-22,known software,signed,Known Publisher,benign
TRUST-N-09257,2026-09-20T09:57:00Z,APP-06,known software,signed,Known Publisher,benign
TRUST-N-09361,2026-09-20T09:57:26Z,ENG-WS-17,known software,trusted_internal,Known Publisher,benign
TRUST-N-04075,2026-09-20T09:57:41Z,PATCH-01,known software,trusted_internal,Known Publisher,benign
TRUST-N-07813,2026-09-20T09:58:01Z,FIN-WS-09,known software,trusted_internal,Known Publisher,benign
TRUST-N-05215,2026-09-20T09:59:22Z,APP-06,known software,signed,Known Publisher,benign
TRUST-N-04501,2026-09-20T09:59:42Z,APP-06,known software,signed,Known Publisher,benign
TRUST-N-02267,2026-09-20T09:59:45Z,MGMT-01,known software,signed,Known Publisher,benign
TRUST-N-07452,2026-09-20T10:01:02Z,FIN-WS-09,known software,signed,Known Publisher,benign
TRUST-N-07585,2026-09-20T10:02:33Z,ENG-WS-17,known software,trusted_internal,Known Publisher,benign
TRUST-N-02442,2026-09-20T10:02:43Z,MGMT-01,known software,signed,Known Publisher,benign
TRUST-N-00948,2026-09-20T10:04:03Z,HR-WS-22,known software,signed,Known Publisher,benign
TRUST-N-06356,2026-09-20T10:04:05Z,ENG-WS-17,known software,trusted_internal,Known Publisher,benign
TRUST-N-02021,2026-09-20T10:04:41Z,APP-06,known software,signed,Known Publisher,benign
TRUST-N-01360,2026-09-20T10:05:17Z,PATCH-01,known software,signed,Known Publisher,benign
TRUST-N-06047,2026-09-20T10:05:24Z,APP-06,known software,trusted_internal,Known Publisher,benign
TRUST-N-07665,2026-09-20T10:06:30Z,APP-06,known software,signed,Known Publisher,benign
TRUST-N-05442,2026-09-20T10:07:06Z,DC-01,known software,trusted_internal,Known Publisher,benign
TRUST-N-06253,2026-09-20T10:07:22Z,PATCH-01,known software,signed,Known Publisher,benign
TRUST-N-03701,2026-09-20T10:07:33Z,ENG-WS-17,known software,signed,Known Publisher,benign
TRUST-N-07573,2026-09-20T10:07:48Z,APP-06,known software,trusted_internal,Known Publisher,benign
TRUST-N-01888,2026-09-20T10:08:11Z,MGMT-01,known software,signed,Known Publisher,benign
TRUST-N-06841,2026-09-20T10:08:38Z,DC-01,known software,trusted_internal,Known Publisher,benign
TRUST-N-07962,2026-09-20T10:08:54Z,HR-WS-08,known software,trusted_internal,Known Publisher,benign
TRUST-N-00553,2026-09-20T10:09:06Z,APP-06,known software,trusted_internal,Known Publisher,benign
TRUST-N-06805,2026-09-20T10:09:18Z,MGMT-01,known software,signed,Known Publisher,benign
TRUST-N-01330,2026-09-20T10:09:20Z,HR-WS-08,known software,trusted_internal,Known Publisher,benign
TRUST-N-01948,2026-09-20T10:09:35Z,FIN-WS-09,known software,trusted_internal,Known Publisher,benign
TRUST-N-05751,2026-09-20T10:10:10Z,FIN-WS-09,known software,trusted_internal,Known Publisher,benign
TRUST-N-09463,2026-09-20T10:13:14Z,DC-01,known software,trusted_internal,Known Publisher,benign
TRUST-N-01438,2026-09-20T10:13:49Z,MGMT-01,known software,trusted_internal,Known Publisher,benign
TRUST-N-03844,2026-09-20T10:14:20Z,DC-01,known software,trusted_internal,Known Publisher,benign
TRUST-N-03071,2026-09-20T10:15:05Z,APP-06,known software,trusted_internal,Known Publisher,benign
TRUST-N-05772,2026-09-20T10:15:43Z,FIN-WS-09,known software,signed,Known Publisher,benign
TRUST-N-02126,2026-09-20T10:16:04Z,HR-WS-22,known software,signed,Known Publisher,benign
TRUST-N-03275,2026-09-20T10:16:05Z,MGMT-01,known software,signed,Known Publisher,benign
TRUST-N-07975,2026-09-20T10:17:44Z,DC-01,known software,signed,Known Publisher,benign
TRUST-N-06117,2026-09-20T10:17:47Z,PATCH-01,known software,trusted_internal,Known Publisher,benign
TRUST-N-09553,2026-09-20T10:18:18Z,APP-06,known software,trusted_internal,Known Publisher,benign
TRUST-N-06751,2026-09-20T10:18:19Z,MGMT-01,known software,trusted_internal,Known Publisher,benign
TRUST-N-05040,2026-09-20T10:19:12Z,HR-WS-22,known software,signed,Known Publisher,benign
TRUST-N-04985,2026-09-20T10:19:18Z,PATCH-01,known software,signed,Known Publisher,benign
TRUST-N-06828,2026-09-20T10:20:01Z,ENG-WS-17,known software,signed,Known Publisher,benign
TRUST-N-01327,2026-09-20T10:21:05Z,HR-WS-22,known software,trusted_internal,Known Publisher,benign
TRUST-N-09567,2026-09-20T10:21:19Z,DC-01,known software,signed,Known Publisher,benign
TRUST-N-09827,2026-09-20T10:21:41Z,FIN-WS-09,known software,trusted_internal,Known Publisher,benign
TRUST-N-04931,2026-09-20T10:23:59Z,HR-WS-22,known software,signed,Known Publisher,benign
TRUST-N-08620,2026-09-20T10:24:06Z,PATCH-01,known software,trusted_internal,Known Publisher,benign
TRUST-N-08235,2026-09-20T10:25:03Z,PATCH-01,known software,trusted_internal,Known Publisher,benign
TRUST-N-00928,2026-09-20T10:26:01Z,HR-WS-22,known software,trusted_internal,Known Publisher,benign
TRUST-N-01640,2026-09-20T10:28:17Z,HR-WS-08,known software,signed,Known Publisher,benign
TRUST-N-05600,2026-09-20T10:28:17Z,HR-WS-22,known software,signed,Known Publisher,benign
TRUST-N-08393,2026-09-20T10:28:51Z,FIN-WS-09,known software,signed,Known Publisher,benign
TRUST-N-01660,2026-09-20T10:28:59Z,DC-01,known software,trusted_internal,Known Publisher,benign
TRUST-N-00524,2026-09-20T10:29:28Z,ENG-WS-17,known software,signed,Known Publisher,benign
TRUST-N-07418,2026-09-20T10:30:44Z,PATCH-01,known software,signed,Known Publisher,benign
TRUST-N-01895,2026-09-20T10:31:09Z,HR-WS-22,known software,trusted_internal,Known Publisher,benign
TRUST-N-01755,2026-09-20T10:33:00Z,ENG-WS-17,known software,signed,Known Publisher,benign
TRUST-N-04691,2026-09-20T10:33:13Z,APP-06,known software,signed,Known Publisher,benign
TRUST-N-03993,2026-09-20T10:33:28Z,HR-WS-22,known software,signed,Known Publisher,benign
TRUST-N-08777,2026-09-20T10:33:33Z,MGMT-01,known software,signed,Known Publisher,benign
TRUST-N-08396,2026-09-20T10:34:30Z,FIN-WS-09,known software,signed,Known Publisher,benign
TRUST-N-08749,2026-09-20T10:36:43Z,DC-01,known software,signed,Known Publisher,benign
TRUST-N-00082,2026-09-20T10:37:23Z,DC-01,known software,signed,Known Publisher,benign
TRUST-N-00138,2026-09-20T10:37:25Z,APP-06,known software,signed,Known Publisher,benign
TRUST-N-00064,2026-09-20T10:37:45Z,ENG-WS-17,known software,signed,Known Publisher,benign
TRUST-N-05927,2026-09-20T10:37:49Z,FIN-WS-09,known software,signed,Known Publisher,benign
TRUST-N-08211,2026-09-20T10:37:56Z,HR-WS-08,known software,signed,Known Publisher,benign
TRUST-N-00014,2026-09-20T10:38:42Z,HR-WS-08,known software,trusted_internal,Known Publisher,benign
TRUST-N-05625,2026-09-20T10:40:54Z,HR-WS-08,known software,signed,Known Publisher,benign
TRUST-N-02654,2026-09-20T10:42:36Z,HR-WS-22,known software,signed,Known Publisher,benign
TRUST-N-02048,2026-09-20T10:42:53Z,FIN-WS-09,known software,signed,Known Publisher,benign
TRUST-N-08335,2026-09-20T10:44:06Z,PATCH-01,known software,signed,Known Publisher,benign
TRUST-N-06133,2026-09-20T10:45:09Z,APP-06,known software,signed,Known Publisher,benign
TRUST-N-05350,2026-09-20T10:45:35Z,DC-01,known software,signed,Known Publisher,benign
TRUST-N-00398,2026-09-20T10:46:01Z,PATCH-01,known software,signed,Known Publisher,benign
TRUST-N-09333,2026-09-20T10:47:18Z,FIN-WS-09,known software,trusted_internal,Known Publisher,benign
TRUST-N-02868,2026-09-20T10:47:31Z,HR-WS-22,known software,trusted_internal,Known Publisher,benign
TRUST-N-02314,2026-09-20T10:47:41Z,FIN-WS-09,known software,trusted_internal,Known Publisher,benign
TRUST-N-01625,2026-09-20T10:48:21Z,DC-01,known software,signed,Known Publisher,benign
TRUST-N-08121,2026-09-20T10:49:24Z,HR-WS-22,known software,trusted_internal,Known Publisher,benign
TRUST-N-02530,2026-09-20T10:50:20Z,HR-WS-08,known software,trusted_internal,Known Publisher,benign
TRUST-N-04113,2026-09-20T10:50:52Z,MGMT-01,known software,trusted_internal,Known Publisher,benign
TRUST-N-00502,2026-09-20T10:51:22Z,DC-01,known software,trusted_internal,Known Publisher,benign
TRUST-N-02060,2026-09-20T10:51:58Z,FIN-WS-09,known software,signed,Known Publisher,benign
TRUST-N-06074,2026-09-20T10:52:36Z,PATCH-01,known software,signed,Known Publisher,benign
TRUST-N-04310,2026-09-20T10:52:38Z,MGMT-01,known software,trusted_internal,Known Publisher,benign
TRUST-N-04184,2026-09-20T10:53:38Z,PATCH-01,known software,trusted_internal,Known Publisher,benign
TRUST-N-09093,2026-09-20T10:54:16Z,HR-WS-08,known software,trusted_internal,Known Publisher,benign
TRUST-N-04410,2026-09-20T10:54:21Z,DC-01,known software,signed,Known Publisher,benign
TRUST-N-00555,2026-09-20T10:54:47Z,HR-WS-08,known software,trusted_internal,Known Publisher,benign
TRUST-N-08689,2026-09-20T10:55:02Z,ENG-WS-17,known software,signed,Known Publisher,benign
TRUST-N-08346,2026-09-20T10:55:10Z,ENG-WS-17,known software,trusted_internal,Known Publisher,benign
TRUST-N-05641,2026-09-20T10:56:59Z,ENG-WS-17,known software,trusted_internal,Known Publisher,benign
TRUST-N-01359,2026-09-20T10:57:22Z,HR-WS-08,known software,trusted_internal,Known Publisher,benign
TRUST-N-01504,2026-09-20T10:57:59Z,HR-WS-22,known software,signed,Known Publisher,benign
TRUST-N-04680,2026-09-20T10:59:21Z,HR-WS-22,known software,signed,Known Publisher,benign
TRUST-N-05632,2026-09-20T10:59:28Z,HR-WS-22,known software,trusted_internal,Known Publisher,benign
TRUST-N-07446,2026-09-20T10:59:36Z,PATCH-01,known software,trusted_internal,Known Publisher,benign
TRUST-N-05551,2026-09-20T11:00:20Z,PATCH-01,known software,signed,Known Publisher,benign
TRUST-N-09884,2026-09-20T11:02:03Z,PATCH-01,known software,trusted_internal,Known Publisher,benign
TRUST-N-06436,2026-09-20T11:02:27Z,MGMT-01,known software,trusted_internal,Known Publisher,benign
TRUST-N-01041,2026-09-20T11:03:07Z,PATCH-01,known software,signed,Known Publisher,benign
TRUST-N-00437,2026-09-20T11:04:42Z,FIN-WS-09,known software,trusted_internal,Known Publisher,benign
TRUST-N-02734,2026-09-20T11:05:34Z,FIN-WS-09,known software,trusted_internal,Known Publisher,benign
TRUST-N-09263,2026-09-20T11:06:27Z,DC-01,known software,signed,Known Publisher,benign
TRUST-N-04111,2026-09-20T11:06:34Z,ENG-WS-17,known software,trusted_internal,Known Publisher,benign
TRUST-N-07160,2026-09-20T11:08:26Z,FIN-WS-09,known software,signed,Known Publisher,benign
TRUST-N-06545,2026-09-20T11:09:07Z,HR-WS-22,known software,signed,Known Publisher,benign
TRUST-N-04242,2026-09-20T11:13:00Z,ENG-WS-17,known software,signed,Known Publisher,benign
TRUST-N-01952,2026-09-20T11:13:10Z,MGMT-01,known software,trusted_internal,Known Publisher,benign
TRUST-N-01000,2026-09-20T11:13:17Z,HR-WS-08,known software,signed,Known Publisher,benign
TRUST-N-04784,2026-09-20T11:13:25Z,DC-01,known software,trusted_internal,Known Publisher,benign
TRUST-N-04755,2026-09-20T11:13:52Z,HR-WS-08,known software,trusted_internal,Known Publisher,benign
TRUST-N-04859,2026-09-20T11:14:55Z,MGMT-01,known software,trusted_internal,Known Publisher,benign
TRUST-N-08772,2026-09-20T11:15:25Z,HR-WS-08,known software,signed,Known Publisher,benign
TRUST-N-07370,2026-09-20T11:15:34Z,DC-01,known software,trusted_internal,Known Publisher,benign
TRUST-N-00613,2026-09-20T11:15:59Z,DC-01,known software,trusted_internal,Known Publisher,benign
TRUST-N-02884,2026-09-20T11:16:10Z,FIN-WS-09,known software,signed,Known Publisher,benign
TRUST-N-09133,2026-09-20T11:17:19Z,PATCH-01,known software,trusted_internal,Known Publisher,benign
TRUST-N-05984,2026-09-20T11:17:39Z,HR-WS-08,known software,trusted_internal,Known Publisher,benign
TRUST-N-00890,2026-09-20T11:17:48Z,DC-01,known software,trusted_internal,Known Publisher,benign
TRUST-N-04891,2026-09-20T11:19:23Z,FIN-WS-09,known software,trusted_internal,Known Publisher,benign
TRUST-N-04316,2026-09-20T11:20:21Z,FIN-WS-09,known software,trusted_internal,Known Publisher,benign
TRUST-N-07525,2026-09-20T11:21:30Z,HR-WS-08,known software,signed,Known Publisher,benign
TRUST-N-06235,2026-09-20T11:21:48Z,HR-WS-08,known software,signed,Known Publisher,benign
TRUST-N-04118,2026-09-20T11:22:06Z,DC-01,known software,signed,Known Publisher,benign
TRUST-N-03863,2026-09-20T11:22:10Z,DC-01,known software,trusted_internal,Known Publisher,benign
TRUST-N-05838,2026-09-20T11:22:36Z,APP-06,known software,signed,Known Publisher,benign
TRUST-N-09098,2026-09-20T11:22:48Z,ENG-WS-17,known software,signed,Known Publisher,benign
TRUST-N-08289,2026-09-20T11:22:50Z,FIN-WS-09,known software,signed,Known Publisher,benign
TRUST-N-03087,2026-09-20T11:24:20Z,MGMT-01,known software,trusted_internal,Known Publisher,benign
TRUST-N-09266,2026-09-20T11:24:35Z,HR-WS-22,known software,trusted_internal,Known Publisher,benign
TRUST-N-04620,2026-09-20T11:24:43Z,ENG-WS-17,known software,trusted_internal,Known Publisher,benign
TRUST-N-09681,2026-09-20T11:24:49Z,DC-01,known software,trusted_internal,Known Publisher,benign
TRUST-N-08751,2026-09-20T11:25:00Z,FIN-WS-09,known software,trusted_internal,Known Publisher,benign
TRUST-N-07810,2026-09-20T11:25:17Z,HR-WS-08,known software,trusted_internal,Known Publisher,benign
TRUST-N-04686,2026-09-20T11:25:19Z,HR-WS-08,known software,trusted_internal,Known Publisher,benign
TRUST-N-05819,2026-09-20T11:25:46Z,HR-WS-22,known software,trusted_internal,Known Publisher,benign
TRUST-N-00012,2026-09-20T11:25:52Z,PATCH-01,known software,trusted_internal,Known Publisher,benign
TRUST-N-09233,2026-09-20T11:26:16Z,MGMT-01,known software,trusted_internal,Known Publisher,benign
TRUST-N-09658,2026-09-20T11:26:52Z,HR-WS-22,known software,signed,Known Publisher,benign
TRUST-N-05590,2026-09-20T11:26:53Z,DC-01,known software,signed,Known Publisher,benign
TRUST-N-01713,2026-09-20T11:29:38Z,APP-06,known software,signed,Known Publisher,benign
TRUST-N-06106,2026-09-20T11:30:46Z,MGMT-01,known software,signed,Known Publisher,benign
TRUST-N-05173,2026-09-20T11:31:24Z,FIN-WS-09,known software,signed,Known Publisher,benign
TRUST-N-00115,2026-09-20T11:31:56Z,APP-06,known software,trusted_internal,Known Publisher,benign
TRUST-N-09744,2026-09-20T11:32:02Z,PATCH-01,known software,trusted_internal,Known Publisher,benign
TRUST-N-00219,2026-09-20T11:32:53Z,APP-06,known software,signed,Known Publisher,benign
TRUST-N-09629,2026-09-20T11:33:01Z,MGMT-01,known software,signed,Known Publisher,benign
TRUST-N-03624,2026-09-20T11:33:36Z,PATCH-01,known software,trusted_internal,Known Publisher,benign
TRUST-N-05538,2026-09-20T11:33:47Z,FIN-WS-09,known software,trusted_internal,Known Publisher,benign
TRUST-N-09936,2026-09-20T11:33:59Z,HR-WS-22,known software,signed,Known Publisher,benign
TRUST-N-08957,2026-09-20T11:34:51Z,MGMT-01,known software,trusted_internal,Known Publisher,benign
TRUST-N-08425,2026-09-20T11:35:23Z,ENG-WS-17,known software,trusted_internal,Known Publisher,benign
TRUST-N-04582,2026-09-20T11:35:40Z,HR-WS-22,known software,trusted_internal,Known Publisher,benign
TRUST-N-08644,2026-09-20T11:35:53Z,HR-WS-22,known software,signed,Known Publisher,benign
TRUST-N-03320,2026-09-20T11:36:04Z,HR-WS-22,known software,trusted_internal,Known Publisher,benign
TRUST-N-00942,2026-09-20T11:36:23Z,HR-WS-22,known software,trusted_internal,Known Publisher,benign
TRUST-N-02573,2026-09-20T11:36:32Z,DC-01,known software,trusted_internal,Known Publisher,benign
TRUST-N-05219,2026-09-20T11:36:42Z,PATCH-01,known software,signed,Known Publisher,benign
TRUST-N-03920,2026-09-20T11:37:40Z,APP-06,known software,signed,Known Publisher,benign
TRUST-N-03930,2026-09-20T11:38:23Z,HR-WS-08,known software,signed,Known Publisher,benign
TRUST-N-06766,2026-09-20T11:38:34Z,PATCH-01,known software,trusted_internal,Known Publisher,benign
TRUST-N-06893,2026-09-20T11:38:55Z,FIN-WS-09,known software,trusted_internal,Known Publisher,benign
TRUST-N-07666,2026-09-20T11:39:55Z,ENG-WS-17,known software,trusted_internal,Known Publisher,benign
TRUST-N-07931,2026-09-20T11:40:31Z,PATCH-01,known software,trusted_internal,Known Publisher,benign
TRUST-N-01784,2026-09-20T11:40:38Z,HR-WS-08,known software,trusted_internal,Known Publisher,benign
TRUST-N-00786,2026-09-20T11:41:09Z,DC-01,known software,signed,Known Publisher,benign
TRUST-N-08660,2026-09-20T11:41:58Z,DC-01,known software,signed,Known Publisher,benign
TRUST-N-06250,2026-09-20T11:42:16Z,APP-06,known software,signed,Known Publisher,benign
TRUST-N-08292,2026-09-20T11:42:25Z,MGMT-01,known software,signed,Known Publisher,benign
TRUST-N-06317,2026-09-20T11:42:35Z,PATCH-01,known software,signed,Known Publisher,benign
TRUST-N-02509,2026-09-20T11:42:36Z,ENG-WS-17,known software,signed,Known Publisher,benign
TRUST-N-04812,2026-09-20T11:42:37Z,FIN-WS-09,known software,trusted_internal,Known Publisher,benign
TRUST-N-07406,2026-09-20T11:43:34Z,HR-WS-08,known software,trusted_internal,Known Publisher,benign
TRUST-N-04195,2026-09-20T11:43:40Z,DC-01,known software,signed,Known Publisher,benign
TRUST-N-00375,2026-09-20T11:43:47Z,FIN-WS-09,known software,signed,Known Publisher,benign
TRUST-N-03522,2026-09-20T11:44:34Z,DC-01,known software,trusted_internal,Known Publisher,benign
TRUST-N-04245,2026-09-20T11:45:24Z,ENG-WS-17,known software,trusted_internal,Known Publisher,benign
TRUST-N-08104,2026-09-20T11:45:27Z,HR-WS-22,known software,signed,Known Publisher,benign
TRUST-N-08238,2026-09-20T11:46:21Z,APP-06,known software,trusted_internal,Known Publisher,benign
TRUST-N-02487,2026-09-20T11:47:08Z,ENG-WS-17,known software,signed,Known Publisher,benign
TRUST-N-02853,2026-09-20T11:47:21Z,APP-06,known software,trusted_internal,Known Publisher,benign
TRUST-N-01602,2026-09-20T11:47:42Z,HR-WS-08,known software,signed,Known Publisher,benign
TRUST-N-03762,2026-09-20T11:48:58Z,FIN-WS-09,known software,trusted_internal,Known Publisher,benign
TRUST-N-06648,2026-09-20T11:49:22Z,FIN-WS-09,known software,trusted_internal,Known Publisher,benign
TRUST-N-02338,2026-09-20T11:49:44Z,HR-WS-08,known software,trusted_internal,Known Publisher,benign
TRUST-N-02526,2026-09-20T11:50:48Z,FIN-WS-09,known software,signed,Known Publisher,benign
TRUST-N-07777,2026-09-20T11:51:40Z,APP-06,known software,signed,Known Publisher,benign
TRUST-N-05280,2026-09-20T11:52:08Z,DC-01,known software,signed,Known Publisher,benign
TRUST-N-08053,2026-09-20T11:52:38Z,HR-WS-08,known software,signed,Known Publisher,benign
TRUST-N-08682,2026-09-20T11:52:51Z,HR-WS-08,known software,trusted_internal,Known Publisher,benign
TRUST-N-03809,2026-09-20T11:52:55Z,HR-WS-22,known software,signed,Known Publisher,benign
TRUST-N-06209,2026-09-20T11:53:11Z,DC-01,known software,signed,Known Publisher,benign
TRUST-N-09970,2026-09-20T11:53:20Z,MGMT-01,known software,trusted_internal,Known Publisher,benign
TRUST-N-06709,2026-09-20T11:54:20Z,MGMT-01,known software,signed,Known Publisher,benign
TRUST-N-04759,2026-09-20T11:54:40Z,HR-WS-22,known software,trusted_internal,Known Publisher,benign
TRUST-N-07392,2026-09-20T11:56:04Z,PATCH-01,known software,signed,Known Publisher,benign
TRUST-N-01555,2026-09-20T11:56:26Z,PATCH-01,known software,signed,Known Publisher,benign
TRUST-N-03324,2026-09-20T11:57:03Z,DC-01,known software,signed,Known Publisher,benign
TRUST-N-02263,2026-09-20T11:57:05Z,HR-WS-08,known software,trusted_internal,Known Publisher,benign
TRUST-N-07903,2026-09-20T11:57:58Z,PATCH-01,known software,trusted_internal,Known Publisher,benign
TRUST-N-09150,2026-09-20T11:58:49Z,MGMT-01,known software,trusted_internal,Known Publisher,benign
TRUST-N-07731,2026-09-20T11:59:14Z,HR-WS-08,known software,trusted_internal,Known Publisher,benign
TRUST-N-00380,2026-09-20T11:59:18Z,FIN-WS-09,known software,trusted_internal,Known Publisher,benign
TRUST-N-02289,2026-09-20T11:59:25Z,HR-WS-22,known software,signed,Known Publisher,benign
TRUST-N-02097,2026-09-20T11:59:40Z,PATCH-01,known software,trusted_internal,Known Publisher,benign
TRUST-N-02494,2026-09-20T11:59:40Z,DC-01,known software,signed,Known Publisher,benign
TRUST-N-06835,2026-09-20T12:00:39Z,MGMT-01,known software,signed,Known Publisher,benign
TRUST-N-08188,2026-09-20T12:01:06Z,FIN-WS-09,known software,trusted_internal,Known Publisher,benign
TRUST-N-03820,2026-09-20T12:01:19Z,PATCH-01,known software,signed,Known Publisher,benign
TRUST-N-02446,2026-09-20T12:01:41Z,APP-06,known software,signed,Known Publisher,benign
TRUST-N-05952,2026-09-20T12:02:08Z,MGMT-01,known software,trusted_internal,Known Publisher,benign
TRUST-N-09254,2026-09-20T12:02:10Z,DC-01,known software,trusted_internal,Known Publisher,benign
TRUST-N-06633,2026-09-20T12:02:23Z,PATCH-01,known software,trusted_internal,Known Publisher,benign
TRUST-N-00894,2026-09-20T12:02:59Z,HR-WS-22,known software,signed,Known Publisher,benign
TRUST-N-03148,2026-09-20T12:02:59Z,HR-WS-22,known software,trusted_internal,Known Publisher,benign
TRUST-N-07610,2026-09-20T12:03:03Z,FIN-WS-09,known software,signed,Known Publisher,benign
TRUST-N-06511,2026-09-20T12:03:13Z,APP-06,known software,signed,Known Publisher,benign
TRUST-N-08741,2026-09-20T12:03:31Z,DC-01,known software,trusted_internal,Known Publisher,benign
TRUST-N-04064,2026-09-20T12:04:10Z,FIN-WS-09,known software,signed,Known Publisher,benign
TRUST-N-08253,2026-09-20T12:04:31Z,APP-06,known software,signed,Known Publisher,benign
TRUST-N-05517,2026-09-20T12:05:21Z,APP-06,known software,signed,Known Publisher,benign
TRUST-N-04322,2026-09-20T12:05:25Z,MGMT-01,known software,trusted_internal,Known Publisher,benign
TRUST-N-06885,2026-09-20T12:07:19Z,APP-06,known software,signed,Known Publisher,benign
TRUST-N-07516,2026-09-20T12:08:08Z,ENG-WS-17,known software,trusted_internal,Known Publisher,benign
TRUST-N-02388,2026-09-20T12:09:27Z,ENG-WS-17,known software,signed,Known Publisher,benign
TRUST-N-07292,2026-09-20T12:10:43Z,APP-06,known software,signed,Known Publisher,benign
TRUST-N-08917,2026-09-20T12:10:45Z,FIN-WS-09,known software,signed,Known Publisher,benign
TRUST-N-03602,2026-09-20T12:12:12Z,PATCH-01,known software,signed,Known Publisher,benign
TRUST-N-00423,2026-09-20T12:12:49Z,HR-WS-08,known software,trusted_internal,Known Publisher,benign
TRUST-N-02525,2026-09-20T12:13:30Z,PATCH-01,known software,signed,Known Publisher,benign
TRUST-N-09284,2026-09-20T12:13:32Z,DC-01,known software,trusted_internal,Known Publisher,benign
TRUST-N-01512,2026-09-20T12:13:52Z,HR-WS-22,known software,trusted_internal,Known Publisher,benign
TRUST-N-01838,2026-09-20T12:15:10Z,HR-WS-22,known software,signed,Known Publisher,benign
TRUST-N-04531,2026-09-20T12:15:18Z,PATCH-01,known software,signed,Known Publisher,benign
TRUST-N-02736,2026-09-20T12:16:22Z,MGMT-01,known software,trusted_internal,Known Publisher,benign
TRUST-N-06903,2026-09-20T12:18:00Z,ENG-WS-17,known software,trusted_internal,Known Publisher,benign
TRUST-N-08623,2026-09-20T12:18:34Z,APP-06,known software,trusted_internal,Known Publisher,benign
TRUST-N-00601,2026-09-20T12:18:38Z,MGMT-01,known software,signed,Known Publisher,benign
TRUST-N-00244,2026-09-20T12:20:17Z,DC-01,known software,trusted_internal,Known Publisher,benign
TRUST-N-08392,2026-09-20T12:20:34Z,FIN-WS-09,known software,trusted_internal,Known Publisher,benign
TRUST-N-07180,2026-09-20T12:20:49Z,HR-WS-22,known software,trusted_internal,Known Publisher,benign
TRUST-N-00112,2026-09-20T12:21:01Z,MGMT-01,known software,signed,Known Publisher,benign
TRUST-N-09671,2026-09-20T12:21:33Z,FIN-WS-09,known software,signed,Known Publisher,benign
TRUST-N-07909,2026-09-20T12:22:10Z,FIN-WS-09,known software,trusted_internal,Known Publisher,benign
TRUST-N-00252,2026-09-20T12:22:22Z,PATCH-01,known software,signed,Known Publisher,benign
TRUST-N-05915,2026-09-20T12:23:05Z,FIN-WS-09,known software,trusted_internal,Known Publisher,benign
TRUST-N-02653,2026-09-20T12:23:41Z,FIN-WS-09,known software,signed,Known Publisher,benign
TRUST-N-07734,2026-09-20T12:23:47Z,HR-WS-08,known software,trusted_internal,Known Publisher,benign
TRUST-N-03510,2026-09-20T12:24:28Z,HR-WS-22,known software,trusted_internal,Known Publisher,benign
TRUST-N-09147,2026-09-20T12:24:28Z,APP-06,known software,trusted_internal,Known Publisher,benign
TRUST-N-02776,2026-09-20T12:24:47Z,HR-WS-08,known software,signed,Known Publisher,benign
TRUST-N-00127,2026-09-20T12:24:48Z,MGMT-01,known software,trusted_internal,Known Publisher,benign
TRUST-N-02379,2026-09-20T12:25:04Z,MGMT-01,known software,signed,Known Publisher,benign
TRUST-N-01493,2026-09-20T12:26:25Z,HR-WS-22,known software,signed,Known Publisher,benign
TRUST-N-04149,2026-09-20T12:27:23Z,DC-01,known software,trusted_internal,Known Publisher,benign
TRUST-N-00781,2026-09-20T12:27:36Z,PATCH-01,known software,trusted_internal,Known Publisher,benign
TRUST-N-05637,2026-09-20T12:28:03Z,PATCH-01,known software,signed,Known Publisher,benign
TRUST-N-07156,2026-09-20T12:28:31Z,APP-06,known software,trusted_internal,Known Publisher,benign
TRUST-N-02974,2026-09-20T12:28:50Z,MGMT-01,known software,trusted_internal,Known Publisher,benign
TRUST-N-02183,2026-09-20T12:29:58Z,APP-06,known software,signed,Known Publisher,benign
TRUST-N-08780,2026-09-20T12:30:59Z,DC-01,known software,signed,Known Publisher,benign
TRUST-N-08628,2026-09-20T12:31:55Z,FIN-WS-09,known software,trusted_internal,Known Publisher,benign
TRUST-N-01151,2026-09-20T12:32:28Z,DC-01,known software,trusted_internal,Known Publisher,benign
TRUST-N-06745,2026-09-20T12:33:01Z,ENG-WS-17,known software,trusted_internal,Known Publisher,benign
TRUST-N-00876,2026-09-20T12:33:08Z,PATCH-01,known software,signed,Known Publisher,benign
TRUST-N-07112,2026-09-20T12:33:47Z,HR-WS-22,known software,signed,Known Publisher,benign
TRUST-N-03639,2026-09-20T12:33:50Z,ENG-WS-17,known software,signed,Known Publisher,benign
TRUST-N-04481,2026-09-20T12:33:59Z,ENG-WS-17,known software,signed,Known Publisher,benign
TRUST-N-07941,2026-09-20T12:34:24Z,APP-06,known software,signed,Known Publisher,benign
TRUST-N-00895,2026-09-20T12:36:30Z,HR-WS-08,known software,trusted_internal,Known Publisher,benign
TRUST-N-06057,2026-09-20T12:36:53Z,PATCH-01,known software,trusted_internal,Known Publisher,benign
TRUST-N-00242,2026-09-20T12:37:42Z,PATCH-01,known software,signed,Known Publisher,benign
TRUST-N-08347,2026-09-20T12:37:45Z,HR-WS-22,known software,trusted_internal,Known Publisher,benign
TRUST-N-00711,2026-09-20T12:38:24Z,PATCH-01,known software,signed,Known Publisher,benign
TRUST-N-03905,2026-09-20T12:38:52Z,MGMT-01,known software,trusted_internal,Known Publisher,benign
TRUST-N-09585,2026-09-20T12:39:14Z,PATCH-01,known software,signed,Known Publisher,benign
TRUST-N-01081,2026-09-20T12:39:24Z,APP-06,known software,signed,Known Publisher,benign
TRUST-N-05932,2026-09-20T12:41:00Z,ENG-WS-17,known software,trusted_internal,Known Publisher,benign
TRUST-N-02303,2026-09-20T12:41:14Z,DC-01,known software,trusted_internal,Known Publisher,benign
TRUST-N-09628,2026-09-20T12:42:11Z,DC-01,known software,signed,Known Publisher,benign
TRUST-N-01253,2026-09-20T12:43:02Z,APP-06,known software,trusted_internal,Known Publisher,benign
TRUST-N-00322,2026-09-20T12:43:35Z,PATCH-01,known software,trusted_internal,Known Publisher,benign
TRUST-N-00020,2026-09-20T12:43:53Z,MGMT-01,known software,signed,Known Publisher,benign
TRUST-N-03029,2026-09-20T12:44:37Z,DC-01,known software,trusted_internal,Known Publisher,benign
TRUST-N-05674,2026-09-20T12:44:37Z,HR-WS-22,known software,signed,Known Publisher,benign
TRUST-N-07047,2026-09-20T12:45:21Z,MGMT-01,known software,trusted_internal,Known Publisher,benign
TRUST-N-06920,2026-09-20T12:47:30Z,PATCH-01,known software,trusted_internal,Known Publisher,benign
TRUST-N-00282,2026-09-20T12:48:29Z,ENG-WS-17,known software,trusted_internal,Known Publisher,benign
TRUST-N-09106,2026-09-20T12:48:52Z,ENG-WS-17,known software,trusted_internal,Known Publisher,benign
TRUST-N-06685,2026-09-20T12:49:28Z,HR-WS-22,known software,signed,Known Publisher,benign
TRUST-N-04039,2026-09-20T12:50:17Z,DC-01,known software,signed,Known Publisher,benign
TRUST-N-03067,2026-09-20T12:53:50Z,PATCH-01,known software,signed,Known Publisher,benign
TRUST-N-09239,2026-09-20T12:54:09Z,DC-01,known software,signed,Known Publisher,benign
TRUST-N-03783,2026-09-20T12:54:47Z,MGMT-01,known software,trusted_internal,Known Publisher,benign
TRUST-N-02037,2026-09-20T12:55:25Z,PATCH-01,known software,signed,Known Publisher,benign
TRUST-N-02343,2026-09-20T12:56:02Z,HR-WS-08,known software,signed,Known Publisher,benign
TRUST-N-04160,2026-09-20T12:56:24Z,ENG-WS-17,known software,trusted_internal,Known Publisher,benign
TRUST-N-01801,2026-09-20T12:56:44Z,HR-WS-08,known software,trusted_internal,Known Publisher,benign
TRUST-N-08600,2026-09-20T12:56:52Z,DC-01,known software,trusted_internal,Known Publisher,benign
TRUST-N-09903,2026-09-20T12:56:56Z,MGMT-01,known software,signed,Known Publisher,benign
TRUST-N-06850,2026-09-20T12:57:10Z,APP-06,known software,trusted_internal,Known Publisher,benign
TRUST-N-03336,2026-09-20T12:57:54Z,DC-01,known software,signed,Known Publisher,benign
TRUST-N-06174,2026-09-20T12:57:58Z,MGMT-01,known software,trusted_internal,Known Publisher,benign
TRUST-N-03372,2026-09-20T12:59:00Z,HR-WS-22,known software,trusted_internal,Known Publisher,benign
TRUST-N-02919,2026-09-20T12:59:04Z,PATCH-01,known software,trusted_internal,Known Publisher,benign
TRUST-N-07735,2026-09-20T12:59:07Z,MGMT-01,known software,trusted_internal,Known Publisher,benign
TRUST-N-00881,2026-09-20T12:59:11Z,PATCH-01,known software,signed,Known Publisher,benign
TRUST-N-07618,2026-09-20T12:59:18Z,HR-WS-22,known software,trusted_internal,Known Publisher,benign
TRUST-N-01006,2026-09-20T13:00:12Z,MGMT-01,known software,trusted_internal,Known Publisher,benign
TRUST-N-07240,2026-09-20T13:01:12Z,PATCH-01,known software,signed,Known Publisher,benign
TRUST-N-06807,2026-09-20T13:02:11Z,HR-WS-08,known software,trusted_internal,Known Publisher,benign
TRUST-N-04785,2026-09-20T13:02:48Z,MGMT-01,known software,signed,Known Publisher,benign
TRUST-N-09887,2026-09-20T13:02:52Z,HR-WS-22,known software,trusted_internal,Known Publisher,benign
TRUST-N-08218,2026-09-20T13:03:28Z,DC-01,known software,signed,Known Publisher,benign
TRUST-N-07363,2026-09-20T13:03:34Z,FIN-WS-09,known software,trusted_internal,Known Publisher,benign
TRUST-N-01949,2026-09-20T13:03:49Z,APP-06,known software,signed,Known Publisher,benign
TRUST-N-05769,2026-09-20T13:04:41Z,PATCH-01,known software,signed,Known Publisher,benign
TRUST-N-00493,2026-09-20T13:04:50Z,APP-06,known software,trusted_internal,Known Publisher,benign
TRUST-N-05235,2026-09-20T13:05:42Z,DC-01,known software,trusted_internal,Known Publisher,benign
TRUST-N-07113,2026-09-20T13:05:45Z,APP-06,known software,trusted_internal,Known Publisher,benign
TRUST-N-09810,2026-09-20T13:06:10Z,PATCH-01,known software,trusted_internal,Known Publisher,benign
TRUST-N-09597,2026-09-20T13:07:50Z,FIN-WS-09,known software,signed,Known Publisher,benign
TRUST-N-09066,2026-09-20T13:08:19Z,HR-WS-08,known software,trusted_internal,Known Publisher,benign
TRUST-N-04896,2026-09-20T13:08:51Z,HR-WS-08,known software,signed,Known Publisher,benign
TRUST-N-07927,2026-09-20T13:09:55Z,HR-WS-08,known software,trusted_internal,Known Publisher,benign
TRUST-N-08378,2026-09-20T13:10:21Z,DC-01,known software,trusted_internal,Known Publisher,benign
TRUST-N-05652,2026-09-20T13:10:25Z,HR-WS-08,known software,trusted_internal,Known Publisher,benign
TRUST-N-01200,2026-09-20T13:11:02Z,FIN-WS-09,known software,signed,Known Publisher,benign
TRUST-N-09006,2026-09-20T13:11:57Z,PATCH-01,known software,signed,Known Publisher,benign
TRUST-N-06870,2026-09-20T13:12:03Z,PATCH-01,known software,trusted_internal,Known Publisher,benign
TRUST-N-03786,2026-09-20T13:13:20Z,FIN-WS-09,known software,trusted_internal,Known Publisher,benign
TRUST-N-01605,2026-09-20T13:13:59Z,APP-06,known software,signed,Known Publisher,benign
TRUST-N-09368,2026-09-20T13:14:03Z,DC-01,known software,signed,Known Publisher,benign
TRUST-N-04397,2026-09-20T13:14:27Z,HR-WS-22,known software,trusted_internal,Known Publisher,benign
TRUST-N-00931,2026-09-20T13:15:54Z,APP-06,known software,trusted_internal,Known Publisher,benign
TRUST-N-04685,2026-09-20T13:16:32Z,PATCH-01,known software,signed,Known Publisher,benign
TRUST-N-06213,2026-09-20T13:18:35Z,HR-WS-22,known software,trusted_internal,Known Publisher,benign
TRUST-N-04842,2026-09-20T13:18:49Z,APP-06,known software,trusted_internal,Known Publisher,benign
TRUST-N-05994,2026-09-20T13:18:50Z,HR-WS-22,known software,signed,Known Publisher,benign
TRUST-N-02872,2026-09-20T13:19:13Z,MGMT-01,known software,signed,Known Publisher,benign
TRUST-N-06129,2026-09-20T13:20:28Z,HR-WS-22,known software,signed,Known Publisher,benign
TRUST-N-05897,2026-09-20T13:22:05Z,PATCH-01,known software,trusted_internal,Known Publisher,benign
TRUST-N-09863,2026-09-20T13:22:28Z,HR-WS-08,known software,signed,Known Publisher,benign
TRUST-N-02367,2026-09-20T13:22:36Z,HR-WS-08,known software,trusted_internal,Known Publisher,benign
TRUST-N-07478,2026-09-20T13:22:40Z,MGMT-01,known software,trusted_internal,Known Publisher,benign
TRUST-N-05179,2026-09-20T13:22:52Z,MGMT-01,known software,signed,Known Publisher,benign
TRUST-N-04581,2026-09-20T13:23:26Z,DC-01,known software,signed,Known Publisher,benign
TRUST-N-04081,2026-09-20T13:23:43Z,HR-WS-08,known software,trusted_internal,Known Publisher,benign
TRUST-N-08718,2026-09-20T13:24:18Z,HR-WS-08,known software,signed,Known Publisher,benign
TRUST-N-08637,2026-09-20T13:24:27Z,PATCH-01,known software,trusted_internal,Known Publisher,benign
TRUST-N-03636,2026-09-20T13:24:36Z,ENG-WS-17,known software,signed,Known Publisher,benign
TRUST-N-04059,2026-09-20T13:24:54Z,DC-01,known software,signed,Known Publisher,benign
TRUST-N-03769,2026-09-20T13:25:37Z,HR-WS-08,known software,trusted_internal,Known Publisher,benign
TRUST-N-04069,2026-09-20T13:26:45Z,ENG-WS-17,known software,signed,Known Publisher,benign
TRUST-N-06296,2026-09-20T13:26:49Z,HR-WS-08,known software,signed,Known Publisher,benign
TRUST-N-06534,2026-09-20T13:26:58Z,APP-06,known software,signed,Known Publisher,benign
TRUST-N-02602,2026-09-20T13:27:37Z,MGMT-01,known software,trusted_internal,Known Publisher,benign
TRUST-N-08208,2026-09-20T13:27:45Z,FIN-WS-09,known software,trusted_internal,Known Publisher,benign
TRUST-N-02458,2026-09-20T13:27:59Z,APP-06,known software,signed,Known Publisher,benign
TRUST-N-02449,2026-09-20T13:28:52Z,APP-06,known software,signed,Known Publisher,benign
TRUST-N-08546,2026-09-20T13:29:20Z,HR-WS-08,known software,signed,Known Publisher,benign
TRUST-N-06738,2026-09-20T13:29:58Z,HR-WS-22,known software,trusted_internal,Known Publisher,benign
TRUST-N-05134,2026-09-20T13:30:12Z,ENG-WS-17,known software,signed,Known Publisher,benign
TRUST-N-05591,2026-09-20T13:30:37Z,MGMT-01,known software,signed,Known Publisher,benign
TRUST-N-04602,2026-09-20T13:30:38Z,HR-WS-08,known software,signed,Known Publisher,benign
TRUST-N-07791,2026-09-20T13:30:38Z,MGMT-01,known software,trusted_internal,Known Publisher,benign
TRUST-N-01374,2026-09-20T13:31:02Z,MGMT-01,known software,trusted_internal,Known Publisher,benign
TRUST-N-00053,2026-09-20T13:31:29Z,DC-01,known software,signed,Known Publisher,benign
TRUST-N-03651,2026-09-20T13:31:46Z,FIN-WS-09,known software,trusted_internal,Known Publisher,benign
TRUST-N-05312,2026-09-20T13:31:53Z,HR-WS-22,known software,trusted_internal,Known Publisher,benign
TRUST-N-09085,2026-09-20T13:32:08Z,MGMT-01,known software,trusted_internal,Known Publisher,benign
TRUST-N-07497,2026-09-20T13:32:10Z,FIN-WS-09,known software,trusted_internal,Known Publisher,benign
TRUST-N-01684,2026-09-20T13:32:33Z,HR-WS-08,known software,signed,Known Publisher,benign
TRUST-N-04238,2026-09-20T13:33:07Z,MGMT-01,known software,trusted_internal,Known Publisher,benign
TRUST-N-02454,2026-09-20T13:33:33Z,DC-01,known software,signed,Known Publisher,benign
TRUST-N-04823,2026-09-20T13:34:15Z,HR-WS-22,known software,signed,Known Publisher,benign
TRUST-N-02668,2026-09-20T13:34:24Z,DC-01,known software,trusted_internal,Known Publisher,benign
TRUST-N-08107,2026-09-20T13:34:43Z,HR-WS-08,known software,trusted_internal,Known Publisher,benign
TRUST-N-02838,2026-09-20T13:35:59Z,APP-06,known software,trusted_internal,Known Publisher,benign
TRUST-N-03262,2026-09-20T13:36:14Z,PATCH-01,known software,signed,Known Publisher,benign
TRUST-N-00540,2026-09-20T13:36:16Z,PATCH-01,known software,trusted_internal,Known Publisher,benign
TRUST-N-05502,2026-09-20T13:36:55Z,APP-06,known software,trusted_internal,Known Publisher,benign
TRUST-N-04276,2026-09-20T13:38:45Z,MGMT-01,known software,trusted_internal,Known Publisher,benign
TRUST-N-03288,2026-09-20T13:40:11Z,HR-WS-08,known software,signed,Known Publisher,benign
TRUST-N-08122,2026-09-20T13:41:14Z,MGMT-01,known software,trusted_internal,Known Publisher,benign
TRUST-N-01011,2026-09-20T13:41:34Z,FIN-WS-09,known software,trusted_internal,Known Publisher,benign
TRUST-N-04010,2026-09-20T13:41:47Z,ENG-WS-17,known software,trusted_internal,Known Publisher,benign
TRUST-N-04221,2026-09-20T13:41:56Z,MGMT-01,known software,trusted_internal,Known Publisher,benign
TRUST-N-07871,2026-09-20T13:42:08Z,DC-01,known software,signed,Known Publisher,benign
TRUST-N-05895,2026-09-20T13:42:20Z,FIN-WS-09,known software,signed,Known Publisher,benign
TRUST-N-05095,2026-09-20T13:42:22Z,MGMT-01,known software,trusted_internal,Known Publisher,benign
TRUST-N-03912,2026-09-20T13:42:29Z,HR-WS-22,known software,signed,Known Publisher,benign
TRUST-N-08662,2026-09-20T13:42:31Z,ENG-WS-17,known software,trusted_internal,Known Publisher,benign
TRUST-N-06691,2026-09-20T13:43:50Z,APP-06,known software,signed,Known Publisher,benign
TRUST-N-02004,2026-09-20T13:44:22Z,HR-WS-22,known software,signed,Known Publisher,benign
TRUST-N-01600,2026-09-20T13:44:46Z,APP-06,known software,signed,Known Publisher,benign
TRUST-N-03992,2026-09-20T13:44:52Z,HR-WS-08,known software,trusted_internal,Known Publisher,benign
TRUST-N-05658,2026-09-20T13:45:00Z,APP-06,known software,trusted_internal,Known Publisher,benign
TRUST-N-04725,2026-09-20T13:45:36Z,HR-WS-22,known software,signed,Known Publisher,benign
TRUST-N-04941,2026-09-20T13:45:42Z,PATCH-01,known software,trusted_internal,Known Publisher,benign
TRUST-N-05010,2026-09-20T13:46:12Z,HR-WS-22,known software,trusted_internal,Known Publisher,benign
TRUST-N-06364,2026-09-20T13:47:31Z,MGMT-01,known software,trusted_internal,Known Publisher,benign
TRUST-N-09247,2026-09-20T13:48:38Z,HR-WS-08,known software,signed,Known Publisher,benign
TRUST-N-04729,2026-09-20T13:52:17Z,FIN-WS-09,known software,trusted_internal,Known Publisher,benign
TRUST-N-00109,2026-09-20T13:52:55Z,MGMT-01,known software,trusted_internal,Known Publisher,benign
TRUST-N-03730,2026-09-20T13:52:59Z,FIN-WS-09,known software,trusted_internal,Known Publisher,benign
TRUST-N-08390,2026-09-20T13:53:28Z,PATCH-01,known software,trusted_internal,Known Publisher,benign
TRUST-N-00865,2026-09-20T13:53:50Z,HR-WS-08,known software,trusted_internal,Known Publisher,benign
TRUST-N-07911,2026-09-20T13:55:22Z,HR-WS-22,known software,trusted_internal,Known Publisher,benign
TRUST-N-09973,2026-09-20T13:56:42Z,APP-06,known software,trusted_internal,Known Publisher,benign
TRUST-N-02695,2026-09-20T13:57:06Z,PATCH-01,known software,signed,Known Publisher,benign
TRUST-N-00760,2026-09-20T13:57:19Z,APP-06,known software,signed,Known Publisher,benign
TRUST-N-09889,2026-09-20T13:58:56Z,MGMT-01,known software,trusted_internal,Known Publisher,benign
TRUST-N-03244,2026-09-20T13:59:31Z,DC-01,known software,signed,Known Publisher,benign
TRUST-N-05890,2026-09-20T13:59:36Z,PATCH-01,known software,signed,Known Publisher,benign
TRUST-N-09967,2026-09-20T13:59:50Z,FIN-WS-09,known software,signed,Known Publisher,benign
TRUST-N-05655,2026-09-20T14:00:03Z,FIN-WS-09,known software,signed,Known Publisher,benign
TRUST-N-03564,2026-09-20T14:00:19Z,APP-06,known software,signed,Known Publisher,benign
TRUST-N-06185,2026-09-20T14:00:37Z,PATCH-01,known software,signed,Known Publisher,benign
TRUST-N-04623,2026-09-20T14:01:03Z,HR-WS-22,known software,trusted_internal,Known Publisher,benign
TRUST-N-02799,2026-09-20T14:01:29Z,MGMT-01,known software,signed,Known Publisher,benign
TRUST-N-05205,2026-09-20T14:01:40Z,ENG-WS-17,known software,signed,Known Publisher,benign
TRUST-N-02186,2026-09-20T14:01:44Z,DC-01,known software,trusted_internal,Known Publisher,benign
TRUST-N-02950,2026-09-20T14:02:08Z,APP-06,known software,signed,Known Publisher,benign
TRUST-N-03717,2026-09-20T14:02:25Z,HR-WS-22,known software,trusted_internal,Known Publisher,benign
TRUST-N-04790,2026-09-20T14:03:14Z,HR-WS-22,known software,signed,Known Publisher,benign
TRUST-N-04368,2026-09-20T14:03:23Z,HR-WS-22,known software,trusted_internal,Known Publisher,benign
TRUST-N-01894,2026-09-20T14:05:53Z,ENG-WS-17,known software,signed,Known Publisher,benign
TRUST-N-01568,2026-09-20T14:06:03Z,APP-06,known software,signed,Known Publisher,benign
TRUST-N-01188,2026-09-20T14:06:07Z,FIN-WS-09,known software,trusted_internal,Known Publisher,benign
TRUST-N-08530,2026-09-20T14:07:24Z,APP-06,known software,trusted_internal,Known Publisher,benign
TRUST-N-04053,2026-09-20T14:08:23Z,DC-01,known software,trusted_internal,Known Publisher,benign
TRUST-N-02996,2026-09-20T14:08:25Z,HR-WS-08,known software,trusted_internal,Known Publisher,benign
TRUST-N-01210,2026-09-20T14:09:16Z,MGMT-01,known software,trusted_internal,Known Publisher,benign
TRUST-N-05606,2026-09-20T14:09:38Z,HR-WS-22,known software,signed,Known Publisher,benign
TRUST-N-01141,2026-09-20T14:10:52Z,HR-WS-22,known software,signed,Known Publisher,benign
TRUST-N-02044,2026-09-20T14:12:32Z,HR-WS-08,known software,trusted_internal,Known Publisher,benign
TRUST-N-06696,2026-09-20T14:13:15Z,PATCH-01,known software,trusted_internal,Known Publisher,benign
TRUST-N-04208,2026-09-20T14:13:35Z,ENG-WS-17,known software,signed,Known Publisher,benign
TRUST-N-05930,2026-09-20T14:13:44Z,MGMT-01,known software,trusted_internal,Known Publisher,benign
TRUST-N-05116,2026-09-20T14:14:24Z,HR-WS-22,known software,signed,Known Publisher,benign
TRUST-N-09420,2026-09-20T14:14:24Z,HR-WS-08,known software,signed,Known Publisher,benign
TRUST-N-00584,2026-09-20T14:14:43Z,FIN-WS-09,known software,signed,Known Publisher,benign
TRUST-N-00827,2026-09-20T14:14:55Z,APP-06,known software,trusted_internal,Known Publisher,benign
TRUST-N-03699,2026-09-20T14:15:12Z,APP-06,known software,trusted_internal,Known Publisher,benign
TRUST-N-03652,2026-09-20T14:16:19Z,MGMT-01,known software,signed,Known Publisher,benign
TRUST-N-02809,2026-09-20T14:17:30Z,FIN-WS-09,known software,signed,Known Publisher,benign
TRUST-N-09201,2026-09-20T14:18:27Z,ENG-WS-17,known software,signed,Known Publisher,benign
TRUST-N-09334,2026-09-20T14:18:54Z,PATCH-01,known software,signed,Known Publisher,benign
TRUST-N-09525,2026-09-20T14:18:54Z,PATCH-01,known software,trusted_internal,Known Publisher,benign
TRUST-N-09205,2026-09-20T14:19:09Z,HR-WS-22,known software,signed,Known Publisher,benign
TRUST-N-02259,2026-09-20T14:19:12Z,DC-01,known software,signed,Known Publisher,benign
TRUST-N-00605,2026-09-20T14:19:37Z,ENG-WS-17,known software,signed,Known Publisher,benign
TRUST-N-04882,2026-09-20T14:20:12Z,FIN-WS-09,known software,signed,Known Publisher,benign
TRUST-N-05497,2026-09-20T14:20:41Z,FIN-WS-09,known software,signed,Known Publisher,benign
TRUST-N-09484,2026-09-20T14:21:06Z,MGMT-01,known software,trusted_internal,Known Publisher,benign
TRUST-N-02358,2026-09-20T14:21:14Z,FIN-WS-09,known software,signed,Known Publisher,benign
TRUST-N-05621,2026-09-20T14:21:44Z,HR-WS-08,known software,trusted_internal,Known Publisher,benign
TRUST-N-04544,2026-09-20T14:21:45Z,HR-WS-22,known software,trusted_internal,Known Publisher,benign
TRUST-N-09325,2026-09-20T14:21:51Z,APP-06,known software,trusted_internal,Known Publisher,benign
TRUST-N-06084,2026-09-20T14:21:58Z,MGMT-01,known software,trusted_internal,Known Publisher,benign
TRUST-N-03695,2026-09-20T14:22:07Z,APP-06,known software,signed,Known Publisher,benign
TRUST-N-01615,2026-09-20T14:22:08Z,FIN-WS-09,known software,signed,Known Publisher,benign
TRUST-N-03147,2026-09-20T14:22:10Z,HR-WS-22,known software,trusted_internal,Known Publisher,benign
TRUST-N-06199,2026-09-20T14:22:15Z,PATCH-01,known software,signed,Known Publisher,benign
TRUST-N-01904,2026-09-20T14:22:40Z,ENG-WS-17,known software,trusted_internal,Known Publisher,benign
TRUST-N-08937,2026-09-20T14:23:26Z,PATCH-01,known software,signed,Known Publisher,benign
TRUST-N-08830,2026-09-20T14:23:39Z,FIN-WS-09,known software,signed,Known Publisher,benign
TRUST-N-04982,2026-09-20T14:23:47Z,APP-06,known software,trusted_internal,Known Publisher,benign
TRUST-N-06126,2026-09-20T14:25:44Z,DC-01,known software,trusted_internal,Known Publisher,benign
TRUST-N-00798,2026-09-20T14:26:22Z,APP-06,known software,trusted_internal,Known Publisher,benign
TRUST-N-04957,2026-09-20T14:26:22Z,ENG-WS-17,known software,signed,Known Publisher,benign
TRUST-N-08754,2026-09-20T14:26:27Z,DC-01,known software,trusted_internal,Known Publisher,benign
TRUST-N-01960,2026-09-20T14:27:05Z,MGMT-01,known software,signed,Known Publisher,benign
TRUST-N-08622,2026-09-20T14:27:51Z,APP-06,known software,trusted_internal,Known Publisher,benign
TRUST-N-05796,2026-09-20T14:28:19Z,FIN-WS-09,known software,signed,Known Publisher,benign
TRUST-N-09075,2026-09-20T14:28:40Z,ENG-WS-17,known software,trusted_internal,Known Publisher,benign
TRUST-N-03261,2026-09-20T14:28:42Z,HR-WS-08,known software,signed,Known Publisher,benign
TRUST-N-05779,2026-09-20T14:30:00Z,HR-WS-22,known software,trusted_internal,Known Publisher,benign
TRUST-N-05678,2026-09-20T14:30:13Z,DC-01,known software,trusted_internal,Known Publisher,benign
TRUST-N-09331,2026-09-20T14:30:16Z,HR-WS-22,known software,trusted_internal,Known Publisher,benign
TRUST-N-07850,2026-09-20T14:30:50Z,FIN-WS-09,known software,trusted_internal,Known Publisher,benign
TRUST-N-04408,2026-09-20T14:32:14Z,APP-06,known software,trusted_internal,Known Publisher,benign
TRUST-N-08779,2026-09-20T14:32:15Z,PATCH-01,known software,signed,Known Publisher,benign
TRUST-N-00019,2026-09-20T14:32:20Z,ENG-WS-17,known software,trusted_internal,Known Publisher,benign
TRUST-N-04746,2026-09-20T14:34:37Z,HR-WS-22,known software,signed,Known Publisher,benign
TRUST-N-07898,2026-09-20T14:35:06Z,ENG-WS-17,known software,trusted_internal,Known Publisher,benign
TRUST-N-00949,2026-09-20T14:35:49Z,APP-06,known software,signed,Known Publisher,benign
TRUST-N-00479,2026-09-20T14:38:14Z,PATCH-01,known software,signed,Known Publisher,benign
TRUST-N-00577,2026-09-20T14:38:20Z,HR-WS-22,known software,trusted_internal,Known Publisher,benign
TRUST-N-03139,2026-09-20T14:38:36Z,PATCH-01,known software,signed,Known Publisher,benign
TRUST-N-06333,2026-09-20T14:39:11Z,DC-01,known software,trusted_internal,Known Publisher,benign
TRUST-N-02065,2026-09-20T14:39:27Z,APP-06,known software,trusted_internal,Known Publisher,benign
TRUST-N-01865,2026-09-20T14:39:31Z,APP-06,known software,trusted_internal,Known Publisher,benign
TRUST-N-09305,2026-09-20T14:39:49Z,DC-01,known software,signed,Known Publisher,benign
TRUST-N-08927,2026-09-20T14:39:52Z,FIN-WS-09,known software,signed,Known Publisher,benign
TRUST-N-03379,2026-09-20T14:39:53Z,APP-06,known software,signed,Known Publisher,benign
TRUST-N-08941,2026-09-20T14:41:19Z,FIN-WS-09,known software,signed,Known Publisher,benign
TRUST-N-06389,2026-09-20T14:41:21Z,FIN-WS-09,known software,signed,Known Publisher,benign
TRUST-N-00992,2026-09-20T14:42:09Z,DC-01,known software,trusted_internal,Known Publisher,benign
TRUST-N-09117,2026-09-20T14:43:44Z,DC-01,known software,signed,Known Publisher,benign
TRUST-N-06536,2026-09-20T14:43:57Z,PATCH-01,known software,signed,Known Publisher,benign
TRUST-N-05548,2026-09-20T14:45:47Z,ENG-WS-17,known software,signed,Known Publisher,benign
TRUST-N-06699,2026-09-20T14:47:10Z,PATCH-01,known software,trusted_internal,Known Publisher,benign
TRUST-N-06968,2026-09-20T14:47:15Z,PATCH-01,known software,signed,Known Publisher,benign
TRUST-N-05458,2026-09-20T14:47:50Z,APP-06,known software,signed,Known Publisher,benign
TRUST-N-01355,2026-09-20T14:48:58Z,PATCH-01,known software,signed,Known Publisher,benign
TRUST-N-01008,2026-09-20T14:49:07Z,ENG-WS-17,known software,signed,Known Publisher,benign
TRUST-N-05522,2026-09-20T14:49:49Z,APP-06,known software,signed,Known Publisher,benign
TRUST-N-08731,2026-09-20T14:50:01Z,ENG-WS-17,known software,signed,Known Publisher,benign
TRUST-N-05329,2026-09-20T14:50:18Z,FIN-WS-09,known software,signed,Known Publisher,benign
TRUST-N-03024,2026-09-20T14:50:41Z,HR-WS-08,known software,signed,Known Publisher,benign
TRUST-N-00884,2026-09-20T14:51:09Z,ENG-WS-17,known software,signed,Known Publisher,benign
TRUST-N-04926,2026-09-20T14:51:27Z,DC-01,known software,signed,Known Publisher,benign
TRUST-N-03851,2026-09-20T14:52:06Z,DC-01,known software,signed,Known Publisher,benign
TRUST-N-08334,2026-09-20T14:54:03Z,MGMT-01,known software,trusted_internal,Known Publisher,benign
TRUST-N-06420,2026-09-20T14:55:02Z,ENG-WS-17,known software,trusted_internal,Known Publisher,benign
TRUST-N-03313,2026-09-20T14:55:16Z,FIN-WS-09,known software,trusted_internal,Known Publisher,benign
TRUST-N-00782,2026-09-20T14:55:23Z,HR-WS-08,known software,trusted_internal,Known Publisher,benign
TRUST-N-02762,2026-09-20T14:57:35Z,DC-01,known software,trusted_internal,Known Publisher,benign
TRUST-N-06762,2026-09-20T14:58:29Z,APP-06,known software,trusted_internal,Known Publisher,benign
TRUST-N-04937,2026-09-20T14:58:49Z,PATCH-01,known software,signed,Known Publisher,benign
TRUST-N-04301,2026-09-20T14:58:55Z,HR-WS-22,known software,trusted_internal,Known Publisher,benign
TRUST-N-04361,2026-09-20T15:00:00Z,HR-WS-22,known software,trusted_internal,Known Publisher,benign
TRUST-N-02848,2026-09-20T15:03:47Z,ENG-WS-17,known software,trusted_internal,Known Publisher,benign
TRUST-N-03790,2026-09-20T15:03:47Z,MGMT-01,known software,trusted_internal,Known Publisher,benign
TRUST-N-08435,2026-09-20T15:04:29Z,MGMT-01,known software,trusted_internal,Known Publisher,benign
TRUST-N-09114,2026-09-20T15:04:51Z,APP-06,known software,trusted_internal,Known Publisher,benign
TRUST-N-03841,2026-09-20T15:04:55Z,DC-01,known software,signed,Known Publisher,benign
TRUST-N-05924,2026-09-20T15:05:30Z,APP-06,known software,trusted_internal,Known Publisher,benign
TRUST-N-02157,2026-09-20T15:06:48Z,APP-06,known software,signed,Known Publisher,benign
TRUST-N-07718,2026-09-20T15:06:49Z,MGMT-01,known software,signed,Known Publisher,benign
TRUST-N-01973,2026-09-20T15:06:50Z,MGMT-01,known software,signed,Known Publisher,benign
TRUST-N-07475,2026-09-20T15:07:29Z,DC-01,known software,trusted_internal,Known Publisher,benign
TRUST-N-03684,2026-09-20T15:07:33Z,HR-WS-22,known software,trusted_internal,Known Publisher,benign
TRUST-N-09215,2026-09-20T15:07:47Z,ENG-WS-17,known software,signed,Known Publisher,benign
TRUST-N-04449,2026-09-20T15:09:33Z,PATCH-01,known software,signed,Known Publisher,benign
TRUST-N-04333,2026-09-20T15:10:18Z,PATCH-01,known software,signed,Known Publisher,benign
TRUST-N-08257,2026-09-20T15:10:23Z,HR-WS-22,known software,trusted_internal,Known Publisher,benign
TRUST-N-08006,2026-09-20T15:10:32Z,DC-01,known software,trusted_internal,Known Publisher,benign
TRUST-N-00794,2026-09-20T15:10:42Z,FIN-WS-09,known software,signed,Known Publisher,benign
TRUST-N-02658,2026-09-20T15:11:55Z,APP-06,known software,trusted_internal,Known Publisher,benign
TRUST-N-08114,2026-09-20T15:11:58Z,APP-06,known software,signed,Known Publisher,benign
TRUST-N-07934,2026-09-20T15:13:09Z,ENG-WS-17,known software,trusted_internal,Known Publisher,benign
TRUST-N-02528,2026-09-20T15:13:29Z,HR-WS-08,known software,signed,Known Publisher,benign
TRUST-N-08661,2026-09-20T15:15:25Z,FIN-WS-09,known software,signed,Known Publisher,benign
TRUST-N-09086,2026-09-20T15:15:42Z,PATCH-01,known software,trusted_internal,Known Publisher,benign
TRUST-N-09836,2026-09-20T15:16:32Z,PATCH-01,known software,signed,Known Publisher,benign
TRUST-N-09771,2026-09-20T15:16:45Z,FIN-WS-09,known software,signed,Known Publisher,benign
TRUST-N-00369,2026-09-20T15:16:56Z,PATCH-01,known software,trusted_internal,Known Publisher,benign
TRUST-N-03843,2026-09-20T15:17:05Z,HR-WS-08,known software,signed,Known Publisher,benign
TRUST-N-01819,2026-09-20T15:17:16Z,APP-06,known software,signed,Known Publisher,benign
TRUST-N-09451,2026-09-20T15:17:28Z,FIN-WS-09,known software,signed,Known Publisher,benign
TRUST-N-07232,2026-09-20T15:18:04Z,DC-01,known software,trusted_internal,Known Publisher,benign
TRUST-N-00637,2026-09-20T15:18:11Z,ENG-WS-17,known software,trusted_internal,Known Publisher,benign
TRUST-N-05035,2026-09-20T15:18:21Z,APP-06,known software,signed,Known Publisher,benign
TRUST-N-06097,2026-09-20T15:19:32Z,FIN-WS-09,known software,trusted_internal,Known Publisher,benign
TRUST-N-01388,2026-09-20T15:19:47Z,ENG-WS-17,known software,trusted_internal,Known Publisher,benign
TRUST-N-04933,2026-09-20T15:20:57Z,MGMT-01,known software,signed,Known Publisher,benign
TRUST-N-08859,2026-09-20T15:21:07Z,HR-WS-22,known software,trusted_internal,Known Publisher,benign
TRUST-N-09642,2026-09-20T15:21:56Z,DC-01,known software,signed,Known Publisher,benign
TRUST-N-05679,2026-09-20T15:23:08Z,FIN-WS-09,known software,signed,Known Publisher,benign
TRUST-N-09050,2026-09-20T15:23:21Z,PATCH-01,known software,signed,Known Publisher,benign
TRUST-N-07531,2026-09-20T15:27:38Z,FIN-WS-09,known software,trusted_internal,Known Publisher,benign
TRUST-N-07640,2026-09-20T15:27:48Z,HR-WS-22,known software,trusted_internal,Known Publisher,benign
TRUST-N-00559,2026-09-20T15:28:52Z,DC-01,known software,trusted_internal,Known Publisher,benign
TRUST-N-04377,2026-09-20T15:29:06Z,HR-WS-08,known software,signed,Known Publisher,benign
TRUST-N-05609,2026-09-20T15:29:20Z,HR-WS-08,known software,signed,Known Publisher,benign
TRUST-N-08476,2026-09-20T15:29:42Z,APP-06,known software,trusted_internal,Known Publisher,benign
TRUST-N-05670,2026-09-20T15:29:55Z,HR-WS-22,known software,trusted_internal,Known Publisher,benign
TRUST-N-08706,2026-09-20T15:29:57Z,PATCH-01,known software,trusted_internal,Known Publisher,benign
TRUST-N-05234,2026-09-20T15:31:40Z,HR-WS-22,known software,signed,Known Publisher,benign
TRUST-N-08648,2026-09-20T15:32:10Z,ENG-WS-17,known software,trusted_internal,Known Publisher,benign
TRUST-N-02574,2026-09-20T15:32:59Z,DC-01,known software,signed,Known Publisher,benign
TRUST-N-06270,2026-09-20T15:33:01Z,PATCH-01,known software,signed,Known Publisher,benign
TRUST-N-07204,2026-09-20T15:33:02Z,HR-WS-08,known software,trusted_internal,Known Publisher,benign
TRUST-N-00743,2026-09-20T15:33:40Z,APP-06,known software,trusted_internal,Known Publisher,benign
TRUST-N-06379,2026-09-20T15:34:43Z,HR-WS-08,known software,trusted_internal,Known Publisher,benign
TRUST-N-09479,2026-09-20T15:34:47Z,PATCH-01,known software,trusted_internal,Known Publisher,benign
TRUST-N-03650,2026-09-20T15:35:33Z,HR-WS-22,known software,signed,Known Publisher,benign
TRUST-N-09079,2026-09-20T15:35:39Z,PATCH-01,known software,signed,Known Publisher,benign
TRUST-N-04579,2026-09-20T15:36:19Z,HR-WS-08,known software,signed,Known Publisher,benign
TRUST-N-05296,2026-09-20T15:36:46Z,MGMT-01,known software,trusted_internal,Known Publisher,benign
TRUST-N-02282,2026-09-20T15:37:10Z,PATCH-01,known software,signed,Known Publisher,benign
TRUST-N-07794,2026-09-20T15:37:13Z,HR-WS-08,known software,signed,Known Publisher,benign
TRUST-N-09286,2026-09-20T15:38:55Z,DC-01,known software,signed,Known Publisher,benign
TRUST-N-00762,2026-09-20T15:39:14Z,MGMT-01,known software,signed,Known Publisher,benign
TRUST-N-03245,2026-09-20T15:40:50Z,PATCH-01,known software,signed,Known Publisher,benign
TRUST-N-03721,2026-09-20T15:41:43Z,APP-06,known software,signed,Known Publisher,benign
TRUST-N-02631,2026-09-20T15:41:50Z,PATCH-01,known software,trusted_internal,Known Publisher,benign
TRUST-N-07039,2026-09-20T15:42:04Z,HR-WS-22,known software,signed,Known Publisher,benign
TRUST-N-01898,2026-09-20T15:43:02Z,FIN-WS-09,known software,signed,Known Publisher,benign
TRUST-N-01598,2026-09-20T15:43:29Z,HR-WS-08,known software,trusted_internal,Known Publisher,benign
TRUST-N-06659,2026-09-20T15:43:31Z,DC-01,known software,trusted_internal,Known Publisher,benign
TRUST-N-06175,2026-09-20T15:44:00Z,PATCH-01,known software,trusted_internal,Known Publisher,benign
TRUST-N-09928,2026-09-20T15:44:40Z,ENG-WS-17,known software,trusted_internal,Known Publisher,benign
TRUST-N-08976,2026-09-20T15:45:11Z,HR-WS-08,known software,signed,Known Publisher,benign
TRUST-N-00556,2026-09-20T15:45:29Z,PATCH-01,known software,trusted_internal,Known Publisher,benign
TRUST-N-08321,2026-09-20T15:45:33Z,FIN-WS-09,known software,trusted_internal,Known Publisher,benign
TRUST-N-00161,2026-09-20T15:46:10Z,PATCH-01,known software,trusted_internal,Known Publisher,benign
TRUST-N-02627,2026-09-20T15:46:57Z,MGMT-01,known software,trusted_internal,Known Publisher,benign
TRUST-N-02844,2026-09-20T15:47:22Z,MGMT-01,known software,signed,Known Publisher,benign
TRUST-N-04286,2026-09-20T15:47:34Z,APP-06,known software,signed,Known Publisher,benign
TRUST-N-00035,2026-09-20T15:48:44Z,HR-WS-22,known software,signed,Known Publisher,benign
TRUST-N-06517,2026-09-20T15:49:07Z,APP-06,known software,trusted_internal,Known Publisher,benign
TRUST-N-06239,2026-09-20T15:49:43Z,MGMT-01,known software,trusted_internal,Known Publisher,benign
TRUST-N-01369,2026-09-20T15:50:23Z,HR-WS-22,known software,signed,Known Publisher,benign
TRUST-N-07706,2026-09-20T15:50:29Z,ENG-WS-17,known software,trusted_internal,Known Publisher,benign
TRUST-N-05943,2026-09-20T15:53:20Z,APP-06,known software,trusted_internal,Known Publisher,benign
TRUST-N-08999,2026-09-20T15:53:25Z,HR-WS-22,known software,signed,Known Publisher,benign
TRUST-N-07881,2026-09-20T15:54:24Z,DC-01,known software,trusted_internal,Known Publisher,benign
TRUST-N-04974,2026-09-20T15:54:35Z,PATCH-01,known software,trusted_internal,Known Publisher,benign
TRUST-N-08276,2026-09-20T15:54:51Z,MGMT-01,known software,signed,Known Publisher,benign
TRUST-N-02466,2026-09-20T15:55:11Z,FIN-WS-09,known software,trusted_internal,Known Publisher,benign
TRUST-N-08439,2026-09-20T15:55:33Z,HR-WS-22,known software,signed,Known Publisher,benign
TRUST-N-03579,2026-09-20T15:55:55Z,PATCH-01,known software,signed,Known Publisher,benign
TRUST-N-01875,2026-09-20T15:56:43Z,HR-WS-22,known software,signed,Known Publisher,benign
TRUST-N-09895,2026-09-20T15:56:43Z,HR-WS-22,known software,trusted_internal,Known Publisher,benign
TRUST-N-05843,2026-09-20T15:57:00Z,HR-WS-08,known software,trusted_internal,Known Publisher,benign
TRUST-N-08380,2026-09-20T15:57:07Z,DC-01,known software,signed,Known Publisher,benign
TRUST-N-05306,2026-09-20T15:57:11Z,MGMT-01,known software,signed,Known Publisher,benign
TRUST-N-06248,2026-09-20T15:57:18Z,HR-WS-08,known software,trusted_internal,Known Publisher,benign
TRUST-N-02327,2026-09-20T15:57:58Z,MGMT-01,known software,signed,Known Publisher,benign
TRUST-N-08986,2026-09-20T15:58:31Z,HR-WS-08,known software,trusted_internal,Known Publisher,benign
TRUST-N-05431,2026-09-20T15:59:23Z,HR-WS-22,known software,signed,Known Publisher,benign
TRUST-N-07244,2026-09-20T16:00:38Z,HR-WS-08,known software,trusted_internal,Known Publisher,benign
TRUST-N-09411,2026-09-20T16:00:47Z,APP-06,known software,trusted_internal,Known Publisher,benign
TRUST-N-08470,2026-09-20T16:01:57Z,MGMT-01,known software,signed,Known Publisher,benign
TRUST-N-03101,2026-09-20T16:02:39Z,HR-WS-22,known software,signed,Known Publisher,benign
TRUST-N-06746,2026-09-20T16:03:31Z,MGMT-01,known software,signed,Known Publisher,benign
TRUST-N-00451,2026-09-20T16:03:47Z,FIN-WS-09,known software,trusted_internal,Known Publisher,benign
TRUST-N-05206,2026-09-20T16:03:50Z,PATCH-01,known software,signed,Known Publisher,benign
TRUST-N-02053,2026-09-20T16:04:36Z,HR-WS-22,known software,trusted_internal,Known Publisher,benign
TRUST-N-07103,2026-09-20T16:04:42Z,HR-WS-08,known software,signed,Known Publisher,benign
TRUST-N-03357,2026-09-20T16:04:45Z,ENG-WS-17,known software,trusted_internal,Known Publisher,benign
TRUST-N-06512,2026-09-20T16:05:29Z,DC-01,known software,trusted_internal,Known Publisher,benign
TRUST-N-06969,2026-09-20T16:05:32Z,HR-WS-08,known software,signed,Known Publisher,benign
TRUST-N-07613,2026-09-20T16:05:59Z,PATCH-01,known software,trusted_internal,Known Publisher,benign
TRUST-N-05153,2026-09-20T16:07:03Z,APP-06,known software,signed,Known Publisher,benign
TRUST-N-07175,2026-09-20T16:07:48Z,DC-01,known software,signed,Known Publisher,benign
TRUST-N-05262,2026-09-20T16:08:48Z,APP-06,known software,signed,Known Publisher,benign
TRUST-N-05918,2026-09-20T16:09:07Z,MGMT-01,known software,trusted_internal,Known Publisher,benign
TRUST-N-00132,2026-09-20T16:09:34Z,APP-06,known software,trusted_internal,Known Publisher,benign
TRUST-N-07901,2026-09-20T16:10:13Z,ENG-WS-17,known software,trusted_internal,Known Publisher,benign
TRUST-N-04305,2026-09-20T16:10:23Z,MGMT-01,known software,trusted_internal,Known Publisher,benign
TRUST-N-05031,2026-09-20T16:10:29Z,APP-06,known software,trusted_internal,Known Publisher,benign
TRUST-N-05307,2026-09-20T16:10:42Z,PATCH-01,known software,signed,Known Publisher,benign
TRUST-N-09977,2026-09-20T16:11:09Z,FIN-WS-09,known software,signed,Known Publisher,benign
TRUST-N-01802,2026-09-20T16:11:51Z,APP-06,known software,trusted_internal,Known Publisher,benign
TRUST-N-00592,2026-09-20T16:13:15Z,FIN-WS-09,known software,trusted_internal,Known Publisher,benign
TRUST-N-08935,2026-09-20T16:14:51Z,FIN-WS-09,known software,signed,Known Publisher,benign
TRUST-N-07102,2026-09-20T16:14:54Z,APP-06,known software,signed,Known Publisher,benign
TRUST-N-00321,2026-09-20T16:16:04Z,HR-WS-22,known software,signed,Known Publisher,benign
TRUST-N-04172,2026-09-20T16:16:13Z,ENG-WS-17,known software,signed,Known Publisher,benign
TRUST-N-02205,2026-09-20T16:16:18Z,FIN-WS-09,known software,trusted_internal,Known Publisher,benign
TRUST-N-08156,2026-09-20T16:16:30Z,MGMT-01,known software,signed,Known Publisher,benign
TRUST-N-01352,2026-09-20T16:17:03Z,FIN-WS-09,known software,trusted_internal,Known Publisher,benign
TRUST-N-02153,2026-09-20T16:17:48Z,FIN-WS-09,known software,trusted_internal,Known Publisher,benign
TRUST-N-08487,2026-09-20T16:17:50Z,FIN-WS-09,known software,trusted_internal,Known Publisher,benign
TRUST-N-06899,2026-09-20T16:18:01Z,APP-06,known software,trusted_internal,Known Publisher,benign
TRUST-N-07725,2026-09-20T16:18:39Z,MGMT-01,known software,trusted_internal,Known Publisher,benign
TRUST-N-09565,2026-09-20T16:18:51Z,APP-06,known software,trusted_internal,Known Publisher,benign
TRUST-N-00896,2026-09-20T16:19:11Z,APP-06,known software,signed,Known Publisher,benign
TRUST-N-03383,2026-09-20T16:19:27Z,DC-01,known software,signed,Known Publisher,benign
TRUST-N-05105,2026-09-20T16:20:56Z,PATCH-01,known software,signed,Known Publisher,benign
TRUST-N-07992,2026-09-20T16:21:24Z,PATCH-01,known software,trusted_internal,Known Publisher,benign
TRUST-N-01897,2026-09-20T16:21:29Z,APP-06,known software,signed,Known Publisher,benign
TRUST-N-04860,2026-09-20T16:21:34Z,FIN-WS-09,known software,trusted_internal,Known Publisher,benign
TRUST-N-03961,2026-09-20T16:21:42Z,MGMT-01,known software,trusted_internal,Known Publisher,benign
TRUST-N-01841,2026-09-20T16:21:48Z,MGMT-01,known software,signed,Known Publisher,benign
TRUST-N-08063,2026-09-20T16:22:06Z,MGMT-01,known software,signed,Known Publisher,benign
TRUST-N-01087,2026-09-20T16:22:10Z,MGMT-01,known software,signed,Known Publisher,benign
TRUST-N-03123,2026-09-20T16:22:29Z,FIN-WS-09,known software,signed,Known Publisher,benign
TRUST-N-04314,2026-09-20T16:22:48Z,FIN-WS-09,known software,trusted_internal,Known Publisher,benign
TRUST-N-01445,2026-09-20T16:22:55Z,MGMT-01,known software,signed,Known Publisher,benign
TRUST-N-08551,2026-09-20T16:23:17Z,ENG-WS-17,known software,trusted_internal,Known Publisher,benign
TRUST-N-00005,2026-09-20T16:23:30Z,HR-WS-08,known software,signed,Known Publisher,benign
TRUST-N-09312,2026-09-20T16:24:37Z,DC-01,known software,signed,Known Publisher,benign
TRUST-N-01877,2026-09-20T16:25:18Z,APP-06,known software,signed,Known Publisher,benign
TRUST-N-09035,2026-09-20T16:25:31Z,APP-06,known software,trusted_internal,Known Publisher,benign
TRUST-N-03690,2026-09-20T16:26:32Z,MGMT-01,known software,signed,Known Publisher,benign
TRUST-N-01763,2026-09-20T16:27:09Z,ENG-WS-17,known software,signed,Known Publisher,benign
TRUST-N-06823,2026-09-20T16:27:48Z,DC-01,known software,signed,Known Publisher,benign
TRUST-N-03976,2026-09-20T16:28:20Z,MGMT-01,known software,trusted_internal,Known Publisher,benign
TRUST-N-04220,2026-09-20T16:28:44Z,HR-WS-08,known software,signed,Known Publisher,benign
TRUST-N-04423,2026-09-20T16:29:32Z,FIN-WS-09,known software,signed,Known Publisher,benign
TRUST-N-06322,2026-09-20T16:29:47Z,HR-WS-22,known software,signed,Known Publisher,benign
TRUST-N-02669,2026-09-20T16:29:57Z,HR-WS-22,known software,signed,Known Publisher,benign
TRUST-N-09195,2026-09-20T16:30:11Z,MGMT-01,known software,trusted_internal,Known Publisher,benign
TRUST-N-06776,2026-09-20T16:30:38Z,DC-01,known software,trusted_internal,Known Publisher,benign
TRUST-N-05710,2026-09-20T16:31:00Z,ENG-WS-17,known software,signed,Known Publisher,benign
TRUST-N-00772,2026-09-20T16:31:25Z,MGMT-01,known software,trusted_internal,Known Publisher,benign
TRUST-N-05319,2026-09-20T16:32:12Z,ENG-WS-17,known software,trusted_internal,Known Publisher,benign
TRUST-N-04345,2026-09-20T16:32:59Z,PATCH-01,known software,signed,Known Publisher,benign
TRUST-N-01063,2026-09-20T16:33:01Z,MGMT-01,known software,trusted_internal,Known Publisher,benign
TRUST-N-07543,2026-09-20T16:33:25Z,DC-01,known software,trusted_internal,Known Publisher,benign
TRUST-N-00305,2026-09-20T16:33:50Z,HR-WS-22,known software,trusted_internal,Known Publisher,benign
TRUST-N-03552,2026-09-20T16:34:19Z,HR-WS-22,known software,signed,Known Publisher,benign
TRUST-N-06208,2026-09-20T16:34:27Z,HR-WS-22,known software,trusted_internal,Known Publisher,benign
TRUST-N-07859,2026-09-20T16:35:02Z,MGMT-01,known software,trusted_internal,Known Publisher,benign
TRUST-N-06628,2026-09-20T16:35:11Z,HR-WS-08,known software,signed,Known Publisher,benign
TRUST-N-01860,2026-09-20T16:35:23Z,APP-06,known software,trusted_internal,Known Publisher,benign
TRUST-N-08925,2026-09-20T16:35:31Z,PATCH-01,known software,trusted_internal,Known Publisher,benign
TRUST-N-02901,2026-09-20T16:35:39Z,ENG-WS-17,known software,trusted_internal,Known Publisher,benign
TRUST-N-02481,2026-09-20T16:36:28Z,ENG-WS-17,known software,signed,Known Publisher,benign
TRUST-N-09687,2026-09-20T16:36:40Z,HR-WS-22,known software,trusted_internal,Known Publisher,benign
TRUST-N-04465,2026-09-20T16:36:52Z,ENG-WS-17,known software,trusted_internal,Known Publisher,benign
TRUST-N-02281,2026-09-20T16:38:00Z,HR-WS-08,known software,trusted_internal,Known Publisher,benign
TRUST-N-07977,2026-09-20T16:38:08Z,DC-01,known software,trusted_internal,Known Publisher,benign
TRUST-N-04203,2026-09-20T16:38:16Z,FIN-WS-09,known software,signed,Known Publisher,benign
TRUST-N-06587,2026-09-20T16:38:29Z,ENG-WS-17,known software,signed,Known Publisher,benign
TRUST-N-01803,2026-09-20T16:39:34Z,MGMT-01,known software,signed,Known Publisher,benign
TRUST-N-02039,2026-09-20T16:41:11Z,HR-WS-22,known software,signed,Known Publisher,benign
TRUST-N-09345,2026-09-20T16:41:21Z,DC-01,known software,signed,Known Publisher,benign
TRUST-N-02030,2026-09-20T16:41:28Z,PATCH-01,known software,signed,Known Publisher,benign
TRUST-N-09442,2026-09-20T16:41:44Z,ENG-WS-17,known software,trusted_internal,Known Publisher,benign
TRUST-N-02309,2026-09-20T16:41:51Z,DC-01,known software,trusted_internal,Known Publisher,benign
TRUST-N-00560,2026-09-20T16:42:45Z,APP-06,known software,signed,Known Publisher,benign
TRUST-N-09876,2026-09-20T16:43:29Z,MGMT-01,known software,signed,Known Publisher,benign
TRUST-N-04188,2026-09-20T16:43:56Z,ENG-WS-17,known software,signed,Known Publisher,benign
TRUST-N-03737,2026-09-20T16:44:34Z,DC-01,known software,signed,Known Publisher,benign
TRUST-N-02549,2026-09-20T16:45:24Z,APP-06,known software,signed,Known Publisher,benign
TRUST-N-09234,2026-09-20T16:45:27Z,APP-06,known software,trusted_internal,Known Publisher,benign
TRUST-N-09825,2026-09-20T16:45:29Z,ENG-WS-17,known software,trusted_internal,Known Publisher,benign
TRUST-N-04460,2026-09-20T16:46:10Z,ENG-WS-17,known software,trusted_internal,Known Publisher,benign
TRUST-N-07279,2026-09-20T16:46:13Z,FIN-WS-09,known software,trusted_internal,Known Publisher,benign
TRUST-N-03544,2026-09-20T16:47:11Z,PATCH-01,known software,trusted_internal,Known Publisher,benign
TRUST-N-06336,2026-09-20T16:47:57Z,FIN-WS-09,known software,signed,Known Publisher,benign
TRUST-N-06269,2026-09-20T16:48:20Z,HR-WS-08,known software,trusted_internal,Known Publisher,benign
TRUST-N-09772,2026-09-20T16:48:27Z,PATCH-01,known software,signed,Known Publisher,benign
TRUST-N-07126,2026-09-20T16:48:40Z,ENG-WS-17,known software,signed,Known Publisher,benign
TRUST-N-02194,2026-09-20T16:49:10Z,APP-06,known software,signed,Known Publisher,benign
TRUST-N-09636,2026-09-20T16:49:25Z,ENG-WS-17,known software,trusted_internal,Known Publisher,benign
TRUST-N-04567,2026-09-20T16:49:42Z,APP-06,known software,signed,Known Publisher,benign
TRUST-N-00363,2026-09-20T16:50:36Z,ENG-WS-17,known software,signed,Known Publisher,benign
TRUST-N-02591,2026-09-20T16:50:51Z,PATCH-01,known software,signed,Known Publisher,benign
TRUST-N-03867,2026-09-20T16:51:14Z,PATCH-01,known software,signed,Known Publisher,benign
TRUST-N-01171,2026-09-20T16:51:26Z,FIN-WS-09,known software,trusted_internal,Known Publisher,benign
TRUST-N-05339,2026-09-20T16:51:44Z,ENG-WS-17,known software,signed,Known Publisher,benign
TRUST-N-06755,2026-09-20T16:52:54Z,HR-WS-22,known software,trusted_internal,Known Publisher,benign
TRUST-N-03942,2026-09-20T16:52:59Z,MGMT-01,known software,trusted_internal,Known Publisher,benign
TRUST-N-07562,2026-09-20T16:54:29Z,PATCH-01,known software,signed,Known Publisher,benign
TRUST-N-09296,2026-09-20T16:54:34Z,FIN-WS-09,known software,trusted_internal,Known Publisher,benign
TRUST-N-09181,2026-09-20T16:54:59Z,APP-06,known software,trusted_internal,Known Publisher,benign
TRUST-N-02414,2026-09-20T16:55:04Z,PATCH-01,known software,signed,Known Publisher,benign
TRUST-N-05906,2026-09-20T16:55:17Z,FIN-WS-09,known software,trusted_internal,Known Publisher,benign
TRUST-N-05656,2026-09-20T16:55:56Z,HR-WS-08,known software,signed,Known Publisher,benign
TRUST-N-02558,2026-09-20T16:56:04Z,ENG-WS-17,known software,trusted_internal,Known Publisher,benign
TRUST-N-05586,2026-09-20T16:56:45Z,ENG-WS-17,known software,signed,Known Publisher,benign
TRUST-N-09213,2026-09-20T16:56:57Z,HR-WS-08,known software,trusted_internal,Known Publisher,benign
TRUST-N-09359,2026-09-20T16:56:59Z,DC-01,known software,trusted_internal,Known Publisher,benign
TRUST-N-00225,2026-09-20T16:57:28Z,ENG-WS-17,known software,signed,Known Publisher,benign
TRUST-N-01836,2026-09-20T16:57:47Z,ENG-WS-17,known software,signed,Known Publisher,benign
TRUST-N-02383,2026-09-20T16:58:02Z,HR-WS-08,known software,signed,Known Publisher,benign
TRUST-N-01721,2026-09-20T16:58:04Z,HR-WS-08,known software,signed,Known Publisher,benign
TRUST-N-08552,2026-09-20T16:58:23Z,MGMT-01,known software,signed,Known Publisher,benign
TRUST-N-01671,2026-09-20T16:58:36Z,HR-WS-22,known software,trusted_internal,Known Publisher,benign
TRUST-N-04478,2026-09-20T16:58:49Z,HR-WS-08,known software,trusted_internal,Known Publisher,benign
TRUST-N-09885,2026-09-20T16:58:51Z,PATCH-01,known software,signed,Known Publisher,benign
TRUST-N-01326,2026-09-20T16:59:03Z,HR-WS-08,known software,trusted_internal,Known Publisher,benign
TRUST-N-07368,2026-09-20T16:59:17Z,HR-WS-08,known software,signed,Known Publisher,benign
TRUST-N-05358,2026-09-20T16:59:38Z,PATCH-01,known software,signed,Known Publisher,benign
TRUST-N-09728,2026-09-20T17:00:19Z,DC-01,known software,trusted_internal,Known Publisher,benign
TRUST-N-07468,2026-09-20T17:01:33Z,ENG-WS-17,known software,signed,Known Publisher,benign
TRUST-N-01528,2026-09-20T17:02:53Z,HR-WS-22,known software,signed,Known Publisher,benign
TRUST-N-02791,2026-09-20T17:03:11Z,PATCH-01,known software,trusted_internal,Known Publisher,benign
TRUST-N-00275,2026-09-20T17:03:33Z,DC-01,known software,trusted_internal,Known Publisher,benign
TRUST-N-03032,2026-09-20T17:04:00Z,MGMT-01,known software,signed,Known Publisher,benign
TRUST-N-08796,2026-09-20T17:05:08Z,APP-06,known software,signed,Known Publisher,benign
TRUST-N-07936,2026-09-20T17:05:21Z,FIN-WS-09,known software,signed,Known Publisher,benign
TRUST-N-03755,2026-09-20T17:05:28Z,HR-WS-22,known software,trusted_internal,Known Publisher,benign
TRUST-N-02892,2026-09-20T17:06:01Z,MGMT-01,known software,trusted_internal,Known Publisher,benign
TRUST-N-05369,2026-09-20T17:06:42Z,FIN-WS-09,known software,signed,Known Publisher,benign
TRUST-N-01588,2026-09-20T17:06:49Z,PATCH-01,known software,signed,Known Publisher,benign
TRUST-N-07342,2026-09-20T17:07:35Z,HR-WS-22,known software,trusted_internal,Known Publisher,benign
TRUST-N-06481,2026-09-20T17:07:50Z,MGMT-01,known software,trusted_internal,Known Publisher,benign
TRUST-N-09410,2026-09-20T17:08:13Z,FIN-WS-09,known software,trusted_internal,Known Publisher,benign
TRUST-N-09572,2026-09-20T17:08:48Z,HR-WS-22,known software,trusted_internal,Known Publisher,benign
TRUST-N-00253,2026-09-20T17:08:55Z,ENG-WS-17,known software,signed,Known Publisher,benign
TRUST-N-02543,2026-09-20T17:09:57Z,HR-WS-22,known software,signed,Known Publisher,benign
TRUST-N-09373,2026-09-20T17:10:03Z,ENG-WS-17,known software,trusted_internal,Known Publisher,benign
TRUST-N-05043,2026-09-20T17:10:24Z,HR-WS-08,known software,trusted_internal,Known Publisher,benign
TRUST-N-07135,2026-09-20T17:10:35Z,PATCH-01,known software,trusted_internal,Known Publisher,benign
TRUST-N-08810,2026-09-20T17:10:39Z,HR-WS-08,known software,trusted_internal,Known Publisher,benign
TRUST-N-07841,2026-09-20T17:11:54Z,DC-01,known software,trusted_internal,Known Publisher,benign
TRUST-N-02102,2026-09-20T17:11:57Z,APP-06,known software,signed,Known Publisher,benign
TRUST-N-06785,2026-09-20T17:13:43Z,HR-WS-22,known software,trusted_internal,Known Publisher,benign
TRUST-N-08049,2026-09-20T17:13:53Z,PATCH-01,known software,trusted_internal,Known Publisher,benign
TRUST-N-04826,2026-09-20T17:13:57Z,HR-WS-22,known software,signed,Known Publisher,benign
TRUST-N-07960,2026-09-20T17:14:38Z,DC-01,known software,trusted_internal,Known Publisher,benign
TRUST-N-02355,2026-09-20T17:15:22Z,HR-WS-08,known software,trusted_internal,Known Publisher,benign
TRUST-N-06341,2026-09-20T17:16:52Z,HR-WS-22,known software,signed,Known Publisher,benign
TRUST-N-05139,2026-09-20T17:17:15Z,MGMT-01,known software,signed,Known Publisher,benign
TRUST-N-01215,2026-09-20T17:17:48Z,HR-WS-22,known software,signed,Known Publisher,benign
TRUST-N-02767,2026-09-20T17:18:04Z,PATCH-01,known software,signed,Known Publisher,benign
TRUST-N-02863,2026-09-20T17:18:24Z,HR-WS-22,known software,signed,Known Publisher,benign
TRUST-N-06698,2026-09-20T17:19:23Z,FIN-WS-09,known software,trusted_internal,Known Publisher,benign
TRUST-N-03629,2026-09-20T17:19:25Z,ENG-WS-17,known software,trusted_internal,Known Publisher,benign
TRUST-N-00448,2026-09-20T17:19:35Z,MGMT-01,known software,trusted_internal,Known Publisher,benign
TRUST-N-02226,2026-09-20T17:19:44Z,APP-06,known software,signed,Known Publisher,benign
TRUST-N-08977,2026-09-20T17:20:38Z,PATCH-01,known software,signed,Known Publisher,benign
TRUST-N-01412,2026-09-20T17:20:59Z,PATCH-01,known software,signed,Known Publisher,benign
TRUST-N-08318,2026-09-20T17:21:14Z,PATCH-01,known software,trusted_internal,Known Publisher,benign
TRUST-N-06951,2026-09-20T17:22:29Z,APP-06,known software,signed,Known Publisher,benign
TRUST-N-09108,2026-09-20T17:22:39Z,DC-01,known software,signed,Known Publisher,benign
TRUST-N-08817,2026-09-20T17:23:04Z,APP-06,known software,signed,Known Publisher,benign
TRUST-N-09051,2026-09-20T17:26:04Z,DC-01,known software,signed,Known Publisher,benign
TRUST-N-04852,2026-09-20T17:26:23Z,HR-WS-22,known software,signed,Known Publisher,benign
TRUST-N-02773,2026-09-20T17:26:41Z,HR-WS-22,known software,trusted_internal,Known Publisher,benign
TRUST-N-07780,2026-09-20T17:28:19Z,PATCH-01,known software,trusted_internal,Known Publisher,benign
TRUST-N-09178,2026-09-20T17:28:43Z,HR-WS-22,known software,signed,Known Publisher,benign
TRUST-N-02700,2026-09-20T17:30:59Z,DC-01,known software,trusted_internal,Known Publisher,benign
TRUST-N-07234,2026-09-20T17:31:33Z,PATCH-01,known software,trusted_internal,Known Publisher,benign
TRUST-N-03578,2026-09-20T17:33:07Z,PATCH-01,known software,signed,Known Publisher,benign
TRUST-N-02675,2026-09-20T17:33:16Z,HR-WS-08,known software,signed,Known Publisher,benign
TRUST-N-07121,2026-09-20T17:34:58Z,MGMT-01,known software,signed,Known Publisher,benign
TRUST-N-07739,2026-09-20T17:35:25Z,PATCH-01,known software,signed,Known Publisher,benign
TRUST-N-07248,2026-09-20T17:36:22Z,HR-WS-22,known software,trusted_internal,Known Publisher,benign
TRUST-N-07949,2026-09-20T17:37:31Z,PATCH-01,known software,trusted_internal,Known Publisher,benign
TRUST-N-03285,2026-09-20T17:38:25Z,HR-WS-08,known software,signed,Known Publisher,benign
TRUST-N-05826,2026-09-20T17:38:42Z,FIN-WS-09,known software,trusted_internal,Known Publisher,benign
TRUST-N-02970,2026-09-20T17:38:50Z,PATCH-01,known software,signed,Known Publisher,benign
TRUST-N-08499,2026-09-20T17:38:54Z,HR-WS-08,known software,trusted_internal,Known Publisher,benign
TRUST-N-06702,2026-09-20T17:39:08Z,HR-WS-08,known software,trusted_internal,Known Publisher,benign
TRUST-N-07010,2026-09-20T17:39:58Z,ENG-WS-17,known software,signed,Known Publisher,benign
TRUST-N-04687,2026-09-20T17:40:23Z,FIN-WS-09,known software,signed,Known Publisher,benign
TRUST-N-05054,2026-09-20T17:40:48Z,MGMT-01,known software,trusted_internal,Known Publisher,benign
TRUST-N-08000,2026-09-20T17:40:59Z,APP-06,known software,trusted_internal,Known Publisher,benign
TRUST-N-02612,2026-09-20T17:41:33Z,PATCH-01,known software,trusted_internal,Known Publisher,benign
TRUST-N-04370,2026-09-20T17:41:59Z,APP-06,known software,signed,Known Publisher,benign
TRUST-N-01601,2026-09-20T17:42:31Z,ENG-WS-17,known software,signed,Known Publisher,benign
TRUST-N-07008,2026-09-20T17:43:04Z,ENG-WS-17,known software,signed,Known Publisher,benign
TRUST-N-00165,2026-09-20T17:43:17Z,ENG-WS-17,known software,trusted_internal,Known Publisher,benign
TRUST-N-05429,2026-09-20T17:43:29Z,MGMT-01,known software,signed,Known Publisher,benign
TRUST-N-03469,2026-09-20T17:45:12Z,HR-WS-08,known software,trusted_internal,Known Publisher,benign
TRUST-N-08517,2026-09-20T17:45:22Z,HR-WS-08,known software,signed,Known Publisher,benign
TRUST-N-03408,2026-09-20T17:46:47Z,HR-WS-08,known software,trusted_internal,Known Publisher,benign
TRUST-N-01477,2026-09-20T17:46:53Z,PATCH-01,known software,signed,Known Publisher,benign
TRUST-N-02357,2026-09-20T17:47:45Z,DC-01,known software,trusted_internal,Known Publisher,benign
TRUST-N-01348,2026-09-20T17:47:54Z,ENG-WS-17,known software,trusted_internal,Known Publisher,benign
TRUST-N-00773,2026-09-20T17:47:55Z,FIN-WS-09,known software,trusted_internal,Known Publisher,benign
TRUST-N-00192,2026-09-20T17:48:35Z,DC-01,known software,trusted_internal,Known Publisher,benign
TRUST-N-03943,2026-09-20T17:49:00Z,PATCH-01,known software,trusted_internal,Known Publisher,benign
TRUST-N-00913,2026-09-20T17:49:24Z,FIN-WS-09,known software,trusted_internal,Known Publisher,benign
TRUST-N-00961,2026-09-20T17:50:08Z,APP-06,known software,signed,Known Publisher,benign
TRUST-N-08265,2026-09-20T17:50:08Z,PATCH-01,known software,signed,Known Publisher,benign
TRUST-N-02551,2026-09-20T17:50:42Z,MGMT-01,known software,trusted_internal,Known Publisher,benign
TRUST-N-05374,2026-09-20T17:51:19Z,DC-01,known software,trusted_internal,Known Publisher,benign
TRUST-N-07943,2026-09-20T17:51:32Z,APP-06,known software,signed,Known Publisher,benign
TRUST-N-01451,2026-09-20T17:52:51Z,HR-WS-08,known software,trusted_internal,Known Publisher,benign
TRUST-N-05633,2026-09-20T17:53:41Z,PATCH-01,known software,signed,Known Publisher,benign
TRUST-N-05950,2026-09-20T17:53:52Z,ENG-WS-17,known software,trusted_internal,Known Publisher,benign
TRUST-N-01650,2026-09-20T17:54:01Z,PATCH-01,known software,trusted_internal,Known Publisher,benign
TRUST-N-01010,2026-09-20T17:54:18Z,FIN-WS-09,known software,trusted_internal,Known Publisher,benign
TRUST-N-05404,2026-09-20T17:54:27Z,DC-01,known software,signed,Known Publisher,benign
TRUST-N-08423,2026-09-20T17:55:40Z,HR-WS-22,known software,signed,Known Publisher,benign
TRUST-N-01712,2026-09-20T17:55:53Z,DC-01,known software,trusted_internal,Known Publisher,benign
TRUST-N-07593,2026-09-20T17:56:29Z,PATCH-01,known software,trusted_internal,Known Publisher,benign
TRUST-N-00045,2026-09-20T17:56:35Z,HR-WS-08,known software,trusted_internal,Known Publisher,benign
TRUST-N-07420,2026-09-20T17:57:00Z,APP-06,known software,trusted_internal,Known Publisher,benign
TRUST-N-03802,2026-09-20T17:57:14Z,HR-WS-22,known software,signed,Known Publisher,benign
TRUST-N-06065,2026-09-20T17:57:15Z,FIN-WS-09,known software,signed,Known Publisher,benign
TRUST-N-08832,2026-09-20T17:57:23Z,PATCH-01,known software,signed,Known Publisher,benign
TRUST-N-03779,2026-09-20T17:59:27Z,DC-01,known software,signed,Known Publisher,benign
TRUST-N-09202,2026-09-20T17:59:28Z,HR-WS-22,known software,signed,Known Publisher,benign
TRUST-N-06763,2026-09-20T18:00:44Z,ENG-WS-17,known software,trusted_internal,Known Publisher,benign
TRUST-N-03782,2026-09-20T18:00:49Z,MGMT-01,known software,signed,Known Publisher,benign
TRUST-N-04202,2026-09-20T18:01:13Z,HR-WS-08,known software,trusted_internal,Known Publisher,benign
TRUST-N-03463,2026-09-20T18:01:20Z,HR-WS-08,known software,signed,Known Publisher,benign
TRUST-N-08258,2026-09-20T18:02:20Z,ENG-WS-17,known software,trusted_internal,Known Publisher,benign
TRUST-N-06561,2026-09-20T18:03:01Z,HR-WS-08,known software,trusted_internal,Known Publisher,benign
TRUST-N-02406,2026-09-20T18:03:10Z,HR-WS-22,known software,trusted_internal,Known Publisher,benign
TRUST-N-07038,2026-09-20T18:03:22Z,PATCH-01,known software,trusted_internal,Known Publisher,benign
TRUST-N-08072,2026-09-20T18:03:49Z,ENG-WS-17,known software,trusted_internal,Known Publisher,benign
TRUST-N-01265,2026-09-20T18:05:17Z,DC-01,known software,trusted_internal,Known Publisher,benign
TRUST-N-05127,2026-09-20T18:05:36Z,APP-06,known software,trusted_internal,Known Publisher,benign
TRUST-N-04527,2026-09-20T18:07:16Z,FIN-WS-09,known software,trusted_internal,Known Publisher,benign
TRUST-N-02175,2026-09-20T18:07:21Z,HR-WS-22,known software,signed,Known Publisher,benign
TRUST-N-02447,2026-09-20T18:07:56Z,APP-06,known software,signed,Known Publisher,benign
TRUST-N-02541,2026-09-20T18:10:18Z,HR-WS-08,known software,signed,Known Publisher,benign
TRUST-N-04917,2026-09-20T18:11:00Z,APP-06,known software,signed,Known Publisher,benign
TRUST-N-08358,2026-09-20T18:11:20Z,APP-06,known software,signed,Known Publisher,benign
TRUST-N-05605,2026-09-20T18:12:04Z,ENG-WS-17,known software,signed,Known Publisher,benign
TRUST-N-07088,2026-09-20T18:12:06Z,ENG-WS-17,known software,signed,Known Publisher,benign
TRUST-N-01119,2026-09-20T18:12:21Z,ENG-WS-17,known software,trusted_internal,Known Publisher,benign
TRUST-N-01254,2026-09-20T18:12:58Z,FIN-WS-09,known software,signed,Known Publisher,benign
TRUST-N-05958,2026-09-20T18:13:46Z,HR-WS-22,known software,trusted_internal,Known Publisher,benign
TRUST-N-06719,2026-09-20T18:13:53Z,HR-WS-22,known software,trusted_internal,Known Publisher,benign
TRUST-N-01302,2026-09-20T18:14:04Z,HR-WS-22,known software,signed,Known Publisher,benign
TRUST-N-07649,2026-09-20T18:14:19Z,HR-WS-22,known software,signed,Known Publisher,benign
TRUST-N-09852,2026-09-20T18:16:15Z,ENG-WS-17,known software,trusted_internal,Known Publisher,benign
TRUST-N-09048,2026-09-20T18:16:34Z,PATCH-01,known software,signed,Known Publisher,benign
TRUST-N-06652,2026-09-20T18:17:08Z,ENG-WS-17,known software,signed,Known Publisher,benign
TRUST-N-06252,2026-09-20T18:17:57Z,HR-WS-22,known software,trusted_internal,Known Publisher,benign
TRUST-N-00830,2026-09-20T18:18:43Z,HR-WS-22,known software,signed,Known Publisher,benign
TRUST-N-08386,2026-09-20T18:19:14Z,MGMT-01,known software,trusted_internal,Known Publisher,benign
TRUST-N-07743,2026-09-20T18:21:05Z,HR-WS-22,known software,signed,Known Publisher,benign
TRUST-N-04768,2026-09-20T18:21:35Z,ENG-WS-17,known software,signed,Known Publisher,benign
TRUST-N-07249,2026-09-20T18:22:04Z,FIN-WS-09,known software,signed,Known Publisher,benign
TRUST-N-04110,2026-09-20T18:22:21Z,ENG-WS-17,known software,trusted_internal,Known Publisher,benign
TRUST-N-00174,2026-09-20T18:22:22Z,PATCH-01,known software,trusted_internal,Known Publisher,benign
TRUST-N-01351,2026-09-20T18:24:36Z,FIN-WS-09,known software,trusted_internal,Known Publisher,benign
TRUST-N-01818,2026-09-20T18:24:40Z,PATCH-01,known software,signed,Known Publisher,benign
TRUST-N-04026,2026-09-20T18:25:47Z,PATCH-01,known software,trusted_internal,Known Publisher,benign
TRUST-N-06437,2026-09-20T18:25:53Z,APP-06,known software,trusted_internal,Known Publisher,benign
TRUST-N-04042,2026-09-20T18:26:19Z,HR-WS-22,known software,signed,Known Publisher,benign
TRUST-N-02232,2026-09-20T18:27:48Z,MGMT-01,known software,trusted_internal,Known Publisher,benign
TRUST-N-02587,2026-09-20T18:30:08Z,MGMT-01,known software,signed,Known Publisher,benign
TRUST-N-02746,2026-09-20T18:30:23Z,PATCH-01,known software,signed,Known Publisher,benign
TRUST-N-08878,2026-09-20T18:31:40Z,DC-01,known software,signed,Known Publisher,benign
TRUST-N-05765,2026-09-20T18:32:24Z,ENG-WS-17,known software,trusted_internal,Known Publisher,benign
TRUST-N-04037,2026-09-20T18:32:31Z,FIN-WS-09,known software,trusted_internal,Known Publisher,benign
TRUST-N-08376,2026-09-20T18:33:11Z,FIN-WS-09,known software,trusted_internal,Known Publisher,benign
TRUST-N-02287,2026-09-20T18:33:55Z,PATCH-01,known software,signed,Known Publisher,benign
TRUST-N-00566,2026-09-20T18:34:13Z,MGMT-01,known software,signed,Known Publisher,benign
TRUST-N-04524,2026-09-20T18:34:18Z,PATCH-01,known software,signed,Known Publisher,benign
TRUST-N-00063,2026-09-20T18:34:22Z,HR-WS-08,known software,trusted_internal,Known Publisher,benign
TRUST-N-06665,2026-09-20T18:34:28Z,PATCH-01,known software,signed,Known Publisher,benign
TRUST-N-03669,2026-09-20T18:34:47Z,MGMT-01,known software,signed,Known Publisher,benign
TRUST-N-06404,2026-09-20T18:35:15Z,DC-01,known software,trusted_internal,Known Publisher,benign
TRUST-N-04510,2026-09-20T18:35:41Z,MGMT-01,known software,signed,Known Publisher,benign
TRUST-N-03153,2026-09-20T18:35:59Z,FIN-WS-09,known software,trusted_internal,Known Publisher,benign
TRUST-N-09729,2026-09-20T18:36:06Z,PATCH-01,known software,trusted_internal,Known Publisher,benign
TRUST-N-07289,2026-09-20T18:36:43Z,PATCH-01,known software,signed,Known Publisher,benign
TRUST-N-06096,2026-09-20T18:36:51Z,DC-01,known software,signed,Known Publisher,benign
TRUST-N-01086,2026-09-20T18:37:18Z,DC-01,known software,signed,Known Publisher,benign
TRUST-N-05503,2026-09-20T18:37:18Z,HR-WS-08,known software,trusted_internal,Known Publisher,benign
TRUST-N-00204,2026-09-20T18:37:57Z,FIN-WS-09,known software,signed,Known Publisher,benign
TRUST-N-06918,2026-09-20T18:38:29Z,MGMT-01,known software,signed,Known Publisher,benign
TRUST-N-02944,2026-09-20T18:39:18Z,APP-06,known software,trusted_internal,Known Publisher,benign
TRUST-N-09435,2026-09-20T18:39:52Z,HR-WS-22,known software,trusted_internal,Known Publisher,benign
TRUST-N-03488,2026-09-20T18:39:59Z,HR-WS-22,known software,trusted_internal,Known Publisher,benign
TRUST-N-08684,2026-09-20T18:40:41Z,HR-WS-08,known software,signed,Known Publisher,benign
TRUST-N-01981,2026-09-20T18:41:08Z,ENG-WS-17,known software,trusted_internal,Known Publisher,benign
TRUST-N-04177,2026-09-20T18:41:14Z,APP-06,known software,trusted_internal,Known Publisher,benign
TRUST-N-09030,2026-09-20T18:41:40Z,MGMT-01,known software,trusted_internal,Known Publisher,benign
TRUST-N-02768,2026-09-20T18:43:11Z,PATCH-01,known software,trusted_internal,Known Publisher,benign
TRUST-N-06643,2026-09-20T18:44:49Z,DC-01,known software,signed,Known Publisher,benign
TRUST-N-02798,2026-09-20T18:47:05Z,PATCH-01,known software,trusted_internal,Known Publisher,benign
TRUST-N-07625,2026-09-20T18:47:22Z,APP-06,known software,signed,Known Publisher,benign
TRUST-N-01117,2026-09-20T18:48:27Z,ENG-WS-17,known software,trusted_internal,Known Publisher,benign
TRUST-N-05668,2026-09-20T18:48:29Z,DC-01,known software,trusted_internal,Known Publisher,benign
TRUST-N-07953,2026-09-20T18:48:30Z,DC-01,known software,trusted_internal,Known Publisher,benign
TRUST-N-06509,2026-09-20T18:48:56Z,MGMT-01,known software,signed,Known Publisher,benign
TRUST-N-02925,2026-09-20T18:49:00Z,PATCH-01,known software,trusted_internal,Known Publisher,benign
TRUST-N-01169,2026-09-20T18:49:01Z,PATCH-01,known software,trusted_internal,Known Publisher,benign
TRUST-N-09323,2026-09-20T18:49:20Z,HR-WS-22,known software,signed,Known Publisher,benign
TRUST-N-07866,2026-09-20T18:51:18Z,APP-06,known software,signed,Known Publisher,benign
TRUST-N-02262,2026-09-20T18:52:06Z,MGMT-01,known software,trusted_internal,Known Publisher,benign
TRUST-N-02278,2026-09-20T18:52:09Z,HR-WS-22,known software,signed,Known Publisher,benign
TRUST-N-08835,2026-09-20T18:52:59Z,MGMT-01,known software,signed,Known Publisher,benign
TRUST-N-01744,2026-09-20T18:54:34Z,PATCH-01,known software,trusted_internal,Known Publisher,benign
TRUST-N-07592,2026-09-20T18:55:19Z,APP-06,known software,signed,Known Publisher,benign
TRUST-N-02280,2026-09-20T18:55:59Z,HR-WS-22,known software,signed,Known Publisher,benign
TRUST-N-06326,2026-09-20T18:57:20Z,ENG-WS-17,known software,signed,Known Publisher,benign
TRUST-N-01746,2026-09-20T18:57:54Z,ENG-WS-17,known software,trusted_internal,Known Publisher,benign
TRUST-N-09570,2026-09-20T18:58:05Z,DC-01,known software,trusted_internal,Known Publisher,benign
TRUST-N-01592,2026-09-20T18:59:05Z,HR-WS-08,known software,trusted_internal,Known Publisher,benign
TRUST-N-09028,2026-09-20T18:59:18Z,DC-01,known software,signed,Known Publisher,benign
TRUST-N-06922,2026-09-20T18:59:45Z,PATCH-01,known software,trusted_internal,Known Publisher,benign
TRUST-N-02214,2026-09-20T19:01:08Z,DC-01,known software,trusted_internal,Known Publisher,benign
TRUST-N-02453,2026-09-20T19:01:22Z,HR-WS-22,known software,signed,Known Publisher,benign
TRUST-N-00916,2026-09-20T19:04:00Z,FIN-WS-09,known software,trusted_internal,Known Publisher,benign
TRUST-N-02067,2026-09-20T19:04:05Z,ENG-WS-17,known software,signed,Known Publisher,benign
TRUST-N-03081,2026-09-20T19:04:12Z,PATCH-01,known software,signed,Known Publisher,benign
TRUST-N-03745,2026-09-20T19:04:42Z,ENG-WS-17,known software,signed,Known Publisher,benign
TRUST-N-03402,2026-09-20T19:06:29Z,DC-01,known software,trusted_internal,Known Publisher,benign
TRUST-N-07428,2026-09-20T19:07:06Z,PATCH-01,known software,signed,Known Publisher,benign
TRUST-N-03046,2026-09-20T19:07:44Z,DC-01,known software,signed,Known Publisher,benign
TRUST-N-06598,2026-09-20T19:08:54Z,APP-06,known software,signed,Known Publisher,benign
TRUST-N-00754,2026-09-20T19:08:58Z,FIN-WS-09,known software,signed,Known Publisher,benign
TRUST-N-03298,2026-09-20T19:09:28Z,HR-WS-08,known software,trusted_internal,Known Publisher,benign
TRUST-N-08634,2026-09-20T19:09:53Z,FIN-WS-09,known software,trusted_internal,Known Publisher,benign
TRUST-N-04308,2026-09-20T19:09:59Z,APP-06,known software,trusted_internal,Known Publisher,benign
TRUST-N-04643,2026-09-20T19:11:46Z,MGMT-01,known software,trusted_internal,Known Publisher,benign
TRUST-N-08567,2026-09-20T19:11:54Z,FIN-WS-09,known software,signed,Known Publisher,benign
TRUST-N-04733,2026-09-20T19:12:05Z,FIN-WS-09,known software,signed,Known Publisher,benign
TRUST-N-04030,2026-09-20T19:12:39Z,PATCH-01,known software,trusted_internal,Known Publisher,benign
TRUST-N-02834,2026-09-20T19:13:27Z,PATCH-01,known software,signed,Known Publisher,benign
TRUST-N-07387,2026-09-20T19:15:16Z,HR-WS-08,known software,signed,Known Publisher,benign
TRUST-N-03770,2026-09-20T19:16:25Z,HR-WS-08,known software,trusted_internal,Known Publisher,benign
TRUST-N-04458,2026-09-20T19:16:57Z,PATCH-01,known software,trusted_internal,Known Publisher,benign
TRUST-N-03618,2026-09-20T19:17:18Z,ENG-WS-17,known software,trusted_internal,Known Publisher,benign
TRUST-N-05684,2026-09-20T19:17:33Z,APP-06,known software,trusted_internal,Known Publisher,benign
TRUST-N-00434,2026-09-20T19:17:46Z,HR-WS-08,known software,signed,Known Publisher,benign
TRUST-N-02946,2026-09-20T19:18:06Z,FIN-WS-09,known software,signed,Known Publisher,benign
TRUST-N-08987,2026-09-20T19:18:06Z,ENG-WS-17,known software,signed,Known Publisher,benign
TRUST-N-01964,2026-09-20T19:18:37Z,ENG-WS-17,known software,signed,Known Publisher,benign
TRUST-N-02597,2026-09-20T19:19:24Z,MGMT-01,known software,signed,Known Publisher,benign
TRUST-N-04946,2026-09-20T19:19:50Z,PATCH-01,known software,trusted_internal,Known Publisher,benign
TRUST-N-02616,2026-09-20T19:20:51Z,DC-01,known software,signed,Known Publisher,benign
TRUST-N-09112,2026-09-20T19:21:39Z,APP-06,known software,trusted_internal,Known Publisher,benign
TRUST-N-04710,2026-09-20T19:22:31Z,DC-01,known software,signed,Known Publisher,benign
TRUST-N-00368,2026-09-20T19:22:51Z,DC-01,known software,signed,Known Publisher,benign
TRUST-N-03757,2026-09-20T19:24:04Z,HR-WS-22,known software,signed,Known Publisher,benign
TRUST-N-08219,2026-09-20T19:24:33Z,FIN-WS-09,known software,trusted_internal,Known Publisher,benign
TRUST-N-09261,2026-09-20T19:25:45Z,ENG-WS-17,known software,signed,Known Publisher,benign
TRUST-N-05534,2026-09-20T19:26:13Z,MGMT-01,known software,signed,Known Publisher,benign
TRUST-N-07310,2026-09-20T19:26:14Z,MGMT-01,known software,signed,Known Publisher,benign
TRUST-N-05037,2026-09-20T19:27:20Z,MGMT-01,known software,trusted_internal,Known Publisher,benign
TRUST-N-01719,2026-09-20T19:29:16Z,APP-06,known software,signed,Known Publisher,benign
TRUST-N-01384,2026-09-20T19:29:43Z,MGMT-01,known software,signed,Known Publisher,benign
TRUST-N-05920,2026-09-20T19:29:48Z,HR-WS-08,known software,signed,Known Publisher,benign
TRUST-N-07928,2026-09-20T19:29:58Z,PATCH-01,known software,signed,Known Publisher,benign
TRUST-N-05892,2026-09-20T19:30:37Z,MGMT-01,known software,signed,Known Publisher,benign
TRUST-N-02711,2026-09-20T19:30:50Z,APP-06,known software,trusted_internal,Known Publisher,benign
TRUST-N-01668,2026-09-20T19:31:36Z,HR-WS-22,known software,trusted_internal,Known Publisher,benign
TRUST-N-04589,2026-09-20T19:31:42Z,PATCH-01,known software,trusted_internal,Known Publisher,benign
TRUST-N-06704,2026-09-20T19:33:19Z,ENG-WS-17,known software,signed,Known Publisher,benign
TRUST-N-05273,2026-09-20T19:34:03Z,HR-WS-08,known software,signed,Known Publisher,benign
TRUST-N-05549,2026-09-20T19:35:57Z,PATCH-01,known software,trusted_internal,Known Publisher,benign
TRUST-N-09552,2026-09-20T19:36:22Z,FIN-WS-09,known software,trusted_internal,Known Publisher,benign
TRUST-N-09064,2026-09-20T19:37:10Z,DC-01,known software,trusted_internal,Known Publisher,benign
TRUST-N-02426,2026-09-20T19:37:56Z,FIN-WS-09,known software,signed,Known Publisher,benign
TRUST-N-03981,2026-09-20T19:37:57Z,FIN-WS-09,known software,trusted_internal,Known Publisher,benign
TRUST-N-00950,2026-09-20T19:38:01Z,HR-WS-08,known software,trusted_internal,Known Publisher,benign
TRUST-N-03386,2026-09-20T19:38:06Z,MGMT-01,known software,trusted_internal,Known Publisher,benign
TRUST-N-08978,2026-09-20T19:39:04Z,APP-06,known software,trusted_internal,Known Publisher,benign
TRUST-N-01627,2026-09-20T19:40:05Z,FIN-WS-09,known software,trusted_internal,Known Publisher,benign
TRUST-N-04962,2026-09-20T19:41:05Z,HR-WS-08,known software,signed,Known Publisher,benign
TRUST-N-04774,2026-09-20T19:41:09Z,HR-WS-08,known software,signed,Known Publisher,benign
TRUST-N-00635,2026-09-20T19:41:37Z,MGMT-01,known software,signed,Known Publisher,benign
TRUST-N-08176,2026-09-20T19:41:41Z,DC-01,known software,trusted_internal,Known Publisher,benign
TRUST-N-03883,2026-09-20T19:41:42Z,MGMT-01,known software,signed,Known Publisher,benign
TRUST-N-07605,2026-09-20T19:42:21Z,HR-WS-22,known software,signed,Known Publisher,benign
TRUST-N-03341,2026-09-20T19:42:37Z,PATCH-01,known software,trusted_internal,Known Publisher,benign
TRUST-N-08327,2026-09-20T19:43:00Z,HR-WS-08,known software,signed,Known Publisher,benign
TRUST-N-07114,2026-09-20T19:43:36Z,APP-06,known software,signed,Known Publisher,benign
TRUST-N-05554,2026-09-20T19:44:09Z,DC-01,known software,trusted_internal,Known Publisher,benign
TRUST-N-05067,2026-09-20T19:45:14Z,HR-WS-22,known software,trusted_internal,Known Publisher,benign
TRUST-N-05830,2026-09-20T19:45:20Z,APP-06,known software,trusted_internal,Known Publisher,benign
TRUST-N-00033,2026-09-20T19:45:25Z,HR-WS-22,known software,trusted_internal,Known Publisher,benign
TRUST-N-05162,2026-09-20T19:45:40Z,PATCH-01,known software,trusted_internal,Known Publisher,benign
TRUST-N-01572,2026-09-20T19:46:03Z,DC-01,known software,signed,Known Publisher,benign
TRUST-N-04052,2026-09-20T19:46:26Z,FIN-WS-09,known software,trusted_internal,Known Publisher,benign
TRUST-N-02598,2026-09-20T19:47:01Z,HR-WS-22,known software,trusted_internal,Known Publisher,benign
TRUST-N-00317,2026-09-20T19:47:25Z,APP-06,known software,signed,Known Publisher,benign
TRUST-N-08472,2026-09-20T19:48:24Z,FIN-WS-09,known software,trusted_internal,Known Publisher,benign
TRUST-N-00776,2026-09-20T19:49:42Z,APP-06,known software,trusted_internal,Known Publisher,benign
TRUST-N-03305,2026-09-20T19:49:43Z,PATCH-01,known software,trusted_internal,Known Publisher,benign
TRUST-N-02080,2026-09-20T19:49:56Z,HR-WS-08,known software,signed,Known Publisher,benign
TRUST-N-06279,2026-09-20T19:50:09Z,ENG-WS-17,known software,signed,Known Publisher,benign
TRUST-N-08462,2026-09-20T19:51:29Z,HR-WS-08,known software,signed,Known Publisher,benign
TRUST-N-02463,2026-09-20T19:51:44Z,FIN-WS-09,known software,trusted_internal,Known Publisher,benign
TRUST-N-01688,2026-09-20T19:52:06Z,MGMT-01,known software,trusted_internal,Known Publisher,benign
TRUST-N-03493,2026-09-20T19:52:15Z,FIN-WS-09,known software,signed,Known Publisher,benign
TRUST-N-04779,2026-09-20T19:52:41Z,APP-06,known software,trusted_internal,Known Publisher,benign
TRUST-N-04520,2026-09-20T19:53:13Z,DC-01,known software,trusted_internal,Known Publisher,benign
TRUST-N-02585,2026-09-20T19:53:25Z,FIN-WS-09,known software,signed,Known Publisher,benign
TRUST-N-00044,2026-09-20T19:53:46Z,MGMT-01,known software,signed,Known Publisher,benign
TRUST-N-07386,2026-09-20T19:55:15Z,MGMT-01,known software,trusted_internal,Known Publisher,benign
TRUST-N-01616,2026-09-20T19:55:27Z,HR-WS-08,known software,trusted_internal,Known Publisher,benign
TRUST-N-08747,2026-09-20T19:55:45Z,ENG-WS-17,known software,trusted_internal,Known Publisher,benign
TRUST-N-07641,2026-09-20T19:55:46Z,ENG-WS-17,known software,signed,Known Publisher,benign
TRUST-N-07242,2026-09-20T19:56:40Z,HR-WS-22,known software,trusted_internal,Known Publisher,benign
TRUST-N-07213,2026-09-20T19:56:45Z,DC-01,known software,signed,Known Publisher,benign
TRUST-N-05385,2026-09-20T19:57:05Z,DC-01,known software,signed,Known Publisher,benign
TRUST-N-00638,2026-09-20T19:59:42Z,FIN-WS-09,known software,trusted_internal,Known Publisher,benign
TRUST-N-02883,2026-09-20T19:59:59Z,HR-WS-22,known software,signed,Known Publisher,benign
TRUST-N-05955,2026-09-20T20:01:49Z,MGMT-01,known software,trusted_internal,Known Publisher,benign
TRUST-N-06451,2026-09-20T20:02:11Z,PATCH-01,known software,signed,Known Publisher,benign
TRUST-N-03097,2026-09-20T20:02:59Z,DC-01,known software,signed,Known Publisher,benign
TRUST-N-08159,2026-09-20T20:04:38Z,FIN-WS-09,known software,signed,Known Publisher,benign
TRUST-N-06526,2026-09-20T20:05:00Z,DC-01,known software,signed,Known Publisher,benign
TRUST-N-08621,2026-09-20T20:05:38Z,ENG-WS-17,known software,trusted_internal,Known Publisher,benign
TRUST-N-06180,2026-09-20T20:05:52Z,FIN-WS-09,known software,trusted_internal,Known Publisher,benign
TRUST-N-03330,2026-09-20T20:05:53Z,HR-WS-22,known software,signed,Known Publisher,benign
TRUST-N-05367,2026-09-20T20:06:41Z,ENG-WS-17,known software,signed,Known Publisher,benign
TRUST-N-05746,2026-09-20T20:06:42Z,PATCH-01,known software,signed,Known Publisher,benign
TRUST-N-05186,2026-09-20T20:06:47Z,ENG-WS-17,known software,trusted_internal,Known Publisher,benign
TRUST-N-09433,2026-09-20T20:07:46Z,APP-06,known software,signed,Known Publisher,benign
TRUST-N-02546,2026-09-20T20:07:47Z,HR-WS-22,known software,trusted_internal,Known Publisher,benign
TRUST-N-02005,2026-09-20T20:07:51Z,DC-01,known software,signed,Known Publisher,benign
TRUST-N-09489,2026-09-20T20:08:28Z,HR-WS-22,known software,trusted_internal,Known Publisher,benign
TRUST-N-07405,2026-09-20T20:08:38Z,FIN-WS-09,known software,trusted_internal,Known Publisher,benign
TRUST-N-04815,2026-09-20T20:09:17Z,DC-01,known software,trusted_internal,Known Publisher,benign
TRUST-N-09443,2026-09-20T20:09:28Z,HR-WS-08,known software,trusted_internal,Known Publisher,benign
TRUST-N-05640,2026-09-20T20:09:55Z,MGMT-01,known software,signed,Known Publisher,benign
TRUST-N-03781,2026-09-20T20:11:20Z,MGMT-01,known software,trusted_internal,Known Publisher,benign
TRUST-N-06411,2026-09-20T20:11:25Z,APP-06,known software,trusted_internal,Known Publisher,benign
TRUST-N-00612,2026-09-20T20:11:44Z,PATCH-01,known software,signed,Known Publisher,benign
TRUST-N-03304,2026-09-20T20:12:04Z,HR-WS-08,known software,signed,Known Publisher,benign
TRUST-N-04009,2026-09-20T20:13:13Z,HR-WS-08,known software,signed,Known Publisher,benign
TRUST-N-09979,2026-09-20T20:13:23Z,FIN-WS-09,known software,trusted_internal,Known Publisher,benign
TRUST-N-04117,2026-09-20T20:13:51Z,DC-01,known software,trusted_internal,Known Publisher,benign
TRUST-N-05102,2026-09-20T20:13:59Z,FIN-WS-09,known software,signed,Known Publisher,benign
TRUST-N-07566,2026-09-20T20:14:00Z,DC-01,known software,signed,Known Publisher,benign
TRUST-N-03535,2026-09-20T20:14:04Z,HR-WS-22,known software,trusted_internal,Known Publisher,benign
TRUST-N-07976,2026-09-20T20:15:07Z,MGMT-01,known software,signed,Known Publisher,benign
TRUST-N-08542,2026-09-20T20:15:24Z,FIN-WS-09,known software,signed,Known Publisher,benign
TRUST-N-06493,2026-09-20T20:15:39Z,ENG-WS-17,known software,trusted_internal,Known Publisher,benign
TRUST-N-08460,2026-09-20T20:16:24Z,ENG-WS-17,known software,signed,Known Publisher,benign
TRUST-N-07055,2026-09-20T20:17:24Z,HR-WS-08,known software,signed,Known Publisher,benign
TRUST-N-02420,2026-09-20T20:17:27Z,APP-06,known software,trusted_internal,Known Publisher,benign
TRUST-N-00685,2026-09-20T20:18:37Z,APP-06,known software,signed,Known Publisher,benign
TRUST-N-01175,2026-09-20T20:18:37Z,MGMT-01,known software,trusted_internal,Known Publisher,benign
TRUST-N-01584,2026-09-20T20:18:46Z,HR-WS-22,known software,trusted_internal,Known Publisher,benign
TRUST-N-04222,2026-09-20T20:20:08Z,MGMT-01,known software,trusted_internal,Known Publisher,benign
TRUST-N-02202,2026-09-20T20:20:14Z,MGMT-01,known software,signed,Known Publisher,benign
TRUST-N-00427,2026-09-20T20:20:20Z,APP-06,known software,trusted_internal,Known Publisher,benign
TRUST-N-06588,2026-09-20T20:21:22Z,DC-01,known software,signed,Known Publisher,benign
TRUST-N-04851,2026-09-20T20:21:52Z,MGMT-01,known software,trusted_internal,Known Publisher,benign
TRUST-N-05516,2026-09-20T20:22:11Z,MGMT-01,known software,signed,Known Publisher,benign
TRUST-N-03830,2026-09-20T20:22:16Z,MGMT-01,known software,trusted_internal,Known Publisher,benign
TRUST-N-00421,2026-09-20T20:22:24Z,HR-WS-22,known software,signed,Known Publisher,benign
TRUST-N-07158,2026-09-20T20:22:49Z,ENG-WS-17,known software,trusted_internal,Known Publisher,benign
TRUST-N-05428,2026-09-20T20:23:37Z,PATCH-01,known software,signed,Known Publisher,benign
TRUST-N-02582,2026-09-20T20:24:01Z,MGMT-01,known software,signed,Known Publisher,benign
TRUST-N-02840,2026-09-20T20:24:32Z,APP-06,known software,trusted_internal,Known Publisher,benign
TRUST-N-08142,2026-09-20T20:24:36Z,FIN-WS-09,known software,trusted_internal,Known Publisher,benign
TRUST-N-03524,2026-09-20T20:25:02Z,ENG-WS-17,known software,trusted_internal,Known Publisher,benign
TRUST-N-07194,2026-09-20T20:25:34Z,HR-WS-08,known software,trusted_internal,Known Publisher,benign
TRUST-N-01172,2026-09-20T20:25:38Z,HR-WS-22,known software,trusted_internal,Known Publisher,benign
TRUST-N-04663,2026-09-20T20:25:41Z,DC-01,known software,signed,Known Publisher,benign
TRUST-N-02963,2026-09-20T20:26:06Z,APP-06,known software,signed,Known Publisher,benign
TRUST-N-08884,2026-09-20T20:26:12Z,HR-WS-22,known software,signed,Known Publisher,benign
TRUST-N-02564,2026-09-20T20:26:21Z,ENG-WS-17,known software,signed,Known Publisher,benign
TRUST-N-00277,2026-09-20T20:27:00Z,PATCH-01,known software,trusted_internal,Known Publisher,benign
TRUST-N-07954,2026-09-20T20:27:53Z,DC-01,known software,trusted_internal,Known Publisher,benign
TRUST-N-02568,2026-09-20T20:27:54Z,DC-01,known software,trusted_internal,Known Publisher,benign
TRUST-N-03727,2026-09-20T20:28:17Z,ENG-WS-17,known software,trusted_internal,Known Publisher,benign
TRUST-N-06246,2026-09-20T20:28:29Z,APP-06,known software,trusted_internal,Known Publisher,benign
TRUST-N-04942,2026-09-20T20:29:25Z,PATCH-01,known software,trusted_internal,Known Publisher,benign
TRUST-N-06794,2026-09-20T20:29:26Z,FIN-WS-09,known software,trusted_internal,Known Publisher,benign
TRUST-N-09646,2026-09-20T20:29:34Z,MGMT-01,known software,trusted_internal,Known Publisher,benign
TRUST-N-03653,2026-09-20T20:29:48Z,ENG-WS-17,known software,signed,Known Publisher,benign
TRUST-N-04932,2026-09-20T20:30:18Z,APP-06,known software,trusted_internal,Known Publisher,benign
TRUST-N-02293,2026-09-20T20:30:27Z,PATCH-01,known software,signed,Known Publisher,benign
TRUST-N-05485,2026-09-20T20:30:45Z,APP-06,known software,signed,Known Publisher,benign
TRUST-N-00367,2026-09-20T20:31:51Z,PATCH-01,known software,trusted_internal,Known Publisher,benign
TRUST-N-04798,2026-09-20T20:32:48Z,MGMT-01,known software,trusted_internal,Known Publisher,benign
TRUST-N-06494,2026-09-20T20:33:44Z,HR-WS-22,known software,trusted_internal,Known Publisher,benign
TRUST-N-00650,2026-09-20T20:33:52Z,APP-06,known software,trusted_internal,Known Publisher,benign
TRUST-N-01404,2026-09-20T20:34:07Z,PATCH-01,known software,trusted_internal,Known Publisher,benign
TRUST-N-01345,2026-09-20T20:34:42Z,HR-WS-08,known software,trusted_internal,Known Publisher,benign
TRUST-N-02081,2026-09-20T20:35:16Z,DC-01,known software,signed,Known Publisher,benign
TRUST-N-09267,2026-09-20T20:35:30Z,PATCH-01,known software,trusted_internal,Known Publisher,benign
TRUST-N-00392,2026-09-20T20:36:09Z,FIN-WS-09,known software,trusted_internal,Known Publisher,benign
TRUST-N-00314,2026-09-20T20:38:51Z,DC-01,known software,signed,Known Publisher,benign
TRUST-N-08482,2026-09-20T20:39:22Z,MGMT-01,known software,signed,Known Publisher,benign
TRUST-N-02555,2026-09-20T20:39:23Z,PATCH-01,known software,trusted_internal,Known Publisher,benign
TRUST-N-04682,2026-09-20T20:40:01Z,HR-WS-08,known software,trusted_internal,Known Publisher,benign
TRUST-N-06783,2026-09-20T20:41:02Z,HR-WS-22,known software,signed,Known Publisher,benign
TRUST-N-06689,2026-09-20T20:42:18Z,FIN-WS-09,known software,trusted_internal,Known Publisher,benign
TRUST-N-03078,2026-09-20T20:42:29Z,APP-06,known software,signed,Known Publisher,benign
TRUST-N-08972,2026-09-20T20:42:51Z,HR-WS-22,known software,trusted_internal,Known Publisher,benign
TRUST-N-00866,2026-09-20T20:44:49Z,MGMT-01,known software,trusted_internal,Known Publisher,benign
TRUST-N-04874,2026-09-20T20:45:37Z,MGMT-01,known software,signed,Known Publisher,benign
TRUST-N-03044,2026-09-20T20:45:46Z,APP-06,known software,signed,Known Publisher,benign
TRUST-N-05919,2026-09-20T20:45:57Z,HR-WS-08,known software,signed,Known Publisher,benign
TRUST-N-04420,2026-09-20T20:46:51Z,PATCH-01,known software,trusted_internal,Known Publisher,benign
TRUST-N-00147,2026-09-20T20:47:14Z,PATCH-01,known software,signed,Known Publisher,benign
TRUST-N-07148,2026-09-20T20:47:20Z,FIN-WS-09,known software,trusted_internal,Known Publisher,benign
TRUST-N-01756,2026-09-20T20:47:38Z,PATCH-01,known software,trusted_internal,Known Publisher,benign
TRUST-N-01410,2026-09-20T20:47:43Z,HR-WS-22,known software,signed,Known Publisher,benign
TRUST-N-00003,2026-09-20T20:48:25Z,DC-01,known software,signed,Known Publisher,benign
TRUST-N-00056,2026-09-20T20:49:08Z,HR-WS-08,known software,trusted_internal,Known Publisher,benign
TRUST-N-02190,2026-09-20T20:49:57Z,FIN-WS-09,known software,trusted_internal,Known Publisher,benign
TRUST-N-04122,2026-09-20T20:51:56Z,HR-WS-08,known software,signed,Known Publisher,benign
TRUST-N-06686,2026-09-20T20:51:58Z,HR-WS-08,known software,signed,Known Publisher,benign
TRUST-N-05039,2026-09-20T20:52:04Z,MGMT-01,known software,trusted_internal,Known Publisher,benign
TRUST-N-05020,2026-09-20T20:52:09Z,ENG-WS-17,known software,signed,Known Publisher,benign
TRUST-N-03490,2026-09-20T20:52:44Z,HR-WS-22,known software,trusted_internal,Known Publisher,benign
TRUST-N-06167,2026-09-20T20:52:46Z,MGMT-01,known software,signed,Known Publisher,benign
TRUST-N-02960,2026-09-20T20:53:29Z,FIN-WS-09,known software,signed,Known Publisher,benign
TRUST-N-05718,2026-09-20T20:53:48Z,HR-WS-22,known software,trusted_internal,Known Publisher,benign
TRUST-N-05809,2026-09-20T20:53:56Z,MGMT-01,known software,trusted_internal,Known Publisher,benign
TRUST-N-01364,2026-09-20T20:54:45Z,HR-WS-08,known software,signed,Known Publisher,benign
TRUST-N-09574,2026-09-20T20:54:49Z,ENG-WS-17,known software,trusted_internal,Known Publisher,benign
TRUST-N-06083,2026-09-20T20:57:09Z,HR-WS-08,known software,trusted_internal,Known Publisher,benign
TRUST-N-05706,2026-09-20T20:57:22Z,FIN-WS-09,known software,signed,Known Publisher,benign
TRUST-N-02534,2026-09-20T20:57:50Z,ENG-WS-17,known software,trusted_internal,Known Publisher,benign
TRUST-N-06372,2026-09-20T20:57:54Z,ENG-WS-17,known software,signed,Known Publisher,benign
TRUST-N-00292,2026-09-20T20:58:02Z,PATCH-01,known software,signed,Known Publisher,benign
TRUST-N-02968,2026-09-20T20:58:07Z,PATCH-01,known software,trusted_internal,Known Publisher,benign
TRUST-N-04634,2026-09-20T20:59:12Z,MGMT-01,known software,trusted_internal,Known Publisher,benign
TRUST-N-06892,2026-09-20T21:00:05Z,ENG-WS-17,known software,signed,Known Publisher,benign
TRUST-N-06910,2026-09-20T21:01:03Z,APP-06,known software,trusted_internal,Known Publisher,benign
TRUST-N-09184,2026-09-20T21:02:02Z,MGMT-01,known software,signed,Known Publisher,benign
TRUST-N-05062,2026-09-20T21:02:11Z,DC-01,known software,trusted_internal,Known Publisher,benign
TRUST-N-07425,2026-09-20T21:03:25Z,FIN-WS-09,known software,signed,Known Publisher,benign
TRUST-N-02495,2026-09-20T21:04:37Z,DC-01,known software,trusted_internal,Known Publisher,benign
TRUST-N-02475,2026-09-20T21:05:03Z,HR-WS-08,known software,trusted_internal,Known Publisher,benign
TRUST-N-07436,2026-09-20T21:05:34Z,ENG-WS-17,known software,signed,Known Publisher,benign
TRUST-N-07483,2026-09-20T21:05:38Z,HR-WS-08,known software,signed,Known Publisher,benign
TRUST-N-04100,2026-09-20T21:05:56Z,HR-WS-22,known software,signed,Known Publisher,benign
TRUST-N-08073,2026-09-20T21:06:02Z,DC-01,known software,trusted_internal,Known Publisher,benign
TRUST-N-06392,2026-09-20T21:07:33Z,MGMT-01,known software,signed,Known Publisher,benign
TRUST-N-07380,2026-09-20T21:07:47Z,ENG-WS-17,known software,signed,Known Publisher,benign
TRUST-N-03025,2026-09-20T21:09:27Z,MGMT-01,known software,signed,Known Publisher,benign
TRUST-N-02589,2026-09-20T21:09:47Z,MGMT-01,known software,trusted_internal,Known Publisher,benign
TRUST-N-03075,2026-09-20T21:10:07Z,APP-06,known software,trusted_internal,Known Publisher,benign
TRUST-N-08046,2026-09-20T21:10:14Z,PATCH-01,known software,signed,Known Publisher,benign
TRUST-N-00476,2026-09-20T21:11:10Z,HR-WS-22,known software,signed,Known Publisher,benign
TRUST-N-08866,2026-09-20T21:11:55Z,PATCH-01,known software,trusted_internal,Known Publisher,benign
TRUST-N-03532,2026-09-20T21:12:25Z,MGMT-01,known software,signed,Known Publisher,benign
TRUST-N-08316,2026-09-20T21:13:17Z,HR-WS-22,known software,signed,Known Publisher,benign
TRUST-N-09513,2026-09-20T21:13:43Z,HR-WS-08,known software,trusted_internal,Known Publisher,benign
TRUST-N-00534,2026-09-20T21:15:44Z,PATCH-01,known software,trusted_internal,Known Publisher,benign
TRUST-N-08336,2026-09-20T21:15:55Z,HR-WS-22,known software,trusted_internal,Known Publisher,benign
TRUST-N-05884,2026-09-20T21:16:22Z,HR-WS-22,known software,trusted_internal,Known Publisher,benign
TRUST-N-00175,2026-09-20T21:16:37Z,HR-WS-22,known software,trusted_internal,Known Publisher,benign
TRUST-N-02904,2026-09-20T21:16:58Z,MGMT-01,known software,trusted_internal,Known Publisher,benign
TRUST-N-08044,2026-09-20T21:18:04Z,DC-01,known software,signed,Known Publisher,benign
TRUST-N-02419,2026-09-20T21:18:20Z,APP-06,known software,trusted_internal,Known Publisher,benign
TRUST-N-01853,2026-09-20T21:18:28Z,APP-06,known software,signed,Known Publisher,benign
TRUST-N-06931,2026-09-20T21:18:45Z,MGMT-01,known software,trusted_internal,Known Publisher,benign
TRUST-N-05077,2026-09-20T21:18:58Z,HR-WS-08,known software,signed,Known Publisher,benign
TRUST-N-09182,2026-09-20T21:20:20Z,FIN-WS-09,known software,trusted_internal,Known Publisher,benign
TRUST-N-07938,2026-09-20T21:20:34Z,ENG-WS-17,known software,trusted_internal,Known Publisher,benign
TRUST-N-00855,2026-09-20T21:20:40Z,PATCH-01,known software,trusted_internal,Known Publisher,benign
TRUST-N-06092,2026-09-20T21:21:33Z,HR-WS-08,known software,signed,Known Publisher,benign
TRUST-N-00124,2026-09-20T21:21:51Z,PATCH-01,known software,signed,Known Publisher,benign
TRUST-N-01489,2026-09-20T21:22:01Z,APP-06,known software,signed,Known Publisher,benign
TRUST-N-04689,2026-09-20T21:22:04Z,FIN-WS-09,known software,trusted_internal,Known Publisher,benign
TRUST-N-08788,2026-09-20T21:22:50Z,APP-06,known software,trusted_internal,Known Publisher,benign
TRUST-N-01531,2026-09-20T21:23:04Z,HR-WS-08,known software,signed,Known Publisher,benign
TRUST-N-07906,2026-09-20T21:23:11Z,DC-01,known software,signed,Known Publisher,benign
TRUST-N-05900,2026-09-20T21:23:44Z,PATCH-01,known software,trusted_internal,Known Publisher,benign
TRUST-N-04837,2026-09-20T21:24:00Z,HR-WS-08,known software,signed,Known Publisher,benign
TRUST-N-07959,2026-09-20T21:24:12Z,ENG-WS-17,known software,signed,Known Publisher,benign
TRUST-N-09486,2026-09-20T21:24:24Z,FIN-WS-09,known software,trusted_internal,Known Publisher,benign
TRUST-N-03862,2026-09-20T21:24:38Z,DC-01,known software,signed,Known Publisher,benign
TRUST-N-04754,2026-09-20T21:24:40Z,APP-06,known software,trusted_internal,Known Publisher,benign
TRUST-N-00822,2026-09-20T21:25:58Z,APP-06,known software,signed,Known Publisher,benign
TRUST-N-01678,2026-09-20T21:25:58Z,HR-WS-22,known software,signed,Known Publisher,benign
TRUST-N-08645,2026-09-20T21:26:00Z,MGMT-01,known software,signed,Known Publisher,benign
TRUST-N-06191,2026-09-20T21:26:51Z,HR-WS-22,known software,trusted_internal,Known Publisher,benign
TRUST-N-09896,2026-09-20T21:27:40Z,PATCH-01,known software,signed,Known Publisher,benign
TRUST-N-02340,2026-09-20T21:27:41Z,MGMT-01,known software,signed,Known Publisher,benign
TRUST-N-06743,2026-09-20T21:28:11Z,HR-WS-08,known software,trusted_internal,Known Publisher,benign
TRUST-N-04262,2026-09-20T21:28:26Z,ENG-WS-17,known software,signed,Known Publisher,benign
TRUST-N-07492,2026-09-20T21:28:32Z,ENG-WS-17,known software,trusted_internal,Known Publisher,benign
TRUST-N-03259,2026-09-20T21:29:08Z,HR-WS-22,known software,trusted_internal,Known Publisher,benign
TRUST-N-06146,2026-09-20T21:29:10Z,PATCH-01,known software,trusted_internal,Known Publisher,benign
TRUST-N-04894,2026-09-20T21:30:01Z,FIN-WS-09,known software,trusted_internal,Known Publisher,benign
TRUST-N-07145,2026-09-20T21:30:58Z,HR-WS-22,known software,signed,Known Publisher,benign
TRUST-N-00742,2026-09-20T21:31:38Z,PATCH-01,known software,signed,Known Publisher,benign
TRUST-N-01140,2026-09-20T21:31:55Z,HR-WS-22,known software,trusted_internal,Known Publisher,benign
TRUST-N-00144,2026-09-20T21:32:22Z,APP-06,known software,signed,Known Publisher,benign
TRUST-N-02024,2026-09-20T21:32:48Z,PATCH-01,known software,signed,Known Publisher,benign
TRUST-N-00839,2026-09-20T21:33:51Z,PATCH-01,known software,trusted_internal,Known Publisher,benign
TRUST-N-03746,2026-09-20T21:34:02Z,PATCH-01,known software,trusted_internal,Known Publisher,benign
TRUST-N-08025,2026-09-20T21:34:10Z,APP-06,known software,trusted_internal,Known Publisher,benign
TRUST-N-06546,2026-09-20T21:34:27Z,DC-01,known software,signed,Known Publisher,benign
TRUST-N-03847,2026-09-20T21:35:00Z,APP-06,known software,trusted_internal,Known Publisher,benign
TRUST-N-04218,2026-09-20T21:35:42Z,MGMT-01,known software,trusted_internal,Known Publisher,benign
TRUST-N-04781,2026-09-20T21:36:46Z,APP-06,known software,signed,Known Publisher,benign
TRUST-N-08339,2026-09-20T21:37:06Z,HR-WS-22,known software,trusted_internal,Known Publisher,benign
TRUST-N-04141,2026-09-20T21:38:25Z,FIN-WS-09,known software,signed,Known Publisher,benign
TRUST-N-00761,2026-09-20T21:39:20Z,DC-01,known software,trusted_internal,Known Publisher,benign
TRUST-N-02269,2026-09-20T21:39:26Z,ENG-WS-17,known software,trusted_internal,Known Publisher,benign
TRUST-N-05018,2026-09-20T21:39:54Z,APP-06,known software,signed,Known Publisher,benign
TRUST-N-04897,2026-09-20T21:40:11Z,HR-WS-22,known software,trusted_internal,Known Publisher,benign
TRUST-N-02607,2026-09-20T21:40:54Z,DC-01,known software,signed,Known Publisher,benign
TRUST-N-09860,2026-09-20T21:40:56Z,ENG-WS-17,known software,trusted_internal,Known Publisher,benign
TRUST-N-04271,2026-09-20T21:41:47Z,PATCH-01,known software,signed,Known Publisher,benign
TRUST-N-04730,2026-09-20T21:41:54Z,PATCH-01,known software,signed,Known Publisher,benign
TRUST-N-06292,2026-09-20T21:42:45Z,ENG-WS-17,known software,trusted_internal,Known Publisher,benign
TRUST-N-03608,2026-09-20T21:43:50Z,ENG-WS-17,known software,signed,Known Publisher,benign
TRUST-N-06519,2026-09-20T21:44:11Z,MGMT-01,known software,trusted_internal,Known Publisher,benign
TRUST-N-00609,2026-09-20T21:45:44Z,HR-WS-08,known software,trusted_internal,Known Publisher,benign
TRUST-N-01047,2026-09-20T21:46:20Z,DC-01,known software,trusted_internal,Known Publisher,benign
TRUST-N-05903,2026-09-20T21:46:34Z,HR-WS-08,known software,signed,Known Publisher,benign
TRUST-N-04813,2026-09-20T21:47:07Z,FIN-WS-09,known software,trusted_internal,Known Publisher,benign
TRUST-N-00922,2026-09-20T21:47:09Z,HR-WS-08,known software,trusted_internal,Known Publisher,benign
TRUST-N-06119,2026-09-20T21:47:41Z,PATCH-01,known software,trusted_internal,Known Publisher,benign
TRUST-N-02241,2026-09-20T21:47:56Z,PATCH-01,known software,trusted_internal,Known Publisher,benign
TRUST-N-06251,2026-09-20T21:48:22Z,PATCH-01,known software,signed,Known Publisher,benign
TRUST-N-03872,2026-09-20T21:49:14Z,PATCH-01,known software,signed,Known Publisher,benign
TRUST-N-06338,2026-09-20T21:51:21Z,DC-01,known software,trusted_internal,Known Publisher,benign
TRUST-N-08504,2026-09-20T21:53:11Z,MGMT-01,known software,trusted_internal,Known Publisher,benign
TRUST-N-07192,2026-09-20T21:53:34Z,DC-01,known software,signed,Known Publisher,benign
TRUST-N-03041,2026-09-20T21:53:43Z,ENG-WS-17,known software,trusted_internal,Known Publisher,benign
TRUST-N-01058,2026-09-20T21:54:21Z,APP-06,known software,trusted_internal,Known Publisher,benign
TRUST-N-01453,2026-09-20T21:54:43Z,MGMT-01,known software,signed,Known Publisher,benign
TRUST-N-09214,2026-09-20T21:54:53Z,ENG-WS-17,known software,signed,Known Publisher,benign
TRUST-N-00863,2026-09-20T21:55:12Z,MGMT-01,known software,trusted_internal,Known Publisher,benign
TRUST-N-05552,2026-09-20T21:56:12Z,PATCH-01,known software,signed,Known Publisher,benign
TRUST-N-02513,2026-09-20T21:56:13Z,DC-01,known software,trusted_internal,Known Publisher,benign
TRUST-N-03855,2026-09-20T21:56:15Z,DC-01,known software,trusted_internal,Known Publisher,benign
TRUST-N-07256,2026-09-20T21:56:53Z,HR-WS-08,known software,signed,Known Publisher,benign
TRUST-N-08965,2026-09-20T21:57:39Z,HR-WS-22,known software,signed,Known Publisher,benign
TRUST-N-09649,2026-09-20T21:58:18Z,HR-WS-08,known software,signed,Known Publisher,benign
TRUST-N-08410,2026-09-20T21:58:31Z,DC-01,known software,signed,Known Publisher,benign
TRUST-N-02550,2026-09-20T21:59:10Z,MGMT-01,known software,signed,Known Publisher,benign
TRUST-N-04898,2026-09-20T21:59:55Z,DC-01,known software,trusted_internal,Known Publisher,benign
TRUST-N-06418,2026-09-20T22:00:13Z,DC-01,known software,trusted_internal,Known Publisher,benign
TRUST-N-05107,2026-09-20T22:01:09Z,FIN-WS-09,known software,signed,Known Publisher,benign
TRUST-N-09227,2026-09-20T22:01:12Z,ENG-WS-17,known software,signed,Known Publisher,benign
TRUST-N-03622,2026-09-20T22:02:02Z,FIN-WS-09,known software,signed,Known Publisher,benign
TRUST-N-06080,2026-09-20T22:03:34Z,FIN-WS-09,known software,signed,Known Publisher,benign
TRUST-N-04145,2026-09-20T22:03:42Z,APP-06,known software,signed,Known Publisher,benign
TRUST-N-00585,2026-09-20T22:05:08Z,HR-WS-08,known software,trusted_internal,Known Publisher,benign
TRUST-N-05977,2026-09-20T22:05:35Z,HR-WS-22,known software,signed,Known Publisher,benign
TRUST-N-02071,2026-09-20T22:06:26Z,FIN-WS-09,known software,signed,Known Publisher,benign
TRUST-N-04947,2026-09-20T22:07:16Z,MGMT-01,known software,signed,Known Publisher,benign
TRUST-N-03822,2026-09-20T22:08:06Z,DC-01,known software,trusted_internal,Known Publisher,benign
TRUST-N-08658,2026-09-20T22:08:47Z,APP-06,known software,trusted_internal,Known Publisher,benign
TRUST-N-00906,2026-09-20T22:11:00Z,PATCH-01,known software,trusted_internal,Known Publisher,benign
TRUST-N-05598,2026-09-20T22:11:36Z,ENG-WS-17,known software,signed,Known Publisher,benign
TRUST-N-00110,2026-09-20T22:12:42Z,PATCH-01,known software,trusted_internal,Known Publisher,benign
TRUST-N-02439,2026-09-20T22:12:58Z,APP-06,known software,trusted_internal,Known Publisher,benign
TRUST-N-05626,2026-09-20T22:13:15Z,DC-01,known software,signed,Known Publisher,benign
TRUST-N-07361,2026-09-20T22:13:37Z,HR-WS-08,known software,trusted_internal,Known Publisher,benign
TRUST-N-04229,2026-09-20T22:13:54Z,HR-WS-22,known software,signed,Known Publisher,benign
TRUST-N-05101,2026-09-20T22:14:17Z,DC-01,known software,signed,Known Publisher,benign
TRUST-N-06063,2026-09-20T22:14:24Z,DC-01,known software,signed,Known Publisher,benign
TRUST-N-01263,2026-09-20T22:14:27Z,MGMT-01,known software,signed,Known Publisher,benign
TRUST-N-08607,2026-09-20T22:14:43Z,DC-01,known software,trusted_internal,Known Publisher,benign
TRUST-N-08650,2026-09-20T22:15:08Z,FIN-WS-09,known software,signed,Known Publisher,benign
TRUST-N-03422,2026-09-20T22:15:27Z,HR-WS-22,known software,signed,Known Publisher,benign
TRUST-N-00703,2026-09-20T22:16:33Z,MGMT-01,known software,trusted_internal,Known Publisher,benign
TRUST-N-03302,2026-09-20T22:17:09Z,DC-01,known software,trusted_internal,Known Publisher,benign
TRUST-N-09269,2026-09-20T22:18:26Z,HR-WS-08,known software,trusted_internal,Known Publisher,benign
TRUST-N-09321,2026-09-20T22:18:47Z,FIN-WS-09,known software,signed,Known Publisher,benign
TRUST-N-01285,2026-09-20T22:19:29Z,DC-01,known software,signed,Known Publisher,benign
TRUST-N-02684,2026-09-20T22:19:31Z,HR-WS-22,known software,signed,Known Publisher,benign
TRUST-N-03712,2026-09-20T22:19:45Z,DC-01,known software,signed,Known Publisher,benign
TRUST-N-09179,2026-09-20T22:20:16Z,MGMT-01,known software,trusted_internal,Known Publisher,benign
TRUST-N-09533,2026-09-20T22:20:28Z,DC-01,known software,trusted_internal,Known Publisher,benign
TRUST-N-04252,2026-09-20T22:20:35Z,FIN-WS-09,known software,signed,Known Publisher,benign
TRUST-N-04126,2026-09-20T22:21:24Z,HR-WS-08,known software,trusted_internal,Known Publisher,benign
TRUST-N-04587,2026-09-20T22:21:28Z,PATCH-01,known software,signed,Known Publisher,benign
TRUST-N-06362,2026-09-20T22:22:35Z,APP-06,known software,trusted_internal,Known Publisher,benign
TRUST-N-05888,2026-09-20T22:23:43Z,HR-WS-08,known software,trusted_internal,Known Publisher,benign
TRUST-N-00459,2026-09-20T22:24:12Z,PATCH-01,known software,signed,Known Publisher,benign
TRUST-N-01220,2026-09-20T22:25:43Z,HR-WS-22,known software,signed,Known Publisher,benign
TRUST-N-09096,2026-09-20T22:26:07Z,FIN-WS-09,known software,signed,Known Publisher,benign
TRUST-N-04871,2026-09-20T22:26:17Z,HR-WS-22,known software,trusted_internal,Known Publisher,benign
TRUST-N-02521,2026-09-20T22:26:49Z,PATCH-01,known software,trusted_internal,Known Publisher,benign
TRUST-N-02488,2026-09-20T22:27:02Z,HR-WS-08,known software,trusted_internal,Known Publisher,benign
TRUST-N-05212,2026-09-20T22:28:29Z,FIN-WS-09,known software,signed,Known Publisher,benign
TRUST-N-08437,2026-09-20T22:28:44Z,HR-WS-08,known software,trusted_internal,Known Publisher,benign
TRUST-N-08138,2026-09-20T22:29:55Z,HR-WS-22,known software,trusted_internal,Known Publisher,benign
TRUST-N-03188,2026-09-20T22:30:20Z,APP-06,known software,signed,Known Publisher,benign
TRUST-N-02806,2026-09-20T22:31:00Z,ENG-WS-17,known software,signed,Known Publisher,benign
TRUST-N-06613,2026-09-20T22:31:58Z,FIN-WS-09,known software,trusted_internal,Known Publisher,benign
TRUST-N-08564,2026-09-20T22:32:32Z,FIN-WS-09,known software,signed,Known Publisher,benign
TRUST-N-05951,2026-09-20T22:32:34Z,MGMT-01,known software,trusted_internal,Known Publisher,benign
TRUST-N-00403,2026-09-20T22:32:40Z,FIN-WS-09,known software,trusted_internal,Known Publisher,benign
TRUST-N-03397,2026-09-20T22:35:30Z,ENG-WS-17,known software,trusted_internal,Known Publisher,benign
TRUST-N-05315,2026-09-20T22:35:37Z,DC-01,known software,trusted_internal,Known Publisher,benign
TRUST-N-05341,2026-09-20T22:35:57Z,HR-WS-08,known software,trusted_internal,Known Publisher,benign
TRUST-N-01562,2026-09-20T22:36:10Z,HR-WS-08,known software,signed,Known Publisher,benign
TRUST-N-03471,2026-09-20T22:36:49Z,FIN-WS-09,known software,trusted_internal,Known Publisher,benign
TRUST-N-07365,2026-09-20T22:37:06Z,HR-WS-08,known software,trusted_internal,Known Publisher,benign
TRUST-N-06002,2026-09-20T22:37:24Z,DC-01,known software,trusted_internal,Known Publisher,benign
TRUST-N-09252,2026-09-20T22:37:26Z,PATCH-01,known software,trusted_internal,Known Publisher,benign
TRUST-N-03363,2026-09-20T22:39:00Z,APP-06,known software,signed,Known Publisher,benign
TRUST-N-02283,2026-09-20T22:39:19Z,ENG-WS-17,known software,trusted_internal,Known Publisher,benign
TRUST-N-04294,2026-09-20T22:40:14Z,FIN-WS-09,known software,trusted_internal,Known Publisher,benign
TRUST-N-08889,2026-09-20T22:41:12Z,HR-WS-22,known software,trusted_internal,Known Publisher,benign
TRUST-N-08717,2026-09-20T22:41:18Z,FIN-WS-09,known software,signed,Known Publisher,benign
TRUST-N-03094,2026-09-20T22:43:06Z,FIN-WS-09,known software,trusted_internal,Known Publisher,benign
TRUST-N-01034,2026-09-20T22:43:12Z,FIN-WS-09,known software,trusted_internal,Known Publisher,benign
TRUST-N-00339,2026-09-20T22:43:16Z,PATCH-01,known software,signed,Known Publisher,benign
TRUST-N-03860,2026-09-20T22:43:16Z,ENG-WS-17,known software,trusted_internal,Known Publisher,benign
TRUST-N-04671,2026-09-20T22:43:59Z,APP-06,known software,trusted_internal,Known Publisher,benign
TRUST-N-01310,2026-09-20T22:44:08Z,APP-06,known software,signed,Known Publisher,benign
TRUST-N-04066,2026-09-20T22:44:19Z,MGMT-01,known software,trusted_internal,Known Publisher,benign
TRUST-N-09306,2026-09-20T22:44:32Z,APP-06,known software,trusted_internal,Known Publisher,benign
TRUST-N-08034,2026-09-20T22:44:35Z,HR-WS-22,known software,signed,Known Publisher,benign
TRUST-N-08148,2026-09-20T22:44:35Z,HR-WS-22,known software,signed,Known Publisher,benign
TRUST-N-09005,2026-09-20T22:45:36Z,PATCH-01,known software,signed,Known Publisher,benign
TRUST-N-05876,2026-09-20T22:45:51Z,MGMT-01,known software,signed,Known Publisher,benign
TRUST-N-03465,2026-09-20T22:47:20Z,APP-06,known software,signed,Known Publisher,benign
TRUST-N-00546,2026-09-20T22:47:59Z,PATCH-01,known software,signed,Known Publisher,benign
TRUST-N-05469,2026-09-20T22:49:08Z,HR-WS-08,known software,trusted_internal,Known Publisher,benign
TRUST-N-09945,2026-09-20T22:49:59Z,HR-WS-22,known software,trusted_internal,Known Publisher,benign
TRUST-N-09929,2026-09-20T22:50:31Z,MGMT-01,known software,trusted_internal,Known Publisher,benign
TRUST-N-01823,2026-09-20T22:51:40Z,HR-WS-22,known software,signed,Known Publisher,benign
TRUST-N-08750,2026-09-20T22:52:05Z,HR-WS-22,known software,trusted_internal,Known Publisher,benign
TRUST-N-03442,2026-09-20T22:52:10Z,HR-WS-22,known software,signed,Known Publisher,benign
TRUST-N-00255,2026-09-20T22:52:16Z,DC-01,known software,signed,Known Publisher,benign
TRUST-N-02620,2026-09-20T22:53:02Z,PATCH-01,known software,signed,Known Publisher,benign
TRUST-N-03834,2026-09-20T22:53:36Z,DC-01,known software,signed,Known Publisher,benign
TRUST-N-09927,2026-09-20T22:53:37Z,HR-WS-08,known software,signed,Known Publisher,benign
TRUST-N-06826,2026-09-20T22:54:14Z,MGMT-01,known software,trusted_internal,Known Publisher,benign
TRUST-N-07767,2026-09-20T22:54:37Z,HR-WS-08,known software,signed,Known Publisher,benign
TRUST-N-02015,2026-09-20T22:56:14Z,FIN-WS-09,known software,signed,Known Publisher,benign
TRUST-N-07508,2026-09-20T22:57:01Z,FIN-WS-09,known software,trusted_internal,Known Publisher,benign
TRUST-N-02209,2026-09-20T22:57:36Z,FIN-WS-09,known software,signed,Known Publisher,benign
TRUST-N-08809,2026-09-20T22:58:07Z,HR-WS-08,known software,trusted_internal,Known Publisher,benign
TRUST-N-09820,2026-09-20T22:58:27Z,HR-WS-22,known software,trusted_internal,Known Publisher,benign
TRUST-N-04185,2026-09-20T22:58:58Z,DC-01,known software,trusted_internal,Known Publisher,benign
TRUST-N-04930,2026-09-20T22:59:29Z,APP-06,known software,signed,Known Publisher,benign
TRUST-N-03284,2026-09-20T22:59:37Z,ENG-WS-17,known software,trusted_internal,Known Publisher,benign
TRUST-N-02824,2026-09-20T23:00:47Z,DC-01,known software,signed,Known Publisher,benign
TRUST-N-01680,2026-09-20T23:00:53Z,FIN-WS-09,known software,signed,Known Publisher,benign
TRUST-N-08055,2026-09-20T23:01:47Z,DC-01,known software,signed,Known Publisher,benign
TRUST-N-01921,2026-09-20T23:01:58Z,PATCH-01,known software,trusted_internal,Known Publisher,benign
TRUST-N-02095,2026-09-20T23:02:09Z,DC-01,known software,trusted_internal,Known Publisher,benign
TRUST-N-03100,2026-09-20T23:03:22Z,PATCH-01,known software,signed,Known Publisher,benign
TRUST-N-02966,2026-09-20T23:03:37Z,FIN-WS-09,known software,trusted_internal,Known Publisher,benign
TRUST-N-07798,2026-09-20T23:03:40Z,HR-WS-22,known software,signed,Known Publisher,benign
TRUST-N-08879,2026-09-20T23:03:44Z,HR-WS-22,known software,signed,Known Publisher,benign
TRUST-N-01623,2026-09-20T23:03:55Z,APP-06,known software,trusted_internal,Known Publisher,benign
TRUST-N-01639,2026-09-20T23:04:23Z,FIN-WS-09,known software,trusted_internal,Known Publisher,benign
TRUST-N-09302,2026-09-20T23:06:14Z,ENG-WS-17,known software,trusted_internal,Known Publisher,benign
TRUST-N-08604,2026-09-20T23:06:41Z,DC-01,known software,signed,Known Publisher,benign
TRUST-N-01861,2026-09-20T23:07:08Z,PATCH-01,known software,trusted_internal,Known Publisher,benign
TRUST-N-05231,2026-09-20T23:08:25Z,FIN-WS-09,known software,signed,Known Publisher,benign
TRUST-N-01741,2026-09-20T23:10:04Z,ENG-WS-17,known software,trusted_internal,Known Publisher,benign
TRUST-N-06619,2026-09-20T23:10:48Z,APP-06,known software,trusted_internal,Known Publisher,benign
TRUST-N-09984,2026-09-20T23:11:15Z,APP-06,known software,trusted_internal,Known Publisher,benign
TRUST-N-00195,2026-09-20T23:12:07Z,FIN-WS-09,known software,trusted_internal,Known Publisher,benign
TRUST-N-01739,2026-09-20T23:12:32Z,MGMT-01,known software,signed,Known Publisher,benign
TRUST-N-04268,2026-09-20T23:13:24Z,MGMT-01,known software,trusted_internal,Known Publisher,benign
TRUST-N-06304,2026-09-20T23:14:02Z,DC-01,known software,trusted_internal,Known Publisher,benign
TRUST-N-03995,2026-09-20T23:14:31Z,ENG-WS-17,known software,trusted_internal,Known Publisher,benign
TRUST-N-03265,2026-09-20T23:14:48Z,PATCH-01,known software,trusted_internal,Known Publisher,benign
TRUST-N-08151,2026-09-20T23:15:10Z,DC-01,known software,signed,Known Publisher,benign
TRUST-N-08768,2026-09-20T23:15:32Z,DC-01,known software,signed,Known Publisher,benign
TRUST-N-05988,2026-09-20T23:15:55Z,PATCH-01,known software,signed,Known Publisher,benign
TRUST-N-08591,2026-09-20T23:16:01Z,PATCH-01,known software,trusted_internal,Known Publisher,benign
TRUST-N-07882,2026-09-20T23:16:35Z,HR-WS-22,known software,signed,Known Publisher,benign
TRUST-N-04191,2026-09-20T23:16:39Z,PATCH-01,known software,signed,Known Publisher,benign
TRUST-N-05759,2026-09-20T23:16:53Z,APP-06,known software,signed,Known Publisher,benign
TRUST-N-01076,2026-09-20T23:17:41Z,ENG-WS-17,known software,trusted_internal,Known Publisher,benign
TRUST-N-07675,2026-09-20T23:18:08Z,PATCH-01,known software,trusted_internal,Known Publisher,benign
TRUST-N-05041,2026-09-20T23:18:25Z,HR-WS-08,known software,trusted_internal,Known Publisher,benign
TRUST-N-00306,2026-09-20T23:18:50Z,ENG-WS-17,known software,trusted_internal,Known Publisher,benign
TRUST-N-03741,2026-09-20T23:19:01Z,FIN-WS-09,known software,signed,Known Publisher,benign
TRUST-N-04655,2026-09-20T23:20:10Z,ENG-WS-17,known software,trusted_internal,Known Publisher,benign
TRUST-N-04140,2026-09-20T23:20:20Z,HR-WS-22,known software,signed,Known Publisher,benign
TRUST-N-08997,2026-09-20T23:20:39Z,ENG-WS-17,known software,trusted_internal,Known Publisher,benign
TRUST-N-03395,2026-09-20T23:20:45Z,FIN-WS-09,known software,signed,Known Publisher,benign
TRUST-N-04731,2026-09-20T23:21:09Z,HR-WS-22,known software,signed,Known Publisher,benign
TRUST-N-07650,2026-09-20T23:21:17Z,MGMT-01,known software,signed,Known Publisher,benign
TRUST-N-06806,2026-09-20T23:21:55Z,APP-06,known software,trusted_internal,Known Publisher,benign
TRUST-N-01084,2026-09-20T23:22:22Z,APP-06,known software,signed,Known Publisher,benign
TRUST-N-00723,2026-09-20T23:22:55Z,FIN-WS-09,known software,signed,Known Publisher,benign
TRUST-N-02313,2026-09-20T23:23:00Z,APP-06,known software,trusted_internal,Known Publisher,benign
TRUST-N-04435,2026-09-20T23:23:22Z,HR-WS-22,known software,trusted_internal,Known Publisher,benign
TRUST-N-05623,2026-09-20T23:24:32Z,MGMT-01,known software,signed,Known Publisher,benign
TRUST-N-09664,2026-09-20T23:24:33Z,HR-WS-08,known software,signed,Known Publisher,benign
TRUST-N-03501,2026-09-20T23:25:02Z,HR-WS-22,known software,trusted_internal,Known Publisher,benign
TRUST-N-00507,2026-09-20T23:25:18Z,HR-WS-08,known software,signed,Known Publisher,benign
TRUST-N-04095,2026-09-20T23:25:45Z,MGMT-01,known software,signed,Known Publisher,benign
TRUST-N-02687,2026-09-20T23:27:14Z,HR-WS-08,known software,signed,Known Publisher,benign
TRUST-N-08288,2026-09-20T23:27:17Z,DC-01,known software,signed,Known Publisher,benign
TRUST-N-01423,2026-09-20T23:28:48Z,MGMT-01,known software,trusted_internal,Known Publisher,benign
TRUST-N-01662,2026-09-20T23:29:58Z,HR-WS-22,known software,signed,Known Publisher,benign
TRUST-N-03287,2026-09-20T23:30:14Z,PATCH-01,known software,signed,Known Publisher,benign
TRUST-N-06103,2026-09-20T23:30:48Z,HR-WS-22,known software,signed,Known Publisher,benign
TRUST-N-08699,2026-09-20T23:30:51Z,PATCH-01,known software,trusted_internal,Known Publisher,benign
TRUST-N-07529,2026-09-20T23:31:16Z,APP-06,known software,trusted_internal,Known Publisher,benign
TRUST-N-04721,2026-09-20T23:31:35Z,PATCH-01,known software,signed,Known Publisher,benign
TRUST-N-08756,2026-09-20T23:32:59Z,HR-WS-08,known software,trusted_internal,Known Publisher,benign
TRUST-N-00366,2026-09-20T23:33:20Z,ENG-WS-17,known software,signed,Known Publisher,benign
TRUST-N-07978,2026-09-20T23:35:01Z,ENG-WS-17,known software,trusted_internal,Known Publisher,benign
TRUST-N-05985,2026-09-20T23:35:08Z,HR-WS-22,known software,signed,Known Publisher,benign
TRUST-N-02146,2026-09-20T23:35:28Z,MGMT-01,known software,trusted_internal,Known Publisher,benign
TRUST-N-00284,2026-09-20T23:35:34Z,HR-WS-22,known software,signed,Known Publisher,benign
TRUST-N-08155,2026-09-20T23:35:42Z,ENG-WS-17,known software,trusted_internal,Known Publisher,benign
TRUST-N-04331,2026-09-20T23:37:14Z,APP-06,known software,trusted_internal,Known Publisher,benign
TRUST-N-08509,2026-09-20T23:38:12Z,DC-01,known software,trusted_internal,Known Publisher,benign
TRUST-N-07756,2026-09-20T23:38:39Z,HR-WS-22,known software,trusted_internal,Known Publisher,benign
TRUST-N-03229,2026-09-20T23:39:50Z,ENG-WS-17,known software,trusted_internal,Known Publisher,benign
TRUST-N-08694,2026-09-20T23:40:03Z,APP-06,known software,trusted_internal,Known Publisher,benign
TRUST-N-04516,2026-09-20T23:40:05Z,ENG-WS-17,known software,trusted_internal,Known Publisher,benign
TRUST-N-07149,2026-09-20T23:40:13Z,HR-WS-22,known software,trusted_internal,Known Publisher,benign
TRUST-N-06122,2026-09-20T23:40:23Z,PATCH-01,known software,trusted_internal,Known Publisher,benign
TRUST-N-04557,2026-09-20T23:40:36Z,APP-06,known software,signed,Known Publisher,benign
TRUST-N-01367,2026-09-20T23:42:10Z,DC-01,known software,trusted_internal,Known Publisher,benign
TRUST-N-05738,2026-09-20T23:42:56Z,ENG-WS-17,known software,signed,Known Publisher,benign
TRUST-N-08654,2026-09-20T23:44:35Z,APP-06,known software,trusted_internal,Known Publisher,benign
TRUST-N-05790,2026-09-20T23:45:53Z,MGMT-01,known software,trusted_internal,Known Publisher,benign
TRUST-N-02811,2026-09-20T23:46:59Z,PATCH-01,known software,signed,Known Publisher,benign
TRUST-N-07313,2026-09-20T23:47:05Z,HR-WS-22,known software,trusted_internal,Known Publisher,benign
TRUST-N-07703,2026-09-20T23:47:44Z,HR-WS-22,known software,trusted_internal,Known Publisher,benign
TRUST-N-06000,2026-09-20T23:48:57Z,DC-01,known software,signed,Known Publisher,benign
TRUST-N-05241,2026-09-20T23:50:00Z,DC-01,known software,trusted_internal,Known Publisher,benign
TRUST-N-03513,2026-09-20T23:50:43Z,ENG-WS-17,known software,signed,Known Publisher,benign
TRUST-N-05395,2026-09-20T23:51:14Z,ENG-WS-17,known software,signed,Known Publisher,benign
TRUST-N-07534,2026-09-20T23:51:16Z,MGMT-01,known software,signed,Known Publisher,benign
TRUST-N-09044,2026-09-20T23:51:36Z,ENG-WS-17,known software,signed,Known Publisher,benign
TRUST-N-01533,2026-09-20T23:52:42Z,FIN-WS-09,known software,signed,Known Publisher,benign
TRUST-N-01392,2026-09-20T23:53:06Z,HR-WS-22,known software,trusted_internal,Known Publisher,benign
TRUST-N-00862,2026-09-20T23:53:59Z,ENG-WS-17,known software,trusted_internal,Known Publisher,benign
TRUST-N-09939,2026-09-20T23:54:13Z,FIN-WS-09,known software,trusted_internal,Known Publisher,benign
TRUST-N-05863,2026-09-20T23:54:15Z,MGMT-01,known software,trusted_internal,Known Publisher,benign
TRUST-N-01275,2026-09-20T23:55:31Z,PATCH-01,known software,trusted_internal,Known Publisher,benign
TRUST-N-07809,2026-09-20T23:57:25Z,PATCH-01,known software,trusted_internal,Known Publisher,benign
TRUST-N-00431,2026-09-20T23:58:23Z,HR-WS-22,known software,signed,Known Publisher,benign
TRUST-N-07918,2026-09-20T23:58:55Z,APP-06,known software,signed,Known Publisher,benign
TRUST-N-01246,2026-09-20T23:59:26Z,HR-WS-22,known software,signed,Known Publisher,benign
TRUST-N-01543,2026-09-20T23:59:27Z,ENG-WS-17,known software,trusted_internal,Known Publisher,benign
TRUST-N-04491,2026-09-20T23:59:33Z,HR-WS-08,known software,signed,Known Publisher,benign
TRUST-N-03678,2026-09-21T00:01:18Z,DC-01,known software,signed,Known Publisher,benign
TRUST-N-09894,2026-09-21T00:01:53Z,HR-WS-22,known software,trusted_internal,Known Publisher,benign
TRUST-N-06275,2026-09-21T00:02:22Z,HR-WS-08,known software,signed,Known Publisher,benign
TRUST-N-04843,2026-09-21T00:02:57Z,APP-06,known software,signed,Known Publisher,benign
TRUST-N-08574,2026-09-21T00:04:03Z,APP-06,known software,signed,Known Publisher,benign
TRUST-N-08317,2026-09-21T00:04:19Z,HR-WS-22,known software,signed,Known Publisher,benign
TRUST-N-04637,2026-09-21T00:04:50Z,DC-01,known software,trusted_internal,Known Publisher,benign
TRUST-N-06670,2026-09-21T00:05:19Z,ENG-WS-17,known software,signed,Known Publisher,benign
TRUST-N-09745,2026-09-21T00:06:09Z,APP-06,known software,signed,Known Publisher,benign
TRUST-N-01989,2026-09-21T00:06:10Z,APP-06,known software,signed,Known Publisher,benign
TRUST-N-08002,2026-09-21T00:06:51Z,DC-01,known software,trusted_internal,Known Publisher,benign
TRUST-N-04677,2026-09-21T00:07:07Z,PATCH-01,known software,signed,Known Publisher,benign
TRUST-N-01974,2026-09-21T00:07:34Z,FIN-WS-09,known software,signed,Known Publisher,benign
TRUST-N-02823,2026-09-21T00:08:53Z,FIN-WS-09,known software,signed,Known Publisher,benign
TRUST-N-04735,2026-09-21T00:09:21Z,FIN-WS-09,known software,trusted_internal,Known Publisher,benign
TRUST-N-08169,2026-09-21T00:09:22Z,DC-01,known software,trusted_internal,Known Publisher,benign
TRUST-N-05702,2026-09-21T00:09:43Z,APP-06,known software,trusted_internal,Known Publisher,benign
TRUST-N-01959,2026-09-21T00:11:01Z,APP-06,known software,signed,Known Publisher,benign
TRUST-N-03347,2026-09-21T00:11:10Z,FIN-WS-09,known software,trusted_internal,Known Publisher,benign
TRUST-N-09118,2026-09-21T00:11:59Z,MGMT-01,known software,signed,Known Publisher,benign
TRUST-N-05965,2026-09-21T00:12:52Z,HR-WS-22,known software,trusted_internal,Known Publisher,benign
TRUST-N-00514,2026-09-21T00:13:05Z,APP-06,known software,trusted_internal,Known Publisher,benign
TRUST-N-07686,2026-09-21T00:13:29Z,ENG-WS-17,known software,trusted_internal,Known Publisher,benign
TRUST-N-06233,2026-09-21T00:13:34Z,DC-01,known software,signed,Known Publisher,benign
TRUST-N-09113,2026-09-21T00:13:44Z,ENG-WS-17,known software,signed,Known Publisher,benign
TRUST-N-05023,2026-09-21T00:14:25Z,PATCH-01,known software,signed,Known Publisher,benign
TRUST-N-07532,2026-09-21T00:15:10Z,HR-WS-22,known software,trusted_internal,Known Publisher,benign
TRUST-N-05187,2026-09-21T00:16:41Z,APP-06,known software,signed,Known Publisher,benign
TRUST-N-03743,2026-09-21T00:17:00Z,ENG-WS-17,known software,signed,Known Publisher,benign
TRUST-N-03870,2026-09-21T00:17:01Z,APP-06,known software,trusted_internal,Known Publisher,benign
TRUST-N-04471,2026-09-21T00:17:26Z,ENG-WS-17,known software,signed,Known Publisher,benign
TRUST-N-00198,2026-09-21T00:19:54Z,DC-01,known software,trusted_internal,Known Publisher,benign
TRUST-N-04714,2026-09-21T00:19:59Z,APP-06,known software,signed,Known Publisher,benign
TRUST-N-02382,2026-09-21T00:20:19Z,HR-WS-08,known software,trusted_internal,Known Publisher,benign
TRUST-N-03603,2026-09-21T00:22:10Z,ENG-WS-17,known software,trusted_internal,Known Publisher,benign
TRUST-N-01027,2026-09-21T00:22:36Z,FIN-WS-09,known software,signed,Known Publisher,benign
TRUST-N-06832,2026-09-21T00:24:53Z,MGMT-01,known software,trusted_internal,Known Publisher,benign
TRUST-N-08549,2026-09-21T00:25:15Z,PATCH-01,known software,signed,Known Publisher,benign
TRUST-N-04230,2026-09-21T00:26:43Z,DC-01,known software,signed,Known Publisher,benign
TRUST-N-02841,2026-09-21T00:26:49Z,APP-06,known software,trusted_internal,Known Publisher,benign
TRUST-N-05543,2026-09-21T00:27:05Z,HR-WS-08,known software,trusted_internal,Known Publisher,benign
TRUST-N-03848,2026-09-21T00:27:12Z,FIN-WS-09,known software,signed,Known Publisher,benign
TRUST-N-02953,2026-09-21T00:27:31Z,MGMT-01,known software,trusted_internal,Known Publisher,benign
TRUST-N-07093,2026-09-21T00:27:59Z,FIN-WS-09,known software,signed,Known Publisher,benign
TRUST-N-07476,2026-09-21T00:28:49Z,HR-WS-22,known software,trusted_internal,Known Publisher,benign
TRUST-N-03476,2026-09-21T00:28:55Z,APP-06,known software,signed,Known Publisher,benign
TRUST-N-01157,2026-09-21T00:29:03Z,HR-WS-22,known software,signed,Known Publisher,benign
TRUST-N-04722,2026-09-21T00:30:12Z,HR-WS-22,known software,signed,Known Publisher,benign
TRUST-N-07176,2026-09-21T00:31:38Z,MGMT-01,known software,trusted_internal,Known Publisher,benign
TRUST-N-07587,2026-09-21T00:32:08Z,MGMT-01,known software,trusted_internal,Known Publisher,benign
TRUST-N-06261,2026-09-21T00:32:43Z,HR-WS-22,known software,signed,Known Publisher,benign
TRUST-N-04610,2026-09-21T00:32:54Z,ENG-WS-17,known software,trusted_internal,Known Publisher,benign
TRUST-N-03892,2026-09-21T00:32:55Z,HR-WS-22,known software,trusted_internal,Known Publisher,benign
TRUST-N-05913,2026-09-21T00:33:48Z,DC-01,known software,signed,Known Publisher,benign
TRUST-N-00889,2026-09-21T00:33:53Z,DC-01,known software,trusted_internal,Known Publisher,benign
TRUST-N-04632,2026-09-21T00:34:57Z,MGMT-01,known software,trusted_internal,Known Publisher,benign
TRUST-N-03884,2026-09-21T00:35:26Z,MGMT-01,known software,trusted_internal,Known Publisher,benign
TRUST-N-04123,2026-09-21T00:35:35Z,PATCH-01,known software,trusted_internal,Known Publisher,benign
TRUST-N-00941,2026-09-21T00:35:45Z,FIN-WS-09,known software,trusted_internal,Known Publisher,benign
TRUST-N-04214,2026-09-21T00:35:55Z,DC-01,known software,trusted_internal,Known Publisher,benign
TRUST-N-06014,2026-09-21T00:36:27Z,MGMT-01,known software,signed,Known Publisher,benign
TRUST-N-02422,2026-09-21T00:36:34Z,HR-WS-08,known software,signed,Known Publisher,benign
TRUST-N-00182,2026-09-21T00:36:58Z,MGMT-01,known software,signed,Known Publisher,benign
TRUST-N-02320,2026-09-21T00:37:26Z,MGMT-01,known software,trusted_internal,Known Publisher,benign
TRUST-N-04392,2026-09-21T00:37:40Z,DC-01,known software,signed,Known Publisher,benign
TRUST-N-08911,2026-09-21T00:38:07Z,HR-WS-08,known software,signed,Known Publisher,benign
TRUST-N-05048,2026-09-21T00:38:18Z,APP-06,known software,trusted_internal,Known Publisher,benign
TRUST-N-00173,2026-09-21T00:38:33Z,MGMT-01,known software,trusted_internal,Known Publisher,benign
TRUST-N-03315,2026-09-21T00:38:55Z,APP-06,known software,signed,Known Publisher,benign
TRUST-N-06229,2026-09-21T00:39:37Z,FIN-WS-09,known software,trusted_internal,Known Publisher,benign
TRUST-N-06314,2026-09-21T00:40:11Z,APP-06,known software,trusted_internal,Known Publisher,benign
TRUST-N-02002,2026-09-21T00:41:15Z,DC-01,known software,trusted_internal,Known Publisher,benign
TRUST-N-01596,2026-09-21T00:42:31Z,HR-WS-22,known software,trusted_internal,Known Publisher,benign
TRUST-N-03896,2026-09-21T00:42:33Z,APP-06,known software,trusted_internal,Known Publisher,benign
TRUST-N-07505,2026-09-21T00:42:45Z,HR-WS-22,known software,signed,Known Publisher,benign
TRUST-N-02889,2026-09-21T00:44:09Z,PATCH-01,known software,signed,Known Publisher,benign
TRUST-N-06705,2026-09-21T00:44:35Z,ENG-WS-17,known software,trusted_internal,Known Publisher,benign
TRUST-N-07127,2026-09-21T00:44:38Z,HR-WS-22,known software,signed,Known Publisher,benign
TRUST-N-04379,2026-09-21T00:44:55Z,FIN-WS-09,known software,trusted_internal,Known Publisher,benign
TRUST-N-01599,2026-09-21T00:45:09Z,FIN-WS-09,known software,signed,Known Publisher,benign
TRUST-N-06900,2026-09-21T00:46:15Z,HR-WS-22,known software,trusted_internal,Known Publisher,benign
TRUST-N-07775,2026-09-21T00:46:58Z,FIN-WS-09,known software,trusted_internal,Known Publisher,benign
TRUST-N-03904,2026-09-21T00:47:42Z,MGMT-01,known software,trusted_internal,Known Publisher,benign
TRUST-N-02878,2026-09-21T00:48:02Z,FIN-WS-09,known software,trusted_internal,Known Publisher,benign
TRUST-N-08038,2026-09-21T00:48:07Z,HR-WS-08,known software,signed,Known Publisher,benign
TRUST-N-02023,2026-09-21T00:48:25Z,MGMT-01,known software,signed,Known Publisher,benign
TRUST-N-03121,2026-09-21T00:48:29Z,HR-WS-08,known software,signed,Known Publisher,benign
TRUST-N-08033,2026-09-21T00:48:35Z,HR-WS-08,known software,trusted_internal,Known Publisher,benign
TRUST-N-07779,2026-09-21T00:48:57Z,APP-06,known software,signed,Known Publisher,benign
TRUST-N-07300,2026-09-21T00:49:29Z,APP-06,known software,signed,Known Publisher,benign
TRUST-N-04019,2026-09-21T00:49:34Z,FIN-WS-09,known software,trusted_internal,Known Publisher,benign
TRUST-N-09834,2026-09-21T00:49:43Z,PATCH-01,known software,signed,Known Publisher,benign
TRUST-N-05762,2026-09-21T00:50:15Z,HR-WS-08,known software,trusted_internal,Known Publisher,benign
TRUST-N-00281,2026-09-21T00:51:05Z,FIN-WS-09,known software,trusted_internal,Known Publisher,benign
TRUST-N-01643,2026-09-21T00:51:59Z,PATCH-01,known software,trusted_internal,Known Publisher,benign
TRUST-N-05411,2026-09-21T00:52:50Z,HR-WS-08,known software,trusted_internal,Known Publisher,benign
TRUST-N-02737,2026-09-21T00:53:07Z,PATCH-01,known software,signed,Known Publisher,benign
TRUST-N-03354,2026-09-21T00:53:29Z,ENG-WS-17,known software,signed,Known Publisher,benign
TRUST-N-02224,2026-09-21T00:53:30Z,PATCH-01,known software,signed,Known Publisher,benign
TRUST-N-03430,2026-09-21T00:55:22Z,MGMT-01,known software,signed,Known Publisher,benign
TRUST-N-02279,2026-09-21T00:55:24Z,HR-WS-08,known software,signed,Known Publisher,benign
TRUST-N-03935,2026-09-21T00:55:51Z,DC-01,known software,signed,Known Publisher,benign
TRUST-N-08863,2026-09-21T00:56:31Z,MGMT-01,known software,signed,Known Publisher,benign
TRUST-N-05266,2026-09-21T00:57:06Z,ENG-WS-17,known software,signed,Known Publisher,benign
TRUST-N-08625,2026-09-21T00:58:02Z,ENG-WS-17,known software,signed,Known Publisher,benign
TRUST-N-00959,2026-09-21T00:58:03Z,HR-WS-08,known software,signed,Known Publisher,benign
TRUST-N-03072,2026-09-21T00:59:05Z,HR-WS-22,known software,signed,Known Publisher,benign
TRUST-N-04431,2026-09-21T00:59:31Z,APP-06,known software,signed,Known Publisher,benign
TRUST-N-00873,2026-09-21T01:00:06Z,HR-WS-22,known software,signed,Known Publisher,benign
TRUST-N-04747,2026-09-21T01:00:15Z,FIN-WS-09,known software,trusted_internal,Known Publisher,benign
TRUST-N-06635,2026-09-21T01:00:15Z,MGMT-01,known software,signed,Known Publisher,benign
TRUST-N-00828,2026-09-21T01:01:32Z,MGMT-01,known software,signed,Known Publisher,benign
TRUST-N-00128,2026-09-21T01:01:53Z,APP-06,known software,trusted_internal,Known Publisher,benign
TRUST-N-08829,2026-09-21T01:02:22Z,FIN-WS-09,known software,trusted_internal,Known Publisher,benign
TRUST-N-00104,2026-09-21T01:02:47Z,DC-01,known software,signed,Known Publisher,benign
TRUST-N-00384,2026-09-21T01:03:59Z,HR-WS-22,known software,trusted_internal,Known Publisher,benign
TRUST-N-04217,2026-09-21T01:04:00Z,PATCH-01,known software,signed,Known Publisher,benign
TRUST-N-02796,2026-09-21T01:04:01Z,ENG-WS-17,known software,trusted_internal,Known Publisher,benign
TRUST-N-07877,2026-09-21T01:04:13Z,ENG-WS-17,known software,signed,Known Publisher,benign
TRUST-N-05968,2026-09-21T01:04:41Z,DC-01,known software,signed,Known Publisher,benign
TRUST-N-04991,2026-09-21T01:04:43Z,FIN-WS-09,known software,trusted_internal,Known Publisher,benign
TRUST-N-02728,2026-09-21T01:04:49Z,APP-06,known software,signed,Known Publisher,benign
TRUST-N-08514,2026-09-21T01:04:59Z,MGMT-01,known software,signed,Known Publisher,benign
TRUST-N-06453,2026-09-21T01:05:13Z,HR-WS-08,known software,trusted_internal,Known Publisher,benign
TRUST-N-02155,2026-09-21T01:05:26Z,PATCH-01,known software,trusted_internal,Known Publisher,benign
TRUST-N-08523,2026-09-21T01:06:20Z,ENG-WS-17,known software,signed,Known Publisher,benign
TRUST-N-00898,2026-09-21T01:06:55Z,ENG-WS-17,known software,trusted_internal,Known Publisher,benign
TRUST-N-03085,2026-09-21T01:07:18Z,APP-06,known software,signed,Known Publisher,benign
TRUST-N-06286,2026-09-21T01:07:48Z,ENG-WS-17,known software,trusted_internal,Known Publisher,benign
TRUST-N-09689,2026-09-21T01:08:17Z,HR-WS-08,known software,signed,Known Publisher,benign
TRUST-N-03118,2026-09-21T01:08:20Z,DC-01,known software,signed,Known Publisher,benign
TRUST-N-08769,2026-09-21T01:09:28Z,DC-01,known software,signed,Known Publisher,benign
TRUST-N-09736,2026-09-21T01:09:28Z,PATCH-01,known software,trusted_internal,Known Publisher,benign
TRUST-N-01549,2026-09-21T01:09:31Z,APP-06,known software,signed,Known Publisher,benign
TRUST-N-03311,2026-09-21T01:09:52Z,ENG-WS-17,known software,trusted_internal,Known Publisher,benign
TRUST-N-02334,2026-09-21T01:10:48Z,FIN-WS-09,known software,signed,Known Publisher,benign
TRUST-N-00238,2026-09-21T01:11:35Z,DC-01,known software,signed,Known Publisher,benign
TRUST-N-09934,2026-09-21T01:12:23Z,MGMT-01,known software,trusted_internal,Known Publisher,benign
TRUST-N-01691,2026-09-21T01:13:06Z,ENG-WS-17,known software,signed,Known Publisher,benign
TRUST-N-00951,2026-09-21T01:13:57Z,APP-06,known software,trusted_internal,Known Publisher,benign
TRUST-N-05527,2026-09-21T01:16:03Z,ENG-WS-17,known software,trusted_internal,Known Publisher,benign
TRUST-N-01790,2026-09-21T01:16:09Z,MGMT-01,known software,trusted_internal,Known Publisher,benign
TRUST-N-06276,2026-09-21T01:16:34Z,DC-01,known software,signed,Known Publisher,benign
TRUST-N-01835,2026-09-21T01:16:58Z,MGMT-01,known software,trusted_internal,Known Publisher,benign
TRUST-N-00983,2026-09-21T01:17:55Z,DC-01,known software,signed,Known Publisher,benign
TRUST-N-02042,2026-09-21T01:18:37Z,DC-01,known software,signed,Known Publisher,benign
TRUST-N-05856,2026-09-21T01:21:10Z,MGMT-01,known software,signed,Known Publisher,benign
TRUST-N-06306,2026-09-21T01:23:04Z,APP-06,known software,signed,Known Publisher,benign
TRUST-N-01757,2026-09-21T01:23:26Z,HR-WS-22,known software,signed,Known Publisher,benign
TRUST-N-03996,2026-09-21T01:24:46Z,HR-WS-22,known software,trusted_internal,Known Publisher,benign
TRUST-N-01557,2026-09-21T01:24:48Z,FIN-WS-09,known software,signed,Known Publisher,benign
TRUST-N-08816,2026-09-21T01:25:04Z,HR-WS-08,known software,signed,Known Publisher,benign
TRUST-N-00118,2026-09-21T01:25:49Z,APP-06,known software,signed,Known Publisher,benign
TRUST-N-06138,2026-09-21T01:26:05Z,APP-06,known software,signed,Known Publisher,benign
TRUST-N-04358,2026-09-21T01:26:41Z,APP-06,known software,trusted_internal,Known Publisher,benign
TRUST-N-01282,2026-09-21T01:26:45Z,APP-06,known software,trusted_internal,Known Publisher,benign
TRUST-N-04965,2026-09-21T01:27:05Z,ENG-WS-17,known software,signed,Known Publisher,benign
TRUST-N-01787,2026-09-21T01:27:10Z,APP-06,known software,signed,Known Publisher,benign
TRUST-N-09313,2026-09-21T01:28:21Z,PATCH-01,known software,trusted_internal,Known Publisher,benign
TRUST-N-08157,2026-09-21T01:30:20Z,HR-WS-22,known software,trusted_internal,Known Publisher,benign
TRUST-N-03052,2026-09-21T01:30:37Z,DC-01,known software,signed,Known Publisher,benign
TRUST-N-04919,2026-09-21T01:30:41Z,ENG-WS-17,known software,signed,Known Publisher,benign
TRUST-N-09619,2026-09-21T01:30:41Z,FIN-WS-09,known software,signed,Known Publisher,benign
TRUST-N-05309,2026-09-21T01:32:13Z,APP-06,known software,signed,Known Publisher,benign
TRUST-N-09535,2026-09-21T01:32:17Z,APP-06,known software,signed,Known Publisher,benign
TRUST-N-08673,2026-09-21T01:32:24Z,HR-WS-08,known software,signed,Known Publisher,benign
TRUST-N-06965,2026-09-21T01:32:26Z,PATCH-01,known software,trusted_internal,Known Publisher,benign
TRUST-N-08306,2026-09-21T01:34:59Z,HR-WS-22,known software,trusted_internal,Known Publisher,benign
TRUST-N-04234,2026-09-21T01:35:17Z,ENG-WS-17,known software,signed,Known Publisher,benign
TRUST-N-07385,2026-09-21T01:36:06Z,DC-01,known software,signed,Known Publisher,benign
TRUST-N-05421,2026-09-21T01:36:20Z,MGMT-01,known software,trusted_internal,Known Publisher,benign
TRUST-N-05000,2026-09-21T01:36:42Z,MGMT-01,known software,trusted_internal,Known Publisher,benign
TRUST-N-03462,2026-09-21T01:37:06Z,HR-WS-22,known software,trusted_internal,Known Publisher,benign
TRUST-N-05176,2026-09-21T01:37:46Z,APP-06,known software,signed,Known Publisher,benign
TRUST-N-00486,2026-09-21T01:39:19Z,ENG-WS-17,known software,trusted_internal,Known Publisher,benign
TRUST-N-06443,2026-09-21T01:40:59Z,PATCH-01,known software,trusted_internal,Known Publisher,benign
TRUST-N-07303,2026-09-21T01:41:33Z,HR-WS-22,known software,trusted_internal,Known Publisher,benign
TRUST-N-09483,2026-09-21T01:41:45Z,MGMT-01,known software,signed,Known Publisher,benign
TRUST-N-07955,2026-09-21T01:42:00Z,APP-06,known software,signed,Known Publisher,benign
TRUST-N-07400,2026-09-21T01:42:37Z,PATCH-01,known software,signed,Known Publisher,benign
TRUST-N-08299,2026-09-21T01:44:08Z,FIN-WS-09,known software,trusted_internal,Known Publisher,benign
TRUST-N-07189,2026-09-21T01:45:02Z,MGMT-01,known software,trusted_internal,Known Publisher,benign
TRUST-N-00558,2026-09-21T01:45:24Z,DC-01,known software,signed,Known Publisher,benign
TRUST-N-04469,2026-09-21T01:45:59Z,APP-06,known software,signed,Known Publisher,benign
TRUST-N-05356,2026-09-21T01:48:02Z,APP-06,known software,trusted_internal,Known Publisher,benign
TRUST-N-03937,2026-09-21T01:48:05Z,MGMT-01,known software,trusted_internal,Known Publisher,benign
TRUST-N-02890,2026-09-21T01:48:23Z,ENG-WS-17,known software,trusted_internal,Known Publisher,benign
TRUST-N-02256,2026-09-21T01:49:05Z,MGMT-01,known software,trusted_internal,Known Publisher,benign
TRUST-N-02316,2026-09-21T01:49:11Z,ENG-WS-17,known software,trusted_internal,Known Publisher,benign
TRUST-N-02111,2026-09-21T01:49:23Z,ENG-WS-17,known software,signed,Known Publisher,benign
TRUST-N-07879,2026-09-21T01:49:58Z,FIN-WS-09,known software,signed,Known Publisher,benign
TRUST-N-00039,2026-09-21T01:50:06Z,MGMT-01,known software,trusted_internal,Known Publisher,benign
TRUST-N-04889,2026-09-21T01:50:35Z,APP-06,known software,trusted_internal,Known Publisher,benign
TRUST-N-04385,2026-09-21T01:50:42Z,HR-WS-22,known software,signed,Known Publisher,benign
TRUST-N-09761,2026-09-21T01:51:01Z,APP-06,known software,signed,Known Publisher,benign
TRUST-N-05695,2026-09-21T01:51:26Z,APP-06,known software,trusted_internal,Known Publisher,benign
TRUST-N-07020,2026-09-21T01:51:41Z,HR-WS-08,known software,signed,Known Publisher,benign
TRUST-N-08990,2026-09-21T01:53:01Z,MGMT-01,known software,signed,Known Publisher,benign
TRUST-N-02310,2026-09-21T01:53:04Z,PATCH-01,known software,trusted_internal,Known Publisher,benign
TRUST-N-05060,2026-09-21T01:53:04Z,DC-01,known software,signed,Known Publisher,benign
TRUST-N-04130,2026-09-21T01:53:17Z,FIN-WS-09,known software,trusted_internal,Known Publisher,benign
TRUST-N-05103,2026-09-21T01:53:17Z,APP-06,known software,signed,Known Publisher,benign
TRUST-N-02609,2026-09-21T01:53:58Z,HR-WS-22,known software,signed,Known Publisher,benign
TRUST-N-08566,2026-09-21T01:54:16Z,APP-06,known software,signed,Known Publisher,benign
TRUST-N-01470,2026-09-21T01:54:26Z,HR-WS-22,known software,signed,Known Publisher,benign
TRUST-N-09865,2026-09-21T01:55:27Z,HR-WS-08,known software,trusted_internal,Known Publisher,benign
TRUST-N-03368,2026-09-21T01:55:53Z,FIN-WS-09,known software,signed,Known Publisher,benign
TRUST-N-00372,2026-09-21T01:56:59Z,ENG-WS-17,known software,signed,Known Publisher,benign
TRUST-N-01159,2026-09-21T01:57:01Z,APP-06,known software,trusted_internal,Known Publisher,benign
TRUST-N-08356,2026-09-21T01:57:32Z,HR-WS-22,known software,trusted_internal,Known Publisher,benign
TRUST-N-08785,2026-09-21T01:57:51Z,ENG-WS-17,known software,trusted_internal,Known Publisher,benign
TRUST-N-02397,2026-09-21T01:57:57Z,DC-01,known software,signed,Known Publisher,benign
TRUST-N-03829,2026-09-21T01:58:20Z,FIN-WS-09,known software,signed,Known Publisher,benign
TRUST-N-04080,2026-09-21T01:59:08Z,HR-WS-08,known software,trusted_internal,Known Publisher,benign
TRUST-N-04147,2026-09-21T01:59:21Z,DC-01,known software,signed,Known Publisher,benign
TRUST-N-00642,2026-09-21T01:59:45Z,APP-06,known software,trusted_internal,Known Publisher,benign
TRUST-N-08175,2026-09-21T02:00:21Z,FIN-WS-09,known software,signed,Known Publisher,benign
TRUST-N-09424,2026-09-21T02:00:22Z,FIN-WS-09,known software,signed,Known Publisher,benign
TRUST-N-00741,2026-09-21T02:00:47Z,FIN-WS-09,known software,signed,Known Publisher,benign
TRUST-N-04770,2026-09-21T02:02:33Z,PATCH-01,known software,trusted_internal,Known Publisher,benign
TRUST-N-03817,2026-09-21T02:02:48Z,DC-01,known software,signed,Known Publisher,benign
TRUST-N-06329,2026-09-21T02:03:11Z,HR-WS-22,known software,signed,Known Publisher,benign
TRUST-N-06125,2026-09-21T02:05:19Z,APP-06,known software,trusted_internal,Known Publisher,benign
TRUST-N-09080,2026-09-21T02:05:37Z,ENG-WS-17,known software,trusted_internal,Known Publisher,benign
TRUST-N-01661,2026-09-21T02:07:23Z,APP-06,known software,signed,Known Publisher,benign
TRUST-N-07883,2026-09-21T02:07:46Z,MGMT-01,known software,signed,Known Publisher,benign
TRUST-N-08206,2026-09-21T02:08:27Z,HR-WS-08,known software,signed,Known Publisher,benign
TRUST-N-04040,2026-09-21T02:08:58Z,ENG-WS-17,known software,trusted_internal,Known Publisher,benign
TRUST-N-09524,2026-09-21T02:09:06Z,DC-01,known software,trusted_internal,Known Publisher,benign
TRUST-N-08134,2026-09-21T02:09:42Z,MGMT-01,known software,trusted_internal,Known Publisher,benign
TRUST-N-06748,2026-09-21T02:10:57Z,MGMT-01,known software,trusted_internal,Known Publisher,benign
TRUST-N-08789,2026-09-21T02:11:09Z,MGMT-01,known software,trusted_internal,Known Publisher,benign
TRUST-N-02441,2026-09-21T02:12:40Z,HR-WS-22,known software,trusted_internal,Known Publisher,benign
TRUST-N-09594,2026-09-21T02:13:41Z,DC-01,known software,trusted_internal,Known Publisher,benign
TRUST-N-06750,2026-09-21T02:14:02Z,FIN-WS-09,known software,trusted_internal,Known Publisher,benign
TRUST-N-09158,2026-09-21T02:14:36Z,FIN-WS-09,known software,signed,Known Publisher,benign
TRUST-N-05756,2026-09-21T02:14:57Z,FIN-WS-09,known software,trusted_internal,Known Publisher,benign
TRUST-N-03421,2026-09-21T02:16:37Z,PATCH-01,known software,signed,Known Publisher,benign
TRUST-N-00569,2026-09-21T02:18:40Z,DC-01,known software,trusted_internal,Known Publisher,benign
TRUST-N-02962,2026-09-21T02:19:30Z,ENG-WS-17,known software,trusted_internal,Known Publisher,benign
TRUST-N-02131,2026-09-21T02:19:58Z,PATCH-01,known software,trusted_internal,Known Publisher,benign
TRUST-N-09139,2026-09-21T02:20:43Z,PATCH-01,known software,signed,Known Publisher,benign
TRUST-N-01475,2026-09-21T02:22:19Z,HR-WS-08,known software,signed,Known Publisher,benign
TRUST-N-04187,2026-09-21T02:22:24Z,MGMT-01,known software,trusted_internal,Known Publisher,benign
TRUST-N-08239,2026-09-21T02:22:55Z,HR-WS-22,known software,signed,Known Publisher,benign
TRUST-N-07759,2026-09-21T02:23:22Z,DC-01,known software,signed,Known Publisher,benign
TRUST-N-02826,2026-09-21T02:23:55Z,FIN-WS-09,known software,trusted_internal,Known Publisher,benign
TRUST-N-08180,2026-09-21T02:24:03Z,MGMT-01,known software,signed,Known Publisher,benign
TRUST-N-05321,2026-09-21T02:24:29Z,ENG-WS-17,known software,trusted_internal,Known Publisher,benign
TRUST-N-08302,2026-09-21T02:24:31Z,MGMT-01,known software,signed,Known Publisher,benign
TRUST-N-04299,2026-09-21T02:26:34Z,APP-06,known software,signed,Known Publisher,benign
TRUST-N-05108,2026-09-21T02:26:48Z,FIN-WS-09,known software,signed,Known Publisher,benign
TRUST-N-07980,2026-09-21T02:26:56Z,ENG-WS-17,known software,trusted_internal,Known Publisher,benign
TRUST-N-07800,2026-09-21T02:27:34Z,DC-01,known software,signed,Known Publisher,benign
TRUST-N-02404,2026-09-21T02:27:43Z,ENG-WS-17,known software,signed,Known Publisher,benign
TRUST-N-00498,2026-09-21T02:28:04Z,HR-WS-08,known software,signed,Known Publisher,benign
TRUST-N-07679,2026-09-21T02:28:40Z,PATCH-01,known software,trusted_internal,Known Publisher,benign
TRUST-N-09464,2026-09-21T02:29:57Z,PATCH-01,known software,trusted_internal,Known Publisher,benign
TRUST-N-04850,2026-09-21T02:30:25Z,MGMT-01,known software,trusted_internal,Known Publisher,benign
TRUST-N-08920,2026-09-21T02:31:13Z,ENG-WS-17,known software,signed,Known Publisher,benign
TRUST-N-05264,2026-09-21T02:31:32Z,PATCH-01,known software,signed,Known Publisher,benign
TRUST-N-05034,2026-09-21T02:32:03Z,PATCH-01,known software,trusted_internal,Known Publisher,benign
TRUST-N-05921,2026-09-21T02:32:30Z,ENG-WS-17,known software,signed,Known Publisher,benign
TRUST-N-03226,2026-09-21T02:32:52Z,PATCH-01,known software,signed,Known Publisher,benign
TRUST-N-05580,2026-09-21T02:33:27Z,ENG-WS-17,known software,trusted_internal,Known Publisher,benign
TRUST-N-07096,2026-09-21T02:33:41Z,FIN-WS-09,known software,trusted_internal,Known Publisher,benign
TRUST-N-08759,2026-09-21T02:34:30Z,DC-01,known software,trusted_internal,Known Publisher,benign
TRUST-N-04787,2026-09-21T02:34:50Z,PATCH-01,known software,signed,Known Publisher,benign
TRUST-N-00738,2026-09-21T02:35:21Z,ENG-WS-17,known software,signed,Known Publisher,benign
TRUST-N-00073,2026-09-21T02:35:29Z,FIN-WS-09,known software,trusted_internal,Known Publisher,benign
TRUST-N-05771,2026-09-21T02:36:00Z,DC-01,known software,trusted_internal,Known Publisher,benign
TRUST-N-08818,2026-09-21T02:37:35Z,MGMT-01,known software,trusted_internal,Known Publisher,benign
TRUST-N-09717,2026-09-21T02:37:50Z,APP-06,known software,trusted_internal,Known Publisher,benign
TRUST-N-07553,2026-09-21T02:38:32Z,HR-WS-22,known software,signed,Known Publisher,benign
TRUST-N-00519,2026-09-21T02:38:49Z,APP-06,known software,trusted_internal,Known Publisher,benign
TRUST-N-05293,2026-09-21T02:38:54Z,APP-06,known software,trusted_internal,Known Publisher,benign
TRUST-N-00234,2026-09-21T02:41:01Z,APP-06,known software,signed,Known Publisher,benign
TRUST-N-04554,2026-09-21T02:42:05Z,FIN-WS-09,known software,signed,Known Publisher,benign
TRUST-N-08262,2026-09-21T02:42:42Z,HR-WS-08,known software,trusted_internal,Known Publisher,benign
TRUST-N-04029,2026-09-21T02:42:54Z,HR-WS-08,known software,signed,Known Publisher,benign
TRUST-N-03697,2026-09-21T02:43:07Z,APP-06,known software,signed,Known Publisher,benign
TRUST-N-03098,2026-09-21T02:43:15Z,FIN-WS-09,known software,signed,Known Publisher,benign
TRUST-N-08266,2026-09-21T02:44:11Z,MGMT-01,known software,signed,Known Publisher,benign
TRUST-N-00791,2026-09-21T02:45:02Z,APP-06,known software,trusted_internal,Known Publisher,benign
TRUST-N-09053,2026-09-21T02:45:03Z,DC-01,known software,signed,Known Publisher,benign
TRUST-N-07170,2026-09-21T02:45:16Z,HR-WS-22,known software,trusted_internal,Known Publisher,benign
TRUST-N-02203,2026-09-21T02:45:26Z,HR-WS-22,known software,signed,Known Publisher,benign
TRUST-N-09149,2026-09-21T02:45:48Z,HR-WS-08,known software,signed,Known Publisher,benign
TRUST-N-04447,2026-09-21T02:46:41Z,HR-WS-08,known software,trusted_internal,Known Publisher,benign
TRUST-N-02851,2026-09-21T02:47:56Z,HR-WS-22,known software,signed,Known Publisher,benign
TRUST-N-08733,2026-09-21T02:48:01Z,PATCH-01,known software,signed,Known Publisher,benign
TRUST-N-06325,2026-09-21T02:49:21Z,MGMT-01,known software,signed,Known Publisher,benign
TRUST-N-08500,2026-09-21T02:49:33Z,FIN-WS-09,known software,trusted_internal,Known Publisher,benign
TRUST-N-00593,2026-09-21T02:49:34Z,HR-WS-08,known software,signed,Known Publisher,benign
TRUST-N-01155,2026-09-21T02:50:07Z,PATCH-01,known software,signed,Known Publisher,benign
TRUST-N-00274,2026-09-21T02:50:12Z,FIN-WS-09,known software,signed,Known Publisher,benign
TRUST-N-07630,2026-09-21T02:50:14Z,APP-06,known software,trusted_internal,Known Publisher,benign
TRUST-N-09508,2026-09-21T02:51:29Z,ENG-WS-17,known software,trusted_internal,Known Publisher,benign
TRUST-N-03234,2026-09-21T02:52:15Z,MGMT-01,known software,signed,Known Publisher,benign
TRUST-N-03597,2026-09-21T02:52:17Z,HR-WS-22,known software,signed,Known Publisher,benign
TRUST-N-06036,2026-09-21T02:52:18Z,PATCH-01,known software,signed,Known Publisher,benign
TRUST-N-09730,2026-09-21T02:52:51Z,DC-01,known software,trusted_internal,Known Publisher,benign
TRUST-N-03644,2026-09-21T02:53:42Z,FIN-WS-09,known software,trusted_internal,Known Publisher,benign
TRUST-N-05574,2026-09-21T02:54:08Z,APP-06,known software,trusted_internal,Known Publisher,benign
TRUST-N-00734,2026-09-21T02:54:42Z,APP-06,known software,trusted_internal,Known Publisher,benign
TRUST-N-05481,2026-09-21T02:55:19Z,HR-WS-22,known software,trusted_internal,Known Publisher,benign
TRUST-N-06914,2026-09-21T02:55:36Z,FIN-WS-09,known software,trusted_internal,Known Publisher,benign
TRUST-N-00453,2026-09-21T02:55:41Z,PATCH-01,known software,signed,Known Publisher,benign
TRUST-N-04966,2026-09-21T02:55:43Z,FIN-WS-09,known software,trusted_internal,Known Publisher,benign
TRUST-N-03282,2026-09-21T02:55:51Z,HR-WS-22,known software,trusted_internal,Known Publisher,benign
TRUST-N-01259,2026-09-21T02:56:31Z,HR-WS-22,known software,trusted_internal,Known Publisher,benign
TRUST-N-07201,2026-09-21T02:57:06Z,APP-06,known software,trusted_internal,Known Publisher,benign
TRUST-N-04344,2026-09-21T02:57:17Z,ENG-WS-17,known software,trusted_internal,Known Publisher,benign
TRUST-N-04841,2026-09-21T02:57:34Z,APP-06,known software,trusted_internal,Known Publisher,benign
TRUST-N-07051,2026-09-21T02:57:39Z,HR-WS-08,known software,trusted_internal,Known Publisher,benign
TRUST-N-09638,2026-09-21T02:59:21Z,HR-WS-22,known software,signed,Known Publisher,benign
TRUST-N-04763,2026-09-21T03:00:24Z,PATCH-01,known software,signed,Known Publisher,benign
TRUST-N-06548,2026-09-21T03:00:48Z,HR-WS-08,known software,signed,Known Publisher,benign
TRUST-N-02822,2026-09-21T03:01:44Z,MGMT-01,known software,signed,Known Publisher,benign
TRUST-N-08745,2026-09-21T03:02:26Z,APP-06,known software,signed,Known Publisher,benign
TRUST-N-02583,2026-09-21T03:03:35Z,FIN-WS-09,known software,trusted_internal,Known Publisher,benign
TRUST-N-03185,2026-09-21T03:03:59Z,DC-01,known software,signed,Known Publisher,benign
TRUST-N-09665,2026-09-21T03:04:31Z,FIN-WS-09,known software,signed,Known Publisher,benign
TRUST-N-07586,2026-09-21T03:04:37Z,PATCH-01,known software,signed,Known Publisher,benign
TRUST-N-00991,2026-09-21T03:04:55Z,ENG-WS-17,known software,signed,Known Publisher,benign
TRUST-N-03340,2026-09-21T03:06:21Z,FIN-WS-09,known software,trusted_internal,Known Publisher,benign
TRUST-N-07838,2026-09-21T03:06:43Z,APP-06,known software,signed,Known Publisher,benign
TRUST-N-04456,2026-09-21T03:08:01Z,DC-01,known software,signed,Known Publisher,benign
TRUST-N-07555,2026-09-21T03:08:15Z,HR-WS-08,known software,signed,Known Publisher,benign
TRUST-N-03989,2026-09-21T03:08:18Z,PATCH-01,known software,signed,Known Publisher,benign
TRUST-N-07347,2026-09-21T03:08:34Z,DC-01,known software,signed,Known Publisher,benign
TRUST-N-01389,2026-09-21T03:09:09Z,HR-WS-08,known software,trusted_internal,Known Publisher,benign
TRUST-N-06694,2026-09-21T03:09:39Z,MGMT-01,known software,trusted_internal,Known Publisher,benign
TRUST-N-05858,2026-09-21T03:10:27Z,APP-06,known software,signed,Known Publisher,benign
TRUST-N-06607,2026-09-21T03:10:39Z,HR-WS-08,known software,trusted_internal,Known Publisher,benign
TRUST-N-01945,2026-09-21T03:11:26Z,APP-06,known software,trusted_internal,Known Publisher,benign
TRUST-N-08860,2026-09-21T03:11:52Z,MGMT-01,known software,signed,Known Publisher,benign
TRUST-N-03448,2026-09-21T03:12:34Z,HR-WS-22,known software,trusted_internal,Known Publisher,benign
TRUST-N-05595,2026-09-21T03:13:30Z,DC-01,known software,signed,Known Publisher,benign
TRUST-N-08086,2026-09-21T03:14:15Z,APP-06,known software,signed,Known Publisher,benign
TRUST-N-07868,2026-09-21T03:14:30Z,HR-WS-08,known software,signed,Known Publisher,benign
TRUST-N-09857,2026-09-21T03:17:00Z,ENG-WS-17,known software,trusted_internal,Known Publisher,benign
TRUST-N-04121,2026-09-21T03:17:45Z,PATCH-01,known software,signed,Known Publisher,benign
TRUST-N-07539,2026-09-21T03:18:46Z,DC-01,known software,signed,Known Publisher,benign
TRUST-N-01663,2026-09-21T03:21:14Z,HR-WS-08,known software,signed,Known Publisher,benign
TRUST-N-06347,2026-09-21T03:21:55Z,HR-WS-08,known software,signed,Known Publisher,benign
TRUST-N-00233,2026-09-21T03:23:02Z,PATCH-01,known software,signed,Known Publisher,benign
TRUST-N-08233,2026-09-21T03:23:05Z,HR-WS-08,known software,signed,Known Publisher,benign
TRUST-N-08214,2026-09-21T03:23:22Z,HR-WS-08,known software,signed,Known Publisher,benign
TRUST-N-05650,2026-09-21T03:24:01Z,DC-01,known software,signed,Known Publisher,benign
TRUST-N-05986,2026-09-21T03:24:10Z,DC-01,known software,trusted_internal,Known Publisher,benign
TRUST-N-05425,2026-09-21T03:24:49Z,PATCH-01,known software,signed,Known Publisher,benign
TRUST-N-08438,2026-09-21T03:25:08Z,HR-WS-22,known software,trusted_internal,Known Publisher,benign
TRUST-N-01750,2026-09-21T03:25:42Z,HR-WS-22,known software,trusted_internal,Known Publisher,benign
TRUST-N-01101,2026-09-21T03:26:16Z,HR-WS-08,known software,signed,Known Publisher,benign
TRUST-N-03534,2026-09-21T03:27:01Z,HR-WS-22,known software,trusted_internal,Known Publisher,benign
TRUST-N-03785,2026-09-21T03:28:04Z,HR-WS-08,known software,signed,Known Publisher,benign
TRUST-N-02057,2026-09-21T03:28:14Z,DC-01,known software,trusted_internal,Known Publisher,benign
TRUST-N-03502,2026-09-21T03:28:21Z,APP-06,known software,trusted_internal,Known Publisher,benign
TRUST-N-02622,2026-09-21T03:28:57Z,HR-WS-22,known software,signed,Known Publisher,benign
TRUST-N-05097,2026-09-21T03:29:12Z,FIN-WS-09,known software,trusted_internal,Known Publisher,benign
TRUST-N-07945,2026-09-21T03:30:01Z,HR-WS-22,known software,signed,Known Publisher,benign
TRUST-N-06798,2026-09-21T03:31:01Z,HR-WS-08,known software,trusted_internal,Known Publisher,benign
TRUST-N-06107,2026-09-21T03:31:08Z,MGMT-01,known software,signed,Known Publisher,benign
TRUST-N-02225,2026-09-21T03:31:12Z,DC-01,known software,trusted_internal,Known Publisher,benign
TRUST-N-06149,2026-09-21T03:31:24Z,PATCH-01,known software,signed,Known Publisher,benign
TRUST-N-00636,2026-09-21T03:31:28Z,PATCH-01,known software,trusted_internal,Known Publisher,benign
TRUST-N-07137,2026-09-21T03:32:04Z,APP-06,known software,trusted_internal,Known Publisher,benign
TRUST-N-09228,2026-09-21T03:32:04Z,FIN-WS-09,known software,trusted_internal,Known Publisher,benign
TRUST-N-01449,2026-09-21T03:32:30Z,APP-06,known software,trusted_internal,Known Publisher,benign
TRUST-N-02239,2026-09-21T03:32:38Z,ENG-WS-17,known software,trusted_internal,Known Publisher,benign
TRUST-N-01509,2026-09-21T03:32:57Z,HR-WS-08,known software,signed,Known Publisher,benign
TRUST-N-03972,2026-09-21T03:33:41Z,HR-WS-08,known software,signed,Known Publisher,benign
TRUST-N-08895,2026-09-21T03:34:31Z,APP-06,known software,signed,Known Publisher,benign
TRUST-N-00460,2026-09-21T03:34:43Z,ENG-WS-17,known software,trusted_internal,Known Publisher,benign
TRUST-N-02795,2026-09-21T03:36:11Z,MGMT-01,known software,signed,Known Publisher,benign
TRUST-N-02975,2026-09-21T03:36:13Z,PATCH-01,known software,signed,Known Publisher,benign
TRUST-N-08667,2026-09-21T03:36:59Z,FIN-WS-09,known software,signed,Known Publisher,benign
TRUST-N-07223,2026-09-21T03:38:27Z,ENG-WS-17,known software,signed,Known Publisher,benign
TRUST-N-00993,2026-09-21T03:38:44Z,APP-06,known software,trusted_internal,Known Publisher,benign
TRUST-N-05461,2026-09-21T03:39:01Z,PATCH-01,known software,signed,Known Publisher,benign
TRUST-N-05729,2026-09-21T03:39:44Z,HR-WS-08,known software,signed,Known Publisher,benign
TRUST-N-04856,2026-09-21T03:40:09Z,ENG-WS-17,known software,trusted_internal,Known Publisher,benign
TRUST-N-03051,2026-09-21T03:40:43Z,HR-WS-22,known software,signed,Known Publisher,benign
TRUST-N-06653,2026-09-21T03:40:43Z,MGMT-01,known software,trusted_internal,Known Publisher,benign
TRUST-N-06005,2026-09-21T03:41:14Z,ENG-WS-17,known software,signed,Known Publisher,benign
TRUST-N-04701,2026-09-21T03:41:30Z,HR-WS-22,known software,signed,Known Publisher,benign
TRUST-N-06419,2026-09-21T03:41:33Z,MGMT-01,known software,signed,Known Publisher,benign
TRUST-N-09608,2026-09-21T03:41:47Z,HR-WS-22,known software,trusted_internal,Known Publisher,benign
TRUST-N-01300,2026-09-21T03:42:32Z,HR-WS-08,known software,signed,Known Publisher,benign
TRUST-N-06061,2026-09-21T03:42:44Z,PATCH-01,known software,trusted_internal,Known Publisher,benign
TRUST-N-05728,2026-09-21T03:43:48Z,PATCH-01,known software,trusted_internal,Known Publisher,benign
TRUST-N-04174,2026-09-21T03:45:20Z,PATCH-01,known software,trusted_internal,Known Publisher,benign
TRUST-N-09092,2026-09-21T03:46:02Z,HR-WS-22,known software,trusted_internal,Known Publisher,benign
TRUST-N-05680,2026-09-21T03:46:08Z,HR-WS-22,known software,signed,Known Publisher,benign
TRUST-N-09132,2026-09-21T03:46:11Z,APP-06,known software,signed,Known Publisher,benign
TRUST-N-00300,2026-09-21T03:46:58Z,APP-06,known software,trusted_internal,Known Publisher,benign
TRUST-N-03455,2026-09-21T03:47:39Z,APP-06,known software,trusted_internal,Known Publisher,benign
TRUST-N-06219,2026-09-21T03:48:16Z,DC-01,known software,trusted_internal,Known Publisher,benign
TRUST-N-04688,2026-09-21T03:48:31Z,HR-WS-08,known software,signed,Known Publisher,benign
TRUST-N-06518,2026-09-21T03:49:40Z,HR-WS-22,known software,signed,Known Publisher,benign
TRUST-N-06683,2026-09-21T03:51:02Z,HR-WS-08,known software,trusted_internal,Known Publisher,benign
TRUST-N-05322,2026-09-21T03:52:11Z,APP-06,known software,trusted_internal,Known Publisher,benign
TRUST-N-07445,2026-09-21T03:52:29Z,FIN-WS-09,known software,trusted_internal,Known Publisher,benign
TRUST-N-09710,2026-09-21T03:56:03Z,APP-06,known software,trusted_internal,Known Publisher,benign
TRUST-N-05096,2026-09-21T03:56:56Z,HR-WS-08,known software,trusted_internal,Known Publisher,benign
TRUST-N-01829,2026-09-21T03:57:12Z,ENG-WS-17,known software,signed,Known Publisher,benign
TRUST-N-09794,2026-09-21T03:58:28Z,HR-WS-22,known software,trusted_internal,Known Publisher,benign
TRUST-N-02835,2026-09-21T03:58:36Z,PATCH-01,known software,trusted_internal,Known Publisher,benign
TRUST-N-09498,2026-09-21T03:58:42Z,HR-WS-22,known software,trusted_internal,Known Publisher,benign
TRUST-N-05766,2026-09-21T03:59:05Z,HR-WS-22,known software,signed,Known Publisher,benign
TRUST-N-01239,2026-09-21T03:59:31Z,ENG-WS-17,known software,trusted_internal,Known Publisher,benign
TRUST-N-02329,2026-09-21T03:59:56Z,MGMT-01,known software,trusted_internal,Known Publisher,benign
TRUST-N-09861,2026-09-21T04:00:37Z,FIN-WS-09,known software,trusted_internal,Known Publisher,benign
TRUST-N-05488,2026-09-21T04:00:40Z,APP-06,known software,signed,Known Publisher,benign
TRUST-N-03276,2026-09-21T04:00:58Z,HR-WS-22,known software,trusted_internal,Known Publisher,benign
TRUST-N-09046,2026-09-21T04:01:47Z,FIN-WS-09,known software,trusted_internal,Known Publisher,benign
TRUST-N-05627,2026-09-21T04:02:05Z,HR-WS-22,known software,trusted_internal,Known Publisher,benign
TRUST-N-03111,2026-09-21T04:02:48Z,ENG-WS-17,known software,trusted_internal,Known Publisher,benign
TRUST-N-00164,2026-09-21T04:03:03Z,HR-WS-08,known software,trusted_internal,Known Publisher,benign
TRUST-N-04538,2026-09-21T04:03:39Z,HR-WS-08,known software,trusted_internal,Known Publisher,benign
TRUST-N-01181,2026-09-21T04:03:50Z,HR-WS-22,known software,trusted_internal,Known Publisher,benign
TRUST-N-06792,2026-09-21T04:03:53Z,HR-WS-08,known software,signed,Known Publisher,benign
TRUST-N-02639,2026-09-21T04:03:55Z,ENG-WS-17,known software,trusted_internal,Known Publisher,benign
TRUST-N-05202,2026-09-21T04:04:18Z,PATCH-01,known software,trusted_internal,Known Publisher,benign
TRUST-N-06960,2026-09-21T04:06:06Z,HR-WS-22,known software,trusted_internal,Known Publisher,benign
TRUST-N-08858,2026-09-21T04:07:24Z,ENG-WS-17,known software,signed,Known Publisher,benign
TRUST-N-00684,2026-09-21T04:07:29Z,FIN-WS-09,known software,trusted_internal,Known Publisher,benign
TRUST-N-02455,2026-09-21T04:08:00Z,ENG-WS-17,known software,trusted_internal,Known Publisher,benign
TRUST-N-09007,2026-09-21T04:08:14Z,PATCH-01,known software,signed,Known Publisher,benign
TRUST-N-04712,2026-09-21T04:08:34Z,HR-WS-08,known software,trusted_internal,Known Publisher,benign
TRUST-N-06981,2026-09-21T04:09:25Z,HR-WS-08,known software,trusted_internal,Known Publisher,benign
TRUST-N-09551,2026-09-21T04:09:53Z,HR-WS-22,known software,trusted_internal,Known Publisher,benign
TRUST-N-08765,2026-09-21T04:11:12Z,HR-WS-22,known software,signed,Known Publisher,benign
TRUST-N-06547,2026-09-21T04:11:17Z,PATCH-01,known software,trusted_internal,Known Publisher,benign
TRUST-N-09780,2026-09-21T04:11:38Z,HR-WS-22,known software,trusted_internal,Known Publisher,benign
TRUST-N-07461,2026-09-21T04:11:54Z,DC-01,known software,signed,Known Publisher,benign
TRUST-N-04371,2026-09-21T04:13:15Z,ENG-WS-17,known software,signed,Known Publisher,benign
TRUST-N-09414,2026-09-21T04:13:40Z,DC-01,known software,signed,Known Publisher,benign
TRUST-N-08556,2026-09-21T04:13:41Z,APP-06,known software,trusted_internal,Known Publisher,benign
TRUST-N-06847,2026-09-21T04:13:51Z,APP-06,known software,trusted_internal,Known Publisher,benign
TRUST-N-03857,2026-09-21T04:14:38Z,HR-WS-08,known software,signed,Known Publisher,benign
TRUST-N-02066,2026-09-21T04:15:50Z,PATCH-01,known software,signed,Known Publisher,benign
TRUST-N-06795,2026-09-21T04:16:34Z,ENG-WS-17,known software,signed,Known Publisher,benign
TRUST-N-02752,2026-09-21T04:17:25Z,ENG-WS-17,known software,signed,Known Publisher,benign
TRUST-N-07804,2026-09-21T04:18:02Z,HR-WS-22,known software,trusted_internal,Known Publisher,benign
TRUST-N-06478,2026-09-21T04:19:27Z,HR-WS-08,known software,trusted_internal,Known Publisher,benign
TRUST-N-04868,2026-09-21T04:19:37Z,APP-06,known software,signed,Known Publisher,benign
TRUST-N-08174,2026-09-21T04:20:13Z,HR-WS-22,known software,trusted_internal,Known Publisher,benign
TRUST-N-06460,2026-09-21T04:21:25Z,ENG-WS-17,known software,signed,Known Publisher,benign
TRUST-N-05080,2026-09-21T04:22:10Z,PATCH-01,known software,signed,Known Publisher,benign
TRUST-N-00537,2026-09-21T04:23:20Z,HR-WS-08,known software,trusted_internal,Known Publisher,benign
TRUST-N-01781,2026-09-21T04:23:22Z,HR-WS-08,known software,signed,Known Publisher,benign
TRUST-N-06121,2026-09-21T04:23:50Z,DC-01,known software,trusted_internal,Known Publisher,benign
TRUST-N-08195,2026-09-21T04:25:33Z,APP-06,known software,trusted_internal,Known Publisher,benign
TRUST-N-04571,2026-09-21T04:25:45Z,DC-01,known software,trusted_internal,Known Publisher,benign
TRUST-N-01797,2026-09-21T04:26:28Z,MGMT-01,known software,trusted_internal,Known Publisher,benign
TRUST-N-03398,2026-09-21T04:26:40Z,FIN-WS-09,known software,trusted_internal,Known Publisher,benign
TRUST-N-07011,2026-09-21T04:26:56Z,APP-06,known software,trusted_internal,Known Publisher,benign
TRUST-N-04944,2026-09-21T04:27:06Z,DC-01,known software,signed,Known Publisher,benign
TRUST-N-01986,2026-09-21T04:27:40Z,FIN-WS-09,known software,signed,Known Publisher,benign
TRUST-N-06113,2026-09-21T04:28:55Z,HR-WS-22,known software,signed,Known Publisher,benign
TRUST-N-08009,2026-09-21T04:29:35Z,ENG-WS-17,known software,signed,Known Publisher,benign
TRUST-N-09935,2026-09-21T04:29:40Z,ENG-WS-17,known software,signed,Known Publisher,benign
TRUST-N-07432,2026-09-21T04:29:44Z,HR-WS-08,known software,signed,Known Publisher,benign
TRUST-N-05228,2026-09-21T04:30:15Z,PATCH-01,known software,signed,Known Publisher,benign
TRUST-N-05837,2026-09-21T04:30:17Z,APP-06,known software,trusted_internal,Known Publisher,benign
TRUST-N-06193,2026-09-21T04:31:20Z,MGMT-01,known software,signed,Known Publisher,benign
TRUST-N-02050,2026-09-21T04:31:36Z,DC-01,known software,trusted_internal,Known Publisher,benign
TRUST-N-04761,2026-09-21T04:32:00Z,HR-WS-22,known software,trusted_internal,Known Publisher,benign
TRUST-N-08194,2026-09-21T04:32:13Z,DC-01,known software,signed,Known Publisher,benign
TRUST-N-00237,2026-09-21T04:32:40Z,DC-01,known software,signed,Known Publisher,benign
TRUST-N-07349,2026-09-21T04:33:32Z,APP-06,known software,trusted_internal,Known Publisher,benign
TRUST-N-03580,2026-09-21T04:33:40Z,ENG-WS-17,known software,signed,Known Publisher,benign
TRUST-N-06108,2026-09-21T04:34:44Z,MGMT-01,known software,trusted_internal,Known Publisher,benign
TRUST-N-08908,2026-09-21T04:34:47Z,HR-WS-22,known software,trusted_internal,Known Publisher,benign
TRUST-N-01847,2026-09-21T04:34:48Z,PATCH-01,known software,signed,Known Publisher,benign
TRUST-N-01102,2026-09-21T04:35:20Z,DC-01,known software,trusted_internal,Known Publisher,benign
TRUST-N-09403,2026-09-21T04:35:59Z,MGMT-01,known software,signed,Known Publisher,benign
TRUST-N-04992,2026-09-21T04:36:16Z,APP-06,known software,signed,Known Publisher,benign
TRUST-N-09784,2026-09-21T04:36:32Z,HR-WS-08,known software,trusted_internal,Known Publisher,benign
TRUST-N-05092,2026-09-21T04:38:08Z,HR-WS-08,known software,trusted_internal,Known Publisher,benign
TRUST-N-09782,2026-09-21T04:38:44Z,ENG-WS-17,known software,trusted_internal,Known Publisher,benign
TRUST-N-00661,2026-09-21T04:39:03Z,PATCH-01,known software,trusted_internal,Known Publisher,benign
TRUST-N-00731,2026-09-21T04:39:03Z,APP-06,known software,signed,Known Publisher,benign
TRUST-N-05870,2026-09-21T04:40:38Z,FIN-WS-09,known software,trusted_internal,Known Publisher,benign
TRUST-N-04258,2026-09-21T04:41:14Z,APP-06,known software,trusted_internal,Known Publisher,benign
TRUST-N-08041,2026-09-21T04:41:24Z,APP-06,known software,signed,Known Publisher,benign
TRUST-N-06487,2026-09-21T04:41:49Z,HR-WS-08,known software,signed,Known Publisher,benign
TRUST-N-09953,2026-09-21T04:42:09Z,DC-01,known software,signed,Known Publisher,benign
TRUST-N-06982,2026-09-21T04:42:23Z,PATCH-01,known software,trusted_internal,Known Publisher,benign
TRUST-N-04525,2026-09-21T04:42:36Z,HR-WS-22,known software,trusted_internal,Known Publisher,benign
TRUST-N-02220,2026-09-21T04:42:40Z,HR-WS-08,known software,trusted_internal,Known Publisher,benign
TRUST-N-02615,2026-09-21T04:43:19Z,ENG-WS-17,known software,trusted_internal,Known Publisher,benign
TRUST-N-02416,2026-09-21T04:43:28Z,FIN-WS-09,known software,signed,Known Publisher,benign
TRUST-N-04737,2026-09-21T04:43:54Z,APP-06,known software,trusted_internal,Known Publisher,benign
TRUST-N-03088,2026-09-21T04:44:45Z,PATCH-01,known software,trusted_internal,Known Publisher,benign
TRUST-N-08865,2026-09-21T04:44:47Z,DC-01,known software,trusted_internal,Known Publisher,benign
TRUST-N-01194,2026-09-21T04:45:00Z,HR-WS-08,known software,signed,Known Publisher,benign
TRUST-N-09839,2026-09-21T04:45:12Z,ENG-WS-17,known software,signed,Known Publisher,benign
TRUST-N-04463,2026-09-21T04:45:40Z,PATCH-01,known software,trusted_internal,Known Publisher,benign
TRUST-N-03231,2026-09-21T04:46:03Z,HR-WS-08,known software,trusted_internal,Known Publisher,benign
TRUST-N-02306,2026-09-21T04:46:06Z,HR-WS-22,known software,trusted_internal,Known Publisher,benign
TRUST-N-00929,2026-09-21T04:46:20Z,MGMT-01,known software,trusted_internal,Known Publisher,benign
TRUST-N-07045,2026-09-21T04:47:25Z,HR-WS-08,known software,signed,Known Publisher,benign
TRUST-N-00603,2026-09-21T04:48:20Z,FIN-WS-09,known software,trusted_internal,Known Publisher,benign
TRUST-N-05217,2026-09-21T04:49:36Z,MGMT-01,known software,trusted_internal,Known Publisher,benign
TRUST-N-09102,2026-09-21T04:50:09Z,MGMT-01,known software,trusted_internal,Known Publisher,benign
TRUST-N-05089,2026-09-21T04:50:25Z,HR-WS-22,known software,trusted_internal,Known Publisher,benign
TRUST-N-07558,2026-09-21T04:50:43Z,HR-WS-08,known software,trusted_internal,Known Publisher,benign
TRUST-N-08724,2026-09-21T04:50:52Z,MGMT-01,known software,trusted_internal,Known Publisher,benign
TRUST-N-08465,2026-09-21T04:51:01Z,PATCH-01,known software,trusted_internal,Known Publisher,benign
TRUST-N-04343,2026-09-21T04:51:24Z,PATCH-01,known software,signed,Known Publisher,benign
TRUST-N-00987,2026-09-21T04:51:35Z,MGMT-01,known software,trusted_internal,Known Publisher,benign
TRUST-N-05230,2026-09-21T04:52:13Z,PATCH-01,known software,trusted_internal,Known Publisher,benign
TRUST-N-00269,2026-09-21T04:53:21Z,HR-WS-08,known software,signed,Known Publisher,benign
TRUST-N-07465,2026-09-21T04:54:06Z,DC-01,known software,signed,Known Publisher,benign
TRUST-N-03658,2026-09-21T04:54:36Z,FIN-WS-09,known software,trusted_internal,Known Publisher,benign
TRUST-N-05298,2026-09-21T04:54:43Z,HR-WS-22,known software,trusted_internal,Known Publisher,benign
TRUST-N-04639,2026-09-21T04:54:54Z,FIN-WS-09,known software,trusted_internal,Known Publisher,benign
TRUST-N-02913,2026-09-21T04:55:29Z,APP-06,known software,signed,Known Publisher,benign
TRUST-N-05044,2026-09-21T04:55:29Z,MGMT-01,known software,signed,Known Publisher,benign
TRUST-N-02268,2026-09-21T04:56:20Z,HR-WS-08,known software,trusted_internal,Known Publisher,benign
TRUST-N-01795,2026-09-21T04:56:25Z,DC-01,known software,trusted_internal,Known Publisher,benign
TRUST-N-00249,2026-09-21T04:57:00Z,HR-WS-22,known software,signed,Known Publisher,benign
TRUST-N-05524,2026-09-21T04:57:14Z,DC-01,known software,trusted_internal,Known Publisher,benign
TRUST-N-08230,2026-09-21T04:58:02Z,PATCH-01,known software,trusted_internal,Known Publisher,benign
TRUST-N-07012,2026-09-21T04:58:53Z,HR-WS-22,known software,signed,Known Publisher,benign
TRUST-N-05879,2026-09-21T04:58:54Z,DC-01,known software,trusted_internal,Known Publisher,benign
TRUST-N-02058,2026-09-21T04:59:35Z,APP-06,known software,signed,Known Publisher,benign
TRUST-N-01305,2026-09-21T04:59:41Z,FIN-WS-09,known software,trusted_internal,Known Publisher,benign
TRUST-N-09851,2026-09-21T05:00:00Z,APP-06,known software,signed,Known Publisher,benign
TRUST-N-04041,2026-09-21T05:00:09Z,MGMT-01,known software,signed,Known Publisher,benign
TRUST-N-03409,2026-09-21T05:00:14Z,PATCH-01,known software,signed,Known Publisher,benign
TRUST-N-01187,2026-09-21T05:00:16Z,FIN-WS-09,known software,trusted_internal,Known Publisher,benign
TRUST-N-09396,2026-09-21T05:00:47Z,HR-WS-22,known software,trusted_internal,Known Publisher,benign
TRUST-N-06012,2026-09-21T05:01:01Z,FIN-WS-09,known software,trusted_internal,Known Publisher,benign
TRUST-N-09942,2026-09-21T05:01:33Z,HR-WS-22,known software,trusted_internal,Known Publisher,benign
TRUST-N-08478,2026-09-21T05:01:42Z,ENG-WS-17,known software,signed,Known Publisher,benign
TRUST-N-01323,2026-09-21T05:02:34Z,HR-WS-22,known software,trusted_internal,Known Publisher,benign
TRUST-N-01826,2026-09-21T05:02:44Z,DC-01,known software,trusted_internal,Known Publisher,benign
TRUST-N-02395,2026-09-21T05:04:33Z,MGMT-01,known software,signed,Known Publisher,benign
TRUST-N-00452,2026-09-21T05:06:42Z,HR-WS-08,known software,signed,Known Publisher,benign
TRUST-N-03241,2026-09-21T05:07:54Z,PATCH-01,known software,signed,Known Publisher,benign
TRUST-N-01297,2026-09-21T05:08:23Z,MGMT-01,known software,signed,Known Publisher,benign
TRUST-N-03536,2026-09-21T05:08:41Z,DC-01,known software,trusted_internal,Known Publisher,benign
TRUST-N-02093,2026-09-21T05:09:26Z,APP-06,known software,signed,Known Publisher,benign
TRUST-N-04660,2026-09-21T05:09:48Z,APP-06,known software,signed,Known Publisher,benign
TRUST-N-01033,2026-09-21T05:09:51Z,PATCH-01,known software,trusted_internal,Known Publisher,benign
TRUST-N-01749,2026-09-21T05:10:39Z,DC-01,known software,trusted_internal,Known Publisher,benign
TRUST-N-06256,2026-09-21T05:12:21Z,APP-06,known software,signed,Known Publisher,benign
TRUST-N-06323,2026-09-21T05:12:33Z,HR-WS-22,known software,signed,Known Publisher,benign
TRUST-N-07155,2026-09-21T05:12:38Z,DC-01,known software,trusted_internal,Known Publisher,benign
TRUST-N-01905,2026-09-21T05:12:43Z,ENG-WS-17,known software,signed,Known Publisher,benign
TRUST-N-05546,2026-09-21T05:13:01Z,DC-01,known software,signed,Known Publisher,benign
TRUST-N-09324,2026-09-21T05:13:33Z,PATCH-01,known software,trusted_internal,Known Publisher,benign
TRUST-N-00205,2026-09-21T05:13:36Z,DC-01,known software,signed,Known Publisher,benign
TRUST-N-08553,2026-09-21T05:13:45Z,ENG-WS-17,known software,signed,Known Publisher,benign
TRUST-N-09264,2026-09-21T05:15:09Z,APP-06,known software,signed,Known Publisher,benign
TRUST-N-04647,2026-09-21T05:16:02Z,DC-01,known software,trusted_internal,Known Publisher,benign
TRUST-N-02292,2026-09-21T05:16:48Z,DC-01,known software,trusted_internal,Known Publisher,benign
TRUST-N-01417,2026-09-21T05:17:59Z,DC-01,known software,signed,Known Publisher,benign
TRUST-N-09446,2026-09-21T05:18:19Z,FIN-WS-09,known software,trusted_internal,Known Publisher,benign
TRUST-N-01718,2026-09-21T05:18:22Z,APP-06,known software,trusted_internal,Known Publisher,benign
TRUST-N-03426,2026-09-21T05:18:56Z,ENG-WS-17,known software,trusted_internal,Known Publisher,benign
TRUST-N-08575,2026-09-21T05:19:17Z,FIN-WS-09,known software,trusted_internal,Known Publisher,benign
TRUST-N-00150,2026-09-21T05:19:44Z,HR-WS-22,known software,trusted_internal,Known Publisher,benign
TRUST-N-04706,2026-09-21T05:20:18Z,HR-WS-08,known software,signed,Known Publisher,benign
TRUST-N-02781,2026-09-21T05:20:20Z,PATCH-01,known software,signed,Known Publisher,benign
TRUST-N-00408,2026-09-21T05:22:28Z,HR-WS-22,known software,trusted_internal,Known Publisher,benign
TRUST-N-05133,2026-09-21T05:23:14Z,HR-WS-22,known software,signed,Known Publisher,benign
TRUST-N-02644,2026-09-21T05:23:20Z,HR-WS-22,known software,trusted_internal,Known Publisher,benign
TRUST-N-06123,2026-09-21T05:24:41Z,FIN-WS-09,known software,trusted_internal,Known Publisher,benign
TRUST-N-09011,2026-09-21T05:25:27Z,MGMT-01,known software,trusted_internal,Known Publisher,benign
TRUST-N-08656,2026-09-21T05:26:06Z,FIN-WS-09,known software,signed,Known Publisher,benign
TRUST-N-04239,2026-09-21T05:26:24Z,ENG-WS-17,known software,trusted_internal,Known Publisher,benign
TRUST-N-07208,2026-09-21T05:26:25Z,HR-WS-08,known software,signed,Known Publisher,benign
TRUST-N-09948,2026-09-21T05:26:54Z,DC-01,known software,signed,Known Publisher,benign
TRUST-N-04707,2026-09-21T05:27:31Z,FIN-WS-09,known software,signed,Known Publisher,benign
TRUST-N-04493,2026-09-21T05:27:35Z,HR-WS-22,known software,trusted_internal,Known Publisher,benign
TRUST-N-09817,2026-09-21T05:27:44Z,HR-WS-08,known software,signed,Known Publisher,benign
TRUST-N-07291,2026-09-21T05:27:51Z,ENG-WS-17,known software,signed,Known Publisher,benign
TRUST-N-01700,2026-09-21T05:28:34Z,DC-01,known software,trusted_internal,Known Publisher,benign
TRUST-N-09143,2026-09-21T05:28:59Z,MGMT-01,known software,signed,Known Publisher,benign
TRUST-N-04950,2026-09-21T05:29:20Z,APP-06,known software,signed,Known Publisher,benign
TRUST-N-08173,2026-09-21T05:29:26Z,ENG-WS-17,known software,trusted_internal,Known Publisher,benign
TRUST-N-08405,2026-09-21T05:30:18Z,PATCH-01,known software,signed,Known Publisher,benign
TRUST-N-04375,2026-09-21T05:30:30Z,DC-01,known software,signed,Known Publisher,benign
TRUST-N-02699,2026-09-21T05:32:16Z,APP-06,known software,trusted_internal,Known Publisher,benign
TRUST-N-04281,2026-09-21T05:32:29Z,HR-WS-08,known software,signed,Known Publisher,benign
TRUST-N-03235,2026-09-21T05:33:38Z,HR-WS-22,known software,trusted_internal,Known Publisher,benign
TRUST-N-09037,2026-09-21T05:34:02Z,DC-01,known software,signed,Known Publisher,benign
TRUST-N-01393,2026-09-21T05:34:26Z,ENG-WS-17,known software,signed,Known Publisher,benign
TRUST-N-04433,2026-09-21T05:34:31Z,DC-01,known software,signed,Known Publisher,benign
TRUST-N-03177,2026-09-21T05:34:34Z,PATCH-01,known software,signed,Known Publisher,benign
TRUST-N-09099,2026-09-21T05:34:46Z,HR-WS-22,known software,signed,Known Publisher,benign
TRUST-N-06376,2026-09-21T05:35:34Z,FIN-WS-09,known software,trusted_internal,Known Publisher,benign
TRUST-N-06851,2026-09-21T05:36:32Z,HR-WS-22,known software,signed,Known Publisher,benign
TRUST-N-07935,2026-09-21T05:36:50Z,DC-01,known software,trusted_internal,Known Publisher,benign
TRUST-N-01067,2026-09-21T05:36:54Z,MGMT-01,known software,trusted_internal,Known Publisher,benign
TRUST-N-05515,2026-09-21T05:37:34Z,ENG-WS-17,known software,signed,Known Publisher,benign
TRUST-N-01277,2026-09-21T05:38:22Z,ENG-WS-17,known software,signed,Known Publisher,benign
TRUST-N-01328,2026-09-21T05:38:30Z,FIN-WS-09,known software,trusted_internal,Known Publisher,benign
TRUST-N-07889,2026-09-21T05:39:21Z,MGMT-01,known software,signed,Known Publisher,benign
TRUST-N-03432,2026-09-21T05:39:50Z,HR-WS-22,known software,signed,Known Publisher,benign
TRUST-N-09301,2026-09-21T05:39:52Z,MGMT-01,known software,trusted_internal,Known Publisher,benign
TRUST-N-01854,2026-09-21T05:40:17Z,FIN-WS-09,known software,signed,Known Publisher,benign
TRUST-N-00622,2026-09-21T05:40:19Z,MGMT-01,known software,signed,Known Publisher,benign
TRUST-N-07287,2026-09-21T05:40:52Z,MGMT-01,known software,trusted_internal,Known Publisher,benign
TRUST-N-01972,2026-09-21T05:41:03Z,HR-WS-22,known software,trusted_internal,Known Publisher,benign
TRUST-N-00783,2026-09-21T05:41:11Z,DC-01,known software,trusted_internal,Known Publisher,benign
TRUST-N-05592,2026-09-21T05:42:42Z,HR-WS-08,known software,signed,Known Publisher,benign
TRUST-N-07567,2026-09-21T05:44:58Z,FIN-WS-09,known software,signed,Known Publisher,benign
TRUST-N-01343,2026-09-21T05:45:06Z,HR-WS-22,known software,signed,Known Publisher,benign
TRUST-N-00467,2026-09-21T05:46:40Z,MGMT-01,known software,trusted_internal,Known Publisher,benign
TRUST-N-02423,2026-09-21T05:46:48Z,DC-01,known software,signed,Known Publisher,benign
TRUST-N-08228,2026-09-21T05:47:17Z,ENG-WS-17,known software,trusted_internal,Known Publisher,benign
TRUST-N-06098,2026-09-21T05:47:56Z,PATCH-01,known software,signed,Known Publisher,benign
TRUST-N-01281,2026-09-21T05:48:25Z,FIN-WS-09,known software,signed,Known Publisher,benign
TRUST-N-01884,2026-09-21T05:49:42Z,HR-WS-22,known software,trusted_internal,Known Publisher,benign
TRUST-N-05253,2026-09-21T05:51:02Z,FIN-WS-09,known software,trusted_internal,Known Publisher,benign
TRUST-N-02176,2026-09-21T05:51:15Z,PATCH-01,known software,signed,Known Publisher,benign
TRUST-N-08357,2026-09-21T05:51:38Z,FIN-WS-09,known software,trusted_internal,Known Publisher,benign
TRUST-N-00263,2026-09-21T05:51:50Z,HR-WS-08,known software,trusted_internal,Known Publisher,benign
TRUST-N-01729,2026-09-21T05:51:50Z,ENG-WS-17,known software,signed,Known Publisher,benign
TRUST-N-05159,2026-09-21T05:53:40Z,ENG-WS-17,known software,trusted_internal,Known Publisher,benign
TRUST-N-06316,2026-09-21T05:54:08Z,MGMT-01,known software,trusted_internal,Known Publisher,benign
TRUST-N-02448,2026-09-21T05:54:09Z,DC-01,known software,trusted_internal,Known Publisher,benign
TRUST-N-06254,2026-09-21T05:54:12Z,APP-06,known software,signed,Known Publisher,benign
TRUST-N-00976,2026-09-21T05:54:15Z,MGMT-01,known software,trusted_internal,Known Publisher,benign
TRUST-N-06397,2026-09-21T05:54:34Z,FIN-WS-09,known software,signed,Known Publisher,benign
TRUST-N-03520,2026-09-21T05:54:35Z,PATCH-01,known software,trusted_internal,Known Publisher,benign
TRUST-N-02257,2026-09-21T05:54:56Z,APP-06,known software,signed,Known Publisher,benign
TRUST-N-06954,2026-09-21T05:56:16Z,HR-WS-22,known software,signed,Known Publisher,benign
TRUST-N-03248,2026-09-21T05:56:33Z,HR-WS-22,known software,trusted_internal,Known Publisher,benign
TRUST-N-04013,2026-09-21T05:56:35Z,MGMT-01,known software,trusted_internal,Known Publisher,benign
TRUST-N-02674,2026-09-21T05:57:27Z,MGMT-01,known software,signed,Known Publisher,benign
TRUST-N-03292,2026-09-21T05:57:54Z,FIN-WS-09,known software,trusted_internal,Known Publisher,benign
TRUST-N-04911,2026-09-21T05:57:58Z,FIN-WS-09,known software,trusted_internal,Known Publisher,benign
TRUST-N-00799,2026-09-21T05:59:29Z,HR-WS-22,known software,signed,Known Publisher,benign
TRUST-N-05467,2026-09-21T05:59:45Z,FIN-WS-09,known software,signed,Known Publisher,benign
TRUST-N-01198,2026-09-21T06:00:08Z,MGMT-01,known software,trusted_internal,Known Publisher,benign
TRUST-N-07358,2026-09-21T06:00:25Z,APP-06,known software,trusted_internal,Known Publisher,benign
TRUST-N-01507,2026-09-21T06:01:15Z,MGMT-01,known software,trusted_internal,Known Publisher,benign
TRUST-N-05151,2026-09-21T06:01:41Z,APP-06,known software,signed,Known Publisher,benign
TRUST-N-08431,2026-09-21T06:02:23Z,HR-WS-08,known software,signed,Known Publisher,benign
TRUST-N-01619,2026-09-21T06:02:29Z,ENG-WS-17,known software,signed,Known Publisher,benign
TRUST-N-08291,2026-09-21T06:02:32Z,APP-06,known software,signed,Known Publisher,benign
TRUST-N-02743,2026-09-21T06:02:51Z,MGMT-01,known software,trusted_internal,Known Publisher,benign
TRUST-N-08874,2026-09-21T06:02:56Z,DC-01,known software,signed,Known Publisher,benign
TRUST-N-01652,2026-09-21T06:02:58Z,PATCH-01,known software,signed,Known Publisher,benign
TRUST-N-05261,2026-09-21T06:04:19Z,ENG-WS-17,known software,trusted_internal,Known Publisher,benign
TRUST-N-09743,2026-09-21T06:04:22Z,FIN-WS-09,known software,signed,Known Publisher,benign
TRUST-N-08401,2026-09-21T06:04:55Z,MGMT-01,known software,signed,Known Publisher,benign
TRUST-N-06068,2026-09-21T06:05:08Z,ENG-WS-17,known software,signed,Known Publisher,benign
TRUST-N-07298,2026-09-21T06:05:20Z,ENG-WS-17,known software,signed,Known Publisher,benign
TRUST-N-03954,2026-09-21T06:05:59Z,FIN-WS-09,known software,signed,Known Publisher,benign
TRUST-N-05505,2026-09-21T06:06:36Z,HR-WS-08,known software,trusted_internal,Known Publisher,benign
TRUST-N-03095,2026-09-21T06:06:53Z,DC-01,known software,trusted_internal,Known Publisher,benign
TRUST-N-00256,2026-09-21T06:07:03Z,MGMT-01,known software,trusted_internal,Known Publisher,benign
TRUST-N-03596,2026-09-21T06:07:03Z,PATCH-01,known software,trusted_internal,Known Publisher,benign
TRUST-N-04427,2026-09-21T06:07:20Z,HR-WS-22,known software,trusted_internal,Known Publisher,benign
TRUST-N-01182,2026-09-21T06:09:41Z,MGMT-01,known software,signed,Known Publisher,benign
TRUST-N-04275,2026-09-21T06:10:08Z,HR-WS-08,known software,signed,Known Publisher,benign
TRUST-N-02941,2026-09-21T06:10:17Z,PATCH-01,known software,signed,Known Publisher,benign
TRUST-N-09423,2026-09-21T06:10:53Z,MGMT-01,known software,trusted_internal,Known Publisher,benign
TRUST-N-09328,2026-09-21T06:11:36Z,APP-06,known software,signed,Known Publisher,benign
TRUST-N-04396,2026-09-21T06:12:06Z,HR-WS-08,known software,signed,Known Publisher,benign
TRUST-N-03105,2026-09-21T06:13:22Z,HR-WS-22,known software,signed,Known Publisher,benign
TRUST-N-00668,2026-09-21T06:14:33Z,PATCH-01,known software,signed,Known Publisher,benign
TRUST-N-09438,2026-09-21T06:14:55Z,DC-01,known software,trusted_internal,Known Publisher,benign
TRUST-N-04605,2026-09-21T06:15:05Z,DC-01,known software,signed,Known Publisher,benign
TRUST-N-00517,2026-09-21T06:15:16Z,PATCH-01,known software,trusted_internal,Known Publisher,benign
TRUST-N-06973,2026-09-21T06:18:40Z,MGMT-01,known software,trusted_internal,Known Publisher,benign
TRUST-N-07479,2026-09-21T06:19:25Z,ENG-WS-17,known software,trusted_internal,Known Publisher,benign
TRUST-N-00930,2026-09-21T06:19:57Z,FIN-WS-09,known software,signed,Known Publisher,benign
TRUST-N-07698,2026-09-21T06:21:04Z,PATCH-01,known software,trusted_internal,Known Publisher,benign
TRUST-N-04934,2026-09-21T06:21:14Z,HR-WS-22,known software,signed,Known Publisher,benign
TRUST-N-04983,2026-09-21T06:23:17Z,APP-06,known software,signed,Known Publisher,benign
TRUST-N-02398,2026-09-21T06:24:05Z,HR-WS-22,known software,trusted_internal,Known Publisher,benign
TRUST-N-03592,2026-09-21T06:24:50Z,ENG-WS-17,known software,signed,Known Publisher,benign
TRUST-N-07803,2026-09-21T06:25:20Z,APP-06,known software,trusted_internal,Known Publisher,benign
TRUST-N-01399,2026-09-21T06:26:14Z,MGMT-01,known software,signed,Known Publisher,benign
TRUST-N-07551,2026-09-21T06:26:50Z,PATCH-01,known software,signed,Known Publisher,benign
TRUST-N-05157,2026-09-21T06:27:27Z,APP-06,known software,signed,Known Publisher,benign
TRUST-N-09641,2026-09-21T06:29:41Z,MGMT-01,known software,signed,Known Publisher,benign
TRUST-N-06697,2026-09-21T06:29:58Z,HR-WS-22,known software,trusted_internal,Known Publisher,benign
TRUST-N-08455,2026-09-21T06:30:02Z,FIN-WS-09,known software,trusted_internal,Known Publisher,benign
TRUST-N-08469,2026-09-21T06:30:23Z,DC-01,known software,signed,Known Publisher,benign
TRUST-N-05757,2026-09-21T06:30:29Z,FIN-WS-09,known software,trusted_internal,Known Publisher,benign
TRUST-N-04459,2026-09-21T06:30:53Z,FIN-WS-09,known software,trusted_internal,Known Publisher,benign
TRUST-N-03668,2026-09-21T06:31:03Z,HR-WS-22,known software,trusted_internal,Known Publisher,benign
TRUST-N-08492,2026-09-21T06:31:20Z,HR-WS-22,known software,signed,Known Publisher,benign
TRUST-N-04404,2026-09-21T06:31:33Z,DC-01,known software,signed,Known Publisher,benign
TRUST-N-09957,2026-09-21T06:32:26Z,HR-WS-22,known software,signed,Known Publisher,benign
TRUST-N-04032,2026-09-21T06:32:36Z,FIN-WS-09,known software,signed,Known Publisher,benign
TRUST-N-01863,2026-09-21T06:33:22Z,DC-01,known software,signed,Known Publisher,benign
TRUST-N-06949,2026-09-21T06:33:35Z,HR-WS-08,known software,signed,Known Publisher,benign
TRUST-N-00753,2026-09-21T06:34:11Z,HR-WS-22,known software,trusted_internal,Known Publisher,benign
TRUST-N-03077,2026-09-21T06:34:23Z,HR-WS-08,known software,signed,Known Publisher,benign
TRUST-N-01120,2026-09-21T06:34:34Z,HR-WS-22,known software,trusted_internal,Known Publisher,benign
TRUST-N-00853,2026-09-21T06:35:07Z,HR-WS-22,known software,signed,Known Publisher,benign
TRUST-N-01426,2026-09-21T06:35:16Z,MGMT-01,known software,signed,Known Publisher,benign
TRUST-N-09478,2026-09-21T06:35:22Z,APP-06,known software,signed,Known Publisher,benign
TRUST-N-03611,2026-09-21T06:36:39Z,FIN-WS-09,known software,signed,Known Publisher,benign
TRUST-N-07007,2026-09-21T06:37:36Z,FIN-WS-09,known software,trusted_internal,Known Publisher,benign
TRUST-N-09434,2026-09-21T06:37:43Z,HR-WS-22,known software,signed,Known Publisher,benign
TRUST-N-08026,2026-09-21T06:38:10Z,ENG-WS-17,known software,signed,Known Publisher,benign
TRUST-N-04398,2026-09-21T06:39:43Z,DC-01,known software,signed,Known Publisher,benign
TRUST-N-06531,2026-09-21T06:40:00Z,HR-WS-22,known software,signed,Known Publisher,benign
TRUST-N-03927,2026-09-21T06:40:01Z,DC-01,known software,trusted_internal,Known Publisher,benign
TRUST-N-03751,2026-09-21T06:40:05Z,PATCH-01,known software,signed,Known Publisher,benign
TRUST-N-02723,2026-09-21T06:40:39Z,APP-06,known software,trusted_internal,Known Publisher,benign
TRUST-N-09166,2026-09-21T06:40:54Z,PATCH-01,known software,trusted_internal,Known Publisher,benign
TRUST-N-09170,2026-09-21T06:41:06Z,DC-01,known software,signed,Known Publisher,benign
TRUST-N-01214,2026-09-21T06:41:11Z,DC-01,known software,trusted_internal,Known Publisher,benign
TRUST-N-08277,2026-09-21T06:42:00Z,APP-06,known software,trusted_internal,Known Publisher,benign
TRUST-N-04895,2026-09-21T06:42:03Z,ENG-WS-17,known software,trusted_internal,Known Publisher,benign
TRUST-N-03944,2026-09-21T06:42:10Z,FIN-WS-09,known software,signed,Known Publisher,benign
TRUST-N-07645,2026-09-21T06:42:11Z,PATCH-01,known software,trusted_internal,Known Publisher,benign
TRUST-N-08105,2026-09-21T06:42:31Z,MGMT-01,known software,signed,Known Publisher,benign
TRUST-N-07787,2026-09-21T06:43:03Z,DC-01,known software,trusted_internal,Known Publisher,benign
TRUST-N-09952,2026-09-21T06:43:47Z,MGMT-01,known software,signed,Known Publisher,benign
TRUST-N-07763,2026-09-21T06:44:23Z,MGMT-01,known software,signed,Known Publisher,benign
TRUST-N-06459,2026-09-21T06:45:11Z,FIN-WS-09,known software,signed,Known Publisher,benign
TRUST-N-07624,2026-09-21T06:45:38Z,HR-WS-22,known software,trusted_internal,Known Publisher,benign
TRUST-N-01205,2026-09-21T06:46:21Z,HR-WS-08,known software,signed,Known Publisher,benign
TRUST-N-09538,2026-09-21T06:46:27Z,APP-06,known software,trusted_internal,Known Publisher,benign
TRUST-N-04474,2026-09-21T06:46:38Z,APP-06,known software,trusted_internal,Known Publisher,benign
TRUST-N-00113,2026-09-21T06:46:39Z,ENG-WS-17,known software,signed,Known Publisher,benign
TRUST-N-01038,2026-09-21T06:46:45Z,MGMT-01,known software,trusted_internal,Known Publisher,benign
TRUST-N-02381,2026-09-21T06:46:47Z,DC-01,known software,trusted_internal,Known Publisher,benign
TRUST-N-00266,2026-09-21T06:48:13Z,HR-WS-08,known software,signed,Known Publisher,benign
TRUST-N-00286,2026-09-21T06:48:13Z,HR-WS-22,known software,trusted_internal,Known Publisher,benign
TRUST-N-01430,2026-09-21T06:48:29Z,APP-06,known software,trusted_internal,Known Publisher,benign
TRUST-N-00037,2026-09-21T06:50:18Z,DC-01,known software,signed,Known Publisher,benign
TRUST-N-04599,2026-09-21T06:50:20Z,APP-06,known software,trusted_internal,Known Publisher,benign
TRUST-N-01051,2026-09-21T06:50:32Z,HR-WS-08,known software,trusted_internal,Known Publisher,benign
TRUST-N-01274,2026-09-21T06:50:42Z,MGMT-01,known software,trusted_internal,Known Publisher,benign
TRUST-N-06946,2026-09-21T06:51:39Z,MGMT-01,known software,signed,Known Publisher,benign
TRUST-N-01503,2026-09-21T06:51:54Z,DC-01,known software,trusted_internal,Known Publisher,benign
TRUST-N-05506,2026-09-21T06:51:54Z,MGMT-01,known software,trusted_internal,Known Publisher,benign
TRUST-N-05905,2026-09-21T06:51:55Z,HR-WS-22,known software,trusted_internal,Known Publisher,benign
TRUST-N-09440,2026-09-21T06:52:30Z,DC-01,known software,trusted_internal,Known Publisher,benign
TRUST-N-08721,2026-09-21T06:53:21Z,ENG-WS-17,known software,trusted_internal,Known Publisher,benign
TRUST-N-03676,2026-09-21T06:54:07Z,FIN-WS-09,known software,trusted_internal,Known Publisher,benign
TRUST-N-03664,2026-09-21T06:54:26Z,HR-WS-22,known software,trusted_internal,Known Publisher,benign
TRUST-N-05689,2026-09-21T06:54:54Z,HR-WS-22,known software,trusted_internal,Known Publisher,benign
TRUST-N-06625,2026-09-21T06:55:40Z,ENG-WS-17,known software,trusted_internal,Known Publisher,benign
TRUST-N-03766,2026-09-21T06:55:53Z,ENG-WS-17,known software,trusted_internal,Known Publisher,benign
TRUST-N-01292,2026-09-21T06:56:42Z,PATCH-01,known software,signed,Known Publisher,benign
TRUST-N-06846,2026-09-21T06:57:17Z,HR-WS-08,known software,signed,Known Publisher,benign
TRUST-N-05723,2026-09-21T06:57:39Z,APP-06,known software,signed,Known Publisher,benign
TRUST-N-05576,2026-09-21T06:57:55Z,APP-06,known software,trusted_internal,Known Publisher,benign
TRUST-N-05878,2026-09-21T06:59:36Z,ENG-WS-17,known software,signed,Known Publisher,benign
TRUST-N-00875,2026-09-21T07:00:04Z,DC-01,known software,trusted_internal,Known Publisher,benign
TRUST-N-09277,2026-09-21T07:00:10Z,PATCH-01,known software,signed,Known Publisher,benign
TRUST-N-00648,2026-09-21T07:00:15Z,HR-WS-22,known software,signed,Known Publisher,benign
TRUST-N-02593,2026-09-21T07:01:15Z,HR-WS-08,known software,signed,Known Publisher,benign
TRUST-N-06529,2026-09-21T07:01:23Z,APP-06,known software,signed,Known Publisher,benign
TRUST-N-03174,2026-09-21T07:01:35Z,DC-01,known software,trusted_internal,Known Publisher,benign
TRUST-N-06267,2026-09-21T07:02:16Z,DC-01,known software,signed,Known Publisher,benign
TRUST-N-00708,2026-09-21T07:02:49Z,FIN-WS-09,known software,signed,Known Publisher,benign
TRUST-N-07577,2026-09-21T07:02:59Z,HR-WS-22,known software,trusted_internal,Known Publisher,benign
TRUST-N-04628,2026-09-21T07:03:24Z,APP-06,known software,trusted_internal,Known Publisher,benign
TRUST-N-07857,2026-09-21T07:04:17Z,ENG-WS-17,known software,signed,Known Publisher,benign
TRUST-N-05504,2026-09-21T07:05:10Z,ENG-WS-17,known software,trusted_internal,Known Publisher,benign
TRUST-N-09987,2026-09-21T07:05:22Z,PATCH-01,known software,signed,Known Publisher,benign
TRUST-N-05331,2026-09-21T07:05:26Z,FIN-WS-09,known software,trusted_internal,Known Publisher,benign
TRUST-N-00385,2026-09-21T07:05:28Z,APP-06,known software,signed,Known Publisher,benign
TRUST-N-04745,2026-09-21T07:06:05Z,ENG-WS-17,known software,trusted_internal,Known Publisher,benign
TRUST-N-00887,2026-09-21T07:06:30Z,DC-01,known software,signed,Known Publisher,benign
TRUST-N-01350,2026-09-21T07:07:08Z,HR-WS-22,known software,trusted_internal,Known Publisher,benign
TRUST-N-09802,2026-09-21T07:07:54Z,HR-WS-22,known software,trusted_internal,Known Publisher,benign
TRUST-N-07220,2026-09-21T07:08:37Z,DC-01,known software,signed,Known Publisher,benign
TRUST-N-07162,2026-09-21T07:09:00Z,ENG-WS-17,known software,trusted_internal,Known Publisher,benign
TRUST-N-05068,2026-09-21T07:10:00Z,MGMT-01,known software,signed,Known Publisher,benign
TRUST-N-06102,2026-09-21T07:10:06Z,ENG-WS-17,known software,trusted_internal,Known Publisher,benign
TRUST-N-08592,2026-09-21T07:11:00Z,HR-WS-22,known software,signed,Known Publisher,benign
TRUST-N-05255,2026-09-21T07:11:24Z,HR-WS-22,known software,signed,Known Publisher,benign
TRUST-N-04769,2026-09-21T07:11:57Z,HR-WS-22,known software,trusted_internal,Known Publisher,benign
TRUST-N-05565,2026-09-21T07:12:46Z,APP-06,known software,signed,Known Publisher,benign
TRUST-N-06147,2026-09-21T07:12:49Z,FIN-WS-09,known software,trusted_internal,Known Publisher,benign
TRUST-N-07548,2026-09-21T07:13:20Z,APP-06,known software,signed,Known Publisher,benign
TRUST-N-05274,2026-09-21T07:13:29Z,APP-06,known software,signed,Known Publisher,benign
TRUST-N-09918,2026-09-21T07:13:32Z,HR-WS-08,known software,signed,Known Publisher,benign
TRUST-N-08312,2026-09-21T07:13:46Z,PATCH-01,known software,trusted_internal,Known Publisher,benign
TRUST-N-05811,2026-09-21T07:13:53Z,DC-01,known software,signed,Known Publisher,benign
TRUST-N-02326,2026-09-21T07:14:09Z,APP-06,known software,trusted_internal,Known Publisher,benign
TRUST-N-03923,2026-09-21T07:16:12Z,HR-WS-08,known software,signed,Known Publisher,benign
TRUST-N-06596,2026-09-21T07:16:37Z,ENG-WS-17,known software,trusted_internal,Known Publisher,benign
TRUST-N-08065,2026-09-21T07:16:51Z,DC-01,known software,signed,Known Publisher,benign
TRUST-N-01190,2026-09-21T07:17:27Z,PATCH-01,known software,trusted_internal,Known Publisher,benign
TRUST-N-08748,2026-09-21T07:17:43Z,FIN-WS-09,known software,trusted_internal,Known Publisher,benign
TRUST-N-04862,2026-09-21T07:17:56Z,MGMT-01,known software,trusted_internal,Known Publisher,benign
TRUST-N-08630,2026-09-21T07:18:21Z,ENG-WS-17,known software,trusted_internal,Known Publisher,benign
TRUST-N-03936,2026-09-21T07:19:16Z,ENG-WS-17,known software,signed,Known Publisher,benign
TRUST-N-01295,2026-09-21T07:19:40Z,FIN-WS-09,known software,trusted_internal,Known Publisher,benign
TRUST-N-05578,2026-09-21T07:20:05Z,MGMT-01,known software,trusted_internal,Known Publisher,benign
TRUST-N-04232,2026-09-21T07:20:56Z,MGMT-01,known software,signed,Known Publisher,benign
TRUST-N-00588,2026-09-21T07:21:39Z,HR-WS-22,known software,signed,Known Publisher,benign
TRUST-N-07869,2026-09-21T07:22:26Z,APP-06,known software,trusted_internal,Known Publisher,benign
TRUST-N-08112,2026-09-21T07:22:45Z,PATCH-01,known software,signed,Known Publisher,benign
TRUST-N-04388,2026-09-21T07:23:02Z,HR-WS-22,known software,signed,Known Publisher,benign
TRUST-N-02364,2026-09-21T07:23:10Z,PATCH-01,known software,trusted_internal,Known Publisher,benign
TRUST-N-09242,2026-09-21T07:23:58Z,DC-01,known software,trusted_internal,Known Publisher,benign
TRUST-N-07487,2026-09-21T07:24:09Z,MGMT-01,known software,signed,Known Publisher,benign
TRUST-N-01414,2026-09-21T07:24:24Z,DC-01,known software,signed,Known Publisher,benign
TRUST-N-06566,2026-09-21T07:24:28Z,APP-06,known software,signed,Known Publisher,benign
TRUST-N-05989,2026-09-21T07:25:01Z,HR-WS-22,known software,trusted_internal,Known Publisher,benign
TRUST-N-03114,2026-09-21T07:25:38Z,HR-WS-22,known software,trusted_internal,Known Publisher,benign
TRUST-N-04884,2026-09-21T07:25:38Z,APP-06,known software,trusted_internal,Known Publisher,benign
TRUST-N-08943,2026-09-21T07:25:46Z,ENG-WS-17,known software,trusted_internal,Known Publisher,benign
TRUST-N-00892,2026-09-21T07:26:09Z,HR-WS-08,known software,signed,Known Publisher,benign
TRUST-N-01944,2026-09-21T07:26:42Z,PATCH-01,known software,trusted_internal,Known Publisher,benign
TRUST-N-08550,2026-09-21T07:28:50Z,DC-01,known software,signed,Known Publisher,benign
TRUST-N-01068,2026-09-21T07:29:16Z,PATCH-01,known software,signed,Known Publisher,benign
TRUST-N-02707,2026-09-21T07:29:42Z,APP-06,known software,signed,Known Publisher,benign
TRUST-N-03062,2026-09-21T07:29:44Z,DC-01,known software,signed,Known Publisher,benign
TRUST-N-07268,2026-09-21T07:32:31Z,HR-WS-08,known software,trusted_internal,Known Publisher,benign
TRUST-N-08466,2026-09-21T07:32:33Z,DC-01,known software,trusted_internal,Known Publisher,benign
TRUST-N-04853,2026-09-21T07:33:50Z,MGMT-01,known software,signed,Known Publisher,benign
TRUST-N-02632,2026-09-21T07:34:56Z,HR-WS-08,known software,trusted_internal,Known Publisher,benign
TRUST-N-01995,2026-09-21T07:35:21Z,ENG-WS-17,known software,trusted_internal,Known Publisher,benign
TRUST-N-05384,2026-09-21T07:36:11Z,HR-WS-08,known software,trusted_internal,Known Publisher,benign
TRUST-N-07924,2026-09-21T07:36:39Z,FIN-WS-09,known software,trusted_internal,Known Publisher,benign
TRUST-N-08399,2026-09-21T07:37:16Z,PATCH-01,known software,trusted_internal,Known Publisher,benign
TRUST-N-03377,2026-09-21T07:37:50Z,FIN-WS-09,known software,signed,Known Publisher,benign
TRUST-N-07996,2026-09-21T07:39:11Z,MGMT-01,known software,signed,Known Publisher,benign
TRUST-N-02238,2026-09-21T07:39:41Z,PATCH-01,known software,signed,Known Publisher,benign
TRUST-N-08179,2026-09-21T07:40:17Z,PATCH-01,known software,trusted_internal,Known Publisher,benign
TRUST-N-06374,2026-09-21T07:40:24Z,ENG-WS-17,known software,signed,Known Publisher,benign
TRUST-N-06801,2026-09-21T07:40:32Z,HR-WS-22,known software,trusted_internal,Known Publisher,benign
TRUST-N-03931,2026-09-21T07:41:14Z,ENG-WS-17,known software,trusted_internal,Known Publisher,benign
TRUST-N-06849,2026-09-21T07:42:50Z,FIN-WS-09,known software,trusted_internal,Known Publisher,benign
TRUST-N-08781,2026-09-21T07:43:09Z,HR-WS-08,known software,trusted_internal,Known Publisher,benign
TRUST-N-04711,2026-09-21T07:43:50Z,APP-06,known software,signed,Known Publisher,benign
TRUST-N-09713,2026-09-21T07:44:17Z,MGMT-01,known software,signed,Known Publisher,benign
TRUST-N-07237,2026-09-21T07:45:04Z,APP-06,known software,trusted_internal,Known Publisher,benign
TRUST-N-05435,2026-09-21T07:46:38Z,MGMT-01,known software,trusted_internal,Known Publisher,benign
TRUST-N-08136,2026-09-21T07:46:48Z,FIN-WS-09,known software,trusted_internal,Known Publisher,benign
TRUST-N-08337,2026-09-21T07:46:48Z,HR-WS-22,known software,trusted_internal,Known Publisher,benign
TRUST-N-06872,2026-09-21T07:48:44Z,APP-06,known software,signed,Known Publisher,benign
TRUST-N-01773,2026-09-21T07:48:56Z,APP-06,known software,signed,Known Publisher,benign
TRUST-N-05259,2026-09-21T07:48:59Z,FIN-WS-09,known software,signed,Known Publisher,benign
TRUST-N-08593,2026-09-21T07:49:18Z,HR-WS-08,known software,signed,Known Publisher,benign
TRUST-N-06926,2026-09-21T07:50:57Z,HR-WS-22,known software,trusted_internal,Known Publisher,benign
TRUST-N-03040,2026-09-21T07:51:03Z,PATCH-01,known software,trusted_internal,Known Publisher,benign
TRUST-N-07997,2026-09-21T07:52:42Z,HR-WS-08,known software,trusted_internal,Known Publisher,benign
TRUST-N-01242,2026-09-21T07:53:06Z,APP-06,known software,trusted_internal,Known Publisher,benign
TRUST-N-07639,2026-09-21T07:54:03Z,HR-WS-08,known software,signed,Known Publisher,benign
TRUST-N-06320,2026-09-21T07:55:10Z,MGMT-01,known software,signed,Known Publisher,benign
TRUST-N-02043,2026-09-21T07:55:13Z,MGMT-01,known software,trusted_internal,Known Publisher,benign
TRUST-N-04613,2026-09-21T07:55:18Z,HR-WS-22,known software,signed,Known Publisher,benign
TRUST-N-05594,2026-09-21T07:56:05Z,ENG-WS-17,known software,signed,Known Publisher,benign
TRUST-N-07902,2026-09-21T07:57:02Z,FIN-WS-09,known software,signed,Known Publisher,benign
TRUST-N-09027,2026-09-21T07:57:10Z,APP-06,known software,signed,Known Publisher,benign
TRUST-N-07218,2026-09-21T07:57:14Z,ENG-WS-17,known software,signed,Known Publisher,benign
TRUST-N-08787,2026-09-21T07:57:17Z,PATCH-01,known software,signed,Known Publisher,benign
TRUST-N-05812,2026-09-21T07:57:23Z,PATCH-01,known software,trusted_internal,Known Publisher,benign
TRUST-N-03194,2026-09-21T07:58:33Z,ENG-WS-17,known software,signed,Known Publisher,benign
TRUST-N-05301,2026-09-21T07:58:46Z,APP-06,known software,signed,Known Publisher,benign
TRUST-N-08691,2026-09-21T07:59:29Z,MGMT-01,known software,signed,Known Publisher,benign
TRUST-N-08520,2026-09-21T07:59:43Z,FIN-WS-09,known software,signed,Known Publisher,benign
TRUST-N-08161,2026-09-21T08:01:30Z,HR-WS-08,known software,signed,Known Publisher,benign
TRUST-N-08366,2026-09-21T08:01:55Z,HR-WS-08,known software,signed,Known Publisher,benign
TRUST-N-05948,2026-09-21T08:04:28Z,HR-WS-22,known software,trusted_internal,Known Publisher,benign
TRUST-N-09210,2026-09-21T08:04:28Z,FIN-WS-09,known software,trusted_internal,Known Publisher,benign
TRUST-N-05257,2026-09-21T08:04:59Z,HR-WS-08,known software,signed,Known Publisher,benign
TRUST-N-02536,2026-09-21T08:05:28Z,HR-WS-22,known software,signed,Known Publisher,benign
TRUST-N-03619,2026-09-21T08:05:32Z,FIN-WS-09,known software,trusted_internal,Known Publisher,benign
TRUST-N-08281,2026-09-21T08:05:46Z,APP-06,known software,trusted_internal,Known Publisher,benign
TRUST-N-00159,2026-09-21T08:05:54Z,PATCH-01,known software,signed,Known Publisher,benign
TRUST-N-03240,2026-09-21T08:06:23Z,PATCH-01,known software,trusted_internal,Known Publisher,benign
TRUST-N-04497,2026-09-21T08:07:03Z,HR-WS-22,known software,trusted_internal,Known Publisher,benign
TRUST-N-00341,2026-09-21T08:08:46Z,HR-WS-08,known software,signed,Known Publisher,benign
TRUST-N-04938,2026-09-21T08:08:57Z,HR-WS-08,known software,signed,Known Publisher,benign
TRUST-N-07892,2026-09-21T08:09:03Z,APP-06,known software,signed,Known Publisher,benign
TRUST-N-05635,2026-09-21T08:09:34Z,PATCH-01,known software,signed,Known Publisher,benign
TRUST-N-03516,2026-09-21T08:09:38Z,MGMT-01,known software,trusted_internal,Known Publisher,benign
TRUST-N-02348,2026-09-21T08:10:19Z,PATCH-01,known software,signed,Known Publisher,benign
TRUST-N-06724,2026-09-21T08:10:28Z,FIN-WS-09,known software,signed,Known Publisher,benign
TRUST-N-05855,2026-09-21T08:10:30Z,APP-06,known software,signed,Known Publisher,benign
TRUST-N-08011,2026-09-21T08:11:03Z,FIN-WS-09,known software,signed,Known Publisher,benign
TRUST-N-00228,2026-09-21T08:12:11Z,APP-06,known software,signed,Known Publisher,benign
TRUST-N-06708,2026-09-21T08:12:28Z,PATCH-01,known software,trusted_internal,Known Publisher,benign
TRUST-N-09578,2026-09-21T08:12:35Z,PATCH-01,known software,trusted_internal,Known Publisher,benign
TRUST-N-02401,2026-09-21T08:13:38Z,HR-WS-08,known software,signed,Known Publisher,benign
TRUST-N-03957,2026-09-21T08:13:47Z,APP-06,known software,signed,Known Publisher,benign
TRUST-N-05822,2026-09-21T08:14:21Z,ENG-WS-17,known software,signed,Known Publisher,benign
TRUST-N-08145,2026-09-21T08:14:35Z,MGMT-01,known software,trusted_internal,Known Publisher,benign
TRUST-N-00523,2026-09-21T08:14:41Z,MGMT-01,known software,signed,Known Publisher,benign
TRUST-N-04835,2026-09-21T08:14:47Z,DC-01,known software,trusted_internal,Known Publisher,benign
TRUST-N-02096,2026-09-21T08:14:54Z,FIN-WS-09,known software,trusted_internal,Known Publisher,benign
TRUST-N-08252,2026-09-21T08:14:57Z,PATCH-01,known software,signed,Known Publisher,benign
TRUST-N-05758,2026-09-21T08:15:39Z,FIN-WS-09,known software,trusted_internal,Known Publisher,benign
TRUST-N-08945,2026-09-21T08:16:18Z,MGMT-01,known software,signed,Known Publisher,benign
TRUST-N-09706,2026-09-21T08:16:41Z,HR-WS-08,known software,signed,Known Publisher,benign
TRUST-N-03473,2026-09-21T08:17:15Z,DC-01,known software,trusted_internal,Known Publisher,benign
TRUST-N-05094,2026-09-21T08:17:35Z,DC-01,known software,signed,Known Publisher,benign
TRUST-N-08734,2026-09-21T08:17:54Z,MGMT-01,known software,signed,Known Publisher,benign
TRUST-N-00303,2026-09-21T08:19:12Z,PATCH-01,known software,signed,Known Publisher,benign
TRUST-N-02133,2026-09-21T08:19:17Z,DC-01,known software,trusted_internal,Known Publisher,benign
TRUST-N-03466,2026-09-21T08:20:13Z,FIN-WS-09,known software,trusted_internal,Known Publisher,benign
TRUST-N-03657,2026-09-21T08:21:19Z,DC-01,known software,signed,Known Publisher,benign
TRUST-N-03154,2026-09-21T08:21:30Z,HR-WS-22,known software,signed,Known Publisher,benign
TRUST-N-03563,2026-09-21T08:22:05Z,MGMT-01,known software,trusted_internal,Known Publisher,benign
TRUST-N-02648,2026-09-21T08:23:21Z,MGMT-01,known software,signed,Known Publisher,benign
TRUST-N-02346,2026-09-21T08:23:25Z,APP-06,known software,trusted_internal,Known Publisher,benign
TRUST-N-04564,2026-09-21T08:23:59Z,HR-WS-08,known software,signed,Known Publisher,benign
TRUST-N-09808,2026-09-21T08:24:37Z,DC-01,known software,signed,Known Publisher,benign
TRUST-N-03385,2026-09-21T08:24:50Z,APP-06,known software,signed,Known Publisher,benign
TRUST-N-03163,2026-09-21T08:24:51Z,FIN-WS-09,known software,trusted_internal,Known Publisher,benign
TRUST-N-00790,2026-09-21T08:25:04Z,ENG-WS-17,known software,trusted_internal,Known Publisher,benign
TRUST-N-02345,2026-09-21T08:25:07Z,PATCH-01,known software,trusted_internal,Known Publisher,benign
TRUST-N-03649,2026-09-21T08:26:00Z,PATCH-01,known software,trusted_internal,Known Publisher,benign
TRUST-N-02750,2026-09-21T08:26:18Z,ENG-WS-17,known software,signed,Known Publisher,benign
TRUST-N-01747,2026-09-21T08:27:43Z,APP-06,known software,trusted_internal,Known Publisher,benign
TRUST-N-06644,2026-09-21T08:28:46Z,ENG-WS-17,known software,signed,Known Publisher,benign
TRUST-N-00530,2026-09-21T08:28:48Z,HR-WS-22,known software,trusted_internal,Known Publisher,benign
TRUST-N-00981,2026-09-21T08:29:21Z,HR-WS-08,known software,signed,Known Publisher,benign
TRUST-N-03464,2026-09-21T08:30:05Z,ENG-WS-17,known software,signed,Known Publisher,benign
TRUST-N-05916,2026-09-21T08:31:53Z,FIN-WS-09,known software,trusted_internal,Known Publisher,benign
TRUST-N-06118,2026-09-21T08:32:05Z,PATCH-01,known software,signed,Known Publisher,benign
TRUST-N-06964,2026-09-21T08:32:54Z,MGMT-01,known software,trusted_internal,Known Publisher,benign
TRUST-N-01237,2026-09-21T08:33:13Z,MGMT-01,known software,signed,Known Publisher,benign
TRUST-N-06382,2026-09-21T08:33:27Z,FIN-WS-09,known software,signed,Known Publisher,benign
TRUST-N-02846,2026-09-21T08:35:58Z,ENG-WS-17,known software,trusted_internal,Known Publisher,benign
TRUST-N-05396,2026-09-21T08:36:23Z,FIN-WS-09,known software,signed,Known Publisher,benign
TRUST-N-04124,2026-09-21T08:36:29Z,HR-WS-22,known software,signed,Known Publisher,benign
TRUST-N-02766,2026-09-21T08:39:31Z,FIN-WS-09,known software,trusted_internal,Known Publisher,benign
TRUST-N-06183,2026-09-21T08:40:52Z,PATCH-01,known software,trusted_internal,Known Publisher,benign
TRUST-N-02895,2026-09-21T08:41:00Z,HR-WS-08,known software,trusted_internal,Known Publisher,benign
TRUST-N-07216,2026-09-21T08:42:06Z,HR-WS-22,known software,trusted_internal,Known Publisher,benign
TRUST-N-07994,2026-09-21T08:42:10Z,APP-06,known software,signed,Known Publisher,benign
TRUST-N-08024,2026-09-21T08:43:01Z,ENG-WS-17,known software,trusted_internal,Known Publisher,benign
TRUST-N-01135,2026-09-21T08:43:28Z,APP-06,known software,trusted_internal,Known Publisher,benign
TRUST-N-03318,2026-09-21T08:43:44Z,APP-06,known software,trusted_internal,Known Publisher,benign
TRUST-N-05967,2026-09-21T08:44:04Z,ENG-WS-17,known software,trusted_internal,Known Publisher,benign
TRUST-N-03827,2026-09-21T08:44:37Z,HR-WS-08,known software,signed,Known Publisher,benign
TRUST-N-03816,2026-09-21T08:44:48Z,PATCH-01,known software,trusted_internal,Known Publisher,benign
TRUST-N-06657,2026-09-21T08:45:19Z,HR-WS-22,known software,signed,Known Publisher,benign
TRUST-N-00574,2026-09-21T08:45:57Z,HR-WS-22,known software,signed,Known Publisher,benign
TRUST-N-05683,2026-09-21T08:46:54Z,HR-WS-08,known software,trusted_internal,Known Publisher,benign
TRUST-N-05962,2026-09-21T08:47:10Z,MGMT-01,known software,signed,Known Publisher,benign
TRUST-N-05559,2026-09-21T08:47:14Z,DC-01,known software,signed,Known Publisher,benign
TRUST-N-02008,2026-09-21T08:47:55Z,FIN-WS-09,known software,trusted_internal,Known Publisher,benign
TRUST-N-09381,2026-09-21T08:48:30Z,HR-WS-22,known software,trusted_internal,Known Publisher,benign
TRUST-N-08387,2026-09-21T08:48:38Z,HR-WS-08,known software,signed,Known Publisher,benign
TRUST-N-09644,2026-09-21T08:48:39Z,PATCH-01,known software,signed,Known Publisher,benign
TRUST-N-07825,2026-09-21T08:49:06Z,DC-01,known software,signed,Known Publisher,benign
TRUST-N-05415,2026-09-21T08:50:20Z,PATCH-01,known software,signed,Known Publisher,benign
TRUST-N-05409,2026-09-21T08:52:54Z,DC-01,known software,trusted_internal,Known Publisher,benign
TRUST-N-07515,2026-09-21T08:53:02Z,MGMT-01,known software,signed,Known Publisher,benign
TRUST-N-02947,2026-09-21T08:53:16Z,APP-06,known software,signed,Known Publisher,benign
TRUST-N-05444,2026-09-21T08:53:28Z,PATCH-01,known software,trusted_internal,Known Publisher,benign
TRUST-N-03742,2026-09-21T08:53:51Z,HR-WS-08,known software,signed,Known Publisher,benign
TRUST-N-08061,2026-09-21T08:53:55Z,PATCH-01,known software,signed,Known Publisher,benign
TRUST-N-05019,2026-09-21T08:56:11Z,HR-WS-08,known software,signed,Known Publisher,benign
TRUST-N-03800,2026-09-21T08:57:17Z,DC-01,known software,signed,Known Publisher,benign
TRUST-N-00166,2026-09-21T08:57:23Z,FIN-WS-09,known software,signed,Known Publisher,benign
TRUST-N-01420,2026-09-21T08:58:20Z,DC-01,known software,signed,Known Publisher,benign
TRUST-N-07792,2026-09-21T08:58:34Z,APP-06,known software,trusted_internal,Known Publisher,benign
TRUST-N-04684,2026-09-21T08:58:41Z,MGMT-01,known software,trusted_internal,Known Publisher,benign
TRUST-N-00148,2026-09-21T08:59:23Z,PATCH-01,known software,signed,Known Publisher,benign
TRUST-N-02693,2026-09-21T08:59:42Z,MGMT-01,known software,trusted_internal,Known Publisher,benign
TRUST-N-09131,2026-09-21T09:01:59Z,APP-06,known software,trusted_internal,Known Publisher,benign
TRUST-N-03866,2026-09-21T09:02:16Z,APP-06,known software,signed,Known Publisher,benign
TRUST-N-04954,2026-09-21T09:03:10Z,PATCH-01,known software,signed,Known Publisher,benign
TRUST-N-00184,2026-09-21T09:03:32Z,PATCH-01,known software,trusted_internal,Known Publisher,benign
TRUST-N-00145,2026-09-21T09:03:38Z,ENG-WS-17,known software,signed,Known Publisher,benign
TRUST-N-05455,2026-09-21T09:03:46Z,PATCH-01,known software,trusted_internal,Known Publisher,benign
TRUST-N-09767,2026-09-21T09:05:30Z,MGMT-01,known software,trusted_internal,Known Publisher,benign
TRUST-N-02480,2026-09-21T09:05:42Z,HR-WS-08,known software,trusted_internal,Known Publisher,benign
TRUST-N-08847,2026-09-21T09:05:52Z,HR-WS-22,known software,signed,Known Publisher,benign
TRUST-N-06524,2026-09-21T09:06:21Z,FIN-WS-09,known software,signed,Known Publisher,benign
TRUST-N-07133,2026-09-21T09:06:55Z,HR-WS-22,known software,signed,Known Publisher,benign
TRUST-N-01342,2026-09-21T09:07:37Z,HR-WS-22,known software,trusted_internal,Known Publisher,benign
TRUST-N-08857,2026-09-21T09:07:38Z,MGMT-01,known software,signed,Known Publisher,benign
TRUST-N-02879,2026-09-21T09:07:48Z,ENG-WS-17,known software,signed,Known Publisher,benign
TRUST-N-06040,2026-09-21T09:08:01Z,HR-WS-22,known software,trusted_internal,Known Publisher,benign
TRUST-N-09152,2026-09-21T09:09:08Z,APP-06,known software,trusted_internal,Known Publisher,benign
TRUST-N-02738,2026-09-21T09:09:35Z,APP-06,known software,trusted_internal,Known Publisher,benign
TRUST-N-08382,2026-09-21T09:09:37Z,APP-06,known software,trusted_internal,Known Publisher,benign
TRUST-N-03396,2026-09-21T09:09:47Z,FIN-WS-09,known software,trusted_internal,Known Publisher,benign
TRUST-N-03202,2026-09-21T09:10:31Z,DC-01,known software,signed,Known Publisher,benign
TRUST-N-04045,2026-09-21T09:10:47Z,HR-WS-22,known software,trusted_internal,Known Publisher,benign
TRUST-N-03209,2026-09-21T09:10:50Z,HR-WS-22,known software,signed,Known Publisher,benign
TRUST-N-00848,2026-09-21T09:11:17Z,FIN-WS-09,known software,signed,Known Publisher,benign
TRUST-N-05368,2026-09-21T09:12:21Z,DC-01,known software,signed,Known Publisher,benign
TRUST-N-07732,2026-09-21T09:13:15Z,HR-WS-22,known software,signed,Known Publisher,benign
TRUST-N-08572,2026-09-21T09:13:32Z,FIN-WS-09,known software,trusted_internal,Known Publisher,benign
TRUST-N-07863,2026-09-21T09:13:52Z,MGMT-01,known software,signed,Known Publisher,benign
TRUST-N-07161,2026-09-21T09:14:05Z,PATCH-01,known software,trusted_internal,Known Publisher,benign
TRUST-N-04213,2026-09-21T09:14:06Z,ENG-WS-17,known software,signed,Known Publisher,benign
TRUST-N-01306,2026-09-21T09:14:34Z,HR-WS-22,known software,trusted_internal,Known Publisher,benign
TRUST-N-08823,2026-09-21T09:14:50Z,DC-01,known software,signed,Known Publisher,benign
TRUST-N-07128,2026-09-21T09:15:07Z,ENG-WS-17,known software,signed,Known Publisher,benign
TRUST-N-09654,2026-09-21T09:15:12Z,HR-WS-22,known software,signed,Known Publisher,benign
TRUST-N-07867,2026-09-21T09:15:31Z,MGMT-01,known software,signed,Known Publisher,benign
TRUST-N-02864,2026-09-21T09:16:13Z,APP-06,known software,signed,Known Publisher,benign
TRUST-N-05980,2026-09-21T09:16:31Z,HR-WS-08,known software,signed,Known Publisher,benign
TRUST-N-04822,2026-09-21T09:16:34Z,HR-WS-22,known software,trusted_internal,Known Publisher,benign
TRUST-N-07169,2026-09-21T09:17:56Z,APP-06,known software,signed,Known Publisher,benign
TRUST-N-05629,2026-09-21T09:18:04Z,FIN-WS-09,known software,signed,Known Publisher,benign
TRUST-N-00079,2026-09-21T09:18:28Z,PATCH-01,known software,signed,Known Publisher,benign
TRUST-N-00061,2026-09-21T09:19:06Z,HR-WS-08,known software,trusted_internal,Known Publisher,benign
TRUST-N-00444,2026-09-21T09:19:09Z,DC-01,known software,signed,Known Publisher,benign
TRUST-N-04901,2026-09-21T09:20:13Z,DC-01,known software,trusted_internal,Known Publisher,benign
TRUST-N-05836,2026-09-21T09:21:48Z,FIN-WS-09,known software,signed,Known Publisher,benign
TRUST-N-02714,2026-09-21T09:22:31Z,DC-01,known software,signed,Known Publisher,benign
TRUST-N-02956,2026-09-21T09:22:32Z,HR-WS-08,known software,signed,Known Publisher,benign
TRUST-N-04233,2026-09-21T09:25:16Z,PATCH-01,known software,signed,Known Publisher,benign
TRUST-N-02318,2026-09-21T09:25:32Z,MGMT-01,known software,trusted_internal,Known Publisher,benign
TRUST-N-08992,2026-09-21T09:26:24Z,HR-WS-22,known software,trusted_internal,Known Publisher,benign
TRUST-N-09548,2026-09-21T09:28:16Z,PATCH-01,known software,trusted_internal,Known Publisher,benign
TRUST-N-00615,2026-09-21T09:28:30Z,DC-01,known software,trusted_internal,Known Publisher,benign
TRUST-N-03239,2026-09-21T09:28:48Z,APP-06,known software,trusted_internal,Known Publisher,benign
TRUST-N-02951,2026-09-21T09:28:50Z,HR-WS-08,known software,signed,Known Publisher,benign
TRUST-N-00085,2026-09-21T09:29:13Z,FIN-WS-09,known software,signed,Known Publisher,benign
TRUST-N-05465,2026-09-21T09:30:01Z,HR-WS-22,known software,signed,Known Publisher,benign
TRUST-N-08887,2026-09-21T09:30:02Z,MGMT-01,known software,trusted_internal,Known Publisher,benign
TRUST-N-06217,2026-09-21T09:30:33Z,MGMT-01,known software,trusted_internal,Known Publisher,benign
TRUST-N-04274,2026-09-21T09:31:17Z,HR-WS-08,known software,trusted_internal,Known Publisher,benign
TRUST-N-06895,2026-09-21T09:31:18Z,HR-WS-08,known software,signed,Known Publisher,benign
TRUST-N-09830,2026-09-21T09:31:20Z,MGMT-01,known software,trusted_internal,Known Publisher,benign
TRUST-N-09530,2026-09-21T09:32:44Z,PATCH-01,known software,trusted_internal,Known Publisher,benign
TRUST-N-07834,2026-09-21T09:33:12Z,ENG-WS-17,known software,trusted_internal,Known Publisher,benign
TRUST-N-04159,2026-09-21T09:33:41Z,ENG-WS-17,known software,signed,Known Publisher,benign
TRUST-N-09938,2026-09-21T09:33:41Z,FIN-WS-09,known software,trusted_internal,Known Publisher,benign
TRUST-N-09603,2026-09-21T09:34:03Z,MGMT-01,known software,trusted_internal,Known Publisher,benign
TRUST-N-04327,2026-09-21T09:35:13Z,FIN-WS-09,known software,signed,Known Publisher,benign
TRUST-N-01659,2026-09-21T09:35:34Z,PATCH-01,known software,signed,Known Publisher,benign
TRUST-N-00120,2026-09-21T09:36:44Z,FIN-WS-09,known software,signed,Known Publisher,benign
TRUST-N-02891,2026-09-21T09:37:29Z,HR-WS-08,known software,trusted_internal,Known Publisher,benign
TRUST-N-09708,2026-09-21T09:37:33Z,HR-WS-22,known software,signed,Known Publisher,benign
TRUST-N-09148,2026-09-21T09:37:34Z,MGMT-01,known software,trusted_internal,Known Publisher,benign
TRUST-N-02192,2026-09-21T09:39:02Z,PATCH-01,known software,trusted_internal,Known Publisher,benign
TRUST-N-06640,2026-09-21T09:39:12Z,ENG-WS-17,known software,signed,Known Publisher,benign
TRUST-N-08764,2026-09-21T09:39:26Z,ENG-WS-17,known software,trusted_internal,Known Publisher,benign
TRUST-N-06934,2026-09-21T09:39:32Z,HR-WS-08,known software,signed,Known Publisher,benign
TRUST-N-06571,2026-09-21T09:39:45Z,HR-WS-22,known software,trusted_internal,Known Publisher,benign
TRUST-N-06020,2026-09-21T09:39:54Z,HR-WS-08,known software,signed,Known Publisher,benign
TRUST-N-09623,2026-09-21T09:39:55Z,MGMT-01,known software,trusted_internal,Known Publisher,benign
TRUST-N-00520,2026-09-21T09:40:52Z,DC-01,known software,signed,Known Publisher,benign
TRUST-N-02698,2026-09-21T09:41:01Z,FIN-WS-09,known software,signed,Known Publisher,benign
TRUST-N-03706,2026-09-21T09:41:19Z,HR-WS-08,known software,signed,Known Publisher,benign
TRUST-N-01123,2026-09-21T09:41:44Z,PATCH-01,known software,trusted_internal,Known Publisher,benign
TRUST-N-06230,2026-09-21T09:42:30Z,HR-WS-08,known software,trusted_internal,Known Publisher,benign
TRUST-N-09458,2026-09-21T09:42:49Z,FIN-WS-09,known software,trusted_internal,Known Publisher,benign
TRUST-N-04244,2026-09-21T09:42:50Z,HR-WS-22,known software,signed,Known Publisher,benign
TRUST-N-01001,2026-09-21T09:43:04Z,FIN-WS-09,known software,signed,Known Publisher,benign
TRUST-N-03776,2026-09-21T09:43:59Z,DC-01,known software,trusted_internal,Known Publisher,benign
TRUST-N-08234,2026-09-21T09:44:12Z,ENG-WS-17,known software,signed,Known Publisher,benign
TRUST-N-01075,2026-09-21T09:45:11Z,DC-01,known software,signed,Known Publisher,benign
TRUST-N-08377,2026-09-21T09:45:37Z,HR-WS-22,known software,trusted_internal,Known Publisher,benign
TRUST-N-00921,2026-09-21T09:45:58Z,MGMT-01,known software,signed,Known Publisher,benign
TRUST-N-00248,2026-09-21T09:49:04Z,PATCH-01,known software,signed,Known Publisher,benign
TRUST-N-07768,2026-09-21T09:49:08Z,HR-WS-08,known software,trusted_internal,Known Publisher,benign
TRUST-N-00135,2026-09-21T09:49:10Z,HR-WS-22,known software,signed,Known Publisher,benign
TRUST-N-07926,2026-09-21T09:49:46Z,APP-06,known software,signed,Known Publisher,benign
TRUST-N-06614,2026-09-21T09:49:59Z,ENG-WS-17,known software,signed,Known Publisher,benign
TRUST-N-06601,2026-09-21T09:50:34Z,HR-WS-22,known software,trusted_internal,Known Publisher,benign
TRUST-N-08375,2026-09-21T09:51:26Z,MGMT-01,known software,trusted_internal,Known Publisher,benign
TRUST-N-02588,2026-09-21T09:52:33Z,PATCH-01,known software,signed,Known Publisher,benign
TRUST-N-04961,2026-09-21T09:52:41Z,HR-WS-08,known software,signed,Known Publisher,benign
TRUST-N-00222,2026-09-21T09:53:07Z,APP-06,known software,signed,Known Publisher,benign
TRUST-N-01926,2026-09-21T09:53:35Z,HR-WS-08,known software,signed,Known Publisher,benign
TRUST-N-01885,2026-09-21T09:53:39Z,MGMT-01,known software,trusted_internal,Known Publisher,benign
TRUST-N-01553,2026-09-21T09:54:34Z,ENG-WS-17,known software,trusted_internal,Known Publisher,benign
TRUST-N-00728,2026-09-21T09:54:47Z,APP-06,known software,trusted_internal,Known Publisher,benign
TRUST-N-00210,2026-09-21T09:56:04Z,MGMT-01,known software,trusted_internal,Known Publisher,benign
TRUST-N-03941,2026-09-21T09:56:16Z,MGMT-01,known software,trusted_internal,Known Publisher,benign
TRUST-N-07033,2026-09-21T09:56:28Z,PATCH-01,known software,signed,Known Publisher,benign
TRUST-N-06173,2026-09-21T09:56:52Z,HR-WS-08,known software,signed,Known Publisher,benign
TRUST-N-09329,2026-09-21T09:57:22Z,HR-WS-08,known software,signed,Known Publisher,benign
TRUST-N-06610,2026-09-21T09:57:38Z,FIN-WS-09,known software,signed,Known Publisher,benign
TRUST-N-08301,2026-09-21T09:57:46Z,HR-WS-22,known software,signed,Known Publisher,benign
TRUST-N-01567,2026-09-21T09:57:57Z,HR-WS-08,known software,signed,Known Publisher,benign
TRUST-N-05088,2026-09-21T09:58:21Z,ENG-WS-17,known software,trusted_internal,Known Publisher,benign
TRUST-N-00009,2026-09-21T09:58:31Z,APP-06,known software,signed,Known Publisher,benign
TRUST-N-07723,2026-09-21T09:59:01Z,DC-01,known software,trusted_internal,Known Publisher,benign
TRUST-N-09558,2026-09-21T09:59:25Z,DC-01,known software,trusted_internal,Known Publisher,benign
TRUST-N-06416,2026-09-21T09:59:43Z,HR-WS-22,known software,signed,Known Publisher,benign
TRUST-N-08103,2026-09-21T09:59:46Z,APP-06,known software,trusted_internal,Known Publisher,benign
TRUST-N-05348,2026-09-21T10:01:25Z,PATCH-01,known software,trusted_internal,Known Publisher,benign
TRUST-N-09855,2026-09-21T10:02:20Z,ENG-WS-17,known software,trusted_internal,Known Publisher,benign
TRUST-N-02020,2026-09-21T10:02:30Z,HR-WS-22,known software,trusted_internal,Known Publisher,benign
TRUST-N-08909,2026-09-21T10:02:44Z,DC-01,known software,trusted_internal,Known Publisher,benign
TRUST-N-03446,2026-09-21T10:03:35Z,HR-WS-22,known software,trusted_internal,Known Publisher,benign
TRUST-N-00049,2026-09-21T10:03:44Z,PATCH-01,known software,trusted_internal,Known Publisher,benign
TRUST-N-08730,2026-09-21T10:04:18Z,HR-WS-22,known software,trusted_internal,Known Publisher,benign
TRUST-N-09846,2026-09-21T10:04:54Z,MGMT-01,known software,signed,Known Publisher,benign
TRUST-N-06022,2026-09-21T10:05:20Z,DC-01,known software,trusted_internal,Known Publisher,benign
TRUST-N-07252,2026-09-21T10:05:35Z,APP-06,known software,signed,Known Publisher,benign
TRUST-N-07122,2026-09-21T10:05:36Z,HR-WS-22,known software,signed,Known Publisher,benign
TRUST-N-06435,2026-09-21T10:05:50Z,ENG-WS-17,known software,signed,Known Publisher,benign
TRUST-N-08880,2026-09-21T10:06:00Z,HR-WS-08,known software,trusted_internal,Known Publisher,benign
TRUST-N-06003,2026-09-21T10:06:07Z,FIN-WS-09,known software,trusted_internal,Known Publisher,benign
TRUST-N-02623,2026-09-21T10:06:30Z,APP-06,known software,trusted_internal,Known Publisher,benign
TRUST-N-06576,2026-09-21T10:06:30Z,FIN-WS-09,known software,signed,Known Publisher,benign
TRUST-N-05722,2026-09-21T10:06:31Z,MGMT-01,known software,trusted_internal,Known Publisher,benign
TRUST-N-05697,2026-09-21T10:06:34Z,PATCH-01,known software,trusted_internal,Known Publisher,benign
TRUST-N-04951,2026-09-21T10:06:48Z,APP-06,known software,trusted_internal,Known Publisher,benign
TRUST-N-08808,2026-09-21T10:06:50Z,ENG-WS-17,known software,trusted_internal,Known Publisher,benign
TRUST-N-09746,2026-09-21T10:06:50Z,MGMT-01,known software,trusted_internal,Known Publisher,benign
TRUST-N-02107,2026-09-21T10:07:43Z,FIN-WS-09,known software,trusted_internal,Known Publisher,benign
TRUST-N-00680,2026-09-21T10:07:56Z,HR-WS-22,known software,signed,Known Publisher,benign
TRUST-N-03917,2026-09-21T10:08:22Z,MGMT-01,known software,signed,Known Publisher,benign
TRUST-N-01114,2026-09-21T10:08:41Z,APP-06,known software,trusted_internal,Known Publisher,benign
TRUST-N-00618,2026-09-21T10:11:06Z,HR-WS-22,known software,signed,Known Publisher,benign
TRUST-N-07721,2026-09-21T10:11:21Z,HR-WS-22,known software,signed,Known Publisher,benign
TRUST-N-02874,2026-09-21T10:11:34Z,HR-WS-22,known software,signed,Known Publisher,benign
TRUST-N-07751,2026-09-21T10:11:39Z,DC-01,known software,signed,Known Publisher,benign
TRUST-N-09049,2026-09-21T10:12:16Z,HR-WS-22,known software,signed,Known Publisher,benign
TRUST-N-02415,2026-09-21T10:13:02Z,HR-WS-22,known software,signed,Known Publisher,benign
TRUST-N-09026,2026-09-21T10:13:03Z,HR-WS-22,known software,signed,Known Publisher,benign
TRUST-N-04235,2026-09-21T10:13:20Z,HR-WS-22,known software,signed,Known Publisher,benign
TRUST-N-02803,2026-09-21T10:14:49Z,HR-WS-22,known software,signed,Known Publisher,benign
TRUST-N-01856,2026-09-21T10:15:13Z,ENG-WS-17,known software,signed,Known Publisher,benign
TRUST-N-01939,2026-09-21T10:15:29Z,HR-WS-08,known software,trusted_internal,Known Publisher,benign
TRUST-N-04171,2026-09-21T10:15:37Z,HR-WS-08,known software,signed,Known Publisher,benign
TRUST-N-08111,2026-09-21T10:15:57Z,MGMT-01,known software,signed,Known Publisher,benign
TRUST-N-03850,2026-09-21T10:16:20Z,DC-01,known software,trusted_internal,Known Publisher,benign
TRUST-N-02369,2026-09-21T10:17:00Z,APP-06,known software,signed,Known Publisher,benign
TRUST-N-04848,2026-09-21T10:17:11Z,HR-WS-22,known software,trusted_internal,Known Publisher,benign
TRUST-N-05297,2026-09-21T10:18:18Z,FIN-WS-09,known software,signed,Known Publisher,benign
TRUST-N-06015,2026-09-21T10:18:32Z,FIN-WS-09,known software,trusted_internal,Known Publisher,benign
TRUST-N-07243,2026-09-21T10:19:00Z,ENG-WS-17,known software,signed,Known Publisher,benign
TRUST-N-06168,2026-09-21T10:19:38Z,MGMT-01,known software,signed,Known Publisher,benign
TRUST-N-08307,2026-09-21T10:19:42Z,HR-WS-22,known software,trusted_internal,Known Publisher,benign
TRUST-N-00458,2026-09-21T10:20:36Z,HR-WS-08,known software,signed,Known Publisher,benign
TRUST-N-03475,2026-09-21T10:21:01Z,HR-WS-22,known software,signed,Known Publisher,benign
TRUST-N-04645,2026-09-21T10:21:15Z,HR-WS-22,known software,trusted_internal,Known Publisher,benign
TRUST-N-03034,2026-09-21T10:21:34Z,MGMT-01,known software,trusted_internal,Known Publisher,benign
TRUST-N-01030,2026-09-21T10:21:38Z,MGMT-01,known software,signed,Known Publisher,benign
TRUST-N-02634,2026-09-21T10:22:51Z,DC-01,known software,signed,Known Publisher,benign
TRUST-N-01262,2026-09-21T10:23:10Z,HR-WS-22,known software,signed,Known Publisher,benign
TRUST-N-06581,2026-09-21T10:23:40Z,APP-06,known software,trusted_internal,Known Publisher,benign
TRUST-N-05440,2026-09-21T10:23:59Z,MGMT-01,known software,signed,Known Publisher,benign
TRUST-N-01398,2026-09-21T10:24:01Z,PATCH-01,known software,trusted_internal,Known Publisher,benign
TRUST-N-08806,2026-09-21T10:24:03Z,FIN-WS-09,known software,trusted_internal,Known Publisher,benign
TRUST-N-05191,2026-09-21T10:24:04Z,DC-01,known software,trusted_internal,Known Publisher,benign
TRUST-N-03096,2026-09-21T10:25:07Z,DC-01,known software,trusted_internal,Known Publisher,benign
TRUST-N-01593,2026-09-21T10:26:42Z,APP-06,known software,trusted_internal,Known Publisher,benign
TRUST-N-03970,2026-09-21T10:28:44Z,HR-WS-08,known software,trusted_internal,Known Publisher,benign
TRUST-N-01842,2026-09-21T10:29:03Z,ENG-WS-17,known software,trusted_internal,Known Publisher,benign
TRUST-N-09136,2026-09-21T10:29:32Z,HR-WS-22,known software,signed,Known Publisher,benign
TRUST-N-03326,2026-09-21T10:30:31Z,FIN-WS-09,known software,signed,Known Publisher,benign
TRUST-N-09389,2026-09-21T10:30:42Z,FIN-WS-09,known software,trusted_internal,Known Publisher,benign
TRUST-N-07579,2026-09-21T10:30:53Z,PATCH-01,known software,trusted_internal,Known Publisher,benign
TRUST-N-01984,2026-09-21T10:32:34Z,ENG-WS-17,known software,signed,Known Publisher,benign
TRUST-N-06559,2026-09-21T10:33:02Z,MGMT-01,known software,trusted_internal,Known Publisher,benign
TRUST-N-09607,2026-09-21T10:33:13Z,MGMT-01,known software,trusted_internal,Known Publisher,benign
TRUST-N-07443,2026-09-21T10:33:21Z,HR-WS-08,known software,trusted_internal,Known Publisher,benign
TRUST-N-07764,2026-09-21T10:33:29Z,FIN-WS-09,known software,trusted_internal,Known Publisher,benign
TRUST-N-03161,2026-09-21T10:33:30Z,HR-WS-22,known software,signed,Known Publisher,benign
TRUST-N-00316,2026-09-21T10:34:16Z,HR-WS-08,known software,trusted_internal,Known Publisher,benign
TRUST-N-08132,2026-09-21T10:34:38Z,DC-01,known software,trusted_internal,Known Publisher,benign
TRUST-N-06458,2026-09-21T10:34:57Z,APP-06,known software,trusted_internal,Known Publisher,benign
TRUST-N-01613,2026-09-21T10:35:14Z,DC-01,known software,signed,Known Publisher,benign
TRUST-N-05628,2026-09-21T10:35:57Z,DC-01,known software,trusted_internal,Known Publisher,benign
TRUST-N-04338,2026-09-21T10:36:12Z,FIN-WS-09,known software,signed,Known Publisher,benign
TRUST-N-05245,2026-09-21T10:36:47Z,FIN-WS-09,known software,signed,Known Publisher,benign
TRUST-N-02148,2026-09-21T10:38:00Z,APP-06,known software,signed,Known Publisher,benign
TRUST-N-05764,2026-09-21T10:38:01Z,ENG-WS-17,known software,trusted_internal,Known Publisher,benign
TRUST-N-04576,2026-09-21T10:40:20Z,MGMT-01,known software,trusted_internal,Known Publisher,benign
TRUST-N-05008,2026-09-21T10:40:53Z,DC-01,known software,signed,Known Publisher,benign
TRUST-N-04205,2026-09-21T10:40:58Z,ENG-WS-17,known software,signed,Known Publisher,benign
TRUST-N-05500,2026-09-21T10:41:29Z,APP-06,known software,trusted_internal,Known Publisher,benign
TRUST-N-01110,2026-09-21T10:41:56Z,HR-WS-22,known software,signed,Known Publisher,benign
TRUST-N-06331,2026-09-21T10:42:14Z,DC-01,known software,signed,Known Publisher,benign
TRUST-N-01269,2026-09-21T10:42:22Z,HR-WS-08,known software,signed,Known Publisher,benign
TRUST-N-06553,2026-09-21T10:42:27Z,DC-01,known software,signed,Known Publisher,benign
TRUST-N-03541,2026-09-21T10:42:30Z,MGMT-01,known software,signed,Known Publisher,benign
TRUST-N-02171,2026-09-21T10:43:10Z,PATCH-01,known software,trusted_internal,Known Publisher,benign
TRUST-N-05360,2026-09-21T10:43:17Z,HR-WS-08,known software,signed,Known Publisher,benign
TRUST-N-07458,2026-09-21T10:43:39Z,DC-01,known software,trusted_internal,Known Publisher,benign
TRUST-N-01556,2026-09-21T10:44:06Z,HR-WS-08,known software,signed,Known Publisher,benign
TRUST-N-08085,2026-09-21T10:44:47Z,MGMT-01,known software,signed,Known Publisher,benign
TRUST-N-06177,2026-09-21T10:44:54Z,MGMT-01,known software,trusted_internal,Known Publisher,benign
TRUST-N-07915,2026-09-21T10:45:26Z,FIN-WS-09,known software,trusted_internal,Known Publisher,benign
TRUST-N-07923,2026-09-21T10:45:52Z,MGMT-01,known software,signed,Known Publisher,benign
TRUST-N-01779,2026-09-21T10:46:35Z,DC-01,known software,trusted_internal,Known Publisher,benign
TRUST-N-02106,2026-09-21T10:46:53Z,FIN-WS-09,known software,trusted_internal,Known Publisher,benign
TRUST-N-06787,2026-09-21T10:47:52Z,DC-01,known software,signed,Known Publisher,benign
TRUST-N-04738,2026-09-21T10:49:37Z,FIN-WS-09,known software,trusted_internal,Known Publisher,benign
TRUST-N-02625,2026-09-21T10:51:11Z,MGMT-01,known software,signed,Known Publisher,benign
TRUST-N-03542,2026-09-21T10:51:55Z,FIN-WS-09,known software,trusted_internal,Known Publisher,benign
TRUST-N-03227,2026-09-21T10:52:04Z,HR-WS-22,known software,trusted_internal,Known Publisher,benign
TRUST-N-06197,2026-09-21T10:52:09Z,HR-WS-22,known software,signed,Known Publisher,benign
TRUST-N-04506,2026-09-21T10:52:14Z,HR-WS-08,known software,signed,Known Publisher,benign
TRUST-N-05499,2026-09-21T10:52:23Z,PATCH-01,known software,signed,Known Publisher,benign
TRUST-N-02882,2026-09-21T10:52:24Z,DC-01,known software,signed,Known Publisher,benign
TRUST-N-04194,2026-09-21T10:52:46Z,APP-06,known software,signed,Known Publisher,benign
TRUST-N-04676,2026-09-21T10:53:24Z,HR-WS-08,known software,signed,Known Publisher,benign
TRUST-N-07200,2026-09-21T10:53:35Z,APP-06,known software,signed,Known Publisher,benign
TRUST-N-00122,2026-09-21T10:53:41Z,HR-WS-22,known software,trusted_internal,Known Publisher,benign
TRUST-N-04093,2026-09-21T10:53:45Z,DC-01,known software,signed,Known Publisher,benign
TRUST-N-06289,2026-09-21T10:53:53Z,FIN-WS-09,known software,trusted_internal,Known Publisher,benign
TRUST-N-04278,2026-09-21T10:54:21Z,FIN-WS-09,known software,trusted_internal,Known Publisher,benign
TRUST-N-02735,2026-09-21T10:54:24Z,PATCH-01,known software,signed,Known Publisher,benign
TRUST-N-00704,2026-09-21T10:55:27Z,PATCH-01,known software,trusted_internal,Known Publisher,benign
TRUST-N-06410,2026-09-21T10:55:45Z,FIN-WS-09,known software,trusted_internal,Known Publisher,benign
TRUST-N-05334,2026-09-21T10:56:41Z,DC-01,known software,trusted_internal,Known Publisher,benign
TRUST-N-07185,2026-09-21T10:58:17Z,PATCH-01,known software,trusted_internal,Known Publisher,benign
TRUST-N-09659,2026-09-21T10:58:38Z,FIN-WS-09,known software,trusted_internal,Known Publisher,benign
TRUST-N-04306,2026-09-21T10:59:07Z,FIN-WS-09,known software,signed,Known Publisher,benign
TRUST-N-05871,2026-09-21T10:59:09Z,MGMT-01,known software,trusted_internal,Known Publisher,benign
TRUST-N-05359,2026-09-21T11:00:18Z,MGMT-01,known software,trusted_internal,Known Publisher,benign
TRUST-N-08406,2026-09-21T11:00:51Z,MGMT-01,known software,signed,Known Publisher,benign
TRUST-N-03949,2026-09-21T11:00:53Z,ENG-WS-17,known software,trusted_internal,Known Publisher,benign
TRUST-N-09986,2026-09-21T11:00:54Z,HR-WS-08,known software,signed,Known Publisher,benign
TRUST-N-06283,2026-09-21T11:00:55Z,ENG-WS-17,known software,signed,Known Publisher,benign
TRUST-N-08251,2026-09-21T11:01:41Z,DC-01,known software,signed,Known Publisher,benign
TRUST-N-00727,2026-09-21T11:02:26Z,HR-WS-22,known software,trusted_internal,Known Publisher,benign
TRUST-N-07286,2026-09-21T11:02:33Z,FIN-WS-09,known software,signed,Known Publisher,benign
TRUST-N-05038,2026-09-21T11:03:10Z,HR-WS-08,known software,signed,Known Publisher,benign
TRUST-N-00736,2026-09-21T11:03:21Z,HR-WS-22,known software,trusted_internal,Known Publisher,benign
TRUST-N-06194,2026-09-21T11:03:58Z,HR-WS-08,known software,trusted_internal,Known Publisher,benign
TRUST-N-04219,2026-09-21T11:04:08Z,HR-WS-22,known software,signed,Known Publisher,benign
TRUST-N-05816,2026-09-21T11:04:12Z,DC-01,known software,trusted_internal,Known Publisher,benign
TRUST-N-03485,2026-09-21T11:04:22Z,MGMT-01,known software,signed,Known Publisher,benign
TRUST-N-07713,2026-09-21T11:04:51Z,HR-WS-22,known software,trusted_internal,Known Publisher,benign
TRUST-N-00918,2026-09-21T11:05:38Z,MGMT-01,known software,trusted_internal,Known Publisher,benign
TRUST-N-03939,2026-09-21T11:06:24Z,APP-06,known software,trusted_internal,Known Publisher,benign
TRUST-N-06218,2026-09-21T11:08:11Z,ENG-WS-17,known software,trusted_internal,Known Publisher,benign
TRUST-N-05791,2026-09-21T11:08:15Z,MGMT-01,known software,trusted_internal,Known Publisher,benign
TRUST-N-00886,2026-09-21T11:08:30Z,HR-WS-22,known software,trusted_internal,Known Publisher,benign
TRUST-N-09078,2026-09-21T11:11:48Z,FIN-WS-09,known software,trusted_internal,Known Publisher,benign
TRUST-N-07238,2026-09-21T11:12:00Z,ENG-WS-17,known software,signed,Known Publisher,benign
TRUST-N-05135,2026-09-21T11:12:09Z,FIN-WS-09,known software,trusted_internal,Known Publisher,benign
TRUST-N-07580,2026-09-21T11:13:29Z,HR-WS-08,known software,signed,Known Publisher,benign
TRUST-N-03681,2026-09-21T11:13:41Z,MGMT-01,known software,signed,Known Publisher,benign
TRUST-N-05563,2026-09-21T11:14:28Z,PATCH-01,known software,trusted_internal,Known Publisher,benign
TRUST-N-00885,2026-09-21T11:15:27Z,HR-WS-08,known software,trusted_internal,Known Publisher,benign
TRUST-N-06258,2026-09-21T11:15:38Z,HR-WS-08,known software,signed,Known Publisher,benign
TRUST-N-09154,2026-09-21T11:15:59Z,FIN-WS-09,known software,trusted_internal,Known Publisher,benign
TRUST-N-05558,2026-09-21T11:16:11Z,ENG-WS-17,known software,trusted_internal,Known Publisher,benign
TRUST-N-02586,2026-09-21T11:16:35Z,MGMT-01,known software,signed,Known Publisher,benign
TRUST-N-02628,2026-09-21T11:17:20Z,HR-WS-08,known software,signed,Known Publisher,benign
TRUST-N-08349,2026-09-21T11:17:40Z,APP-06,known software,trusted_internal,Known Publisher,benign
TRUST-N-08947,2026-09-21T11:18:02Z,PATCH-01,known software,trusted_internal,Known Publisher,benign
TRUST-N-01166,2026-09-21T11:18:56Z,PATCH-01,known software,trusted_internal,Known Publisher,benign
TRUST-N-05815,2026-09-21T11:19:05Z,APP-06,known software,trusted_internal,Known Publisher,benign
TRUST-N-04036,2026-09-21T11:19:20Z,HR-WS-08,known software,signed,Known Publisher,benign
TRUST-N-07037,2026-09-21T11:19:23Z,DC-01,known software,trusted_internal,Known Publisher,benign
TRUST-N-07215,2026-09-21T11:19:42Z,APP-06,known software,signed,Known Publisher,benign
TRUST-N-09211,2026-09-21T11:20:30Z,FIN-WS-09,known software,signed,Known Publisher,benign
TRUST-N-08585,2026-09-21T11:20:43Z,PATCH-01,known software,signed,Known Publisher,benign
TRUST-N-03670,2026-09-21T11:21:58Z,HR-WS-08,known software,trusted_internal,Known Publisher,benign
TRUST-N-00422,2026-09-21T11:22:42Z,PATCH-01,known software,signed,Known Publisher,benign
TRUST-N-06983,2026-09-21T11:23:19Z,PATCH-01,known software,trusted_internal,Known Publisher,benign
TRUST-N-08190,2026-09-21T11:24:03Z,DC-01,known software,signed,Known Publisher,benign
TRUST-N-03310,2026-09-21T11:25:14Z,PATCH-01,known software,signed,Known Publisher,benign
TRUST-N-05479,2026-09-21T11:25:26Z,MGMT-01,known software,signed,Known Publisher,benign
TRUST-N-00146,2026-09-21T11:25:30Z,MGMT-01,known software,signed,Known Publisher,benign
TRUST-N-02943,2026-09-21T11:26:36Z,HR-WS-08,known software,signed,Known Publisher,benign
TRUST-N-04450,2026-09-21T11:26:52Z,PATCH-01,known software,trusted_internal,Known Publisher,benign
TRUST-N-02497,2026-09-21T11:27:38Z,ENG-WS-17,known software,trusted_internal,Known Publisher,benign
TRUST-N-06285,2026-09-21T11:28:18Z,DC-01,known software,signed,Known Publisher,benign
TRUST-N-07873,2026-09-21T11:29:00Z,PATCH-01,known software,trusted_internal,Known Publisher,benign
TRUST-N-03983,2026-09-21T11:29:08Z,HR-WS-08,known software,signed,Known Publisher,benign
TRUST-N-01879,2026-09-21T11:29:16Z,ENG-WS-17,known software,signed,Known Publisher,benign
TRUST-N-08304,2026-09-21T11:29:34Z,ENG-WS-17,known software,trusted_internal,Known Publisher,benign
TRUST-N-06298,2026-09-21T11:31:03Z,APP-06,known software,trusted_internal,Known Publisher,benign
TRUST-N-04254,2026-09-21T11:31:23Z,HR-WS-08,known software,signed,Known Publisher,benign
TRUST-N-00436,2026-09-21T11:32:06Z,ENG-WS-17,known software,signed,Known Publisher,benign
TRUST-N-07738,2026-09-21T11:32:40Z,HR-WS-22,known software,signed,Known Publisher,benign
TRUST-N-07183,2026-09-21T11:32:41Z,ENG-WS-17,known software,signed,Known Publisher,benign
TRUST-N-09356,2026-09-21T11:33:20Z,ENG-WS-17,known software,trusted_internal,Known Publisher,benign
TRUST-N-09980,2026-09-21T11:34:49Z,ENG-WS-17,known software,signed,Known Publisher,benign
TRUST-N-01783,2026-09-21T11:35:39Z,HR-WS-08,known software,signed,Known Publisher,benign
TRUST-N-04500,2026-09-21T11:35:41Z,DC-01,known software,trusted_internal,Known Publisher,benign
TRUST-N-02119,2026-09-21T11:36:19Z,PATCH-01,known software,signed,Known Publisher,benign
TRUST-N-03504,2026-09-21T11:36:56Z,DC-01,known software,trusted_internal,Known Publisher,benign
TRUST-N-05346,2026-09-21T11:38:07Z,HR-WS-22,known software,trusted_internal,Known Publisher,benign
TRUST-N-02995,2026-09-21T11:38:45Z,ENG-WS-17,known software,signed,Known Publisher,benign
TRUST-N-01167,2026-09-21T11:39:22Z,MGMT-01,known software,signed,Known Publisher,benign
TRUST-N-01368,2026-09-21T11:39:53Z,MGMT-01,known software,signed,Known Publisher,benign
TRUST-N-06153,2026-09-21T11:40:03Z,ENG-WS-17,known software,signed,Known Publisher,benign
TRUST-N-03728,2026-09-21T11:40:58Z,MGMT-01,known software,signed,Known Publisher,benign
TRUST-N-05643,2026-09-21T11:41:14Z,MGMT-01,known software,trusted_internal,Known Publisher,benign
TRUST-N-02385,2026-09-21T11:42:40Z,ENG-WS-17,known software,trusted_internal,Known Publisher,benign
TRUST-N-07241,2026-09-21T11:43:08Z,HR-WS-22,known software,trusted_internal,Known Publisher,benign
TRUST-N-08695,2026-09-21T11:44:32Z,APP-06,known software,trusted_internal,Known Publisher,benign
TRUST-N-03519,2026-09-21T11:45:57Z,MGMT-01,known software,signed,Known Publisher,benign
TRUST-N-06130,2026-09-21T11:46:02Z,PATCH-01,known software,trusted_internal,Known Publisher,benign
TRUST-N-07129,2026-09-21T11:47:40Z,HR-WS-22,known software,trusted_internal,Known Publisher,benign
TRUST-N-01485,2026-09-21T11:48:26Z,HR-WS-22,known software,signed,Known Publisher,benign
TRUST-N-03070,2026-09-21T11:48:45Z,FIN-WS-09,known software,trusted_internal,Known Publisher,benign
TRUST-N-00126,2026-09-21T11:49:22Z,DC-01,known software,signed,Known Publisher,benign
TRUST-N-08893,2026-09-21T11:49:29Z,HR-WS-08,known software,trusted_internal,Known Publisher,benign
TRUST-N-05120,2026-09-21T11:50:57Z,APP-06,known software,trusted_internal,Known Publisher,benign
TRUST-N-04873,2026-09-21T11:51:40Z,HR-WS-08,known software,signed,Known Publisher,benign
TRUST-N-07887,2026-09-21T11:51:41Z,APP-06,known software,trusted_internal,Known Publisher,benign
TRUST-N-09691,2026-09-21T11:52:39Z,APP-06,known software,trusted_internal,Known Publisher,benign
TRUST-N-08839,2026-09-21T11:54:18Z,ENG-WS-17,known software,signed,Known Publisher,benign
TRUST-N-08519,2026-09-21T11:54:27Z,FIN-WS-09,known software,signed,Known Publisher,benign
TRUST-N-04652,2026-09-21T11:54:42Z,HR-WS-08,known software,signed,Known Publisher,benign
TRUST-N-06994,2026-09-21T11:55:07Z,FIN-WS-09,known software,trusted_internal,Known Publisher,benign
TRUST-N-06154,2026-09-21T11:55:13Z,HR-WS-08,known software,signed,Known Publisher,benign
TRUST-N-01447,2026-09-21T11:55:14Z,DC-01,known software,signed,Known Publisher,benign
TRUST-N-02771,2026-09-21T11:55:23Z,APP-06,known software,trusted_internal,Known Publisher,benign
TRUST-N-02339,2026-09-21T11:56:16Z,FIN-WS-09,known software,signed,Known Publisher,benign
TRUST-N-08004,2026-09-21T11:56:23Z,HR-WS-08,known software,signed,Known Publisher,benign
TRUST-N-03269,2026-09-21T11:56:25Z,HR-WS-22,known software,trusted_internal,Known Publisher,benign
TRUST-N-06916,2026-09-21T11:56:59Z,HR-WS-22,known software,signed,Known Publisher,benign
TRUST-N-01693,2026-09-21T11:57:21Z,HR-WS-22,known software,trusted_internal,Known Publisher,benign
TRUST-N-09899,2026-09-21T11:57:24Z,DC-01,known software,trusted_internal,Known Publisher,benign
TRUST-N-00893,2026-09-21T11:57:34Z,HR-WS-08,known software,signed,Known Publisher,benign
TRUST-N-09854,2026-09-21T11:59:09Z,FIN-WS-09,known software,trusted_internal,Known Publisher,benign
TRUST-N-00755,2026-09-21T12:00:25Z,APP-06,known software,trusted_internal,Known Publisher,benign
TRUST-N-05514,2026-09-21T12:00:29Z,APP-06,known software,signed,Known Publisher,benign
TRUST-N-02920,2026-09-21T12:01:35Z,MGMT-01,known software,trusted_internal,Known Publisher,benign
TRUST-N-07758,2026-09-21T12:01:43Z,MGMT-01,known software,signed,Known Publisher,benign
TRUST-N-02850,2026-09-21T12:02:26Z,DC-01,known software,signed,Known Publisher,benign
TRUST-N-06231,2026-09-21T12:02:59Z,DC-01,known software,signed,Known Publisher,benign
TRUST-N-01416,2026-09-21T12:03:29Z,HR-WS-08,known software,signed,Known Publisher,benign
TRUST-N-04542,2026-09-21T12:03:59Z,FIN-WS-09,known software,trusted_internal,Known Publisher,benign
TRUST-N-00986,2026-09-21T12:04:09Z,DC-01,known software,trusted_internal,Known Publisher,benign
TRUST-N-03343,2026-09-21T12:04:20Z,HR-WS-08,known software,signed,Known Publisher,benign
TRUST-N-08267,2026-09-21T12:06:10Z,FIN-WS-09,known software,trusted_internal,Known Publisher,benign
TRUST-N-02375,2026-09-21T12:07:16Z,MGMT-01,known software,trusted_internal,Known Publisher,benign
TRUST-N-01247,2026-09-21T12:07:41Z,HR-WS-08,known software,trusted_internal,Known Publisher,benign
TRUST-N-02800,2026-09-21T12:09:38Z,PATCH-01,known software,signed,Known Publisher,benign
TRUST-N-03039,2026-09-21T12:10:25Z,DC-01,known software,trusted_internal,Known Publisher,benign
TRUST-N-04743,2026-09-21T12:13:52Z,APP-06,known software,signed,Known Publisher,benign
TRUST-N-09304,2026-09-21T12:14:08Z,DC-01,known software,signed,Known Publisher,benign
TRUST-N-09067,2026-09-21T12:14:13Z,DC-01,known software,trusted_internal,Known Publisher,benign
TRUST-N-06485,2026-09-21T12:15:46Z,HR-WS-22,known software,signed,Known Publisher,benign
TRUST-N-04560,2026-09-21T12:16:37Z,ENG-WS-17,known software,signed,Known Publisher,benign
TRUST-N-04866,2026-09-21T12:16:52Z,HR-WS-22,known software,trusted_internal,Known Publisher,benign
TRUST-N-03758,2026-09-21T12:16:56Z,HR-WS-08,known software,trusted_internal,Known Publisher,benign
TRUST-N-03994,2026-09-21T12:17:01Z,APP-06,known software,signed,Known Publisher,benign
TRUST-N-09858,2026-09-21T12:18:40Z,FIN-WS-09,known software,signed,Known Publisher,benign
TRUST-N-03001,2026-09-21T12:19:18Z,PATCH-01,known software,signed,Known Publisher,benign
TRUST-N-02159,2026-09-21T12:20:22Z,ENG-WS-17,known software,signed,Known Publisher,benign
TRUST-N-08619,2026-09-21T12:20:26Z,APP-06,known software,trusted_internal,Known Publisher,benign
TRUST-N-09657,2026-09-21T12:20:53Z,APP-06,known software,signed,Known Publisher,benign
TRUST-N-00977,2026-09-21T12:22:05Z,DC-01,known software,trusted_internal,Known Publisher,benign
TRUST-N-06917,2026-09-21T12:22:06Z,MGMT-01,known software,signed,Known Publisher,benign
TRUST-N-08008,2026-09-21T12:22:20Z,ENG-WS-17,known software,trusted_internal,Known Publisher,benign
TRUST-N-00324,2026-09-21T12:22:58Z,DC-01,known software,signed,Known Publisher,benign
TRUST-N-04359,2026-09-21T12:23:19Z,APP-06,known software,signed,Known Publisher,benign
TRUST-N-02980,2026-09-21T12:23:35Z,ENG-WS-17,known software,trusted_internal,Known Publisher,benign
TRUST-N-07399,2026-09-21T12:24:10Z,DC-01,known software,trusted_internal,Known Publisher,benign
TRUST-N-00337,2026-09-21T12:24:36Z,APP-06,known software,signed,Known Publisher,benign
TRUST-N-00202,2026-09-21T12:24:49Z,DC-01,known software,signed,Known Publisher,benign
TRUST-N-08836,2026-09-21T12:24:52Z,APP-06,known software,signed,Known Publisher,benign
TRUST-N-06590,2026-09-21T12:25:30Z,HR-WS-08,known software,trusted_internal,Known Publisher,benign
TRUST-N-03086,2026-09-21T12:26:58Z,ENG-WS-17,known software,signed,Known Publisher,benign
TRUST-N-04708,2026-09-21T12:27:05Z,DC-01,known software,signed,Known Publisher,benign
TRUST-N-05721,2026-09-21T12:27:23Z,DC-01,known software,signed,Known Publisher,benign
TRUST-N-08338,2026-09-21T12:30:42Z,APP-06,known software,signed,Known Publisher,benign
TRUST-N-03974,2026-09-21T12:30:45Z,PATCH-01,known software,trusted_internal,Known Publisher,benign
TRUST-N-03431,2026-09-21T12:31:24Z,HR-WS-22,known software,trusted_internal,Known Publisher,benign
TRUST-N-02875,2026-09-21T12:33:25Z,HR-WS-08,known software,signed,Known Publisher,benign
TRUST-N-05448,2026-09-21T12:34:54Z,DC-01,known software,signed,Known Publisher,benign
TRUST-N-04762,2026-09-21T12:35:56Z,HR-WS-22,known software,trusted_internal,Known Publisher,benign
TRUST-N-00405,2026-09-21T12:36:25Z,ENG-WS-17,known software,signed,Known Publisher,benign
TRUST-N-07350,2026-09-21T12:36:41Z,DC-01,known software,signed,Known Publisher,benign
TRUST-N-04775,2026-09-21T12:36:57Z,APP-06,known software,signed,Known Publisher,benign
TRUST-N-01649,2026-09-21T12:37:00Z,MGMT-01,known software,signed,Known Publisher,benign
TRUST-N-00119,2026-09-21T12:37:24Z,FIN-WS-09,known software,signed,Known Publisher,benign
TRUST-N-06203,2026-09-21T12:37:48Z,FIN-WS-09,known software,signed,Known Publisher,benign
TRUST-N-06215,2026-09-21T12:38:29Z,APP-06,known software,signed,Known Publisher,benign
TRUST-N-02836,2026-09-21T12:38:59Z,PATCH-01,known software,signed,Known Publisher,benign
TRUST-N-04622,2026-09-21T12:39:30Z,HR-WS-22,known software,trusted_internal,Known Publisher,benign
TRUST-N-06556,2026-09-21T12:39:41Z,PATCH-01,known software,trusted_internal,Known Publisher,benign
TRUST-N-03036,2026-09-21T12:39:55Z,HR-WS-22,known software,signed,Known Publisher,benign
TRUST-N-07334,2026-09-21T12:40:48Z,MGMT-01,known software,signed,Known Publisher,benign
TRUST-N-01092,2026-09-21T12:41:08Z,HR-WS-08,known software,signed,Known Publisher,benign
TRUST-N-09879,2026-09-21T12:41:46Z,FIN-WS-09,known software,signed,Known Publisher,benign
TRUST-N-03352,2026-09-21T12:42:34Z,DC-01,known software,signed,Known Publisher,benign
TRUST-N-03901,2026-09-21T12:42:59Z,ENG-WS-17,known software,signed,Known Publisher,benign
TRUST-N-04673,2026-09-21T12:43:38Z,ENG-WS-17,known software,signed,Known Publisher,benign
TRUST-N-06222,2026-09-21T12:44:01Z,DC-01,known software,signed,Known Publisher,benign
TRUST-N-05051,2026-09-21T12:44:12Z,HR-WS-22,known software,trusted_internal,Known Publisher,benign
TRUST-N-00488,2026-09-21T12:44:35Z,HR-WS-22,known software,signed,Known Publisher,benign
TRUST-N-05225,2026-09-21T12:45:16Z,APP-06,known software,signed,Known Publisher,benign
TRUST-N-02393,2026-09-21T12:46:44Z,FIN-WS-09,known software,signed,Known Publisher,benign
TRUST-N-00998,2026-09-21T12:48:06Z,DC-01,known software,signed,Known Publisher,benign
TRUST-N-07521,2026-09-21T12:48:26Z,ENG-WS-17,known software,trusted_internal,Known Publisher,benign
TRUST-N-00820,2026-09-21T12:48:57Z,DC-01,known software,signed,Known Publisher,benign
TRUST-N-04198,2026-09-21T12:49:08Z,DC-01,known software,trusted_internal,Known Publisher,benign
TRUST-N-02765,2026-09-21T12:49:20Z,ENG-WS-17,known software,signed,Known Publisher,benign
TRUST-N-08183,2026-09-21T12:50:28Z,APP-06,known software,trusted_internal,Known Publisher,benign
TRUST-N-05216,2026-09-21T12:50:33Z,ENG-WS-17,known software,trusted_internal,Known Publisher,benign
TRUST-N-08914,2026-09-21T12:50:47Z,MGMT-01,known software,signed,Known Publisher,benign
TRUST-N-07284,2026-09-21T12:50:55Z,ENG-WS-17,known software,trusted_internal,Known Publisher,benign
TRUST-N-01079,2026-09-21T12:50:59Z,PATCH-01,known software,trusted_internal,Known Publisher,benign
TRUST-N-01083,2026-09-21T12:51:18Z,FIN-WS-09,known software,signed,Known Publisher,benign
TRUST-N-02115,2026-09-21T12:51:29Z,MGMT-01,known software,signed,Known Publisher,benign
TRUST-N-06093,2026-09-21T12:52:11Z,APP-06,known software,signed,Known Publisher,benign
TRUST-N-06413,2026-09-21T12:52:50Z,HR-WS-22,known software,trusted_internal,Known Publisher,benign
TRUST-N-03319,2026-09-21T12:53:15Z,HR-WS-22,known software,trusted_internal,Known Publisher,benign
TRUST-N-09992,2026-09-21T12:54:10Z,FIN-WS-09,known software,signed,Known Publisher,benign
TRUST-N-02579,2026-09-21T12:54:37Z,MGMT-01,known software,trusted_internal,Known Publisher,benign
TRUST-N-04367,2026-09-21T12:55:56Z,MGMT-01,known software,trusted_internal,Known Publisher,benign
TRUST-N-09946,2026-09-21T12:57:29Z,DC-01,known software,trusted_internal,Known Publisher,benign
TRUST-N-04858,2026-09-21T12:57:33Z,HR-WS-08,known software,signed,Known Publisher,benign
TRUST-N-06001,2026-09-21T12:58:00Z,MGMT-01,known software,signed,Known Publisher,benign
TRUST-N-05045,2026-09-21T12:58:41Z,HR-WS-08,known software,trusted_internal,Known Publisher,benign
TRUST-N-03581,2026-09-21T12:58:52Z,DC-01,known software,signed,Known Publisher,benign
TRUST-N-01264,2026-09-21T12:59:00Z,APP-06,known software,trusted_internal,Known Publisher,benign
TRUST-1,2026-09-21T12:59:00Z,HR-WS-22,telemetry.ps1,untrusted,,investigate
TRUST-N-09146,2026-09-21T12:59:03Z,HR-WS-08,known software,signed,Known Publisher,benign
TRUST-N-09569,2026-09-21T13:00:19Z,HR-WS-08,known software,signed,Known Publisher,benign
TRUST-N-07402,2026-09-21T13:00:26Z,MGMT-01,known software,trusted_internal,Known Publisher,benign
TRUST-N-01526,2026-09-21T13:02:30Z,HR-WS-08,known software,signed,Known Publisher,benign
TRUST-N-01607,2026-09-21T13:02:45Z,APP-06,known software,signed,Known Publisher,benign
TRUST-N-08569,2026-09-21T13:03:39Z,HR-WS-22,known software,trusted_internal,Known Publisher,benign
TRUST-N-08598,2026-09-21T13:03:49Z,MGMT-01,known software,trusted_internal,Known Publisher,benign
TRUST-N-03110,2026-09-21T13:03:50Z,DC-01,known software,signed,Known Publisher,benign
TRUST-N-06335,2026-09-21T13:04:21Z,HR-WS-22,known software,signed,Known Publisher,benign
TRUST-N-02532,2026-09-21T13:04:58Z,PATCH-01,known software,signed,Known Publisher,benign
TRUST-N-01655,2026-09-21T13:05:05Z,PATCH-01,known software,trusted_internal,Known Publisher,benign
TRUST-N-06557,2026-09-21T13:05:46Z,DC-01,known software,signed,Known Publisher,benign
TRUST-N-01534,2026-09-21T13:06:28Z,DC-01,known software,trusted_internal,Known Publisher,benign
TRUST-N-08225,2026-09-21T13:08:29Z,DC-01,known software,trusted_internal,Known Publisher,benign
TRUST-N-00544,2026-09-21T13:08:44Z,PATCH-01,known software,trusted_internal,Known Publisher,benign
TRUST-N-08491,2026-09-21T13:08:59Z,APP-06,known software,signed,Known Publisher,benign
TRUST-N-01980,2026-09-21T13:09:00Z,APP-06,known software,trusted_internal,Known Publisher,benign
TRUST-N-04167,2026-09-21T13:09:17Z,HR-WS-22,known software,signed,Known Publisher,benign
TRUST-N-01732,2026-09-21T13:09:20Z,DC-01,known software,trusted_internal,Known Publisher,benign
TRUST-N-05797,2026-09-21T13:10:28Z,HR-WS-08,known software,signed,Known Publisher,benign
TRUST-N-08067,2026-09-21T13:12:12Z,MGMT-01,known software,signed,Known Publisher,benign
TRUST-N-07438,2026-09-21T13:13:23Z,MGMT-01,known software,trusted_internal,Known Publisher,benign
TRUST-N-03178,2026-09-21T13:13:34Z,APP-06,known software,trusted_internal,Known Publisher,benign
TRUST-N-09492,2026-09-21T13:13:42Z,MGMT-01,known software,trusted_internal,Known Publisher,benign
TRUST-N-06334,2026-09-21T13:15:18Z,HR-WS-08,known software,trusted_internal,Known Publisher,benign
TRUST-N-00952,2026-09-21T13:16:40Z,PATCH-01,known software,trusted_internal,Known Publisher,benign
TRUST-N-01771,2026-09-21T13:16:40Z,APP-06,known software,signed,Known Publisher,benign
TRUST-N-01648,2026-09-21T13:17:27Z,DC-01,known software,trusted_internal,Known Publisher,benign
TRUST-2,2026-09-21T13:18:00Z,ENG-WS-17,winsupport.exe,untrusted,,investigate
TRUST-N-09749,2026-09-21T13:18:02Z,MGMT-01,known software,trusted_internal,Known Publisher,benign
TRUST-N-00752,2026-09-21T13:18:12Z,ENG-WS-17,known software,signed,Known Publisher,benign
TRUST-N-07270,2026-09-21T13:18:33Z,PATCH-01,known software,signed,Known Publisher,benign
TRUST-BEN,2026-09-21T13:19:00Z,APP-06,agent.exe,signed,ACME IT,benign
TRUST-N-01039,2026-09-21T13:20:34Z,PATCH-01,known software,trusted_internal,Known Publisher,benign
TRUST-N-01911,2026-09-21T13:20:46Z,HR-WS-08,known software,trusted_internal,Known Publisher,benign
TRUST-N-06393,2026-09-21T13:22:19Z,PATCH-01,known software,trusted_internal,Known Publisher,benign
TRUST-N-08636,2026-09-21T13:22:26Z,HR-WS-22,known software,trusted_internal,Known Publisher,benign
TRUST-N-09097,2026-09-21T13:22:54Z,APP-06,known software,signed,Known Publisher,benign
TRUST-N-07146,2026-09-21T13:23:17Z,FIN-WS-09,known software,trusted_internal,Known Publisher,benign
TRUST-N-08752,2026-09-21T13:23:20Z,MGMT-01,known software,signed,Known Publisher,benign
TRUST-N-06184,2026-09-21T13:24:16Z,HR-WS-08,known software,signed,Known Publisher,benign
TRUST-N-01250,2026-09-21T13:24:20Z,FIN-WS-09,known software,trusted_internal,Known Publisher,benign
TRUST-N-04249,2026-09-21T13:24:25Z,MGMT-01,known software,signed,Known Publisher,benign
TRUST-N-01461,2026-09-21T13:24:33Z,MGMT-01,known software,signed,Known Publisher,benign
TRUST-N-02715,2026-09-21T13:26:04Z,FIN-WS-09,known software,trusted_internal,Known Publisher,benign
TRUST-N-08845,2026-09-21T13:28:01Z,PATCH-01,known software,signed,Known Publisher,benign
TRUST-N-03628,2026-09-21T13:29:02Z,ENG-WS-17,known software,signed,Known Publisher,benign
TRUST-N-07631,2026-09-21T13:29:09Z,ENG-WS-17,known software,signed,Known Publisher,benign
TRUST-N-07087,2026-09-21T13:29:37Z,FIN-WS-09,known software,signed,Known Publisher,benign
TRUST-N-08345,2026-09-21T13:29:52Z,PATCH-01,known software,trusted_internal,Known Publisher,benign
TRUST-N-03951,2026-09-21T13:29:55Z,MGMT-01,known software,signed,Known Publisher,benign
TRUST-N-07100,2026-09-21T13:30:13Z,HR-WS-22,known software,signed,Known Publisher,benign
TRUST-N-07518,2026-09-21T13:31:22Z,DC-01,known software,signed,Known Publisher,benign
TRUST-N-02862,2026-09-21T13:32:00Z,ENG-WS-17,known software,trusted_internal,Known Publisher,benign
TRUST-N-07369,2026-09-21T13:32:31Z,PATCH-01,known software,signed,Known Publisher,benign
TRUST-N-05611,2026-09-21T13:32:37Z,HR-WS-22,known software,signed,Known Publisher,benign
TRUST-N-00133,2026-09-21T13:32:39Z,PATCH-01,known software,signed,Known Publisher,benign
TRUST-N-07253,2026-09-21T13:32:54Z,HR-WS-22,known software,signed,Known Publisher,benign
TRUST-N-01535,2026-09-21T13:33:11Z,HR-WS-08,known software,trusted_internal,Known Publisher,benign
TRUST-N-05509,2026-09-21T13:34:07Z,HR-WS-22,known software,signed,Known Publisher,benign
TRUST-N-08948,2026-09-21T13:35:42Z,PATCH-01,known software,trusted_internal,Known Publisher,benign
TRUST-N-06212,2026-09-21T13:36:02Z,ENG-WS-17,known software,trusted_internal,Known Publisher,benign
TRUST-N-06884,2026-09-21T13:36:24Z,ENG-WS-17,known software,signed,Known Publisher,benign
TRUST-N-09872,2026-09-21T13:38:52Z,FIN-WS-09,known software,trusted_internal,Known Publisher,benign
TRUST-N-04179,2026-09-21T13:39:13Z,HR-WS-08,known software,trusted_internal,Known Publisher,benign
TRUST-N-06214,2026-09-21T13:39:16Z,HR-WS-22,known software,signed,Known Publisher,benign
TRUST-N-04719,2026-09-21T13:39:25Z,PATCH-01,known software,trusted_internal,Known Publisher,benign
TRUST-N-09821,2026-09-21T13:39:45Z,HR-WS-22,known software,trusted_internal,Known Publisher,benign
TRUST-N-03529,2026-09-21T13:40:58Z,HR-WS-08,known software,trusted_internal,Known Publisher,benign
TRUST-N-00557,2026-09-21T13:41:05Z,MGMT-01,known software,trusted_internal,Known Publisher,benign
TRUST-N-09943,2026-09-21T13:41:31Z,ENG-WS-17,known software,signed,Known Publisher,benign
TRUST-N-04883,2026-09-21T13:41:38Z,PATCH-01,known software,signed,Known Publisher,benign
TRUST-3,2026-09-21T13:42:00Z,FIN-WS-09,sync.ps1,untrusted,,investigate
TRUST-N-09404,2026-09-21T13:42:37Z,PATCH-01,known software,signed,Known Publisher,benign
TRUST-N-09971,2026-09-21T13:43:37Z,HR-WS-22,known software,trusted_internal,Known Publisher,benign
TRUST-N-00583,2026-09-21T13:43:40Z,FIN-WS-09,known software,trusted_internal,Known Publisher,benign
TRUST-N-00349,2026-09-21T13:43:43Z,FIN-WS-09,known software,trusted_internal,Known Publisher,benign
TRUST-N-02033,2026-09-21T13:43:54Z,PATCH-01,known software,trusted_internal,Known Publisher,benign
TRUST-N-09919,2026-09-21T13:44:25Z,APP-06,known software,trusted_internal,Known Publisher,benign
TRUST-N-00719,2026-09-21T13:45:03Z,APP-06,known software,trusted_internal,Known Publisher,benign
TRUST-N-01902,2026-09-21T13:45:06Z,HR-WS-08,known software,trusted_internal,Known Publisher,benign
TRUST-N-05172,2026-09-21T13:45:16Z,PATCH-01,known software,signed,Known Publisher,benign
TRUST-N-05366,2026-09-21T13:45:37Z,HR-WS-22,known software,trusted_internal,Known Publisher,benign
TRUST-N-09612,2026-09-21T13:45:49Z,PATCH-01,known software,trusted_internal,Known Publisher,benign
TRUST-N-09859,2026-09-21T13:46:52Z,ENG-WS-17,known software,trusted_internal,Known Publisher,benign
TRUST-N-03145,2026-09-21T13:49:18Z,HR-WS-08,known software,trusted_internal,Known Publisher,benign
TRUST-N-01315,2026-09-21T13:49:54Z,DC-01,known software,trusted_internal,Known Publisher,benign
TRUST-N-02275,2026-09-21T13:51:02Z,APP-06,known software,signed,Known Publisher,benign
TRUST-N-05896,2026-09-21T13:51:04Z,ENG-WS-17,known software,signed,Known Publisher,benign
TRUST-N-07823,2026-09-21T13:53:06Z,HR-WS-22,known software,signed,Known Publisher,benign
TRUST-N-03680,2026-09-21T13:53:13Z,HR-WS-22,known software,trusted_internal,Known Publisher,benign
TRUST-N-00441,2026-09-21T13:54:20Z,ENG-WS-17,known software,signed,Known Publisher,benign
TRUST-N-00666,2026-09-21T13:54:52Z,DC-01,known software,signed,Known Publisher,benign
TRUST-N-04502,2026-09-21T13:55:05Z,FIN-WS-09,known software,signed,Known Publisher,benign
TRUST-N-08896,2026-09-21T13:55:19Z,APP-06,known software,trusted_internal,Known Publisher,benign
TRUST-N-04265,2026-09-21T13:55:25Z,DC-01,known software,trusted_internal,Known Publisher,benign
TRUST-N-08714,2026-09-21T13:55:38Z,DC-01,known software,signed,Known Publisher,benign
TRUST-N-02464,2026-09-21T13:55:44Z,MGMT-01,known software,trusted_internal,Known Publisher,benign
TRUST-N-07742,2026-09-21T13:55:59Z,DC-01,known software,signed,Known Publisher,benign
TRUST-N-00418,2026-09-21T13:56:12Z,MGMT-01,known software,signed,Known Publisher,benign
TRUST-N-09900,2026-09-21T13:57:46Z,PATCH-01,known software,trusted_internal,Known Publisher,benign
TRUST-N-00676,2026-09-21T13:57:56Z,PATCH-01,known software,signed,Known Publisher,benign
TRUST-N-07182,2026-09-21T13:58:04Z,HR-WS-22,known software,trusted_internal,Known Publisher,benign
TRUST-N-08115,2026-09-21T13:58:05Z,FIN-WS-09,known software,trusted_internal,Known Publisher,benign
TRUST-N-06016,2026-09-21T13:58:45Z,FIN-WS-09,known software,signed,Known Publisher,benign
TRUST-N-08959,2026-09-21T14:00:09Z,FIN-WS-09,known software,trusted_internal,Known Publisher,benign
TRUST-N-04796,2026-09-21T14:00:50Z,DC-01,known software,signed,Known Publisher,benign
TRUST-N-02152,2026-09-21T14:01:43Z,HR-WS-22,known software,trusted_internal,Known Publisher,benign
TRUST-N-01434,2026-09-21T14:02:29Z,HR-WS-22,known software,signed,Known Publisher,benign
TRUST-N-02068,2026-09-21T14:02:35Z,MGMT-01,known software,signed,Known Publisher,benign
TRUST-N-09906,2026-09-21T14:02:53Z,PATCH-01,known software,trusted_internal,Known Publisher,benign
TRUST-N-08231,2026-09-21T14:03:26Z,HR-WS-22,known software,trusted_internal,Known Publisher,benign
TRUST-N-03369,2026-09-21T14:04:40Z,APP-06,known software,trusted_internal,Known Publisher,benign
TRUST-N-02600,2026-09-21T14:04:58Z,MGMT-01,known software,signed,Known Publisher,benign
TRUST-N-03773,2026-09-21T14:05:58Z,DC-01,known software,signed,Known Publisher,benign
TRUST-N-03356,2026-09-21T14:06:34Z,HR-WS-22,known software,signed,Known Publisher,benign
TRUST-N-05696,2026-09-21T14:08:32Z,HR-WS-08,known software,trusted_internal,Known Publisher,benign
TRUST-N-07351,2026-09-21T14:08:50Z,FIN-WS-09,known software,signed,Known Publisher,benign
TRUST-N-01992,2026-09-21T14:10:08Z,MGMT-01,known software,trusted_internal,Known Publisher,benign
TRUST-N-01258,2026-09-21T14:11:14Z,APP-06,known software,signed,Known Publisher,benign
TRUST-N-01158,2026-09-21T14:11:47Z,APP-06,known software,signed,Known Publisher,benign
TRUST-N-05168,2026-09-21T14:12:07Z,HR-WS-22,known software,signed,Known Publisher,benign
TRUST-N-01811,2026-09-21T14:12:10Z,APP-06,known software,signed,Known Publisher,benign
TRUST-N-09317,2026-09-21T14:13:18Z,FIN-WS-09,known software,signed,Known Publisher,benign
TRUST-N-09123,2026-09-21T14:13:37Z,HR-WS-22,known software,signed,Known Publisher,benign
TRUST-N-02174,2026-09-21T14:13:46Z,HR-WS-22,known software,signed,Known Publisher,benign
TRUST-N-01578,2026-09-21T14:13:49Z,PATCH-01,known software,trusted_internal,Known Publisher,benign
TRUST-N-09298,2026-09-21T14:14:00Z,MGMT-01,known software,trusted_internal,Known Publisher,benign
TRUST-N-04805,2026-09-21T14:14:14Z,APP-06,known software,trusted_internal,Known Publisher,benign
TRUST-N-00442,2026-09-21T14:14:16Z,HR-WS-22,known software,signed,Known Publisher,benign
TRUST-N-00466,2026-09-21T14:15:06Z,APP-06,known software,signed,Known Publisher,benign
TRUST-N-07511,2026-09-21T14:16:28Z,MGMT-01,known software,trusted_internal,Known Publisher,benign
TRUST-N-07440,2026-09-21T14:16:34Z,ENG-WS-17,known software,trusted_internal,Known Publisher,benign
TRUST-N-05370,2026-09-21T14:16:43Z,FIN-WS-09,known software,trusted_internal,Known Publisher,benign
TRUST-N-01687,2026-09-21T14:16:56Z,DC-01,known software,trusted_internal,Known Publisher,benign
TRUST-N-07510,2026-09-21T14:18:18Z,DC-01,known software,trusted_internal,Known Publisher,benign
TRUST-N-02477,2026-09-21T14:18:48Z,HR-WS-08,known software,signed,Known Publisher,benign
TRUST-N-02429,2026-09-21T14:19:11Z,DC-01,known software,signed,Known Publisher,benign
TRUST-N-01137,2026-09-21T14:19:21Z,HR-WS-08,known software,signed,Known Publisher,benign
TRUST-N-03881,2026-09-21T14:19:39Z,PATCH-01,known software,trusted_internal,Known Publisher,benign
TRUST-N-01104,2026-09-21T14:19:48Z,MGMT-01,known software,signed,Known Publisher,benign
TRUST-N-09332,2026-09-21T14:20:31Z,MGMT-01,known software,trusted_internal,Known Publisher,benign
TRUST-N-05310,2026-09-21T14:20:55Z,APP-06,known software,signed,Known Publisher,benign
TRUST-N-03748,2026-09-21T14:21:08Z,PATCH-01,known software,signed,Known Publisher,benign
TRUST-N-08303,2026-09-21T14:24:18Z,ENG-WS-17,known software,signed,Known Publisher,benign
TRUST-N-01394,2026-09-21T14:25:13Z,APP-06,known software,signed,Known Publisher,benign
TRUST-N-00046,2026-09-21T14:25:18Z,PATCH-01,known software,trusted_internal,Known Publisher,benign
TRUST-N-05638,2026-09-21T14:26:06Z,HR-WS-22,known software,trusted_internal,Known Publisher,benign
TRUST-N-04604,2026-09-21T14:26:13Z,FIN-WS-09,known software,signed,Known Publisher,benign
TRUST-N-04429,2026-09-21T14:27:22Z,APP-06,known software,signed,Known Publisher,benign
TRUST-N-05462,2026-09-21T14:28:19Z,HR-WS-22,known software,signed,Known Publisher,benign
TRUST-N-03621,2026-09-21T14:28:24Z,DC-01,known software,signed,Known Publisher,benign
TRUST-N-05441,2026-09-21T14:28:41Z,PATCH-01,known software,signed,Known Publisher,benign
TRUST-N-04496,2026-09-21T14:29:01Z,DC-01,known software,trusted_internal,Known Publisher,benign
TRUST-N-03189,2026-09-21T14:29:05Z,HR-WS-08,known software,signed,Known Publisher,benign
TRUST-N-06112,2026-09-21T14:29:33Z,MGMT-01,known software,trusted_internal,Known Publisher,benign
TRUST-N-00506,2026-09-21T14:29:40Z,ENG-WS-17,known software,signed,Known Publisher,benign
TRUST-N-01161,2026-09-21T14:29:54Z,PATCH-01,known software,signed,Known Publisher,benign
TRUST-N-04760,2026-09-21T14:30:06Z,DC-01,known software,signed,Known Publisher,benign
TRUST-N-00301,2026-09-21T14:30:37Z,HR-WS-22,known software,trusted_internal,Known Publisher,benign
TRUST-N-04795,2026-09-21T14:30:51Z,APP-06,known software,trusted_internal,Known Publisher,benign
TRUST-N-06101,2026-09-21T14:30:56Z,MGMT-01,known software,signed,Known Publisher,benign
TRUST-N-03661,2026-09-21T14:31:04Z,HR-WS-08,known software,signed,Known Publisher,benign
TRUST-N-00264,2026-09-21T14:31:38Z,FIN-WS-09,known software,signed,Known Publisher,benign
TRUST-N-09504,2026-09-21T14:32:15Z,ENG-WS-17,known software,trusted_internal,Known Publisher,benign
TRUST-N-06498,2026-09-21T14:32:50Z,HR-WS-22,known software,trusted_internal,Known Publisher,benign
TRUST-N-08967,2026-09-21T14:33:18Z,FIN-WS-09,known software,signed,Known Publisher,benign
TRUST-N-05388,2026-09-21T14:34:36Z,HR-WS-22,known software,trusted_internal,Known Publisher,benign
TRUST-N-03399,2026-09-21T14:34:38Z,FIN-WS-09,known software,signed,Known Publisher,benign
TRUST-N-06967,2026-09-21T14:35:39Z,APP-06,known software,signed,Known Publisher,benign
TRUST-N-02782,2026-09-21T14:36:19Z,PATCH-01,known software,trusted_internal,Known Publisher,benign
TRUST-N-04134,2026-09-21T14:36:20Z,PATCH-01,known software,trusted_internal,Known Publisher,benign
TRUST-N-07357,2026-09-21T14:38:58Z,APP-06,known software,trusted_internal,Known Publisher,benign
TRUST-N-03806,2026-09-21T14:39:20Z,ENG-WS-17,known software,trusted_internal,Known Publisher,benign
TRUST-N-01805,2026-09-21T14:39:39Z,FIN-WS-09,known software,signed,Known Publisher,benign
TRUST-N-08801,2026-09-21T14:39:40Z,APP-06,known software,trusted_internal,Known Publisher,benign
TRUST-N-01419,2026-09-21T14:39:50Z,MGMT-01,known software,trusted_internal,Known Publisher,benign
TRUST-N-09824,2026-09-21T14:39:54Z,APP-06,known software,trusted_internal,Known Publisher,benign
TRUST-N-00114,2026-09-21T14:40:51Z,HR-WS-08,known software,signed,Known Publisher,benign
TRUST-N-04651,2026-09-21T14:40:51Z,HR-WS-08,known software,signed,Known Publisher,benign
TRUST-N-01046,2026-09-21T14:41:36Z,APP-06,known software,signed,Known Publisher,benign
TRUST-N-09614,2026-09-21T14:41:53Z,ENG-WS-17,known software,trusted_internal,Known Publisher,benign
TRUST-N-07173,2026-09-21T14:42:07Z,PATCH-01,known software,trusted_internal,Known Publisher,benign
TRUST-N-02652,2026-09-21T14:42:14Z,APP-06,known software,signed,Known Publisher,benign
TRUST-N-07530,2026-09-21T14:42:19Z,APP-06,known software,trusted_internal,Known Publisher,benign
TRUST-N-06160,2026-09-21T14:42:21Z,FIN-WS-09,known software,trusted_internal,Known Publisher,benign
TRUST-N-01983,2026-09-21T14:42:54Z,HR-WS-22,known software,signed,Known Publisher,benign
TRUST-N-07692,2026-09-21T14:43:05Z,PATCH-01,known software,signed,Known Publisher,benign
TRUST-N-03221,2026-09-21T14:44:16Z,HR-WS-08,known software,signed,Known Publisher,benign
TRUST-N-09120,2026-09-21T14:44:49Z,HR-WS-08,known software,trusted_internal,Known Publisher,benign
TRUST-N-06448,2026-09-21T14:45:45Z,HR-WS-22,known software,trusted_internal,Known Publisher,benign
TRUST-N-04384,2026-09-21T14:45:46Z,APP-06,known software,trusted_internal,Known Publisher,benign
TRUST-N-09962,2026-09-21T14:45:53Z,PATCH-01,known software,signed,Known Publisher,benign
TRUST-N-05545,2026-09-21T14:46:31Z,FIN-WS-09,known software,trusted_internal,Known Publisher,benign
TRUST-N-06163,2026-09-21T14:46:50Z,ENG-WS-17,known software,trusted_internal,Known Publisher,benign
TRUST-N-09701,2026-09-21T14:47:20Z,ENG-WS-17,known software,trusted_internal,Known Publisher,benign
TRUST-N-01162,2026-09-21T14:47:23Z,FIN-WS-09,known software,signed,Known Publisher,benign
TRUST-N-05284,2026-09-21T14:47:46Z,MGMT-01,known software,signed,Known Publisher,benign
TRUST-N-01228,2026-09-21T14:47:57Z,PATCH-01,known software,trusted_internal,Known Publisher,benign
TRUST-N-09004,2026-09-21T14:48:30Z,DC-01,known software,trusted_internal,Known Publisher,benign
TRUST-N-04391,2026-09-21T14:48:40Z,FIN-WS-09,known software,trusted_internal,Known Publisher,benign
TRUST-N-06021,2026-09-21T14:49:18Z,MGMT-01,known software,trusted_internal,Known Publisher,benign
TRUST-N-07360,2026-09-21T14:50:28Z,HR-WS-22,known software,signed,Known Publisher,benign
TRUST-N-09522,2026-09-21T14:50:32Z,APP-06,known software,signed,Known Publisher,benign
TRUST-N-02322,2026-09-21T14:50:51Z,MGMT-01,known software,signed,Known Publisher,benign
TRUST-N-06615,2026-09-21T14:51:13Z,MGMT-01,known software,trusted_internal,Known Publisher,benign
TRUST-N-09119,2026-09-21T14:51:34Z,FIN-WS-09,known software,signed,Known Publisher,benign
TRUST-N-04929,2026-09-21T14:52:14Z,DC-01,known software,signed,Known Publisher,benign
TRUST-N-03738,2026-09-21T14:54:21Z,ENG-WS-17,known software,trusted_internal,Known Publisher,benign
TRUST-N-04487,2026-09-21T14:54:38Z,MGMT-01,known software,trusted_internal,Known Publisher,benign
TRUST-N-02865,2026-09-21T14:56:37Z,PATCH-01,known software,signed,Known Publisher,benign
TRUST-N-03445,2026-09-21T14:57:40Z,HR-WS-08,known software,signed,Known Publisher,benign
TRUST-N-07333,2026-09-21T14:57:40Z,MGMT-01,known software,trusted_internal,Known Publisher,benign
TRUST-N-08207,2026-09-21T14:58:10Z,DC-01,known software,signed,Known Publisher,benign
TRUST-N-04400,2026-09-21T14:59:37Z,FIN-WS-09,known software,trusted_internal,Known Publisher,benign
TRUST-N-08712,2026-09-21T15:00:04Z,PATCH-01,known software,signed,Known Publisher,benign
TRUST-N-09803,2026-09-21T15:01:21Z,DC-01,known software,trusted_internal,Known Publisher,benign
TRUST-N-03331,2026-09-21T15:01:42Z,MGMT-01,known software,trusted_internal,Known Publisher,benign
TRUST-N-08665,2026-09-21T15:02:14Z,PATCH-01,known software,signed,Known Publisher,benign
TRUST-N-02614,2026-09-21T15:02:23Z,DC-01,known software,signed,Known Publisher,benign
TRUST-N-05436,2026-09-21T15:03:04Z,APP-06,known software,signed,Known Publisher,benign
TRUST-N-06042,2026-09-21T15:03:45Z,HR-WS-22,known software,signed,Known Publisher,benign
TRUST-N-08794,2026-09-21T15:04:22Z,PATCH-01,known software,signed,Known Publisher,benign
TRUST-N-06268,2026-09-21T15:04:46Z,HR-WS-22,known software,trusted_internal,Known Publisher,benign
TRUST-N-08704,2026-09-21T15:05:02Z,MGMT-01,known software,trusted_internal,Known Publisher,benign
TRUST-N-02501,2026-09-21T15:06:03Z,DC-01,known software,signed,Known Publisher,benign
TRUST-N-02427,2026-09-21T15:07:07Z,PATCH-01,known software,signed,Known Publisher,benign
TRUST-N-00815,2026-09-21T15:07:11Z,MGMT-01,known software,trusted_internal,Known Publisher,benign
TRUST-N-05468,2026-09-21T15:09:08Z,PATCH-01,known software,trusted_internal,Known Publisher,benign
TRUST-N-08475,2026-09-21T15:09:14Z,HR-WS-22,known software,signed,Known Publisher,benign
TRUST-N-03753,2026-09-21T15:11:26Z,PATCH-01,known software,trusted_internal,Known Publisher,benign
TRUST-N-07335,2026-09-21T15:11:49Z,ENG-WS-17,known software,signed,Known Publisher,benign
TRUST-N-01940,2026-09-21T15:11:54Z,DC-01,known software,trusted_internal,Known Publisher,benign
TRUST-N-07824,2026-09-21T15:13:05Z,HR-WS-08,known software,trusted_internal,Known Publisher,benign
TRUST-N-06904,2026-09-21T15:13:14Z,HR-WS-22,known software,signed,Known Publisher,benign
TRUST-N-03132,2026-09-21T15:13:15Z,APP-06,known software,trusted_internal,Known Publisher,benign
TRUST-N-03251,2026-09-21T15:13:20Z,FIN-WS-09,known software,trusted_internal,Known Publisher,benign
TRUST-N-09841,2026-09-21T15:13:26Z,PATCH-01,known software,trusted_internal,Known Publisher,benign
TRUST-N-07046,2026-09-21T15:13:42Z,PATCH-01,known software,trusted_internal,Known Publisher,benign
TRUST-N-02916,2026-09-21T15:13:57Z,HR-WS-08,known software,signed,Known Publisher,benign
TRUST-N-08087,2026-09-21T15:14:33Z,HR-WS-22,known software,signed,Known Publisher,benign
TRUST-N-04908,2026-09-21T15:14:41Z,HR-WS-08,known software,signed,Known Publisher,benign
TRUST-N-01637,2026-09-21T15:15:10Z,MGMT-01,known software,trusted_internal,Known Publisher,benign
TRUST-N-04083,2026-09-21T15:16:01Z,APP-06,known software,trusted_internal,Known Publisher,benign
TRUST-N-01991,2026-09-21T15:17:15Z,MGMT-01,known software,signed,Known Publisher,benign
TRUST-N-04528,2026-09-21T15:17:39Z,ENG-WS-17,known software,trusted_internal,Known Publisher,benign
TRUST-N-06919,2026-09-21T15:18:12Z,MGMT-01,known software,trusted_internal,Known Publisher,benign
TRUST-N-01320,2026-09-21T15:19:19Z,HR-WS-08,known software,signed,Known Publisher,benign
TRUST-N-02137,2026-09-21T15:20:03Z,FIN-WS-09,known software,signed,Known Publisher,benign
TRUST-N-09651,2026-09-21T15:20:03Z,APP-06,known software,trusted_internal,Known Publisher,benign
TRUST-N-09886,2026-09-21T15:20:09Z,PATCH-01,known software,trusted_internal,Known Publisher,benign
TRUST-N-09445,2026-09-21T15:20:37Z,HR-WS-08,known software,signed,Known Publisher,benign
TRUST-N-04971,2026-09-21T15:22:00Z,APP-06,known software,signed,Known Publisher,benign
TRUST-N-07341,2026-09-21T15:22:25Z,FIN-WS-09,known software,signed,Known Publisher,benign
TRUST-N-02663,2026-09-21T15:22:56Z,FIN-WS-09,known software,signed,Known Publisher,benign
TRUST-N-00836,2026-09-21T15:23:08Z,ENG-WS-17,known software,signed,Known Publisher,benign
TRUST-N-01487,2026-09-21T15:23:18Z,MGMT-01,known software,trusted_internal,Known Publisher,benign
TRUST-N-04283,2026-09-21T15:23:41Z,DC-01,known software,trusted_internal,Known Publisher,benign
TRUST-N-08742,2026-09-21T15:23:48Z,FIN-WS-09,known software,trusted_internal,Known Publisher,benign
TRUST-N-02104,2026-09-21T15:24:05Z,PATCH-01,known software,signed,Known Publisher,benign
TRUST-N-08851,2026-09-21T15:24:10Z,MGMT-01,known software,trusted_internal,Known Publisher,benign
TRUST-N-06992,2026-09-21T15:24:35Z,APP-06,known software,signed,Known Publisher,benign
TRUST-N-07765,2026-09-21T15:25:23Z,DC-01,known software,trusted_internal,Known Publisher,benign
TRUST-N-01840,2026-09-21T15:25:51Z,HR-WS-08,known software,trusted_internal,Known Publisher,benign
TRUST-N-01333,2026-09-21T15:25:56Z,ENG-WS-17,known software,trusted_internal,Known Publisher,benign
TRUST-N-09656,2026-09-21T15:25:56Z,HR-WS-08,known software,trusted_internal,Known Publisher,benign
TRUST-N-09516,2026-09-21T15:25:58Z,HR-WS-08,known software,trusted_internal,Known Publisher,benign
TRUST-N-05407,2026-09-21T15:26:36Z,FIN-WS-09,known software,signed,Known Publisher,benign
TRUST-N-02237,2026-09-21T15:28:17Z,APP-06,known software,trusted_internal,Known Publisher,benign
TRUST-N-08186,2026-09-21T15:28:48Z,HR-WS-08,known software,trusted_internal,Known Publisher,benign
TRUST-N-05443,2026-09-21T15:29:03Z,MGMT-01,known software,trusted_internal,Known Publisher,benign
TRUST-N-02842,2026-09-21T15:29:25Z,DC-01,known software,signed,Known Publisher,benign
TRUST-N-01180,2026-09-21T15:32:11Z,HR-WS-22,known software,trusted_internal,Known Publisher,benign
TRUST-N-01251,2026-09-21T15:32:12Z,APP-06,known software,trusted_internal,Known Publisher,benign
TRUST-N-05478,2026-09-21T15:33:46Z,MGMT-01,known software,signed,Known Publisher,benign
TRUST-N-04067,2026-09-21T15:34:00Z,MGMT-01,known software,signed,Known Publisher,benign
TRUST-N-03486,2026-09-21T15:34:07Z,DC-01,known software,signed,Known Publisher,benign
TRUST-N-03152,2026-09-21T15:34:10Z,HR-WS-08,known software,trusted_internal,Known Publisher,benign
TRUST-N-00955,2026-09-21T15:34:25Z,HR-WS-22,known software,trusted_internal,Known Publisher,benign
TRUST-N-06810,2026-09-21T15:34:46Z,ENG-WS-17,known software,signed,Known Publisher,benign
TRUST-N-00701,2026-09-21T15:35:35Z,HR-WS-08,known software,trusted_internal,Known Publisher,benign
TRUST-N-04625,2026-09-21T15:35:45Z,PATCH-01,known software,signed,Known Publisher,benign
TRUST-N-01154,2026-09-21T15:36:24Z,FIN-WS-09,known software,signed,Known Publisher,benign
TRUST-N-07609,2026-09-21T15:36:39Z,HR-WS-22,known software,trusted_internal,Known Publisher,benign
TRUST-N-07760,2026-09-21T15:36:49Z,MGMT-01,known software,signed,Known Publisher,benign
TRUST-N-07925,2026-09-21T15:36:57Z,HR-WS-08,known software,trusted_internal,Known Publisher,benign
TRUST-N-06541,2026-09-21T15:37:00Z,HR-WS-22,known software,trusted_internal,Known Publisher,benign
TRUST-N-05250,2026-09-21T15:37:25Z,PATCH-01,known software,trusted_internal,Known Publisher,benign
TRUST-N-05725,2026-09-21T15:38:05Z,HR-WS-22,known software,trusted_internal,Known Publisher,benign
TRUST-N-07247,2026-09-21T15:38:07Z,FIN-WS-09,known software,trusted_internal,Known Publisher,benign
TRUST-N-02554,2026-09-21T15:38:16Z,ENG-WS-17,known software,trusted_internal,Known Publisher,benign
TRUST-N-07035,2026-09-21T15:38:19Z,MGMT-01,known software,signed,Known Publisher,benign
TRUST-N-07668,2026-09-21T15:38:31Z,HR-WS-22,known software,trusted_internal,Known Publisher,benign
TRUST-N-09319,2026-09-21T15:39:09Z,HR-WS-08,known software,signed,Known Publisher,benign
TRUST-N-00257,2026-09-21T15:39:10Z,ENG-WS-17,known software,trusted_internal,Known Publisher,benign
TRUST-N-02228,2026-09-21T15:39:22Z,APP-06,known software,trusted_internal,Known Publisher,benign
TRUST-N-05183,2026-09-21T15:40:19Z,FIN-WS-09,known software,signed,Known Publisher,benign
TRUST-N-03491,2026-09-21T15:41:03Z,FIN-WS-09,known software,signed,Known Publisher,benign
TRUST-N-00285,2026-09-21T15:42:19Z,MGMT-01,known software,trusted_internal,Known Publisher,benign
TRUST-N-01270,2026-09-21T15:42:47Z,HR-WS-08,known software,trusted_internal,Known Publisher,benign
TRUST-N-07337,2026-09-21T15:43:25Z,FIN-WS-09,known software,signed,Known Publisher,benign
TRUST-N-00813,2026-09-21T15:43:29Z,DC-01,known software,trusted_internal,Known Publisher,benign
TRUST-N-04758,2026-09-21T15:44:44Z,FIN-WS-09,known software,trusted_internal,Known Publisher,benign
TRUST-N-08127,2026-09-21T15:44:58Z,ENG-WS-17,known software,trusted_internal,Known Publisher,benign
TRUST-N-04340,2026-09-21T15:45:17Z,APP-06,known software,signed,Known Publisher,benign
TRUST-N-07377,2026-09-21T15:46:00Z,HR-WS-22,known software,trusted_internal,Known Publisher,benign
TRUST-N-00834,2026-09-21T15:46:58Z,MGMT-01,known software,trusted_internal,Known Publisher,benign
TRUST-N-06617,2026-09-21T15:47:29Z,ENG-WS-17,known software,signed,Known Publisher,benign
TRUST-N-08799,2026-09-21T15:47:29Z,HR-WS-08,known software,signed,Known Publisher,benign
TRUST-N-01432,2026-09-21T15:48:17Z,PATCH-01,known software,trusted_internal,Known Publisher,benign
TRUST-N-07203,2026-09-21T15:48:19Z,FIN-WS-09,known software,signed,Known Publisher,benign
TRUST-N-00740,2026-09-21T15:48:36Z,HR-WS-08,known software,signed,Known Publisher,benign
TRUST-N-08144,2026-09-21T15:49:30Z,HR-WS-08,known software,signed,Known Publisher,benign
TRUST-N-01444,2026-09-21T15:50:36Z,MGMT-01,known software,signed,Known Publisher,benign
TRUST-N-08273,2026-09-21T15:50:51Z,ENG-WS-17,known software,signed,Known Publisher,benign
TRUST-N-05716,2026-09-21T15:51:49Z,APP-06,known software,signed,Known Publisher,benign
TRUST-N-02305,2026-09-21T15:52:09Z,ENG-WS-17,known software,trusted_internal,Known Publisher,benign
TRUST-N-02163,2026-09-21T15:52:26Z,DC-01,known software,trusted_internal,Known Publisher,benign
TRUST-N-02807,2026-09-21T15:52:56Z,MGMT-01,known software,trusted_internal,Known Publisher,benign
TRUST-N-07499,2026-09-21T15:53:24Z,DC-01,known software,signed,Known Publisher,benign
TRUST-N-01848,2026-09-21T15:53:48Z,PATCH-01,known software,signed,Known Publisher,benign
TRUST-N-06781,2026-09-21T15:53:48Z,DC-01,known software,signed,Known Publisher,benign
TRUST-N-08901,2026-09-21T15:54:16Z,MGMT-01,known software,signed,Known Publisher,benign
TRUST-N-00561,2026-09-21T15:55:13Z,MGMT-01,known software,signed,Known Publisher,benign
TRUST-N-03170,2026-09-21T15:56:07Z,APP-06,known software,trusted_internal,Known Publisher,benign
TRUST-N-09482,2026-09-21T15:56:42Z,HR-WS-08,known software,signed,Known Publisher,benign
TRUST-N-09322,2026-09-21T15:57:04Z,HR-WS-22,known software,trusted_internal,Known Publisher,benign
TRUST-N-06017,2026-09-21T15:57:07Z,MGMT-01,known software,trusted_internal,Known Publisher,benign
TRUST-N-01813,2026-09-21T15:57:21Z,HR-WS-08,known software,trusted_internal,Known Publisher,benign
TRUST-N-00702,2026-09-21T15:58:12Z,ENG-WS-17,known software,trusted_internal,Known Publisher,benign
TRUST-N-09543,2026-09-21T15:58:22Z,APP-06,known software,signed,Known Publisher,benign
TRUST-N-03772,2026-09-21T15:59:18Z,MGMT-01,known software,signed,Known Publisher,benign
TRUST-N-06933,2026-09-21T16:00:12Z,PATCH-01,known software,trusted_internal,Known Publisher,benign
TRUST-N-09676,2026-09-21T16:00:29Z,DC-01,known software,signed,Known Publisher,benign
TRUST-N-05281,2026-09-21T16:00:53Z,FIN-WS-09,known software,trusted_internal,Known Publisher,benign
TRUST-N-01094,2026-09-21T16:01:44Z,FIN-WS-09,known software,trusted_internal,Known Publisher,benign
TRUST-N-07988,2026-09-21T16:01:48Z,FIN-WS-09,known software,signed,Known Publisher,benign
TRUST-N-00872,2026-09-21T16:02:37Z,ENG-WS-17,known software,signed,Known Publisher,benign
TRUST-N-00852,2026-09-21T16:03:21Z,PATCH-01,known software,trusted_internal,Known Publisher,benign
TRUST-N-04683,2026-09-21T16:03:55Z,FIN-WS-09,known software,signed,Known Publisher,benign
TRUST-N-01015,2026-09-21T16:05:39Z,HR-WS-08,known software,trusted_internal,Known Publisher,benign
TRUST-N-04455,2026-09-21T16:06:20Z,HR-WS-22,known software,trusted_internal,Known Publisher,benign
TRUST-N-02786,2026-09-21T16:06:24Z,HR-WS-08,known software,trusted_internal,Known Publisher,benign
TRUST-N-03047,2026-09-21T16:07:25Z,DC-01,known software,signed,Known Publisher,benign
TRUST-N-05471,2026-09-21T16:07:26Z,PATCH-01,known software,trusted_internal,Known Publisher,benign
TRUST-N-02271,2026-09-21T16:08:11Z,HR-WS-22,known software,signed,Known Publisher,benign
TRUST-N-09110,2026-09-21T16:08:36Z,ENG-WS-17,known software,signed,Known Publisher,benign
TRUST-N-09532,2026-09-21T16:08:40Z,DC-01,known software,signed,Known Publisher,benign
TRUST-N-07190,2026-09-21T16:09:05Z,FIN-WS-09,known software,signed,Known Publisher,benign
TRUST-N-05237,2026-09-21T16:09:48Z,PATCH-01,known software,trusted_internal,Known Publisher,benign
TRUST-N-08555,2026-09-21T16:10:23Z,APP-06,known software,trusted_internal,Known Publisher,benign
TRUST-N-05719,2026-09-21T16:11:04Z,HR-WS-08,known software,trusted_internal,Known Publisher,benign
TRUST-N-02777,2026-09-21T16:11:18Z,DC-01,known software,trusted_internal,Known Publisher,benign
TRUST-N-02504,2026-09-21T16:11:44Z,ENG-WS-17,known software,signed,Known Publisher,benign
TRUST-N-02376,2026-09-21T16:15:03Z,HR-WS-22,known software,signed,Known Publisher,benign
TRUST-N-06816,2026-09-21T16:17:29Z,APP-06,known software,trusted_internal,Known Publisher,benign
TRUST-N-00551,2026-09-21T16:17:51Z,MGMT-01,known software,signed,Known Publisher,benign
TRUST-N-05024,2026-09-21T16:18:07Z,HR-WS-22,known software,trusted_internal,Known Publisher,benign
TRUST-N-08952,2026-09-21T16:19:58Z,DC-01,known software,trusted_internal,Known Publisher,benign
TRUST-N-06608,2026-09-21T16:20:13Z,ENG-WS-17,known software,trusted_internal,Known Publisher,benign
TRUST-N-04507,2026-09-21T16:20:15Z,ENG-WS-17,known software,trusted_internal,Known Publisher,benign
TRUST-N-08167,2026-09-21T16:20:39Z,HR-WS-08,known software,trusted_internal,Known Publisher,benign
TRUST-N-08274,2026-09-21T16:21:08Z,FIN-WS-09,known software,trusted_internal,Known Publisher,benign
TRUST-N-09914,2026-09-21T16:23:04Z,HR-WS-22,known software,trusted_internal,Known Publisher,benign
TRUST-N-04241,2026-09-21T16:24:05Z,HR-WS-08,known software,trusted_internal,Known Publisher,benign
TRUST-N-03633,2026-09-21T16:24:27Z,ENG-WS-17,known software,signed,Known Publisher,benign
TRUST-N-00539,2026-09-21T16:24:33Z,HR-WS-22,known software,signed,Known Publisher,benign
TRUST-N-00943,2026-09-21T16:24:33Z,PATCH-01,known software,signed,Known Publisher,benign
TRUST-N-07984,2026-09-21T16:24:48Z,PATCH-01,known software,signed,Known Publisher,benign
TRUST-N-03334,2026-09-21T16:24:50Z,HR-WS-22,known software,signed,Known Publisher,benign
TRUST-N-05426,2026-09-21T16:26:03Z,DC-01,known software,signed,Known Publisher,benign
TRUST-N-07494,2026-09-21T16:26:17Z,FIN-WS-09,known software,signed,Known Publisher,benign
TRUST-N-08246,2026-09-21T16:26:22Z,PATCH-01,known software,trusted_internal,Known Publisher,benign
TRUST-N-05111,2026-09-21T16:26:25Z,HR-WS-22,known software,signed,Known Publisher,benign
TRUST-N-01311,2026-09-21T16:27:52Z,FIN-WS-09,known software,trusted_internal,Known Publisher,benign
TRUST-N-02031,2026-09-21T16:28:28Z,APP-06,known software,trusted_internal,Known Publisher,benign
TRUST-N-00522,2026-09-21T16:29:01Z,ENG-WS-17,known software,signed,Known Publisher,benign
TRUST-N-03290,2026-09-21T16:29:34Z,HR-WS-08,known software,trusted_internal,Known Publisher,benign
TRUST-N-06394,2026-09-21T16:31:08Z,PATCH-01,known software,signed,Known Publisher,benign
TRUST-N-00081,2026-09-21T16:31:18Z,DC-01,known software,signed,Known Publisher,benign
TRUST-N-02380,2026-09-21T16:31:26Z,HR-WS-08,known software,trusted_internal,Known Publisher,benign
TRUST-N-01013,2026-09-21T16:31:42Z,HR-WS-22,known software,trusted_internal,Known Publisher,benign
TRUST-N-09908,2026-09-21T16:31:58Z,FIN-WS-09,known software,trusted_internal,Known Publisher,benign
TRUST-N-04224,2026-09-21T16:32:42Z,HR-WS-22,known software,trusted_internal,Known Publisher,benign
TRUST-N-00055,2026-09-21T16:33:38Z,FIN-WS-09,known software,trusted_internal,Known Publisher,benign
TRUST-N-04580,2026-09-21T16:34:32Z,MGMT-01,known software,signed,Known Publisher,benign
TRUST-N-07989,2026-09-21T16:34:48Z,PATCH-01,known software,signed,Known Publisher,benign
TRUST-N-06888,2026-09-21T16:35:15Z,DC-01,known software,trusted_internal,Known Publisher,benign
TRUST-N-05302,2026-09-21T16:35:24Z,HR-WS-08,known software,trusted_internal,Known Publisher,benign
TRUST-N-06473,2026-09-21T16:35:51Z,HR-WS-22,known software,signed,Known Publisher,benign
TRUST-N-07254,2026-09-21T16:36:19Z,MGMT-01,known software,signed,Known Publisher,benign
TRUST-N-00178,2026-09-21T16:36:26Z,HR-WS-08,known software,trusted_internal,Known Publisher,benign
TRUST-N-02027,2026-09-21T16:37:22Z,PATCH-01,known software,signed,Known Publisher,benign
TRUST-N-08902,2026-09-21T16:37:28Z,HR-WS-22,known software,signed,Known Publisher,benign
TRUST-N-02433,2026-09-21T16:38:57Z,PATCH-01,known software,signed,Known Publisher,benign
TRUST-N-08128,2026-09-21T16:39:35Z,APP-06,known software,signed,Known Publisher,benign
TRUST-N-07632,2026-09-21T16:41:00Z,HR-WS-08,known software,signed,Known Publisher,benign
TRUST-N-08510,2026-09-21T16:42:00Z,HR-WS-08,known software,signed,Known Publisher,benign
TRUST-N-01088,2026-09-21T16:42:17Z,APP-06,known software,trusted_internal,Known Publisher,benign
TRUST-N-05109,2026-09-21T16:43:20Z,HR-WS-22,known software,trusted_internal,Known Publisher,benign
TRUST-N-04994,2026-09-21T16:43:26Z,HR-WS-08,known software,signed,Known Publisher,benign
TRUST-N-03236,2026-09-21T16:43:55Z,ENG-WS-17,known software,signed,Known Publisher,benign
TRUST-N-03306,2026-09-21T16:44:00Z,PATCH-01,known software,trusted_internal,Known Publisher,benign
TRUST-N-09981,2026-09-21T16:44:15Z,PATCH-01,known software,signed,Known Publisher,benign
TRUST-N-07711,2026-09-21T16:44:55Z,APP-06,known software,trusted_internal,Known Publisher,benign
TRUST-N-07271,2026-09-21T16:44:59Z,FIN-WS-09,known software,signed,Known Publisher,benign
TRUST-N-02812,2026-09-21T16:45:11Z,ENG-WS-17,known software,signed,Known Publisher,benign
TRUST-N-04750,2026-09-21T16:45:27Z,FIN-WS-09,known software,signed,Known Publisher,benign
TRUST-N-00644,2026-09-21T16:45:38Z,HR-WS-22,known software,trusted_internal,Known Publisher,benign
TRUST-N-05685,2026-09-21T16:46:55Z,MGMT-01,known software,signed,Known Publisher,benign
TRUST-N-06345,2026-09-21T16:46:59Z,HR-WS-08,known software,signed,Known Publisher,benign
TRUST-N-08738,2026-09-21T16:46:59Z,FIN-WS-09,known software,trusted_internal,Known Publisher,benign
TRUST-N-00091,2026-09-21T16:47:24Z,ENG-WS-17,known software,trusted_internal,Known Publisher,benign
TRUST-N-06953,2026-09-21T16:47:37Z,APP-06,known software,signed,Known Publisher,benign
TRUST-N-02424,2026-09-21T16:47:40Z,ENG-WS-17,known software,signed,Known Publisher,benign
TRUST-N-05282,2026-09-21T16:48:29Z,HR-WS-08,known software,signed,Known Publisher,benign
TRUST-N-06912,2026-09-21T16:48:56Z,HR-WS-22,known software,signed,Known Publisher,benign
TRUST-N-01758,2026-09-21T16:49:07Z,FIN-WS-09,known software,trusted_internal,Known Publisher,benign
TRUST-N-00386,2026-09-21T16:49:45Z,PATCH-01,known software,trusted_internal,Known Publisher,benign
TRUST-N-09432,2026-09-21T16:50:00Z,FIN-WS-09,known software,signed,Known Publisher,benign
TRUST-N-04997,2026-09-21T16:50:17Z,HR-WS-08,known software,trusted_internal,Known Publisher,benign
TRUST-N-02496,2026-09-21T16:51:15Z,ENG-WS-17,known software,signed,Known Publisher,benign
TRUST-N-07693,2026-09-21T16:51:30Z,APP-06,known software,trusted_internal,Known Publisher,benign
TRUST-N-07922,2026-09-21T16:52:41Z,MGMT-01,known software,trusted_internal,Known Publisher,benign
TRUST-N-00027,2026-09-21T16:53:45Z,APP-06,known software,signed,Known Publisher,benign
TRUST-N-00362,2026-09-21T16:53:56Z,HR-WS-22,known software,trusted_internal,Known Publisher,benign
TRUST-N-08545,2026-09-21T16:54:02Z,HR-WS-08,known software,signed,Known Publisher,benign
TRUST-N-04552,2026-09-21T16:56:11Z,APP-06,known software,trusted_internal,Known Publisher,benign
TRUST-N-05254,2026-09-21T16:57:52Z,HR-WS-22,known software,signed,Known Publisher,benign
TRUST-N-00891,2026-09-21T16:58:02Z,DC-01,known software,trusted_internal,Known Publisher,benign
TRUST-N-07772,2026-09-21T16:58:09Z,HR-WS-08,known software,trusted_internal,Known Publisher,benign
TRUST-N-06427,2026-09-21T16:58:41Z,HR-WS-22,known software,signed,Known Publisher,benign
TRUST-N-02972,2026-09-21T16:59:23Z,MGMT-01,known software,signed,Known Publisher,benign
TRUST-N-05744,2026-09-21T17:00:26Z,HR-WS-22,known software,trusted_internal,Known Publisher,benign
TRUST-N-08606,2026-09-21T17:00:28Z,PATCH-01,known software,trusted_internal,Known Publisher,benign
TRUST-N-01249,2026-09-21T17:01:06Z,MGMT-01,known software,trusted_internal,Known Publisher,benign
TRUST-N-09198,2026-09-21T17:04:17Z,MGMT-01,known software,trusted_internal,Known Publisher,benign
TRUST-N-06654,2026-09-21T17:05:18Z,HR-WS-08,known software,trusted_internal,Known Publisher,benign
TRUST-N-07295,2026-09-21T17:05:18Z,ENG-WS-17,known software,trusted_internal,Known Publisher,benign
TRUST-N-01192,2026-09-21T17:05:21Z,PATCH-01,known software,signed,Known Publisher,benign
TRUST-N-03605,2026-09-21T17:05:23Z,APP-06,known software,trusted_internal,Known Publisher,benign
TRUST-N-07658,2026-09-21T17:05:29Z,HR-WS-08,known software,signed,Known Publisher,benign
TRUST-N-00765,2026-09-21T17:06:18Z,HR-WS-08,known software,trusted_internal,Known Publisher,benign
TRUST-N-09924,2026-09-21T17:06:22Z,APP-06,known software,signed,Known Publisher,benign
TRUST-N-06714,2026-09-21T17:07:03Z,APP-06,known software,trusted_internal,Known Publisher,benign
TRUST-N-00682,2026-09-21T17:07:35Z,APP-06,known software,signed,Known Publisher,benign
TRUST-N-09125,2026-09-21T17:07:39Z,PATCH-01,known software,signed,Known Publisher,benign
TRUST-N-03713,2026-09-21T17:07:53Z,HR-WS-08,known software,trusted_internal,Known Publisher,benign
TRUST-N-01332,2026-09-21T17:08:34Z,PATCH-01,known software,trusted_internal,Known Publisher,benign
TRUST-N-04834,2026-09-21T17:09:00Z,DC-01,known software,signed,Known Publisher,benign
TRUST-N-04546,2026-09-21T17:09:06Z,PATCH-01,known software,signed,Known Publisher,benign
TRUST-N-07793,2026-09-21T17:09:11Z,DC-01,known software,signed,Known Publisher,benign
TRUST-N-04084,2026-09-21T17:09:44Z,HR-WS-22,known software,trusted_internal,Known Publisher,benign
TRUST-N-06720,2026-09-21T17:09:53Z,FIN-WS-09,known software,trusted_internal,Known Publisher,benign
TRUST-N-06674,2026-09-21T17:10:13Z,APP-06,known software,trusted_internal,Known Publisher,benign
TRUST-N-01341,2026-09-21T17:10:27Z,MGMT-01,known software,signed,Known Publisher,benign
TRUST-N-03165,2026-09-21T17:10:41Z,PATCH-01,known software,signed,Known Publisher,benign
TRUST-N-01227,2026-09-21T17:10:44Z,HR-WS-22,known software,trusted_internal,Known Publisher,benign
TRUST-N-00355,2026-09-21T17:11:04Z,FIN-WS-09,known software,trusted_internal,Known Publisher,benign
TRUST-N-03301,2026-09-21T17:11:24Z,ENG-WS-17,known software,signed,Known Publisher,benign
TRUST-N-03763,2026-09-21T17:11:51Z,APP-06,known software,signed,Known Publisher,benign
TRUST-N-05026,2026-09-21T17:11:59Z,PATCH-01,known software,trusted_internal,Known Publisher,benign
TRUST-N-02079,2026-09-21T17:12:13Z,PATCH-01,known software,signed,Known Publisher,benign
TRUST-N-00809,2026-09-21T17:13:04Z,HR-WS-08,known software,trusted_internal,Known Publisher,benign
TRUST-N-05265,2026-09-21T17:13:15Z,HR-WS-08,known software,signed,Known Publisher,benign
TRUST-N-04766,2026-09-21T17:13:39Z,ENG-WS-17,known software,signed,Known Publisher,benign
TRUST-N-05692,2026-09-21T17:15:12Z,HR-WS-08,known software,trusted_internal,Known Publisher,benign
TRUST-N-05727,2026-09-21T17:15:37Z,HR-WS-08,known software,trusted_internal,Known Publisher,benign
TRUST-N-04078,2026-09-21T17:18:15Z,MGMT-01,known software,trusted_internal,Known Publisher,benign
TRUST-N-06359,2026-09-21T17:18:46Z,FIN-WS-09,known software,trusted_internal,Known Publisher,benign
TRUST-N-03710,2026-09-21T17:20:31Z,FIN-WS-09,known software,trusted_internal,Known Publisher,benign
TRUST-N-06695,2026-09-21T17:20:34Z,HR-WS-08,known software,trusted_internal,Known Publisher,benign
TRUST-N-00207,2026-09-21T17:23:08Z,MGMT-01,known software,signed,Known Publisher,benign
TRUST-N-08374,2026-09-21T17:23:24Z,PATCH-01,known software,trusted_internal,Known Publisher,benign
TRUST-N-06377,2026-09-21T17:24:45Z,ENG-WS-17,known software,trusted_internal,Known Publisher,benign
TRUST-N-07985,2026-09-21T17:24:51Z,APP-06,known software,trusted_internal,Known Publisher,benign
TRUST-N-03591,2026-09-21T17:25:32Z,MGMT-01,known software,signed,Known Publisher,benign
TRUST-N-05972,2026-09-21T17:26:19Z,FIN-WS-09,known software,trusted_internal,Known Publisher,benign
TRUST-N-03965,2026-09-21T17:26:26Z,HR-WS-22,known software,signed,Known Publisher,benign
TRUST-N-09094,2026-09-21T17:27:03Z,MGMT-01,known software,trusted_internal,Known Publisher,benign
TRUST-N-01807,2026-09-21T17:27:04Z,MGMT-01,known software,trusted_internal,Known Publisher,benign
TRUST-N-09680,2026-09-21T17:27:54Z,FIN-WS-09,known software,signed,Known Publisher,benign
TRUST-N-07844,2026-09-21T17:28:36Z,MGMT-01,known software,signed,Known Publisher,benign
TRUST-N-01415,2026-09-21T17:29:07Z,DC-01,known software,trusted_internal,Known Publisher,benign
TRUST-N-07888,2026-09-21T17:29:14Z,DC-01,known software,signed,Known Publisher,benign
TRUST-N-01494,2026-09-21T17:29:20Z,APP-06,known software,signed,Known Publisher,benign
TRUST-N-04473,2026-09-21T17:30:37Z,ENG-WS-17,known software,signed,Known Publisher,benign
TRUST-N-03438,2026-09-21T17:30:56Z,FIN-WS-09,known software,trusted_internal,Known Publisher,benign
TRUST-N-00167,2026-09-21T17:31:11Z,ENG-WS-17,known software,trusted_internal,Known Publisher,benign
TRUST-N-07329,2026-09-21T17:31:12Z,FIN-WS-09,known software,signed,Known Publisher,benign
TRUST-N-05749,2026-09-21T17:31:55Z,MGMT-01,known software,signed,Known Publisher,benign
TRUST-N-02284,2026-09-21T17:32:32Z,FIN-WS-09,known software,trusted_internal,Known Publisher,benign
TRUST-N-08351,2026-09-21T17:32:34Z,HR-WS-08,known software,signed,Known Publisher,benign
TRUST-N-07318,2026-09-21T17:35:23Z,HR-WS-22,known software,trusted_internal,Known Publisher,benign
TRUST-N-03393,2026-09-21T17:36:06Z,HR-WS-08,known software,signed,Known Publisher,benign
TRUST-N-09224,2026-09-21T17:38:00Z,FIN-WS-09,known software,signed,Known Publisher,benign
TRUST-N-07343,2026-09-21T17:38:11Z,MGMT-01,known software,trusted_internal,Known Publisher,benign
TRUST-N-00925,2026-09-21T17:38:25Z,PATCH-01,known software,trusted_internal,Known Publisher,benign
TRUST-N-04383,2026-09-21T17:38:27Z,HR-WS-22,known software,trusted_internal,Known Publisher,benign
TRUST-N-04432,2026-09-21T17:40:05Z,APP-06,known software,signed,Known Publisher,benign
TRUST-N-01280,2026-09-21T17:40:45Z,ENG-WS-17,known software,signed,Known Publisher,benign
TRUST-N-00939,2026-09-21T17:41:23Z,DC-01,known software,signed,Known Publisher,benign
TRUST-N-00326,2026-09-21T17:41:35Z,PATCH-01,known software,signed,Known Publisher,benign
TRUST-N-04112,2026-09-21T17:43:38Z,HR-WS-22,known software,trusted_internal,Known Publisher,benign
TRUST-N-05263,2026-09-21T17:43:38Z,HR-WS-08,known software,trusted_internal,Known Publisher,benign
TRUST-N-08586,2026-09-21T17:44:06Z,FIN-WS-09,known software,signed,Known Publisher,benign
TRUST-N-09536,2026-09-21T17:44:56Z,DC-01,known software,signed,Known Publisher,benign
TRUST-N-05832,2026-09-21T17:44:59Z,HR-WS-08,known software,trusted_internal,Known Publisher,benign
TRUST-N-01383,2026-09-21T17:45:05Z,ENG-WS-17,known software,signed,Known Publisher,benign
TRUST-N-00485,2026-09-21T17:45:13Z,FIN-WS-09,known software,trusted_internal,Known Publisher,benign
TRUST-N-06384,2026-09-21T17:45:27Z,FIN-WS-09,known software,trusted_internal,Known Publisher,benign
TRUST-N-06452,2026-09-21T17:45:57Z,FIN-WS-09,known software,signed,Known Publisher,benign
TRUST-N-01331,2026-09-21T17:46:00Z,ENG-WS-17,known software,trusted_internal,Known Publisher,benign
TRUST-N-06064,2026-09-21T17:46:08Z,ENG-WS-17,known software,signed,Known Publisher,benign
TRUST-N-05381,2026-09-21T17:46:25Z,MGMT-01,known software,trusted_internal,Known Publisher,benign
TRUST-N-06124,2026-09-21T17:47:48Z,MGMT-01,known software,trusted_internal,Known Publisher,benign
TRUST-N-00672,2026-09-21T17:47:51Z,ENG-WS-17,known software,signed,Known Publisher,benign
TRUST-N-08110,2026-09-21T17:48:03Z,MGMT-01,known software,signed,Known Publisher,benign
TRUST-N-08554,2026-09-21T17:50:28Z,APP-06,known software,trusted_internal,Known Publisher,benign
TRUST-N-07283,2026-09-21T17:50:30Z,ENG-WS-17,known software,trusted_internal,Known Publisher,benign
TRUST-N-05519,2026-09-21T17:50:50Z,PATCH-01,known software,trusted_internal,Known Publisher,benign
TRUST-N-06227,2026-09-21T17:51:06Z,FIN-WS-09,known software,trusted_internal,Known Publisher,benign
TRUST-N-01022,2026-09-21T17:51:20Z,FIN-WS-09,known software,trusted_internal,Known Publisher,benign
TRUST-N-05456,2026-09-21T17:51:27Z,DC-01,known software,trusted_internal,Known Publisher,benign
TRUST-N-02603,2026-09-21T17:51:33Z,FIN-WS-09,known software,trusted_internal,Known Publisher,benign
TRUST-N-08457,2026-09-21T17:53:28Z,FIN-WS-09,known software,trusted_internal,Known Publisher,benign
TRUST-N-06716,2026-09-21T17:54:18Z,DC-01,known software,signed,Known Publisher,benign
TRUST-N-07150,2026-09-21T17:54:34Z,APP-06,known software,signed,Known Publisher,benign
TRUST-N-02014,2026-09-21T17:54:51Z,MGMT-01,known software,trusted_internal,Known Publisher,benign
TRUST-N-04980,2026-09-21T17:55:32Z,ENG-WS-17,known software,trusted_internal,Known Publisher,benign
TRUST-N-02979,2026-09-21T17:55:44Z,APP-06,known software,signed,Known Publisher,benign
TRUST-N-04802,2026-09-21T17:56:03Z,PATCH-01,known software,trusted_internal,Known Publisher,benign
TRUST-N-09283,2026-09-21T17:56:08Z,HR-WS-22,known software,trusted_internal,Known Publisher,benign
TRUST-N-08760,2026-09-21T17:56:09Z,APP-06,known software,signed,Known Publisher,benign
TRUST-N-06441,2026-09-21T17:56:16Z,MGMT-01,known software,signed,Known Publisher,benign
TRUST-N-07421,2026-09-21T17:58:07Z,MGMT-01,known software,trusted_internal,Known Publisher,benign
TRUST-N-07164,2026-09-21T17:58:17Z,FIN-WS-09,known software,signed,Known Publisher,benign
TRUST-N-00482,2026-09-21T17:58:30Z,DC-01,known software,signed,Known Publisher,benign
TRUST-N-03869,2026-09-21T17:58:59Z,HR-WS-08,known software,trusted_internal,Known Publisher,benign
TRUST-N-00152,2026-09-21T17:59:10Z,PATCH-01,known software,trusted_internal,Known Publisher,benign
TRUST-N-05126,2026-09-21T17:59:28Z,DC-01,known software,trusted_internal,Known Publisher,benign
TRUST-N-09315,2026-09-21T17:59:54Z,MGMT-01,known software,signed,Known Publisher,benign
TRUST-N-04771,2026-09-21T18:00:09Z,HR-WS-22,known software,trusted_internal,Known Publisher,benign
TRUST-N-02090,2026-09-21T18:00:45Z,HR-WS-08,known software,trusted_internal,Known Publisher,benign
TRUST-N-01873,2026-09-21T18:01:32Z,PATCH-01,known software,signed,Known Publisher,benign
TRUST-N-02566,2026-09-21T18:04:01Z,DC-01,known software,signed,Known Publisher,benign
TRUST-N-00665,2026-09-21T18:04:29Z,ENG-WS-17,known software,signed,Known Publisher,benign
TRUST-N-06677,2026-09-21T18:04:45Z,HR-WS-08,known software,trusted_internal,Known Publisher,benign
TRUST-N-00291,2026-09-21T18:05:08Z,PATCH-01,known software,trusted_internal,Known Publisher,benign
TRUST-N-08160,2026-09-21T18:06:13Z,FIN-WS-09,known software,signed,Known Publisher,benign
TRUST-N-07199,2026-09-21T18:07:17Z,FIN-WS-09,known software,trusted_internal,Known Publisher,benign
TRUST-N-05768,2026-09-21T18:08:45Z,PATCH-01,known software,signed,Known Publisher,benign
TRUST-N-06753,2026-09-21T18:11:07Z,PATCH-01,known software,trusted_internal,Known Publisher,benign
TRUST-N-09777,2026-09-21T18:11:10Z,APP-06,known software,signed,Known Publisher,benign
TRUST-N-05484,2026-09-21T18:11:36Z,PATCH-01,known software,signed,Known Publisher,benign
TRUST-N-06067,2026-09-21T18:12:50Z,ENG-WS-17,known software,signed,Known Publisher,benign
TRUST-N-00308,2026-09-21T18:13:48Z,MGMT-01,known software,trusted_internal,Known Publisher,benign
TRUST-N-02814,2026-09-21T18:13:57Z,PATCH-01,known software,signed,Known Publisher,benign
TRUST-N-00241,2026-09-21T18:14:01Z,ENG-WS-17,known software,signed,Known Publisher,benign
TRUST-N-02010,2026-09-21T18:14:07Z,DC-01,known software,signed,Known Publisher,benign
TRUST-N-05755,2026-09-21T18:14:15Z,HR-WS-22,known software,signed,Known Publisher,benign
TRUST-N-06908,2026-09-21T18:14:48Z,ENG-WS-17,known software,signed,Known Publisher,benign
TRUST-N-04838,2026-09-21T18:18:50Z,APP-06,known software,trusted_internal,Known Publisher,benign
TRUST-N-07762,2026-09-21T18:18:58Z,ENG-WS-17,known software,trusted_internal,Known Publisher,benign
TRUST-N-05063,2026-09-21T18:19:13Z,MGMT-01,known software,signed,Known Publisher,benign
TRUST-N-06997,2026-09-21T18:19:14Z,PATCH-01,known software,trusted_internal,Known Publisher,benign
TRUST-N-01675,2026-09-21T18:19:17Z,ENG-WS-17,known software,trusted_internal,Known Publisher,benign
TRUST-N-02266,2026-09-21T18:19:26Z,PATCH-01,known software,signed,Known Publisher,benign
TRUST-N-02113,2026-09-21T18:19:51Z,HR-WS-22,known software,trusted_internal,Known Publisher,benign
TRUST-N-06555,2026-09-21T18:19:53Z,FIN-WS-09,known software,trusted_internal,Known Publisher,benign
TRUST-N-05174,2026-09-21T18:20:24Z,ENG-WS-17,known software,trusted_internal,Known Publisher,benign
TRUST-N-02139,2026-09-21T18:21:04Z,DC-01,known software,trusted_internal,Known Publisher,benign
TRUST-N-08783,2026-09-21T18:21:17Z,FIN-WS-09,known software,trusted_internal,Known Publisher,benign
TRUST-N-06166,2026-09-21T18:22:06Z,FIN-WS-09,known software,signed,Known Publisher,benign
TRUST-N-06984,2026-09-21T18:22:09Z,HR-WS-08,known software,trusted_internal,Known Publisher,benign
TRUST-N-09873,2026-09-21T18:23:10Z,FIN-WS-09,known software,trusted_internal,Known Publisher,benign
TRUST-N-05673,2026-09-21T18:23:19Z,HR-WS-08,known software,trusted_internal,Known Publisher,benign
TRUST-N-05347,2026-09-21T18:24:07Z,FIN-WS-09,known software,trusted_internal,Known Publisher,benign
TRUST-N-01996,2026-09-21T18:24:47Z,PATCH-01,known software,trusted_internal,Known Publisher,benign
TRUST-N-01830,2026-09-21T18:25:45Z,DC-01,known software,trusted_internal,Known Publisher,benign
TRUST-N-01129,2026-09-21T18:25:48Z,PATCH-01,known software,signed,Known Publisher,benign
TRUST-N-01542,2026-09-21T18:25:48Z,FIN-WS-09,known software,trusted_internal,Known Publisher,benign
TRUST-N-04800,2026-09-21T18:26:11Z,HR-WS-08,known software,trusted_internal,Known Publisher,benign
TRUST-N-06115,2026-09-21T18:26:19Z,APP-06,known software,signed,Known Publisher,benign
TRUST-N-00258,2026-09-21T18:26:28Z,APP-06,known software,trusted_internal,Known Publisher,benign
TRUST-N-04899,2026-09-21T18:27:23Z,DC-01,known software,signed,Known Publisher,benign
TRUST-N-03665,2026-09-21T18:27:37Z,ENG-WS-17,known software,trusted_internal,Known Publisher,benign
TRUST-N-07187,2026-09-21T18:27:48Z,HR-WS-22,known software,signed,Known Publisher,benign
TRUST-N-07099,2026-09-21T18:28:50Z,APP-06,known software,signed,Known Publisher,benign
TRUST-N-07042,2026-09-21T18:28:51Z,APP-06,known software,trusted_internal,Known Publisher,benign
TRUST-N-00844,2026-09-21T18:29:03Z,ENG-WS-17,known software,trusted_internal,Known Publisher,benign
TRUST-N-02789,2026-09-21T18:29:05Z,FIN-WS-09,known software,signed,Known Publisher,benign
TRUST-N-03468,2026-09-21T18:31:13Z,FIN-WS-09,known software,signed,Known Publisher,benign
TRUST-N-04526,2026-09-21T18:31:18Z,APP-06,known software,signed,Known Publisher,benign
TRUST-N-00697,2026-09-21T18:31:48Z,ENG-WS-17,known software,trusted_internal,Known Publisher,benign
TRUST-N-04972,2026-09-21T18:32:15Z,PATCH-01,known software,trusted_internal,Known Publisher,benign
TRUST-N-00810,2026-09-21T18:32:22Z,FIN-WS-09,known software,trusted_internal,Known Publisher,benign
TRUST-N-04445,2026-09-21T18:33:41Z,APP-06,known software,signed,Known Publisher,benign
TRUST-N-01603,2026-09-21T18:33:55Z,FIN-WS-09,known software,signed,Known Publisher,benign
TRUST-N-07002,2026-09-21T18:34:11Z,PATCH-01,known software,trusted_internal,Known Publisher,benign
TRUST-N-06848,2026-09-21T18:34:25Z,DC-01,known software,signed,Known Publisher,benign
TRUST-N-01845,2026-09-21T18:34:44Z,PATCH-01,known software,signed,Known Publisher,benign
TRUST-N-04215,2026-09-21T18:34:50Z,HR-WS-08,known software,signed,Known Publisher,benign
TRUST-N-08981,2026-09-21T18:35:43Z,FIN-WS-09,known software,signed,Known Publisher,benign
TRUST-N-01466,2026-09-21T18:36:27Z,HR-WS-22,known software,signed,Known Publisher,benign
TRUST-N-00054,2026-09-21T18:36:41Z,PATCH-01,known software,trusted_internal,Known Publisher,benign
TRUST-N-03831,2026-09-21T18:37:40Z,HR-WS-08,known software,signed,Known Publisher,benign
TRUST-N-06632,2026-09-21T18:38:10Z,MGMT-01,known software,signed,Known Publisher,benign
TRUST-N-05928,2026-09-21T18:38:17Z,HR-WS-22,known software,trusted_internal,Known Publisher,benign
TRUST-N-06424,2026-09-21T18:38:21Z,DC-01,known software,trusted_internal,Known Publisher,benign
TRUST-N-01505,2026-09-21T18:38:22Z,HR-WS-08,known software,trusted_internal,Known Publisher,benign
TRUST-N-07394,2026-09-21T18:38:57Z,FIN-WS-09,known software,trusted_internal,Known Publisher,benign
TRUST-N-05834,2026-09-21T18:39:54Z,HR-WS-08,known software,trusted_internal,Known Publisher,benign
TRUST-N-03037,2026-09-21T18:40:05Z,DC-01,known software,trusted_internal,Known Publisher,benign
TRUST-N-07761,2026-09-21T18:41:45Z,PATCH-01,known software,trusted_internal,Known Publisher,benign
TRUST-N-07317,2026-09-21T18:41:48Z,PATCH-01,known software,trusted_internal,Known Publisher,benign
TRUST-N-09222,2026-09-21T18:42:01Z,MGMT-01,known software,signed,Known Publisher,benign
TRUST-N-07708,2026-09-21T18:42:05Z,MGMT-01,known software,trusted_internal,Known Publisher,benign
TRUST-N-03142,2026-09-21T18:42:34Z,FIN-WS-09,known software,signed,Known Publisher,benign
TRUST-N-09031,2026-09-21T18:42:58Z,APP-06,known software,trusted_internal,Known Publisher,benign
TRUST-N-00022,2026-09-21T18:43:16Z,HR-WS-08,known software,trusted_internal,Known Publisher,benign
TRUST-N-01762,2026-09-21T18:43:55Z,FIN-WS-09,known software,signed,Known Publisher,benign
TRUST-N-06977,2026-09-21T18:44:03Z,APP-06,known software,signed,Known Publisher,benign
TRUST-N-03882,2026-09-21T18:44:49Z,PATCH-01,known software,trusted_internal,Known Publisher,benign
TRUST-N-08177,2026-09-21T18:45:44Z,PATCH-01,known software,trusted_internal,Known Publisher,benign
TRUST-N-04251,2026-09-21T18:46:32Z,FIN-WS-09,known software,trusted_internal,Known Publisher,benign
TRUST-N-01450,2026-09-21T18:46:45Z,APP-06,known software,trusted_internal,Known Publisher,benign
TRUST-N-05996,2026-09-21T18:48:03Z,ENG-WS-17,known software,signed,Known Publisher,benign
TRUST-N-08076,2026-09-21T18:48:06Z,DC-01,known software,signed,Known Publisher,benign
TRUST-N-01273,2026-09-21T18:48:13Z,PATCH-01,known software,signed,Known Publisher,benign
TRUST-N-08069,2026-09-21T18:48:14Z,APP-06,known software,signed,Known Publisher,benign
TRUST-N-09256,2026-09-21T18:48:28Z,DC-01,known software,signed,Known Publisher,benign
TRUST-N-07979,2026-09-21T18:49:39Z,ENG-WS-17,known software,signed,Known Publisher,benign
TRUST-N-00199,2026-09-21T18:50:30Z,DC-01,known software,signed,Known Publisher,benign
TRUST-N-07842,2026-09-21T18:51:41Z,FIN-WS-09,known software,signed,Known Publisher,benign
TRUST-N-02815,2026-09-21T18:51:50Z,PATCH-01,known software,trusted_internal,Known Publisher,benign
TRUST-N-04678,2026-09-21T18:52:26Z,MGMT-01,known software,trusted_internal,Known Publisher,benign
TRUST-N-06593,2026-09-21T18:53:06Z,PATCH-01,known software,trusted_internal,Known Publisher,benign
TRUST-N-00582,2026-09-21T18:53:26Z,APP-06,known software,trusted_internal,Known Publisher,benign
TRUST-N-04984,2026-09-21T18:54:19Z,HR-WS-08,known software,signed,Known Publisher,benign
TRUST-N-07068,2026-09-21T18:54:22Z,HR-WS-22,known software,signed,Known Publisher,benign
TRUST-N-09609,2026-09-21T18:55:09Z,PATCH-01,known software,signed,Known Publisher,benign
TRUST-N-03915,2026-09-21T18:55:57Z,PATCH-01,known software,trusted_internal,Known Publisher,benign
TRUST-N-00715,2026-09-21T18:56:19Z,DC-01,known software,trusted_internal,Known Publisher,benign
TRUST-N-06502,2026-09-21T18:56:33Z,ENG-WS-17,known software,signed,Known Publisher,benign
TRUST-N-09495,2026-09-21T18:56:34Z,HR-WS-08,known software,signed,Known Publisher,benign
TRUST-N-02764,2026-09-21T18:56:52Z,ENG-WS-17,known software,trusted_internal,Known Publisher,benign
TRUST-N-07076,2026-09-21T18:57:02Z,HR-WS-22,known software,signed,Known Publisher,benign
TRUST-N-09461,2026-09-21T18:57:10Z,HR-WS-22,known software,signed,Known Publisher,benign
TRUST-N-06837,2026-09-21T18:57:59Z,APP-06,known software,trusted_internal,Known Publisher,benign
TRUST-N-04973,2026-09-21T18:58:07Z,ENG-WS-17,known software,signed,Known Publisher,benign
TRUST-N-03138,2026-09-21T18:58:42Z,DC-01,known software,trusted_internal,Known Publisher,benign
TRUST-N-03735,2026-09-21T18:58:43Z,DC-01,known software,trusted_internal,Known Publisher,benign
TRUST-N-02390,2026-09-21T18:58:58Z,MGMT-01,known software,trusted_internal,Known Publisher,benign
TRUST-N-08199,2026-09-21T19:00:16Z,MGMT-01,known software,trusted_internal,Known Publisher,benign
TRUST-N-00632,2026-09-21T19:00:19Z,APP-06,known software,signed,Known Publisher,benign
TRUST-N-08129,2026-09-21T19:00:39Z,PATCH-01,known software,trusted_internal,Known Publisher,benign
TRUST-N-06358,2026-09-21T19:01:12Z,FIN-WS-09,known software,trusted_internal,Known Publisher,benign
TRUST-N-01244,2026-09-21T19:01:52Z,HR-WS-08,known software,signed,Known Publisher,benign
TRUST-N-02073,2026-09-21T19:05:01Z,DC-01,known software,trusted_internal,Known Publisher,benign
TRUST-N-01500,2026-09-21T19:05:08Z,HR-WS-08,known software,trusted_internal,Known Publisher,benign
TRUST-N-03452,2026-09-21T19:05:29Z,DC-01,known software,signed,Known Publisher,benign
TRUST-N-04143,2026-09-21T19:06:26Z,MGMT-01,known software,trusted_internal,Known Publisher,benign
TRUST-N-09847,2026-09-21T19:07:21Z,APP-06,known software,trusted_internal,Known Publisher,benign
TRUST-N-06523,2026-09-21T19:07:34Z,APP-06,known software,trusted_internal,Known Publisher,benign
TRUST-N-09157,2026-09-21T19:07:36Z,APP-06,known software,trusted_internal,Known Publisher,benign
TRUST-N-03214,2026-09-21T19:08:41Z,PATCH-01,known software,trusted_internal,Known Publisher,benign
TRUST-N-03509,2026-09-21T19:08:43Z,MGMT-01,known software,signed,Known Publisher,benign
TRUST-N-05198,2026-09-21T19:09:18Z,ENG-WS-17,known software,signed,Known Publisher,benign
TRUST-N-03247,2026-09-21T19:09:56Z,HR-WS-08,known software,signed,Known Publisher,benign
TRUST-N-08849,2026-09-21T19:10:13Z,MGMT-01,known software,trusted_internal,Known Publisher,benign
TRUST-N-01890,2026-09-21T19:11:53Z,HR-WS-08,known software,signed,Known Publisher,benign
TRUST-N-00812,2026-09-21T19:11:57Z,ENG-WS-17,known software,trusted_internal,Known Publisher,benign
TRUST-N-08838,2026-09-21T19:13:36Z,FIN-WS-09,known software,signed,Known Publisher,benign
TRUST-N-06935,2026-09-21T19:13:58Z,DC-01,known software,signed,Known Publisher,benign
TRUST-N-06604,2026-09-21T19:14:12Z,DC-01,known software,trusted_internal,Known Publisher,benign
TRUST-N-09386,2026-09-21T19:14:51Z,PATCH-01,known software,trusted_internal,Known Publisher,benign
TRUST-N-04978,2026-09-21T19:14:52Z,PATCH-01,known software,signed,Known Publisher,benign
TRUST-N-03256,2026-09-21T19:15:29Z,MGMT-01,known software,signed,Known Publisher,benign
TRUST-N-00975,2026-09-21T19:15:44Z,MGMT-01,known software,signed,Known Publisher,benign
TRUST-N-03898,2026-09-21T19:15:57Z,MGMT-01,known software,trusted_internal,Known Publisher,benign
TRUST-N-02199,2026-09-21T19:16:16Z,APP-06,known software,signed,Known Publisher,benign
TRUST-N-02479,2026-09-21T19:16:35Z,APP-06,known software,trusted_internal,Known Publisher,benign
TRUST-N-09515,2026-09-21T19:16:56Z,FIN-WS-09,known software,trusted_internal,Known Publisher,benign
TRUST-N-05066,2026-09-21T19:18:33Z,HR-WS-08,known software,trusted_internal,Known Publisher,benign
TRUST-N-02563,2026-09-21T19:18:59Z,PATCH-01,known software,signed,Known Publisher,benign
TRUST-N-07840,2026-09-21T19:19:44Z,DC-01,known software,signed,Known Publisher,benign
TRUST-N-05789,2026-09-21T19:20:18Z,PATCH-01,known software,signed,Known Publisher,benign
TRUST-N-03494,2026-09-21T19:20:43Z,MGMT-01,known software,trusted_internal,Known Publisher,benign
TRUST-N-08278,2026-09-21T19:20:55Z,APP-06,known software,trusted_internal,Known Publisher,benign
TRUST-N-00759,2026-09-21T19:21:11Z,DC-01,known software,trusted_internal,Known Publisher,benign
TRUST-N-05560,2026-09-21T19:21:23Z,PATCH-01,known software,trusted_internal,Known Publisher,benign
TRUST-N-05483,2026-09-21T19:21:34Z,HR-WS-22,known software,signed,Known Publisher,benign
TRUST-N-07264,2026-09-21T19:22:16Z,PATCH-01,known software,trusted_internal,Known Publisher,benign
TRUST-N-08048,2026-09-21T19:22:46Z,DC-01,known software,trusted_internal,Known Publisher,benign
TRUST-N-00578,2026-09-21T19:22:55Z,ENG-WS-17,known software,trusted_internal,Known Publisher,benign
TRUST-N-09904,2026-09-21T19:22:59Z,MGMT-01,known software,trusted_internal,Known Publisher,benign
TRUST-N-04640,2026-09-21T19:23:30Z,HR-WS-22,known software,signed,Known Publisher,benign
TRUST-N-06970,2026-09-21T19:23:35Z,HR-WS-08,known software,trusted_internal,Known Publisher,benign
TRUST-N-06200,2026-09-21T19:24:51Z,ENG-WS-17,known software,trusted_internal,Known Publisher,benign
TRUST-N-08359,2026-09-21T19:24:53Z,FIN-WS-09,known software,trusted_internal,Known Publisher,benign
TRUST-N-03925,2026-09-21T19:26:28Z,HR-WS-22,known software,trusted_internal,Known Publisher,benign
TRUST-N-05090,2026-09-21T19:27:51Z,DC-01,known software,signed,Known Publisher,benign
TRUST-N-00804,2026-09-21T19:27:52Z,PATCH-01,known software,trusted_internal,Known Publisher,benign
TRUST-N-04698,2026-09-21T19:28:13Z,HR-WS-08,known software,signed,Known Publisher,benign
TRUST-N-07362,2026-09-21T19:28:24Z,MGMT-01,known software,trusted_internal,Known Publisher,benign
TRUST-N-01789,2026-09-21T19:29:09Z,APP-06,known software,signed,Known Publisher,benign
TRUST-N-07235,2026-09-21T19:29:16Z,APP-06,known software,signed,Known Publisher,benign
TRUST-N-00246,2026-09-21T19:29:50Z,MGMT-01,known software,trusted_internal,Known Publisher,benign
TRUST-N-00231,2026-09-21T19:32:35Z,HR-WS-22,known software,signed,Known Publisher,benign
TRUST-N-07848,2026-09-21T19:33:46Z,MGMT-01,known software,signed,Known Publisher,benign
TRUST-N-04366,2026-09-21T19:35:17Z,MGMT-01,known software,signed,Known Publisher,benign
TRUST-N-07097,2026-09-21T19:35:28Z,DC-01,known software,trusted_internal,Known Publisher,benign
TRUST-N-07308,2026-09-21T19:35:42Z,ENG-WS-17,known software,trusted_internal,Known Publisher,benign
TRUST-N-01657,2026-09-21T19:35:43Z,HR-WS-08,known software,signed,Known Publisher,benign
TRUST-N-06013,2026-09-21T19:35:57Z,DC-01,known software,trusted_internal,Known Publisher,benign
TRUST-N-05496,2026-09-21T19:36:28Z,APP-06,known software,trusted_internal,Known Publisher,benign
TRUST-N-07110,2026-09-21T19:36:59Z,PATCH-01,known software,trusted_internal,Known Publisher,benign
TRUST-N-01481,2026-09-21T19:37:14Z,ENG-WS-17,known software,trusted_internal,Known Publisher,benign
TRUST-N-06813,2026-09-21T19:37:19Z,FIN-WS-09,known software,signed,Known Publisher,benign
TRUST-N-07026,2026-09-21T19:37:21Z,DC-01,known software,signed,Known Publisher,benign
TRUST-N-00935,2026-09-21T19:38:34Z,HR-WS-08,known software,signed,Known Publisher,benign
TRUST-N-05850,2026-09-21T19:39:15Z,PATCH-01,known software,signed,Known Publisher,benign
TRUST-N-02553,2026-09-21T19:39:31Z,PATCH-01,known software,trusted_internal,Known Publisher,benign
TRUST-N-03023,2026-09-21T19:39:51Z,PATCH-01,known software,trusted_internal,Known Publisher,benign
TRUST-N-01460,2026-09-21T19:39:52Z,FIN-WS-09,known software,signed,Known Publisher,benign
TRUST-N-05799,2026-09-21T19:39:59Z,MGMT-01,known software,trusted_internal,Known Publisher,benign
TRUST-N-04273,2026-09-21T19:40:19Z,HR-WS-22,known software,signed,Known Publisher,benign
TRUST-N-08968,2026-09-21T19:40:28Z,DC-01,known software,signed,Known Publisher,benign
TRUST-N-08856,2026-09-21T19:40:49Z,MGMT-01,known software,signed,Known Publisher,benign
TRUST-N-06552,2026-09-21T19:41:08Z,MGMT-01,known software,signed,Known Publisher,benign
TRUST-N-03645,2026-09-21T19:41:24Z,PATCH-01,known software,trusted_internal,Known Publisher,benign
TRUST-N-08007,2026-09-21T19:42:13Z,FIN-WS-09,known software,signed,Known Publisher,benign
TRUST-N-06726,2026-09-21T19:42:28Z,PATCH-01,known software,signed,Known Publisher,benign
TRUST-N-09868,2026-09-21T19:42:40Z,PATCH-01,known software,trusted_internal,Known Publisher,benign
TRUST-N-00136,2026-09-21T19:43:04Z,PATCH-01,known software,trusted_internal,Known Publisher,benign
TRUST-N-04827,2026-09-21T19:43:05Z,HR-WS-08,known software,signed,Known Publisher,benign
TRUST-N-07316,2026-09-21T19:43:38Z,PATCH-01,known software,trusted_internal,Known Publisher,benign
TRUST-N-07330,2026-09-21T19:44:50Z,DC-01,known software,trusted_internal,Known Publisher,benign
TRUST-N-05883,2026-09-21T19:45:28Z,ENG-WS-17,known software,trusted_internal,Known Publisher,benign
TRUST-N-02036,2026-09-21T19:45:49Z,MGMT-01,known software,trusted_internal,Known Publisher,benign
TRUST-N-09413,2026-09-21T19:46:16Z,ENG-WS-17,known software,trusted_internal,Known Publisher,benign
TRUST-N-02651,2026-09-21T19:46:42Z,FIN-WS-09,known software,signed,Known Publisher,benign
TRUST-N-03033,2026-09-21T19:47:27Z,FIN-WS-09,known software,trusted_internal,Known Publisher,benign
TRUST-N-06105,2026-09-21T19:48:10Z,HR-WS-08,known software,trusted_internal,Known Publisher,benign
TRUST-N-03074,2026-09-21T19:48:28Z,FIN-WS-09,known software,trusted_internal,Known Publisher,benign
TRUST-N-04330,2026-09-21T19:48:41Z,HR-WS-22,known software,signed,Known Publisher,benign
TRUST-N-01057,2026-09-21T19:49:07Z,DC-01,known software,trusted_internal,Known Publisher,benign
TRUST-N-07477,2026-09-21T19:49:07Z,APP-06,known software,signed,Known Publisher,benign
TRUST-N-01124,2026-09-21T19:49:39Z,APP-06,known software,signed,Known Publisher,benign
TRUST-N-08099,2026-09-21T19:50:02Z,PATCH-01,known software,signed,Known Publisher,benign
TRUST-N-07691,2026-09-21T19:51:13Z,FIN-WS-09,known software,signed,Known Publisher,benign
TRUST-N-06733,2026-09-21T19:51:24Z,MGMT-01,known software,signed,Known Publisher,benign
TRUST-N-01754,2026-09-21T19:52:02Z,FIN-WS-09,known software,signed,Known Publisher,benign
TRUST-N-07473,2026-09-21T19:52:43Z,ENG-WS-17,known software,signed,Known Publisher,benign
TRUST-N-01385,2026-09-21T19:52:50Z,HR-WS-22,known software,trusted_internal,Known Publisher,benign
TRUST-N-08883,2026-09-21T19:53:21Z,PATCH-01,known software,signed,Known Publisher,benign
TRUST-N-05158,2026-09-21T19:53:45Z,HR-WS-22,known software,trusted_internal,Known Publisher,benign
TRUST-N-01907,2026-09-21T19:54:27Z,HR-WS-08,known software,signed,Known Publisher,benign
TRUST-N-00194,2026-09-21T19:54:37Z,HR-WS-22,known software,trusted_internal,Known Publisher,benign
TRUST-N-08352,2026-09-21T19:54:48Z,FIN-WS-09,known software,trusted_internal,Known Publisher,benign
TRUST-N-00134,2026-09-21T19:55:02Z,ENG-WS-17,known software,signed,Known Publisher,benign
TRUST-N-06769,2026-09-21T19:55:13Z,APP-06,known software,signed,Known Publisher,benign
TRUST-N-09176,2026-09-21T19:55:23Z,FIN-WS-09,known software,trusted_internal,Known Publisher,benign
TRUST-N-01961,2026-09-21T19:55:40Z,DC-01,known software,trusted_internal,Known Publisher,benign
TRUST-N-03164,2026-09-21T19:56:19Z,APP-06,known software,trusted_internal,Known Publisher,benign
TRUST-N-01922,2026-09-21T19:56:34Z,ENG-WS-17,known software,signed,Known Publisher,benign
TRUST-N-03268,2026-09-21T19:56:54Z,APP-06,known software,signed,Known Publisher,benign
TRUST-N-09507,2026-09-21T19:57:00Z,PATCH-01,known software,signed,Known Publisher,benign
TRUST-N-02716,2026-09-21T19:57:05Z,HR-WS-08,known software,trusted_internal,Known Publisher,benign
TRUST-N-07403,2026-09-21T19:57:35Z,ENG-WS-17,known software,trusted_internal,Known Publisher,benign
TRUST-N-06401,2026-09-21T19:57:41Z,DC-01,known software,signed,Known Publisher,benign
TRUST-N-04483,2026-09-21T19:59:58Z,HR-WS-08,known software,trusted_internal,Known Publisher,benign
TRUST-N-01347,2026-09-21T20:00:12Z,HR-WS-08,known software,signed,Known Publisher,benign
TRUST-N-02635,2026-09-21T20:00:13Z,APP-06,known software,trusted_internal,Known Publisher,benign
TRUST-N-09128,2026-09-21T20:00:20Z,FIN-WS-09,known software,trusted_internal,Known Publisher,benign
TRUST-N-06963,2026-09-21T20:01:01Z,FIN-WS-09,known software,trusted_internal,Known Publisher,benign
TRUST-N-03337,2026-09-21T20:01:11Z,HR-WS-22,known software,signed,Known Publisher,benign
TRUST-N-00543,2026-09-21T20:01:24Z,HR-WS-22,known software,signed,Known Publisher,benign
TRUST-N-00705,2026-09-21T20:01:42Z,DC-01,known software,signed,Known Publisher,benign
TRUST-N-05386,2026-09-21T20:01:52Z,APP-06,known software,signed,Known Publisher,benign
TRUST-N-06288,2026-09-21T20:02:07Z,MGMT-01,known software,trusted_internal,Known Publisher,benign
TRUST-N-00155,2026-09-21T20:02:28Z,HR-WS-08,known software,signed,Known Publisher,benign
TRUST-N-06770,2026-09-21T20:02:31Z,ENG-WS-17,known software,signed,Known Publisher,benign
TRUST-N-09206,2026-09-21T20:03:05Z,DC-01,known software,trusted_internal,Known Publisher,benign
TRUST-N-08133,2026-09-21T20:03:10Z,MGMT-01,known software,trusted_internal,Known Publisher,benign
TRUST-N-05957,2026-09-21T20:03:16Z,HR-WS-22,known software,trusted_internal,Known Publisher,benign
TRUST-N-02843,2026-09-21T20:03:31Z,FIN-WS-09,known software,trusted_internal,Known Publisher,benign
TRUST-N-07788,2026-09-21T20:03:36Z,PATCH-01,known software,signed,Known Publisher,benign
TRUST-N-09947,2026-09-21T20:04:02Z,PATCH-01,known software,signed,Known Publisher,benign
TRUST-N-03852,2026-09-21T20:04:21Z,HR-WS-22,known software,trusted_internal,Known Publisher,benign
TRUST-N-09677,2026-09-21T20:06:10Z,MGMT-01,known software,trusted_internal,Known Publisher,benign
TRUST-N-07728,2026-09-21T20:06:20Z,HR-WS-08,known software,trusted_internal,Known Publisher,benign
TRUST-N-08451,2026-09-21T20:06:36Z,ENG-WS-17,known software,signed,Known Publisher,benign
TRUST-N-04021,2026-09-21T20:06:41Z,PATCH-01,known software,trusted_internal,Known Publisher,benign
TRUST-N-05745,2026-09-21T20:06:47Z,DC-01,known software,trusted_internal,Known Publisher,benign
TRUST-N-08215,2026-09-21T20:07:30Z,APP-06,known software,trusted_internal,Known Publisher,benign
TRUST-N-09580,2026-09-21T20:08:01Z,ENG-WS-17,known software,trusted_internal,Known Publisher,benign
TRUST-N-01982,2026-09-21T20:08:02Z,DC-01,known software,signed,Known Publisher,benign
TRUST-N-04293,2026-09-21T20:08:33Z,DC-01,known software,signed,Known Publisher,benign
TRUST-N-08926,2026-09-21T20:09:32Z,FIN-WS-09,known software,signed,Known Publisher,benign
TRUST-N-09575,2026-09-21T20:11:50Z,MGMT-01,known software,signed,Known Publisher,benign
TRUST-N-00623,2026-09-21T20:12:13Z,HR-WS-22,known software,signed,Known Publisher,benign
TRUST-N-08443,2026-09-21T20:13:14Z,HR-WS-22,known software,signed,Known Publisher,benign
TRUST-N-07722,2026-09-21T20:14:31Z,APP-06,known software,signed,Known Publisher,benign
TRUST-N-03106,2026-09-21T20:16:42Z,DC-01,known software,trusted_internal,Known Publisher,benign
TRUST-N-00771,2026-09-21T20:17:30Z,PATCH-01,known software,signed,Known Publisher,benign
TRUST-N-02976,2026-09-21T20:17:45Z,HR-WS-22,known software,signed,Known Publisher,benign
TRUST-N-07724,2026-09-21T20:18:28Z,MGMT-01,known software,signed,Known Publisher,benign
TRUST-N-04825,2026-09-21T20:18:47Z,HR-WS-22,known software,signed,Known Publisher,benign
TRUST-N-08812,2026-09-21T20:18:48Z,HR-WS-08,known software,trusted_internal,Known Publisher,benign
TRUST-N-08560,2026-09-21T20:18:53Z,HR-WS-22,known software,trusted_internal,Known Publisher,benign
TRUST-N-09349,2026-09-21T20:20:20Z,FIN-WS-09,known software,trusted_internal,Known Publisher,benign
TRUST-N-02244,2026-09-21T20:20:23Z,MGMT-01,known software,trusted_internal,Known Publisher,benign
TRUST-N-00643,2026-09-21T20:20:34Z,FIN-WS-09,known software,trusted_internal,Known Publisher,benign
TRUST-N-05810,2026-09-21T20:20:43Z,APP-06,known software,trusted_internal,Known Publisher,benign
TRUST-N-09307,2026-09-21T20:20:49Z,MGMT-01,known software,trusted_internal,Known Publisher,benign
TRUST-N-08205,2026-09-21T20:21:19Z,APP-06,known software,signed,Known Publisher,benign
TRUST-N-05181,2026-09-21T20:21:36Z,MGMT-01,known software,trusted_internal,Known Publisher,benign
TRUST-N-05353,2026-09-21T20:21:42Z,FIN-WS-09,known software,signed,Known Publisher,benign
TRUST-N-08681,2026-09-21T20:22:12Z,PATCH-01,known software,signed,Known Publisher,benign
TRUST-N-01196,2026-09-21T20:23:51Z,MGMT-01,known software,trusted_internal,Known Publisher,benign
TRUST-N-07404,2026-09-21T20:23:57Z,MGMT-01,known software,signed,Known Publisher,benign
TRUST-N-09428,2026-09-21T20:25:49Z,ENG-WS-17,known software,signed,Known Publisher,benign
TRUST-N-01759,2026-09-21T20:26:05Z,FIN-WS-09,known software,signed,Known Publisher,benign
TRUST-N-08532,2026-09-21T20:26:10Z,MGMT-01,known software,signed,Known Publisher,benign
TRUST-N-08522,2026-09-21T20:26:17Z,PATCH-01,known software,signed,Known Publisher,benign
TRUST-N-00598,2026-09-21T20:27:09Z,FIN-WS-09,known software,trusted_internal,Known Publisher,benign
TRUST-N-04154,2026-09-21T20:27:14Z,APP-06,known software,trusted_internal,Known Publisher,benign
TRUST-N-03179,2026-09-21T20:27:38Z,DC-01,known software,trusted_internal,Known Publisher,benign
TRUST-N-03122,2026-09-21T20:27:43Z,DC-01,known software,signed,Known Publisher,benign
TRUST-N-05022,2026-09-21T20:28:19Z,PATCH-01,known software,trusted_internal,Known Publisher,benign
TRUST-N-03349,2026-09-21T20:28:43Z,HR-WS-22,known software,trusted_internal,Known Publisher,benign
TRUST-N-05724,2026-09-21T20:28:49Z,PATCH-01,known software,trusted_internal,Known Publisher,benign
TRUST-N-06182,2026-09-21T20:29:30Z,ENG-WS-17,known software,signed,Known Publisher,benign
TRUST-N-05128,2026-09-21T20:29:55Z,ENG-WS-17,known software,signed,Known Publisher,benign
TRUST-N-08245,2026-09-21T20:30:29Z,ENG-WS-17,known software,trusted_internal,Known Publisher,benign
TRUST-N-02086,2026-09-21T20:31:02Z,HR-WS-08,known software,trusted_internal,Known Publisher,benign
TRUST-N-02114,2026-09-21T20:31:52Z,ENG-WS-17,known software,trusted_internal,Known Publisher,benign
TRUST-N-09915,2026-09-21T20:32:55Z,PATCH-01,known software,trusted_internal,Known Publisher,benign
TRUST-N-01028,2026-09-21T20:34:40Z,PATCH-01,known software,signed,Known Publisher,benign
TRUST-N-09200,2026-09-21T20:34:59Z,DC-01,known software,signed,Known Publisher,benign
TRUST-N-04650,2026-09-21T20:35:04Z,APP-06,known software,signed,Known Publisher,benign
TRUST-N-07044,2026-09-21T20:36:04Z,DC-01,known software,trusted_internal,Known Publisher,benign
TRUST-N-08502,2026-09-21T20:36:17Z,FIN-WS-09,known software,signed,Known Publisher,benign
TRUST-N-07294,2026-09-21T20:36:24Z,ENG-WS-17,known software,signed,Known Publisher,benign
TRUST-N-08562,2026-09-21T20:36:53Z,PATCH-01,known software,trusted_internal,Known Publisher,benign
TRUST-N-09436,2026-09-21T20:37:29Z,APP-06,known software,trusted_internal,Known Publisher,benign
TRUST-N-06656,2026-09-21T20:38:26Z,HR-WS-08,known software,trusted_internal,Known Publisher,benign
TRUST-N-01025,2026-09-21T20:39:29Z,FIN-WS-09,known software,trusted_internal,Known Publisher,benign
TRUST-N-09387,2026-09-21T20:39:52Z,FIN-WS-09,known software,signed,Known Publisher,benign
TRUST-N-02561,2026-09-21T20:40:08Z,APP-06,known software,signed,Known Publisher,benign
TRUST-N-00831,2026-09-21T20:40:19Z,FIN-WS-09,known software,trusted_internal,Known Publisher,benign
TRUST-N-06216,2026-09-21T20:41:20Z,HR-WS-22,known software,signed,Known Publisher,benign
TRUST-N-06584,2026-09-21T20:41:20Z,ENG-WS-17,known software,trusted_internal,Known Publisher,benign
TRUST-N-04406,2026-09-21T20:41:55Z,MGMT-01,known software,signed,Known Publisher,benign
TRUST-N-08191,2026-09-21T20:42:55Z,FIN-WS-09,known software,trusted_internal,Known Publisher,benign
TRUST-N-05588,2026-09-21T20:43:00Z,ENG-WS-17,known software,trusted_internal,Known Publisher,benign
TRUST-N-01232,2026-09-21T20:43:18Z,ENG-WS-17,known software,signed,Known Publisher,benign
TRUST-N-04089,2026-09-21T20:43:49Z,APP-06,known software,trusted_internal,Known Publisher,benign
TRUST-N-08973,2026-09-21T20:43:55Z,HR-WS-08,known software,trusted_internal,Known Publisher,benign
TRUST-N-09262,2026-09-21T20:44:09Z,ENG-WS-17,known software,trusted_internal,Known Publisher,benign
TRUST-N-09089,2026-09-21T20:44:28Z,MGMT-01,known software,signed,Known Publisher,benign
TRUST-N-09129,2026-09-21T20:44:54Z,APP-06,known software,signed,Known Publisher,benign
TRUST-N-02522,2026-09-21T20:46:19Z,APP-06,known software,signed,Known Publisher,benign
TRUST-N-01257,2026-09-21T20:46:34Z,MGMT-01,known software,signed,Known Publisher,benign
TRUST-N-04098,2026-09-21T20:47:17Z,MGMT-01,known software,trusted_internal,Known Publisher,benign
TRUST-N-05507,2026-09-21T20:47:32Z,DC-01,known software,signed,Known Publisher,benign
TRUST-N-07820,2026-09-21T20:47:47Z,MGMT-01,known software,trusted_internal,Known Publisher,benign
TRUST-N-04892,2026-09-21T20:48:07Z,PATCH-01,known software,signed,Known Publisher,benign
TRUST-N-07727,2026-09-21T20:48:17Z,APP-06,known software,signed,Known Publisher,benign
TRUST-N-06157,2026-09-21T20:48:20Z,ENG-WS-17,known software,signed,Known Publisher,benign
TRUST-N-06350,2026-09-21T20:49:54Z,DC-01,known software,trusted_internal,Known Publisher,benign
TRUST-N-01855,2026-09-21T20:50:22Z,HR-WS-08,known software,signed,Known Publisher,benign
TRUST-N-01307,2026-09-21T20:51:24Z,HR-WS-22,known software,trusted_internal,Known Publisher,benign
TRUST-N-02136,2026-09-21T20:51:32Z,APP-06,known software,trusted_internal,Known Publisher,benign
TRUST-N-04148,2026-09-21T20:52:25Z,HR-WS-22,known software,trusted_internal,Known Publisher,benign
TRUST-N-08117,2026-09-21T20:53:47Z,APP-06,known software,signed,Known Publisher,benign
TRUST-N-05208,2026-09-21T20:55:45Z,ENG-WS-17,known software,trusted_internal,Known Publisher,benign
TRUST-N-08632,2026-09-21T20:55:48Z,FIN-WS-09,known software,signed,Known Publisher,benign
TRUST-N-00297,2026-09-21T20:57:11Z,HR-WS-08,known software,trusted_internal,Known Publisher,benign
TRUST-N-08108,2026-09-21T20:58:07Z,FIN-WS-09,known software,signed,Known Publisher,benign
TRUST-N-05844,2026-09-21T20:58:28Z,HR-WS-22,known software,signed,Known Publisher,benign
TRUST-N-06302,2026-09-21T20:58:48Z,DC-01,known software,trusted_internal,Known Publisher,benign
TRUST-N-04334,2026-09-21T21:00:51Z,PATCH-01,known software,signed,Known Publisher,benign
TRUST-N-07027,2026-09-21T21:01:01Z,ENG-WS-17,known software,signed,Known Publisher,benign
TRUST-N-03548,2026-09-21T21:02:15Z,DC-01,known software,signed,Known Publisher,benign
TRUST-N-07188,2026-09-21T21:03:33Z,ENG-WS-17,known software,signed,Known Publisher,benign
TRUST-N-08226,2026-09-21T21:03:37Z,HR-WS-22,known software,signed,Known Publisher,benign
TRUST-N-05383,2026-09-21T21:04:21Z,MGMT-01,known software,trusted_internal,Known Publisher,benign
TRUST-N-08515,2026-09-21T21:04:48Z,DC-01,known software,trusted_internal,Known Publisher,benign
TRUST-N-04106,2026-09-21T21:05:13Z,MGMT-01,known software,trusted_internal,Known Publisher,benign
TRUST-N-08250,2026-09-21T21:05:32Z,FIN-WS-09,known software,signed,Known Publisher,benign
TRUST-N-06752,2026-09-21T21:05:33Z,APP-06,known software,signed,Known Publisher,benign
TRUST-N-04752,2026-09-21T21:05:57Z,HR-WS-22,known software,signed,Known Publisher,benign
TRUST-N-04869,2026-09-21T21:06:08Z,MGMT-01,known software,trusted_internal,Known Publisher,benign
TRUST-N-05730,2026-09-21T21:06:38Z,HR-WS-08,known software,signed,Known Publisher,benign
TRUST-N-01132,2026-09-21T21:07:13Z,ENG-WS-17,known software,trusted_internal,Known Publisher,benign
TRUST-N-00805,2026-09-21T21:07:51Z,FIN-WS-09,known software,trusted_internal,Known Publisher,benign
TRUST-N-05912,2026-09-21T21:08:15Z,DC-01,known software,signed,Known Publisher,benign
TRUST-N-08602,2026-09-21T21:09:14Z,FIN-WS-09,known software,trusted_internal,Known Publisher,benign
TRUST-N-00902,2026-09-21T21:10:02Z,APP-06,known software,trusted_internal,Known Publisher,benign
TRUST-N-07982,2026-09-21T21:10:17Z,HR-WS-08,known software,trusted_internal,Known Publisher,benign
TRUST-N-00130,2026-09-21T21:10:29Z,ENG-WS-17,known software,signed,Known Publisher,benign
TRUST-N-08821,2026-09-21T21:10:31Z,HR-WS-22,known software,trusted_internal,Known Publisher,benign
TRUST-N-01361,2026-09-21T21:10:45Z,ENG-WS-17,known software,signed,Known Publisher,benign
TRUST-N-09799,2026-09-21T21:13:34Z,ENG-WS-17,known software,signed,Known Publisher,benign
TRUST-N-09380,2026-09-21T21:13:49Z,FIN-WS-09,known software,signed,Known Publisher,benign
TRUST-N-00235,2026-09-21T21:15:06Z,ENG-WS-17,known software,trusted_internal,Known Publisher,benign
TRUST-N-06773,2026-09-21T21:15:19Z,FIN-WS-09,known software,signed,Known Publisher,benign
TRUST-N-01148,2026-09-21T21:15:44Z,DC-01,known software,trusted_internal,Known Publisher,benign
TRUST-N-01152,2026-09-21T21:15:44Z,HR-WS-08,known software,signed,Known Publisher,benign
TRUST-N-09555,2026-09-21T21:19:39Z,APP-06,known software,signed,Known Publisher,benign
TRUST-N-03303,2026-09-21T21:20:35Z,DC-01,known software,signed,Known Publisher,benign
TRUST-N-02360,2026-09-21T21:20:40Z,ENG-WS-17,known software,trusted_internal,Known Publisher,benign
TRUST-N-07297,2026-09-21T21:20:50Z,PATCH-01,known software,trusted_internal,Known Publisher,benign
TRUST-N-05279,2026-09-21T21:21:02Z,FIN-WS-09,known software,trusted_internal,Known Publisher,benign
TRUST-N-05997,2026-09-21T21:22:20Z,APP-06,known software,trusted_internal,Known Publisher,benign
TRUST-N-04285,2026-09-21T21:22:24Z,ENG-WS-17,known software,signed,Known Publisher,benign
TRUST-N-06004,2026-09-21T21:22:24Z,FIN-WS-09,known software,trusted_internal,Known Publisher,benign
TRUST-N-04444,2026-09-21T21:22:51Z,MGMT-01,known software,trusted_internal,Known Publisher,benign
TRUST-N-04939,2026-09-21T21:23:26Z,HR-WS-08,known software,trusted_internal,Known Publisher,benign
TRUST-N-07198,2026-09-21T21:24:29Z,FIN-WS-09,known software,trusted_internal,Known Publisher,benign
TRUST-N-00980,2026-09-21T21:24:54Z,MGMT-01,known software,signed,Known Publisher,benign
TRUST-N-02461,2026-09-21T21:25:04Z,HR-WS-22,known software,signed,Known Publisher,benign
TRUST-N-07999,2026-09-21T21:25:11Z,MGMT-01,known software,trusted_internal,Known Publisher,benign
TRUST-N-04495,2026-09-21T21:27:16Z,PATCH-01,known software,trusted_internal,Known Publisher,benign
TRUST-N-06116,2026-09-21T21:28:19Z,DC-01,known software,trusted_internal,Known Publisher,benign
TRUST-N-02110,2026-09-21T21:30:42Z,FIN-WS-09,known software,signed,Known Publisher,benign
TRUST-N-00596,2026-09-21T21:31:35Z,MGMT-01,known software,signed,Known Publisher,benign
TRUST-N-08354,2026-09-21T21:31:55Z,APP-06,known software,trusted_internal,Known Publisher,benign
TRUST-N-08913,2026-09-21T21:33:29Z,FIN-WS-09,known software,signed,Known Publisher,benign
TRUST-N-04033,2026-09-21T21:33:32Z,MGMT-01,known software,signed,Known Publisher,benign
TRUST-N-03361,2026-09-21T21:35:10Z,HR-WS-08,known software,signed,Known Publisher,benign
TRUST-N-05693,2026-09-21T21:35:49Z,MGMT-01,known software,trusted_internal,Known Publisher,benign
TRUST-N-03921,2026-09-21T21:36:39Z,HR-WS-08,known software,trusted_internal,Known Publisher,benign
TRUST-N-06085,2026-09-21T21:36:44Z,FIN-WS-09,known software,signed,Known Publisher,benign
TRUST-N-03499,2026-09-21T21:36:55Z,APP-06,known software,signed,Known Publisher,benign
TRUST-N-08311,2026-09-21T21:36:58Z,HR-WS-08,known software,signed,Known Publisher,benign
TRUST-N-06170,2026-09-21T21:37:26Z,DC-01,known software,signed,Known Publisher,benign
TRUST-N-09287,2026-09-21T21:38:05Z,DC-01,known software,trusted_internal,Known Publisher,benign
TRUST-N-08147,2026-09-21T21:39:54Z,FIN-WS-09,known software,signed,Known Publisher,benign
TRUST-N-02000,2026-09-21T21:40:40Z,ENG-WS-17,known software,signed,Known Publisher,benign
TRUST-N-09248,2026-09-21T21:40:48Z,HR-WS-22,known software,signed,Known Publisher,benign
TRUST-N-03588,2026-09-21T21:41:11Z,ENG-WS-17,known software,trusted_internal,Known Publisher,benign
TRUST-N-06863,2026-09-21T21:41:59Z,HR-WS-22,known software,trusted_internal,Known Publisher,benign
TRUST-N-00108,2026-09-21T21:43:23Z,MGMT-01,known software,signed,Known Publisher,benign
TRUST-N-08016,2026-09-21T21:44:05Z,ENG-WS-17,known software,trusted_internal,Known Publisher,benign
TRUST-N-05482,2026-09-21T21:44:33Z,DC-01,known software,signed,Known Publisher,benign
TRUST-N-03659,2026-09-21T21:44:34Z,APP-06,known software,trusted_internal,Known Publisher,benign
TRUST-N-04945,2026-09-21T21:44:36Z,APP-06,known software,signed,Known Publisher,benign
TRUST-N-04152,2026-09-21T21:44:41Z,HR-WS-22,known software,trusted_internal,Known Publisher,benign
TRUST-N-06642,2026-09-21T21:45:26Z,FIN-WS-09,known software,signed,Known Publisher,benign
TRUST-N-01917,2026-09-21T21:45:57Z,MGMT-01,known software,trusted_internal,Known Publisher,benign
TRUST-N-09103,2026-09-21T21:46:28Z,HR-WS-22,known software,trusted_internal,Known Publisher,benign
TRUST-N-09465,2026-09-21T21:49:41Z,MGMT-01,known software,signed,Known Publisher,benign
TRUST-N-06321,2026-09-21T21:50:26Z,MGMT-01,known software,signed,Known Publisher,benign
TRUST-N-02678,2026-09-21T21:50:36Z,MGMT-01,known software,signed,Known Publisher,benign
TRUST-N-07701,2026-09-21T21:50:39Z,HR-WS-22,known software,signed,Known Publisher,benign
TRUST-N-02368,2026-09-21T21:50:49Z,APP-06,known software,signed,Known Publisher,benign
TRUST-N-06311,2026-09-21T21:51:05Z,HR-WS-22,known software,trusted_internal,Known Publisher,benign
TRUST-N-07338,2026-09-21T21:51:21Z,MGMT-01,known software,signed,Known Publisher,benign
TRUST-N-08163,2026-09-21T21:51:45Z,HR-WS-22,known software,trusted_internal,Known Publisher,benign
TRUST-N-08775,2026-09-21T21:51:57Z,FIN-WS-09,known software,signed,Known Publisher,benign
TRUST-N-02827,2026-09-21T21:52:36Z,APP-06,known software,trusted_internal,Known Publisher,benign
TRUST-N-07125,2026-09-21T21:53:18Z,ENG-WS-17,known software,trusted_internal,Known Publisher,benign
TRUST-N-07594,2026-09-21T21:53:54Z,FIN-WS-09,known software,trusted_internal,Known Publisher,benign
TRUST-N-05877,2026-09-21T21:54:40Z,PATCH-01,known software,trusted_internal,Known Publisher,benign
TRUST-N-04705,2026-09-21T21:54:46Z,HR-WS-22,known software,trusted_internal,Known Publisher,benign
TRUST-N-06390,2026-09-21T21:55:06Z,PATCH-01,known software,signed,Known Publisher,benign
TRUST-N-08341,2026-09-21T21:55:35Z,APP-06,known software,trusted_internal,Known Publisher,benign
TRUST-N-06196,2026-09-21T21:56:37Z,PATCH-01,known software,signed,Known Publisher,benign
TRUST-N-08641,2026-09-21T21:56:57Z,HR-WS-08,known software,trusted_internal,Known Publisher,benign
TRUST-N-04511,2026-09-21T21:57:11Z,FIN-WS-09,known software,trusted_internal,Known Publisher,benign
TRUST-N-00153,2026-09-21T21:58:19Z,HR-WS-08,known software,trusted_internal,Known Publisher,benign
TRUST-N-08803,2026-09-21T21:58:19Z,APP-06,known software,signed,Known Publisher,benign
TRUST-N-00156,2026-09-21T21:58:41Z,HR-WS-22,known software,signed,Known Publisher,benign
TRUST-N-03607,2026-09-21T22:00:14Z,MGMT-01,known software,signed,Known Publisher,benign
TRUST-N-07890,2026-09-21T22:00:23Z,MGMT-01,known software,signed,Known Publisher,benign
TRUST-N-07956,2026-09-21T22:00:55Z,MGMT-01,known software,trusted_internal,Known Publisher,benign
TRUST-N-05430,2026-09-21T22:00:59Z,FIN-WS-09,known software,trusted_internal,Known Publisher,benign
TRUST-N-08168,2026-09-21T22:01:13Z,HR-WS-08,known software,signed,Known Publisher,benign
TRUST-N-08974,2026-09-21T22:02:05Z,ENG-WS-17,known software,trusted_internal,Known Publisher,benign
TRUST-N-07878,2026-09-21T22:02:24Z,ENG-WS-17,known software,trusted_internal,Known Publisher,benign
TRUST-N-01103,2026-09-21T22:02:35Z,HR-WS-22,known software,trusted_internal,Known Publisher,benign
TRUST-N-03249,2026-09-21T22:02:37Z,MGMT-01,known software,signed,Known Publisher,benign
TRUST-N-09714,2026-09-21T22:03:03Z,MGMT-01,known software,trusted_internal,Known Publisher,benign
TRUST-N-04749,2026-09-21T22:03:05Z,HR-WS-08,known software,trusted_internal,Known Publisher,benign
TRUST-N-00024,2026-09-21T22:04:14Z,MGMT-01,known software,signed,Known Publisher,benign
TRUST-N-08415,2026-09-21T22:05:19Z,MGMT-01,known software,signed,Known Publisher,benign
TRUST-N-07275,2026-09-21T22:06:20Z,PATCH-01,known software,signed,Known Publisher,benign
TRUST-N-06731,2026-09-21T22:06:23Z,HR-WS-22,known software,signed,Known Publisher,benign
TRUST-N-07288,2026-09-21T22:06:33Z,HR-WS-08,known software,trusted_internal,Known Publisher,benign
TRUST-N-04940,2026-09-21T22:06:37Z,DC-01,known software,signed,Known Publisher,benign
TRUST-N-05072,2026-09-21T22:06:45Z,ENG-WS-17,known software,signed,Known Publisher,benign
TRUST-N-00333,2026-09-21T22:07:23Z,APP-06,known software,trusted_internal,Known Publisher,benign
TRUST-N-09643,2026-09-21T22:08:21Z,FIN-WS-09,known software,trusted_internal,Known Publisher,benign
TRUST-N-07412,2026-09-21T22:08:26Z,PATCH-01,known software,trusted_internal,Known Publisher,benign
TRUST-N-08490,2026-09-21T22:08:49Z,ENG-WS-17,known software,signed,Known Publisher,benign
TRUST-N-03594,2026-09-21T22:09:15Z,MGMT-01,known software,signed,Known Publisher,benign
TRUST-N-03116,2026-09-21T22:09:42Z,PATCH-01,known software,trusted_internal,Known Publisher,benign
TRUST-N-04119,2026-09-21T22:09:48Z,DC-01,known software,trusted_internal,Known Publisher,benign
TRUST-N-02816,2026-09-21T22:10:02Z,HR-WS-08,known software,trusted_internal,Known Publisher,benign
TRUST-N-00970,2026-09-21T22:10:40Z,ENG-WS-17,known software,signed,Known Publisher,benign
TRUST-N-06348,2026-09-21T22:11:01Z,DC-01,known software,signed,Known Publisher,benign
TRUST-N-03641,2026-09-21T22:11:22Z,APP-06,known software,trusted_internal,Known Publisher,benign
TRUST-N-09648,2026-09-21T22:12:10Z,FIN-WS-09,known software,signed,Known Publisher,benign
TRUST-N-06287,2026-09-21T22:13:03Z,HR-WS-22,known software,signed,Known Publisher,benign
TRUST-N-02729,2026-09-21T22:13:12Z,MGMT-01,known software,trusted_internal,Known Publisher,benign
TRUST-N-04515,2026-09-21T22:13:14Z,FIN-WS-09,known software,trusted_internal,Known Publisher,benign
TRUST-N-08261,2026-09-21T22:13:38Z,PATCH-01,known software,signed,Known Publisher,benign
TRUST-N-05494,2026-09-21T22:13:39Z,HR-WS-22,known software,trusted_internal,Known Publisher,benign
TRUST-N-07966,2026-09-21T22:14:15Z,DC-01,known software,signed,Known Publisher,benign
TRUST-N-01676,2026-09-21T22:14:41Z,MGMT-01,known software,trusted_internal,Known Publisher,benign
TRUST-N-06189,2026-09-21T22:14:48Z,APP-06,known software,trusted_internal,Known Publisher,benign
TRUST-N-02570,2026-09-21T22:15:01Z,APP-06,known software,trusted_internal,Known Publisher,benign
TRUST-N-00591,2026-09-21T22:15:23Z,APP-06,known software,trusted_internal,Known Publisher,benign
TRUST-N-03069,2026-09-21T22:15:28Z,FIN-WS-09,known software,trusted_internal,Known Publisher,benign
TRUST-N-02703,2026-09-21T22:16:29Z,FIN-WS-09,known software,signed,Known Publisher,benign
TRUST-N-04096,2026-09-21T22:16:58Z,APP-06,known software,signed,Known Publisher,benign
TRUST-N-02169,2026-09-21T22:17:58Z,FIN-WS-09,known software,trusted_internal,Known Publisher,benign
TRUST-N-04414,2026-09-21T22:18:47Z,APP-06,known software,signed,Known Publisher,benign
TRUST-N-06780,2026-09-21T22:19:04Z,PATCH-01,known software,signed,Known Publisher,benign
TRUST-N-05305,2026-09-21T22:19:05Z,PATCH-01,known software,trusted_internal,Known Publisher,benign
TRUST-N-06081,2026-09-21T22:19:43Z,FIN-WS-09,known software,trusted_internal,Known Publisher,benign
TRUST-N-08547,2026-09-21T22:19:44Z,FIN-WS-09,known software,signed,Known Publisher,benign
TRUST-N-08313,2026-09-21T22:19:51Z,APP-06,known software,trusted_internal,Known Publisher,benign
TRUST-N-06400,2026-09-21T22:20:13Z,HR-WS-22,known software,signed,Known Publisher,benign
TRUST-N-05712,2026-09-21T22:20:46Z,HR-WS-08,known software,trusted_internal,Known Publisher,benign
TRUST-N-03228,2026-09-21T22:21:05Z,APP-06,known software,signed,Known Publisher,benign
TRUST-N-00062,2026-09-21T22:21:53Z,APP-06,known software,trusted_internal,Known Publisher,benign
TRUST-N-05226,2026-09-21T22:23:26Z,FIN-WS-09,known software,signed,Known Publisher,benign
TRUST-N-08057,2026-09-21T22:23:34Z,HR-WS-08,known software,trusted_internal,Known Publisher,benign
TRUST-N-06668,2026-09-21T22:23:57Z,APP-06,known software,signed,Known Publisher,benign
TRUST-N-08774,2026-09-21T22:25:16Z,PATCH-01,known software,trusted_internal,Known Publisher,benign
TRUST-N-06723,2026-09-21T22:26:15Z,FIN-WS-09,known software,signed,Known Publisher,benign
TRUST-N-04164,2026-09-21T22:26:32Z,APP-06,known software,signed,Known Publisher,benign
TRUST-N-06312,2026-09-21T22:27:00Z,PATCH-01,known software,trusted_internal,Known Publisher,benign
TRUST-N-05813,2026-09-21T22:27:11Z,DC-01,known software,trusted_internal,Known Publisher,benign
TRUST-N-03889,2026-09-21T22:27:14Z,FIN-WS-09,known software,signed,Known Publisher,benign
TRUST-N-05438,2026-09-21T22:27:37Z,HR-WS-22,known software,signed,Known Publisher,benign
TRUST-N-07321,2026-09-21T22:27:37Z,FIN-WS-09,known software,trusted_internal,Known Publisher,benign
TRUST-N-08333,2026-09-21T22:28:32Z,DC-01,known software,trusted_internal,Known Publisher,benign
TRUST-N-00439,2026-09-21T22:28:42Z,ENG-WS-17,known software,trusted_internal,Known Publisher,benign
TRUST-N-05082,2026-09-21T22:29:04Z,MGMT-01,known software,trusted_internal,Known Publisher,benign
TRUST-N-04881,2026-09-21T22:29:17Z,ENG-WS-17,known software,signed,Known Publisher,benign
TRUST-N-06201,2026-09-21T22:29:32Z,MGMT-01,known software,signed,Known Publisher,benign
TRUST-N-03938,2026-09-21T22:29:55Z,HR-WS-22,known software,signed,Known Publisher,benign
TRUST-N-09599,2026-09-21T22:30:15Z,PATCH-01,known software,signed,Known Publisher,benign
TRUST-N-09250,2026-09-21T22:31:14Z,MGMT-01,known software,trusted_internal,Known Publisher,benign
TRUST-N-00470,2026-09-21T22:31:37Z,PATCH-01,known software,trusted_internal,Known Publisher,benign
TRUST-N-01794,2026-09-21T22:31:58Z,APP-06,known software,signed,Known Publisher,benign
TRUST-N-09282,2026-09-21T22:32:25Z,MGMT-01,known software,trusted_internal,Known Publisher,benign
TRUST-N-08603,2026-09-21T22:32:33Z,HR-WS-08,known software,signed,Known Publisher,benign
TRUST-N-08464,2026-09-21T22:33:25Z,HR-WS-22,known software,trusted_internal,Known Publisher,benign
TRUST-N-05136,2026-09-21T22:33:33Z,HR-WS-08,known software,trusted_internal,Known Publisher,benign
TRUST-N-07013,2026-09-21T22:33:35Z,MGMT-01,known software,trusted_internal,Known Publisher,benign
TRUST-N-01458,2026-09-21T22:34:31Z,HR-WS-22,known software,trusted_internal,Known Publisher,benign
TRUST-N-04183,2026-09-21T22:34:54Z,APP-06,known software,trusted_internal,Known Publisher,benign
TRUST-N-01760,2026-09-21T22:36:23Z,MGMT-01,known software,trusted_internal,Known Publisher,benign
TRUST-N-01764,2026-09-21T22:39:41Z,HR-WS-22,known software,signed,Known Publisher,benign
TRUST-N-02125,2026-09-21T22:39:58Z,PATCH-01,known software,trusted_internal,Known Publisher,benign
TRUST-N-00789,2026-09-21T22:41:35Z,FIN-WS-09,known software,signed,Known Publisher,benign
TRUST-N-07115,2026-09-21T22:42:21Z,MGMT-01,known software,trusted_internal,Known Publisher,benign
TRUST-N-08268,2026-09-21T22:43:20Z,ENG-WS-17,known software,trusted_internal,Known Publisher,benign
TRUST-N-01473,2026-09-21T22:43:38Z,PATCH-01,known software,trusted_internal,Known Publisher,benign
TRUST-N-06864,2026-09-21T22:43:47Z,DC-01,known software,signed,Known Publisher,benign
TRUST-N-05015,2026-09-21T22:44:35Z,ENG-WS-17,known software,signed,Known Publisher,benign
TRUST-N-01256,2026-09-21T22:44:58Z,HR-WS-08,known software,trusted_internal,Known Publisher,benign
TRUST-N-00594,2026-09-21T22:46:12Z,HR-WS-22,known software,signed,Known Publisher,benign
TRUST-N-05946,2026-09-21T22:47:12Z,HR-WS-08,known software,trusted_internal,Known Publisher,benign
TRUST-N-06906,2026-09-21T22:47:20Z,FIN-WS-09,known software,trusted_internal,Known Publisher,benign
TRUST-N-04446,2026-09-21T22:47:36Z,APP-06,known software,signed,Known Publisher,benign
TRUST-N-04180,2026-09-21T22:48:12Z,HR-WS-22,known software,signed,Known Publisher,benign
TRUST-N-02291,2026-09-21T22:48:34Z,HR-WS-08,known software,trusted_internal,Known Publisher,benign
TRUST-N-01395,2026-09-21T22:48:55Z,MGMT-01,known software,trusted_internal,Known Publisher,benign
TRUST-N-00576,2026-09-21T22:49:49Z,APP-06,known software,signed,Known Publisher,benign
TRUST-N-04713,2026-09-21T22:49:53Z,ENG-WS-17,known software,trusted_internal,Known Publisher,benign
TRUST-N-06095,2026-09-21T22:50:46Z,MGMT-01,known software,signed,Known Publisher,benign
TRUST-N-07845,2026-09-21T22:50:46Z,DC-01,known software,trusted_internal,Known Publisher,benign
TRUST-N-00307,2026-09-21T22:51:27Z,FIN-WS-09,known software,trusted_internal,Known Publisher,benign
TRUST-N-00629,2026-09-21T22:51:34Z,MGMT-01,known software,signed,Known Publisher,benign
TRUST-N-09362,2026-09-21T22:51:36Z,MGMT-01,known software,signed,Known Publisher,benign
TRUST-N-07795,2026-09-21T22:53:09Z,HR-WS-08,known software,trusted_internal,Known Publisher,benign
TRUST-N-01042,2026-09-21T22:53:57Z,HR-WS-08,known software,signed,Known Publisher,benign
TRUST-N-06744,2026-09-21T22:56:51Z,HR-WS-08,known software,trusted_internal,Known Publisher,benign
TRUST-N-09505,2026-09-21T22:57:27Z,HR-WS-22,known software,signed,Known Publisher,benign
TRUST-N-02856,2026-09-21T22:57:55Z,FIN-WS-09,known software,trusted_internal,Known Publisher,benign
TRUST-N-07805,2026-09-21T22:58:43Z,MGMT-01,known software,signed,Known Publisher,benign
TRUST-N-08139,2026-09-21T22:59:34Z,MGMT-01,known software,trusted_internal,Known Publisher,benign
TRUST-N-04549,2026-09-21T23:01:21Z,MGMT-01,known software,signed,Known Publisher,benign
TRUST-N-03694,2026-09-21T23:01:38Z,MGMT-01,known software,trusted_internal,Known Publisher,benign
TRUST-N-07766,2026-09-21T23:02:06Z,FIN-WS-09,known software,signed,Known Publisher,benign
TRUST-N-06638,2026-09-21T23:03:04Z,PATCH-01,known software,signed,Known Publisher,benign
TRUST-N-08185,2026-09-21T23:03:44Z,PATCH-01,known software,signed,Known Publisher,benign
TRUST-N-01587,2026-09-21T23:04:16Z,PATCH-01,known software,trusted_internal,Known Publisher,benign
TRUST-N-06825,2026-09-21T23:04:47Z,ENG-WS-17,known software,trusted_internal,Known Publisher,benign
TRUST-N-04260,2026-09-21T23:04:51Z,APP-06,known software,signed,Known Publisher,benign
TRUST-N-07688,2026-09-21T23:06:09Z,MGMT-01,known software,trusted_internal,Known Publisher,benign
TRUST-N-05463,2026-09-21T23:07:27Z,PATCH-01,known software,trusted_internal,Known Publisher,benign
TRUST-N-05993,2026-09-21T23:07:51Z,MGMT-01,known software,trusted_internal,Known Publisher,benign
TRUST-N-06873,2026-09-21T23:08:18Z,HR-WS-22,known software,signed,Known Publisher,benign
TRUST-N-05119,2026-09-21T23:08:40Z,HR-WS-22,known software,signed,Known Publisher,benign
TRUST-N-00619,2026-09-21T23:09:37Z,ENG-WS-17,known software,signed,Known Publisher,benign
TRUST-N-00093,2026-09-21T23:09:57Z,HR-WS-22,known software,trusted_internal,Known Publisher,benign
TRUST-N-06069,2026-09-21T23:10:11Z,DC-01,known software,signed,Known Publisher,benign
TRUST-N-08875,2026-09-21T23:11:04Z,PATCH-01,known software,signed,Known Publisher,benign
TRUST-N-07196,2026-09-21T23:11:16Z,DC-01,known software,trusted_internal,Known Publisher,benign
TRUST-N-08989,2026-09-21T23:11:19Z,HR-WS-08,known software,trusted_internal,Known Publisher,benign
TRUST-N-01673,2026-09-21T23:11:27Z,PATCH-01,known software,trusted_internal,Known Publisher,benign
TRUST-N-03496,2026-09-21T23:11:35Z,PATCH-01,known software,signed,Known Publisher,benign
TRUST-N-06353,2026-09-21T23:11:52Z,HR-WS-22,known software,signed,Known Publisher,benign
TRUST-N-03007,2026-09-21T23:12:24Z,ENG-WS-17,known software,trusted_internal,Known Publisher,benign
TRUST-N-03811,2026-09-21T23:12:26Z,ENG-WS-17,known software,trusted_internal,Known Publisher,benign
TRUST-N-08102,2026-09-21T23:13:16Z,HR-WS-22,known software,trusted_internal,Known Publisher,benign
TRUST-N-02387,2026-09-21T23:14:21Z,ENG-WS-17,known software,signed,Known Publisher,benign
TRUST-N-00811,2026-09-21T23:14:27Z,APP-06,known software,trusted_internal,Known Publisher,benign
TRUST-N-09346,2026-09-21T23:15:18Z,DC-01,known software,trusted_internal,Known Publisher,benign
TRUST-N-05550,2026-09-21T23:15:59Z,PATCH-01,known software,trusted_internal,Known Publisher,benign
TRUST-N-02704,2026-09-21T23:17:06Z,HR-WS-08,known software,trusted_internal,Known Publisher,benign
TRUST-N-06573,2026-09-21T23:18:27Z,PATCH-01,known software,trusted_internal,Known Publisher,benign
TRUST-N-08259,2026-09-21T23:18:27Z,ENG-WS-17,known software,trusted_internal,Known Publisher,benign
TRUST-N-07612,2026-09-21T23:18:54Z,MGMT-01,known software,signed,Known Publisher,benign
TRUST-N-05800,2026-09-21T23:19:07Z,HR-WS-08,known software,signed,Known Publisher,benign
TRUST-N-06630,2026-09-21T23:21:17Z,ENG-WS-17,known software,signed,Known Publisher,benign
TRUST-N-00526,2026-09-21T23:21:21Z,APP-06,known software,signed,Known Publisher,benign
TRUST-N-00700,2026-09-21T23:21:53Z,DC-01,known software,trusted_internal,Known Publisher,benign
TRUST-N-01409,2026-09-21T23:21:54Z,APP-06,known software,trusted_internal,Known Publisher,benign
TRUST-N-08854,2026-09-21T23:21:58Z,PATCH-01,known software,signed,Known Publisher,benign
TRUST-N-00023,2026-09-21T23:22:28Z,FIN-WS-09,known software,signed,Known Publisher,benign
TRUST-N-06728,2026-09-21T23:23:28Z,FIN-WS-09,known software,trusted_internal,Known Publisher,benign
TRUST-N-03233,2026-09-21T23:25:22Z,HR-WS-22,known software,trusted_internal,Known Publisher,benign
TRUST-N-09138,2026-09-21T23:25:25Z,APP-06,known software,signed,Known Publisher,benign
TRUST-N-09208,2026-09-21T23:26:08Z,ENG-WS-17,known software,signed,Known Publisher,benign
TRUST-N-06313,2026-09-21T23:26:14Z,FIN-WS-09,known software,signed,Known Publisher,benign
TRUST-N-00299,2026-09-21T23:26:32Z,PATCH-01,known software,signed,Known Publisher,benign
TRUST-N-01728,2026-09-21T23:27:03Z,APP-06,known software,trusted_internal,Known Publisher,benign
TRUST-N-02247,2026-09-21T23:27:14Z,APP-06,known software,signed,Known Publisher,benign
TRUST-N-08951,2026-09-21T23:27:21Z,HR-WS-08,known software,trusted_internal,Known Publisher,benign
TRUST-N-09455,2026-09-21T23:28:01Z,FIN-WS-09,known software,signed,Known Publisher,benign
TRUST-N-03715,2026-09-21T23:29:19Z,APP-06,known software,signed,Known Publisher,benign
TRUST-N-00230,2026-09-21T23:29:37Z,HR-WS-22,known software,signed,Known Publisher,benign
TRUST-N-02537,2026-09-21T23:29:45Z,PATCH-01,known software,trusted_internal,Known Publisher,benign
TRUST-N-05432,2026-09-21T23:31:13Z,MGMT-01,known software,signed,Known Publisher,benign
TRUST-N-04085,2026-09-21T23:31:26Z,MGMT-01,known software,trusted_internal,Known Publisher,benign
TRUST-N-01862,2026-09-21T23:33:09Z,HR-WS-08,known software,signed,Known Publisher,benign
TRUST-N-09246,2026-09-21T23:33:31Z,HR-WS-08,known software,trusted_internal,Known Publisher,benign
TRUST-N-07493,2026-09-21T23:34:12Z,MGMT-01,known software,signed,Known Publisher,benign
TRUST-N-00283,2026-09-21T23:34:46Z,ENG-WS-17,known software,trusted_internal,Known Publisher,benign
TRUST-N-03021,2026-09-21T23:35:30Z,HR-WS-22,known software,signed,Known Publisher,benign
TRUST-N-00542,2026-09-21T23:35:58Z,MGMT-01,known software,signed,Known Publisher,benign
TRUST-N-04865,2026-09-21T23:36:23Z,HR-WS-08,known software,signed,Known Publisher,benign
TRUST-N-01224,2026-09-21T23:36:50Z,PATCH-01,known software,trusted_internal,Known Publisher,benign
TRUST-N-00001,2026-09-21T23:38:02Z,DC-01,known software,trusted_internal,Known Publisher,benign
TRUST-N-02109,2026-09-21T23:38:29Z,HR-WS-22,known software,trusted_internal,Known Publisher,benign
TRUST-N-07324,2026-09-21T23:39:05Z,DC-01,known software,trusted_internal,Known Publisher,benign
TRUST-N-00575,2026-09-21T23:39:07Z,APP-06,known software,signed,Known Publisher,benign
TRUST-N-06880,2026-09-21T23:39:08Z,MGMT-01,known software,trusted_internal,Known Publisher,benign
TRUST-N-05207,2026-09-21T23:39:29Z,DC-01,known software,trusted_internal,Known Publisher,benign
TRUST-N-00016,2026-09-21T23:39:55Z,FIN-WS-09,known software,signed,Known Publisher,benign
TRUST-N-09776,2026-09-21T23:41:29Z,FIN-WS-09,known software,trusted_internal,Known Publisher,benign
TRUST-N-05318,2026-09-21T23:42:45Z,DC-01,known software,trusted_internal,Known Publisher,benign
TRUST-N-08343,2026-09-21T23:43:51Z,HR-WS-22,known software,signed,Known Publisher,benign
TRUST-N-09295,2026-09-21T23:43:54Z,DC-01,known software,signed,Known Publisher,benign
TRUST-N-04416,2026-09-21T23:44:22Z,FIN-WS-09,known software,signed,Known Publisher,benign
TRUST-N-01561,2026-09-21T23:44:23Z,FIN-WS-09,known software,signed,Known Publisher,benign
TRUST-N-05624,2026-09-21T23:45:45Z,HR-WS-22,known software,trusted_internal,Known Publisher,benign
TRUST-N-07437,2026-09-21T23:45:46Z,MGMT-01,known software,trusted_internal,Known Publisher,benign
TRUST-N-07434,2026-09-21T23:46:21Z,HR-WS-08,known software,signed,Known Publisher,benign
TRUST-N-02056,2026-09-21T23:46:51Z,APP-06,known software,trusted_internal,Known Publisher,benign
TRUST-N-03971,2026-09-21T23:47:10Z,ENG-WS-17,known software,signed,Known Publisher,benign
TRUST-N-06111,2026-09-21T23:47:51Z,ENG-WS-17,known software,trusted_internal,Known Publisher,benign
TRUST-N-07633,2026-09-21T23:49:01Z,HR-WS-08,known software,trusted_internal,Known Publisher,benign
TRUST-N-06772,2026-09-21T23:49:17Z,PATCH-01,known software,trusted_internal,Known Publisher,benign
TRUST-N-02277,2026-09-21T23:51:00Z,MGMT-01,known software,signed,Known Publisher,benign
TRUST-N-04318,2026-09-21T23:51:02Z,APP-06,known software,trusted_internal,Known Publisher,benign
TRUST-N-05333,2026-09-21T23:51:34Z,FIN-WS-09,known software,trusted_internal,Known Publisher,benign
TRUST-N-05653,2026-09-21T23:52:23Z,HR-WS-22,known software,trusted_internal,Known Publisher,benign
TRUST-N-04981,2026-09-21T23:53:22Z,ENG-WS-17,known software,trusted_internal,Known Publisher,benign
TRUST-N-07263,2026-09-21T23:54:33Z,FIN-WS-09,known software,signed,Known Publisher,benign
TRUST-N-06077,2026-09-21T23:55:01Z,MGMT-01,known software,trusted_internal,Known Publisher,benign
TRUST-N-06504,2026-09-21T23:55:12Z,ENG-WS-17,known software,trusted_internal,Known Publisher,benign
TRUST-N-09340,2026-09-21T23:56:18Z,DC-01,known software,signed,Known Publisher,benign
TRUST-N-06291,2026-09-21T23:56:39Z,ENG-WS-17,known software,trusted_internal,Known Publisher,benign
TRUST-N-03403,2026-09-21T23:56:53Z,PATCH-01,known software,signed,Known Publisher,benign
TRUST-N-03436,2026-09-21T23:58:32Z,FIN-WS-09,known software,signed,Known Publisher,benign
TRUST-N-06675,2026-09-21T23:58:54Z,ENG-WS-17,known software,trusted_internal,Known Publisher,benign
TRUST-N-09059,2026-09-21T23:59:02Z,MGMT-01,known software,trusted_internal,Known Publisher,benign
TRUST-N-08398,2026-09-22T00:00:10Z,FIN-WS-09,known software,trusted_internal,Known Publisher,benign
TRUST-N-00995,2026-09-22T00:00:59Z,APP-06,known software,signed,Known Publisher,benign
TRUST-N-01387,2026-09-22T00:01:02Z,FIN-WS-09,known software,trusted_internal,Known Publisher,benign
TRUST-N-01334,2026-09-22T00:01:17Z,PATCH-01,known software,signed,Known Publisher,benign
TRUST-N-08932,2026-09-22T00:01:17Z,MGMT-01,known software,trusted_internal,Known Publisher,benign
TRUST-N-04617,2026-09-22T00:01:22Z,APP-06,known software,signed,Known Publisher,benign
TRUST-N-04568,2026-09-22T00:04:18Z,HR-WS-08,known software,signed,Known Publisher,benign
TRUST-N-09631,2026-09-22T00:04:32Z,MGMT-01,known software,signed,Known Publisher,benign
TRUST-N-03027,2026-09-22T00:05:32Z,HR-WS-22,known software,trusted_internal,Known Publisher,benign
TRUST-N-04466,2026-09-22T00:06:35Z,PATCH-01,known software,trusted_internal,Known Publisher,benign
TRUST-N-09518,2026-09-22T00:06:58Z,HR-WS-08,known software,signed,Known Publisher,benign
TRUST-N-04062,2026-09-22T00:06:59Z,HR-WS-08,known software,trusted_internal,Known Publisher,benign
TRUST-N-00568,2026-09-22T00:08:10Z,HR-WS-08,known software,signed,Known Publisher,benign
TRUST-N-08113,2026-09-22T00:08:21Z,HR-WS-22,known software,trusted_internal,Known Publisher,benign
TRUST-N-04453,2026-09-22T00:08:34Z,HR-WS-22,known software,trusted_internal,Known Publisher,benign
TRUST-N-06978,2026-09-22T00:09:01Z,MGMT-01,known software,trusted_internal,Known Publisher,benign
TRUST-N-09060,2026-09-22T00:09:20Z,DC-01,known software,trusted_internal,Known Publisher,benign
TRUST-N-02638,2026-09-22T00:11:10Z,DC-01,known software,trusted_internal,Known Publisher,benign
TRUST-N-08599,2026-09-22T00:11:26Z,PATCH-01,known software,trusted_internal,Known Publisher,benign
TRUST-N-04539,2026-09-22T00:11:50Z,APP-06,known software,trusted_internal,Known Publisher,benign
TRUST-N-05651,2026-09-22T00:12:12Z,HR-WS-22,known software,trusted_internal,Known Publisher,benign
TRUST-N-01353,2026-09-22T00:12:42Z,PATCH-01,known software,trusted_internal,Known Publisher,benign
TRUST-N-00897,2026-09-22T00:12:48Z,ENG-WS-17,known software,trusted_internal,Known Publisher,benign
TRUST-N-02178,2026-09-22T00:12:57Z,FIN-WS-09,known software,trusted_internal,Known Publisher,benign
TRUST-N-05750,2026-09-22T00:14:28Z,FIN-WS-09,known software,trusted_internal,Known Publisher,benign
TRUST-N-01694,2026-09-22T00:14:52Z,HR-WS-08,known software,signed,Known Publisher,benign
TRUST-N-00868,2026-09-22T00:15:27Z,MGMT-01,known software,trusted_internal,Known Publisher,benign
TRUST-N-09473,2026-09-22T00:15:52Z,PATCH-01,known software,trusted_internal,Known Publisher,benign
TRUST-N-05201,2026-09-22T00:17:16Z,PATCH-01,known software,trusted_internal,Known Publisher,benign
TRUST-N-01053,2026-09-22T00:18:15Z,MGMT-01,known software,signed,Known Publisher,benign
TRUST-N-06729,2026-09-22T00:18:51Z,PATCH-01,known software,signed,Known Publisher,benign
TRUST-N-09193,2026-09-22T00:20:14Z,HR-WS-22,known software,signed,Known Publisher,benign
TRUST-N-07172,2026-09-22T00:21:09Z,HR-WS-22,known software,signed,Known Publisher,benign
TRUST-N-03206,2026-09-22T00:21:14Z,HR-WS-08,known software,signed,Known Publisher,benign
TRUST-N-02428,2026-09-22T00:21:46Z,MGMT-01,known software,trusted_internal,Known Publisher,benign
TRUST-N-07536,2026-09-22T00:22:17Z,DC-01,known software,trusted_internal,Known Publisher,benign
TRUST-N-09690,2026-09-22T00:22:57Z,FIN-WS-09,known software,signed,Known Publisher,benign
TRUST-N-01467,2026-09-22T00:25:27Z,HR-WS-22,known software,signed,Known Publisher,benign
TRUST-N-02696,2026-09-22T00:25:48Z,MGMT-01,known software,signed,Known Publisher,benign
TRUST-N-07453,2026-09-22T00:25:58Z,HR-WS-22,known software,trusted_internal,Known Publisher,benign
TRUST-N-06681,2026-09-22T00:26:25Z,DC-01,known software,signed,Known Publisher,benign
TRUST-N-02921,2026-09-22T00:27:51Z,HR-WS-08,known software,trusted_internal,Known Publisher,benign
TRUST-N-05349,2026-09-22T00:28:12Z,FIN-WS-09,known software,signed,Known Publisher,benign
TRUST-N-07376,2026-09-22T00:28:35Z,APP-06,known software,trusted_internal,Known Publisher,benign
TRUST-N-04291,2026-09-22T00:29:35Z,ENG-WS-17,known software,signed,Known Publisher,benign
TRUST-N-09134,2026-09-22T00:29:37Z,APP-06,known software,trusted_internal,Known Publisher,benign
TRUST-N-02333,2026-09-22T00:32:03Z,MGMT-01,known software,trusted_internal,Known Publisher,benign
TRUST-N-05100,2026-09-22T00:32:05Z,HR-WS-22,known software,trusted_internal,Known Publisher,benign
TRUST-N-07057,2026-09-22T00:32:46Z,PATCH-01,known software,trusted_internal,Known Publisher,benign
TRUST-N-07009,2026-09-22T00:33:09Z,FIN-WS-09,known software,trusted_internal,Known Publisher,benign
TRUST-N-06740,2026-09-22T00:33:14Z,ENG-WS-17,known software,signed,Known Publisher,benign
TRUST-N-07598,2026-09-22T00:34:35Z,ENG-WS-17,known software,trusted_internal,Known Publisher,benign
TRUST-N-02016,2026-09-22T00:35:09Z,APP-06,known software,trusted_internal,Known Publisher,benign
TRUST-N-02213,2026-09-22T00:35:45Z,MGMT-01,known software,trusted_internal,Known Publisher,benign
TRUST-N-09177,2026-09-22T00:36:19Z,APP-06,known software,trusted_internal,Known Publisher,benign
TRUST-N-08325,2026-09-22T00:36:24Z,HR-WS-22,known software,signed,Known Publisher,benign
TRUST-N-03137,2026-09-22T00:38:10Z,DC-01,known software,signed,Known Publisher,benign
TRUST-N-00631,2026-09-22T00:38:22Z,ENG-WS-17,known software,trusted_internal,Known Publisher,benign
TRUST-N-00770,2026-09-22T00:38:31Z,DC-01,known software,signed,Known Publisher,benign
TRUST-N-02236,2026-09-22T00:38:46Z,MGMT-01,known software,signed,Known Publisher,benign
TRUST-N-09439,2026-09-22T00:38:48Z,ENG-WS-17,known software,signed,Known Publisher,benign
TRUST-N-08192,2026-09-22T00:39:15Z,FIN-WS-09,known software,trusted_internal,Known Publisher,benign
TRUST-N-02351,2026-09-22T00:39:27Z,APP-06,known software,signed,Known Publisher,benign
TRUST-N-09384,2026-09-22T00:40:30Z,ENG-WS-17,known software,signed,Known Publisher,benign
TRUST-N-07106,2026-09-22T00:41:00Z,ENG-WS-17,known software,trusted_internal,Known Publisher,benign
TRUST-N-07853,2026-09-22T00:41:21Z,ENG-WS-17,known software,signed,Known Publisher,benign
TRUST-N-00373,2026-09-22T00:41:22Z,MGMT-01,known software,signed,Known Publisher,benign
TRUST-N-04192,2026-09-22T00:41:38Z,MGMT-01,known software,signed,Known Publisher,benign
TRUST-N-08137,2026-09-22T00:41:38Z,ENG-WS-17,known software,trusted_internal,Known Publisher,benign
TRUST-N-05192,2026-09-22T00:41:50Z,HR-WS-22,known software,trusted_internal,Known Publisher,benign
TRUST-N-06522,2026-09-22T00:42:39Z,APP-06,known software,trusted_internal,Known Publisher,benign
TRUST-N-09070,2026-09-22T00:43:21Z,FIN-WS-09,known software,signed,Known Publisher,benign
TRUST-N-05184,2026-09-22T00:43:58Z,ENG-WS-17,known software,signed,Known Publisher,benign
TRUST-N-05449,2026-09-22T00:45:40Z,PATCH-01,known software,signed,Known Publisher,benign
TRUST-N-03555,2026-09-22T00:45:50Z,ENG-WS-17,known software,trusted_internal,Known Publisher,benign
TRUST-N-00968,2026-09-22T00:45:51Z,DC-01,known software,signed,Known Publisher,benign
TRUST-N-03213,2026-09-22T00:46:27Z,PATCH-01,known software,signed,Known Publisher,benign
TRUST-N-08050,2026-09-22T00:46:40Z,PATCH-01,known software,signed,Known Publisher,benign
TRUST-N-06979,2026-09-22T00:47:05Z,DC-01,known software,trusted_internal,Known Publisher,benign
TRUST-N-02630,2026-09-22T00:47:32Z,DC-01,known software,trusted_internal,Known Publisher,benign
TRUST-N-01469,2026-09-22T00:49:39Z,HR-WS-22,known software,trusted_internal,Known Publisher,benign
TRUST-N-07969,2026-09-22T00:50:29Z,DC-01,known software,signed,Known Publisher,benign
TRUST-N-08131,2026-09-22T00:50:32Z,PATCH-01,known software,signed,Known Publisher,benign
TRUST-N-05854,2026-09-22T00:50:37Z,MGMT-01,known software,trusted_internal,Known Publisher,benign
TRUST-N-03127,2026-09-22T00:51:12Z,MGMT-01,known software,signed,Known Publisher,benign
TRUST-N-01536,2026-09-22T00:51:19Z,PATCH-01,known software,trusted_internal,Known Publisher,benign
TRUST-N-03061,2026-09-22T00:54:26Z,HR-WS-08,known software,trusted_internal,Known Publisher,benign
TRUST-N-04675,2026-09-22T00:55:04Z,ENG-WS-17,known software,trusted_internal,Known Publisher,benign
TRUST-N-00489,2026-09-22T00:56:48Z,HR-WS-08,known software,signed,Known Publisher,benign
TRUST-N-01229,2026-09-22T00:56:50Z,HR-WS-08,known software,trusted_internal,Known Publisher,benign
TRUST-N-02596,2026-09-22T00:58:27Z,HR-WS-22,known software,signed,Known Publisher,benign
TRUST-N-08018,2026-09-22T01:00:18Z,FIN-WS-09,known software,signed,Known Publisher,benign
TRUST-N-09448,2026-09-22T01:00:57Z,DC-01,known software,trusted_internal,Known Publisher,benign
TRUST-N-09618,2026-09-22T01:01:59Z,HR-WS-08,known software,signed,Known Publisher,benign
TRUST-N-07066,2026-09-22T01:02:01Z,APP-06,known software,trusted_internal,Known Publisher,benign
TRUST-N-01954,2026-09-22T01:02:51Z,DC-01,known software,trusted_internal,Known Publisher,benign
TRUST-N-02702,2026-09-22T01:02:54Z,ENG-WS-17,known software,signed,Known Publisher,benign
TRUST-N-02939,2026-09-22T01:03:26Z,DC-01,known software,trusted_internal,Known Publisher,benign
TRUST-N-08995,2026-09-22T01:04:34Z,MGMT-01,known software,trusted_internal,Known Publisher,benign
TRUST-N-04209,2026-09-22T01:05:39Z,ENG-WS-17,known software,signed,Known Publisher,benign
TRUST-N-02829,2026-09-22T01:05:45Z,DC-01,known software,trusted_internal,Known Publisher,benign
TRUST-N-00739,2026-09-22T01:05:55Z,APP-06,known software,trusted_internal,Known Publisher,benign
TRUST-N-03813,2026-09-22T01:07:48Z,MGMT-01,known software,signed,Known Publisher,benign
TRUST-N-01396,2026-09-22T01:07:51Z,HR-WS-22,known software,signed,Known Publisher,benign
TRUST-N-05203,2026-09-22T01:08:15Z,ENG-WS-17,known software,signed,Known Publisher,benign
TRUST-N-05252,2026-09-22T01:08:18Z,MGMT-01,known software,signed,Known Publisher,benign
TRUST-N-02774,2026-09-22T01:08:33Z,DC-01,known software,trusted_internal,Known Publisher,benign
TRUST-N-08130,2026-09-22T01:08:46Z,APP-06,known software,signed,Known Publisher,benign
TRUST-N-02642,2026-09-22T01:08:59Z,APP-06,known software,signed,Known Publisher,benign
TRUST-N-05508,2026-09-22T01:09:21Z,MGMT-01,known software,signed,Known Publisher,benign
TRUST-N-02120,2026-09-22T01:09:40Z,PATCH-01,known software,trusted_internal,Known Publisher,benign
TRUST-N-05804,2026-09-22T01:10:29Z,PATCH-01,known software,signed,Known Publisher,benign
TRUST-N-06445,2026-09-22T01:10:50Z,ENG-WS-17,known software,trusted_internal,Known Publisher,benign
TRUST-N-09542,2026-09-22T01:11:01Z,ENG-WS-17,known software,signed,Known Publisher,benign
TRUST-N-01724,2026-09-22T01:11:53Z,HR-WS-08,known software,trusted_internal,Known Publisher,benign
TRUST-N-06049,2026-09-22T01:12:18Z,PATCH-01,known software,trusted_internal,Known Publisher,benign
TRUST-N-00435,2026-09-22T01:13:38Z,HR-WS-08,known software,trusted_internal,Known Publisher,benign
TRUST-N-08918,2026-09-22T01:14:59Z,HR-WS-22,known software,signed,Known Publisher,benign
TRUST-N-00905,2026-09-22T01:15:12Z,HR-WS-22,known software,trusted_internal,Known Publisher,benign
TRUST-N-01009,2026-09-22T01:15:36Z,DC-01,known software,trusted_internal,Known Publisher,benign
TRUST-N-02384,2026-09-22T01:16:07Z,DC-01,known software,signed,Known Publisher,benign
TRUST-N-06161,2026-09-22T01:16:12Z,ENG-WS-17,known software,signed,Known Publisher,benign
TRUST-N-00647,2026-09-22T01:18:41Z,APP-06,known software,trusted_internal,Known Publisher,benign
TRUST-N-03076,2026-09-22T01:20:00Z,ENG-WS-17,known software,trusted_internal,Known Publisher,benign
TRUST-N-02923,2026-09-22T01:21:50Z,MGMT-01,known software,trusted_internal,Known Publisher,benign
TRUST-N-06043,2026-09-22T01:22:09Z,PATCH-01,known software,signed,Known Publisher,benign
TRUST-N-06861,2026-09-22T01:22:18Z,FIN-WS-09,known software,signed,Known Publisher,benign
TRUST-N-03345,2026-09-22T01:25:25Z,FIN-WS-09,known software,signed,Known Publisher,benign
TRUST-N-09990,2026-09-22T01:26:03Z,FIN-WS-09,known software,trusted_internal,Known Publisher,benign
TRUST-N-00265,2026-09-22T01:26:33Z,FIN-WS-09,known software,signed,Known Publisher,benign
TRUST-N-05910,2026-09-22T01:27:14Z,MGMT-01,known software,trusted_internal,Known Publisher,benign
TRUST-N-02510,2026-09-22T01:27:21Z,MGMT-01,known software,trusted_internal,Known Publisher,benign
TRUST-N-00651,2026-09-22T01:27:40Z,ENG-WS-17,known software,trusted_internal,Known Publisher,benign
TRUST-N-08963,2026-09-22T01:28:11Z,PATCH-01,known software,signed,Known Publisher,benign
TRUST-N-09815,2026-09-22T01:28:51Z,PATCH-01,known software,signed,Known Publisher,benign
TRUST-N-04354,2026-09-22T01:30:14Z,APP-06,known software,trusted_internal,Known Publisher,benign
TRUST-N-04547,2026-09-22T01:30:20Z,FIN-WS-09,known software,trusted_internal,Known Publisher,benign
TRUST-N-09285,2026-09-22T01:30:48Z,FIN-WS-09,known software,trusted_internal,Known Publisher,benign
TRUST-N-09912,2026-09-22T01:31:46Z,ENG-WS-17,known software,signed,Known Publisher,benign
TRUST-N-04968,2026-09-22T01:32:04Z,FIN-WS-09,known software,trusted_internal,Known Publisher,benign
TRUST-N-01914,2026-09-22T01:33:20Z,PATCH-01,known software,trusted_internal,Known Publisher,benign
TRUST-N-01179,2026-09-22T01:33:48Z,APP-06,known software,signed,Known Publisher,benign
TRUST-N-04649,2026-09-22T01:35:59Z,ENG-WS-17,known software,trusted_internal,Known Publisher,benign
TRUST-N-00273,2026-09-22T01:36:36Z,FIN-WS-09,known software,signed,Known Publisher,benign
TRUST-N-05835,2026-09-22T01:36:51Z,HR-WS-22,known software,signed,Known Publisher,benign
TRUST-N-08373,2026-09-22T01:36:57Z,MGMT-01,known software,signed,Known Publisher,benign
TRUST-N-09056,2026-09-22T01:37:16Z,MGMT-01,known software,trusted_internal,Known Publisher,benign
TRUST-N-02523,2026-09-22T01:37:37Z,ENG-WS-17,known software,trusted_internal,Known Publisher,benign
TRUST-N-01381,2026-09-22T01:38:12Z,ENG-WS-17,known software,trusted_internal,Known Publisher,benign
TRUST-N-07700,2026-09-22T01:39:16Z,HR-WS-08,known software,trusted_internal,Known Publisher,benign
TRUST-N-00318,2026-09-22T01:39:55Z,DC-01,known software,trusted_internal,Known Publisher,benign
TRUST-N-07056,2026-09-22T01:40:27Z,HR-WS-22,known software,signed,Known Publisher,benign
TRUST-N-02680,2026-09-22T01:40:50Z,FIN-WS-09,known software,signed,Known Publisher,benign
TRUST-N-07449,2026-09-22T01:40:50Z,PATCH-01,known software,signed,Known Publisher,benign
TRUST-N-08441,2026-09-22T01:41:41Z,PATCH-01,known software,signed,Known Publisher,benign
TRUST-N-05639,2026-09-22T01:42:27Z,ENG-WS-17,known software,signed,Known Publisher,benign
TRUST-N-03752,2026-09-22T01:42:29Z,DC-01,known software,trusted_internal,Known Publisher,benign
TRUST-N-02363,2026-09-22T01:42:34Z,ENG-WS-17,known software,trusted_internal,Known Publisher,benign
TRUST-N-08481,2026-09-22T01:42:36Z,HR-WS-08,known software,trusted_internal,Known Publisher,benign
TRUST-N-08165,2026-09-22T01:44:08Z,HR-WS-22,known software,trusted_internal,Known Publisher,benign
TRUST-N-03533,2026-09-22T01:45:04Z,ENG-WS-17,known software,trusted_internal,Known Publisher,benign
TRUST-N-08737,2026-09-22T01:46:06Z,DC-01,known software,trusted_internal,Known Publisher,benign
TRUST-N-01837,2026-09-22T01:46:38Z,ENG-WS-17,known software,signed,Known Publisher,benign
TRUST-N-05093,2026-09-22T01:47:00Z,APP-06,known software,trusted_internal,Known Publisher,benign
TRUST-N-05780,2026-09-22T01:47:00Z,HR-WS-08,known software,trusted_internal,Known Publisher,benign
TRUST-N-09218,2026-09-22T01:47:53Z,FIN-WS-09,known software,trusted_internal,Known Publisher,benign
TRUST-N-08537,2026-09-22T01:48:42Z,APP-06,known software,trusted_internal,Known Publisher,benign
TRUST-N-05382,2026-09-22T01:49:25Z,HR-WS-22,known software,signed,Known Publisher,benign
TRUST-N-01465,2026-09-22T01:49:35Z,ENG-WS-17,known software,trusted_internal,Known Publisher,benign
TRUST-N-00480,2026-09-22T01:50:47Z,FIN-WS-09,known software,trusted_internal,Known Publisher,benign
TRUST-N-01235,2026-09-22T01:50:48Z,HR-WS-08,known software,trusted_internal,Known Publisher,benign
TRUST-N-04811,2026-09-22T01:51:07Z,ENG-WS-17,known software,trusted_internal,Known Publisher,benign
TRUST-N-05224,2026-09-22T01:51:53Z,HR-WS-08,known software,signed,Known Publisher,benign
TRUST-N-08496,2026-09-22T01:51:54Z,DC-01,known software,trusted_internal,Known Publisher,benign
TRUST-N-07816,2026-09-22T01:52:13Z,FIN-WS-09,known software,trusted_internal,Known Publisher,benign
TRUST-N-04489,2026-09-22T01:53:50Z,APP-06,known software,trusted_internal,Known Publisher,benign
TRUST-N-06886,2026-09-22T01:53:56Z,APP-06,known software,trusted_internal,Known Publisher,benign
TRUST-N-07783,2026-09-22T01:54:35Z,ENG-WS-17,known software,signed,Known Publisher,benign
TRUST-N-04317,2026-09-22T01:54:56Z,ENG-WS-17,known software,signed,Known Publisher,benign
TRUST-N-04135,2026-09-22T01:55:28Z,APP-06,known software,trusted_internal,Known Publisher,benign
TRUST-N-06554,2026-09-22T01:56:05Z,MGMT-01,known software,signed,Known Publisher,benign
TRUST-N-04170,2026-09-22T01:56:12Z,PATCH-01,known software,trusted_internal,Known Publisher,benign
TRUST-N-07079,2026-09-22T01:56:32Z,DC-01,known software,trusted_internal,Known Publisher,benign
TRUST-N-02645,2026-09-22T01:58:06Z,MGMT-01,known software,trusted_internal,Known Publisher,benign
TRUST-N-05447,2026-09-22T01:58:33Z,MGMT-01,known software,trusted_internal,Known Publisher,benign
TRUST-N-08679,2026-09-22T01:58:33Z,PATCH-01,known software,trusted_internal,Known Publisher,benign
TRUST-N-07916,2026-09-22T01:59:11Z,APP-06,known software,signed,Known Publisher,benign
TRUST-N-08013,2026-09-22T01:59:12Z,DC-01,known software,signed,Known Publisher,benign
TRUST-N-02295,2026-09-22T01:59:19Z,HR-WS-08,known software,trusted_internal,Known Publisher,benign
TRUST-N-05963,2026-09-22T01:59:30Z,MGMT-01,known software,signed,Known Publisher,benign
TRUST-N-07463,2026-09-22T01:59:34Z,ENG-WS-17,known software,signed,Known Publisher,benign
TRUST-N-08685,2026-09-22T02:00:09Z,HR-WS-08,known software,signed,Known Publisher,benign
TRUST-N-07124,2026-09-22T02:02:53Z,HR-WS-08,known software,signed,Known Publisher,benign
TRUST-N-04918,2026-09-22T02:02:59Z,APP-06,known software,signed,Known Publisher,benign
TRUST-N-02493,2026-09-22T02:03:15Z,APP-06,known software,signed,Known Publisher,benign
TRUST-N-06836,2026-09-22T02:04:07Z,HR-WS-22,known software,signed,Known Publisher,benign
TRUST-N-08388,2026-09-22T02:04:27Z,PATCH-01,known software,signed,Known Publisher,benign
TRUST-N-02605,2026-09-22T02:04:32Z,HR-WS-22,known software,trusted_internal,Known Publisher,benign
TRUST-N-08671,2026-09-22T02:04:37Z,APP-06,known software,signed,Known Publisher,benign
TRUST-N-02990,2026-09-22T02:05:44Z,DC-01,known software,signed,Known Publisher,benign
TRUST-N-05398,2026-09-22T02:06:40Z,PATCH-01,known software,signed,Known Publisher,benign
TRUST-N-02032,2026-09-22T02:06:43Z,APP-06,known software,trusted_internal,Known Publisher,benign
TRUST-N-03537,2026-09-22T02:08:20Z,APP-06,known software,trusted_internal,Known Publisher,benign
TRUST-N-01406,2026-09-22T02:08:31Z,HR-WS-08,known software,signed,Known Publisher,benign
TRUST-N-07684,2026-09-22T02:08:50Z,PATCH-01,known software,trusted_internal,Known Publisher,benign
TRUST-N-06094,2026-09-22T02:09:00Z,HR-WS-22,known software,trusted_internal,Known Publisher,benign
TRUST-N-09091,2026-09-22T02:10:48Z,APP-06,known software,signed,Known Publisher,benign
TRUST-N-09816,2026-09-22T02:11:19Z,ENG-WS-17,known software,signed,Known Publisher,benign
TRUST-N-05323,2026-09-22T02:13:36Z,HR-WS-22,known software,signed,Known Publisher,benign
TRUST-N-01096,2026-09-22T02:13:44Z,HR-WS-22,known software,trusted_internal,Known Publisher,benign
TRUST-N-02666,2026-09-22T02:14:28Z,HR-WS-08,known software,trusted_internal,Known Publisher,benign
TRUST-N-01672,2026-09-22T02:16:02Z,MGMT-01,known software,signed,Known Publisher,benign
TRUST-N-00597,2026-09-22T02:16:53Z,APP-06,known software,trusted_internal,Known Publisher,benign
TRUST-N-05748,2026-09-22T02:17:27Z,DC-01,known software,trusted_internal,Known Publisher,benign
TRUST-N-01573,2026-09-22T02:17:45Z,ENG-WS-17,known software,signed,Known Publisher,benign
TRUST-N-08596,2026-09-22T02:17:54Z,ENG-WS-17,known software,signed,Known Publisher,benign
TRUST-N-05342,2026-09-22T02:17:57Z,DC-01,known software,signed,Known Publisher,benign
TRUST-N-03370,2026-09-22T02:18:39Z,APP-06,known software,trusted_internal,Known Publisher,benign
TRUST-N-03756,2026-09-22T02:19:30Z,DC-01,known software,signed,Known Publisher,benign
TRUST-N-08771,2026-09-22T02:20:40Z,FIN-WS-09,known software,signed,Known Publisher,benign
TRUST-N-02727,2026-09-22T02:20:48Z,MGMT-01,known software,trusted_internal,Known Publisher,benign
TRUST-N-02370,2026-09-22T02:20:55Z,HR-WS-08,known software,signed,Known Publisher,benign
TRUST-N-03316,2026-09-22T02:21:15Z,APP-06,known software,trusted_internal,Known Publisher,benign
TRUST-N-02657,2026-09-22T02:21:23Z,PATCH-01,known software,trusted_internal,Known Publisher,benign
TRUST-N-03914,2026-09-22T02:21:28Z,FIN-WS-09,known software,trusted_internal,Known Publisher,benign
TRUST-N-02952,2026-09-22T02:21:33Z,DC-01,known software,signed,Known Publisher,benign
TRUST-N-02476,2026-09-22T02:22:59Z,MGMT-01,known software,signed,Known Publisher,benign
TRUST-N-05720,2026-09-22T02:24:00Z,MGMT-01,known software,trusted_internal,Known Publisher,benign
TRUST-N-06818,2026-09-22T02:24:04Z,MGMT-01,known software,trusted_internal,Known Publisher,benign
TRUST-N-06925,2026-09-22T02:24:19Z,HR-WS-22,known software,signed,Known Publisher,benign
TRUST-N-03225,2026-09-22T02:24:28Z,ENG-WS-17,known software,trusted_internal,Known Publisher,benign
TRUST-N-08400,2026-09-22T02:24:28Z,ENG-WS-17,known software,trusted_internal,Known Publisher,benign
TRUST-N-05917,2026-09-22T02:26:36Z,HR-WS-22,known software,trusted_internal,Known Publisher,benign
TRUST-N-05938,2026-09-22T02:27:15Z,PATCH-01,known software,signed,Known Publisher,benign
TRUST-N-08389,2026-09-22T02:27:44Z,FIN-WS-09,known software,signed,Known Publisher,benign
TRUST-N-02955,2026-09-22T02:28:09Z,FIN-WS-09,known software,signed,Known Publisher,benign
TRUST-N-07720,2026-09-22T02:29:17Z,FIN-WS-09,known software,trusted_internal,Known Publisher,benign
TRUST-N-07611,2026-09-22T02:30:13Z,HR-WS-08,known software,trusted_internal,Known Publisher,benign
TRUST-N-05372,2026-09-22T02:30:32Z,HR-WS-22,known software,trusted_internal,Known Publisher,benign
TRUST-N-01620,2026-09-22T02:30:58Z,HR-WS-08,known software,signed,Known Publisher,benign
TRUST-N-05081,2026-09-22T02:30:58Z,FIN-WS-09,known software,trusted_internal,Known Publisher,benign
TRUST-N-05537,2026-09-22T02:31:25Z,FIN-WS-09,known software,trusted_internal,Known Publisher,benign
TRUST-N-00745,2026-09-22T02:32:00Z,PATCH-01,known software,signed,Known Publisher,benign
TRUST-N-07480,2026-09-22T02:32:44Z,HR-WS-22,known software,signed,Known Publisher,benign
TRUST-N-00170,2026-09-22T02:32:57Z,HR-WS-08,known software,trusted_internal,Known Publisher,benign
TRUST-N-07482,2026-09-22T02:33:21Z,DC-01,known software,signed,Known Publisher,benign
TRUST-N-09911,2026-09-22T02:33:42Z,DC-01,known software,signed,Known Publisher,benign
TRUST-N-03219,2026-09-22T02:34:10Z,MGMT-01,known software,trusted_internal,Known Publisher,benign
TRUST-N-01931,2026-09-22T02:36:30Z,MGMT-01,known software,trusted_internal,Known Publisher,benign
TRUST-N-02342,2026-09-22T02:37:31Z,ENG-WS-17,known software,trusted_internal,Known Publisher,benign
TRUST-N-09688,2026-09-22T02:37:53Z,HR-WS-08,known software,trusted_internal,Known Publisher,benign
TRUST-N-00730,2026-09-22T02:39:15Z,APP-06,known software,signed,Known Publisher,benign
TRUST-N-07648,2026-09-22T02:39:47Z,PATCH-01,known software,trusted_internal,Known Publisher,benign
TRUST-N-01260,2026-09-22T02:40:12Z,APP-06,known software,signed,Known Publisher,benign
TRUST-N-00797,2026-09-22T02:40:14Z,ENG-WS-17,known software,trusted_internal,Known Publisher,benign
TRUST-N-06062,2026-09-22T02:41:00Z,FIN-WS-09,known software,trusted_internal,Known Publisher,benign
TRUST-N-07077,2026-09-22T02:43:01Z,DC-01,known software,trusted_internal,Known Publisher,benign
TRUST-N-06327,2026-09-22T02:43:08Z,HR-WS-08,known software,trusted_internal,Known Publisher,benign
TRUST-N-08003,2026-09-22T02:43:40Z,PATCH-01,known software,signed,Known Publisher,benign
TRUST-N-02519,2026-09-22T02:43:54Z,HR-WS-22,known software,signed,Known Publisher,benign
TRUST-N-03926,2026-09-22T02:45:08Z,HR-WS-08,known software,trusted_internal,Known Publisher,benign
TRUST-N-06450,2026-09-22T02:45:12Z,FIN-WS-09,known software,trusted_internal,Known Publisher,benign
TRUST-N-04046,2026-09-22T02:45:26Z,HR-WS-08,known software,trusted_internal,Known Publisher,benign
TRUST-N-01733,2026-09-22T02:45:45Z,APP-06,known software,trusted_internal,Known Publisher,benign
TRUST-N-01947,2026-09-22T02:46:04Z,DC-01,known software,signed,Known Publisher,benign
TRUST-N-07435,2026-09-22T02:46:06Z,HR-WS-08,known software,trusted_internal,Known Publisher,benign
TRUST-N-07345,2026-09-22T02:48:16Z,DC-01,known software,trusted_internal,Known Publisher,benign
TRUST-N-03749,2026-09-22T02:48:26Z,HR-WS-08,known software,signed,Known Publisher,benign
TRUST-N-06026,2026-09-22T02:48:37Z,FIN-WS-09,known software,trusted_internal,Known Publisher,benign
TRUST-N-06664,2026-09-22T02:48:43Z,FIN-WS-09,known software,signed,Known Publisher,benign
TRUST-N-05117,2026-09-22T02:49:00Z,PATCH-01,known software,trusted_internal,Known Publisher,benign
TRUST-N-06352,2026-09-22T02:49:07Z,HR-WS-22,known software,trusted_internal,Known Publisher,benign
TRUST-N-01031,2026-09-22T02:49:16Z,FIN-WS-09,known software,trusted_internal,Known Publisher,benign
TRUST-N-01007,2026-09-22T02:49:30Z,DC-01,known software,trusted_internal,Known Publisher,benign
TRUST-N-08421,2026-09-22T02:49:41Z,ENG-WS-17,known software,signed,Known Publisher,benign
TRUST-N-08985,2026-09-22T02:50:00Z,HR-WS-08,known software,trusted_internal,Known Publisher,benign
TRUST-N-08998,2026-09-22T02:51:52Z,FIN-WS-09,known software,trusted_internal,Known Publisher,benign
TRUST-N-08723,2026-09-22T02:52:57Z,APP-06,known software,signed,Known Publisher,benign
TRUST-N-01131,2026-09-22T02:53:08Z,HR-WS-08,known software,trusted_internal,Known Publisher,benign
TRUST-N-05867,2026-09-22T02:53:41Z,DC-01,known software,signed,Known Publisher,benign
TRUST-N-05320,2026-09-22T02:54:41Z,APP-06,known software,trusted_internal,Known Publisher,benign
TRUST-N-06605,2026-09-22T02:55:15Z,APP-06,known software,trusted_internal,Known Publisher,benign
TRUST-N-04422,2026-09-22T02:55:26Z,HR-WS-22,known software,trusted_internal,Known Publisher,benign
TRUST-N-00835,2026-09-22T02:55:43Z,FIN-WS-09,known software,trusted_internal,Known Publisher,benign
TRUST-N-00137,2026-09-22T02:55:51Z,DC-01,known software,signed,Known Publisher,benign
TRUST-N-09161,2026-09-22T02:55:57Z,HR-WS-08,known software,signed,Known Publisher,benign
TRUST-N-08021,2026-09-22T02:56:16Z,MGMT-01,known software,signed,Known Publisher,benign
TRUST-N-06045,2026-09-22T02:56:35Z,ENG-WS-17,known software,trusted_internal,Known Publisher,benign
TRUST-N-07470,2026-09-22T02:57:01Z,DC-01,known software,trusted_internal,Known Publisher,benign
TRUST-N-04533,2026-09-22T02:57:38Z,FIN-WS-09,known software,trusted_internal,Known Publisher,benign
TRUST-N-00552,2026-09-22T02:57:59Z,APP-06,known software,signed,Known Publisher,benign
TRUST-N-06578,2026-09-22T02:58:00Z,APP-06,known software,signed,Known Publisher,benign
TRUST-N-08934,2026-09-22T02:58:14Z,APP-06,known software,signed,Known Publisher,benign
TRUST-N-01677,2026-09-22T02:58:38Z,APP-06,known software,signed,Known Publisher,benign
TRUST-N-08716,2026-09-22T02:58:53Z,FIN-WS-09,known software,trusted_internal,Known Publisher,benign
TRUST-N-01715,2026-09-22T02:59:24Z,HR-WS-08,known software,trusted_internal,Known Publisher,benign
TRUST-N-03124,2026-09-22T03:02:22Z,PATCH-01,known software,signed,Known Publisher,benign
TRUST-N-04627,2026-09-22T03:03:00Z,MGMT-01,known software,trusted_internal,Known Publisher,benign
TRUST-N-02029,2026-09-22T03:03:04Z,MGMT-01,known software,signed,Known Publisher,benign
TRUST-N-01376,2026-09-22T03:03:47Z,ENG-WS-17,known software,signed,Known Publisher,benign
TRUST-N-05584,2026-09-22T03:03:52Z,HR-WS-22,known software,trusted_internal,Known Publisher,benign
TRUST-N-01189,2026-09-22T03:04:34Z,MGMT-01,known software,trusted_internal,Known Publisher,benign
TRUST-N-08444,2026-09-22T03:04:37Z,FIN-WS-09,known software,signed,Known Publisher,benign
TRUST-N-00639,2026-09-22T03:05:43Z,ENG-WS-17,known software,signed,Known Publisher,benign
TRUST-N-06165,2026-09-22T03:05:54Z,ENG-WS-17,known software,signed,Known Publisher,benign
TRUST-N-01901,2026-09-22T03:07:33Z,HR-WS-08,known software,signed,Known Publisher,benign
TRUST-N-07024,2026-09-22T03:07:43Z,FIN-WS-09,known software,signed,Known Publisher,benign
TRUST-N-08424,2026-09-22T03:07:56Z,FIN-WS-09,known software,signed,Known Publisher,benign
TRUST-N-07574,2026-09-22T03:09:03Z,ENG-WS-17,known software,trusted_internal,Known Publisher,benign
TRUST-N-00847,2026-09-22T03:09:38Z,PATCH-01,known software,trusted_internal,Known Publisher,benign
TRUST-N-01211,2026-09-22T03:10:00Z,ENG-WS-17,known software,trusted_internal,Known Publisher,benign
TRUST-N-07912,2026-09-22T03:10:09Z,HR-WS-22,known software,trusted_internal,Known Publisher,benign
TRUST-N-02769,2026-09-22T03:10:16Z,HR-WS-22,known software,signed,Known Publisher,benign
TRUST-N-00565,2026-09-22T03:11:16Z,APP-06,known software,trusted_internal,Known Publisher,benign
TRUST-N-02688,2026-09-22T03:12:18Z,HR-WS-22,known software,trusted_internal,Known Publisher,benign
TRUST-N-00400,2026-09-22T03:12:21Z,ENG-WS-17,known software,trusted_internal,Known Publisher,benign
TRUST-N-06187,2026-09-22T03:12:37Z,MGMT-01,known software,trusted_internal,Known Publisher,benign
TRUST-N-03903,2026-09-22T03:13:24Z,FIN-WS-09,known software,trusted_internal,Known Publisher,benign
TRUST-N-00206,2026-09-22T03:14:55Z,FIN-WS-09,known software,signed,Known Publisher,benign
TRUST-N-05287,2026-09-22T03:15:00Z,HR-WS-22,known software,trusted_internal,Known Publisher,benign
TRUST-N-05831,2026-09-22T03:16:25Z,DC-01,known software,signed,Known Publisher,benign
TRUST-N-00121,2026-09-22T03:16:58Z,HR-WS-08,known software,signed,Known Publisher,benign
TRUST-N-01532,2026-09-22T03:17:13Z,DC-01,known software,signed,Known Publisher,benign
TRUST-N-02040,2026-09-22T03:17:41Z,MGMT-01,known software,signed,Known Publisher,benign
TRUST-N-00162,2026-09-22T03:17:55Z,APP-06,known software,signed,Known Publisher,benign
TRUST-N-03711,2026-09-22T03:18:26Z,PATCH-01,known software,signed,Known Publisher,benign
TRUST-N-00714,2026-09-22T03:18:58Z,MGMT-01,known software,trusted_internal,Known Publisher,benign
TRUST-N-07832,2026-09-22T03:19:03Z,PATCH-01,known software,trusted_internal,Known Publisher,benign
TRUST-N-03133,2026-09-22T03:19:09Z,FIN-WS-09,known software,signed,Known Publisher,benign
TRUST-N-06778,2026-09-22T03:19:43Z,APP-06,known software,signed,Known Publisher,benign
TRUST-N-04626,2026-09-22T03:20:18Z,PATCH-01,known software,trusted_internal,Known Publisher,benign
TRUST-N-01654,2026-09-22T03:21:27Z,HR-WS-22,known software,signed,Known Publisher,benign
TRUST-N-03807,2026-09-22T03:22:39Z,PATCH-01,known software,signed,Known Publisher,benign
TRUST-N-09944,2026-09-22T03:24:20Z,APP-06,known software,trusted_internal,Known Publisher,benign
TRUST-N-04699,2026-09-22T03:25:04Z,DC-01,known software,signed,Known Publisher,benign
TRUST-N-06865,2026-09-22T03:26:52Z,HR-WS-22,known software,signed,Known Publisher,benign
TRUST-N-02399,2026-09-22T03:26:53Z,APP-06,known software,signed,Known Publisher,benign
TRUST-N-05528,2026-09-22T03:27:02Z,PATCH-01,known software,trusted_internal,Known Publisher,benign
TRUST-N-03521,2026-09-22T03:27:53Z,FIN-WS-09,known software,signed,Known Publisher,benign
TRUST-N-05027,2026-09-22T03:28:41Z,DC-01,known software,trusted_internal,Known Publisher,benign
TRUST-N-07062,2026-09-22T03:28:57Z,DC-01,known software,signed,Known Publisher,benign
TRUST-N-08407,2026-09-22T03:29:03Z,HR-WS-08,known software,trusted_internal,Known Publisher,benign
TRUST-N-03128,2026-09-22T03:31:30Z,DC-01,known software,trusted_internal,Known Publisher,benign
TRUST-N-05410,2026-09-22T03:32:38Z,ENG-WS-17,known software,signed,Known Publisher,benign
TRUST-N-04477,2026-09-22T03:33:48Z,ENG-WS-17,known software,signed,Known Publisher,benign
TRUST-N-01147,2026-09-22T03:34:00Z,HR-WS-22,known software,signed,Known Publisher,benign
TRUST-N-02683,2026-09-22T03:34:01Z,HR-WS-22,known software,trusted_internal,Known Publisher,benign
TRUST-N-05618,2026-09-22T03:34:44Z,PATCH-01,known software,trusted_internal,Known Publisher,benign
TRUST-N-00687,2026-09-22T03:36:16Z,PATCH-01,known software,signed,Known Publisher,benign
TRUST-N-07599,2026-09-22T03:36:19Z,ENG-WS-17,known software,signed,Known Publisher,benign
TRUST-N-04514,2026-09-22T03:36:22Z,DC-01,known software,signed,Known Publisher,benign
TRUST-N-03392,2026-09-22T03:36:50Z,MGMT-01,known software,signed,Known Publisher,benign
TRUST-N-06808,2026-09-22T03:36:53Z,MGMT-01,known software,trusted_internal,Known Publisher,benign
TRUST-N-06820,2026-09-22T03:37:17Z,APP-06,known software,signed,Known Publisher,benign
TRUST-N-04307,2026-09-22T03:38:28Z,HR-WS-22,known software,signed,Known Publisher,benign
TRUST-N-03691,2026-09-22T03:38:30Z,APP-06,known software,signed,Known Publisher,benign
TRUST-N-03384,2026-09-22T03:38:58Z,HR-WS-22,known software,signed,Known Publisher,benign
TRUST-N-09974,2026-09-22T03:39:21Z,ENG-WS-17,known software,trusted_internal,Known Publisher,benign
TRUST-N-06308,2026-09-22T03:39:59Z,PATCH-01,known software,trusted_internal,Known Publisher,benign
TRUST-N-04756,2026-09-22T03:40:25Z,PATCH-01,known software,trusted_internal,Known Publisher,benign
TRUST-N-07778,2026-09-22T03:40:53Z,APP-06,known software,trusted_internal,Known Publisher,benign
TRUST-N-00391,2026-09-22T03:40:54Z,APP-06,known software,signed,Known Publisher,benign
TRUST-N-01969,2026-09-22T03:41:37Z,FIN-WS-09,known software,trusted_internal,Known Publisher,benign
TRUST-N-01209,2026-09-22T03:42:26Z,ENG-WS-17,known software,signed,Known Publisher,benign
TRUST-N-08521,2026-09-22T03:42:35Z,PATCH-01,known software,signed,Known Publisher,benign
TRUST-N-03747,2026-09-22T03:42:37Z,PATCH-01,known software,trusted_internal,Known Publisher,benign
TRUST-N-04861,2026-09-22T03:42:39Z,HR-WS-08,known software,signed,Known Publisher,benign
TRUST-N-07860,2026-09-22T03:43:36Z,DC-01,known software,trusted_internal,Known Publisher,benign
TRUST-N-04479,2026-09-22T03:43:43Z,APP-06,known software,trusted_internal,Known Publisher,benign
TRUST-N-07894,2026-09-22T03:44:17Z,FIN-WS-09,known software,trusted_internal,Known Publisher,benign
TRUST-N-05979,2026-09-22T03:44:41Z,DC-01,known software,signed,Known Publisher,benign
TRUST-N-06280,2026-09-22T03:45:05Z,HR-WS-08,known software,trusted_internal,Known Publisher,benign
TRUST-N-09956,2026-09-22T03:47:13Z,HR-WS-22,known software,signed,Known Publisher,benign
TRUST-N-08125,2026-09-22T03:47:26Z,APP-06,known software,signed,Known Publisher,benign
TRUST-N-05180,2026-09-22T03:47:39Z,APP-06,known software,signed,Known Publisher,benign
TRUST-N-06572,2026-09-22T03:47:49Z,PATCH-01,known software,trusted_internal,Known Publisher,benign
TRUST-N-06822,2026-09-22T03:49:35Z,DC-01,known software,signed,Known Publisher,benign
TRUST-N-07576,2026-09-22T03:49:50Z,FIN-WS-09,known software,signed,Known Publisher,benign
TRUST-N-07431,2026-09-22T03:50:14Z,ENG-WS-17,known software,signed,Known Publisher,benign
TRUST-N-09596,2026-09-22T03:51:27Z,MGMT-01,known software,trusted_internal,Known Publisher,benign
TRUST-N-05840,2026-09-22T03:51:36Z,MGMT-01,known software,signed,Known Publisher,benign
TRUST-N-01097,2026-09-22T03:52:16Z,ENG-WS-17,known software,trusted_internal,Known Publisher,benign
TRUST-N-03632,2026-09-22T03:52:25Z,DC-01,known software,signed,Known Publisher,benign
TRUST-N-06845,2026-09-22T03:52:48Z,DC-01,known software,signed,Known Publisher,benign
TRUST-N-07272,2026-09-22T03:53:01Z,PATCH-01,known software,trusted_internal,Known Publisher,benign
TRUST-N-02308,2026-09-22T03:53:17Z,HR-WS-22,known software,signed,Known Publisher,benign
TRUST-N-00718,2026-09-22T03:53:29Z,ENG-WS-17,known software,trusted_internal,Known Publisher,benign
TRUST-N-06127,2026-09-22T03:53:42Z,HR-WS-22,known software,signed,Known Publisher,benign
TRUST-N-02460,2026-09-22T03:53:44Z,DC-01,known software,signed,Known Publisher,benign
TRUST-N-03543,2026-09-22T03:54:53Z,DC-01,known software,trusted_internal,Known Publisher,benign
TRUST-N-04572,2026-09-22T03:54:56Z,ENG-WS-17,known software,trusted_internal,Known Publisher,benign
TRUST-N-00347,2026-09-22T03:55:25Z,HR-WS-22,known software,trusted_internal,Known Publisher,benign
TRUST-N-02003,2026-09-22T03:55:30Z,ENG-WS-17,known software,trusted_internal,Known Publisher,benign
TRUST-N-04963,2026-09-22T03:55:42Z,HR-WS-22,known software,trusted_internal,Known Publisher,benign
TRUST-N-02470,2026-09-22T03:56:04Z,PATCH-01,known software,signed,Known Publisher,benign
TRUST-N-03144,2026-09-22T03:56:12Z,PATCH-01,known software,signed,Known Publisher,benign
TRUST-N-05969,2026-09-22T03:57:56Z,HR-WS-22,known software,signed,Known Publisher,benign
TRUST-N-06735,2026-09-22T03:58:04Z,APP-06,known software,signed,Known Publisher,benign
TRUST-N-05941,2026-09-22T03:58:26Z,PATCH-01,known software,signed,Known Publisher,benign
TRUST-N-08686,2026-09-22T03:58:31Z,PATCH-01,known software,signed,Known Publisher,benign
TRUST-N-06736,2026-09-22T04:00:14Z,APP-06,known software,trusted_internal,Known Publisher,benign
TRUST-N-03654,2026-09-22T04:00:28Z,HR-WS-22,known software,trusted_internal,Known Publisher,benign
TRUST-N-04168,2026-09-22T04:00:28Z,HR-WS-08,known software,trusted_internal,Known Publisher,benign
TRUST-N-02569,2026-09-22T04:00:37Z,MGMT-01,known software,signed,Known Publisher,benign
TRUST-N-05817,2026-09-22T04:00:39Z,PATCH-01,known software,trusted_internal,Known Publisher,benign
TRUST-N-07048,2026-09-22T04:00:39Z,HR-WS-08,known software,signed,Known Publisher,benign
TRUST-N-03877,2026-09-22T04:01:36Z,APP-06,known software,signed,Known Publisher,benign
TRUST-N-00106,2026-09-22T04:02:12Z,HR-WS-22,known software,signed,Known Publisher,benign
TRUST-N-07423,2026-09-22T04:03:14Z,DC-01,known software,trusted_internal,Known Publisher,benign
TRUST-N-03015,2026-09-22T04:03:32Z,HR-WS-08,known software,signed,Known Publisher,benign
TRUST-N-04794,2026-09-22T04:04:17Z,HR-WS-22,known software,signed,Known Publisher,benign
TRUST-N-07123,2026-09-22T04:04:40Z,MGMT-01,known software,signed,Known Publisher,benign
TRUST-N-04346,2026-09-22T04:05:12Z,APP-06,known software,trusted_internal,Known Publisher,benign
TRUST-N-06883,2026-09-22T04:06:06Z,FIN-WS-09,known software,signed,Known Publisher,benign
TRUST-N-05922,2026-09-22T04:06:24Z,FIN-WS-09,known software,trusted_internal,Known Publisher,benign
TRUST-N-00533,2026-09-22T04:07:21Z,HR-WS-08,known software,signed,Known Publisher,benign
TRUST-N-03702,2026-09-22T04:07:45Z,MGMT-01,known software,trusted_internal,Known Publisher,benign
TRUST-N-06840,2026-09-22T04:08:50Z,HR-WS-08,known software,signed,Known Publisher,benign
TRUST-N-02486,2026-09-22T04:09:19Z,FIN-WS-09,known software,trusted_internal,Known Publisher,benign
TRUST-N-08486,2026-09-22T04:09:36Z,HR-WS-22,known software,trusted_internal,Known Publisher,benign
TRUST-N-08075,2026-09-22T04:09:38Z,DC-01,known software,trusted_internal,Known Publisher,benign
TRUST-N-09715,2026-09-22T04:09:53Z,FIN-WS-09,known software,trusted_internal,Known Publisher,benign
TRUST-N-00320,2026-09-22T04:10:10Z,ENG-WS-17,known software,trusted_internal,Known Publisher,benign
TRUST-N-09153,2026-09-22T04:10:53Z,HR-WS-08,known software,trusted_internal,Known Publisher,benign
TRUST-N-05536,2026-09-22T04:11:22Z,DC-01,known software,signed,Known Publisher,benign
TRUST-N-06169,2026-09-22T04:13:37Z,ENG-WS-17,known software,signed,Known Publisher,benign
TRUST-N-06616,2026-09-22T04:14:00Z,PATCH-01,known software,trusted_internal,Known Publisher,benign
TRUST-N-01742,2026-09-22T04:14:52Z,APP-06,known software,trusted_internal,Known Publisher,benign
TRUST-N-02373,2026-09-22T04:15:31Z,HR-WS-22,known software,trusted_internal,Known Publisher,benign
TRUST-N-07075,2026-09-22T04:15:48Z,FIN-WS-09,known software,trusted_internal,Known Publisher,benign
TRUST-N-08639,2026-09-22T04:15:49Z,HR-WS-08,known software,trusted_internal,Known Publisher,benign
TRUST-N-02508,2026-09-22T04:16:23Z,HR-WS-08,known software,trusted_internal,Known Publisher,benign
TRUST-N-01869,2026-09-22T04:17:39Z,PATCH-01,known software,signed,Known Publisher,benign
TRUST-N-00842,2026-09-22T04:17:49Z,HR-WS-22,known software,signed,Known Publisher,benign
TRUST-N-03314,2026-09-22T04:20:52Z,MGMT-01,known software,signed,Known Publisher,benign
TRUST-N-05325,2026-09-22T04:21:00Z,HR-WS-22,known software,trusted_internal,Known Publisher,benign
TRUST-N-07299,2026-09-22T04:22:25Z,ENG-WS-17,known software,signed,Known Publisher,benign
TRUST-N-03613,2026-09-22T04:22:27Z,HR-WS-08,known software,signed,Known Publisher,benign
TRUST-N-02584,2026-09-22T04:23:11Z,MGMT-01,known software,signed,Known Publisher,benign
TRUST-N-06134,2026-09-22T04:23:26Z,MGMT-01,known software,trusted_internal,Known Publisher,benign
TRUST-N-08969,2026-09-22T04:23:39Z,HR-WS-08,known software,trusted_internal,Known Publisher,benign
TRUST-N-00604,2026-09-22T04:23:46Z,HR-WS-08,known software,trusted_internal,Known Publisher,benign
TRUST-N-09159,2026-09-22T04:23:52Z,PATCH-01,known software,signed,Known Publisher,benign
TRUST-N-07707,2026-09-22T04:24:26Z,FIN-WS-09,known software,trusted_internal,Known Publisher,benign
TRUST-N-03999,2026-09-22T04:25:06Z,PATCH-01,known software,signed,Known Publisher,benign
TRUST-N-01852,2026-09-22T04:25:35Z,ENG-WS-17,known software,signed,Known Publisher,benign
TRUST-N-03853,2026-09-22T04:26:09Z,ENG-WS-17,known software,trusted_internal,Known Publisher,benign
TRUST-N-03250,2026-09-22T04:26:16Z,ENG-WS-17,known software,signed,Known Publisher,benign
TRUST-N-08840,2026-09-22T04:26:34Z,DC-01,known software,trusted_internal,Known Publisher,benign
TRUST-N-05596,2026-09-22T04:27:58Z,PATCH-01,known software,signed,Known Publisher,benign
TRUST-N-09041,2026-09-22T04:28:51Z,PATCH-01,known software,signed,Known Publisher,benign
TRUST-N-05377,2026-09-22T04:29:50Z,ENG-WS-17,known software,trusted_internal,Known Publisher,benign
TRUST-N-01337,2026-09-22T04:32:10Z,MGMT-01,known software,trusted_internal,Known Publisher,benign
TRUST-N-09733,2026-09-22T04:32:21Z,PATCH-01,known software,trusted_internal,Known Publisher,benign
TRUST-N-08798,2026-09-22T04:34:40Z,FIN-WS-09,known software,trusted_internal,Known Publisher,benign
TRUST-N-08285,2026-09-22T04:34:52Z,FIN-WS-09,known software,signed,Known Publisher,benign
TRUST-N-06471,2026-09-22T04:35:00Z,MGMT-01,known software,trusted_internal,Known Publisher,benign
TRUST-N-03878,2026-09-22T04:38:04Z,FIN-WS-09,known software,trusted_internal,Known Publisher,benign
TRUST-N-00473,2026-09-22T04:39:10Z,HR-WS-22,known software,trusted_internal,Known Publisher,benign
TRUST-N-06365,2026-09-22T04:39:14Z,PATCH-01,known software,signed,Known Publisher,benign
TRUST-N-04125,2026-09-22T04:40:43Z,HR-WS-22,known software,signed,Known Publisher,benign
TRUST-N-02917,2026-09-22T04:40:46Z,APP-06,known software,trusted_internal,Known Publisher,benign
TRUST-N-08930,2026-09-22T04:41:09Z,HR-WS-08,known software,trusted_internal,Known Publisher,benign
TRUST-N-09718,2026-09-22T04:41:23Z,FIN-WS-09,known software,trusted_internal,Known Publisher,benign
TRUST-N-09472,2026-09-22T04:41:50Z,APP-06,known software,signed,Known Publisher,benign
TRUST-N-09835,2026-09-22T04:42:41Z,FIN-WS-09,known software,trusted_internal,Known Publisher,benign
TRUST-N-09993,2026-09-22T04:43:04Z,APP-06,known software,signed,Known Publisher,benign
TRUST-N-06247,2026-09-22T04:43:44Z,APP-06,known software,trusted_internal,Known Publisher,benign
TRUST-N-08091,2026-09-22T04:45:03Z,APP-06,known software,trusted_internal,Known Publisher,benign
TRUST-N-08690,2026-09-22T04:46:09Z,PATCH-01,known software,signed,Known Publisher,benign
TRUST-N-00923,2026-09-22T04:46:23Z,FIN-WS-09,known software,trusted_internal,Known Publisher,benign
TRUST-N-06996,2026-09-22T04:47:30Z,ENG-WS-17,known software,signed,Known Publisher,benign
TRUST-N-06109,2026-09-22T04:47:48Z,FIN-WS-09,known software,signed,Known Publisher,benign
TRUST-N-02078,2026-09-22T04:48:40Z,FIN-WS-09,known software,signed,Known Publisher,benign
TRUST-N-02650,2026-09-22T04:49:12Z,FIN-WS-09,known software,signed,Known Publisher,benign
TRUST-N-09812,2026-09-22T04:49:12Z,APP-06,known software,signed,Known Publisher,benign
TRUST-N-04797,2026-09-22T04:50:27Z,APP-06,known software,trusted_internal,Known Publisher,benign
TRUST-N-00388,2026-09-22T04:51:04Z,DC-01,known software,trusted_internal,Known Publisher,benign
TRUST-N-03308,2026-09-22T04:51:51Z,HR-WS-22,known software,trusted_internal,Known Publisher,benign
TRUST-N-09989,2026-09-22T04:52:00Z,DC-01,known software,signed,Known Publisher,benign
TRUST-N-06583,2026-09-22T04:52:03Z,HR-WS-08,known software,trusted_internal,Known Publisher,benign
TRUST-N-04616,2026-09-22T04:52:49Z,FIN-WS-09,known software,signed,Known Publisher,benign
TRUST-N-07623,2026-09-22T04:53:48Z,ENG-WS-17,known software,signed,Known Publisher,benign
TRUST-N-08309,2026-09-22T04:53:50Z,HR-WS-08,known software,trusted_internal,Known Publisher,benign
TRUST-N-03528,2026-09-22T04:53:58Z,HR-WS-22,known software,trusted_internal,Known Publisher,benign
TRUST-N-04780,2026-09-22T04:54:09Z,DC-01,known software,signed,Known Publisher,benign
TRUST-N-02770,2026-09-22T04:54:36Z,APP-06,known software,trusted_internal,Known Publisher,benign
TRUST-N-09216,2026-09-22T04:56:22Z,HR-WS-22,known software,signed,Known Publisher,benign
TRUST-N-05726,2026-09-22T04:56:29Z,DC-01,known software,trusted_internal,Known Publisher,benign
TRUST-N-06381,2026-09-22T04:56:57Z,HR-WS-22,known software,signed,Known Publisher,benign
TRUST-N-05249,2026-09-22T04:57:30Z,ENG-WS-17,known software,signed,Known Publisher,benign
TRUST-N-04342,2026-09-22T04:57:47Z,ENG-WS-17,known software,signed,Known Publisher,benign
TRUST-N-09653,2026-09-22T04:57:53Z,ENG-WS-17,known software,trusted_internal,Known Publisher,benign
TRUST-N-08098,2026-09-22T04:57:56Z,ENG-WS-17,known software,signed,Known Publisher,benign
TRUST-N-02440,2026-09-22T04:58:16Z,ENG-WS-17,known software,trusted_internal,Known Publisher,benign
TRUST-N-01443,2026-09-22T04:58:26Z,APP-06,known software,signed,Known Publisher,benign
TRUST-N-03187,2026-09-22T04:58:36Z,FIN-WS-09,known software,trusted_internal,Known Publisher,benign
TRUST-N-07426,2026-09-22T05:00:14Z,HR-WS-08,known software,signed,Known Publisher,benign
TRUST-N-06976,2026-09-22T05:00:33Z,MGMT-01,known software,signed,Known Publisher,benign
TRUST-N-03342,2026-09-22T05:00:43Z,FIN-WS-09,known software,signed,Known Publisher,benign
TRUST-N-09475,2026-09-22T05:00:47Z,APP-06,known software,trusted_internal,Known Publisher,benign
TRUST-N-07588,2026-09-22T05:01:23Z,HR-WS-22,known software,signed,Known Publisher,benign
TRUST-N-04324,2026-09-22T05:01:54Z,FIN-WS-09,known software,signed,Known Publisher,benign
TRUST-N-05036,2026-09-22T05:02:04Z,APP-06,known software,trusted_internal,Known Publisher,benign
TRUST-N-07005,2026-09-22T05:02:51Z,HR-WS-08,known software,trusted_internal,Known Publisher,benign
TRUST-N-09833,2026-09-22T05:03:08Z,HR-WS-08,known software,signed,Known Publisher,benign
TRUST-N-05351,2026-09-22T05:03:26Z,HR-WS-08,known software,trusted_internal,Known Publisher,benign
TRUST-N-00102,2026-09-22T05:03:28Z,HR-WS-22,known software,signed,Known Publisher,benign
TRUST-N-00944,2026-09-22T05:03:59Z,HR-WS-08,known software,trusted_internal,Known Publisher,benign
TRUST-N-00871,2026-09-22T05:05:05Z,DC-01,known software,signed,Known Publisher,benign
TRUST-N-00904,2026-09-22T05:05:22Z,HR-WS-08,known software,trusted_internal,Known Publisher,benign
TRUST-N-05401,2026-09-22T05:05:24Z,APP-06,known software,trusted_internal,Known Publisher,benign
TRUST-N-05734,2026-09-22T05:05:58Z,APP-06,known software,trusted_internal,Known Publisher,benign
TRUST-N-01111,2026-09-22T05:06:24Z,FIN-WS-09,known software,signed,Known Publisher,benign
TRUST-N-07891,2026-09-22T05:07:39Z,PATCH-01,known software,signed,Known Publisher,benign
TRUST-N-03540,2026-09-22T05:08:17Z,FIN-WS-09,known software,trusted_internal,Known Publisher,benign
TRUST-N-07921,2026-09-22T05:08:31Z,MGMT-01,known software,trusted_internal,Known Publisher,benign
TRUST-N-05935,2026-09-22T05:08:51Z,ENG-WS-17,known software,trusted_internal,Known Publisher,benign
TRUST-N-09268,2026-09-22T05:09:47Z,FIN-WS-09,known software,signed,Known Publisher,benign
TRUST-N-00570,2026-09-22T05:09:59Z,DC-01,known software,signed,Known Publisher,benign
TRUST-N-00288,2026-09-22T05:11:01Z,PATCH-01,known software,trusted_internal,Known Publisher,benign
TRUST-N-05845,2026-09-22T05:11:01Z,PATCH-01,known software,trusted_internal,Known Publisher,benign
TRUST-N-04011,2026-09-22T05:11:19Z,HR-WS-22,known software,signed,Known Publisher,benign
TRUST-N-04996,2026-09-22T05:11:36Z,MGMT-01,known software,trusted_internal,Known Publisher,benign
TRUST-N-04556,2026-09-22T05:11:58Z,MGMT-01,known software,signed,Known Publisher,benign
TRUST-N-07754,2026-09-22T05:12:06Z,HR-WS-08,known software,signed,Known Publisher,benign
TRUST-N-00691,2026-09-22T05:12:23Z,MGMT-01,known software,signed,Known Publisher,benign
TRUST-N-08882,2026-09-22T05:12:35Z,HR-WS-08,known software,trusted_internal,Known Publisher,benign
TRUST-N-00780,2026-09-22T05:12:52Z,HR-WS-08,known software,signed,Known Publisher,benign
TRUST-N-01226,2026-09-22T05:13:03Z,MGMT-01,known software,trusted_internal,Known Publisher,benign
TRUST-N-04816,2026-09-22T05:13:14Z,DC-01,known software,trusted_internal,Known Publisher,benign
TRUST-N-04586,2026-09-22T05:13:39Z,DC-01,known software,signed,Known Publisher,benign
TRUST-N-07946,2026-09-22T05:15:47Z,MGMT-01,known software,signed,Known Publisher,benign
TRUST-N-05714,2026-09-22T05:16:36Z,APP-06,known software,signed,Known Publisher,benign
TRUST-N-03198,2026-09-22T05:17:17Z,APP-06,known software,trusted_internal,Known Publisher,benign
TRUST-N-06765,2026-09-22T05:17:38Z,DC-01,known software,signed,Known Publisher,benign
TRUST-N-04819,2026-09-22T05:18:05Z,FIN-WS-09,known software,signed,Known Publisher,benign
TRUST-N-09449,2026-09-22T05:18:09Z,FIN-WS-09,known software,signed,Known Publisher,benign
TRUST-N-02877,2026-09-22T05:19:30Z,DC-01,known software,trusted_internal,Known Publisher,benign
TRUST-N-02405,2026-09-22T05:21:17Z,ENG-WS-17,known software,signed,Known Publisher,benign
TRUST-N-09165,2026-09-22T05:21:34Z,DC-01,known software,signed,Known Publisher,benign
TRUST-N-06742,2026-09-22T05:22:28Z,ENG-WS-17,known software,trusted_internal,Known Publisher,benign
TRUST-N-08172,2026-09-22T05:22:56Z,MGMT-01,known software,trusted_internal,Known Publisher,benign
TRUST-N-08711,2026-09-22T05:23:36Z,DC-01,known software,signed,Known Publisher,benign
TRUST-N-09020,2026-09-22T05:24:40Z,HR-WS-08,known software,signed,Known Publisher,benign
TRUST-N-02971,2026-09-22T05:24:51Z,PATCH-01,known software,signed,Known Publisher,benign
TRUST-N-01824,2026-09-22T05:24:52Z,PATCH-01,known software,signed,Known Publisher,benign
TRUST-N-07862,2026-09-22T05:25:31Z,PATCH-01,known software,trusted_internal,Known Publisher,benign
TRUST-N-04505,2026-09-22T05:25:33Z,ENG-WS-17,known software,trusted_internal,Known Publisher,benign
TRUST-N-06730,2026-09-22T05:26:13Z,APP-06,known software,signed,Known Publisher,benign
TRUST-N-03854,2026-09-22T05:26:49Z,PATCH-01,known software,signed,Known Publisher,benign
TRUST-N-01695,2026-09-22T05:26:55Z,HR-WS-22,known software,trusted_internal,Known Publisher,benign
TRUST-N-06463,2026-09-22T05:26:57Z,APP-06,known software,signed,Known Publisher,benign
TRUST-N-08763,2026-09-22T05:27:48Z,FIN-WS-09,known software,trusted_internal,Known Publisher,benign
TRUST-N-02858,2026-09-22T05:28:21Z,FIN-WS-09,known software,signed,Known Publisher,benign
TRUST-N-06456,2026-09-22T05:28:56Z,HR-WS-08,known software,trusted_internal,Known Publisher,benign
TRUST-N-07276,2026-09-22T05:29:04Z,ENG-WS-17,known software,trusted_internal,Known Publisher,benign
TRUST-N-04438,2026-09-22T05:29:35Z,HR-WS-08,known software,trusted_internal,Known Publisher,benign
TRUST-N-02272,2026-09-22T05:29:54Z,HR-WS-22,known software,trusted_internal,Known Publisher,benign
TRUST-N-08921,2026-09-22T05:31:14Z,PATCH-01,known software,trusted_internal,Known Publisher,benign
TRUST-N-05934,2026-09-22T05:31:39Z,HR-WS-08,known software,signed,Known Publisher,benign
TRUST-N-05218,2026-09-22T05:32:12Z,FIN-WS-09,known software,signed,Known Publisher,benign
TRUST-N-03199,2026-09-22T05:32:28Z,MGMT-01,known software,trusted_internal,Known Publisher,benign
TRUST-N-03868,2026-09-22T05:33:55Z,DC-01,known software,signed,Known Publisher,benign
TRUST-N-05676,2026-09-22T05:34:11Z,HR-WS-08,known software,signed,Known Publisher,benign
TRUST-N-03725,2026-09-22T05:34:15Z,ENG-WS-17,known software,trusted_internal,Known Publisher,benign
TRUST-N-04000,2026-09-22T05:34:37Z,DC-01,known software,trusted_internal,Known Publisher,benign
TRUST-N-00080,2026-09-22T05:34:50Z,MGMT-01,known software,signed,Known Publisher,benign
TRUST-N-02515,2026-09-22T05:35:20Z,HR-WS-08,known software,signed,Known Publisher,benign
TRUST-N-08707,2026-09-22T05:36:23Z,APP-06,known software,trusted_internal,Known Publisher,benign
TRUST-N-09842,2026-09-22T05:36:59Z,APP-06,known software,trusted_internal,Known Publisher,benign
TRUST-N-05114,2026-09-22T05:39:22Z,ENG-WS-17,known software,signed,Known Publisher,benign
TRUST-N-05365,2026-09-22T05:40:16Z,FIN-WS-09,known software,signed,Known Publisher,benign
TRUST-N-03789,2026-09-22T05:40:57Z,FIN-WS-09,known software,trusted_internal,Known Publisher,benign
TRUST-N-08595,2026-09-22T05:41:27Z,PATCH-01,known software,trusted_internal,Known Publisher,benign
TRUST-N-05775,2026-09-22T05:41:33Z,PATCH-01,known software,trusted_internal,Known Publisher,benign
TRUST-N-08203,2026-09-22T05:42:02Z,MGMT-01,known software,trusted_internal,Known Publisher,benign
TRUST-N-01024,2026-09-22T05:42:14Z,FIN-WS-09,known software,signed,Known Publisher,benign
TRUST-N-02407,2026-09-22T05:43:01Z,HR-WS-08,known software,trusted_internal,Known Publisher,benign
TRUST-N-07025,2026-09-22T05:43:10Z,APP-06,known software,trusted_internal,Known Publisher,benign
TRUST-N-04227,2026-09-22T05:43:30Z,MGMT-01,known software,trusted_internal,Known Publisher,benign
TRUST-N-04810,2026-09-22T05:44:32Z,FIN-WS-09,known software,trusted_internal,Known Publisher,benign
TRUST-N-03418,2026-09-22T05:45:05Z,HR-WS-08,known software,signed,Known Publisher,benign
TRUST-N-05703,2026-09-22T05:46:25Z,HR-WS-22,known software,trusted_internal,Known Publisher,benign
TRUST-N-02092,2026-09-22T05:46:39Z,FIN-WS-09,known software,trusted_internal,Known Publisher,benign
TRUST-N-04153,2026-09-22T05:46:50Z,FIN-WS-09,known software,trusted_internal,Known Publisher,benign
TRUST-N-02559,2026-09-22T05:47:03Z,PATCH-01,known software,signed,Known Publisher,benign
TRUST-N-03243,2026-09-22T05:47:35Z,DC-01,known software,trusted_internal,Known Publisher,benign
TRUST-N-04736,2026-09-22T05:47:58Z,MGMT-01,known software,signed,Known Publisher,benign
TRUST-N-08677,2026-09-22T05:49:03Z,APP-06,known software,signed,Known Publisher,benign
TRUST-N-07849,2026-09-22T05:50:13Z,APP-06,known software,trusted_internal,Known Publisher,benign
TRUST-N-06090,2026-09-22T05:51:05Z,HR-WS-08,known software,signed,Known Publisher,benign
TRUST-N-08561,2026-09-22T05:51:13Z,DC-01,known software,signed,Known Publisher,benign
TRUST-N-05464,2026-09-22T05:51:37Z,PATCH-01,known software,signed,Known Publisher,benign
TRUST-N-02161,2026-09-22T05:52:41Z,MGMT-01,known software,trusted_internal,Known Publisher,benign
TRUST-N-08842,2026-09-22T05:52:45Z,MGMT-01,known software,trusted_internal,Known Publisher,benign
TRUST-N-03260,2026-09-22T05:53:16Z,DC-01,known software,trusted_internal,Known Publisher,benign
TRUST-N-08383,2026-09-22T05:54:22Z,APP-06,known software,trusted_internal,Known Publisher,benign
TRUST-N-03609,2026-09-22T05:54:52Z,APP-06,known software,trusted_internal,Known Publisher,benign
TRUST-N-03012,2026-09-22T05:56:32Z,ENG-WS-17,known software,trusted_internal,Known Publisher,benign
TRUST-N-04017,2026-09-22T05:56:35Z,ENG-WS-17,known software,trusted_internal,Known Publisher,benign
TRUST-N-08581,2026-09-22T05:56:35Z,HR-WS-08,known software,signed,Known Publisher,benign
TRUST-N-06998,2026-09-22T05:56:41Z,MGMT-01,known software,signed,Known Publisher,benign
TRUST-N-00008,2026-09-22T05:57:11Z,ENG-WS-17,known software,signed,Known Publisher,benign
TRUST-N-06472,2026-09-22T05:58:07Z,APP-06,known software,trusted_internal,Known Publisher,benign
TRUST-N-07495,2026-09-22T05:58:12Z,MGMT-01,known software,signed,Known Publisher,benign
TRUST-N-07614,2026-09-22T05:58:19Z,MGMT-01,known software,trusted_internal,Known Publisher,benign
TRUST-N-06962,2026-09-22T05:59:08Z,HR-WS-22,known software,trusted_internal,Known Publisher,benign
TRUST-N-01362,2026-09-22T06:00:07Z,DC-01,known software,trusted_internal,Known Publisher,benign
TRUST-N-09961,2026-09-22T06:00:25Z,HR-WS-22,known software,signed,Known Publisher,benign
TRUST-N-02013,2026-09-22T06:01:53Z,FIN-WS-09,known software,trusted_internal,Known Publisher,benign
TRUST-N-03065,2026-09-22T06:03:04Z,MGMT-01,known software,signed,Known Publisher,benign
TRUST-N-03412,2026-09-22T06:03:08Z,ENG-WS-17,known software,trusted_internal,Known Publisher,benign
TRUST-N-01788,2026-09-22T06:03:39Z,FIN-WS-09,known software,signed,Known Publisher,benign
TRUST-N-07910,2026-09-22T06:04:16Z,MGMT-01,known software,trusted_internal,Known Publisher,benign
TRUST-N-01882,2026-09-22T06:04:37Z,PATCH-01,known software,signed,Known Publisher,benign
TRUST-N-00903,2026-09-22T06:04:58Z,HR-WS-08,known software,signed,Known Publisher,benign
TRUST-N-05209,2026-09-22T06:06:02Z,MGMT-01,known software,trusted_internal,Known Publisher,benign
TRUST-N-02298,2026-09-22T06:06:29Z,ENG-WS-17,known software,signed,Known Publisher,benign
TRUST-N-05617,2026-09-22T06:07:02Z,DC-01,known software,signed,Known Publisher,benign
TRUST-N-03547,2026-09-22T06:07:28Z,PATCH-01,known software,signed,Known Publisher,benign
TRUST-N-04257,2026-09-22T06:10:17Z,ENG-WS-17,known software,trusted_internal,Known Publisher,benign
TRUST-N-06510,2026-09-22T06:10:26Z,FIN-WS-09,known software,signed,Known Publisher,benign
TRUST-N-05004,2026-09-22T06:10:34Z,HR-WS-08,known software,trusted_internal,Known Publisher,benign
TRUST-N-03212,2026-09-22T06:11:19Z,MGMT-01,known software,trusted_internal,Known Publisher,benign
TRUST-N-09219,2026-09-22T06:12:01Z,FIN-WS-09,known software,signed,Known Publisher,benign
TRUST-N-01937,2026-09-22T06:12:04Z,FIN-WS-09,known software,signed,Known Publisher,benign
TRUST-N-03910,2026-09-22T06:12:05Z,HR-WS-08,known software,trusted_internal,Known Publisher,benign
TRUST-N-07383,2026-09-22T06:12:15Z,APP-06,known software,signed,Known Publisher,benign
TRUST-N-03978,2026-09-22T06:12:33Z,DC-01,known software,signed,Known Publisher,benign
TRUST-N-02578,2026-09-22T06:13:13Z,DC-01,known software,trusted_internal,Known Publisher,benign
TRUST-N-06188,2026-09-22T06:15:22Z,MGMT-01,known software,trusted_internal,Known Publisher,benign
TRUST-N-03054,2026-09-22T06:16:15Z,DC-01,known software,trusted_internal,Known Publisher,benign
TRUST-N-02112,2026-09-22T06:16:27Z,DC-01,known software,trusted_internal,Known Publisher,benign
TRUST-N-04476,2026-09-22T06:16:56Z,ENG-WS-17,known software,trusted_internal,Known Publisher,benign
TRUST-N-02924,2026-09-22T06:17:04Z,PATCH-01,known software,signed,Known Publisher,benign
TRUST-N-03997,2026-09-22T06:17:26Z,HR-WS-08,known software,signed,Known Publisher,benign
TRUST-N-09265,2026-09-22T06:18:04Z,FIN-WS-09,known software,trusted_internal,Known Publisher,benign
TRUST-N-09693,2026-09-22T06:18:52Z,DC-01,known software,signed,Known Publisher,benign
TRUST-N-09025,2026-09-22T06:19:00Z,MGMT-01,known software,signed,Known Publisher,benign
TRUST-N-00254,2026-09-22T06:19:32Z,PATCH-01,known software,trusted_internal,Known Publisher,benign
TRUST-N-01606,2026-09-22T06:19:41Z,PATCH-01,known software,signed,Known Publisher,benign
TRUST-N-02321,2026-09-22T06:19:46Z,HR-WS-22,known software,signed,Known Publisher,benign
TRUST-N-05299,2026-09-22T06:19:54Z,APP-06,known software,trusted_internal,Known Publisher,benign
TRUST-N-00215,2026-09-22T06:19:55Z,HR-WS-22,known software,trusted_internal,Known Publisher,benign
TRUST-N-09625,2026-09-22T06:20:00Z,APP-06,known software,trusted_internal,Known Publisher,benign
TRUST-N-07986,2026-09-22T06:20:29Z,ENG-WS-17,known software,signed,Known Publisher,benign
TRUST-N-07058,2026-09-22T06:20:34Z,APP-06,known software,trusted_internal,Known Publisher,benign
TRUST-N-02335,2026-09-22T06:21:22Z,APP-06,known software,trusted_internal,Known Publisher,benign
TRUST-N-09237,2026-09-22T06:21:55Z,ENG-WS-17,known software,trusted_internal,Known Publisher,benign
TRUST-N-06562,2026-09-22T06:22:04Z,HR-WS-22,known software,signed,Known Publisher,benign
TRUST-N-06804,2026-09-22T06:22:06Z,DC-01,known software,trusted_internal,Known Publisher,benign
TRUST-N-07107,2026-09-22T06:22:53Z,HR-WS-08,known software,signed,Known Publisher,benign
TRUST-N-08825,2026-09-22T06:23:29Z,MGMT-01,known software,trusted_internal,Known Publisher,benign
TRUST-N-01971,2026-09-22T06:23:38Z,PATCH-01,known software,trusted_internal,Known Publisher,benign
TRUST-N-03683,2026-09-22T06:24:36Z,ENG-WS-17,known software,signed,Known Publisher,benign
TRUST-N-05337,2026-09-22T06:24:53Z,ENG-WS-17,known software,trusted_internal,Known Publisher,benign
TRUST-N-09392,2026-09-22T06:25:54Z,DC-01,known software,signed,Known Publisher,benign
TRUST-N-05675,2026-09-22T06:26:38Z,FIN-WS-09,known software,trusted_internal,Known Publisher,benign
TRUST-N-03947,2026-09-22T06:26:49Z,PATCH-01,known software,trusted_internal,Known Publisher,benign
TRUST-N-02185,2026-09-22T06:27:23Z,ENG-WS-17,known software,signed,Known Publisher,benign
TRUST-N-04629,2026-09-22T06:27:57Z,APP-06,known software,trusted_internal,Known Publisher,benign
TRUST-N-06862,2026-09-22T06:28:35Z,FIN-WS-09,known software,signed,Known Publisher,benign
TRUST-N-06737,2026-09-22T06:29:13Z,FIN-WS-09,known software,signed,Known Publisher,benign
TRUST-N-05149,2026-09-22T06:29:39Z,ENG-WS-17,known software,signed,Known Publisher,benign
TRUST-N-03457,2026-09-22T06:30:32Z,HR-WS-22,known software,signed,Known Publisher,benign
TRUST-N-07617,2026-09-22T06:30:46Z,APP-06,known software,trusted_internal,Known Publisher,benign
TRUST-N-01290,2026-09-22T06:31:00Z,DC-01,known software,trusted_internal,Known Publisher,benign
TRUST-N-06882,2026-09-22T06:31:11Z,FIN-WS-09,known software,signed,Known Publisher,benign
TRUST-N-03278,2026-09-22T06:31:15Z,HR-WS-08,known software,signed,Known Publisher,benign
TRUST-N-06071,2026-09-22T06:31:54Z,PATCH-01,known software,signed,Known Publisher,benign
TRUST-N-02805,2026-09-22T06:33:31Z,HR-WS-08,known software,signed,Known Publisher,benign
TRUST-N-00979,2026-09-22T06:34:15Z,FIN-WS-09,known software,signed,Known Publisher,benign
TRUST-N-07389,2026-09-22T06:34:20Z,MGMT-01,known software,signed,Known Publisher,benign
TRUST-N-02372,2026-09-22T06:34:59Z,HR-WS-08,known software,trusted_internal,Known Publisher,benign
TRUST-N-03716,2026-09-22T06:35:52Z,HR-WS-08,known software,trusted_internal,Known Publisher,benign
TRUST-N-09336,2026-09-22T06:36:11Z,HR-WS-08,known software,trusted_internal,Known Publisher,benign
TRUST-N-03812,2026-09-22T06:36:13Z,FIN-WS-09,known software,trusted_internal,Known Publisher,benign
TRUST-N-08427,2026-09-22T06:37:00Z,DC-01,known software,signed,Known Publisher,benign
TRUST-N-04031,2026-09-22T06:37:48Z,ENG-WS-17,known software,trusted_internal,Known Publisher,benign
TRUST-N-05123,2026-09-22T06:38:00Z,DC-01,known software,trusted_internal,Known Publisher,benign
TRUST-N-07656,2026-09-22T06:39:30Z,HR-WS-22,known software,trusted_internal,Known Publisher,benign
TRUST-N-04090,2026-09-22T06:40:19Z,PATCH-01,known software,trusted_internal,Known Publisher,benign
TRUST-N-09978,2026-09-22T06:40:54Z,HR-WS-22,known software,signed,Known Publisher,benign
TRUST-N-01283,2026-09-22T06:40:55Z,PATCH-01,known software,trusted_internal,Known Publisher,benign
TRUST-N-04044,2026-09-22T06:41:45Z,FIN-WS-09,known software,signed,Known Publisher,benign
TRUST-N-09655,2026-09-22T06:42:05Z,ENG-WS-17,known software,signed,Known Publisher,benign
TRUST-N-05288,2026-09-22T06:42:22Z,HR-WS-08,known software,signed,Known Publisher,benign
TRUST-N-06756,2026-09-22T06:42:43Z,HR-WS-08,known software,signed,Known Publisher,benign
TRUST-N-09983,2026-09-22T06:43:14Z,HR-WS-22,known software,signed,Known Publisher,benign
TRUST-N-03964,2026-09-22T06:43:31Z,MGMT-01,known software,trusted_internal,Known Publisher,benign
TRUST-N-09793,2026-09-22T06:43:49Z,ENG-WS-17,known software,trusted_internal,Known Publisher,benign
TRUST-N-00140,2026-09-22T06:44:18Z,MGMT-01,known software,signed,Known Publisher,benign
TRUST-N-09626,2026-09-22T06:44:21Z,FIN-WS-09,known software,trusted_internal,Known Publisher,benign
TRUST-N-04849,2026-09-22T06:45:15Z,PATCH-01,known software,signed,Known Publisher,benign
TRUST-N-00336,2026-09-22T06:45:29Z,ENG-WS-17,known software,signed,Known Publisher,benign
TRUST-N-07607,2026-09-22T06:45:42Z,FIN-WS-09,known software,signed,Known Publisher,benign
TRUST-N-02932,2026-09-22T06:46:05Z,ENG-WS-17,known software,signed,Known Publisher,benign
TRUST-N-03677,2026-09-22T06:46:14Z,HR-WS-08,known software,signed,Known Publisher,benign
TRUST-N-05669,2026-09-22T06:46:39Z,HR-WS-08,known software,signed,Known Publisher,benign
TRUST-N-03267,2026-09-22T06:47:00Z,HR-WS-08,known software,signed,Known Publisher,benign
TRUST-N-07604,2026-09-22T06:47:28Z,ENG-WS-17,known software,trusted_internal,Known Publisher,benign
TRUST-N-07628,2026-09-22T06:47:34Z,HR-WS-22,known software,signed,Known Publisher,benign
TRUST-N-05001,2026-09-22T06:47:52Z,HR-WS-08,known software,signed,Known Publisher,benign
TRUST-N-02677,2026-09-22T06:48:43Z,DC-01,known software,trusted_internal,Known Publisher,benign
TRUST-N-01448,2026-09-22T06:49:00Z,HR-WS-22,known software,trusted_internal,Known Publisher,benign
TRUST-N-04020,2026-09-22T06:50:13Z,ENG-WS-17,known software,trusted_internal,Known Publisher,benign
TRUST-N-08627,2026-09-22T06:50:26Z,HR-WS-22,known software,signed,Known Publisher,benign
TRUST-N-09029,2026-09-22T06:51:22Z,APP-06,known software,signed,Known Publisher,benign
TRUST-N-00699,2026-09-22T06:52:02Z,HR-WS-08,known software,signed,Known Publisher,benign
TRUST-N-02051,2026-09-22T06:52:24Z,PATCH-01,known software,signed,Known Publisher,benign
TRUST-N-01435,2026-09-22T06:53:35Z,HR-WS-08,known software,trusted_internal,Known Publisher,benign
TRUST-N-07559,2026-09-22T06:54:11Z,HR-WS-08,known software,signed,Known Publisher,benign
TRUST-N-04728,2026-09-22T06:54:54Z,APP-06,known software,signed,Known Publisher,benign
TRUST-N-09350,2026-09-22T06:55:59Z,DC-01,known software,trusted_internal,Known Publisher,benign
TRUST-N-07281,2026-09-22T06:56:27Z,FIN-WS-09,known software,trusted_internal,Known Publisher,benign
TRUST-N-02485,2026-09-22T06:56:30Z,MGMT-01,known software,signed,Known Publisher,benign
TRUST-N-01928,2026-09-22T06:57:04Z,ENG-WS-17,known software,trusted_internal,Known Publisher,benign
TRUST-N-08993,2026-09-22T06:57:13Z,PATCH-01,known software,signed,Known Publisher,benign
TRUST-N-00462,2026-09-22T06:57:17Z,MGMT-01,known software,trusted_internal,Known Publisher,benign
TRUST-N-08404,2026-09-22T06:57:18Z,MGMT-01,known software,signed,Known Publisher,benign
TRUST-N-08964,2026-09-22T06:57:37Z,PATCH-01,known software,trusted_internal,Known Publisher,benign
TRUST-N-09640,2026-09-22T06:57:49Z,DC-01,known software,trusted_internal,Known Publisher,benign
TRUST-N-04043,2026-09-22T06:58:44Z,APP-06,known software,trusted_internal,Known Publisher,benign
TRUST-N-04250,2026-09-22T06:58:56Z,APP-06,known software,trusted_internal,Known Publisher,benign
TRUST-N-06409,2026-09-22T06:59:48Z,ENG-WS-17,known software,trusted_internal,Known Publisher,benign
TRUST-N-04512,2026-09-22T07:01:06Z,FIN-WS-09,known software,signed,Known Publisher,benign
TRUST-N-04269,2026-09-22T07:01:11Z,HR-WS-22,known software,signed,Known Publisher,benign
TRUST-N-03696,2026-09-22T07:02:25Z,PATCH-01,known software,trusted_internal,Known Publisher,benign
TRUST-N-01701,2026-09-22T07:02:29Z,DC-01,known software,trusted_internal,Known Publisher,benign
TRUST-N-07023,2026-09-22T07:04:59Z,ENG-WS-17,known software,trusted_internal,Known Publisher,benign
TRUST-N-04091,2026-09-22T07:07:09Z,MGMT-01,known software,trusted_internal,Known Publisher,benign
TRUST-N-09395,2026-09-22T07:09:20Z,MGMT-01,known software,trusted_internal,Known Publisher,benign
TRUST-N-01752,2026-09-22T07:09:41Z,PATCH-01,known software,signed,Known Publisher,benign
TRUST-N-01717,2026-09-22T07:10:40Z,APP-06,known software,trusted_internal,Known Publisher,benign
TRUST-N-06991,2026-09-22T07:10:44Z,HR-WS-08,known software,trusted_internal,Known Publisher,benign
TRUST-N-08605,2026-09-22T07:12:44Z,ENG-WS-17,known software,trusted_internal,Known Publisher,benign
TRUST-N-02201,2026-09-22T07:13:06Z,ENG-WS-17,known software,trusted_internal,Known Publisher,benign
TRUST-N-01070,2026-09-22T07:13:08Z,DC-01,known software,trusted_internal,Known Publisher,benign
TRUST-N-03774,2026-09-22T07:13:18Z,HR-WS-22,known software,trusted_internal,Known Publisher,benign
TRUST-N-02690,2026-09-22T07:13:20Z,PATCH-01,known software,signed,Known Publisher,benign
TRUST-N-07195,2026-09-22T07:13:27Z,FIN-WS-09,known software,trusted_internal,Known Publisher,benign
TRUST-N-05453,2026-09-22T07:13:58Z,PATCH-01,known software,trusted_internal,Known Publisher,benign
TRUST-N-00878,2026-09-22T07:15:02Z,APP-06,known software,signed,Known Publisher,benign
TRUST-N-09010,2026-09-22T07:15:15Z,ENG-WS-17,known software,signed,Known Publisher,benign
TRUST-N-06549,2026-09-22T07:17:33Z,PATCH-01,known software,trusted_internal,Known Publisher,benign
TRUST-N-03083,2026-09-22T07:17:38Z,APP-06,known software,trusted_internal,Known Publisher,benign
TRUST-N-08471,2026-09-22T07:17:44Z,HR-WS-08,known software,signed,Known Publisher,benign
TRUST-N-00096,2026-09-22T07:17:59Z,FIN-WS-09,known software,signed,Known Publisher,benign
TRUST-N-00352,2026-09-22T07:18:29Z,HR-WS-22,known software,trusted_internal,Known Publisher,benign
TRUST-N-03514,2026-09-22T07:20:10Z,HR-WS-08,known software,signed,Known Publisher,benign
TRUST-N-07638,2026-09-22T07:20:18Z,PATCH-01,known software,trusted_internal,Known Publisher,benign
TRUST-N-09544,2026-09-22T07:23:05Z,HR-WS-22,known software,signed,Known Publisher,benign
TRUST-N-06858,2026-09-22T07:23:49Z,APP-06,known software,signed,Known Publisher,benign
TRUST-N-02611,2026-09-22T07:23:54Z,MGMT-01,known software,signed,Known Publisher,benign
TRUST-N-03803,2026-09-22T07:24:00Z,PATCH-01,known software,trusted_internal,Known Publisher,benign
TRUST-N-06582,2026-09-22T07:24:02Z,ENG-WS-17,known software,trusted_internal,Known Publisher,benign
TRUST-N-06533,2026-09-22T07:25:27Z,FIN-WS-09,known software,signed,Known Publisher,benign
TRUST-N-07957,2026-09-22T07:25:40Z,MGMT-01,known software,signed,Known Publisher,benign
TRUST-N-08395,2026-09-22T07:25:55Z,APP-06,known software,signed,Known Publisher,benign
TRUST-N-00924,2026-09-22T07:26:10Z,HR-WS-22,known software,signed,Known Publisher,benign
TRUST-N-02661,2026-09-22T07:26:28Z,MGMT-01,known software,trusted_internal,Known Publisher,benign
TRUST-N-04071,2026-09-22T07:27:56Z,APP-06,known software,trusted_internal,Known Publisher,benign
TRUST-N-07328,2026-09-22T07:28:07Z,DC-01,known software,signed,Known Publisher,benign
TRUST-N-08171,2026-09-22T07:28:08Z,MGMT-01,known software,trusted_internal,Known Publisher,benign
TRUST-N-03561,2026-09-22T07:29:35Z,HR-WS-08,known software,signed,Known Publisher,benign
TRUST-N-00065,2026-09-22T07:29:39Z,PATCH-01,known software,trusted_internal,Known Publisher,benign
TRUST-N-03200,2026-09-22T07:31:16Z,ENG-WS-17,known software,trusted_internal,Known Publisher,benign
TRUST-N-01767,2026-09-22T07:31:20Z,APP-06,known software,trusted_internal,Known Publisher,benign
TRUST-N-02760,2026-09-22T07:32:49Z,ENG-WS-17,known software,trusted_internal,Known Publisher,benign
TRUST-N-08328,2026-09-22T07:32:58Z,APP-06,known software,signed,Known Publisher,benign
TRUST-N-00683,2026-09-22T07:33:14Z,APP-06,known software,signed,Known Publisher,benign
TRUST-N-00025,2026-09-22T07:33:19Z,PATCH-01,known software,signed,Known Publisher,benign
TRUST-N-01145,2026-09-22T07:33:24Z,MGMT-01,known software,trusted_internal,Known Publisher,benign
TRUST-N-06408,2026-09-22T07:33:48Z,ENG-WS-17,known software,trusted_internal,Known Publisher,benign
TRUST-N-01021,2026-09-22T07:34:26Z,FIN-WS-09,known software,signed,Known Publisher,benign
TRUST-N-08485,2026-09-22T07:37:08Z,APP-06,known software,signed,Known Publisher,benign
TRUST-N-00076,2026-09-22T07:38:13Z,HR-WS-08,known software,signed,Known Publisher,benign
TRUST-N-00679,2026-09-22T07:38:48Z,ENG-WS-17,known software,trusted_internal,Known Publisher,benign
TRUST-N-00397,2026-09-22T07:40:10Z,DC-01,known software,signed,Known Publisher,benign
TRUST-N-05970,2026-09-22T07:40:11Z,HR-WS-22,known software,signed,Known Publisher,benign
TRUST-N-04492,2026-09-22T07:40:14Z,ENG-WS-17,known software,signed,Known Publisher,benign
TRUST-N-06294,2026-09-22T07:40:53Z,MGMT-01,known software,signed,Known Publisher,benign
TRUST-N-04867,2026-09-22T07:42:47Z,DC-01,known software,trusted_internal,Known Publisher,benign
TRUST-N-06346,2026-09-22T07:44:06Z,APP-06,known software,trusted_internal,Known Publisher,benign
TRUST-N-03968,2026-09-22T07:45:26Z,DC-01,known software,trusted_internal,Known Publisher,benign
TRUST-N-09155,2026-09-22T07:45:31Z,DC-01,known software,signed,Known Publisher,benign
TRUST-N-05944,2026-09-22T07:46:14Z,PATCH-01,known software,signed,Known Publisher,benign
TRUST-N-05974,2026-09-22T07:46:47Z,FIN-WS-09,known software,trusted_internal,Known Publisher,benign
TRUST-N-07669,2026-09-22T07:47:07Z,HR-WS-22,known software,trusted_internal,Known Publisher,benign
TRUST-N-05480,2026-09-22T07:49:38Z,DC-01,known software,trusted_internal,Known Publisher,benign
TRUST-N-07040,2026-09-22T07:51:42Z,PATCH-01,known software,trusted_internal,Known Publisher,benign
TRUST-N-07818,2026-09-22T07:51:52Z,HR-WS-22,known software,signed,Known Publisher,benign
TRUST-N-03568,2026-09-22T07:52:26Z,MGMT-01,known software,trusted_internal,Known Publisher,benign
TRUST-N-00801,2026-09-22T07:52:40Z,APP-06,known software,signed,Known Publisher,benign
TRUST-N-09930,2026-09-22T07:54:01Z,APP-06,known software,trusted_internal,Known Publisher,benign
TRUST-N-08216,2026-09-22T07:55:15Z,MGMT-01,known software,signed,Known Publisher,benign
TRUST-N-01870,2026-09-22T07:56:43Z,DC-01,known software,trusted_internal,Known Publisher,benign
TRUST-N-01095,2026-09-22T07:57:42Z,HR-WS-08,known software,signed,Known Publisher,benign
TRUST-N-00716,2026-09-22T07:57:53Z,HR-WS-22,known software,trusted_internal,Known Publisher,benign
TRUST-N-09663,2026-09-22T08:00:13Z,ENG-WS-17,known software,signed,Known Publisher,benign
TRUST-N-04485,2026-09-22T08:00:39Z,MGMT-01,known software,trusted_internal,Known Publisher,benign
TRUST-N-06234,2026-09-22T08:00:45Z,HR-WS-22,known software,signed,Known Publisher,benign
TRUST-N-06599,2026-09-22T08:01:16Z,HR-WS-08,known software,signed,Known Publisher,benign
TRUST-N-09622,2026-09-22T08:02:56Z,PATCH-01,known software,trusted_internal,Known Publisher,benign
TRUST-N-04259,2026-09-22T08:03:58Z,ENG-WS-17,known software,signed,Known Publisher,benign
TRUST-N-01950,2026-09-22T08:04:22Z,HR-WS-08,known software,trusted_internal,Known Publisher,benign
TRUST-N-00187,2026-09-22T08:04:45Z,HR-WS-22,known software,signed,Known Publisher,benign
TRUST-N-09354,2026-09-22T08:04:55Z,APP-06,known software,signed,Known Publisher,benign
TRUST-N-04561,2026-09-22T08:04:57Z,HR-WS-08,known software,signed,Known Publisher,benign
TRUST-N-01498,2026-09-22T08:05:41Z,PATCH-01,known software,trusted_internal,Known Publisher,benign
TRUST-N-06457,2026-09-22T08:05:52Z,HR-WS-22,known software,signed,Known Publisher,benign
TRUST-N-01850,2026-09-22T08:07:09Z,HR-WS-08,known software,trusted_internal,Known Publisher,benign
TRUST-N-04355,2026-09-22T08:07:17Z,APP-06,known software,signed,Known Publisher,benign
TRUST-N-04441,2026-09-22T08:07:57Z,PATCH-01,known software,signed,Known Publisher,benign
TRUST-N-04903,2026-09-22T08:07:57Z,HR-WS-22,known software,signed,Known Publisher,benign
TRUST-N-05577,2026-09-22T08:08:31Z,FIN-WS-09,known software,signed,Known Publisher,benign
TRUST-N-08726,2026-09-22T08:10:05Z,HR-WS-22,known software,signed,Known Publisher,benign
TRUST-N-09341,2026-09-22T08:10:25Z,DC-01,known software,signed,Known Publisher,benign
TRUST-N-00057,2026-09-22T08:11:13Z,HR-WS-08,known software,trusted_internal,Known Publisher,benign
TRUST-N-02028,2026-09-22T08:11:19Z,ENG-WS-17,known software,trusted_internal,Known Publisher,benign
TRUST-N-09130,2026-09-22T08:12:31Z,FIN-WS-09,known software,trusted_internal,Known Publisher,benign
TRUST-N-06952,2026-09-22T08:12:34Z,FIN-WS-09,known software,trusted_internal,Known Publisher,benign
TRUST-N-00581,2026-09-22T08:13:13Z,FIN-WS-09,known software,trusted_internal,Known Publisher,benign
TRUST-N-04857,2026-09-22T08:13:45Z,ENG-WS-17,known software,signed,Known Publisher,benign
TRUST-N-05564,2026-09-22T08:14:18Z,ENG-WS-17,known software,trusted_internal,Known Publisher,benign
TRUST-N-03043,2026-09-22T08:14:26Z,HR-WS-08,known software,signed,Known Publisher,benign
TRUST-N-03595,2026-09-22T08:14:36Z,PATCH-01,known software,trusted_internal,Known Publisher,benign
TRUST-N-04058,2026-09-22T08:14:37Z,HR-WS-08,known software,trusted_internal,Known Publisher,benign
TRUST-N-04097,2026-09-22T08:15:26Z,FIN-WS-09,known software,signed,Known Publisher,benign
TRUST-N-08040,2026-09-22T08:16:11Z,APP-06,known software,signed,Known Publisher,benign
TRUST-N-09739,2026-09-22T08:16:12Z,DC-01,known software,signed,Known Publisher,benign
TRUST-N-01993,2026-09-22T08:16:41Z,HR-WS-22,known software,signed,Known Publisher,benign
TRUST-N-03135,2026-09-22T08:17:53Z,DC-01,known software,trusted_internal,Known Publisher,benign
TRUST-N-09344,2026-09-22T08:17:59Z,HR-WS-08,known software,signed,Known Publisher,benign
TRUST-N-04015,2026-09-22T08:20:01Z,HR-WS-22,known software,signed,Known Publisher,benign
TRUST-N-08877,2026-09-22T08:20:56Z,HR-WS-22,known software,signed,Known Publisher,benign
TRUST-N-01727,2026-09-22T08:22:08Z,MGMT-01,known software,signed,Known Publisher,benign
TRUST-N-04529,2026-09-22T08:22:15Z,DC-01,known software,trusted_internal,Known Publisher,benign
TRUST-N-09559,2026-09-22T08:22:50Z,HR-WS-08,known software,trusted_internal,Known Publisher,benign
TRUST-N-06499,2026-09-22T08:23:03Z,DC-01,known software,signed,Known Publisher,benign
TRUST-N-05079,2026-09-22T08:23:05Z,HR-WS-08,known software,signed,Known Publisher,benign
TRUST-N-02082,2026-09-22T08:23:34Z,HR-WS-22,known software,signed,Known Publisher,benign
TRUST-N-05352,2026-09-22T08:23:54Z,ENG-WS-17,known software,trusted_internal,Known Publisher,benign
TRUST-N-02436,2026-09-22T08:24:11Z,APP-06,known software,trusted_internal,Known Publisher,benign
TRUST-N-00004,2026-09-22T08:25:13Z,HR-WS-22,known software,signed,Known Publisher,benign
TRUST-N-04988,2026-09-22T08:26:28Z,FIN-WS-09,known software,signed,Known Publisher,benign
TRUST-N-06442,2026-09-22T08:30:39Z,HR-WS-22,known software,trusted_internal,Known Publisher,benign
TRUST-N-01098,2026-09-22T08:30:52Z,FIN-WS-09,known software,signed,Known Publisher,benign
TRUST-N-07689,2026-09-22T08:31:02Z,FIN-WS-09,known software,signed,Known Publisher,benign
TRUST-N-00614,2026-09-22T08:32:22Z,APP-06,known software,signed,Known Publisher,benign
TRUST-N-06052,2026-09-22T08:32:25Z,FIN-WS-09,known software,signed,Known Publisher,benign
TRUST-N-00409,2026-09-22T08:32:26Z,ENG-WS-17,known software,trusted_internal,Known Publisher,benign
TRUST-N-01511,2026-09-22T08:32:37Z,HR-WS-08,known software,trusted_internal,Known Publisher,benign
TRUST-N-00357,2026-09-22T08:32:38Z,FIN-WS-09,known software,trusted_internal,Known Publisher,benign
TRUST-N-08210,2026-09-22T08:32:50Z,HR-WS-08,known software,signed,Known Publisher,benign
TRUST-N-07540,2026-09-22T08:34:12Z,DC-01,known software,signed,Known Publisher,benign
TRUST-N-04475,2026-09-22T08:36:09Z,ENG-WS-17,known software,signed,Known Publisher,benign
TRUST-N-01770,2026-09-22T08:37:20Z,PATCH-01,known software,trusted_internal,Known Publisher,benign
TRUST-N-04585,2026-09-22T08:37:57Z,HR-WS-08,known software,trusted_internal,Known Publisher,benign
TRUST-N-09959,2026-09-22T08:38:59Z,APP-06,known software,trusted_internal,Known Publisher,benign
TRUST-N-04953,2026-09-22T08:39:05Z,HR-WS-08,known software,trusted_internal,Known Publisher,benign
TRUST-N-05075,2026-09-22T08:39:21Z,HR-WS-22,known software,signed,Known Publisher,benign
TRUST-N-04772,2026-09-22T08:39:35Z,FIN-WS-09,known software,signed,Known Publisher,benign
TRUST-N-04550,2026-09-22T08:40:35Z,MGMT-01,known software,trusted_internal,Known Publisher,benign
TRUST-N-03828,2026-09-22T08:41:10Z,HR-WS-22,known software,signed,Known Publisher,benign
TRUST-N-08116,2026-09-22T08:41:13Z,DC-01,known software,signed,Known Publisher,benign
TRUST-N-07018,2026-09-22T08:41:33Z,HR-WS-22,known software,trusted_internal,Known Publisher,benign
TRUST-N-03836,2026-09-22T08:41:50Z,HR-WS-22,known software,trusted_internal,Known Publisher,benign
TRUST-N-00416,2026-09-22T08:42:00Z,MGMT-01,known software,signed,Known Publisher,benign
TRUST-N-07262,2026-09-22T08:42:12Z,ENG-WS-17,known software,trusted_internal,Known Publisher,benign
TRUST-N-08683,2026-09-22T08:42:29Z,APP-06,known software,signed,Known Publisher,benign
TRUST-N-04247,2026-09-22T08:42:44Z,HR-WS-22,known software,trusted_internal,Known Publisher,benign
TRUST-N-02524,2026-09-22T08:43:24Z,APP-06,known software,trusted_internal,Known Publisher,benign
TRUST-N-08118,2026-09-22T08:44:32Z,MGMT-01,known software,signed,Known Publisher,benign
TRUST-N-04132,2026-09-22T08:44:34Z,MGMT-01,known software,signed,Known Publisher,benign
TRUST-N-01893,2026-09-22T08:46:20Z,ENG-WS-17,known software,trusted_internal,Known Publisher,benign
TRUST-N-04530,2026-09-22T08:46:32Z,APP-06,known software,signed,Known Publisher,benign
TRUST-N-03175,2026-09-22T08:47:01Z,APP-06,known software,trusted_internal,Known Publisher,benign
TRUST-N-06988,2026-09-22T08:47:34Z,ENG-WS-17,known software,signed,Known Publisher,benign
TRUST-N-07230,2026-09-22T08:48:13Z,PATCH-01,known software,signed,Known Publisher,benign
TRUST-N-04494,2026-09-22T08:48:15Z,HR-WS-08,known software,signed,Known Publisher,benign
TRUST-N-01683,2026-09-22T08:48:22Z,FIN-WS-09,known software,trusted_internal,Known Publisher,benign
TRUST-N-01685,2026-09-22T08:48:32Z,FIN-WS-09,known software,signed,Known Publisher,benign
TRUST-N-01520,2026-09-22T08:48:49Z,HR-WS-22,known software,trusted_internal,Known Publisher,benign
TRUST-N-02472,2026-09-22T08:49:06Z,HR-WS-08,known software,trusted_internal,Known Publisher,benign
TRUST-N-08198,2026-09-22T08:50:00Z,MGMT-01,known software,signed,Known Publisher,benign
TRUST-N-02745,2026-09-22T08:51:18Z,ENG-WS-17,known software,signed,Known Publisher,benign
TRUST-N-05754,2026-09-22T08:51:59Z,APP-06,known software,trusted_internal,Known Publisher,benign
TRUST-N-08143,2026-09-22T08:53:00Z,PATCH-01,known software,signed,Known Publisher,benign
TRUST-N-05882,2026-09-22T08:53:06Z,MGMT-01,known software,signed,Known Publisher,benign
TRUST-N-04925,2026-09-22T08:53:58Z,APP-06,known software,trusted_internal,Known Publisher,benign
TRUST-N-01109,2026-09-22T08:54:28Z,HR-WS-08,known software,trusted_internal,Known Publisher,benign
TRUST-N-03289,2026-09-22T08:57:00Z,MGMT-01,known software,signed,Known Publisher,benign
TRUST-N-04226,2026-09-22T08:57:52Z,FIN-WS-09,known software,signed,Known Publisher,benign
TRUST-N-03505,2026-09-22T08:58:33Z,ENG-WS-17,known software,signed,Known Publisher,benign
TRUST-N-01839,2026-09-22T08:58:57Z,ENG-WS-17,known software,trusted_internal,Known Publisher,benign
TRUST-N-03478,2026-09-22T08:59:33Z,MGMT-01,known software,signed,Known Publisher,benign
TRUST-N-04207,2026-09-22T09:00:00Z,HR-WS-22,known software,trusted_internal,Known Publisher,benign
TRUST-N-01970,2026-09-22T09:00:31Z,HR-WS-22,known software,signed,Known Publisher,benign
TRUST-N-04543,2026-09-22T09:01:27Z,HR-WS-22,known software,trusted_internal,Known Publisher,benign
TRUST-N-00331,2026-09-22T09:01:41Z,HR-WS-22,known software,trusted_internal,Known Publisher,benign
TRUST-N-06041,2026-09-22T09:02:43Z,DC-01,known software,signed,Known Publisher,benign
TRUST-N-06688,2026-09-22T09:03:03Z,DC-01,known software,signed,Known Publisher,benign
TRUST-N-09116,2026-09-22T09:03:22Z,FIN-WS-09,known software,signed,Known Publisher,benign
TRUST-N-00177,2026-09-22T09:05:03Z,FIN-WS-09,known software,trusted_internal,Known Publisher,benign
TRUST-N-08773,2026-09-22T09:05:09Z,MGMT-01,known software,trusted_internal,Known Publisher,benign
TRUST-N-07995,2026-09-22T09:06:18Z,DC-01,known software,signed,Known Publisher,benign
TRUST-N-03719,2026-09-22T09:06:46Z,HR-WS-22,known software,signed,Known Publisher,benign
TRUST-N-08905,2026-09-22T09:07:35Z,APP-06,known software,trusted_internal,Known Publisher,benign
TRUST-N-09002,2026-09-22T09:10:03Z,HR-WS-22,known software,signed,Known Publisher,benign
TRUST-N-07993,2026-09-22T09:10:07Z,FIN-WS-09,known software,signed,Known Publisher,benign
TRUST-N-01737,2026-09-22T09:10:42Z,MGMT-01,known software,signed,Known Publisher,benign
TRUST-N-02362,2026-09-22T09:10:50Z,HR-WS-22,known software,signed,Known Publisher,benign
TRUST-N-08580,2026-09-22T09:10:50Z,HR-WS-22,known software,trusted_internal,Known Publisher,benign
TRUST-N-08369,2026-09-22T09:10:53Z,HR-WS-08,known software,signed,Known Publisher,benign
TRUST-N-08036,2026-09-22T09:11:35Z,APP-06,known software,trusted_internal,Known Publisher,benign
TRUST-N-03642,2026-09-22T09:11:49Z,HR-WS-22,known software,trusted_internal,Known Publisher,benign
TRUST-N-06388,2026-09-22T09:12:12Z,MGMT-01,known software,trusted_internal,Known Publisher,benign
TRUST-N-07078,2026-09-22T09:12:36Z,PATCH-01,known software,signed,Known Publisher,benign
TRUST-N-02914,2026-09-22T09:13:54Z,APP-06,known software,signed,Known Publisher,benign
TRUST-N-00041,2026-09-22T09:15:20Z,DC-01,known software,trusted_internal,Known Publisher,benign
TRUST-N-03625,2026-09-22T09:16:10Z,MGMT-01,known software,signed,Known Publisher,benign
TRUST-N-04887,2026-09-22T09:16:47Z,ENG-WS-17,known software,trusted_internal,Known Publisher,benign
TRUST-N-01245,2026-09-22T09:16:55Z,PATCH-01,known software,trusted_internal,Known Publisher,benign
TRUST-N-07320,2026-09-22T09:17:57Z,PATCH-01,known software,trusted_internal,Known Publisher,benign
TRUST-N-00374,2026-09-22T09:18:22Z,MGMT-01,known software,trusted_internal,Known Publisher,benign
TRUST-N-01579,2026-09-22T09:18:27Z,APP-06,known software,trusted_internal,Known Publisher,benign
TRUST-N-08676,2026-09-22T09:19:02Z,HR-WS-08,known software,signed,Known Publisher,benign
TRUST-N-09506,2026-09-22T09:19:02Z,FIN-WS-09,known software,signed,Known Publisher,benign
TRUST-N-05175,2026-09-22T09:19:16Z,HR-WS-22,known software,signed,Known Publisher,benign
TRUST-N-00309,2026-09-22T09:19:17Z,ENG-WS-17,known software,signed,Known Publisher,benign
TRUST-N-02432,2026-09-22T09:19:56Z,HR-WS-08,known software,signed,Known Publisher,benign
TRUST-N-08583,2026-09-22T09:20:42Z,PATCH-01,known software,trusted_internal,Known Publisher,benign
TRUST-N-00969,2026-09-22T09:20:50Z,HR-WS-22,known software,signed,Known Publisher,benign
TRUST-N-01858,2026-09-22T09:21:00Z,HR-WS-08,known software,signed,Known Publisher,benign
TRUST-N-07983,2026-09-22T09:21:11Z,FIN-WS-09,known software,trusted_internal,Known Publisher,benign
TRUST-N-09537,2026-09-22T09:21:44Z,FIN-WS-09,known software,trusted_internal,Known Publisher,benign
TRUST-N-04578,2026-09-22T09:22:51Z,HR-WS-08,known software,trusted_internal,Known Publisher,benign
TRUST-N-08477,2026-09-22T09:22:58Z,FIN-WS-09,known software,signed,Known Publisher,benign
TRUST-N-06318,2026-09-22T09:25:38Z,DC-01,known software,trusted_internal,Known Publisher,benign
TRUST-N-09137,2026-09-22T09:25:52Z,HR-WS-08,known software,signed,Known Publisher,benign
TRUST-N-08170,2026-09-22T09:27:11Z,FIN-WS-09,known software,trusted_internal,Known Publisher,benign
TRUST-N-09511,2026-09-22T09:27:12Z,ENG-WS-17,known software,trusted_internal,Known Publisher,benign
TRUST-N-08655,2026-09-22T09:28:31Z,HR-WS-08,known software,trusted_internal,Known Publisher,benign
TRUST-N-01666,2026-09-22T09:28:32Z,MGMT-01,known software,trusted_internal,Known Publisher,benign
TRUST-N-01864,2026-09-22T09:28:52Z,DC-01,known software,signed,Known Publisher,benign
TRUST-N-01267,2026-09-22T09:29:15Z,PATCH-01,known software,trusted_internal,Known Publisher,benign
TRUST-N-01514,2026-09-22T09:29:17Z,HR-WS-08,known software,signed,Known Publisher,benign
TRUST-N-03885,2026-09-22T09:30:46Z,FIN-WS-09,known software,signed,Known Publisher,benign
TRUST-N-09917,2026-09-22T09:30:54Z,MGMT-01,known software,trusted_internal,Known Publisher,benign
TRUST-N-06301,2026-09-22T09:31:10Z,HR-WS-22,known software,signed,Known Publisher,benign
TRUST-N-01052,2026-09-22T09:31:54Z,APP-06,known software,signed,Known Publisher,benign
TRUST-N-08820,2026-09-22T09:31:58Z,ENG-WS-17,known software,trusted_internal,Known Publisher,benign
TRUST-N-09913,2026-09-22T09:32:05Z,PATCH-01,known software,signed,Known Publisher,benign
TRUST-N-06854,2026-09-22T09:32:56Z,MGMT-01,known software,trusted_internal,Known Publisher,benign
TRUST-N-08414,2026-09-22T09:33:19Z,HR-WS-08,known software,trusted_internal,Known Publisher,benign
TRUST-N-06812,2026-09-22T09:33:24Z,APP-06,known software,signed,Known Publisher,benign
TRUST-N-05808,2026-09-22T09:33:32Z,DC-01,known software,trusted_internal,Known Publisher,benign
TRUST-N-09481,2026-09-22T09:34:06Z,PATCH-01,known software,trusted_internal,Known Publisher,benign
TRUST-N-05498,2026-09-22T09:34:14Z,PATCH-01,known software,trusted_internal,Known Publisher,benign
TRUST-N-00860,2026-09-22T09:35:54Z,FIN-WS-09,known software,signed,Known Publisher,benign
TRUST-N-05686,2026-09-22T09:36:21Z,FIN-WS-09,known software,signed,Known Publisher,benign
TRUST-N-01324,2026-09-22T09:36:51Z,HR-WS-22,known software,signed,Known Publisher,benign
TRUST-N-05975,2026-09-22T09:37:12Z,FIN-WS-09,known software,trusted_internal,Known Publisher,benign
TRUST-N-00962,2026-09-22T09:37:38Z,HR-WS-22,known software,trusted_internal,Known Publisher,benign
TRUST-N-00756,2026-09-22T09:37:40Z,HR-WS-22,known software,signed,Known Publisher,benign
TRUST-N-00163,2026-09-22T09:38:59Z,PATCH-01,known software,trusted_internal,Known Publisher,benign
TRUST-N-07524,2026-09-22T09:39:01Z,MGMT-01,known software,signed,Known Publisher,benign
TRUST-N-01730,2026-09-22T09:39:25Z,ENG-WS-17,known software,signed,Known Publisher,benign
TRUST-N-07552,2026-09-22T09:39:33Z,HR-WS-22,known software,signed,Known Publisher,benign
TRUST-N-07080,2026-09-22T09:40:43Z,HR-WS-08,known software,trusted_internal,Known Publisher,benign
TRUST-N-03525,2026-09-22T09:41:52Z,MGMT-01,known software,trusted_internal,Known Publisher,benign
TRUST-N-01930,2026-09-22T09:42:57Z,MGMT-01,known software,trusted_internal,Known Publisher,benign
TRUST-N-03673,2026-09-22T09:42:57Z,ENG-WS-17,known software,trusted_internal,Known Publisher,benign
TRUST-N-08440,2026-09-22T09:43:04Z,DC-01,known software,signed,Known Publisher,benign
TRUST-N-05736,2026-09-22T09:44:33Z,APP-06,known software,signed,Known Publisher,benign
TRUST-N-07375,2026-09-22T09:44:46Z,ENG-WS-17,known software,trusted_internal,Known Publisher,benign
TRUST-N-00733,2026-09-22T09:45:36Z,PATCH-01,known software,trusted_internal,Known Publisher,benign
TRUST-N-01299,2026-09-22T09:47:28Z,HR-WS-22,known software,signed,Known Publisher,benign
TRUST-N-02893,2026-09-22T09:47:33Z,APP-06,known software,trusted_internal,Known Publisher,benign
TRUST-N-09702,2026-09-22T09:47:35Z,FIN-WS-09,known software,trusted_internal,Known Publisher,benign
TRUST-N-08058,2026-09-22T09:48:16Z,PATCH-01,known software,signed,Known Publisher,benign
TRUST-N-01012,2026-09-22T09:49:06Z,APP-06,known software,signed,Known Publisher,benign
TRUST-N-08873,2026-09-22T09:50:55Z,DC-01,known software,signed,Known Publisher,benign
TRUST-N-09238,2026-09-22T09:53:02Z,PATCH-01,known software,trusted_internal,Known Publisher,benign
TRUST-N-03050,2026-09-22T09:53:03Z,ENG-WS-17,known software,signed,Known Publisher,benign
TRUST-N-03856,2026-09-22T09:53:45Z,DC-01,known software,signed,Known Publisher,benign
TRUST-N-00181,2026-09-22T09:54:45Z,MGMT-01,known software,signed,Known Publisher,benign
TRUST-N-08217,2026-09-22T09:54:53Z,ENG-WS-17,known software,trusted_internal,Known Publisher,benign
TRUST-N-09647,2026-09-22T09:54:59Z,PATCH-01,known software,trusted_internal,Known Publisher,benign
TRUST-N-03858,2026-09-22T09:56:00Z,HR-WS-08,known software,trusted_internal,Known Publisher,benign
TRUST-N-09353,2026-09-22T09:56:29Z,ENG-WS-17,known software,signed,Known Publisher,benign
TRUST-N-09645,2026-09-22T09:56:49Z,FIN-WS-09,known software,trusted_internal,Known Publisher,benign
TRUST-N-08898,2026-09-22T09:57:36Z,DC-01,known software,signed,Known Publisher,benign
TRUST-N-06577,2026-09-22T09:58:32Z,MGMT-01,known software,signed,Known Publisher,benign
TRUST-N-07987,2026-09-22T09:58:32Z,FIN-WS-09,known software,trusted_internal,Known Publisher,benign
TRUST-N-02685,2026-09-22T09:59:21Z,HR-WS-22,known software,trusted_internal,Known Publisher,benign
TRUST-N-05049,2026-09-22T09:59:35Z,HR-WS-08,known software,signed,Known Publisher,benign
TRUST-N-07745,2026-09-22T10:00:49Z,ENG-WS-17,known software,signed,Known Publisher,benign
TRUST-N-05003,2026-09-22T10:01:02Z,MGMT-01,known software,trusted_internal,Known Publisher,benign
TRUST-N-00634,2026-09-22T10:01:17Z,ENG-WS-17,known software,trusted_internal,Known Publisher,benign
TRUST-N-00927,2026-09-22T10:01:24Z,HR-WS-22,known software,trusted_internal,Known Publisher,benign
TRUST-N-02273,2026-09-22T10:01:48Z,PATCH-01,known software,trusted_internal,Known Publisher,benign
TRUST-N-06259,2026-09-22T10:01:52Z,ENG-WS-17,known software,signed,Known Publisher,benign
TRUST-N-07315,2026-09-22T10:01:57Z,HR-WS-22,known software,signed,Known Publisher,benign
TRUST-N-04461,2026-09-22T10:02:16Z,PATCH-01,known software,trusted_internal,Known Publisher,benign
TRUST-N-08015,2026-09-22T10:03:55Z,HR-WS-08,known software,trusted_internal,Known Publisher,benign
TRUST-N-05966,2026-09-22T10:04:04Z,DC-01,known software,trusted_internal,Known Publisher,benign
TRUST-N-07214,2026-09-22T10:04:10Z,HR-WS-08,known software,signed,Known Publisher,benign
TRUST-N-09121,2026-09-22T10:04:22Z,DC-01,known software,trusted_internal,Known Publisher,benign
TRUST-N-09052,2026-09-22T10:05:14Z,APP-06,known software,signed,Known Publisher,benign
TRUST-N-05033,2026-09-22T10:05:34Z,DC-01,known software,signed,Known Publisher,benign
TRUST-N-08242,2026-09-22T10:06:16Z,MGMT-01,known software,signed,Known Publisher,benign
TRUST-N-09891,2026-09-22T10:06:25Z,HR-WS-22,known software,trusted_internal,Known Publisher,benign
TRUST-N-06539,2026-09-22T10:06:59Z,HR-WS-08,known software,trusted_internal,Known Publisher,benign
TRUST-N-04196,2026-09-22T10:07:06Z,HR-WS-22,known software,trusted_internal,Known Publisher,benign
TRUST-N-02471,2026-09-22T10:07:22Z,MGMT-01,known software,trusted_internal,Known Publisher,benign
TRUST-N-07352,2026-09-22T10:07:27Z,MGMT-01,known software,signed,Known Publisher,benign
TRUST-N-08209,2026-09-22T10:07:38Z,HR-WS-22,known software,signed,Known Publisher,benign
TRUST-N-03437,2026-09-22T10:08:08Z,HR-WS-22,known software,trusted_internal,Known Publisher,benign
TRUST-N-00438,2026-09-22T10:08:53Z,FIN-WS-09,known software,trusted_internal,Known Publisher,benign
TRUST-N-06266,2026-09-22T10:09:07Z,APP-06,known software,signed,Known Publisher,benign
TRUST-N-01736,2026-09-22T10:10:30Z,HR-WS-08,known software,trusted_internal,Known Publisher,benign
TRUST-N-03180,2026-09-22T10:11:27Z,PATCH-01,known software,trusted_internal,Known Publisher,benign
TRUST-N-00365,2026-09-22T10:11:44Z,DC-01,known software,trusted_internal,Known Publisher,benign
TRUST-N-01527,2026-09-22T10:12:31Z,FIN-WS-09,known software,trusted_internal,Known Publisher,benign
TRUST-N-06257,2026-09-22T10:12:40Z,FIN-WS-09,known software,trusted_internal,Known Publisher,benign
TRUST-N-01927,2026-09-22T10:12:54Z,FIN-WS-09,known software,signed,Known Publisher,benign
TRUST-N-05587,2026-09-22T10:13:39Z,HR-WS-08,known software,signed,Known Publisher,benign
TRUST-N-04253,2026-09-22T10:14:09Z,HR-WS-08,known software,signed,Known Publisher,benign
TRUST-N-05614,2026-09-22T10:14:38Z,PATCH-01,known software,trusted_internal,Known Publisher,benign
TRUST-N-06206,2026-09-22T10:15:33Z,ENG-WS-17,known software,signed,Known Publisher,benign
TRUST-N-07089,2026-09-22T10:15:35Z,HR-WS-22,known software,signed,Known Publisher,benign
TRUST-N-00125,2026-09-22T10:15:55Z,HR-WS-08,known software,signed,Known Publisher,benign
TRUST-N-01653,2026-09-22T10:16:51Z,DC-01,known software,trusted_internal,Known Publisher,benign
TRUST-N-07896,2026-09-22T10:16:51Z,ENG-WS-17,known software,trusted_internal,Known Publisher,benign
TRUST-N-05848,2026-09-22T10:20:09Z,ENG-WS-17,known software,signed,Known Publisher,benign
TRUST-N-03042,2026-09-22T10:20:27Z,PATCH-01,known software,signed,Known Publisher,benign
TRUST-N-00098,2026-09-22T10:20:39Z,HR-WS-08,known software,trusted_internal,Known Publisher,benign
TRUST-N-02552,2026-09-22T10:22:07Z,DC-01,known software,signed,Known Publisher,benign
TRUST-N-05030,2026-09-22T10:22:20Z,FIN-WS-09,known software,signed,Known Publisher,benign
TRUST-N-00381,2026-09-22T10:24:02Z,FIN-WS-09,known software,trusted_internal,Known Publisher,benign
TRUST-N-03849,2026-09-22T10:24:23Z,FIN-WS-09,known software,signed,Known Publisher,benign
TRUST-N-07829,2026-09-22T10:25:29Z,PATCH-01,known software,trusted_internal,Known Publisher,benign
TRUST-N-09001,2026-09-22T10:26:14Z,APP-06,known software,trusted_internal,Known Publisher,benign
TRUST-N-08903,2026-09-22T10:26:17Z,HR-WS-08,known software,signed,Known Publisher,benign
TRUST-N-07167,2026-09-22T10:27:24Z,DC-01,known software,signed,Known Publisher,benign
TRUST-N-01825,2026-09-22T10:27:26Z,HR-WS-22,known software,trusted_internal,Known Publisher,benign
TRUST-N-05752,2026-09-22T10:27:45Z,HR-WS-08,known software,signed,Known Publisher,benign
TRUST-N-02938,2026-09-22T10:28:24Z,APP-06,known software,signed,Known Publisher,benign
TRUST-N-08938,2026-09-22T10:28:57Z,APP-06,known software,signed,Known Publisher,benign
TRUST-N-04347,2026-09-22T10:29:17Z,HR-WS-22,known software,signed,Known Publisher,benign
TRUST-N-02022,2026-09-22T10:30:31Z,PATCH-01,known software,signed,Known Publisher,benign
TRUST-N-00068,2026-09-22T10:35:25Z,HR-WS-08,known software,trusted_internal,Known Publisher,benign
TRUST-N-02191,2026-09-22T10:35:33Z,PATCH-01,known software,trusted_internal,Known Publisher,benign
TRUST-N-06476,2026-09-22T10:37:02Z,PATCH-01,known software,signed,Known Publisher,benign
TRUST-N-06747,2026-09-22T10:37:02Z,MGMT-01,known software,trusted_internal,Known Publisher,benign
TRUST-N-05160,2026-09-22T10:37:06Z,APP-06,known software,signed,Known Publisher,benign
TRUST-N-08722,2026-09-22T10:37:28Z,MGMT-01,known software,signed,Known Publisher,benign
TRUST-N-01933,2026-09-22T10:38:42Z,HR-WS-08,known software,signed,Known Publisher,benign
TRUST-N-02544,2026-09-22T10:38:49Z,MGMT-01,known software,signed,Known Publisher,benign
TRUST-N-01731,2026-09-22T10:40:20Z,PATCH-01,known software,signed,Known Publisher,benign
TRUST-N-05330,2026-09-22T10:40:27Z,HR-WS-08,known software,trusted_internal,Known Publisher,benign
TRUST-N-04824,2026-09-22T10:40:56Z,DC-01,known software,trusted_internal,Known Publisher,benign
TRUST-N-02142,2026-09-22T10:41:14Z,HR-WS-08,known software,trusted_internal,Known Publisher,benign
TRUST-N-02855,2026-09-22T10:41:35Z,APP-06,known software,signed,Known Publisher,benign
TRUST-N-00586,2026-09-22T10:41:46Z,ENG-WS-17,known software,signed,Known Publisher,benign
TRUST-N-03109,2026-09-22T10:41:51Z,MGMT-01,known software,signed,Known Publisher,benign
TRUST-N-09696,2026-09-22T10:42:04Z,FIN-WS-09,known software,trusted_internal,Known Publisher,benign
TRUST-N-05083,2026-09-22T10:44:39Z,PATCH-01,known software,trusted_internal,Known Publisher,benign
TRUST-N-05929,2026-09-22T10:44:55Z,DC-01,known software,signed,Known Publisher,benign
TRUST-N-09062,2026-09-22T10:45:11Z,HR-WS-08,known software,signed,Known Publisher,benign
TRUST-N-04103,2026-09-22T10:45:35Z,APP-06,known software,trusted_internal,Known Publisher,benign
TRUST-N-06399,2026-09-22T10:46:29Z,ENG-WS-17,known software,signed,Known Publisher,benign
TRUST-N-07674,2026-09-22T10:47:12Z,HR-WS-22,known software,signed,Known Publisher,benign
TRUST-N-00538,2026-09-22T10:47:22Z,DC-01,known software,signed,Known Publisher,benign
TRUST-N-02347,2026-09-22T10:48:15Z,MGMT-01,known software,trusted_internal,Known Publisher,benign
TRUST-N-05875,2026-09-22T10:48:32Z,PATCH-01,known software,signed,Known Publisher,benign
TRUST-N-05833,2026-09-22T10:49:07Z,PATCH-01,known software,signed,Known Publisher,benign
TRUST-N-09427,2026-09-22T10:49:50Z,FIN-WS-09,known software,trusted_internal,Known Publisher,benign
TRUST-N-08305,2026-09-22T10:50:02Z,MGMT-01,known software,signed,Known Publisher,benign
TRUST-N-07307,2026-09-22T10:50:30Z,APP-06,known software,trusted_internal,Known Publisher,benign
TRUST-N-06466,2026-09-22T10:51:09Z,HR-WS-22,known software,trusted_internal,Known Publisher,benign
TRUST-N-06707,2026-09-22T10:51:23Z,HR-WS-08,known software,trusted_internal,Known Publisher,benign
TRUST-N-03495,2026-09-22T10:51:39Z,HR-WS-08,known software,signed,Known Publisher,benign
TRUST-N-02560,2026-09-22T10:51:50Z,HR-WS-22,known software,trusted_internal,Known Publisher,benign
TRUST-N-01997,2026-09-22T10:52:49Z,APP-06,known software,trusted_internal,Known Publisher,benign
TRUST-N-04878,2026-09-22T10:52:49Z,DC-01,known software,signed,Known Publisher,benign
TRUST-N-02492,2026-09-22T10:53:35Z,PATCH-01,known software,trusted_internal,Known Publisher,benign
TRUST-N-04008,2026-09-22T10:53:41Z,ENG-WS-17,known software,trusted_internal,Known Publisher,benign
TRUST-N-05770,2026-09-22T10:54:20Z,HR-WS-22,known software,signed,Known Publisher,benign
TRUST-N-04960,2026-09-22T10:55:58Z,FIN-WS-09,known software,signed,Known Publisher,benign
TRUST-N-02500,2026-09-22T10:57:07Z,MGMT-01,known software,signed,Known Publisher,benign
TRUST-N-05445,2026-09-22T10:57:24Z,HR-WS-22,known software,trusted_internal,Known Publisher,benign
TRUST-N-09241,2026-09-22T10:57:53Z,APP-06,known software,trusted_internal,Known Publisher,benign
TRUST-N-01421,2026-09-22T10:59:20Z,HR-WS-08,known software,signed,Known Publisher,benign
TRUST-N-03821,2026-09-22T10:59:20Z,DC-01,known software,trusted_internal,Known Publisher,benign
TRUST-N-03598,2026-09-22T10:59:25Z,HR-WS-22,known software,signed,Known Publisher,benign
TRUST-N-01808,2026-09-22T10:59:34Z,PATCH-01,known software,signed,Known Publisher,benign
TRUST-N-09520,2026-09-22T10:59:37Z,HR-WS-08,known software,trusted_internal,Known Publisher,benign
TRUST-N-07206,2026-09-22T10:59:58Z,FIN-WS-09,known software,signed,Known Publisher,benign
TRUST-N-07712,2026-09-22T11:00:18Z,MGMT-01,known software,signed,Known Publisher,benign
TRUST-N-07142,2026-09-22T11:00:26Z,APP-06,known software,trusted_internal,Known Publisher,benign
TRUST-N-07831,2026-09-22T11:00:27Z,MGMT-01,known software,signed,Known Publisher,benign
TRUST-N-08979,2026-09-22T11:00:47Z,PATCH-01,known software,trusted_internal,Known Publisher,benign
TRUST-N-06718,2026-09-22T11:01:16Z,APP-06,known software,trusted_internal,Known Publisher,benign
TRUST-N-00007,2026-09-22T11:01:25Z,HR-WS-22,known software,signed,Known Publisher,benign
TRUST-N-09399,2026-09-22T11:02:40Z,HR-WS-22,known software,signed,Known Publisher,benign
TRUST-N-01296,2026-09-22T11:03:02Z,ENG-WS-17,known software,signed,Known Publisher,benign
TRUST-N-02294,2026-09-22T11:03:50Z,HR-WS-22,known software,signed,Known Publisher,benign
TRUST-N-02248,2026-09-22T11:04:16Z,MGMT-01,known software,signed,Known Publisher,benign
TRUST-N-03638,2026-09-22T11:05:48Z,DC-01,known software,trusted_internal,Known Publisher,benign
TRUST-N-08897,2026-09-22T11:06:11Z,HR-WS-22,known software,trusted_internal,Known Publisher,benign
TRUST-N-09586,2026-09-22T11:06:37Z,MGMT-01,known software,signed,Known Publisher,benign
TRUST-N-01990,2026-09-22T11:07:02Z,HR-WS-08,known software,signed,Known Publisher,benign
TRUST-N-06777,2026-09-22T11:07:46Z,MGMT-01,known software,signed,Known Publisher,benign
TRUST-N-02296,2026-09-22T11:08:31Z,DC-01,known software,signed,Known Publisher,benign
TRUST-N-05825,2026-09-22T11:08:52Z,MGMT-01,known software,trusted_internal,Known Publisher,benign
TRUST-N-00573,2026-09-22T11:09:00Z,MGMT-01,known software,trusted_internal,Known Publisher,benign
TRUST-N-06579,2026-09-22T11:11:40Z,HR-WS-08,known software,trusted_internal,Known Publisher,benign
TRUST-N-01199,2026-09-22T11:11:51Z,APP-06,known software,signed,Known Publisher,benign
TRUST-N-09186,2026-09-22T11:12:19Z,APP-06,known software,trusted_internal,Known Publisher,benign
TRUST-N-05960,2026-09-22T11:12:49Z,HR-WS-22,known software,signed,Known Publisher,benign
TRUST-N-05990,2026-09-22T11:13:23Z,HR-WS-08,known software,trusted_internal,Known Publisher,benign
TRUST-N-02754,2026-09-22T11:13:30Z,HR-WS-08,known software,signed,Known Publisher,benign
TRUST-N-03058,2026-09-22T11:14:00Z,APP-06,known software,signed,Known Publisher,benign
TRUST-N-07858,2026-09-22T11:14:06Z,ENG-WS-17,known software,signed,Known Publisher,benign
TRUST-N-00350,2026-09-22T11:14:33Z,HR-WS-22,known software,signed,Known Publisher,benign
TRUST-N-04288,2026-09-22T11:14:41Z,ENG-WS-17,known software,signed,Known Publisher,benign
TRUST-N-06876,2026-09-22T11:14:50Z,HR-WS-08,known software,trusted_internal,Known Publisher,benign
TRUST-N-05475,2026-09-22T11:14:51Z,FIN-WS-09,known software,signed,Known Publisher,benign
TRUST-N-00748,2026-09-22T11:15:02Z,MGMT-01,known software,trusted_internal,Known Publisher,benign
TRUST-N-02718,2026-09-22T11:15:04Z,HR-WS-08,known software,signed,Known Publisher,benign
TRUST-N-02662,2026-09-22T11:16:24Z,DC-01,known software,trusted_internal,Known Publisher,benign
TRUST-N-03729,2026-09-22T11:16:44Z,ENG-WS-17,known software,signed,Known Publisher,benign
TRUST-N-00590,2026-09-22T11:17:15Z,DC-01,known software,trusted_internal,Known Publisher,benign
TRUST-N-08445,2026-09-22T11:17:18Z,APP-06,known software,signed,Known Publisher,benign
TRUST-N-02059,2026-09-22T11:18:24Z,HR-WS-08,known software,signed,Known Publisher,benign
TRUST-N-02352,2026-09-22T11:19:21Z,ENG-WS-17,known software,trusted_internal,Known Publisher,benign
TRUST-N-01958,2026-09-22T11:19:26Z,DC-01,known software,signed,Known Publisher,benign
TRUST-N-09243,2026-09-22T11:20:29Z,ENG-WS-17,known software,trusted_internal,Known Publisher,benign
TRUST-N-09606,2026-09-22T11:20:29Z,HR-WS-22,known software,signed,Known Publisher,benign
TRUST-N-02365,2026-09-22T11:21:00Z,DC-01,known software,signed,Known Publisher,benign
TRUST-N-04211,2026-09-22T11:21:38Z,HR-WS-08,known software,trusted_internal,Known Publisher,benign
TRUST-N-07151,2026-09-22T11:22:41Z,MGMT-01,known software,trusted_internal,Known Publisher,benign
TRUST-N-06207,2026-09-22T11:23:27Z,FIN-WS-09,known software,trusted_internal,Known Publisher,benign
TRUST-N-04482,2026-09-22T11:24:08Z,DC-01,known software,signed,Known Publisher,benign
TRUST-N-00356,2026-09-22T11:24:12Z,PATCH-01,known software,trusted_internal,Known Publisher,benign
TRUST-N-04175,2026-09-22T11:25:42Z,FIN-WS-09,known software,signed,Known Publisher,benign
TRUST-N-00850,2026-09-22T11:26:45Z,MGMT-01,known software,trusted_internal,Known Publisher,benign
TRUST-N-06378,2026-09-22T11:26:49Z,HR-WS-22,known software,signed,Known Publisher,benign
TRUST-N-04321,2026-09-22T11:27:11Z,HR-WS-22,known software,signed,Known Publisher,benign
TRUST-N-06475,2026-09-22T11:27:32Z,HR-WS-22,known software,trusted_internal,Known Publisher,benign
TRUST-N-09652,2026-09-22T11:27:34Z,PATCH-01,known software,trusted_internal,Known Publisher,benign
TRUST-N-07819,2026-09-22T11:28:00Z,APP-06,known software,signed,Known Publisher,benign
TRUST-N-02085,2026-09-22T11:28:53Z,FIN-WS-09,known software,trusted_internal,Known Publisher,benign
TRUST-N-05803,2026-09-22T11:29:18Z,DC-01,known software,trusted_internal,Known Publisher,benign
TRUST-N-07627,2026-09-22T11:29:40Z,DC-01,known software,trusted_internal,Known Publisher,benign
TRUST-N-07826,2026-09-22T11:29:48Z,ENG-WS-17,known software,trusted_internal,Known Publisher,benign
TRUST-N-00562,2026-09-22T11:31:18Z,HR-WS-08,known software,signed,Known Publisher,benign
TRUST-N-05644,2026-09-22T11:31:52Z,APP-06,known software,signed,Known Publisher,benign
TRUST-N-02758,2026-09-22T11:32:17Z,HR-WS-08,known software,trusted_internal,Known Publisher,benign
TRUST-N-04902,2026-09-22T11:32:29Z,HR-WS-08,known software,trusted_internal,Known Publisher,benign
TRUST-N-09363,2026-09-22T11:33:22Z,ENG-WS-17,known software,signed,Known Publisher,benign
TRUST-N-05954,2026-09-22T11:33:29Z,ENG-WS-17,known software,signed,Known Publisher,benign
TRUST-N-05247,2026-09-22T11:33:58Z,MGMT-01,known software,trusted_internal,Known Publisher,benign
TRUST-N-09016,2026-09-22T11:34:19Z,HR-WS-08,known software,trusted_internal,Known Publisher,benign
TRUST-N-05740,2026-09-22T11:34:50Z,DC-01,known software,signed,Known Publisher,benign
TRUST-N-03382,2026-09-22T11:35:24Z,ENG-WS-17,known software,signed,Known Publisher,benign
TRUST-N-04405,2026-09-22T11:35:42Z,FIN-WS-09,known software,trusted_internal,Known Publisher,benign
TRUST-N-06897,2026-09-22T11:36:04Z,DC-01,known software,trusted_internal,Known Publisher,benign
TRUST-N-04001,2026-09-22T11:36:11Z,FIN-WS-09,known software,signed,Known Publisher,benign
TRUST-N-09720,2026-09-22T11:36:20Z,HR-WS-08,known software,signed,Known Publisher,benign
TRUST-N-06540,2026-09-22T11:36:51Z,DC-01,known software,signed,Known Publisher,benign
TRUST-N-07108,2026-09-22T11:37:18Z,ENG-WS-17,known software,signed,Known Publisher,benign
TRUST-N-06242,2026-09-22T11:38:04Z,HR-WS-08,known software,signed,Known Publisher,benign
TRUST-N-05885,2026-09-22T11:38:37Z,ENG-WS-17,known software,signed,Known Publisher,benign
TRUST-N-09881,2026-09-22T11:38:39Z,MGMT-01,known software,trusted_internal,Known Publisher,benign
TRUST-N-01570,2026-09-22T11:38:44Z,APP-06,known software,signed,Known Publisher,benign
TRUST-N-08786,2026-09-22T11:39:14Z,PATCH-01,known software,signed,Known Publisher,benign
TRUST-N-01380,2026-09-22T11:39:25Z,MGMT-01,known software,trusted_internal,Known Publisher,benign
TRUST-N-04590,2026-09-22T11:40:22Z,DC-01,known software,trusted_internal,Known Publisher,benign
TRUST-N-09393,2026-09-22T11:40:32Z,HR-WS-22,known software,trusted_internal,Known Publisher,benign
TRUST-N-06055,2026-09-22T11:41:27Z,FIN-WS-09,known software,signed,Known Publisher,benign
TRUST-N-03599,2026-09-22T11:41:38Z,HR-WS-22,known software,signed,Known Publisher,benign
TRUST-N-09581,2026-09-22T11:42:57Z,DC-01,known software,trusted_internal,Known Publisher,benign
TRUST-N-07372,2026-09-22T11:44:02Z,MGMT-01,known software,trusted_internal,Known Publisher,benign
TRUST-N-05741,2026-09-22T11:44:05Z,APP-06,known software,signed,Known Publisher,benign
TRUST-N-00272,2026-09-22T11:44:18Z,MGMT-01,known software,signed,Known Publisher,benign
TRUST-N-06606,2026-09-22T11:44:45Z,HR-WS-08,known software,signed,Known Publisher,benign
TRUST-N-08119,2026-09-22T11:45:02Z,DC-01,known software,signed,Known Publisher,benign
TRUST-N-04356,2026-09-22T11:45:29Z,ENG-WS-17,known software,trusted_internal,Known Publisher,benign
TRUST-N-01674,2026-09-22T11:46:20Z,PATCH-01,known software,trusted_internal,Known Publisher,benign
TRUST-N-07913,2026-09-22T11:47:47Z,FIN-WS-09,known software,signed,Known Publisher,benign
TRUST-N-01471,2026-09-22T11:49:14Z,FIN-WS-09,known software,trusted_internal,Known Publisher,benign
TRUST-N-05585,2026-09-22T11:49:52Z,HR-WS-22,known software,signed,Known Publisher,benign
TRUST-N-00985,2026-09-22T11:50:09Z,HR-WS-08,known software,trusted_internal,Known Publisher,benign
TRUST-N-03732,2026-09-22T11:50:39Z,FIN-WS-09,known software,trusted_internal,Known Publisher,benign
TRUST-N-09832,2026-09-22T11:50:41Z,APP-06,known software,trusted_internal,Known Publisher,benign
TRUST-N-06580,2026-09-22T11:51:14Z,PATCH-01,known software,trusted_internal,Known Publisher,benign
TRUST-N-03546,2026-09-22T11:52:04Z,FIN-WS-09,known software,signed,Known Publisher,benign
TRUST-N-04886,2026-09-22T11:52:06Z,HR-WS-08,known software,trusted_internal,Known Publisher,benign
TRUST-N-01595,2026-09-22T11:52:54Z,DC-01,known software,signed,Known Publisher,benign
TRUST-N-01999,2026-09-22T11:52:57Z,PATCH-01,known software,trusted_internal,Known Publisher,benign
TRUST-N-06570,2026-09-22T11:52:59Z,HR-WS-08,known software,trusted_internal,Known Publisher,benign
TRUST-N-06407,2026-09-22T11:53:08Z,APP-06,known software,trusted_internal,Known Publisher,benign
TRUST-N-03950,2026-09-22T11:54:48Z,MGMT-01,known software,signed,Known Publisher,benign
TRUST-N-00838,2026-09-22T11:55:03Z,ENG-WS-17,known software,trusted_internal,Known Publisher,benign
TRUST-N-02624,2026-09-22T11:55:05Z,MGMT-01,known software,signed,Known Publisher,benign
TRUST-N-05200,2026-09-22T11:55:40Z,HR-WS-22,known software,signed,Known Publisher,benign
TRUST-N-02286,2026-09-22T11:56:05Z,ENG-WS-17,known software,signed,Known Publisher,benign
TRUST-N-00475,2026-09-22T11:56:37Z,PATCH-01,known software,signed,Known Publisher,benign
TRUST-N-06024,2026-09-22T11:57:35Z,APP-06,known software,trusted_internal,Known Publisher,benign
TRUST-N-08149,2026-09-22T11:57:53Z,PATCH-01,known software,signed,Known Publisher,benign
TRUST-N-07596,2026-09-22T11:58:14Z,DC-01,known software,trusted_internal,Known Publisher,benign
TRUST-N-09337,2026-09-22T11:58:20Z,MGMT-01,known software,trusted_internal,Known Publisher,benign
TRUST-N-02518,2026-09-22T11:58:36Z,ENG-WS-17,known software,signed,Known Publisher,benign
TRUST-N-00869,2026-09-22T11:58:40Z,FIN-WS-09,known software,trusted_internal,Known Publisher,benign
TRUST-N-06543,2026-09-22T11:59:00Z,PATCH-01,known software,signed,Known Publisher,benign
TRUST-N-01501,2026-09-22T11:59:01Z,FIN-WS-09,known software,signed,Known Publisher,benign
TRUST-N-08126,2026-09-22T11:59:21Z,MGMT-01,known software,trusted_internal,Known Publisher,benign
TRUST-N-02151,2026-09-22T11:59:57Z,MGMT-01,known software,trusted_internal,Known Publisher,benign
TRUST-N-09897,2026-09-22T12:00:00Z,MGMT-01,known software,signed,Known Publisher,benign
TRUST-N-03570,2026-09-22T12:00:10Z,HR-WS-22,known software,trusted_internal,Known Publisher,benign
TRUST-N-09660,2026-09-22T12:00:21Z,APP-06,known software,trusted_internal,Known Publisher,benign
TRUST-N-00491,2026-09-22T12:01:02Z,FIN-WS-09,known software,trusted_internal,Known Publisher,benign
TRUST-N-07098,2026-09-22T12:01:55Z,DC-01,known software,trusted_internal,Known Publisher,benign
TRUST-N-09057,2026-09-22T12:02:01Z,DC-01,known software,trusted_internal,Known Publisher,benign
TRUST-N-04791,2026-09-22T12:02:09Z,APP-06,known software,trusted_internal,Known Publisher,benign
TRUST-N-03775,2026-09-22T12:02:12Z,DC-01,known software,signed,Known Publisher,benign
TRUST-N-00340,2026-09-22T12:02:15Z,HR-WS-22,known software,trusted_internal,Known Publisher,benign
TRUST-N-06834,2026-09-22T12:02:56Z,FIN-WS-09,known software,trusted_internal,Known Publisher,benign
TRUST-N-09813,2026-09-22T12:03:50Z,HR-WS-22,known software,trusted_internal,Known Publisher,benign
TRUST-N-00425,2026-09-22T12:04:39Z,PATCH-01,known software,signed,Known Publisher,benign
TRUST-N-01541,2026-09-22T12:05:11Z,APP-06,known software,signed,Known Publisher,benign
TRUST-N-09400,2026-09-22T12:05:17Z,DC-01,known software,trusted_internal,Known Publisher,benign
TRUST-N-09621,2026-09-22T12:06:44Z,PATCH-01,known software,trusted_internal,Known Publisher,benign
TRUST-N-01279,2026-09-22T12:08:00Z,FIN-WS-09,known software,signed,Known Publisher,benign
TRUST-N-07747,2026-09-22T12:08:20Z,PATCH-01,known software,trusted_internal,Known Publisher,benign
TRUST-N-04372,2026-09-22T12:08:33Z,DC-01,known software,trusted_internal,Known Publisher,benign
TRUST-N-06758,2026-09-22T12:08:34Z,FIN-WS-09,known software,signed,Known Publisher,benign
TRUST-N-07395,2026-09-22T12:10:09Z,MGMT-01,known software,trusted_internal,Known Publisher,benign
TRUST-N-02045,2026-09-22T12:10:26Z,PATCH-01,known software,trusted_internal,Known Publisher,benign
TRUST-N-05055,2026-09-22T12:10:40Z,FIN-WS-09,known software,trusted_internal,Known Publisher,benign
TRUST-N-03736,2026-09-22T12:10:47Z,DC-01,known software,signed,Known Publisher,benign
TRUST-N-03940,2026-09-22T12:11:32Z,MGMT-01,known software,signed,Known Publisher,benign
TRUST-N-08243,2026-09-22T12:12:05Z,ENG-WS-17,known software,trusted_internal,Known Publisher,benign
TRUST-N-07467,2026-09-22T12:12:17Z,FIN-WS-09,known software,signed,Known Publisher,benign
TRUST-N-02900,2026-09-22T12:13:05Z,FIN-WS-09,known software,signed,Known Publisher,benign
TRUST-N-09882,2026-09-22T12:13:32Z,APP-06,known software,signed,Known Publisher,benign
TRUST-N-06929,2026-09-22T12:15:03Z,DC-01,known software,signed,Known Publisher,benign
TRUST-N-02819,2026-09-22T12:15:28Z,HR-WS-08,known software,signed,Known Publisher,benign
TRUST-N-02011,2026-09-22T12:15:53Z,APP-06,known software,trusted_internal,Known Publisher,benign
TRUST-N-05375,2026-09-22T12:16:02Z,HR-WS-22,known software,signed,Known Publisher,benign
TRUST-N-07634,2026-09-22T12:16:27Z,FIN-WS-09,known software,signed,Known Publisher,benign
TRUST-N-09090,2026-09-22T12:17:19Z,MGMT-01,known software,signed,Known Publisher,benign
TRUST-N-07952,2026-09-22T12:17:38Z,HR-WS-08,known software,trusted_internal,Known Publisher,benign
TRUST-N-09273,2026-09-22T12:18:13Z,FIN-WS-09,known software,signed,Known Publisher,benign
TRUST-N-05495,2026-09-22T12:18:24Z,FIN-WS-09,known software,trusted_internal,Known Publisher,benign
TRUST-N-07073,2026-09-22T12:18:45Z,MGMT-01,known software,trusted_internal,Known Publisher,benign
TRUST-N-00541,2026-09-22T12:19:38Z,DC-01,known software,signed,Known Publisher,benign
TRUST-N-04949,2026-09-22T12:19:53Z,PATCH-01,known software,trusted_internal,Known Publisher,benign
TRUST-N-06152,2026-09-22T12:19:58Z,HR-WS-22,known software,signed,Known Publisher,benign
TRUST-N-08450,2026-09-22T12:20:03Z,FIN-WS-09,known software,trusted_internal,Known Publisher,benign
TRUST-N-03556,2026-09-22T12:21:07Z,FIN-WS-09,known software,trusted_internal,Known Publisher,benign
TRUST-N-09826,2026-09-22T12:22:26Z,HR-WS-08,known software,signed,Known Publisher,benign
TRUST-N-05269,2026-09-22T12:22:29Z,MGMT-01,known software,trusted_internal,Known Publisher,benign
TRUST-N-00123,2026-09-22T12:23:49Z,APP-06,known software,trusted_internal,Known Publisher,benign
TRUST-N-02673,2026-09-22T12:24:21Z,APP-06,known software,trusted_internal,Known Publisher,benign
TRUST-N-07132,2026-09-22T12:24:21Z,APP-06,known software,trusted_internal,Known Publisher,benign
TRUST-N-07965,2026-09-22T12:24:54Z,DC-01,known software,signed,Known Publisher,benign
TRUST-N-06403,2026-09-22T12:26:19Z,FIN-WS-09,known software,signed,Known Publisher,benign
TRUST-N-01459,2026-09-22T12:26:32Z,PATCH-01,known software,trusted_internal,Known Publisher,benign
TRUST-N-05213,2026-09-22T12:27:25Z,ENG-WS-17,known software,signed,Known Publisher,benign
TRUST-N-03391,2026-09-22T12:27:55Z,HR-WS-22,known software,trusted_internal,Known Publisher,benign
TRUST-N-07032,2026-09-22T12:29:28Z,MGMT-01,known software,signed,Known Publisher,benign
TRUST-N-09327,2026-09-22T12:29:30Z,HR-WS-08,known software,signed,Known Publisher,benign
TRUST-N-05338,2026-09-22T12:30:24Z,HR-WS-08,known software,trusted_internal,Known Publisher,benign
TRUST-N-07490,2026-09-22T12:31:07Z,PATCH-01,known software,trusted_internal,Known Publisher,benign
TRUST-N-06712,2026-09-22T12:31:37Z,HR-WS-22,known software,signed,Known Publisher,benign
TRUST-N-05137,2026-09-22T12:31:45Z,MGMT-01,known software,trusted_internal,Known Publisher,benign
TRUST-N-04061,2026-09-22T12:32:27Z,ENG-WS-17,known software,trusted_internal,Known Publisher,benign
TRUST-N-08954,2026-09-22T12:33:12Z,HR-WS-08,known software,trusted_internal,Known Publisher,benign
TRUST-N-06385,2026-09-22T12:35:03Z,APP-06,known software,trusted_internal,Known Publisher,benign
TRUST-N-03550,2026-09-22T12:35:27Z,ENG-WS-17,known software,trusted_internal,Known Publisher,benign
TRUST-N-08740,2026-09-22T12:36:31Z,MGMT-01,known software,signed,Known Publisher,benign
TRUST-N-07621,2026-09-22T12:37:46Z,FIN-WS-09,known software,trusted_internal,Known Publisher,benign
TRUST-N-01669,2026-09-22T12:37:57Z,DC-01,known software,trusted_internal,Known Publisher,benign
TRUST-N-06941,2026-09-22T12:39:58Z,HR-WS-08,known software,signed,Known Publisher,benign
TRUST-N-01614,2026-09-22T12:40:07Z,MGMT-01,known software,trusted_internal,Known Publisher,benign
TRUST-N-07074,2026-09-22T12:41:46Z,APP-06,known software,signed,Known Publisher,benign
TRUST-N-01472,2026-09-22T12:42:22Z,MGMT-01,known software,signed,Known Publisher,benign
TRUST-N-00084,2026-09-22T12:43:43Z,HR-WS-08,known software,trusted_internal,Known Publisher,benign
TRUST-N-06440,2026-09-22T12:44:05Z,HR-WS-22,known software,trusted_internal,Known Publisher,benign
TRUST-N-08244,2026-09-22T12:44:21Z,APP-06,known software,signed,Known Publisher,benign
TRUST-N-09818,2026-09-22T12:44:24Z,HR-WS-22,known software,signed,Known Publisher,benign
TRUST-N-09940,2026-09-22T12:44:49Z,HR-WS-22,known software,trusted_internal,Known Publisher,benign
TRUST-N-02897,2026-09-22T12:45:24Z,APP-06,known software,trusted_internal,Known Publisher,benign
TRUST-N-08422,2026-09-22T12:45:27Z,HR-WS-22,known software,signed,Known Publisher,benign
TRUST-N-01899,2026-09-22T12:45:30Z,FIN-WS-09,known software,signed,Known Publisher,benign
TRUST-N-06684,2026-09-22T12:45:47Z,HR-WS-08,known software,signed,Known Publisher,benign
TRUST-N-05802,2026-09-22T12:45:50Z,APP-06,known software,signed,Known Publisher,benign
TRUST-N-01184,2026-09-22T12:46:54Z,MGMT-01,known software,signed,Known Publisher,benign
TRUST-N-03350,2026-09-22T12:46:56Z,HR-WS-22,known software,trusted_internal,Known Publisher,benign
TRUST-N-05270,2026-09-22T12:47:01Z,HR-WS-08,known software,trusted_internal,Known Publisher,benign
TRUST-N-08097,2026-09-22T12:47:17Z,HR-WS-08,known software,trusted_internal,Known Publisher,benign
TRUST-N-02831,2026-09-22T12:47:53Z,ENG-WS-17,known software,signed,Known Publisher,benign
TRUST-N-05659,2026-09-22T12:48:26Z,PATCH-01,known software,signed,Known Publisher,benign
TRUST-N-04173,2026-09-22T12:49:11Z,APP-06,known software,signed,Known Publisher,benign
TRUST-N-01197,2026-09-22T12:51:52Z,MGMT-01,known software,trusted_internal,Known Publisher,benign
TRUST-N-04508,2026-09-22T12:52:14Z,ENG-WS-17,known software,signed,Known Publisher,benign
TRUST-N-03323,2026-09-22T12:52:26Z,HR-WS-22,known software,trusted_internal,Known Publisher,benign
TRUST-N-05152,2026-09-22T12:53:02Z,ENG-WS-17,known software,signed,Known Publisher,benign
TRUST-N-03365,2026-09-22T12:54:10Z,ENG-WS-17,known software,trusted_internal,Known Publisher,benign
TRUST-N-01219,2026-09-22T12:54:57Z,MGMT-01,known software,signed,Known Publisher,benign
TRUST-N-00957,2026-09-22T12:55:00Z,MGMT-01,known software,trusted_internal,Known Publisher,benign
TRUST-N-08540,2026-09-22T12:56:44Z,DC-01,known software,trusted_internal,Known Publisher,benign
TRUST-N-07833,2026-09-22T12:56:48Z,ENG-WS-17,known software,signed,Known Publisher,benign
TRUST-N-09068,2026-09-22T12:56:56Z,HR-WS-22,known software,trusted_internal,Known Publisher,benign
TRUST-N-03810,2026-09-22T12:57:25Z,HR-WS-22,known software,trusted_internal,Known Publisher,benign
TRUST-N-02350,2026-09-22T12:58:33Z,PATCH-01,known software,signed,Known Publisher,benign
TRUST-N-03482,2026-09-22T12:58:36Z,MGMT-01,known software,trusted_internal,Known Publisher,benign
TRUST-N-01018,2026-09-22T12:58:40Z,MGMT-01,known software,trusted_internal,Known Publisher,benign
TRUST-N-08762,2026-09-22T12:58:57Z,HR-WS-22,known software,trusted_internal,Known Publisher,benign
TRUST-N-06856,2026-09-22T12:59:56Z,HR-WS-08,known software,trusted_internal,Known Publisher,benign
TRUST-N-04584,2026-09-22T13:00:50Z,FIN-WS-09,known software,trusted_internal,Known Publisher,benign
TRUST-N-08678,2026-09-22T13:02:24Z,HR-WS-22,known software,signed,Known Publisher,benign
TRUST-N-03283,2026-09-22T13:03:33Z,DC-01,known software,trusted_internal,Known Publisher,benign
TRUST-N-07854,2026-09-22T13:03:57Z,ENG-WS-17,known software,signed,Known Publisher,benign
TRUST-N-02062,2026-09-22T13:04:27Z,PATCH-01,known software,signed,Known Publisher,benign
TRUST-N-09601,2026-09-22T13:04:43Z,PATCH-01,known software,trusted_internal,Known Publisher,benign
TRUST-N-02538,2026-09-22T13:04:52Z,DC-01,known software,signed,Known Publisher,benign
TRUST-N-06297,2026-09-22T13:06:39Z,PATCH-01,known software,signed,Known Publisher,benign
TRUST-N-01792,2026-09-22T13:06:47Z,PATCH-01,known software,signed,Known Publisher,benign
TRUST-N-02034,2026-09-22T13:08:00Z,FIN-WS-09,known software,signed,Known Publisher,benign
TRUST-N-01521,2026-09-22T13:08:26Z,ENG-WS-17,known software,signed,Known Publisher,benign
TRUST-N-07091,2026-09-22T13:08:52Z,FIN-WS-09,known software,signed,Known Publisher,benign
TRUST-N-08082,2026-09-22T13:08:57Z,HR-WS-22,known software,trusted_internal,Known Publisher,benign
TRUST-N-05874,2026-09-22T13:10:27Z,MGMT-01,known software,signed,Known Publisher,benign
TRUST-N-02606,2026-09-22T13:11:05Z,HR-WS-08,known software,trusted_internal,Known Publisher,benign
TRUST-N-09844,2026-09-22T13:11:20Z,MGMT-01,known software,trusted_internal,Known Publisher,benign
TRUST-N-06226,2026-09-22T13:11:52Z,MGMT-01,known software,signed,Known Publisher,benign
TRUST-N-06474,2026-09-22T13:12:23Z,FIN-WS-09,known software,signed,Known Publisher,benign
TRUST-N-01506,2026-09-22T13:13:28Z,HR-WS-08,known software,signed,Known Publisher,benign
TRUST-N-04387,2026-09-22T13:13:30Z,HR-WS-22,known software,trusted_internal,Known Publisher,benign
TRUST-N-05185,2026-09-22T13:13:46Z,HR-WS-22,known software,signed,Known Publisher,benign
TRUST-N-02143,2026-09-22T13:13:53Z,HR-WS-08,known software,signed,Known Publisher,benign
TRUST-N-05982,2026-09-22T13:14:27Z,PATCH-01,known software,trusted_internal,Known Publisher,benign
TRUST-N-04181,2026-09-22T13:14:34Z,FIN-WS-09,known software,trusted_internal,Known Publisher,benign
TRUST-N-06434,2026-09-22T13:14:58Z,PATCH-01,known software,signed,Known Publisher,benign
TRUST-N-00720,2026-09-22T13:15:28Z,HR-WS-08,known software,signed,Known Publisher,benign
TRUST-N-06150,2026-09-22T13:15:41Z,PATCH-01,known software,signed,Known Publisher,benign
TRUST-N-08669,2026-09-22T13:16:19Z,FIN-WS-09,known software,signed,Known Publisher,benign
TRUST-N-04454,2026-09-22T13:17:37Z,HR-WS-22,known software,signed,Known Publisher,benign
TRUST-N-07930,2026-09-22T13:18:27Z,FIN-WS-09,known software,signed,Known Publisher,benign
TRUST-N-09726,2026-09-22T13:18:59Z,PATCH-01,known software,signed,Known Publisher,benign
TRUST-N-02557,2026-09-22T13:19:47Z,ENG-WS-17,known software,trusted_internal,Known Publisher,benign
TRUST-N-06461,2026-09-22T13:20:20Z,HR-WS-08,known software,trusted_internal,Known Publisher,benign
TRUST-N-00411,2026-09-22T13:22:15Z,MGMT-01,known software,signed,Known Publisher,benign
TRUST-N-02902,2026-09-22T13:22:29Z,HR-WS-22,known software,signed,Known Publisher,benign
TRUST-N-06190,2026-09-22T13:23:37Z,FIN-WS-09,known software,signed,Known Publisher,benign
TRUST-N-01163,2026-09-22T13:23:56Z,APP-06,known software,signed,Known Publisher,benign
TRUST-N-00143,2026-09-22T13:24:40Z,DC-01,known software,signed,Known Publisher,benign
TRUST-N-07709,2026-09-22T13:25:39Z,HR-WS-22,known software,signed,Known Publisher,benign
TRUST-N-09711,2026-09-22T13:25:51Z,FIN-WS-09,known software,signed,Known Publisher,benign
TRUST-N-08746,2026-09-22T13:25:59Z,DC-01,known software,signed,Known Publisher,benign
TRUST-N-03404,2026-09-22T13:26:31Z,MGMT-01,known software,trusted_internal,Known Publisher,benign
TRUST-N-09753,2026-09-22T13:27:57Z,APP-06,known software,trusted_internal,Known Publisher,benign
TRUST-N-01734,2026-09-22T13:29:40Z,ENG-WS-17,known software,signed,Known Publisher,benign
TRUST-N-01831,2026-09-22T13:30:51Z,PATCH-01,known software,signed,Known Publisher,benign
TRUST-N-06944,2026-09-22T13:31:11Z,ENG-WS-17,known software,signed,Known Publisher,benign
TRUST-N-05853,2026-09-22T13:32:24Z,HR-WS-08,known software,trusted_internal,Known Publisher,benign
TRUST-N-06673,2026-09-22T13:33:45Z,HR-WS-22,known software,trusted_internal,Known Publisher,benign
TRUST-N-00247,2026-09-22T13:35:37Z,DC-01,known software,trusted_internal,Known Publisher,benign
TRUST-N-06429,2026-09-22T13:35:54Z,FIN-WS-09,known software,signed,Known Publisher,benign
TRUST-N-01142,2026-09-22T13:36:17Z,PATCH-01,known software,signed,Known Publisher,benign
TRUST-N-05006,2026-09-22T13:37:11Z,DC-01,known software,trusted_internal,Known Publisher,benign
TRUST-N-07680,2026-09-22T13:38:09Z,PATCH-01,known software,signed,Known Publisher,benign
TRUST-N-00449,2026-09-22T13:38:33Z,PATCH-01,known software,trusted_internal,Known Publisher,benign
TRUST-N-05868,2026-09-22T13:39:02Z,PATCH-01,known software,trusted_internal,Known Publisher,benign
TRUST-N-00290,2026-09-22T13:40:26Z,APP-06,known software,trusted_internal,Known Publisher,benign
TRUST-N-01906,2026-09-22T13:41:20Z,DC-01,known software,signed,Known Publisher,benign
TRUST-N-07581,2026-09-22T13:41:22Z,MGMT-01,known software,trusted_internal,Known Publisher,benign
TRUST-N-05286,2026-09-22T13:41:54Z,MGMT-01,known software,trusted_internal,Known Publisher,benign
TRUST-N-02993,2026-09-22T13:45:06Z,MGMT-01,known software,signed,Known Publisher,benign
TRUST-N-01278,2026-09-22T13:45:37Z,DC-01,known software,signed,Known Publisher,benign
TRUST-N-03474,2026-09-22T13:45:40Z,DC-01,known software,trusted_internal,Known Publisher,benign
TRUST-N-02285,2026-09-22T13:47:10Z,ENG-WS-17,known software,signed,Known Publisher,benign
TRUST-N-05076,2026-09-22T13:47:31Z,PATCH-01,known software,signed,Known Publisher,benign
TRUST-N-09187,2026-09-22T13:47:41Z,ENG-WS-17,known software,signed,Known Publisher,benign
TRUST-N-09101,2026-09-22T13:48:03Z,HR-WS-08,known software,trusted_internal,Known Publisher,benign
TRUST-N-09466,2026-09-22T13:48:23Z,FIN-WS-09,known software,signed,Known Publisher,benign
TRUST-N-02270,2026-09-22T13:48:47Z,APP-06,known software,signed,Known Publisher,benign
TRUST-N-06396,2026-09-22T13:48:49Z,MGMT-01,known software,signed,Known Publisher,benign
TRUST-N-05682,2026-09-22T13:49:08Z,ENG-WS-17,known software,trusted_internal,Known Publisher,benign
TRUST-N-01476,2026-09-22T13:49:10Z,MGMT-01,known software,trusted_internal,Known Publisher,benign
TRUST-N-01924,2026-09-22T13:50:06Z,APP-06,known software,signed,Known Publisher,benign
TRUST-N-09867,2026-09-22T13:50:09Z,HR-WS-08,known software,signed,Known Publisher,benign
TRUST-N-09692,2026-09-22T13:50:30Z,HR-WS-08,known software,signed,Known Publisher,benign
TRUST-N-05999,2026-09-22T13:51:33Z,FIN-WS-09,known software,trusted_internal,Known Publisher,benign
TRUST-N-00793,2026-09-22T13:52:35Z,PATCH-01,known software,trusted_internal,Known Publisher,benign
TRUST-N-03764,2026-09-22T13:53:17Z,MGMT-01,known software,signed,Known Publisher,benign
TRUST-N-03948,2026-09-22T13:53:26Z,HR-WS-22,known software,signed,Known Publisher,benign
TRUST-N-09326,2026-09-22T13:54:00Z,DC-01,known software,trusted_internal,Known Publisher,benign
TRUST-N-06192,2026-09-22T13:54:14Z,PATCH-01,known software,signed,Known Publisher,benign
TRUST-N-03980,2026-09-22T13:54:19Z,ENG-WS-17,known software,signed,Known Publisher,benign
TRUST-N-04051,2026-09-22T13:55:18Z,HR-WS-22,known software,signed,Known Publisher,benign
TRUST-N-07657,2026-09-22T13:55:57Z,FIN-WS-09,known software,signed,Known Publisher,benign
TRUST-N-02581,2026-09-22T13:58:29Z,ENG-WS-17,known software,signed,Known Publisher,benign
TRUST-N-05232,2026-09-22T13:58:33Z,APP-06,known software,trusted_internal,Known Publisher,benign
TRUST-N-03091,2026-09-22T13:58:34Z,FIN-WS-09,known software,signed,Known Publisher,benign
TRUST-N-09723,2026-09-22T13:58:40Z,APP-06,known software,trusted_internal,Known Publisher,benign
TRUST-N-06405,2026-09-22T13:59:42Z,HR-WS-08,known software,signed,Known Publisher,benign
TRUST-N-07557,2026-09-22T14:00:57Z,MGMT-01,known software,trusted_internal,Known Publisher,benign
TRUST-N-07773,2026-09-22T14:00:58Z,FIN-WS-09,known software,trusted_internal,Known Publisher,benign
TRUST-N-02072,2026-09-22T14:01:44Z,FIN-WS-09,known software,trusted_internal,Known Publisher,benign
TRUST-N-00824,2026-09-22T14:02:03Z,FIN-WS-09,known software,signed,Known Publisher,benign
TRUST-N-06819,2026-09-22T14:02:25Z,DC-01,known software,signed,Known Publisher,benign
TRUST-N-07302,2026-09-22T14:04:03Z,PATCH-01,known software,trusted_internal,Known Publisher,benign
TRUST-N-08848,2026-09-22T14:04:18Z,FIN-WS-09,known software,signed,Known Publisher,benign
TRUST-N-01407,2026-09-22T14:05:50Z,ENG-WS-17,known software,trusted_internal,Known Publisher,benign
TRUST-N-08201,2026-09-22T14:07:19Z,HR-WS-08,known software,signed,Known Publisher,benign
TRUST-N-03739,2026-09-22T14:07:27Z,HR-WS-08,known software,trusted_internal,Known Publisher,benign
TRUST-N-08418,2026-09-22T14:08:31Z,HR-WS-22,known software,trusted_internal,Known Publisher,benign
TRUST-N-00267,2026-09-22T14:09:02Z,HR-WS-08,known software,trusted_internal,Known Publisher,benign
TRUST-N-05243,2026-09-22T14:09:16Z,APP-06,known software,signed,Known Publisher,benign
TRUST-N-05489,2026-09-22T14:09:33Z,PATCH-01,known software,trusted_internal,Known Publisher,benign
TRUST-N-02182,2026-09-22T14:09:50Z,FIN-WS-09,known software,signed,Known Publisher,benign
TRUST-N-06145,2026-09-22T14:10:09Z,MGMT-01,known software,signed,Known Publisher,benign
TRUST-N-06075,2026-09-22T14:10:12Z,DC-01,known software,trusted_internal,Known Publisher,benign
TRUST-N-03679,2026-09-22T14:11:03Z,FIN-WS-09,known software,signed,Known Publisher,benign
TRUST-N-09191,2026-09-22T14:11:41Z,APP-06,known software,trusted_internal,Known Publisher,benign
TRUST-N-00353,2026-09-22T14:12:02Z,MGMT-01,known software,signed,Known Publisher,benign
TRUST-N-01358,2026-09-22T14:12:53Z,ENG-WS-17,known software,trusted_internal,Known Publisher,benign
TRUST-N-05408,2026-09-22T14:13:52Z,ENG-WS-17,known software,signed,Known Publisher,benign
TRUST-N-09584,2026-09-22T14:14:13Z,MGMT-01,known software,trusted_internal,Known Publisher,benign
TRUST-N-03959,2026-09-22T14:14:46Z,DC-01,known software,signed,Known Publisher,benign
TRUST-N-01045,2026-09-22T14:15:15Z,HR-WS-22,known software,signed,Known Publisher,benign
TRUST-N-03280,2026-09-22T14:16:12Z,FIN-WS-09,known software,signed,Known Publisher,benign
TRUST-N-00279,2026-09-22T14:16:26Z,APP-06,known software,trusted_internal,Known Publisher,benign
TRUST-N-06031,2026-09-22T14:16:30Z,HR-WS-22,known software,trusted_internal,Known Publisher,benign
TRUST-N-00338,2026-09-22T14:16:53Z,FIN-WS-09,known software,trusted_internal,Known Publisher,benign
TRUST-N-08541,2026-09-22T14:17:01Z,DC-01,known software,signed,Known Publisher,benign
TRUST-N-07502,2026-09-22T14:17:19Z,PATCH-01,known software,signed,Known Publisher,benign
TRUST-N-04924,2026-09-22T14:17:24Z,FIN-WS-09,known software,trusted_internal,Known Publisher,benign
TRUST-N-00191,2026-09-22T14:17:54Z,APP-06,known software,signed,Known Publisher,benign
TRUST-N-08876,2026-09-22T14:19:10Z,FIN-WS-09,known software,signed,Known Publisher,benign
TRUST-N-07209,2026-09-22T14:19:18Z,HR-WS-22,known software,trusted_internal,Known Publisher,benign
TRUST-N-04127,2026-09-22T14:19:23Z,HR-WS-22,known software,signed,Known Publisher,benign
TRUST-N-04959,2026-09-22T14:19:23Z,PATCH-01,known software,signed,Known Publisher,benign
TRUST-N-02721,2026-09-22T14:19:26Z,PATCH-01,known software,trusted_internal,Known Publisher,benign
TRUST-N-08197,2026-09-22T14:19:36Z,HR-WS-22,known software,signed,Known Publisher,benign
TRUST-N-02456,2026-09-22T14:20:42Z,HR-WS-22,known software,signed,Known Publisher,benign
TRUST-N-04818,2026-09-22T14:22:24Z,ENG-WS-17,known software,signed,Known Publisher,benign
TRUST-N-06243,2026-09-22T14:22:28Z,HR-WS-22,known software,trusted_internal,Known Publisher,benign
TRUST-N-02217,2026-09-22T14:22:58Z,DC-01,known software,trusted_internal,Known Publisher,benign
TRUST-N-04077,2026-09-22T14:23:10Z,FIN-WS-09,known software,signed,Known Publisher,benign
TRUST-N-00216,2026-09-22T14:23:15Z,MGMT-01,known software,trusted_internal,Known Publisher,benign
TRUST-N-06446,2026-09-22T14:23:20Z,APP-06,known software,signed,Known Publisher,benign
TRUST-N-05373,2026-09-22T14:24:13Z,APP-06,known software,signed,Known Publisher,benign
TRUST-N-06497,2026-09-22T14:24:38Z,MGMT-01,known software,signed,Known Publisher,benign
TRUST-N-02431,2026-09-22T14:24:57Z,MGMT-01,known software,signed,Known Publisher,benign
TRUST-N-03572,2026-09-22T14:25:12Z,ENG-WS-17,known software,signed,Known Publisher,benign
TRUST-N-05014,2026-09-22T14:25:16Z,MGMT-01,known software,signed,Known Publisher,benign
TRUST-N-09529,2026-09-22T14:25:27Z,MGMT-01,known software,trusted_internal,Known Publisher,benign
TRUST-N-04365,2026-09-22T14:26:43Z,MGMT-01,known software,trusted_internal,Known Publisher,benign
TRUST-N-02046,2026-09-22T14:27:06Z,FIN-WS-09,known software,signed,Known Publisher,benign
TRUST-N-02215,2026-09-22T14:27:22Z,APP-06,known software,trusted_internal,Known Publisher,benign
TRUST-N-01559,2026-09-22T14:27:43Z,APP-06,known software,signed,Known Publisher,benign
TRUST-N-03057,2026-09-22T14:27:44Z,HR-WS-08,known software,trusted_internal,Known Publisher,benign
TRUST-N-00335,2026-09-22T14:27:49Z,PATCH-01,known software,signed,Known Publisher,benign
TRUST-N-05601,2026-09-22T14:27:49Z,APP-06,known software,trusted_internal,Known Publisher,benign
TRUST-N-01953,2026-09-22T14:28:25Z,HR-WS-08,known software,signed,Known Publisher,benign
TRUST-N-01547,2026-09-22T14:28:48Z,APP-06,known software,trusted_internal,Known Publisher,benign
TRUST-N-00469,2026-09-22T14:28:58Z,PATCH-01,known software,signed,Known Publisher,benign
TRUST-N-01519,2026-09-22T14:29:09Z,PATCH-01,known software,signed,Known Publisher,benign
TRUST-N-00696,2026-09-22T14:29:49Z,MGMT-01,known software,signed,Known Publisher,benign
TRUST-N-06626,2026-09-22T14:30:09Z,PATCH-01,known software,trusted_internal,Known Publisher,benign
TRUST-N-09798,2026-09-22T14:30:09Z,HR-WS-08,known software,trusted_internal,Known Publisher,benign
TRUST-N-03871,2026-09-22T14:31:49Z,ENG-WS-17,known software,trusted_internal,Known Publisher,benign
TRUST-N-06923,2026-09-22T14:32:29Z,APP-06,known software,trusted_internal,Known Publisher,benign
TRUST-N-09721,2026-09-22T14:32:58Z,MGMT-01,known software,trusted_internal,Known Publisher,benign
TRUST-N-04050,2026-09-22T14:34:16Z,HR-WS-22,known software,trusted_internal,Known Publisher,benign
TRUST-N-02965,2026-09-22T14:35:26Z,FIN-WS-09,known software,signed,Known Publisher,benign
TRUST-N-03441,2026-09-22T14:35:37Z,FIN-WS-09,known software,signed,Known Publisher,benign
TRUST-N-07726,2026-09-22T14:35:50Z,DC-01,known software,trusted_internal,Known Publisher,benign
TRUST-N-02660,2026-09-22T14:36:04Z,ENG-WS-17,known software,signed,Known Publisher,benign
TRUST-N-00899,2026-09-22T14:36:14Z,DC-01,known software,trusted_internal,Known Publisher,benign
TRUST-N-07855,2026-09-22T14:36:54Z,PATCH-01,known software,signed,Known Publisher,benign
TRUST-N-00313,2026-09-22T14:37:07Z,FIN-WS-09,known software,trusted_internal,Known Publisher,benign
TRUST-N-06058,2026-09-22T14:37:50Z,ENG-WS-17,known software,trusted_internal,Known Publisher,benign
TRUST-N-03899,2026-09-22T14:38:36Z,PATCH-01,known software,signed,Known Publisher,benign
TRUST-N-03322,2026-09-22T14:39:00Z,DC-01,known software,trusted_internal,Known Publisher,benign
TRUST-N-00129,2026-09-22T14:40:21Z,FIN-WS-09,known software,trusted_internal,Known Publisher,benign
TRUST-N-01920,2026-09-22T14:40:47Z,DC-01,known software,signed,Known Publisher,benign
TRUST-N-08703,2026-09-22T14:41:16Z,HR-WS-22,known software,trusted_internal,Known Publisher,benign
TRUST-N-06282,2026-09-22T14:41:23Z,ENG-WS-17,known software,trusted_internal,Known Publisher,benign
TRUST-N-09994,2026-09-22T14:41:46Z,HR-WS-22,known software,trusted_internal,Known Publisher,benign
TRUST-N-02839,2026-09-22T14:41:47Z,MGMT-01,known software,signed,Known Publisher,benign
TRUST-N-06340,2026-09-22T14:42:01Z,MGMT-01,known software,signed,Known Publisher,benign
TRUST-N-04975,2026-09-22T14:42:22Z,HR-WS-08,known software,signed,Known Publisher,benign
TRUST-N-07081,2026-09-22T14:42:46Z,PATCH-01,known software,trusted_internal,Known Publisher,benign
TRUST-N-09556,2026-09-22T14:43:05Z,MGMT-01,known software,signed,Known Publisher,benign
TRUST-N-02978,2026-09-22T14:43:34Z,HR-WS-08,known software,trusted_internal,Known Publisher,benign
TRUST-N-01218,2026-09-22T14:43:52Z,APP-06,known software,signed,Known Publisher,benign
TRUST-N-05340,2026-09-22T14:44:01Z,HR-WS-08,known software,signed,Known Publisher,benign
TRUST-N-07246,2026-09-22T14:46:17Z,HR-WS-22,known software,trusted_internal,Known Publisher,benign
TRUST-N-01126,2026-09-22T14:46:38Z,PATCH-01,known software,trusted_internal,Known Publisher,benign
TRUST-N-06650,2026-09-22T14:47:13Z,HR-WS-22,known software,signed,Known Publisher,benign
TRUST-N-06025,2026-09-22T14:47:34Z,DC-01,known software,trusted_internal,Known Publisher,benign
TRUST-N-05956,2026-09-22T14:48:47Z,PATCH-01,known software,signed,Known Publisher,benign
TRUST-N-01628,2026-09-22T14:48:51Z,FIN-WS-09,known software,trusted_internal,Known Publisher,benign
TRUST-N-02489,2026-09-22T14:48:55Z,APP-06,known software,trusted_internal,Known Publisher,benign
TRUST-N-07991,2026-09-22T14:49:01Z,APP-06,known software,trusted_internal,Known Publisher,benign
TRUST-N-02722,2026-09-22T14:49:14Z,ENG-WS-17,known software,signed,Known Publisher,benign
TRUST-N-09735,2026-09-22T14:49:42Z,HR-WS-08,known software,signed,Known Publisher,benign
TRUST-N-04614,2026-09-22T14:49:46Z,HR-WS-22,known software,trusted_internal,Known Publisher,benign
TRUST-N-08727,2026-09-22T14:53:10Z,MGMT-01,known software,signed,Known Publisher,benign
TRUST-N-09459,2026-09-22T14:53:11Z,DC-01,known software,signed,Known Publisher,benign
TRUST-N-04047,2026-09-22T14:53:55Z,DC-01,known software,trusted_internal,Known Publisher,benign
TRUST-N-09931,2026-09-22T14:54:05Z,HR-WS-08,known software,trusted_internal,Known Publisher,benign
TRUST-N-01957,2026-09-22T14:55:31Z,FIN-WS-09,known software,trusted_internal,Known Publisher,benign
TRUST-N-07339,2026-09-22T14:56:14Z,MGMT-01,known software,signed,Known Publisher,benign
TRUST-N-07322,2026-09-22T14:56:29Z,PATCH-01,known software,signed,Known Publisher,benign
TRUST-N-02230,2026-09-22T14:56:33Z,HR-WS-08,known software,trusted_internal,Known Publisher,benign
TRUST-N-08531,2026-09-22T14:57:59Z,MGMT-01,known software,trusted_internal,Known Publisher,benign
TRUST-N-09792,2026-09-22T14:58:42Z,APP-06,known software,signed,Known Publisher,benign
TRUST-N-00882,2026-09-22T14:59:07Z,MGMT-01,known software,signed,Known Publisher,benign
TRUST-N-00189,2026-09-22T14:59:23Z,APP-06,known software,trusted_internal,Known Publisher,benign
TRUST-N-03902,2026-09-22T15:00:06Z,HR-WS-22,known software,trusted_internal,Known Publisher,benign
TRUST-N-02087,2026-09-22T15:00:25Z,DC-01,known software,trusted_internal,Known Publisher,benign
TRUST-N-06162,2026-09-22T15:00:50Z,APP-06,known software,signed,Known Publisher,benign
TRUST-N-03799,2026-09-22T15:01:31Z,DC-01,known software,signed,Known Publisher,benign
TRUST-N-00599,2026-09-22T15:03:11Z,APP-06,known software,signed,Known Publisher,benign
TRUST-N-01708,2026-09-22T15:03:32Z,DC-01,known software,trusted_internal,Known Publisher,benign
TRUST-N-02017,2026-09-22T15:03:43Z,ENG-WS-17,known software,trusted_internal,Known Publisher,benign
TRUST-N-03129,2026-09-22T15:04:03Z,FIN-WS-09,known software,signed,Known Publisher,benign
TRUST-N-00071,2026-09-22T15:04:05Z,APP-06,known software,trusted_internal,Known Publisher,benign
TRUST-N-06349,2026-09-22T15:04:05Z,PATCH-01,known software,trusted_internal,Known Publisher,benign
TRUST-N-04716,2026-09-22T15:04:35Z,APP-06,known software,signed,Known Publisher,benign
TRUST-N-03985,2026-09-22T15:04:46Z,FIN-WS-09,known software,signed,Known Publisher,benign
TRUST-N-01580,2026-09-22T15:06:52Z,HR-WS-22,known software,trusted_internal,Known Publisher,benign
TRUST-N-05886,2026-09-22T15:07:22Z,MGMT-01,known software,signed,Known Publisher,benign
TRUST-N-01085,2026-09-22T15:08:10Z,APP-06,known software,trusted_internal,Known Publisher,benign
TRUST-N-04690,2026-09-22T15:09:12Z,MGMT-01,known software,trusted_internal,Known Publisher,benign
TRUST-N-04575,2026-09-22T15:09:31Z,MGMT-01,known software,trusted_internal,Known Publisher,benign
TRUST-N-09279,2026-09-22T15:12:45Z,MGMT-01,known software,trusted_internal,Known Publisher,benign
TRUST-N-01064,2026-09-22T15:12:59Z,FIN-WS-09,known software,signed,Known Publisher,benign
TRUST-N-08543,2026-09-22T15:13:21Z,HR-WS-08,known software,trusted_internal,Known Publisher,benign
TRUST-N-03045,2026-09-22T15:13:24Z,HR-WS-22,known software,trusted_internal,Known Publisher,benign
TRUST-N-01106,2026-09-22T15:13:39Z,FIN-WS-09,known software,trusted_internal,Known Publisher,benign
TRUST-N-06857,2026-09-22T15:14:20Z,DC-01,known software,signed,Known Publisher,benign
TRUST-N-08797,2026-09-22T15:14:35Z,DC-01,known software,signed,Known Publisher,benign
TRUST-N-05581,2026-09-22T15:15:25Z,ENG-WS-17,known software,signed,Known Publisher,benign
TRUST-N-05344,2026-09-22T15:15:50Z,FIN-WS-09,known software,trusted_internal,Known Publisher,benign
TRUST-N-07441,2026-09-22T15:17:34Z,APP-06,known software,trusted_internal,Known Publisher,benign
TRUST-N-08587,2026-09-22T15:17:48Z,APP-06,known software,signed,Known Publisher,benign
TRUST-N-03203,2026-09-22T15:18:15Z,PATCH-01,known software,signed,Known Publisher,benign
TRUST-N-05987,2026-09-22T15:18:20Z,PATCH-01,known software,signed,Known Publisher,benign
TRUST-N-01069,2026-09-22T15:19:07Z,HR-WS-08,known software,signed,Known Publisher,benign
TRUST-N-04442,2026-09-22T15:19:42Z,PATCH-01,known software,signed,Known Publisher,benign
TRUST-N-03005,2026-09-22T15:19:59Z,HR-WS-08,known software,trusted_internal,Known Publisher,benign
TRUST-N-01056,2026-09-22T15:20:37Z,MGMT-01,known software,trusted_internal,Known Publisher,benign
TRUST-N-09600,2026-09-22T15:21:41Z,DC-01,known software,signed,Known Publisher,benign
TRUST-N-06514,2026-09-22T15:22:06Z,FIN-WS-09,known software,trusted_internal,Known Publisher,benign
TRUST-N-03419,2026-09-22T15:22:17Z,PATCH-01,known software,signed,Known Publisher,benign
TRUST-N-01515,2026-09-22T15:22:29Z,APP-06,known software,signed,Known Publisher,benign
TRUST-N-08698,2026-09-22T15:22:40Z,HR-WS-08,known software,signed,Known Publisher,benign
TRUST-N-04136,2026-09-22T15:24:28Z,DC-01,known software,signed,Known Publisher,benign
TRUST-N-08534,2026-09-22T15:24:34Z,PATCH-01,known software,signed,Known Publisher,benign
TRUST-N-03549,2026-09-22T15:24:55Z,PATCH-01,known software,signed,Known Publisher,benign
TRUST-N-08538,2026-09-22T15:25:03Z,FIN-WS-09,known software,trusted_internal,Known Publisher,benign
TRUST-N-03066,2026-09-22T15:25:56Z,PATCH-01,known software,trusted_internal,Known Publisher,benign
TRUST-N-09229,2026-09-22T15:27:04Z,MGMT-01,known software,signed,Known Publisher,benign
TRUST-N-06142,2026-09-22T15:27:17Z,APP-06,known software,signed,Known Publisher,benign
TRUST-N-00311,2026-09-22T15:27:30Z,FIN-WS-09,known software,trusted_internal,Known Publisher,benign
TRUST-N-05824,2026-09-22T15:28:09Z,ENG-WS-17,known software,signed,Known Publisher,benign
TRUST-N-01329,2026-09-22T15:28:12Z,APP-06,known software,trusted_internal,Known Publisher,benign
TRUST-N-05717,2026-09-22T15:28:19Z,PATCH-01,known software,trusted_internal,Known Publisher,benign
TRUST-N-07442,2026-09-22T15:28:43Z,PATCH-01,known software,signed,Known Publisher,benign
TRUST-N-02361,2026-09-22T15:29:33Z,MGMT-01,known software,trusted_internal,Known Publisher,benign
TRUST-N-09476,2026-09-22T15:29:36Z,DC-01,known software,trusted_internal,Known Publisher,benign
TRUST-N-01319,2026-09-22T15:30:49Z,HR-WS-08,known software,signed,Known Publisher,benign
TRUST-N-07367,2026-09-22T15:32:27Z,DC-01,known software,trusted_internal,Known Publisher,benign
TRUST-N-01488,2026-09-22T15:32:34Z,DC-01,known software,trusted_internal,Known Publisher,benign
TRUST-N-00243,2026-09-22T15:33:06Z,DC-01,known software,signed,Known Publisher,benign
TRUST-N-00186,2026-09-22T15:33:12Z,DC-01,known software,signed,Known Publisher,benign
TRUST-N-04035,2026-09-22T15:33:26Z,PATCH-01,known software,signed,Known Publisher,benign
TRUST-N-05042,2026-09-22T15:33:39Z,ENG-WS-17,known software,signed,Known Publisher,benign
TRUST-N-09750,2026-09-22T15:34:01Z,MGMT-01,known software,signed,Known Publisher,benign
TRUST-N-00911,2026-09-22T15:34:02Z,DC-01,known software,trusted_internal,Known Publisher,benign
TRUST-N-02007,2026-09-22T15:34:07Z,DC-01,known software,trusted_internal,Known Publisher,benign
TRUST-N-02991,2026-09-22T15:34:57Z,HR-WS-22,known software,trusted_internal,Known Publisher,benign
TRUST-N-04006,2026-09-22T15:34:57Z,HR-WS-22,known software,trusted_internal,Known Publisher,benign
TRUST-N-08597,2026-09-22T15:34:59Z,ENG-WS-17,known software,trusted_internal,Known Publisher,benign
TRUST-N-01846,2026-09-22T15:35:23Z,HR-WS-08,known software,signed,Known Publisher,benign
TRUST-N-00262,2026-09-22T15:35:54Z,APP-06,known software,trusted_internal,Known Publisher,benign
TRUST-N-02276,2026-09-22T15:35:58Z,FIN-WS-09,known software,trusted_internal,Known Publisher,benign
TRUST-N-06019,2026-09-22T15:36:51Z,MGMT-01,known software,signed,Known Publisher,benign
TRUST-N-05146,2026-09-22T15:36:57Z,HR-WS-22,known software,signed,Known Publisher,benign
TRUST-N-01492,2026-09-22T15:37:23Z,ENG-WS-17,known software,signed,Known Publisher,benign
TRUST-N-02706,2026-09-22T15:37:34Z,MGMT-01,known software,trusted_internal,Known Publisher,benign
TRUST-N-01193,2026-09-22T15:39:52Z,HR-WS-22,known software,trusted_internal,Known Publisher,benign
TRUST-N-03176,2026-09-22T15:40:27Z,ENG-WS-17,known software,trusted_internal,Known Publisher,benign
TRUST-N-05248,2026-09-22T15:41:02Z,APP-06,known software,trusted_internal,Known Publisher,benign
TRUST-N-00038,2026-09-22T15:42:12Z,HR-WS-08,known software,trusted_internal,Known Publisher,benign
TRUST-N-07843,2026-09-22T15:42:31Z,HR-WS-22,known software,signed,Known Publisher,benign
TRUST-N-00410,2026-09-22T15:43:04Z,HR-WS-22,known software,trusted_internal,Known Publisher,benign
TRUST-N-09764,2026-09-22T15:43:15Z,PATCH-01,known software,signed,Known Publisher,benign
TRUST-N-04536,2026-09-22T15:44:30Z,MGMT-01,known software,signed,Known Publisher,benign
TRUST-N-02755,2026-09-22T15:44:52Z,FIN-WS-09,known software,signed,Known Publisher,benign
TRUST-N-02671,2026-09-22T15:44:57Z,PATCH-01,known software,trusted_internal,Known Publisher,benign
TRUST-N-08881,2026-09-22T15:46:04Z,APP-06,known software,trusted_internal,Known Publisher,benign
TRUST-N-04413,2026-09-22T15:46:07Z,FIN-WS-09,known software,signed,Known Publisher,benign
TRUST-N-04002,2026-09-22T15:46:41Z,FIN-WS-09,known software,signed,Known Publisher,benign
TRUST-N-04197,2026-09-22T15:47:02Z,DC-01,known software,trusted_internal,Known Publisher,benign
TRUST-N-07311,2026-09-22T15:47:15Z,PATCH-01,known software,signed,Known Publisher,benign
TRUST-N-02580,2026-09-22T15:47:21Z,DC-01,known software,signed,Known Publisher,benign
TRUST-N-02641,2026-09-22T15:47:22Z,APP-06,known software,signed,Known Publisher,benign
TRUST-N-00464,2026-09-22T15:49:54Z,HR-WS-22,known software,signed,Known Publisher,benign
TRUST-N-09015,2026-09-22T15:49:54Z,FIN-WS-09,known software,signed,Known Publisher,benign
TRUST-N-04935,2026-09-22T15:51:16Z,HR-WS-08,known software,signed,Known Publisher,benign
TRUST-N-01436,2026-09-22T15:51:28Z,PATCH-01,known software,trusted_internal,Known Publisher,benign
TRUST-N-08282,2026-09-22T15:51:51Z,HR-WS-22,known software,signed,Known Publisher,benign
TRUST-N-04936,2026-09-22T15:52:07Z,DC-01,known software,signed,Known Publisher,benign
TRUST-N-09598,2026-09-22T15:52:12Z,APP-06,known software,signed,Known Publisher,benign
TRUST-N-05667,2026-09-22T15:52:19Z,ENG-WS-17,known software,signed,Known Publisher,benign
TRUST-N-07229,2026-09-22T15:52:21Z,HR-WS-08,known software,signed,Known Publisher,benign
TRUST-N-06516,2026-09-22T15:55:10Z,MGMT-01,known software,signed,Known Publisher,benign
TRUST-N-06054,2026-09-22T15:56:05Z,APP-06,known software,trusted_internal,Known Publisher,benign
TRUST-N-04339,2026-09-22T15:56:15Z,MGMT-01,known software,signed,Known Publisher,benign
TRUST-N-00550,2026-09-22T15:57:27Z,PATCH-01,known software,trusted_internal,Known Publisher,benign
TRUST-N-02211,2026-09-22T15:57:33Z,APP-06,known software,trusted_internal,Known Publisher,benign
TRUST-N-03136,2026-09-22T15:57:50Z,PATCH-01,known software,signed,Known Publisher,benign
TRUST-N-09757,2026-09-22T15:58:00Z,HR-WS-22,known software,signed,Known Publisher,benign
TRUST-N-08544,2026-09-22T15:58:46Z,HR-WS-22,known software,trusted_internal,Known Publisher,benign
TRUST-N-03055,2026-09-22T16:01:10Z,HR-WS-08,known software,trusted_internal,Known Publisher,benign
TRUST-N-02664,2026-09-22T16:01:45Z,HR-WS-08,known software,signed,Known Publisher,benign
TRUST-N-03612,2026-09-22T16:03:17Z,FIN-WS-09,known software,signed,Known Publisher,benign
TRUST-N-03897,2026-09-22T16:03:46Z,APP-06,known software,signed,Known Publisher,benign
TRUST-N-05583,2026-09-22T16:04:04Z,ENG-WS-17,known software,trusted_internal,Known Publisher,benign
TRUST-N-01551,2026-09-22T16:04:32Z,MGMT-01,known software,signed,Known Publisher,benign
TRUST-N-00250,2026-09-22T16:04:55Z,APP-06,known software,trusted_internal,Known Publisher,benign
TRUST-N-00982,2026-09-22T16:05:05Z,DC-01,known software,signed,Known Publisher,benign
TRUST-N-02121,2026-09-22T16:05:27Z,MGMT-01,known software,signed,Known Publisher,benign
TRUST-N-07690,2026-09-22T16:07:40Z,ENG-WS-17,known software,trusted_internal,Known Publisher,benign
TRUST-N-03928,2026-09-22T16:08:12Z,APP-06,known software,signed,Known Publisher,benign
TRUST-N-02689,2026-09-22T16:08:18Z,MGMT-01,known software,trusted_internal,Known Publisher,benign
TRUST-N-02514,2026-09-22T16:08:36Z,APP-06,known software,trusted_internal,Known Publisher,benign
TRUST-N-06120,2026-09-22T16:08:47Z,ENG-WS-17,known software,signed,Known Publisher,benign
TRUST-N-09737,2026-09-22T16:09:20Z,FIN-WS-09,known software,trusted_internal,Known Publisher,benign
TRUST-N-07814,2026-09-22T16:09:31Z,MGMT-01,known software,signed,Known Publisher,benign
TRUST-N-01349,2026-09-22T16:10:02Z,APP-06,known software,signed,Known Publisher,benign
TRUST-N-09226,2026-09-22T16:10:25Z,ENG-WS-17,known software,trusted_internal,Known Publisher,benign
TRUST-N-04786,2026-09-22T16:11:50Z,FIN-WS-09,known software,signed,Known Publisher,benign
TRUST-N-01791,2026-09-22T16:12:34Z,FIN-WS-09,known software,signed,Known Publisher,benign
TRUST-N-03196,2026-09-22T16:12:45Z,HR-WS-22,known software,trusted_internal,Known Publisher,benign
TRUST-N-07951,2026-09-22T16:16:34Z,ENG-WS-17,known software,trusted_internal,Known Publisher,benign
TRUST-N-04378,2026-09-22T16:17:14Z,PATCH-01,known software,trusted_internal,Known Publisher,benign
TRUST-N-02742,2026-09-22T16:18:55Z,HR-WS-22,known software,trusted_internal,Known Publisher,benign
TRUST-N-08807,2026-09-22T16:21:45Z,APP-06,known software,signed,Known Publisher,benign
TRUST-N-07750,2026-09-22T16:22:07Z,FIN-WS-09,known software,signed,Known Publisher,benign
TRUST-N-00443,2026-09-22T16:22:37Z,ENG-WS-17,known software,signed,Known Publisher,benign
TRUST-N-08922,2026-09-22T16:22:53Z,APP-06,known software,signed,Known Publisher,benign
TRUST-N-03459,2026-09-22T16:23:03Z,DC-01,known software,signed,Known Publisher,benign
TRUST-N-02105,2026-09-22T16:24:05Z,DC-01,known software,trusted_internal,Known Publisher,benign
TRUST-N-07602,2026-09-22T16:25:34Z,DC-01,known software,signed,Known Publisher,benign
TRUST-N-00861,2026-09-22T16:25:36Z,HR-WS-22,known software,trusted_internal,Known Publisher,benign
TRUST-N-01782,2026-09-22T16:25:40Z,HR-WS-08,known software,signed,Known Publisher,benign
TRUST-N-08229,2026-09-22T16:29:09Z,APP-06,known software,trusted_internal,Known Publisher,benign
TRUST-N-00849,2026-09-22T16:29:26Z,DC-01,known software,trusted_internal,Known Publisher,benign
TRUST-N-00200,2026-09-22T16:29:54Z,HR-WS-08,known software,trusted_internal,Known Publisher,benign
TRUST-N-08618,2026-09-22T16:29:58Z,HR-WS-22,known software,trusted_internal,Known Publisher,benign
TRUST-N-01938,2026-09-22T16:31:03Z,MGMT-01,known software,signed,Known Publisher,benign
TRUST-N-02748,2026-09-22T16:31:09Z,PATCH-01,known software,signed,Known Publisher,benign
TRUST-N-09163,2026-09-22T16:31:30Z,HR-WS-08,known software,signed,Known Publisher,benign
TRUST-N-06284,2026-09-22T16:31:57Z,HR-WS-08,known software,trusted_internal,Known Publisher,benign
TRUST-N-00472,2026-09-22T16:32:21Z,APP-06,known software,trusted_internal,Known Publisher,benign
TRUST-N-04792,2026-09-22T16:32:52Z,DC-01,known software,trusted_internal,Known Publisher,benign
TRUST-N-09880,2026-09-22T16:34:59Z,ENG-WS-17,known software,signed,Known Publisher,benign
TRUST-N-07528,2026-09-22T16:35:50Z,ENG-WS-17,known software,trusted_internal,Known Publisher,benign
TRUST-N-08371,2026-09-22T16:37:47Z,ENG-WS-17,known software,trusted_internal,Known Publisher,benign
TRUST-N-00074,2026-09-22T16:39:05Z,DC-01,known software,trusted_internal,Known Publisher,benign
TRUST-N-08811,2026-09-22T16:39:37Z,FIN-WS-09,known software,signed,Known Publisher,benign
TRUST-N-05199,2026-09-22T16:40:31Z,ENG-WS-17,known software,signed,Known Publisher,benign
TRUST-N-02911,2026-09-22T16:40:51Z,HR-WS-08,known software,trusted_internal,Known Publisher,benign
TRUST-N-07874,2026-09-22T16:41:00Z,DC-01,known software,trusted_internal,Known Publisher,benign
TRUST-N-06715,2026-09-22T16:42:18Z,FIN-WS-09,known software,signed,Known Publisher,benign
TRUST-N-09765,2026-09-22T16:43:35Z,ENG-WS-17,known software,signed,Known Publisher,benign
TRUST-N-08483,2026-09-22T16:44:30Z,PATCH-01,known software,signed,Known Publisher,benign
TRUST-N-09838,2026-09-22T16:44:52Z,MGMT-01,known software,signed,Known Publisher,benign
TRUST-N-01133,2026-09-22T16:46:26Z,HR-WS-08,known software,signed,Known Publisher,benign
TRUST-N-03637,2026-09-22T16:49:12Z,HR-WS-08,known software,signed,Known Publisher,benign
TRUST-N-01050,2026-09-22T16:49:52Z,HR-WS-22,known software,signed,Known Publisher,benign
TRUST-N-07016,2026-09-22T16:50:05Z,PATCH-01,known software,signed,Known Publisher,benign
TRUST-N-03705,2026-09-22T16:50:14Z,FIN-WS-09,known software,trusted_internal,Known Publisher,benign
TRUST-N-08223,2026-09-22T16:51:39Z,ENG-WS-17,known software,signed,Known Publisher,benign
TRUST-N-02149,2026-09-22T16:51:41Z,HR-WS-08,known software,signed,Known Publisher,benign
TRUST-N-01636,2026-09-22T16:51:59Z,HR-WS-22,known software,trusted_internal,Known Publisher,benign
TRUST-N-01482,2026-09-22T16:56:22Z,HR-WS-08,known software,trusted_internal,Known Publisher,benign
TRUST-N-09494,2026-09-22T16:57:02Z,ENG-WS-17,known software,signed,Known Publisher,benign
TRUST-N-02325,2026-09-22T16:57:06Z,ENG-WS-17,known software,trusted_internal,Known Publisher,benign
TRUST-N-09499,2026-09-22T16:57:21Z,HR-WS-22,known software,trusted_internal,Known Publisher,benign
TRUST-N-00218,2026-09-22T16:58:45Z,ENG-WS-17,known software,signed,Known Publisher,benign
TRUST-N-03539,2026-09-22T16:59:53Z,DC-01,known software,trusted_internal,Known Publisher,benign
TRUST-N-04190,2026-09-22T17:01:46Z,APP-06,known software,signed,Known Publisher,benign
TRUST-N-03252,2026-09-22T17:01:48Z,MGMT-01,known software,trusted_internal,Known Publisher,benign
TRUST-N-02542,2026-09-22T17:01:51Z,ENG-WS-17,known software,signed,Known Publisher,benign
TRUST-N-02906,2026-09-22T17:02:13Z,HR-WS-22,known software,signed,Known Publisher,benign
TRUST-N-04350,2026-09-22T17:02:19Z,HR-WS-08,known software,trusted_internal,Known Publisher,benign
TRUST-N-06089,2026-09-22T17:03:02Z,HR-WS-08,known software,signed,Known Publisher,benign
TRUST-N-03443,2026-09-22T17:03:22Z,HR-WS-22,known software,signed,Known Publisher,benign
TRUST-N-05379,2026-09-22T17:03:36Z,MGMT-01,known software,trusted_internal,Known Publisher,benign
TRUST-N-05942,2026-09-22T17:03:40Z,FIN-WS-09,known software,signed,Known Publisher,benign
TRUST-N-01538,2026-09-22T17:04:04Z,PATCH-01,known software,trusted_internal,Known Publisher,benign
TRUST-N-01766,2026-09-22T17:04:52Z,DC-01,known software,trusted_internal,Known Publisher,benign
TRUST-N-07786,2026-09-22T17:05:15Z,PATCH-01,known software,signed,Known Publisher,benign
TRUST-N-03158,2026-09-22T17:06:05Z,ENG-WS-17,known software,trusted_internal,Known Publisher,benign
TRUST-N-01378,2026-09-22T17:06:20Z,HR-WS-22,known software,trusted_internal,Known Publisher,benign
TRUST-N-03731,2026-09-22T17:06:34Z,APP-06,known software,trusted_internal,Known Publisher,benign
TRUST-N-01144,2026-09-22T17:07:16Z,MGMT-01,known software,signed,Known Publisher,benign
TRUST-N-00289,2026-09-22T17:08:09Z,ENG-WS-17,known software,trusted_internal,Known Publisher,benign
TRUST-N-02089,2026-09-22T17:09:40Z,ENG-WS-17,known software,signed,Known Publisher,benign
TRUST-N-02772,2026-09-22T17:10:16Z,MGMT-01,known software,signed,Known Publisher,benign
TRUST-N-05846,2026-09-22T17:11:10Z,APP-06,known software,trusted_internal,Known Publisher,benign
TRUST-N-06594,2026-09-22T17:11:10Z,FIN-WS-09,known software,trusted_internal,Known Publisher,benign
TRUST-N-05150,2026-09-22T17:11:14Z,PATCH-01,known software,trusted_internal,Known Publisher,benign
TRUST-N-01651,2026-09-22T17:11:57Z,DC-01,known software,signed,Known Publisher,benign
TRUST-N-09185,2026-09-22T17:12:11Z,ENG-WS-17,known software,signed,Known Publisher,benign
TRUST-N-03724,2026-09-22T17:12:24Z,PATCH-01,known software,trusted_internal,Known Publisher,benign
TRUST-N-03666,2026-09-22T17:12:46Z,HR-WS-08,known software,signed,Known Publisher,benign
TRUST-N-02150,2026-09-22T17:12:48Z,ENG-WS-17,known software,signed,Known Publisher,benign
TRUST-N-05141,2026-09-22T17:13:13Z,MGMT-01,known software,signed,Known Publisher,benign
TRUST-N-08051,2026-09-22T17:13:53Z,MGMT-01,known software,signed,Known Publisher,benign
TRUST-N-04428,2026-09-22T17:14:22Z,MGMT-01,known software,trusted_internal,Known Publisher,benign
TRUST-N-08227,2026-09-22T17:15:18Z,MGMT-01,known software,trusted_internal,Known Publisher,benign
TRUST-N-07184,2026-09-22T17:16:38Z,APP-06,known software,trusted_internal,Known Publisher,benign
TRUST-N-04601,2026-09-22T17:16:57Z,MGMT-01,known software,trusted_internal,Known Publisher,benign
TRUST-N-06357,2026-09-22T17:16:59Z,APP-06,known software,trusted_internal,Known Publisher,benign
TRUST-N-09164,2026-09-22T17:18:03Z,ENG-WS-17,known software,trusted_internal,Known Publisher,benign
TRUST-N-09276,2026-09-22T17:18:03Z,HR-WS-22,known software,signed,Known Publisher,benign
TRUST-N-01581,2026-09-22T17:20:14Z,PATCH-01,known software,signed,Known Publisher,benign
TRUST-N-09231,2026-09-22T17:20:19Z,DC-01,known software,trusted_internal,Known Publisher,benign
TRUST-N-03414,2026-09-22T17:20:32Z,PATCH-01,known software,trusted_internal,Known Publisher,benign
TRUST-N-08795,2026-09-22T17:21:39Z,HR-WS-08,known software,signed,Known Publisher,benign
TRUST-N-07740,2026-09-22T17:22:30Z,MGMT-01,known software,signed,Known Publisher,benign
TRUST-N-06831,2026-09-22T17:23:03Z,FIN-WS-09,known software,trusted_internal,Known Publisher,benign
TRUST-N-00051,2026-09-22T17:24:09Z,MGMT-01,known software,signed,Known Publisher,benign
TRUST-N-07944,2026-09-22T17:26:48Z,PATCH-01,known software,trusted_internal,Known Publisher,benign
TRUST-N-02451,2026-09-22T17:28:01Z,APP-06,known software,signed,Known Publisher,benign
TRUST-N-01212,2026-09-22T17:30:26Z,ENG-WS-17,known software,signed,Known Publisher,benign
TRUST-N-01054,2026-09-22T17:31:47Z,DC-01,known software,signed,Known Publisher,benign
TRUST-N-03255,2026-09-22T17:32:15Z,HR-WS-22,known software,trusted_internal,Known Publisher,benign
TRUST-N-07900,2026-09-22T17:33:24Z,ENG-WS-17,known software,trusted_internal,Known Publisher,benign
TRUST-N-03184,2026-09-22T17:33:31Z,PATCH-01,known software,signed,Known Publisher,benign
TRUST-N-00693,2026-09-22T17:33:34Z,HR-WS-08,known software,trusted_internal,Known Publisher,benign
TRUST-N-09220,2026-09-22T17:33:43Z,FIN-WS-09,known software,trusted_internal,Known Publisher,benign
TRUST-N-09447,2026-09-22T17:33:44Z,ENG-WS-17,known software,trusted_internal,Known Publisher,benign
TRUST-N-01876,2026-09-22T17:34:10Z,APP-06,known software,signed,Known Publisher,benign
TRUST-N-06136,2026-09-22T17:34:13Z,DC-01,known software,trusted_internal,Known Publisher,benign
TRUST-N-04846,2026-09-22T17:34:36Z,MGMT-01,known software,signed,Known Publisher,benign
TRUST-N-06950,2026-09-22T17:36:15Z,ENG-WS-17,known software,signed,Known Publisher,benign
TRUST-N-01751,2026-09-22T17:36:20Z,MGMT-01,known software,trusted_internal,Known Publisher,benign
TRUST-N-08533,2026-09-22T17:37:16Z,HR-WS-22,known software,trusted_internal,Known Publisher,benign
TRUST-N-08982,2026-09-22T17:39:50Z,APP-06,known software,signed,Known Publisher,benign
TRUST-N-07864,2026-09-22T17:40:07Z,PATCH-01,known software,trusted_internal,Known Publisher,benign
TRUST-N-08298,2026-09-22T17:40:16Z,HR-WS-22,known software,trusted_internal,Known Publisher,benign
TRUST-N-00867,2026-09-22T17:40:19Z,PATCH-01,known software,signed,Known Publisher,benign
TRUST-N-00240,2026-09-22T17:40:47Z,MGMT-01,known software,trusted_internal,Known Publisher,benign
TRUST-N-06486,2026-09-22T17:41:11Z,HR-WS-22,known software,signed,Known Publisher,benign
TRUST-N-02681,2026-09-22T17:44:21Z,ENG-WS-17,known software,signed,Known Publisher,benign
TRUST-N-03104,2026-09-22T17:44:27Z,DC-01,known software,signed,Known Publisher,benign
TRUST-N-04518,2026-09-22T17:44:46Z,HR-WS-22,known software,trusted_internal,Known Publisher,benign
TRUST-N-03861,2026-09-22T17:45:24Z,FIN-WS-09,known software,signed,Known Publisher,benign
TRUST-N-05783,2026-09-22T17:45:37Z,DC-01,known software,trusted_internal,Known Publisher,benign
TRUST-N-09311,2026-09-22T17:48:06Z,APP-06,known software,trusted_internal,Known Publisher,benign
TRUST-N-03197,2026-09-22T17:48:34Z,ENG-WS-17,known software,signed,Known Publisher,benign
TRUST-N-03584,2026-09-22T17:48:57Z,HR-WS-22,known software,signed,Known Publisher,benign
TRUST-N-00940,2026-09-22T17:50:29Z,ENG-WS-17,known software,signed,Known Publisher,benign
TRUST-N-03424,2026-09-22T17:50:35Z,MGMT-01,known software,signed,Known Publisher,benign
TRUST-N-09661,2026-09-22T17:51:26Z,PATCH-01,known software,trusted_internal,Known Publisher,benign
TRUST-N-00268,2026-09-22T17:52:12Z,MGMT-01,known software,signed,Known Publisher,benign
TRUST-N-05087,2026-09-22T17:52:25Z,MGMT-01,known software,trusted_internal,Known Publisher,benign
TRUST-N-06132,2026-09-22T17:55:09Z,DC-01,known software,signed,Known Publisher,benign
TRUST-N-09174,2026-09-22T17:55:12Z,ENG-WS-17,known software,trusted_internal,Known Publisher,benign
TRUST-N-09347,2026-09-22T17:55:17Z,PATCH-01,known software,signed,Known Publisher,benign
TRUST-N-03979,2026-09-22T17:56:45Z,HR-WS-22,known software,trusted_internal,Known Publisher,benign
TRUST-N-02437,2026-09-22T17:56:51Z,DC-01,known software,signed,Known Publisher,benign
TRUST-N-02468,2026-09-22T17:57:10Z,HR-WS-08,known software,trusted_internal,Known Publisher,benign
TRUST-N-03272,2026-09-22T17:57:28Z,FIN-WS-09,known software,signed,Known Publisher,benign
TRUST-N-08516,2026-09-22T17:58:14Z,HR-WS-22,known software,trusted_internal,Known Publisher,benign
TRUST-N-05028,2026-09-22T17:59:16Z,HR-WS-08,known software,trusted_internal,Known Publisher,benign
TRUST-N-04654,2026-09-22T17:59:44Z,DC-01,known software,signed,Known Publisher,benign
TRUST-N-05053,2026-09-22T18:00:59Z,PATCH-01,known software,trusted_internal,Known Publisher,benign
TRUST-N-02859,2026-09-22T18:01:48Z,ENG-WS-17,known software,trusted_internal,Known Publisher,benign
TRUST-N-02929,2026-09-22T18:02:07Z,FIN-WS-09,known software,signed,Known Publisher,benign
TRUST-N-02354,2026-09-22T18:02:42Z,ENG-WS-17,known software,trusted_internal,Known Publisher,benign
TRUST-N-02547,2026-09-22T18:03:45Z,HR-WS-22,known software,trusted_internal,Known Publisher,benign
TRUST-N-05733,2026-09-22T18:03:50Z,HR-WS-22,known software,signed,Known Publisher,benign
TRUST-N-07472,2026-09-22T18:04:44Z,HR-WS-08,known software,trusted_internal,Known Publisher,benign
TRUST-N-02830,2026-09-22T18:06:10Z,HR-WS-08,known software,signed,Known Publisher,benign
TRUST-N-03647,2026-09-22T18:06:45Z,PATCH-01,known software,signed,Known Publisher,benign
TRUST-N-02255,2026-09-22T18:09:18Z,FIN-WS-09,known software,trusted_internal,Known Publisher,benign
TRUST-N-08507,2026-09-22T18:09:18Z,DC-01,known software,signed,Known Publisher,benign
TRUST-N-03674,2026-09-22T18:09:19Z,HR-WS-08,known software,trusted_internal,Known Publisher,benign
TRUST-N-08814,2026-09-22T18:09:36Z,HR-WS-22,known software,trusted_internal,Known Publisher,benign
TRUST-N-00455,2026-09-22T18:09:42Z,HR-WS-22,known software,trusted_internal,Known Publisher,benign
TRUST-N-05086,2026-09-22T18:09:42Z,PATCH-01,known software,signed,Known Publisher,benign
TRUST-N-01778,2026-09-22T18:10:45Z,PATCH-01,known software,trusted_internal,Known Publisher,benign
TRUST-N-02172,2026-09-22T18:10:49Z,MGMT-01,known software,signed,Known Publisher,benign
TRUST-N-03648,2026-09-22T18:12:39Z,FIN-WS-09,known software,signed,Known Publisher,benign
TRUST-N-08611,2026-09-22T18:13:21Z,APP-06,known software,signed,Known Publisher,benign
TRUST-N-04621,2026-09-22T18:15:54Z,APP-06,known software,trusted_internal,Known Publisher,benign
TRUST-N-03063,2026-09-22T18:16:06Z,ENG-WS-17,known software,signed,Known Publisher,benign
TRUST-N-02438,2026-09-22T18:16:56Z,MGMT-01,known software,trusted_internal,Known Publisher,benign
TRUST-N-00854,2026-09-22T18:17:03Z,FIN-WS-09,known software,signed,Known Publisher,benign
TRUST-N-02984,2026-09-22T18:17:09Z,HR-WS-22,known software,trusted_internal,Known Publisher,benign
TRUST-N-00775,2026-09-22T18:17:11Z,FIN-WS-09,known software,signed,Known Publisher,benign
TRUST-N-05763,2026-09-22T18:17:22Z,MGMT-01,known software,signed,Known Publisher,benign
TRUST-N-00837,2026-09-22T18:18:12Z,ENG-WS-17,known software,trusted_internal,Known Publisher,benign
TRUST-N-05839,2026-09-22T18:18:36Z,FIN-WS-09,known software,trusted_internal,Known Publisher,benign
TRUST-N-07171,2026-09-22T18:18:43Z,HR-WS-08,known software,signed,Known Publisher,benign
TRUST-N-01317,2026-09-22T18:18:55Z,HR-WS-08,known software,trusted_internal,Known Publisher,benign
TRUST-N-08693,2026-09-22T18:19:12Z,PATCH-01,known software,trusted_internal,Known Publisher,benign
TRUST-N-04948,2026-09-22T18:20:16Z,APP-06,known software,signed,Known Publisher,benign
TRUST-N-03805,2026-09-22T18:20:21Z,PATCH-01,known software,signed,Known Publisher,benign
TRUST-N-09514,2026-09-22T18:20:39Z,ENG-WS-17,known software,signed,Known Publisher,benign
TRUST-N-09760,2026-09-22T18:20:52Z,HR-WS-08,known software,signed,Known Publisher,benign
TRUST-N-02154,2026-09-22T18:21:49Z,HR-WS-22,known software,signed,Known Publisher,benign
TRUST-N-07456,2026-09-22T18:22:15Z,PATCH-01,known software,signed,Known Publisher,benign
TRUST-N-04332,2026-09-22T18:22:23Z,HR-WS-08,known software,signed,Known Publisher,benign
TRUST-N-01617,2026-09-22T18:22:51Z,PATCH-01,known software,signed,Known Publisher,benign
TRUST-N-08828,2026-09-22T18:22:57Z,MGMT-01,known software,signed,Known Publisher,benign
TRUST-N-03718,2026-09-22T18:23:21Z,HR-WS-22,known software,trusted_internal,Known Publisher,benign
TRUST-N-01480,2026-09-22T18:23:34Z,MGMT-01,known software,trusted_internal,Known Publisher,benign
TRUST-N-03932,2026-09-22T18:23:43Z,ENG-WS-17,known software,trusted_internal,Known Publisher,benign
TRUST-N-05531,2026-09-22T18:24:24Z,APP-06,known software,signed,Known Publisher,benign
TRUST-N-08092,2026-09-22T18:24:56Z,DC-01,known software,trusted_internal,Known Publisher,benign
TRUST-N-09259,2026-09-22T18:24:59Z,PATCH-01,known software,trusted_internal,Known Publisher,benign
TRUST-N-02127,2026-09-22T18:25:04Z,PATCH-01,known software,trusted_internal,Known Publisher,benign
TRUST-N-05925,2026-09-22T18:26:00Z,DC-01,known software,signed,Known Publisher,benign
TRUST-N-03610,2026-09-22T18:26:45Z,DC-01,known software,signed,Known Publisher,benign
TRUST-N-04363,2026-09-22T18:27:57Z,HR-WS-08,known software,signed,Known Publisher,benign
TRUST-N-03195,2026-09-22T18:28:46Z,DC-01,known software,trusted_internal,Known Publisher,benign
TRUST-N-08680,2026-09-22T18:28:58Z,HR-WS-22,known software,signed,Known Publisher,benign
TRUST-N-00988,2026-09-22T18:29:58Z,APP-06,known software,signed,Known Publisher,benign
TRUST-N-08452,2026-09-22T18:29:58Z,APP-06,known software,signed,Known Publisher,benign
TRUST-N-09270,2026-09-22T18:30:21Z,PATCH-01,known software,trusted_internal,Known Publisher,benign
TRUST-N-09357,2026-09-22T18:31:22Z,PATCH-01,known software,trusted_internal,Known Publisher,benign
TRUST-N-07652,2026-09-22T18:31:40Z,HR-WS-08,known software,trusted_internal,Known Publisher,benign
TRUST-N-07381,2026-09-22T18:32:17Z,MGMT-01,known software,trusted_internal,Known Publisher,benign
TRUST-N-03451,2026-09-22T18:34:06Z,DC-01,known software,trusted_internal,Known Publisher,benign
TRUST-N-05555,2026-09-22T18:34:09Z,HR-WS-08,known software,signed,Known Publisher,benign
TRUST-N-04635,2026-09-22T18:34:23Z,ENG-WS-17,known software,trusted_internal,Known Publisher,benign
TRUST-N-07699,2026-09-22T18:34:43Z,MGMT-01,known software,signed,Known Publisher,benign
TRUST-N-03593,2026-09-22T18:34:59Z,PATCH-01,known software,trusted_internal,Known Publisher,benign
TRUST-N-01356,2026-09-22T18:35:27Z,HR-WS-08,known software,trusted_internal,Known Publisher,benign
TRUST-N-02063,2026-09-22T18:35:44Z,HR-WS-22,known software,signed,Known Publisher,benign
TRUST-N-06513,2026-09-22T18:36:14Z,HR-WS-22,known software,signed,Known Publisher,benign
TRUST-N-04102,2026-09-22T18:36:32Z,MGMT-01,known software,trusted_internal,Known Publisher,benign
TRUST-N-01035,2026-09-22T18:37:00Z,HR-WS-08,known software,trusted_internal,Known Publisher,benign
TRUST-N-09673,2026-09-22T18:37:36Z,ENG-WS-17,known software,trusted_internal,Known Publisher,benign
TRUST-N-06500,2026-09-22T18:38:03Z,PATCH-01,known software,trusted_internal,Known Publisher,benign
TRUST-N-02084,2026-09-22T18:38:16Z,DC-01,known software,trusted_internal,Known Publisher,benign
TRUST-N-07626,2026-09-22T18:38:29Z,HR-WS-08,known software,trusted_internal,Known Publisher,benign
TRUST-N-06490,2026-09-22T18:38:50Z,MGMT-01,known software,trusted_internal,Known Publisher,benign
TRUST-N-02158,2026-09-22T18:39:15Z,DC-01,known software,signed,Known Publisher,benign
TRUST-N-05460,2026-09-22T18:40:00Z,MGMT-01,known software,trusted_internal,Known Publisher,benign
TRUST-N-04319,2026-09-22T18:40:57Z,MGMT-01,known software,trusted_internal,Known Publisher,benign
TRUST-N-01004,2026-09-22T18:41:24Z,DC-01,known software,signed,Known Publisher,benign
TRUST-N-07251,2026-09-22T18:42:01Z,DC-01,known software,trusted_internal,Known Publisher,benign
TRUST-N-07806,2026-09-22T18:43:53Z,DC-01,known software,signed,Known Publisher,benign
TRUST-N-06039,2026-09-22T18:45:15Z,HR-WS-08,known software,trusted_internal,Known Publisher,benign
TRUST-N-05451,2026-09-22T18:46:06Z,FIN-WS-09,known software,trusted_internal,Known Publisher,benign
TRUST-N-03557,2026-09-22T18:46:53Z,PATCH-01,known software,signed,Known Publisher,benign
TRUST-N-01223,2026-09-22T18:46:54Z,FIN-WS-09,known software,signed,Known Publisher,benign
TRUST-N-07622,2026-09-22T18:47:31Z,HR-WS-22,known software,trusted_internal,Known Publisher,benign
TRUST-N-06542,2026-09-22T18:48:07Z,HR-WS-22,known software,trusted_internal,Known Publisher,benign
TRUST-N-02098,2026-09-22T18:48:37Z,PATCH-01,known software,trusted_internal,Known Publisher,benign
TRUST-N-08385,2026-09-22T18:50:27Z,MGMT-01,known software,trusted_internal,Known Publisher,benign
TRUST-N-07790,2026-09-22T18:50:37Z,APP-06,known software,trusted_internal,Known Publisher,benign
TRUST-N-08638,2026-09-22T18:50:57Z,DC-01,known software,trusted_internal,Known Publisher,benign
TRUST-N-00060,2026-09-22T18:51:06Z,DC-01,known software,signed,Known Publisher,benign
TRUST-N-05911,2026-09-22T18:51:22Z,FIN-WS-09,known software,signed,Known Publisher,benign
TRUST-N-04240,2026-09-22T18:51:40Z,APP-06,known software,trusted_internal,Known Publisher,benign
TRUST-N-08249,2026-09-22T18:51:40Z,PATCH-01,known software,trusted_internal,Known Publisher,benign
TRUST-N-05859,2026-09-22T18:52:46Z,FIN-WS-09,known software,signed,Known Publisher,benign
TRUST-N-04970,2026-09-22T18:53:44Z,HR-WS-22,known software,trusted_internal,Known Publisher,benign
TRUST-N-01716,2026-09-22T18:55:00Z,HR-WS-08,known software,trusted_internal,Known Publisher,benign
TRUST-N-09221,2026-09-22T18:55:15Z,HR-WS-08,known software,signed,Known Publisher,benign
TRUST-N-01722,2026-09-22T18:55:32Z,HR-WS-08,known software,signed,Known Publisher,benign
TRUST-N-07827,2026-09-22T18:56:57Z,MGMT-01,known software,trusted_internal,Known Publisher,benign
TRUST-N-09124,2026-09-22T18:57:18Z,FIN-WS-09,known software,trusted_internal,Known Publisher,benign
TRUST-N-06491,2026-09-22T18:58:09Z,APP-06,known software,trusted_internal,Known Publisher,benign
TRUST-N-03242,2026-09-22T18:58:17Z,HR-WS-08,known software,trusted_internal,Known Publisher,benign
TRUST-N-00710,2026-09-22T18:58:18Z,PATCH-01,known software,signed,Known Publisher,benign
TRUST-N-09199,2026-09-22T18:58:18Z,FIN-WS-09,known software,trusted_internal,Known Publisher,benign
TRUST-N-07207,2026-09-22T18:58:31Z,FIN-WS-09,known software,signed,Known Publisher,benign
TRUST-N-03688,2026-09-22T18:58:51Z,MGMT-01,known software,signed,Known Publisher,benign
TRUST-N-06905,2026-09-22T18:59:03Z,FIN-WS-09,known software,signed,Known Publisher,benign
TRUST-N-07919,2026-09-22T18:59:20Z,FIN-WS-09,known software,signed,Known Publisher,benign
TRUST-N-04094,2026-09-22T19:00:43Z,APP-06,known software,signed,Known Publisher,benign
TRUST-N-09699,2026-09-22T19:01:02Z,PATCH-01,known software,signed,Known Publisher,benign
TRUST-N-07753,2026-09-22T19:01:16Z,FIN-WS-09,known software,signed,Known Publisher,benign
TRUST-N-04088,2026-09-22T19:02:14Z,ENG-WS-17,known software,signed,Known Publisher,benign
TRUST-N-00758,2026-09-22T19:02:30Z,DC-01,known software,signed,Known Publisher,benign
TRUST-N-04999,2026-09-22T19:02:30Z,APP-06,known software,trusted_internal,Known Publisher,benign
TRUST-N-02450,2026-09-22T19:03:18Z,DC-01,known software,signed,Known Publisher,benign
TRUST-N-03888,2026-09-22T19:04:24Z,DC-01,known software,trusted_internal,Known Publisher,benign
TRUST-N-08885,2026-09-22T19:05:10Z,APP-06,known software,trusted_internal,Known Publisher,benign
TRUST-N-01440,2026-09-22T19:05:55Z,DC-01,known software,signed,Known Publisher,benign
TRUST-N-04551,2026-09-22T19:06:30Z,ENG-WS-17,known software,trusted_internal,Known Publisher,benign
TRUST-N-04231,2026-09-22T19:06:31Z,DC-01,known software,signed,Known Publisher,benign
TRUST-N-06713,2026-09-22T19:06:55Z,HR-WS-08,known software,signed,Known Publisher,benign
TRUST-N-06198,2026-09-22T19:06:58Z,APP-06,known software,trusted_internal,Known Publisher,benign
TRUST-N-00858,2026-09-22T19:07:18Z,MGMT-01,known software,trusted_internal,Known Publisher,benign
TRUST-N-02779,2026-09-22T19:07:51Z,APP-06,known software,trusted_internal,Known Publisher,benign
TRUST-N-04315,2026-09-22T19:08:21Z,ENG-WS-17,known software,trusted_internal,Known Publisher,benign
TRUST-N-06515,2026-09-22T19:08:21Z,HR-WS-08,known software,trusted_internal,Known Publisher,benign
TRUST-N-03113,2026-09-22T19:08:37Z,HR-WS-22,known software,trusted_internal,Known Publisher,benign
TRUST-N-02556,2026-09-22T19:08:41Z,PATCH-01,known software,signed,Known Publisher,benign
TRUST-N-07258,2026-09-22T19:09:30Z,HR-WS-08,known software,signed,Known Publisher,benign
TRUST-N-02088,2026-09-22T19:12:14Z,FIN-WS-09,known software,signed,Known Publisher,benign
TRUST-N-08331,2026-09-22T19:13:13Z,HR-WS-22,known software,trusted_internal,Known Publisher,benign
TRUST-N-08096,2026-09-22T19:13:26Z,DC-01,known software,signed,Known Publisher,benign
TRUST-N-01951,2026-09-22T19:13:30Z,HR-WS-08,known software,trusted_internal,Known Publisher,benign
TRUST-N-09036,2026-09-22T19:15:32Z,DC-01,known software,signed,Known Publisher,benign
TRUST-N-01314,2026-09-22T19:15:46Z,MGMT-01,known software,signed,Known Publisher,benign
TRUST-N-08950,2026-09-22T19:16:16Z,HR-WS-08,known software,signed,Known Publisher,benign
TRUST-N-08705,2026-09-22T19:16:19Z,DC-01,known software,signed,Known Publisher,benign
TRUST-N-01985,2026-09-22T19:16:52Z,HR-WS-08,known software,signed,Known Publisher,benign
TRUST-N-08844,2026-09-22T19:17:18Z,HR-WS-08,known software,trusted_internal,Known Publisher,benign
TRUST-N-02912,2026-09-22T19:18:04Z,HR-WS-22,known software,signed,Known Publisher,benign
TRUST-N-07545,2026-09-22T19:19:52Z,ENG-WS-17,known software,trusted_internal,Known Publisher,benign
TRUST-N-01160,2026-09-22T19:19:57Z,FIN-WS-09,known software,signed,Known Publisher,benign
TRUST-N-01287,2026-09-22T19:20:18Z,HR-WS-22,known software,signed,Known Publisher,benign
TRUST-N-09731,2026-09-22T19:22:34Z,PATCH-01,known software,trusted_internal,Known Publisher,benign
TRUST-N-04657,2026-09-22T19:23:01Z,HR-WS-22,known software,signed,Known Publisher,benign
TRUST-N-06414,2026-09-22T19:24:26Z,PATCH-01,known software,signed,Known Publisher,benign
TRUST-N-01646,2026-09-22T19:24:45Z,PATCH-01,known software,signed,Known Publisher,benign
TRUST-N-03880,2026-09-22T19:25:18Z,FIN-WS-09,known software,signed,Known Publisher,benign
TRUST-N-04005,2026-09-22T19:25:24Z,APP-06,known software,trusted_internal,Known Publisher,benign
TRUST-N-03192,2026-09-22T19:26:34Z,ENG-WS-17,known software,trusted_internal,Known Publisher,benign
TRUST-N-06985,2026-09-22T19:27:25Z,APP-06,known software,trusted_internal,Known Publisher,benign
TRUST-N-08240,2026-09-22T19:27:37Z,HR-WS-08,known software,signed,Known Publisher,benign
TRUST-N-04054,2026-09-22T19:28:26Z,PATCH-01,known software,signed,Known Publisher,benign
TRUST-N-09360,2026-09-22T19:28:32Z,PATCH-01,known software,signed,Known Publisher,benign
TRUST-N-00695,2026-09-22T19:29:17Z,PATCH-01,known software,signed,Known Publisher,benign
TRUST-N-09786,2026-09-22T19:30:52Z,DC-01,known software,trusted_internal,Known Publisher,benign
TRUST-N-08436,2026-09-22T19:31:20Z,DC-01,known software,signed,Known Publisher,benign
TRUST-N-06293,2026-09-22T19:32:14Z,HR-WS-22,known software,signed,Known Publisher,benign
TRUST-N-01346,2026-09-22T19:32:25Z,DC-01,known software,trusted_internal,Known Publisher,benign
TRUST-N-02790,2026-09-22T19:32:26Z,PATCH-01,known software,signed,Known Publisher,benign
TRUST-N-07466,2026-09-22T19:32:56Z,HR-WS-08,known software,signed,Known Publisher,benign
TRUST-N-09554,2026-09-22T19:33:35Z,HR-WS-22,known software,trusted_internal,Known Publisher,benign
TRUST-N-04964,2026-09-22T19:33:56Z,HR-WS-22,known software,signed,Known Publisher,benign
TRUST-N-09471,2026-09-22T19:33:56Z,MGMT-01,known software,signed,Known Publisher,benign
TRUST-N-07717,2026-09-22T19:34:01Z,DC-01,known software,signed,Known Publisher,benign
TRUST-N-01221,2026-09-22T19:34:16Z,HR-WS-08,known software,signed,Known Publisher,benign
TRUST-N-03450,2026-09-22T19:34:39Z,ENG-WS-17,known software,signed,Known Publisher,benign
TRUST-N-06465,2026-09-22T19:34:45Z,HR-WS-08,known software,trusted_internal,Known Publisher,benign
TRUST-N-07737,2026-09-22T19:34:51Z,MGMT-01,known software,signed,Known Publisher,benign
TRUST-N-06957,2026-09-22T19:34:55Z,HR-WS-22,known software,trusted_internal,Known Publisher,benign
TRUST-N-06181,2026-09-22T19:35:25Z,MGMT-01,known software,trusted_internal,Known Publisher,benign
TRUST-N-08709,2026-09-22T19:37:02Z,ENG-WS-17,known software,signed,Known Publisher,benign
TRUST-N-01843,2026-09-22T19:37:05Z,PATCH-01,known software,trusted_internal,Known Publisher,benign
TRUST-N-06303,2026-09-22T19:37:26Z,MGMT-01,known software,signed,Known Publisher,benign
TRUST-N-00877,2026-09-22T19:37:28Z,DC-01,known software,trusted_internal,Known Publisher,benign
TRUST-N-06271,2026-09-22T19:37:40Z,APP-06,known software,signed,Known Publisher,benign
TRUST-N-03201,2026-09-22T19:38:33Z,HR-WS-08,known software,trusted_internal,Known Publisher,benign
TRUST-N-09355,2026-09-22T19:38:35Z,MGMT-01,known software,signed,Known Publisher,benign
TRUST-N-09293,2026-09-22T19:38:59Z,FIN-WS-09,known software,signed,Known Publisher,benign
TRUST-N-00721,2026-09-22T19:39:07Z,FIN-WS-09,known software,trusted_internal,Known Publisher,benign
TRUST-N-06367,2026-09-22T19:40:33Z,HR-WS-08,known software,trusted_internal,Known Publisher,benign
TRUST-N-01174,2026-09-22T19:40:56Z,FIN-WS-09,known software,trusted_internal,Known Publisher,benign
TRUST-N-01689,2026-09-22T19:41:42Z,APP-06,known software,signed,Known Publisher,benign
TRUST-N-00011,2026-09-22T19:43:07Z,HR-WS-22,known software,signed,Known Publisher,benign
TRUST-N-07939,2026-09-22T19:44:19Z,APP-06,known software,signed,Known Publisher,benign
TRUST-N-09382,2026-09-22T19:45:00Z,ENG-WS-17,known software,trusted_internal,Known Publisher,benign
TRUST-N-05122,2026-09-22T19:45:02Z,ENG-WS-17,known software,trusted_internal,Known Publisher,benign
TRUST-N-01690,2026-09-22T19:45:15Z,MGMT-01,known software,trusted_internal,Known Publisher,benign
TRUST-N-05778,2026-09-22T19:45:15Z,FIN-WS-09,known software,signed,Known Publisher,benign
TRUST-N-01077,2026-09-22T19:45:27Z,DC-01,known software,trusted_internal,Known Publisher,benign
TRUST-N-09916,2026-09-22T19:45:46Z,HR-WS-22,known software,trusted_internal,Known Publisher,benign
TRUST-N-03842,2026-09-22T19:46:08Z,ENG-WS-17,known software,trusted_internal,Known Publisher,benign
TRUST-N-05532,2026-09-22T19:46:10Z,HR-WS-22,known software,signed,Known Publisher,benign
TRUST-N-05260,2026-09-22T19:47:45Z,HR-WS-08,known software,trusted_internal,Known Publisher,benign
TRUST-N-00750,2026-09-22T19:48:49Z,APP-06,known software,signed,Known Publisher,benign
TRUST-N-06597,2026-09-22T19:49:38Z,PATCH-01,known software,trusted_internal,Known Publisher,benign
TRUST-N-08784,2026-09-22T19:50:17Z,DC-01,known software,signed,Known Publisher,benign
TRUST-N-01793,2026-09-22T19:50:32Z,ENG-WS-17,known software,signed,Known Publisher,benign
TRUST-N-08224,2026-09-22T19:50:41Z,PATCH-01,known software,trusted_internal,Known Publisher,benign
TRUST-N-09426,2026-09-22T19:50:58Z,HR-WS-22,known software,signed,Known Publisher,benign
TRUST-N-05572,2026-09-22T19:51:15Z,APP-06,known software,trusted_internal,Known Publisher,benign
TRUST-N-00633,2026-09-22T19:51:37Z,MGMT-01,known software,trusted_internal,Known Publisher,benign
TRUST-N-00358,2026-09-22T19:52:08Z,MGMT-01,known software,signed,Known Publisher,benign
TRUST-N-06360,2026-09-22T19:52:13Z,FIN-WS-09,known software,trusted_internal,Known Publisher,benign
TRUST-N-06928,2026-09-22T19:52:16Z,ENG-WS-17,known software,trusted_internal,Known Publisher,benign
TRUST-N-07865,2026-09-22T19:52:19Z,HR-WS-22,known software,signed,Known Publisher,benign
TRUST-N-00774,2026-09-22T19:52:47Z,FIN-WS-09,known software,trusted_internal,Known Publisher,benign
TRUST-N-04311,2026-09-22T19:53:04Z,PATCH-01,known software,signed,Known Publisher,benign
TRUST-N-00474,2026-09-22T19:53:12Z,HR-WS-22,known software,trusted_internal,Known Publisher,benign
TRUST-N-07427,2026-09-22T19:53:20Z,MGMT-01,known software,trusted_internal,Known Publisher,benign
TRUST-N-02949,2026-09-22T19:54:21Z,APP-06,known software,trusted_internal,Known Publisher,benign
TRUST-N-03309,2026-09-22T19:54:50Z,HR-WS-08,known software,trusted_internal,Known Publisher,benign
TRUST-N-05354,2026-09-22T19:56:39Z,APP-06,known software,signed,Known Publisher,benign
TRUST-N-05258,2026-09-22T19:57:46Z,HR-WS-08,known software,trusted_internal,Known Publisher,benign
TRUST-N-07974,2026-09-22T19:58:07Z,HR-WS-22,known software,signed,Known Publisher,benign
TRUST-N-09650,2026-09-22T19:58:09Z,MGMT-01,known software,signed,Known Publisher,benign
TRUST-N-01060,2026-09-22T19:58:46Z,DC-01,known software,trusted_internal,Known Publisher,benign
TRUST-N-09379,2026-09-22T19:58:54Z,HR-WS-08,known software,trusted_internal,Known Publisher,benign
TRUST-N-03428,2026-09-22T19:59:04Z,MGMT-01,known software,signed,Known Publisher,benign
TRUST-N-02344,2026-09-22T19:59:12Z,ENG-WS-17,known software,signed,Known Publisher,benign
TRUST-N-08368,2026-09-22T20:00:22Z,FIN-WS-09,known software,signed,Known Publisher,benign
TRUST-N-05579,2026-09-22T20:01:41Z,PATCH-01,known software,signed,Known Publisher,benign
TRUST-N-06223,2026-09-22T20:01:52Z,DC-01,known software,trusted_internal,Known Publisher,benign
TRUST-N-03577,2026-09-22T20:02:43Z,FIN-WS-09,known software,trusted_internal,Known Publisher,benign
TRUST-N-01968,2026-09-22T20:04:10Z,FIN-WS-09,known software,signed,Known Publisher,benign
TRUST-N-00880,2026-09-22T20:04:43Z,HR-WS-08,known software,signed,Known Publisher,benign
TRUST-N-09318,2026-09-22T20:05:06Z,HR-WS-08,known software,signed,Known Publisher,benign
TRUST-N-00611,2026-09-22T20:06:11Z,DC-01,known software,trusted_internal,Known Publisher,benign
TRUST-N-08081,2026-09-22T20:06:56Z,MGMT-01,known software,signed,Known Publisher,benign
TRUST-N-06151,2026-09-22T20:09:30Z,HR-WS-08,known software,trusted_internal,Known Publisher,benign
TRUST-N-08078,2026-09-22T20:09:32Z,MGMT-01,known software,signed,Known Publisher,benign
TRUST-N-02733,2026-09-22T20:11:00Z,MGMT-01,known software,trusted_internal,Known Publisher,benign
TRUST-N-03366,2026-09-22T20:11:18Z,DC-01,known software,trusted_internal,Known Publisher,benign
TRUST-N-02930,2026-09-22T20:11:37Z,ENG-WS-17,known software,signed,Known Publisher,benign
TRUST-N-05512,2026-09-22T20:11:37Z,ENG-WS-17,known software,signed,Known Publisher,benign
TRUST-N-09517,2026-09-22T20:11:57Z,PATCH-01,known software,trusted_internal,Known Publisher,benign
TRUST-N-03788,2026-09-22T20:12:22Z,APP-06,known software,signed,Known Publisher,benign
TRUST-N-07542,2026-09-22T20:13:01Z,HR-WS-22,known software,signed,Known Publisher,benign
TRUST-N-06091,2026-09-22T20:13:12Z,MGMT-01,known software,trusted_internal,Known Publisher,benign
TRUST-N-00227,2026-09-22T20:13:55Z,MGMT-01,known software,signed,Known Publisher,benign
TRUST-N-08449,2026-09-22T20:14:03Z,ENG-WS-17,known software,signed,Known Publisher,benign
TRUST-N-04603,2026-09-22T20:14:33Z,HR-WS-08,known software,signed,Known Publisher,benign
TRUST-N-09698,2026-09-22T20:15:03Z,MGMT-01,known software,signed,Known Publisher,benign
TRUST-N-00915,2026-09-22T20:15:30Z,FIN-WS-09,known software,signed,Known Publisher,benign
TRUST-N-07517,2026-09-22T20:15:35Z,FIN-WS-09,known software,trusted_internal,Known Publisher,benign
TRUST-N-01456,2026-09-22T20:16:18Z,ENG-WS-17,known software,signed,Known Publisher,benign
TRUST-N-01425,2026-09-22T20:17:17Z,HR-WS-22,known software,signed,Known Publisher,benign
TRUST-N-03704,2026-09-22T20:17:34Z,HR-WS-08,known software,signed,Known Publisher,benign
TRUST-N-01437,2026-09-22T20:18:04Z,MGMT-01,known software,signed,Known Publisher,benign
TRUST-N-04204,2026-09-22T20:18:25Z,ENG-WS-17,known software,signed,Known Publisher,benign
TRUST-N-00188,2026-09-22T20:18:35Z,HR-WS-22,known software,trusted_internal,Known Publisher,benign
TRUST-N-00141,2026-09-22T20:18:45Z,PATCH-01,known software,signed,Known Publisher,benign
TRUST-N-00026,2026-09-22T20:19:26Z,HR-WS-22,known software,signed,Known Publisher,benign
TRUST-N-06027,2026-09-22T20:20:31Z,MGMT-01,known software,signed,Known Publisher,benign
TRUST-N-04186,2026-09-22T20:21:08Z,DC-01,known software,trusted_internal,Known Publisher,benign
TRUST-N-08419,2026-09-22T20:21:09Z,ENG-WS-17,known software,trusted_internal,Known Publisher,benign
TRUST-N-02828,2026-09-22T20:21:17Z,HR-WS-08,known software,trusted_internal,Known Publisher,benign
TRUST-N-02694,2026-09-22T20:22:00Z,PATCH-01,known software,trusted_internal,Known Publisher,benign
TRUST-N-06595,2026-09-22T20:22:24Z,PATCH-01,known software,trusted_internal,Known Publisher,benign
TRUST-N-00936,2026-09-22T20:23:40Z,APP-06,known software,signed,Known Publisher,benign
TRUST-N-09491,2026-09-22T20:24:18Z,FIN-WS-09,known software,trusted_internal,Known Publisher,benign
TRUST-N-07687,2026-09-22T20:24:51Z,PATCH-01,known software,signed,Known Publisher,benign
TRUST-N-01105,2026-09-22T20:25:39Z,DC-01,known software,trusted_internal,Known Publisher,benign
TRUST-N-02682,2026-09-22T20:26:28Z,APP-06,known software,trusted_internal,Known Publisher,benign
TRUST-N-05390,2026-09-22T20:26:29Z,ENG-WS-17,known software,signed,Known Publisher,benign
TRUST-N-05620,2026-09-22T20:26:43Z,MGMT-01,known software,trusted_internal,Known Publisher,benign
TRUST-N-04128,2026-09-22T20:29:46Z,HR-WS-08,known software,signed,Known Publisher,benign
TRUST-N-06264,2026-09-22T20:31:12Z,HR-WS-08,known software,signed,Known Publisher,benign
TRUST-N-01705,2026-09-22T20:31:31Z,APP-06,known software,trusted_internal,Known Publisher,benign
TRUST-N-08090,2026-09-22T20:31:43Z,HR-WS-08,known software,trusted_internal,Known Publisher,benign
TRUST-N-06711,2026-09-22T20:32:06Z,HR-WS-22,known software,trusted_internal,Known Publisher,benign
TRUST-N-06693,2026-09-22T20:32:09Z,APP-06,known software,signed,Known Publisher,benign
TRUST-N-04468,2026-09-22T20:32:33Z,ENG-WS-17,known software,signed,Known Publisher,benign
TRUST-N-08996,2026-09-22T20:33:55Z,PATCH-01,known software,signed,Known Publisher,benign
TRUST-N-01698,2026-09-22T20:34:02Z,APP-06,known software,signed,Known Publisher,benign
TRUST-N-06387,2026-09-22T20:34:13Z,PATCH-01,known software,trusted_internal,Known Publisher,benign
TRUST-N-05732,2026-09-22T20:35:22Z,HR-WS-08,known software,signed,Known Publisher,benign
TRUST-N-09045,2026-09-22T20:36:26Z,MGMT-01,known software,signed,Known Publisher,benign
TRUST-N-02434,2026-09-22T20:36:49Z,MGMT-01,known software,signed,Known Publisher,benign
TRUST-N-05681,2026-09-22T20:37:11Z,ENG-WS-17,known software,signed,Known Publisher,benign
TRUST-N-07105,2026-09-22T20:38:14Z,FIN-WS-09,known software,signed,Known Publisher,benign
TRUST-N-07021,2026-09-22T20:38:49Z,APP-06,known software,trusted_internal,Known Publisher,benign
TRUST-N-07134,2026-09-22T20:38:53Z,MGMT-01,known software,trusted_internal,Known Publisher,benign
TRUST-N-00389,2026-09-22T20:38:59Z,MGMT-01,known software,signed,Known Publisher,benign
TRUST-N-03589,2026-09-22T20:39:33Z,HR-WS-08,known software,trusted_internal,Known Publisher,benign
TRUST-N-05510,2026-09-22T20:39:53Z,HR-WS-22,known software,signed,Known Publisher,benign
TRUST-N-09274,2026-09-22T20:41:47Z,HR-WS-22,known software,trusted_internal,Known Publisher,benign
TRUST-N-04757,2026-09-22T20:42:02Z,MGMT-01,known software,trusted_internal,Known Publisher,benign
TRUST-N-02517,2026-09-22T20:42:57Z,DC-01,known software,trusted_internal,Known Publisher,benign
TRUST-N-04287,2026-09-22T20:43:13Z,PATCH-01,known software,signed,Known Publisher,benign
TRUST-N-08135,2026-09-22T20:43:33Z,MGMT-01,known software,signed,Known Publisher,benign
TRUST-N-00926,2026-09-22T20:44:11Z,HR-WS-08,known software,signed,Known Publisher,benign
TRUST-N-08043,2026-09-22T20:44:19Z,HR-WS-22,known software,signed,Known Publisher,benign
TRUST-N-01118,2026-09-22T20:44:43Z,DC-01,known software,trusted_internal,Known Publisher,benign
TRUST-N-09388,2026-09-22T20:44:45Z,DC-01,known software,signed,Known Publisher,benign
TRUST-N-08813,2026-09-22T20:44:59Z,MGMT-01,known software,trusted_internal,Known Publisher,benign
TRUST-N-02732,2026-09-22T20:45:24Z,DC-01,known software,trusted_internal,Known Publisher,benign
TRUST-N-09811,2026-09-22T20:45:25Z,HR-WS-08,known software,trusted_internal,Known Publisher,benign
TRUST-N-07549,2026-09-22T20:46:06Z,PATCH-01,known software,trusted_internal,Known Publisher,benign
TRUST-N-02540,2026-09-22T20:47:00Z,FIN-WS-09,known software,signed,Known Publisher,benign
TRUST-N-00779,2026-09-22T20:48:49Z,MGMT-01,known software,signed,Known Publisher,benign
TRUST-N-09893,2026-09-22T20:49:05Z,MGMT-01,known software,signed,Known Publisher,benign
TRUST-N-05998,2026-09-22T20:49:22Z,HR-WS-22,known software,trusted_internal,Known Publisher,benign
TRUST-N-04105,2026-09-22T20:49:30Z,HR-WS-08,known software,signed,Known Publisher,benign
TRUST-N-00965,2026-09-22T20:49:47Z,MGMT-01,known software,signed,Known Publisher,benign
TRUST-N-05238,2026-09-22T20:50:50Z,HR-WS-08,known software,trusted_internal,Known Publisher,benign
TRUST-N-03115,2026-09-22T20:52:19Z,HR-WS-22,known software,trusted_internal,Known Publisher,benign
TRUST-N-07366,2026-09-22T20:52:55Z,APP-06,known software,trusted_internal,Known Publisher,benign
TRUST-N-02649,2026-09-22T20:53:28Z,ENG-WS-17,known software,signed,Known Publisher,benign
TRUST-N-08904,2026-09-22T20:54:06Z,APP-06,known software,trusted_internal,Known Publisher,benign
TRUST-N-05124,2026-09-22T20:54:23Z,APP-06,known software,signed,Known Publisher,benign
TRUST-N-00652,2026-09-22T20:54:27Z,HR-WS-08,known software,trusted_internal,Known Publisher,benign
TRUST-N-05978,2026-09-22T20:55:27Z,DC-01,known software,trusted_internal,Known Publisher,benign
TRUST-N-09602,2026-09-22T20:55:39Z,MGMT-01,known software,trusted_internal,Known Publisher,benign
TRUST-N-01529,2026-09-22T20:56:51Z,PATCH-01,known software,trusted_internal,Known Publisher,benign
TRUST-N-08528,2026-09-22T20:57:13Z,ENG-WS-17,known software,signed,Known Publisher,benign
TRUST-N-05414,2026-09-22T20:58:44Z,HR-WS-22,known software,trusted_internal,Known Publisher,benign
TRUST-N-05434,2026-09-22T20:59:17Z,HR-WS-08,known software,trusted_internal,Known Publisher,benign
TRUST-N-08527,2026-09-22T20:59:26Z,FIN-WS-09,known software,trusted_internal,Known Publisher,benign
TRUST-N-06007,2026-09-22T20:59:58Z,ENG-WS-17,known software,trusted_internal,Known Publisher,benign
TRUST-N-06930,2026-09-22T21:00:42Z,ENG-WS-17,known software,signed,Known Publisher,benign
TRUST-N-05715,2026-09-22T21:01:18Z,DC-01,known software,signed,Known Publisher,benign
TRUST-N-05065,2026-09-22T21:01:27Z,FIN-WS-09,known software,signed,Known Publisher,benign
TRUST-N-02234,2026-09-22T21:01:31Z,PATCH-01,known software,signed,Known Publisher,benign
TRUST-N-05091,2026-09-22T21:02:14Z,APP-06,known software,trusted_internal,Known Publisher,benign
TRUST-N-08892,2026-09-22T21:02:33Z,APP-06,known software,trusted_internal,Known Publisher,benign
TRUST-N-04376,2026-09-22T21:03:51Z,APP-06,known software,trusted_internal,Known Publisher,benign
TRUST-N-01798,2026-09-22T21:04:12Z,APP-06,known software,signed,Known Publisher,benign
TRUST-N-05739,2026-09-22T21:04:21Z,PATCH-01,known software,trusted_internal,Known Publisher,benign
TRUST-N-08213,2026-09-22T21:04:24Z,APP-06,known software,trusted_internal,Known Publisher,benign
TRUST-N-03761,2026-09-22T21:04:48Z,FIN-WS-09,known software,trusted_internal,Known Publisher,benign
TRUST-N-05914,2026-09-22T21:04:57Z,FIN-WS-09,known software,signed,Known Publisher,benign
TRUST-N-06722,2026-09-22T21:05:29Z,MGMT-01,known software,trusted_internal,Known Publisher,benign
TRUST-N-01150,2026-09-22T21:05:55Z,HR-WS-08,known software,signed,Known Publisher,benign
TRUST-N-05971,2026-09-22T21:06:38Z,FIN-WS-09,known software,signed,Known Publisher,benign
TRUST-N-07031,2026-09-22T21:06:46Z,APP-06,known software,signed,Known Publisher,benign
TRUST-N-00212,2026-09-22T21:07:16Z,HR-WS-22,known software,trusted_internal,Known Publisher,benign
TRUST-N-05805,2026-09-22T21:07:22Z,HR-WS-08,known software,signed,Known Publisher,benign
TRUST-N-04424,2026-09-22T21:10:50Z,ENG-WS-17,known software,trusted_internal,Known Publisher,benign
TRUST-N-07084,2026-09-22T21:11:59Z,PATCH-01,known software,signed,Known Publisher,benign
TRUST-N-08928,2026-09-22T21:12:05Z,HR-WS-22,known software,trusted_internal,Known Publisher,benign
TRUST-N-06484,2026-09-22T21:13:38Z,MGMT-01,known software,trusted_internal,Known Publisher,benign
TRUST-N-06462,2026-09-22T21:13:42Z,PATCH-01,known software,signed,Known Publisher,benign
TRUST-N-03103,2026-09-22T21:13:58Z,HR-WS-22,known software,trusted_internal,Known Publisher,benign
TRUST-N-00457,2026-09-22T21:14:48Z,HR-WS-22,known software,trusted_internal,Known Publisher,benign
TRUST-N-01391,2026-09-22T21:15:24Z,APP-06,known software,trusted_internal,Known Publisher,benign
TRUST-N-01236,2026-09-22T21:17:21Z,HR-WS-08,known software,trusted_internal,Known Publisher,benign
TRUST-N-09021,2026-09-22T21:17:36Z,ENG-WS-17,known software,trusted_internal,Known Publisher,benign
TRUST-N-08361,2026-09-22T21:18:08Z,FIN-WS-09,known software,signed,Known Publisher,benign
TRUST-N-06987,2026-09-22T21:18:29Z,ENG-WS-17,known software,trusted_internal,Known Publisher,benign
TRUST-N-09023,2026-09-22T21:19:52Z,FIN-WS-09,known software,trusted_internal,Known Publisher,benign
TRUST-N-03167,2026-09-22T21:20:00Z,APP-06,known software,trusted_internal,Known Publisher,benign
TRUST-N-00043,2026-09-22T21:20:57Z,PATCH-01,known software,signed,Known Publisher,benign
TRUST-N-08052,2026-09-22T21:21:09Z,ENG-WS-17,known software,signed,Known Publisher,benign
TRUST-N-02233,2026-09-22T21:21:56Z,MGMT-01,known software,trusted_internal,Known Publisher,benign
TRUST-N-00504,2026-09-22T21:22:08Z,MGMT-01,known software,signed,Known Publisher,benign
TRUST-N-02784,2026-09-22T21:23:05Z,ENG-WS-17,known software,trusted_internal,Known Publisher,benign
TRUST-N-04695,2026-09-22T21:24:03Z,MGMT-01,known software,signed,Known Publisher,benign
TRUST-N-06634,2026-09-22T21:24:47Z,ENG-WS-17,known software,signed,Known Publisher,benign
TRUST-N-01916,2026-09-22T21:24:49Z,APP-06,known software,signed,Known Publisher,benign
TRUST-N-08869,2026-09-22T21:24:59Z,FIN-WS-09,known software,signed,Known Publisher,benign
TRUST-N-01629,2026-09-22T21:25:44Z,HR-WS-08,known software,signed,Known Publisher,benign
TRUST-N-03467,2026-09-22T21:26:26Z,DC-01,known software,signed,Known Publisher,benign
TRUST-N-05904,2026-09-22T21:26:53Z,APP-06,known software,trusted_internal,Known Publisher,benign
TRUST-N-08426,2026-09-22T21:27:44Z,MGMT-01,known software,trusted_internal,Known Publisher,benign
TRUST-N-04667,2026-09-22T21:27:50Z,PATCH-01,known software,trusted_internal,Known Publisher,benign
TRUST-N-06800,2026-09-22T21:28:03Z,FIN-WS-09,known software,trusted_internal,Known Publisher,benign
TRUST-N-04653,2026-09-22T21:28:28Z,APP-06,known software,trusted_internal,Known Publisher,benign
TRUST-N-08221,2026-09-22T21:29:39Z,FIN-WS-09,known software,trusted_internal,Known Publisher,benign
TRUST-N-00859,2026-09-22T21:30:06Z,MGMT-01,known software,trusted_internal,Known Publisher,benign
TRUST-N-01748,2026-09-22T21:30:56Z,DC-01,known software,signed,Known Publisher,benign
TRUST-N-00323,2026-09-22T21:31:01Z,MGMT-01,known software,signed,Known Publisher,benign
TRUST-N-08646,2026-09-22T21:32:02Z,MGMT-01,known software,signed,Known Publisher,benign
TRUST-N-09510,2026-09-22T21:32:07Z,APP-06,known software,signed,Known Publisher,benign
TRUST-N-06205,2026-09-22T21:32:22Z,DC-01,known software,signed,Known Publisher,benign
TRUST-N-09869,2026-09-22T21:32:26Z,PATCH-01,known software,trusted_internal,Known Publisher,benign
TRUST-N-08367,2026-09-22T21:32:30Z,DC-01,known software,signed,Known Publisher,benign
TRUST-N-01550,2026-09-22T21:33:27Z,PATCH-01,known software,signed,Known Publisher,benign
TRUST-N-06844,2026-09-22T21:33:37Z,HR-WS-22,known software,signed,Known Publisher,benign
TRUST-N-07157,2026-09-22T21:34:13Z,MGMT-01,known software,trusted_internal,Known Publisher,benign
TRUST-N-00183,2026-09-22T21:35:00Z,PATCH-01,known software,signed,Known Publisher,benign
TRUST-N-09779,2026-09-22T21:35:29Z,APP-06,known software,trusted_internal,Known Publisher,benign
TRUST-N-02817,2026-09-22T21:36:38Z,APP-06,known software,trusted_internal,Known Publisher,benign
TRUST-N-01594,2026-09-22T21:36:48Z,ENG-WS-17,known software,signed,Known Publisher,benign
TRUST-N-06370,2026-09-22T21:36:49Z,PATCH-01,known software,signed,Known Publisher,benign
TRUST-N-06011,2026-09-22T21:37:44Z,FIN-WS-09,known software,trusted_internal,Known Publisher,benign
TRUST-N-08270,2026-09-22T21:38:33Z,MGMT-01,known software,signed,Known Publisher,benign
TRUST-N-02999,2026-09-22T21:38:53Z,HR-WS-08,known software,trusted_internal,Known Publisher,benign
TRUST-N-05566,2026-09-22T21:39:07Z,FIN-WS-09,known software,signed,Known Publisher,benign
TRUST-N-06050,2026-09-22T21:39:15Z,APP-06,known software,trusted_internal,Known Publisher,benign
TRUST-N-04820,2026-09-22T21:39:22Z,HR-WS-22,known software,signed,Known Publisher,benign
TRUST-N-03444,2026-09-22T21:39:29Z,DC-01,known software,trusted_internal,Known Publisher,benign
TRUST-N-02240,2026-09-22T21:39:40Z,HR-WS-08,known software,trusted_internal,Known Publisher,benign
TRUST-N-05177,2026-09-22T21:40:21Z,ENG-WS-17,known software,trusted_internal,Known Publisher,benign
TRUST-N-08324,2026-09-22T21:40:45Z,ENG-WS-17,known software,signed,Known Publisher,benign
TRUST-N-07191,2026-09-22T21:42:24Z,FIN-WS-09,known software,trusted_internal,Known Publisher,benign
TRUST-N-03744,2026-09-22T21:42:27Z,HR-WS-22,known software,signed,Known Publisher,benign
TRUST-N-01692,2026-09-22T21:43:03Z,DC-01,known software,trusted_internal,Known Publisher,benign
TRUST-N-02180,2026-09-22T21:43:34Z,ENG-WS-17,known software,signed,Known Publisher,benign
TRUST-N-09790,2026-09-22T21:44:12Z,MGMT-01,known software,trusted_internal,Known Publisher,benign
TRUST-N-05646,2026-09-22T21:44:26Z,ENG-WS-17,known software,signed,Known Publisher,benign
TRUST-N-08070,2026-09-22T21:45:37Z,DC-01,known software,trusted_internal,Known Publisher,benign
TRUST-N-06449,2026-09-22T21:45:38Z,ENG-WS-17,known software,trusted_internal,Known Publisher,benign
TRUST-N-07589,2026-09-22T21:45:45Z,HR-WS-08,known software,trusted_internal,Known Publisher,benign
TRUST-N-09528,2026-09-22T21:45:53Z,FIN-WS-09,known software,trusted_internal,Known Publisher,benign
TRUST-N-08364,2026-09-22T21:46:32Z,HR-WS-08,known software,trusted_internal,Known Publisher,benign
TRUST-N-03376,2026-09-22T21:46:41Z,FIN-WS-09,known software,signed,Known Publisher,benign
TRUST-N-07186,2026-09-22T21:46:45Z,HR-WS-22,known software,trusted_internal,Known Publisher,benign
TRUST-N-00067,2026-09-22T21:46:57Z,DC-01,known software,trusted_internal,Known Publisher,benign
TRUST-N-03911,2026-09-22T21:47:52Z,DC-01,known software,trusted_internal,Known Publisher,benign
TRUST-N-03126,2026-09-22T21:48:08Z,DC-01,known software,trusted_internal,Known Publisher,benign
TRUST-N-08060,2026-09-22T21:48:46Z,ENG-WS-17,known software,trusted_internal,Known Publisher,benign
TRUST-N-01252,2026-09-22T21:50:14Z,DC-01,known software,signed,Known Publisher,benign
TRUST-N-00960,2026-09-22T21:50:24Z,MGMT-01,known software,signed,Known Publisher,benign
TRUST-N-09843,2026-09-22T21:50:27Z,ENG-WS-17,known software,signed,Known Publisher,benign
TRUST-N-06086,2026-09-22T21:51:04Z,DC-01,known software,signed,Known Publisher,benign
TRUST-N-08827,2026-09-22T21:51:04Z,FIN-WS-09,known software,signed,Known Publisher,benign
TRUST-N-07500,2026-09-22T21:51:12Z,ENG-WS-17,known software,signed,Known Publisher,benign
TRUST-N-02254,2026-09-22T21:51:18Z,DC-01,known software,trusted_internal,Known Publisher,benign
TRUST-N-03508,2026-09-22T21:51:24Z,HR-WS-08,known software,signed,Known Publisher,benign
TRUST-N-03558,2026-09-22T21:51:28Z,FIN-WS-09,known software,signed,Known Publisher,benign
TRUST-N-04462,2026-09-22T21:51:39Z,HR-WS-22,known software,signed,Known Publisher,benign
TRUST-N-06924,2026-09-22T21:51:45Z,APP-06,known software,signed,Known Publisher,benign
TRUST-N-06431,2026-09-22T21:52:30Z,FIN-WS-09,known software,signed,Known Publisher,benign
TRUST-N-03016,2026-09-22T21:52:54Z,HR-WS-22,known software,trusted_internal,Known Publisher,benign
TRUST-N-04748,2026-09-22T21:53:11Z,DC-01,known software,trusted_internal,Known Publisher,benign
TRUST-N-04267,2026-09-22T21:53:48Z,PATCH-01,known software,signed,Known Publisher,benign
TRUST-N-02212,2026-09-22T21:54:20Z,APP-06,known software,trusted_internal,Known Publisher,benign
TRUST-N-01706,2026-09-22T21:54:52Z,ENG-WS-17,known software,trusted_internal,Known Publisher,benign
TRUST-N-02988,2026-09-22T21:55:16Z,APP-06,known software,signed,Known Publisher,benign
TRUST-N-01544,2026-09-22T21:55:26Z,HR-WS-22,known software,trusted_internal,Known Publisher,benign
TRUST-N-09549,2026-09-22T21:55:33Z,PATCH-01,known software,trusted_internal,Known Publisher,benign
TRUST-N-07030,2026-09-22T21:55:41Z,HR-WS-22,known software,signed,Known Publisher,benign
TRUST-N-09756,2026-09-22T21:56:49Z,MGMT-01,known software,trusted_internal,Known Publisher,benign
TRUST-N-00706,2026-09-22T21:57:29Z,MGMT-01,known software,trusted_internal,Known Publisher,benign
TRUST-N-08428,2026-09-22T21:58:26Z,APP-06,known software,trusted_internal,Known Publisher,benign
TRUST-N-00681,2026-09-22T22:00:05Z,APP-06,known software,signed,Known Publisher,benign
TRUST-N-01936,2026-09-22T22:00:56Z,PATCH-01,known software,signed,Known Publisher,benign
TRUST-N-08212,2026-09-22T22:01:54Z,HR-WS-22,known software,signed,Known Publisher,benign
TRUST-N-09759,2026-09-22T22:02:54Z,ENG-WS-17,known software,trusted_internal,Known Publisher,benign
TRUST-N-05781,2026-09-22T22:03:05Z,DC-01,known software,trusted_internal,Known Publisher,benign
TRUST-N-05992,2026-09-22T22:03:06Z,FIN-WS-09,known software,trusted_internal,Known Publisher,benign
TRUST-N-01956,2026-09-22T22:05:09Z,DC-01,known software,signed,Known Publisher,benign
TRUST-N-09797,2026-09-22T22:05:18Z,FIN-WS-09,known software,trusted_internal,Known Publisher,benign
TRUST-N-08961,2026-09-22T22:05:32Z,PATCH-01,known software,signed,Known Publisher,benign
TRUST-N-05798,2026-09-22T22:06:18Z,PATCH-01,known software,trusted_internal,Known Publisher,benign
TRUST-N-06898,2026-09-22T22:06:28Z,HR-WS-22,known software,signed,Known Publisher,benign
TRUST-N-02785,2026-09-22T22:07:01Z,HR-WS-22,known software,signed,Known Publisher,benign
TRUST-N-06932,2026-09-22T22:07:17Z,HR-WS-22,known software,trusted_internal,Known Publisher,benign
TRUST-N-08089,2026-09-22T22:07:17Z,HR-WS-22,known software,signed,Known Publisher,benign
TRUST-N-06947,2026-09-22T22:08:14Z,MGMT-01,known software,signed,Known Publisher,benign
TRUST-N-07776,2026-09-22T22:08:40Z,FIN-WS-09,known software,trusted_internal,Known Publisher,benign
TRUST-N-06417,2026-09-22T22:09:47Z,APP-06,known software,trusted_internal,Known Publisher,benign
TRUST-N-01963,2026-09-22T22:09:52Z,PATCH-01,known software,trusted_internal,Known Publisher,benign
TRUST-N-03112,2026-09-22T22:10:10Z,HR-WS-22,known software,signed,Known Publisher,benign
TRUST-N-05118,2026-09-22T22:10:43Z,FIN-WS-09,known software,trusted_internal,Known Publisher,benign
TRUST-N-05760,2026-09-22T22:10:48Z,PATCH-01,known software,signed,Known Publisher,benign
TRUST-N-02274,2026-09-22T22:11:20Z,HR-WS-08,known software,trusted_internal,Known Publisher,benign
TRUST-N-00826,2026-09-22T22:11:38Z,ENG-WS-17,known software,trusted_internal,Known Publisher,benign
TRUST-N-07741,2026-09-22T22:12:10Z,DC-01,known software,trusted_internal,Known Publisher,benign
TRUST-N-09605,2026-09-22T22:13:26Z,APP-06,known software,trusted_internal,Known Publisher,benign
TRUST-N-06782,2026-09-22T22:13:38Z,FIN-WS-09,known software,signed,Known Publisher,benign
TRUST-N-07886,2026-09-22T22:13:55Z,ENG-WS-17,known software,trusted_internal,Known Publisher,benign
TRUST-N-08529,2026-09-22T22:13:58Z,MGMT-01,known software,trusted_internal,Known Publisher,benign
TRUST-N-04523,2026-09-22T22:14:00Z,PATCH-01,known software,trusted_internal,Known Publisher,benign
TRUST-N-00463,2026-09-22T22:14:13Z,APP-06,known software,trusted_internal,Known Publisher,benign
TRUST-N-09519,2026-09-22T22:14:51Z,DC-01,known software,signed,Known Publisher,benign
TRUST-N-01312,2026-09-22T22:14:57Z,PATCH-01,known software,trusted_internal,Known Publisher,benign
TRUST-N-00213,2026-09-22T22:15:42Z,PATCH-01,known software,signed,Known Publisher,benign
TRUST-N-03784,2026-09-22T22:17:04Z,MGMT-01,known software,trusted_internal,Known Publisher,benign
TRUST-N-09422,2026-09-22T22:17:09Z,ENG-WS-17,known software,trusted_internal,Known Publisher,benign
TRUST-N-02870,2026-09-22T22:17:13Z,ENG-WS-17,known software,trusted_internal,Known Publisher,benign
TRUST-N-04060,2026-09-22T22:17:37Z,APP-06,known software,trusted_internal,Known Publisher,benign
TRUST-N-04263,2026-09-22T22:17:43Z,DC-01,known software,trusted_internal,Known Publisher,benign
TRUST-N-09077,2026-09-22T22:17:53Z,APP-06,known software,signed,Known Publisher,benign
TRUST-N-03569,2026-09-22T22:18:01Z,ENG-WS-17,known software,signed,Known Publisher,benign
TRUST-N-04840,2026-09-22T22:18:55Z,MGMT-01,known software,trusted_internal,Known Publisher,benign
TRUST-N-06817,2026-09-22T22:19:10Z,HR-WS-22,known software,trusted_internal,Known Publisher,benign
TRUST-N-07177,2026-09-22T22:20:43Z,APP-06,known software,signed,Known Publisher,benign
TRUST-N-06989,2026-09-22T22:21:23Z,PATCH-01,known software,signed,Known Publisher,benign
TRUST-N-06495,2026-09-22T22:21:32Z,ENG-WS-17,known software,signed,Known Publisher,benign
TRUST-N-03038,2026-09-22T22:22:49Z,HR-WS-22,known software,trusted_internal,Known Publisher,benign
TRUST-N-04624,2026-09-22T22:23:30Z,PATCH-01,known software,signed,Known Publisher,benign
TRUST-N-02222,2026-09-22T22:23:58Z,ENG-WS-17,known software,signed,Known Publisher,benign
TRUST-N-07000,2026-09-22T22:24:21Z,HR-WS-22,known software,trusted_internal,Known Publisher,benign
TRUST-N-07424,2026-09-22T22:24:49Z,HR-WS-22,known software,trusted_internal,Known Publisher,benign
TRUST-N-04139,2026-09-22T22:25:44Z,PATCH-01,known software,trusted_internal,Known Publisher,benign
TRUST-N-01363,2026-09-22T22:27:17Z,APP-06,known software,trusted_internal,Known Publisher,benign
TRUST-N-03131,2026-09-22T22:27:20Z,HR-WS-22,known software,signed,Known Publisher,benign
TRUST-N-03838,2026-09-22T22:27:24Z,HR-WS-22,known software,trusted_internal,Known Publisher,benign
TRUST-N-04577,2026-09-22T22:28:08Z,APP-06,known software,trusted_internal,Known Publisher,benign
TRUST-N-01711,2026-09-22T22:28:48Z,HR-WS-22,known software,trusted_internal,Known Publisher,benign
TRUST-N-04597,2026-09-22T22:29:42Z,DC-01,known software,signed,Known Publisher,benign
TRUST-N-04272,2026-09-22T22:30:00Z,ENG-WS-17,known software,trusted_internal,Known Publisher,benign
TRUST-N-09678,2026-09-22T22:30:32Z,ENG-WS-17,known software,trusted_internal,Known Publisher,benign
TRUST-N-01146,2026-09-22T22:30:50Z,DC-01,known software,signed,Known Publisher,benign
TRUST-N-03415,2026-09-22T22:30:54Z,DC-01,known software,signed,Known Publisher,benign
TRUST-N-04618,2026-09-22T22:31:43Z,HR-WS-22,known software,signed,Known Publisher,benign
TRUST-N-00327,2026-09-22T22:31:48Z,ENG-WS-17,known software,signed,Known Publisher,benign
TRUST-N-05403,2026-09-22T22:31:58Z,HR-WS-22,known software,signed,Known Publisher,benign
TRUST-N-06913,2026-09-22T22:32:18Z,APP-06,known software,trusted_internal,Known Publisher,benign
TRUST-N-09950,2026-09-22T22:32:28Z,HR-WS-08,known software,trusted_internal,Known Publisher,benign
TRUST-N-06909,2026-09-22T22:32:30Z,HR-WS-22,known software,trusted_internal,Known Publisher,benign
TRUST-N-02994,2026-09-22T22:33:07Z,HR-WS-22,known software,signed,Known Publisher,benign
TRUST-N-09620,2026-09-22T22:33:10Z,FIN-WS-09,known software,trusted_internal,Known Publisher,benign
TRUST-N-07512,2026-09-22T22:33:12Z,PATCH-01,known software,signed,Known Publisher,benign
TRUST-N-00334,2026-09-22T22:33:36Z,HR-WS-22,known software,signed,Known Publisher,benign
TRUST-N-05792,2026-09-22T22:33:44Z,APP-06,known software,signed,Known Publisher,benign
TRUST-N-05661,2026-09-22T22:34:02Z,PATCH-01,known software,signed,Known Publisher,benign
TRUST-N-09910,2026-09-22T22:34:03Z,HR-WS-22,known software,trusted_internal,Known Publisher,benign
TRUST-N-06245,2026-09-22T22:34:11Z,HR-WS-22,known software,signed,Known Publisher,benign
TRUST-N-00031,2026-09-22T22:35:12Z,FIN-WS-09,known software,trusted_internal,Known Publisher,benign
TRUST-N-03335,2026-09-22T22:36:15Z,APP-06,known software,trusted_internal,Known Publisher,benign
TRUST-N-07771,2026-09-22T22:36:35Z,PATCH-01,known software,signed,Known Publisher,benign
TRUST-N-05324,2026-09-22T22:37:14Z,FIN-WS-09,known software,signed,Known Publisher,benign
TRUST-N-05073,2026-09-22T22:37:42Z,ENG-WS-17,known software,signed,Known Publisher,benign
TRUST-N-05450,2026-09-22T22:37:55Z,ENG-WS-17,known software,signed,Known Publisher,benign
TRUST-N-05459,2026-09-22T22:37:57Z,DC-01,known software,signed,Known Publisher,benign
TRUST-N-00994,2026-09-22T22:38:35Z,FIN-WS-09,known software,signed,Known Publisher,benign
TRUST-N-09168,2026-09-22T22:38:37Z,HR-WS-22,known software,signed,Known Publisher,benign
TRUST-N-08702,2026-09-22T22:39:11Z,APP-06,known software,trusted_internal,Known Publisher,benign
TRUST-N-04415,2026-09-22T22:41:07Z,HR-WS-22,known software,trusted_internal,Known Publisher,benign
TRUST-N-08508,2026-09-22T22:41:44Z,FIN-WS-09,known software,signed,Known Publisher,benign
TRUST-N-02064,2026-09-22T22:42:01Z,FIN-WS-09,known software,signed,Known Publisher,benign
TRUST-N-07496,2026-09-22T22:42:01Z,APP-06,known software,signed,Known Publisher,benign
TRUST-N-07932,2026-09-22T22:42:20Z,APP-06,known software,trusted_internal,Known Publisher,benign
TRUST-N-00325,2026-09-22T22:42:23Z,HR-WS-08,known software,trusted_internal,Known Publisher,benign
TRUST-N-08459,2026-09-22T22:43:07Z,HR-WS-22,known software,trusted_internal,Known Publisher,benign
TRUST-N-00660,2026-09-22T22:43:24Z,ENG-WS-17,known software,trusted_internal,Known Publisher,benign
TRUST-N-03317,2026-09-22T22:44:02Z,APP-06,known software,signed,Known Publisher,benign
TRUST-N-07575,2026-09-22T22:44:44Z,HR-WS-22,known software,signed,Known Publisher,benign
TRUST-N-01464,2026-09-22T22:44:57Z,ENG-WS-17,known software,trusted_internal,Known Publisher,benign
TRUST-N-03140,2026-09-22T22:45:29Z,APP-06,known software,signed,Known Publisher,benign
TRUST-N-07444,2026-09-22T22:45:58Z,DC-01,known software,trusted_internal,Known Publisher,benign
TRUST-N-03526,2026-09-22T22:46:00Z,HR-WS-08,known software,signed,Known Publisher,benign
TRUST-N-05866,2026-09-22T22:46:22Z,HR-WS-08,known software,trusted_internal,Known Publisher,benign
TRUST-N-02001,2026-09-22T22:46:25Z,DC-01,known software,signed,Known Publisher,benign
TRUST-N-02353,2026-09-22T22:46:26Z,HR-WS-22,known software,trusted_internal,Known Publisher,benign
TRUST-N-07797,2026-09-22T22:46:58Z,FIN-WS-09,known software,trusted_internal,Known Publisher,benign
TRUST-N-08370,2026-09-22T22:47:07Z,ENG-WS-17,known software,trusted_internal,Known Publisher,benign
TRUST-N-03891,2026-09-22T22:48:01Z,FIN-WS-09,known software,signed,Known Publisher,benign
TRUST-N-08326,2026-09-22T22:49:45Z,HR-WS-08,known software,signed,Known Publisher,benign
TRUST-N-05582,2026-09-22T22:49:59Z,HR-WS-08,known software,signed,Known Publisher,benign
TRUST-N-03750,2026-09-22T22:50:38Z,APP-06,known software,signed,Known Publisher,benign
TRUST-N-01116,2026-09-22T22:53:28Z,HR-WS-08,known software,trusted_internal,Known Publisher,benign
TRUST-N-05316,2026-09-22T22:53:29Z,MGMT-01,known software,signed,Known Publisher,benign
TRUST-N-09805,2026-09-22T22:54:27Z,HR-WS-08,known software,trusted_internal,Known Publisher,benign
TRUST-N-04870,2026-09-22T22:55:04Z,MGMT-01,known software,signed,Known Publisher,benign
TRUST-N-00424,2026-09-22T22:55:30Z,APP-06,known software,trusted_internal,Known Publisher,benign
TRUST-N-03461,2026-09-22T22:56:01Z,HR-WS-08,known software,signed,Known Publisher,benign
TRUST-N-08617,2026-09-22T22:56:49Z,HR-WS-08,known software,trusted_internal,Known Publisher,benign
TRUST-N-02409,2026-09-22T22:58:12Z,APP-06,known software,trusted_internal,Known Publisher,benign
TRUST-N-06645,2026-09-22T22:58:57Z,PATCH-01,known software,trusted_internal,Known Publisher,benign
TRUST-N-07872,2026-09-22T22:58:59Z,APP-06,known software,signed,Known Publisher,benign
TRUST-N-06649,2026-09-22T22:59:15Z,HR-WS-22,known software,trusted_internal,Known Publisher,benign
TRUST-N-06048,2026-09-22T23:00:17Z,HR-WS-08,known software,trusted_internal,Known Publisher,benign
TRUST-N-08643,2026-09-22T23:00:22Z,ENG-WS-17,known software,signed,Known Publisher,benign
TRUST-N-03587,2026-09-22T23:00:44Z,APP-06,known software,signed,Known Publisher,benign
TRUST-N-01452,2026-09-22T23:01:18Z,APP-06,known software,signed,Known Publisher,benign
TRUST-N-04661,2026-09-22T23:01:54Z,MGMT-01,known software,trusted_internal,Known Publisher,benign
TRUST-N-08446,2026-09-22T23:02:04Z,ENG-WS-17,known software,signed,Known Publisher,benign
TRUST-N-08614,2026-09-22T23:02:26Z,PATCH-01,known software,signed,Known Publisher,benign
TRUST-N-00220,2026-09-22T23:03:01Z,APP-06,known software,trusted_internal,Known Publisher,benign
TRUST-N-07261,2026-09-22T23:03:27Z,PATCH-01,known software,trusted_internal,Known Publisher,benign
TRUST-N-03281,2026-09-22T23:03:55Z,ENG-WS-17,known software,trusted_internal,Known Publisher,benign
TRUST-N-08675,2026-09-22T23:03:59Z,ENG-WS-17,known software,signed,Known Publisher,benign
TRUST-N-07893,2026-09-22T23:04:53Z,DC-01,known software,trusted_internal,Known Publisher,benign
TRUST-N-04915,2026-09-22T23:06:12Z,APP-06,known software,trusted_internal,Known Publisher,benign
TRUST-N-04615,2026-09-22T23:06:42Z,DC-01,known software,trusted_internal,Known Publisher,benign
TRUST-N-00117,2026-09-22T23:06:45Z,DC-01,known software,trusted_internal,Known Publisher,benign
TRUST-N-02315,2026-09-22T23:06:50Z,HR-WS-22,known software,signed,Known Publisher,benign
TRUST-N-00554,2026-09-22T23:06:57Z,PATCH-01,known software,trusted_internal,Known Publisher,benign
TRUST-N-08059,2026-09-22T23:07:42Z,APP-06,known software,trusted_internal,Known Publisher,benign
TRUST-N-01502,2026-09-22T23:07:48Z,PATCH-01,known software,signed,Known Publisher,benign
TRUST-N-08758,2026-09-22T23:08:04Z,HR-WS-22,known software,signed,Known Publisher,benign
TRUST-N-06937,2026-09-22T23:08:35Z,MGMT-01,known software,signed,Known Publisher,benign
TRUST-N-03171,2026-09-22T23:09:22Z,HR-WS-22,known software,signed,Known Publisher,benign
TRUST-N-07407,2026-09-22T23:09:25Z,ENG-WS-17,known software,signed,Known Publisher,benign
TRUST-N-05098,2026-09-22T23:10:40Z,HR-WS-22,known software,trusted_internal,Known Publisher,benign
TRUST-N-06006,2026-09-22T23:10:50Z,PATCH-01,known software,trusted_internal,Known Publisher,benign
TRUST-N-09560,2026-09-22T23:11:33Z,DC-01,known software,trusted_internal,Known Publisher,benign
TRUST-N-05422,2026-09-22T23:12:15Z,PATCH-01,known software,trusted_internal,Known Publisher,benign
TRUST-N-05244,2026-09-22T23:12:18Z,DC-01,known software,trusted_internal,Known Publisher,benign
TRUST-N-07695,2026-09-22T23:12:52Z,FIN-WS-09,known software,trusted_internal,Known Publisher,benign
TRUST-N-01202,2026-09-22T23:13:07Z,HR-WS-22,known software,signed,Known Publisher,benign
TRUST-N-07595,2026-09-22T23:13:25Z,ENG-WS-17,known software,trusted_internal,Known Publisher,benign
TRUST-N-00190,2026-09-22T23:14:07Z,ENG-WS-17,known software,trusted_internal,Known Publisher,benign
TRUST-N-02604,2026-09-22T23:14:33Z,APP-06,known software,trusted_internal,Known Publisher,benign
TRUST-N-09289,2026-09-22T23:14:45Z,APP-06,known software,trusted_internal,Known Publisher,benign
TRUST-N-03560,2026-09-22T23:14:51Z,DC-01,known software,signed,Known Publisher,benign
TRUST-N-06059,2026-09-22T23:16:19Z,FIN-WS-09,known software,signed,Known Publisher,benign
TRUST-N-09081,2026-09-22T23:16:20Z,FIN-WS-09,known software,trusted_internal,Known Publisher,benign
TRUST-N-07067,2026-09-22T23:16:59Z,DC-01,known software,signed,Known Publisher,benign
TRUST-N-07504,2026-09-22T23:17:05Z,PATCH-01,known software,trusted_internal,Known Publisher,benign
TRUST-N-09741,2026-09-22T23:17:34Z,DC-01,known software,signed,Known Publisher,benign
TRUST-N-05391,2026-09-22T23:18:02Z,MGMT-01,known software,trusted_internal,Known Publisher,benign
TRUST-N-03626,2026-09-22T23:18:29Z,HR-WS-08,known software,signed,Known Publisher,benign
TRUST-N-08664,2026-09-22T23:18:49Z,HR-WS-08,known software,trusted_internal,Known Publisher,benign
TRUST-N-07961,2026-09-22T23:19:05Z,APP-06,known software,signed,Known Publisher,benign
TRUST-N-09923,2026-09-22T23:21:03Z,APP-06,known software,signed,Known Publisher,benign
TRUST-N-07390,2026-09-22T23:21:31Z,DC-01,known software,signed,Known Publisher,benign
TRUST-N-02181,2026-09-22T23:21:52Z,PATCH-01,known software,signed,Known Publisher,benign
TRUST-N-04611,2026-09-22T23:21:52Z,HR-WS-08,known software,trusted_internal,Known Publisher,benign
TRUST-N-04292,2026-09-22T23:22:05Z,PATCH-01,known software,signed,Known Publisher,benign
TRUST-N-09457,2026-09-22T23:22:54Z,ENG-WS-17,known software,signed,Known Publisher,benign
TRUST-N-00461,2026-09-22T23:23:25Z,ENG-WS-17,known software,signed,Known Publisher,benign
TRUST-N-08056,2026-09-22T23:24:17Z,FIN-WS-09,known software,signed,Known Publisher,benign
TRUST-N-00777,2026-09-22T23:24:40Z,ENG-WS-17,known software,trusted_internal,Known Publisher,benign
TRUST-N-07257,2026-09-22T23:25:50Z,MGMT-01,known software,trusted_internal,Known Publisher,benign
TRUST-N-08924,2026-09-22T23:25:59Z,MGMT-01,known software,signed,Known Publisher,benign
TRUST-N-08868,2026-09-22T23:26:05Z,FIN-WS-09,known software,signed,Known Publisher,benign
TRUST-N-00328,2026-09-22T23:26:29Z,FIN-WS-09,known software,signed,Known Publisher,benign
TRUST-N-06337,2026-09-22T23:27:22Z,HR-WS-22,known software,signed,Known Publisher,benign
TRUST-N-08293,2026-09-22T23:28:09Z,ENG-WS-17,known software,signed,Known Publisher,benign
TRUST-N-05735,2026-09-22T23:29:20Z,FIN-WS-09,known software,trusted_internal,Known Publisher,benign
TRUST-N-08624,2026-09-22T23:30:32Z,APP-06,known software,trusted_internal,Known Publisher,benign
TRUST-N-04636,2026-09-22T23:30:41Z,ENG-WS-17,known software,signed,Known Publisher,benign
TRUST-N-06178,2026-09-22T23:31:01Z,MGMT-01,known software,trusted_internal,Known Publisher,benign
TRUST-N-04778,2026-09-22T23:31:19Z,HR-WS-22,known software,signed,Known Publisher,benign
TRUST-N-08417,2026-09-22T23:32:36Z,MGMT-01,known software,trusted_internal,Known Publisher,benign
TRUST-N-00785,2026-09-22T23:33:49Z,HR-WS-08,known software,signed,Known Publisher,benign
TRUST-N-01055,2026-09-22T23:33:51Z,APP-06,known software,signed,Known Publisher,benign
TRUST-N-08329,2026-09-22T23:34:00Z,MGMT-01,known software,signed,Known Publisher,benign
TRUST-N-05032,2026-09-22T23:34:17Z,HR-WS-08,known software,signed,Known Publisher,benign
TRUST-N-06956,2026-09-22T23:34:27Z,PATCH-01,known software,signed,Known Publisher,benign
TRUST-N-06839,2026-09-22T23:36:44Z,APP-06,known software,signed,Known Publisher,benign
TRUST-N-07323,2026-09-22T23:36:46Z,HR-WS-08,known software,signed,Known Publisher,benign
TRUST-N-02459,2026-09-22T23:38:50Z,HR-WS-08,known software,signed,Known Publisher,benign
TRUST-N-01372,2026-09-22T23:40:56Z,PATCH-01,known software,trusted_internal,Known Publisher,benign
TRUST-N-05520,2026-09-22T23:41:02Z,ENG-WS-17,known software,signed,Known Publisher,benign
TRUST-N-07019,2026-09-22T23:41:06Z,DC-01,known software,trusted_internal,Known Publisher,benign
TRUST-N-09563,2026-09-22T23:41:24Z,FIN-WS-09,known software,trusted_internal,Known Publisher,benign
TRUST-N-03378,2026-09-22T23:42:04Z,PATCH-01,known software,signed,Known Publisher,benign
TRUST-N-00821,2026-09-22T23:43:34Z,DC-01,known software,signed,Known Publisher,benign
TRUST-N-07153,2026-09-22T23:43:56Z,HR-WS-08,known software,signed,Known Publisher,benign
TRUST-N-03874,2026-09-22T23:44:05Z,DC-01,known software,trusted_internal,Known Publisher,benign
TRUST-N-02311,2026-09-22T23:46:12Z,APP-06,known software,signed,Known Publisher,benign
TRUST-N-02562,2026-09-22T23:46:19Z,PATCH-01,known software,signed,Known Publisher,benign
TRUST-N-03477,2026-09-22T23:47:33Z,PATCH-01,known software,signed,Known Publisher,benign
TRUST-N-07644,2026-09-22T23:47:38Z,PATCH-01,known software,signed,Known Publisher,benign
TRUST-N-01304,2026-09-22T23:47:43Z,PATCH-01,known software,signed,Known Publisher,benign
TRUST-N-08956,2026-09-22T23:47:50Z,PATCH-01,known software,signed,Known Publisher,benign
TRUST-N-08518,2026-09-22T23:47:52Z,HR-WS-22,known software,trusted_internal,Known Publisher,benign
TRUST-N-08412,2026-09-22T23:48:00Z,APP-06,known software,signed,Known Publisher,benign
TRUST-N-05011,2026-09-22T23:48:04Z,MGMT-01,known software,trusted_internal,Known Publisher,benign
TRUST-N-07415,2026-09-22T23:48:17Z,DC-01,known software,trusted_internal,Known Publisher,benign
TRUST-N-05214,2026-09-22T23:50:05Z,HR-WS-22,known software,signed,Known Publisher,benign
TRUST-N-03355,2026-09-22T23:50:12Z,ENG-WS-17,known software,signed,Known Publisher,benign
TRUST-N-04049,2026-09-22T23:50:12Z,ENG-WS-17,known software,trusted_internal,Known Publisher,benign
TRUST-N-04298,2026-09-22T23:51:00Z,HR-WS-08,known software,trusted_internal,Known Publisher,benign
TRUST-N-06315,2026-09-22T23:53:26Z,HR-WS-08,known software,signed,Known Publisher,benign
TRUST-N-00646,2026-09-22T23:55:06Z,DC-01,known software,signed,Known Publisher,benign
TRUST-N-01772,2026-09-22T23:55:22Z,HR-WS-08,known software,signed,Known Publisher,benign
TRUST-N-06623,2026-09-22T23:55:37Z,ENG-WS-17,known software,trusted_internal,Known Publisher,benign
TRUST-N-03246,2026-09-22T23:55:47Z,PATCH-01,known software,signed,Known Publisher,benign
TRUST-N-04519,2026-09-22T23:55:52Z,APP-06,known software,signed,Known Publisher,benign
TRUST-N-02038,2026-09-22T23:56:03Z,PATCH-01,known software,trusted_internal,Known Publisher,benign
TRUST-N-06030,2026-09-22T23:56:29Z,FIN-WS-09,known software,signed,Known Publisher,benign
TRUST-N-02195,2026-09-22T23:57:25Z,PATCH-01,known software,trusted_internal,Known Publisher,benign
TRUST-N-07422,2026-09-22T23:58:20Z,FIN-WS-09,known software,trusted_internal,Known Publisher,benign
TRUST-N-08584,2026-09-22T23:58:50Z,MGMT-01,known software,trusted_internal,Known Publisher,benign
TRUST-N-03894,2026-09-22T23:59:24Z,FIN-WS-09,known software,signed,Known Publisher,benign
TRUST-N-03990,2026-09-22T23:59:50Z,PATCH-01,known software,trusted_internal,Known Publisher,benign
TRUST-N-06330,2026-09-23T00:00:15Z,MGMT-01,known software,trusted_internal,Known Publisher,benign
TRUST-N-01255,2026-09-23T00:01:00Z,APP-06,known software,signed,Known Publisher,benign
TRUST-N-02672,2026-09-23T00:01:46Z,APP-06,known software,trusted_internal,Known Publisher,benign
TRUST-N-03002,2026-09-23T00:02:40Z,DC-01,known software,trusted_internal,Known Publisher,benign
TRUST-N-01743,2026-09-23T00:02:50Z,HR-WS-08,known software,trusted_internal,Known Publisher,benign
TRUST-N-04025,2026-09-23T00:04:14Z,MGMT-01,known software,signed,Known Publisher,benign
TRUST-N-02389,2026-09-23T00:04:15Z,ENG-WS-17,known software,trusted_internal,Known Publisher,benign
TRUST-N-05138,2026-09-23T00:05:54Z,PATCH-01,known software,signed,Known Publisher,benign
TRUST-N-05057,2026-09-23T00:06:05Z,ENG-WS-17,known software,trusted_internal,Known Publisher,benign
TRUST-N-01072,2026-09-23T00:07:42Z,MGMT-01,known software,signed,Known Publisher,benign
TRUST-N-05707,2026-09-23T00:08:21Z,DC-01,known software,trusted_internal,Known Publisher,benign
TRUST-N-08846,2026-09-23T00:08:25Z,HR-WS-08,known software,signed,Known Publisher,benign
TRUST-N-02411,2026-09-23T00:08:56Z,APP-06,known software,signed,Known Publisher,benign
TRUST-N-04325,2026-09-23T00:09:35Z,ENG-WS-17,known software,trusted_internal,Known Publisher,benign
TRUST-N-04987,2026-09-23T00:09:58Z,MGMT-01,known software,trusted_internal,Known Publisher,benign
TRUST-N-08906,2026-09-23T00:10:00Z,FIN-WS-09,known software,trusted_internal,Known Publisher,benign
TRUST-N-03344,2026-09-23T00:10:33Z,FIN-WS-09,known software,signed,Known Publisher,benign
TRUST-N-03635,2026-09-23T00:11:12Z,PATCH-01,known software,signed,Known Publisher,benign
TRUST-N-05567,2026-09-23T00:11:49Z,HR-WS-08,known software,trusted_internal,Known Publisher,benign
TRUST-N-04055,2026-09-23T00:12:52Z,MGMT-01,known software,signed,Known Publisher,benign
TRUST-N-02757,2026-09-23T00:14:05Z,APP-06,known software,trusted_internal,Known Publisher,benign
TRUST-N-00158,2026-09-23T00:14:10Z,HR-WS-08,known software,signed,Known Publisher,benign
TRUST-N-05332,2026-09-23T00:15:21Z,HR-WS-22,known software,trusted_internal,Known Publisher,benign
TRUST-N-06483,2026-09-23T00:16:11Z,ENG-WS-17,known software,trusted_internal,Known Publisher,benign
TRUST-N-02457,2026-09-23T00:16:29Z,MGMT-01,known software,trusted_internal,Known Publisher,benign
TRUST-N-02983,2026-09-23T00:16:29Z,HR-WS-08,known software,signed,Known Publisher,benign
TRUST-N-01820,2026-09-23T00:16:33Z,PATCH-01,known software,signed,Known Publisher,benign
TRUST-N-08966,2026-09-23T00:16:35Z,DC-01,known software,trusted_internal,Known Publisher,benign
TRUST-N-05889,2026-09-23T00:16:41Z,MGMT-01,known software,trusted_internal,Known Publisher,benign
TRUST-N-02445,2026-09-23T00:16:47Z,APP-06,known software,trusted_internal,Known Publisher,benign
TRUST-N-06551,2026-09-23T00:17:21Z,PATCH-01,known software,trusted_internal,Known Publisher,benign
TRUST-N-04888,2026-09-23T00:18:23Z,HR-WS-22,known software,signed,Known Publisher,benign
TRUST-N-08616,2026-09-23T00:19:16Z,FIN-WS-09,known software,signed,Known Publisher,benign
TRUST-N-03907,2026-09-23T00:19:17Z,APP-06,known software,trusted_internal,Known Publisher,benign
TRUST-N-08735,2026-09-23T00:19:43Z,HR-WS-08,known software,signed,Known Publisher,benign
TRUST-N-00567,2026-09-23T00:19:47Z,PATCH-01,known software,trusted_internal,Known Publisher,benign
TRUST-N-08362,2026-09-23T00:19:54Z,ENG-WS-17,known software,signed,Known Publisher,benign
TRUST-N-07212,2026-09-23T00:20:24Z,PATCH-01,known software,signed,Known Publisher,benign
TRUST-N-05474,2026-09-23T00:20:52Z,MGMT-01,known software,signed,Known Publisher,benign
TRUST-N-07667,2026-09-23T00:20:53Z,PATCH-01,known software,signed,Known Publisher,benign
TRUST-N-06468,2026-09-23T00:21:17Z,MGMT-01,known software,trusted_internal,Known Publisher,benign
TRUST-N-09862,2026-09-23T00:23:12Z,MGMT-01,known software,trusted_internal,Known Publisher,benign
TRUST-N-00050,2026-09-23T00:23:46Z,ENG-WS-17,known software,trusted_internal,Known Publisher,benign
TRUST-N-00909,2026-09-23T00:24:41Z,HR-WS-22,known software,signed,Known Publisher,benign
TRUST-N-04630,2026-09-23T00:26:18Z,MGMT-01,known software,signed,Known Publisher,benign
TRUST-N-06814,2026-09-23T00:26:18Z,MGMT-01,known software,signed,Known Publisher,benign
TRUST-N-07227,2026-09-23T00:26:40Z,PATCH-01,known software,signed,Known Publisher,benign
TRUST-N-02601,2026-09-23T00:26:45Z,MGMT-01,known software,trusted_internal,Known Publisher,benign
TRUST-N-04144,2026-09-23T00:27:39Z,PATCH-01,known software,trusted_internal,Known Publisher,benign
TRUST-N-04352,2026-09-23T00:27:43Z,HR-WS-08,known software,signed,Known Publisher,benign
TRUST-N-04206,2026-09-23T00:28:12Z,HR-WS-22,known software,signed,Known Publisher,benign
TRUST-N-00440,2026-09-23T00:29:26Z,FIN-WS-09,known software,signed,Known Publisher,benign
TRUST-N-09778,2026-09-23T00:30:06Z,PATCH-01,known software,signed,Known Publisher,benign
TRUST-N-01216,2026-09-23T00:30:08Z,FIN-WS-09,known software,trusted_internal,Known Publisher,benign
TRUST-N-02608,2026-09-23T00:30:19Z,PATCH-01,known software,trusted_internal,Known Publisher,benign
TRUST-N-04905,2026-09-23T00:31:49Z,HR-WS-22,known software,signed,Known Publisher,benign
TRUST-N-05335,2026-09-23T00:31:51Z,MGMT-01,known software,trusted_internal,Known Publisher,benign
TRUST-N-06164,2026-09-23T00:32:05Z,HR-WS-22,known software,signed,Known Publisher,benign
TRUST-N-09038,2026-09-23T00:32:58Z,MGMT-01,known software,trusted_internal,Known Publisher,benign
TRUST-N-04704,2026-09-23T00:34:10Z,PATCH-01,known software,signed,Known Publisher,benign
TRUST-N-07503,2026-09-23T00:34:10Z,HR-WS-22,known software,trusted_internal,Known Publisher,benign
TRUST-N-03630,2026-09-23T00:35:00Z,HR-WS-22,known software,trusted_internal,Known Publisher,benign
TRUST-N-03562,2026-09-23T00:37:45Z,HR-WS-08,known software,signed,Known Publisher,benign
TRUST-N-03084,2026-09-23T00:37:46Z,MGMT-01,known software,trusted_internal,Known Publisher,benign
TRUST-N-02594,2026-09-23T00:37:53Z,HR-WS-08,known software,trusted_internal,Known Publisher,benign
TRUST-N-03913,2026-09-23T00:38:39Z,DC-01,known software,signed,Known Publisher,benign
TRUST-N-05529,2026-09-23T00:39:55Z,MGMT-01,known software,signed,Known Publisher,benign
TRUST-N-09712,2026-09-23T00:39:57Z,MGMT-01,known software,signed,Known Publisher,benign
TRUST-N-00626,2026-09-23T00:40:06Z,ENG-WS-17,known software,signed,Known Publisher,benign
TRUST-N-04697,2026-09-23T00:40:20Z,HR-WS-22,known software,trusted_internal,Known Publisher,benign
TRUST-N-02928,2026-09-23T00:41:03Z,FIN-WS-09,known software,signed,Known Publisher,benign
TRUST-N-09752,2026-09-23T00:41:04Z,MGMT-01,known software,signed,Known Publisher,benign
TRUST-N-00548,2026-09-23T00:41:20Z,APP-06,known software,trusted_internal,Known Publisher,benign
TRUST-N-06023,2026-09-23T00:41:42Z,MGMT-01,known software,trusted_internal,Known Publisher,benign
TRUST-N-03017,2026-09-23T00:41:43Z,FIN-WS-09,known software,signed,Known Publisher,benign
TRUST-N-00402,2026-09-23T00:42:19Z,ENG-WS-17,known software,signed,Known Publisher,benign
TRUST-N-06477,2026-09-23T00:42:39Z,DC-01,known software,trusted_internal,Known Publisher,benign
TRUST-N-03759,2026-09-23T00:42:42Z,APP-06,known software,signed,Known Publisher,benign
TRUST-N-01497,2026-09-23T00:43:39Z,HR-WS-08,known software,signed,Known Publisher,benign
TRUST-N-04161,2026-09-23T00:44:12Z,DC-01,known software,trusted_internal,Known Publisher,benign
TRUST-N-07306,2026-09-23T00:44:13Z,APP-06,known software,trusted_internal,Known Publisher,benign
TRUST-N-00545,2026-09-23T00:46:04Z,HR-WS-08,known software,trusted_internal,Known Publisher,benign
TRUST-N-05926,2026-09-23T00:47:29Z,APP-06,known software,signed,Known Publisher,benign
TRUST-N-02708,2026-09-23T00:47:38Z,ENG-WS-17,known software,signed,Known Publisher,benign
TRUST-N-00528,2026-09-23T00:48:55Z,FIN-WS-09,known software,signed,Known Publisher,benign
TRUST-N-02712,2026-09-23T00:49:32Z,PATCH-01,known software,signed,Known Publisher,benign
TRUST-N-05047,2026-09-23T00:50:04Z,PATCH-01,known software,trusted_internal,Known Publisher,benign
TRUST-N-04872,2026-09-23T00:50:23Z,APP-06,known software,trusted_internal,Known Publisher,benign
TRUST-N-09789,2026-09-23T00:51:07Z,APP-06,known software,trusted_internal,Known Publisher,benign
TRUST-N-01918,2026-09-23T00:51:13Z,FIN-WS-09,known software,signed,Known Publisher,benign
TRUST-N-07359,2026-09-23T00:51:13Z,APP-06,known software,signed,Known Publisher,benign
TRUST-N-07094,2026-09-23T00:51:21Z,APP-06,known software,trusted_internal,Known Publisher,benign
TRUST-N-05807,2026-09-23T00:51:28Z,HR-WS-22,known software,signed,Known Publisher,benign
TRUST-N-09236,2026-09-23T00:51:52Z,APP-06,known software,signed,Known Publisher,benign
TRUST-N-05112,2026-09-23T00:53:25Z,ENG-WS-17,known software,signed,Known Publisher,benign
TRUST-N-04237,2026-09-23T00:53:54Z,ENG-WS-17,known software,trusted_internal,Known Publisher,benign
TRUST-N-04912,2026-09-23T00:54:19Z,DC-01,known software,signed,Known Publisher,benign
TRUST-N-01044,2026-09-23T00:54:44Z,FIN-WS-09,known software,trusted_internal,Known Publisher,benign
TRUST-N-03407,2026-09-23T00:54:47Z,PATCH-01,known software,trusted_internal,Known Publisher,benign
TRUST-N-09017,2026-09-23T00:54:57Z,APP-06,known software,signed,Known Publisher,benign
TRUST-N-07697,2026-09-23T00:55:05Z,PATCH-01,known software,signed,Known Publisher,benign
TRUST-N-00529,2026-09-23T00:55:19Z,MGMT-01,known software,signed,Known Publisher,benign
TRUST-N-03291,2026-09-23T00:55:34Z,PATCH-01,known software,trusted_internal,Known Publisher,benign
TRUST-N-00746,2026-09-23T00:56:17Z,ENG-WS-17,known software,signed,Known Publisher,benign
TRUST-N-00769,2026-09-23T00:56:23Z,APP-06,known software,trusted_internal,Known Publisher,benign
TRUST-N-02849,2026-09-23T00:56:26Z,FIN-WS-09,known software,signed,Known Publisher,benign
TRUST-N-06891,2026-09-23T00:56:47Z,HR-WS-08,known software,trusted_internal,Known Publisher,benign
TRUST-N-05541,2026-09-23T00:57:29Z,PATCH-01,known software,signed,Known Publisher,benign
TRUST-N-04142,2026-09-23T00:57:31Z,DC-01,known software,trusted_internal,Known Publisher,benign
TRUST-N-00296,2026-09-23T00:57:52Z,ENG-WS-17,known software,signed,Known Publisher,benign
TRUST-N-02697,2026-09-23T00:57:55Z,FIN-WS-09,known software,signed,Known Publisher,benign
TRUST-N-09444,2026-09-23T00:59:12Z,FIN-WS-09,known software,signed,Known Publisher,benign
TRUST-N-06295,2026-09-23T00:59:57Z,HR-WS-22,known software,trusted_internal,Known Publisher,benign
TRUST-N-00094,2026-09-23T01:00:13Z,APP-06,known software,signed,Known Publisher,benign
TRUST-N-04328,2026-09-23T01:00:45Z,ENG-WS-17,known software,trusted_internal,Known Publisher,benign
TRUST-N-05677,2026-09-23T01:00:50Z,APP-06,known software,trusted_internal,Known Publisher,benign
TRUST-N-07489,2026-09-23T01:00:55Z,ENG-WS-17,known software,signed,Known Publisher,benign
TRUST-N-06158,2026-09-23T01:01:17Z,MGMT-01,known software,trusted_internal,Known Publisher,benign
TRUST-N-04563,2026-09-23T01:01:18Z,HR-WS-08,known software,trusted_internal,Known Publisher,benign
TRUST-N-02908,2026-09-23T01:01:30Z,DC-01,known software,trusted_internal,Known Publisher,benign
TRUST-N-01994,2026-09-23T01:02:00Z,HR-WS-22,known software,trusted_internal,Known Publisher,benign
TRUST-N-09503,2026-09-23T01:03:19Z,APP-06,known software,trusted_internal,Known Publisher,benign
TRUST-N-04893,2026-09-23T01:03:21Z,DC-01,known software,signed,Known Publisher,benign
TRUST-N-08767,2026-09-23T01:03:31Z,HR-WS-22,known software,signed,Known Publisher,benign
TRUST-N-09058,2026-09-23T01:04:12Z,APP-06,known software,signed,Known Publisher,benign
TRUST-N-00105,2026-09-23T01:05:08Z,MGMT-01,known software,trusted_internal,Known Publisher,benign
TRUST-N-01014,2026-09-23T01:05:21Z,MGMT-01,known software,trusted_internal,Known Publisher,benign
TRUST-N-04503,2026-09-23T01:05:43Z,ENG-WS-17,known software,trusted_internal,Known Publisher,benign
TRUST-N-02936,2026-09-23T01:05:51Z,ENG-WS-17,known software,signed,Known Publisher,benign
TRUST-N-04313,2026-09-23T01:06:38Z,MGMT-01,known software,signed,Known Publisher,benign
TRUST-N-00330,2026-09-23T01:06:47Z,MGMT-01,known software,signed,Known Publisher,benign
TRUST-N-02977,2026-09-23T01:07:11Z,HR-WS-22,known software,signed,Known Publisher,benign
TRUST-N-08923,2026-09-23T01:07:29Z,MGMT-01,known software,signed,Known Publisher,benign
TRUST-N-00595,2026-09-23T01:08:28Z,MGMT-01,known software,signed,Known Publisher,benign
TRUST-N-09024,2026-09-23T01:09:30Z,HR-WS-22,known software,trusted_internal,Known Publisher,benign
TRUST-N-01725,2026-09-23T01:09:53Z,MGMT-01,known software,signed,Known Publisher,benign
TRUST-N-03022,2026-09-23T01:10:03Z,HR-WS-22,known software,signed,Known Publisher,benign
TRUST-N-09040,2026-09-23T01:11:05Z,HR-WS-08,known software,trusted_internal,Known Publisher,benign
TRUST-N-05699,2026-09-23T01:12:34Z,DC-01,known software,trusted_internal,Known Publisher,benign
TRUST-N-00095,2026-09-23T01:12:45Z,PATCH-01,known software,signed,Known Publisher,benign
TRUST-N-02402,2026-09-23T01:12:54Z,APP-06,known software,trusted_internal,Known Publisher,benign
TRUST-N-09960,2026-09-23T01:13:05Z,HR-WS-22,known software,trusted_internal,Known Publisher,benign
TRUST-N-02861,2026-09-23T01:14:38Z,DC-01,known software,trusted_internal,Known Publisher,benign
TRUST-N-07417,2026-09-23T01:15:16Z,FIN-WS-09,known software,trusted_internal,Known Publisher,benign
TRUST-N-00224,2026-09-23T01:16:07Z,PATCH-01,known software,signed,Known Publisher,benign
TRUST-N-04107,2026-09-23T01:16:38Z,HR-WS-22,known software,trusted_internal,Known Publisher,benign
TRUST-N-05793,2026-09-23T01:16:39Z,APP-06,known software,trusted_internal,Known Publisher,benign
TRUST-N-08960,2026-09-23T01:17:31Z,FIN-WS-09,known software,trusted_internal,Known Publisher,benign
TRUST-N-07830,2026-09-23T01:17:41Z,FIN-WS-09,known software,signed,Known Publisher,benign
TRUST-N-06815,2026-09-23T01:17:44Z,FIN-WS-09,known software,trusted_internal,Known Publisher,benign
TRUST-N-08790,2026-09-23T01:18:01Z,HR-WS-08,known software,trusted_internal,Known Publisher,benign
TRUST-N-08323,2026-09-23T01:19:11Z,APP-06,known software,trusted_internal,Known Publisher,benign
TRUST-N-01664,2026-09-23T01:19:35Z,FIN-WS-09,known software,signed,Known Publisher,benign
TRUST-N-01872,2026-09-23T01:20:56Z,ENG-WS-17,known software,signed,Known Publisher,benign
TRUST-N-07136,2026-09-23T01:21:24Z,HR-WS-22,known software,trusted_internal,Known Publisher,benign
TRUST-N-09697,2026-09-23T01:21:54Z,HR-WS-22,known software,signed,Known Publisher,benign
TRUST-N-08912,2026-09-23T01:22:10Z,APP-06,known software,trusted_internal,Known Publisher,benign
TRUST-N-00088,2026-09-23T01:22:43Z,DC-01,known software,signed,Known Publisher,benign
TRUST-N-09339,2026-09-23T01:23:19Z,PATCH-01,known software,signed,Known Publisher,benign
TRUST-N-07353,2026-09-23T01:23:27Z,DC-01,known software,signed,Known Publisher,benign
TRUST-N-05132,2026-09-23T01:23:52Z,MGMT-01,known software,trusted_internal,Known Publisher,benign
TRUST-N-09039,2026-09-23T01:23:57Z,APP-06,known software,trusted_internal,Known Publisher,benign
TRUST-N-02655,2026-09-23T01:24:33Z,ENG-WS-17,known software,signed,Known Publisher,benign
TRUST-N-07004,2026-09-23T01:26:18Z,APP-06,known software,signed,Known Publisher,benign
TRUST-N-06902,2026-09-23T01:26:38Z,MGMT-01,known software,signed,Known Publisher,benign
TRUST-N-09964,2026-09-23T01:26:55Z,PATCH-01,known software,trusted_internal,Known Publisher,benign
TRUST-N-06274,2026-09-23T01:29:23Z,HR-WS-22,known software,trusted_internal,Known Publisher,benign
TRUST-N-02957,2026-09-23T01:29:33Z,DC-01,known software,signed,Known Publisher,benign
TRUST-N-05539,2026-09-23T01:30:54Z,HR-WS-22,known software,trusted_internal,Known Publisher,benign
TRUST-N-03693,2026-09-23T01:31:37Z,PATCH-01,known software,signed,Known Publisher,benign
TRUST-N-01530,2026-09-23T01:31:45Z,ENG-WS-17,known software,signed,Known Publisher,benign
TRUST-N-07501,2026-09-23T01:32:03Z,HR-WS-08,known software,signed,Known Publisher,benign
TRUST-N-01929,2026-09-23T01:33:26Z,MGMT-01,known software,signed,Known Publisher,benign
TRUST-N-05814,2026-09-23T01:33:41Z,HR-WS-22,known software,trusted_internal,Known Publisher,benign
TRUST-N-04799,2026-09-23T01:33:50Z,HR-WS-08,known software,trusted_internal,Known Publisher,benign
TRUST-N-01143,2026-09-23T01:34:33Z,HR-WS-22,known software,trusted_internal,Known Publisher,benign
TRUST-N-03358,2026-09-23T01:34:42Z,HR-WS-22,known software,signed,Known Publisher,benign
TRUST-N-06868,2026-09-23T01:34:43Z,FIN-WS-09,known software,signed,Known Publisher,benign
TRUST-N-02041,2026-09-23T01:34:52Z,FIN-WS-09,known software,signed,Known Publisher,benign
TRUST-N-02686,2026-09-23T01:35:27Z,DC-01,known software,trusted_internal,Known Publisher,benign
TRUST-N-09635,2026-09-23T01:35:28Z,HR-WS-22,known software,trusted_internal,Known Publisher,benign
TRUST-N-08080,2026-09-23T01:35:29Z,PATCH-01,known software,signed,Known Publisher,benign
TRUST-N-04913,2026-09-23T01:35:40Z,FIN-WS-09,known software,signed,Known Publisher,benign
TRUST-N-03264,2026-09-23T01:35:46Z,ENG-WS-17,known software,signed,Known Publisher,benign
TRUST-N-01962,2026-09-23T01:35:48Z,FIN-WS-09,known software,signed,Known Publisher,benign
TRUST-N-03973,2026-09-23T01:35:52Z,MGMT-01,known software,signed,Known Publisher,benign
TRUST-N-04744,2026-09-23T01:36:26Z,HR-WS-22,known software,trusted_internal,Known Publisher,benign
TRUST-N-07796,2026-09-23T01:37:00Z,ENG-WS-17,known software,trusted_internal,Known Publisher,benign
TRUST-N-05477,2026-09-23T01:37:07Z,FIN-WS-09,known software,trusted_internal,Known Publisher,benign
TRUST-N-03440,2026-09-23T01:37:16Z,MGMT-01,known software,trusted_internal,Known Publisher,benign
TRUST-N-08254,2026-09-23T01:37:44Z,APP-06,known software,signed,Known Publisher,benign
TRUST-N-07222,2026-09-23T01:38:31Z,HR-WS-22,known software,trusted_internal,Known Publisher,benign
TRUST-N-07239,2026-09-23T01:39:20Z,HR-WS-08,known software,trusted_internal,Known Publisher,benign
TRUST-N-02341,2026-09-23T01:40:13Z,HR-WS-08,known software,trusted_internal,Known Publisher,benign
TRUST-N-04282,2026-09-23T01:40:47Z,APP-06,known software,signed,Known Publisher,benign
TRUST-N-05847,2026-09-23T01:40:57Z,ENG-WS-17,known software,signed,Known Publisher,benign
TRUST-N-03523,2026-09-23T01:42:13Z,ENG-WS-17,known software,signed,Known Publisher,benign
TRUST-N-02300,2026-09-23T01:43:04Z,ENG-WS-17,known software,trusted_internal,Known Publisher,benign
TRUST-N-06621,2026-09-23T01:44:07Z,HR-WS-22,known software,trusted_internal,Known Publisher,benign
TRUST-N-00376,2026-09-23T01:44:33Z,HR-WS-08,known software,signed,Known Publisher,benign
TRUST-N-07485,2026-09-23T01:44:35Z,DC-01,known software,signed,Known Publisher,benign
TRUST-N-06375,2026-09-23T01:44:41Z,DC-01,known software,signed,Known Publisher,benign
TRUST-N-05782,2026-09-23T01:44:42Z,HR-WS-08,known software,trusted_internal,Known Publisher,benign
TRUST-N-01517,2026-09-23T01:44:58Z,HR-WS-22,known software,signed,Known Publisher,benign
TRUST-N-00445,2026-09-23T01:45:10Z,FIN-WS-09,known software,trusted_internal,Known Publisher,benign
TRUST-N-02371,2026-09-23T01:45:13Z,DC-01,known software,signed,Known Publisher,benign
TRUST-N-00971,2026-09-23T01:46:27Z,APP-06,known software,trusted_internal,Known Publisher,benign
TRUST-N-09407,2026-09-23T01:46:56Z,HR-WS-08,known software,signed,Known Publisher,benign
TRUST-N-00938,2026-09-23T01:47:27Z,MGMT-01,known software,signed,Known Publisher,benign
TRUST-N-05525,2026-09-23T01:47:46Z,HR-WS-22,known software,trusted_internal,Known Publisher,benign
TRUST-N-00617,2026-09-23T01:47:57Z,FIN-WS-09,known software,trusted_internal,Known Publisher,benign
TRUST-N-02804,2026-09-23T01:48:02Z,APP-06,known software,signed,Known Publisher,benign
TRUST-N-01248,2026-09-23T01:48:17Z,MGMT-01,known software,trusted_internal,Known Publisher,benign
TRUST-N-02077,2026-09-23T01:48:54Z,PATCH-01,known software,signed,Known Publisher,benign
TRUST-N-08819,2026-09-23T01:49:07Z,PATCH-01,known software,trusted_internal,Known Publisher,benign
TRUST-N-03967,2026-09-23T01:50:40Z,HR-WS-08,known software,signed,Known Publisher,benign
TRUST-N-04595,2026-09-23T01:50:58Z,PATCH-01,known software,trusted_internal,Known Publisher,benign
TRUST-N-03375,2026-09-23T01:51:03Z,MGMT-01,known software,trusted_internal,Known Publisher,benign
TRUST-N-00649,2026-09-23T01:51:35Z,PATCH-01,known software,trusted_internal,Known Publisher,benign
TRUST-N-07346,2026-09-23T01:52:26Z,FIN-WS-09,known software,signed,Known Publisher,benign
TRUST-N-07104,2026-09-23T01:53:42Z,PATCH-01,known software,trusted_internal,Known Publisher,benign
TRUST-N-08739,2026-09-23T01:55:31Z,MGMT-01,known software,signed,Known Publisher,benign
TRUST-N-02452,2026-09-23T01:56:06Z,FIN-WS-09,known software,trusted_internal,Known Publisher,benign
TRUST-N-04490,2026-09-23T01:56:17Z,HR-WS-22,known software,trusted_internal,Known Publisher,benign
TRUST-N-00947,2026-09-23T01:56:31Z,DC-01,known software,trusted_internal,Known Publisher,benign
TRUST-N-01301,2026-09-23T01:57:44Z,HR-WS-22,known software,trusted_internal,Known Publisher,benign
TRUST-N-09807,2026-09-23T01:58:42Z,PATCH-01,known software,signed,Known Publisher,benign
TRUST-N-03472,2026-09-23T01:58:46Z,APP-06,known software,trusted_internal,Known Publisher,benign
TRUST-N-03435,2026-09-23T01:58:51Z,ENG-WS-17,known software,trusted_internal,Known Publisher,benign
TRUST-N-07464,2026-09-23T01:59:38Z,ENG-WS-17,known software,signed,Known Publisher,benign
TRUST-N-07344,2026-09-23T02:00:31Z,APP-06,known software,signed,Known Publisher,benign
TRUST-N-09694,2026-09-23T02:00:32Z,FIN-WS-09,known software,trusted_internal,Known Publisher,benign
TRUST-N-01857,2026-09-23T02:01:25Z,FIN-WS-09,known software,signed,Known Publisher,benign
TRUST-N-02847,2026-09-23T02:01:25Z,PATCH-01,known software,trusted_internal,Known Publisher,benign
TRUST-N-05774,2026-09-23T02:01:33Z,HR-WS-08,known software,signed,Known Publisher,benign
TRUST-N-08770,2026-09-23T02:03:14Z,PATCH-01,known software,trusted_internal,Known Publisher,benign
TRUST-N-03014,2026-09-23T02:03:15Z,APP-06,known software,signed,Known Publisher,benign
TRUST-N-08946,2026-09-23T02:03:26Z,MGMT-01,known software,signed,Known Publisher,benign
TRUST-N-07226,2026-09-23T02:03:27Z,ENG-WS-17,known software,signed,Known Publisher,benign
TRUST-N-08272,2026-09-23T02:04:21Z,HR-WS-08,known software,signed,Known Publisher,benign
TRUST-N-08852,2026-09-23T02:04:23Z,DC-01,known software,trusted_internal,Known Publisher,benign
TRUST-N-03205,2026-09-23T02:05:05Z,PATCH-01,known software,signed,Known Publisher,benign
TRUST-N-03380,2026-09-23T02:05:52Z,HR-WS-08,known software,trusted_internal,Known Publisher,benign
TRUST-N-04693,2026-09-23T02:06:39Z,HR-WS-08,known software,signed,Known Publisher,benign
TRUST-N-07278,2026-09-23T02:06:51Z,FIN-WS-09,known software,trusted_internal,Known Publisher,benign
TRUST-N-07899,2026-09-23T02:07:05Z,MGMT-01,known software,trusted_internal,Known Publisher,benign
TRUST-N-07651,2026-09-23T02:07:37Z,DC-01,known software,trusted_internal,Known Publisher,benign
TRUST-N-06624,2026-09-23T02:07:39Z,ENG-WS-17,known software,signed,Known Publisher,benign
TRUST-N-02242,2026-09-23T02:07:48Z,PATCH-01,known software,signed,Known Publisher,benign
TRUST-N-02599,2026-09-23T02:08:14Z,HR-WS-22,known software,trusted_internal,Known Publisher,benign
TRUST-N-03362,2026-09-23T02:09:52Z,APP-06,known software,signed,Known Publisher,benign
TRUST-N-06853,2026-09-23T02:10:12Z,PATCH-01,known software,trusted_internal,Known Publisher,benign
TRUST-N-04137,2026-09-23T02:10:35Z,APP-06,known software,trusted_internal,Known Publisher,benign
TRUST-N-00600,2026-09-23T02:11:00Z,FIN-WS-09,known software,signed,Known Publisher,benign
TRUST-N-00394,2026-09-23T02:11:18Z,MGMT-01,known software,trusted_internal,Known Publisher,benign
TRUST-N-06661,2026-09-23T02:11:31Z,APP-06,known software,signed,Known Publisher,benign
TRUST-N-02775,2026-09-23T02:12:45Z,PATCH-01,known software,trusted_internal,Known Publisher,benign
TRUST-N-02880,2026-09-23T02:15:37Z,HR-WS-22,known software,signed,Known Publisher,benign
TRUST-N-08493,2026-09-23T02:16:53Z,APP-06,known software,signed,Known Publisher,benign
TRUST-N-02288,2026-09-23T02:17:33Z,PATCH-01,known software,signed,Known Publisher,benign
TRUST-N-06507,2026-09-23T02:17:46Z,DC-01,known software,trusted_internal,Known Publisher,benign
TRUST-N-03048,2026-09-23T02:17:49Z,APP-06,known software,signed,Known Publisher,benign
TRUST-N-06907,2026-09-23T02:18:26Z,ENG-WS-17,known software,trusted_internal,Known Publisher,benign
TRUST-N-07455,2026-09-23T02:19:19Z,ENG-WS-17,known software,signed,Known Publisher,benign
TRUST-N-02331,2026-09-23T02:19:46Z,HR-WS-08,known software,signed,Known Publisher,benign
TRUST-N-09230,2026-09-23T02:20:07Z,MGMT-01,known software,signed,Known Publisher,benign
TRUST-N-05657,2026-09-23T02:20:56Z,FIN-WS-09,known software,signed,Known Publisher,benign
TRUST-N-08319,2026-09-23T02:21:14Z,HR-WS-08,known software,trusted_internal,Known Publisher,benign
TRUST-N-02366,2026-09-23T02:22:30Z,HR-WS-22,known software,trusted_internal,Known Publisher,benign
TRUST-N-03722,2026-09-23T02:22:58Z,DC-01,known software,trusted_internal,Known Publisher,benign
TRUST-N-01203,2026-09-23T02:23:10Z,PATCH-01,known software,signed,Known Publisher,benign
TRUST-N-06855,2026-09-23T02:24:26Z,DC-01,known software,signed,Known Publisher,benign
TRUST-N-04927,2026-09-23T02:24:47Z,APP-06,known software,trusted_internal,Known Publisher,benign
TRUST-N-02299,2026-09-23T02:26:26Z,DC-01,known software,trusted_internal,Known Publisher,benign
TRUST-N-08020,2026-09-23T02:26:48Z,FIN-WS-09,known software,trusted_internal,Known Publisher,benign
TRUST-N-02167,2026-09-23T02:27:18Z,ENG-WS-17,known software,signed,Known Publisher,benign
TRUST-N-08088,2026-09-23T02:27:22Z,MGMT-01,known software,signed,Known Publisher,benign
TRUST-N-01322,2026-09-23T02:28:31Z,HR-WS-08,known software,trusted_internal,Known Publisher,benign
TRUST-N-00669,2026-09-23T02:29:03Z,DC-01,known software,signed,Known Publisher,benign
TRUST-N-06073,2026-09-23T02:29:48Z,ENG-WS-17,known software,signed,Known Publisher,benign
TRUST-N-02659,2026-09-23T02:31:09Z,ENG-WS-17,known software,trusted_internal,Known Publisher,benign
TRUST-N-06706,2026-09-23T02:31:40Z,HR-WS-22,known software,trusted_internal,Known Publisher,benign
TRUST-N-09175,2026-09-23T02:32:10Z,HR-WS-22,known software,trusted_internal,Known Publisher,benign
TRUST-N-01871,2026-09-23T02:32:14Z,FIN-WS-09,known software,trusted_internal,Known Publisher,benign
TRUST-N-08666,2026-09-23T02:32:34Z,HR-WS-22,known software,trusted_internal,Known Publisher,benign
TRUST-N-06070,2026-09-23T02:33:42Z,PATCH-01,known software,trusted_internal,Known Publisher,benign
TRUST-N-09668,2026-09-23T02:36:20Z,DC-01,known software,signed,Known Publisher,benign
TRUST-N-05694,2026-09-23T02:36:24Z,MGMT-01,known software,signed,Known Publisher,benign
TRUST-N-09662,2026-09-23T02:36:39Z,HR-WS-08,known software,trusted_internal,Known Publisher,benign
TRUST-N-09171,2026-09-23T02:36:57Z,DC-01,known software,signed,Known Publisher,benign
TRUST-N-08454,2026-09-23T02:37:56Z,MGMT-01,known software,trusted_internal,Known Publisher,benign
TRUST-N-05303,2026-09-23T02:38:14Z,MGMT-01,known software,signed,Known Publisher,benign
TRUST-N-02992,2026-09-23T02:38:46Z,HR-WS-22,known software,signed,Known Publisher,benign
TRUST-N-03092,2026-09-23T02:38:51Z,DC-01,known software,trusted_internal,Known Publisher,benign
TRUST-N-02099,2026-09-23T02:39:24Z,APP-06,known software,signed,Known Publisher,benign
TRUST-N-08831,2026-09-23T02:39:26Z,ENG-WS-17,known software,signed,Known Publisher,benign
TRUST-N-02565,2026-09-23T02:39:27Z,HR-WS-22,known software,signed,Known Publisher,benign
TRUST-N-06739,2026-09-23T02:39:31Z,HR-WS-22,known software,signed,Known Publisher,benign
TRUST-N-03819,2026-09-23T02:39:49Z,HR-WS-08,known software,trusted_internal,Known Publisher,benign
TRUST-N-03254,2026-09-23T02:40:44Z,MGMT-01,known software,signed,Known Publisher,benign
TRUST-N-00433,2026-09-23T02:40:51Z,DC-01,known software,trusted_internal,Known Publisher,benign
TRUST-N-09616,2026-09-23T02:41:02Z,DC-01,known software,trusted_internal,Known Publisher,benign
TRUST-N-03143,2026-09-23T02:43:15Z,ENG-WS-17,known software,signed,Known Publisher,benign
TRUST-N-00454,2026-09-23T02:46:40Z,HR-WS-08,known software,trusted_internal,Known Publisher,benign
TRUST-N-02763,2026-09-23T02:49:25Z,DC-01,known software,trusted_internal,Known Publisher,benign
TRUST-N-09398,2026-09-23T02:49:28Z,FIN-WS-09,known software,signed,Known Publisher,benign
TRUST-N-01574,2026-09-23T02:50:54Z,MGMT-01,known software,trusted_internal,Known Publisher,benign
TRUST-N-00354,2026-09-23T02:53:31Z,FIN-WS-09,known software,signed,Known Publisher,benign
TRUST-N-05361,2026-09-23T02:54:17Z,HR-WS-22,known software,trusted_internal,Known Publisher,benign
TRUST-N-02610,2026-09-23T02:55:05Z,FIN-WS-09,known software,trusted_internal,Known Publisher,benign
TRUST-N-08220,2026-09-23T02:57:36Z,MGMT-01,known software,signed,Known Publisher,benign
TRUST-N-05649,2026-09-23T02:58:26Z,ENG-WS-17,known software,signed,Known Publisher,benign
TRUST-N-05276,2026-09-23T02:58:44Z,APP-06,known software,signed,Known Publisher,benign
TRUST-N-09358,2026-09-23T02:59:13Z,HR-WS-22,known software,trusted_internal,Known Publisher,benign
TRUST-N-02094,2026-09-23T02:59:16Z,PATCH-01,known software,trusted_internal,Known Publisher,benign
TRUST-N-03183,2026-09-23T02:59:49Z,HR-WS-08,known software,trusted_internal,Known Publisher,benign
TRUST-N-04509,2026-09-23T03:00:32Z,MGMT-01,known software,trusted_internal,Known Publisher,benign
TRUST-N-09377,2026-09-23T03:00:34Z,ENG-WS-17,known software,trusted_internal,Known Publisher,benign
TRUST-N-03998,2026-09-23T03:01:53Z,HR-WS-08,known software,signed,Known Publisher,benign
TRUST-N-07584,2026-09-23T03:02:04Z,FIN-WS-09,known software,signed,Known Publisher,benign
TRUST-N-03099,2026-09-23T03:02:33Z,MGMT-01,known software,trusted_internal,Known Publisher,benign
TRUST-N-04541,2026-09-23T03:02:33Z,PATCH-01,known software,signed,Known Publisher,benign
TRUST-N-06038,2026-09-23T03:04:47Z,PATCH-01,known software,trusted_internal,Known Publisher,benign
TRUST-N-09320,2026-09-23T03:04:47Z,FIN-WS-09,known software,trusted_internal,Known Publisher,benign
TRUST-N-05064,2026-09-23T03:05:10Z,APP-06,known software,signed,Known Publisher,benign
TRUST-N-08355,2026-09-23T03:06:18Z,ENG-WS-17,known software,trusted_internal,Known Publisher,benign
TRUST-N-06896,2026-09-23T03:06:46Z,APP-06,known software,signed,Known Publisher,benign
TRUST-N-01408,2026-09-23T03:07:00Z,HR-WS-22,known software,trusted_internal,Known Publisher,benign
TRUST-N-09212,2026-09-23T03:07:07Z,DC-01,known software,signed,Known Publisher,benign
TRUST-N-02123,2026-09-23T03:07:24Z,HR-WS-08,known software,signed,Known Publisher,benign
TRUST-N-06438,2026-09-23T03:07:42Z,PATCH-01,known software,trusted_internal,Known Publisher,benign
TRUST-N-09941,2026-09-23T03:07:44Z,DC-01,known software,trusted_internal,Known Publisher,benign
TRUST-N-07670,2026-09-23T03:07:53Z,APP-06,known software,trusted_internal,Known Publisher,benign
TRUST-N-08068,2026-09-23T03:08:09Z,FIN-WS-09,known software,signed,Known Publisher,benign
TRUST-N-01707,2026-09-23T03:08:41Z,HR-WS-08,known software,signed,Known Publisher,benign
TRUST-N-03162,2026-09-23T03:09:01Z,HR-WS-08,known software,trusted_internal,Known Publisher,benign
TRUST-N-01883,2026-09-23T03:09:29Z,ENG-WS-17,known software,signed,Known Publisher,benign
TRUST-N-09244,2026-09-23T03:10:07Z,PATCH-01,known software,trusted_internal,Known Publisher,benign
TRUST-N-09871,2026-09-23T03:10:12Z,HR-WS-08,known software,trusted_internal,Known Publisher,benign
TRUST-N-05568,2026-09-23T03:10:13Z,DC-01,known software,signed,Known Publisher,benign
TRUST-N-00851,2026-09-23T03:10:14Z,HR-WS-08,known software,signed,Known Publisher,benign
TRUST-N-02937,2026-09-23T03:11:20Z,FIN-WS-09,known software,trusted_internal,Known Publisher,benign
TRUST-N-09670,2026-09-23T03:11:55Z,PATCH-01,known software,trusted_internal,Known Publisher,benign
TRUST-N-01822,2026-09-23T03:12:04Z,DC-01,known software,trusted_internal,Known Publisher,benign
TRUST-N-02958,2026-09-23T03:12:45Z,HR-WS-22,known software,signed,Known Publisher,benign
TRUST-N-09595,2026-09-23T03:12:58Z,HR-WS-22,known software,trusted_internal,Known Publisher,benign
TRUST-N-03237,2026-09-23T03:13:08Z,ENG-WS-17,known software,signed,Known Publisher,benign
TRUST-N-09963,2026-09-23T03:13:21Z,HR-WS-22,known software,signed,Known Publisher,benign
TRUST-N-08919,2026-09-23T03:13:31Z,FIN-WS-09,known software,trusted_internal,Known Publisher,benign
TRUST-N-08942,2026-09-23T03:14:14Z,FIN-WS-09,known software,trusted_internal,Known Publisher,benign
TRUST-N-06921,2026-09-23T03:14:47Z,HR-WS-22,known software,trusted_internal,Known Publisher,benign
TRUST-N-08296,2026-09-23T03:16:45Z,HR-WS-08,known software,signed,Known Publisher,benign
TRUST-N-03230,2026-09-23T03:17:07Z,FIN-WS-09,known software,trusted_internal,Known Publisher,benign
TRUST-N-02165,2026-09-23T03:17:13Z,MGMT-01,known software,trusted_internal,Known Publisher,benign
TRUST-N-06721,2026-09-23T03:17:17Z,APP-06,known software,trusted_internal,Known Publisher,benign
TRUST-N-08615,2026-09-23T03:18:51Z,PATCH-01,known software,signed,Known Publisher,benign
TRUST-N-00319,2026-09-23T03:19:10Z,FIN-WS-09,known software,signed,Known Publisher,benign
TRUST-N-07233,2026-09-23T03:20:40Z,HR-WS-22,known software,trusted_internal,Known Publisher,benign
TRUST-N-09008,2026-09-23T03:21:17Z,DC-01,known software,trusted_internal,Known Publisher,benign
TRUST-N-07897,2026-09-23T03:23:00Z,HR-WS-22,known software,trusted_internal,Known Publisher,benign
TRUST-N-08589,2026-09-23T03:23:10Z,MGMT-01,known software,signed,Known Publisher,benign
TRUST-N-05747,2026-09-23T03:23:24Z,HR-WS-22,known software,signed,Known Publisher,benign
TRUST-N-02474,2026-09-23T03:23:56Z,PATCH-01,known software,trusted_internal,Known Publisher,benign
TRUST-N-09409,2026-09-23T03:25:02Z,DC-01,known software,trusted_internal,Known Publisher,benign
TRUST-N-03955,2026-09-23T03:25:09Z,APP-06,known software,signed,Known Publisher,benign
TRUST-N-08933,2026-09-23T03:25:53Z,ENG-WS-17,known software,trusted_internal,Known Publisher,benign
TRUST-N-09571,2026-09-23T03:27:03Z,HR-WS-08,known software,trusted_internal,Known Publisher,benign
TRUST-N-08152,2026-09-23T03:27:06Z,FIN-WS-09,known software,signed,Known Publisher,benign
TRUST-N-03801,2026-09-23T03:27:46Z,APP-06,known software,signed,Known Publisher,benign
TRUST-N-05589,2026-09-23T03:27:56Z,DC-01,known software,trusted_internal,Known Publisher,benign
TRUST-N-04063,2026-09-23T03:28:05Z,APP-06,known software,signed,Known Publisher,benign
TRUST-N-03767,2026-09-23T03:28:17Z,ENG-WS-17,known software,trusted_internal,Known Publisher,benign
TRUST-N-00018,2026-09-23T03:29:22Z,PATCH-01,known software,signed,Known Publisher,benign
TRUST-N-09758,2026-09-23T03:29:51Z,PATCH-01,known software,trusted_internal,Known Publisher,benign
TRUST-N-02922,2026-09-23T03:29:53Z,ENG-WS-17,known software,trusted_internal,Known Publisher,benign
TRUST-N-00239,2026-09-23T03:29:55Z,APP-06,known software,signed,Known Publisher,benign
TRUST-N-08101,2026-09-23T03:31:40Z,APP-06,known software,signed,Known Publisher,benign
TRUST-N-09613,2026-09-23T03:32:26Z,PATCH-01,known software,trusted_internal,Known Publisher,benign
TRUST-N-08824,2026-09-23T03:32:53Z,HR-WS-22,known software,signed,Known Publisher,benign
TRUST-N-00501,2026-09-23T03:33:13Z,PATCH-01,known software,trusted_internal,Known Publisher,benign
TRUST-N-01344,2026-09-23T03:33:31Z,HR-WS-08,known software,trusted_internal,Known Publisher,benign
TRUST-N-08413,2026-09-23T03:33:35Z,HR-WS-22,known software,signed,Known Publisher,benign
TRUST-N-03018,2026-09-23T03:35:10Z,HR-WS-22,known software,signed,Known Publisher,benign
TRUST-N-08473,2026-09-23T03:35:25Z,PATCH-01,known software,signed,Known Publisher,benign
TRUST-N-02959,2026-09-23T03:35:45Z,DC-01,known software,signed,Known Publisher,benign
TRUST-N-08402,2026-09-23T03:36:40Z,FIN-WS-09,known software,trusted_internal,Known Publisher,benign
TRUST-N-05561,2026-09-23T03:36:46Z,HR-WS-08,known software,signed,Known Publisher,benign
TRUST-N-04751,2026-09-23T03:37:38Z,MGMT-01,known software,trusted_internal,Known Publisher,benign
TRUST-N-06391,2026-09-23T03:38:14Z,ENG-WS-17,known software,signed,Known Publisher,benign
TRUST-N-07393,2026-09-23T03:38:22Z,APP-06,known software,signed,Known Publisher,benign
TRUST-N-00295,2026-09-23T03:38:52Z,MGMT-01,known software,signed,Known Publisher,benign
TRUST-N-02985,2026-09-23T03:39:22Z,FIN-WS-09,known software,signed,Known Publisher,benign
TRUST-N-08314,2026-09-23T03:39:30Z,FIN-WS-09,known software,signed,Known Publisher,benign
TRUST-N-02025,2026-09-23T03:39:32Z,DC-01,known software,trusted_internal,Known Publisher,benign
TRUST-N-03707,2026-09-23T03:40:44Z,ENG-WS-17,known software,trusted_internal,Known Publisher,benign
TRUST-N-03453,2026-09-23T03:40:48Z,ENG-WS-17,known software,trusted_internal,Known Publisher,benign
TRUST-N-06838,2026-09-23T03:41:31Z,DC-01,known software,trusted_internal,Known Publisher,benign
TRUST-N-01243,2026-09-23T03:41:37Z,ENG-WS-17,known software,trusted_internal,Known Publisher,benign
TRUST-N-01560,2026-09-23T03:42:15Z,APP-06,known software,signed,Known Publisher,benign
TRUST-N-02138,2026-09-23T03:42:23Z,HR-WS-22,known software,signed,Known Publisher,benign
TRUST-N-02200,2026-09-23T03:42:36Z,HR-WS-22,known software,signed,Known Publisher,benign
TRUST-N-05573,2026-09-23T03:43:00Z,APP-06,known software,trusted_internal,Known Publisher,benign
TRUST-N-02825,2026-09-23T03:43:59Z,ENG-WS-17,known software,trusted_internal,Known Publisher,benign
TRUST-N-00260,2026-09-23T03:46:00Z,ENG-WS-17,known software,trusted_internal,Known Publisher,benign
TRUST-N-09722,2026-09-23T03:46:11Z,APP-06,known software,trusted_internal,Known Publisher,benign
TRUST-N-07514,2026-09-23T03:46:18Z,HR-WS-22,known software,signed,Known Publisher,benign
TRUST-N-04264,2026-09-23T03:46:26Z,APP-06,known software,trusted_internal,Known Publisher,benign
TRUST-N-06143,2026-09-23T03:46:43Z,HR-WS-22,known software,trusted_internal,Known Publisher,benign
TRUST-N-01108,2026-09-23T03:47:23Z,FIN-WS-09,known software,trusted_internal,Known Publisher,benign
TRUST-N-09675,2026-09-23T03:47:48Z,ENG-WS-17,known software,signed,Known Publisher,benign
TRUST-N-03826,2026-09-23T03:47:58Z,APP-06,known software,trusted_internal,Known Publisher,benign
TRUST-N-06179,2026-09-23T03:49:36Z,HR-WS-22,known software,trusted_internal,Known Publisher,benign
TRUST-N-07082,2026-09-23T03:50:03Z,HR-WS-08,known software,trusted_internal,Known Publisher,benign
TRUST-N-01569,2026-09-23T03:50:40Z,APP-06,known software,trusted_internal,Known Publisher,benign
TRUST-N-09204,2026-09-23T03:51:15Z,ENG-WS-17,known software,signed,Known Publisher,benign
TRUST-N-02074,2026-09-23T03:51:21Z,HR-WS-08,known software,trusted_internal,Known Publisher,benign
TRUST-N-04470,2026-09-23T03:51:42Z,PATCH-01,known software,signed,Known Publisher,benign
TRUST-N-05400,2026-09-23T03:51:47Z,MGMT-01,known software,trusted_internal,Known Publisher,benign
TRUST-N-01071,2026-09-23T03:52:51Z,APP-06,known software,signed,Known Publisher,benign
TRUST-N-04280,2026-09-23T03:54:16Z,HR-WS-08,known software,trusted_internal,Known Publisher,benign
TRUST-N-02713,2026-09-23T03:54:40Z,ENG-WS-17,known software,signed,Known Publisher,benign
TRUST-N-06646,2026-09-23T03:54:56Z,APP-06,known software,trusted_internal,Known Publisher,benign
TRUST-N-00154,2026-09-23T03:55:33Z,ENG-WS-17,known software,trusted_internal,Known Publisher,benign
TRUST-N-07629,2026-09-23T03:56:12Z,DC-01,known software,trusted_internal,Known Publisher,benign
TRUST-N-08162,2026-09-23T03:56:38Z,FIN-WS-09,known software,signed,Known Publisher,benign
TRUST-N-09032,2026-09-23T03:57:21Z,HR-WS-22,known software,trusted_internal,Known Publisher,benign
TRUST-N-06627,2026-09-23T03:57:30Z,APP-06,known software,trusted_internal,Known Publisher,benign
TRUST-N-02156,2026-09-23T03:58:42Z,PATCH-01,known software,signed,Known Publisher,benign
TRUST-N-01023,2026-09-23T04:00:54Z,HR-WS-22,known software,trusted_internal,Known Publisher,benign
TRUST-N-02377,2026-09-23T04:02:14Z,DC-01,known software,trusted_internal,Known Publisher,benign
TRUST-N-04642,2026-09-23T04:02:23Z,APP-06,known software,signed,Known Publisher,benign
TRUST-N-09288,2026-09-23T04:02:44Z,HR-WS-22,known software,trusted_internal,Known Publisher,benign
TRUST-N-04638,2026-09-23T04:02:56Z,HR-WS-22,known software,trusted_internal,Known Publisher,benign
TRUST-N-09003,2026-09-23T04:03:32Z,MGMT-01,known software,trusted_internal,Known Publisher,benign
TRUST-N-08815,2026-09-23T04:03:36Z,MGMT-01,known software,signed,Known Publisher,benign
TRUST-N-01571,2026-09-23T04:03:50Z,ENG-WS-17,known software,trusted_internal,Known Publisher,benign
TRUST-N-06034,2026-09-23T04:04:24Z,MGMT-01,known software,trusted_internal,Known Publisher,benign
TRUST-N-02498,2026-09-23T04:04:51Z,APP-06,known software,trusted_internal,Known Publisher,benign
TRUST-N-08271,2026-09-23T04:07:25Z,FIN-WS-09,known software,signed,Known Publisher,benign
TRUST-N-05074,2026-09-23T04:08:28Z,ENG-WS-17,known software,trusted_internal,Known Publisher,benign
TRUST-N-01405,2026-09-23T04:09:30Z,ENG-WS-17,known software,signed,Known Publisher,benign
TRUST-N-08837,2026-09-23T04:09:53Z,PATCH-01,known software,trusted_internal,Known Publisher,benign
TRUST-N-00620,2026-09-23T04:09:56Z,FIN-WS-09,known software,signed,Known Publisher,benign
TRUST-N-07168,2026-09-23T04:10:55Z,ENG-WS-17,known software,trusted_internal,Known Publisher,benign
TRUST-N-01611,2026-09-23T04:11:16Z,HR-WS-08,known software,signed,Known Publisher,benign
TRUST-N-07606,2026-09-23T04:11:21Z,MGMT-01,known software,trusted_internal,Known Publisher,benign
TRUST-N-01508,2026-09-23T04:11:28Z,APP-06,known software,trusted_internal,Known Publisher,benign
TRUST-N-04082,2026-09-23T04:11:36Z,DC-01,known software,trusted_internal,Known Publisher,benign
TRUST-N-07063,2026-09-23T04:11:37Z,DC-01,known software,signed,Known Publisher,benign
TRUST-N-08753,2026-09-23T04:12:10Z,APP-06,known software,trusted_internal,Known Publisher,benign
TRUST-N-00293,2026-09-23T04:13:10Z,APP-06,known software,trusted_internal,Known Publisher,benign
TRUST-N-05437,2026-09-23T04:13:28Z,DC-01,known software,trusted_internal,Known Publisher,benign
TRUST-N-02162,2026-09-23T04:14:30Z,ENG-WS-17,known software,trusted_internal,Known Publisher,benign
TRUST-N-00415,2026-09-23T04:14:31Z,APP-06,known software,signed,Known Publisher,benign
TRUST-N-00310,2026-09-23T04:15:01Z,DC-01,known software,trusted_internal,Known Publisher,benign
TRUST-N-03359,2026-09-23T04:15:56Z,MGMT-01,known software,signed,Known Publisher,benign
TRUST-N-01065,2026-09-23T04:15:59Z,MGMT-01,known software,signed,Known Publisher,benign
TRUST-N-00077,2026-09-23T04:16:28Z,MGMT-01,known software,trusted_internal,Known Publisher,benign
TRUST-N-03804,2026-09-23T04:16:39Z,PATCH-01,known software,signed,Known Publisher,benign
TRUST-N-02012,2026-09-23T04:17:32Z,ENG-WS-17,known software,signed,Known Publisher,benign
TRUST-N-08320,2026-09-23T04:18:12Z,HR-WS-08,known software,signed,Known Publisher,benign
TRUST-N-01127,2026-09-23T04:18:17Z,MGMT-01,known software,signed,Known Publisher,benign
TRUST-N-00430,2026-09-23T04:19:06Z,PATCH-01,known software,signed,Known Publisher,benign
TRUST-N-06386,2026-09-23T04:19:12Z,HR-WS-22,known software,trusted_internal,Known Publisher,benign
TRUST-N-04923,2026-09-23T04:19:54Z,MGMT-01,known software,signed,Known Publisher,benign
TRUST-N-03157,2026-09-23T04:19:59Z,HR-WS-22,known software,trusted_internal,Known Publisher,benign
TRUST-N-05607,2026-09-23T04:20:33Z,HR-WS-08,known software,trusted_internal,Known Publisher,benign
TRUST-N-00933,2026-09-23T04:20:38Z,HR-WS-22,known software,trusted_internal,Known Publisher,benign
TRUST-N-01833,2026-09-23T04:21:02Z,ENG-WS-17,known software,signed,Known Publisher,benign
TRUST-N-07348,2026-09-23T04:21:05Z,HR-WS-22,known software,signed,Known Publisher,benign
TRUST-N-01537,2026-09-23T04:21:13Z,HR-WS-08,known software,signed,Known Publisher,benign
TRUST-N-09104,2026-09-23T04:23:11Z,MGMT-01,known software,signed,Known Publisher,benign
TRUST-N-03924,2026-09-23T04:23:59Z,FIN-WS-09,known software,trusted_internal,Known Publisher,benign
TRUST-N-05767,2026-09-23T04:24:31Z,MGMT-01,known software,trusted_internal,Known Publisher,benign
TRUST-N-07116,2026-09-23T04:25:02Z,HR-WS-08,known software,signed,Known Publisher,benign
TRUST-N-07131,2026-09-23T04:26:16Z,MGMT-01,known software,trusted_internal,Known Publisher,benign
TRUST-N-01020,2026-09-23T04:26:25Z,HR-WS-08,known software,trusted_internal,Known Publisher,benign
TRUST-N-03102,2026-09-23T04:26:32Z,APP-06,known software,signed,Known Publisher,benign
TRUST-N-02987,2026-09-23T04:27:48Z,ENG-WS-17,known software,signed,Known Publisher,benign
TRUST-N-08263,2026-09-23T04:28:26Z,ENG-WS-17,known software,trusted_internal,Known Publisher,benign
TRUST-N-01049,2026-09-23T04:29:27Z,ENG-WS-17,known software,signed,Known Publisher,benign
TRUST-N-09683,2026-09-23T04:29:43Z,APP-06,known software,signed,Known Publisher,benign
TRUST-N-00645,2026-09-23T04:29:48Z,MGMT-01,known software,signed,Known Publisher,benign
TRUST-N-03295,2026-09-23T04:30:00Z,HR-WS-08,known software,signed,Known Publisher,benign
TRUST-N-04024,2026-09-23T04:30:34Z,HR-WS-22,known software,trusted_internal,Known Publisher,benign
TRUST-N-09258,2026-09-23T04:30:35Z,HR-WS-08,known software,signed,Known Publisher,benign
TRUST-N-05569,2026-09-23T04:30:37Z,HR-WS-08,known software,trusted_internal,Known Publisher,benign
TRUST-N-02613,2026-09-23T04:30:40Z,DC-01,known software,trusted_internal,Known Publisher,benign
TRUST-N-03119,2026-09-23T04:31:09Z,HR-WS-08,known software,signed,Known Publisher,benign
TRUST-N-08861,2026-09-23T04:31:14Z,PATCH-01,known software,trusted_internal,Known Publisher,benign
TRUST-N-09308,2026-09-23T04:31:27Z,PATCH-01,known software,signed,Known Publisher,benign
TRUST-N-06439,2026-09-23T04:31:34Z,ENG-WS-17,known software,signed,Known Publisher,benign
TRUST-N-06567,2026-09-23T04:31:54Z,HR-WS-22,known software,trusted_internal,Known Publisher,benign
TRUST-N-03257,2026-09-23T04:32:10Z,DC-01,known software,signed,Known Publisher,benign
TRUST-N-06028,2026-09-23T04:33:37Z,MGMT-01,known software,signed,Known Publisher,benign
TRUST-N-09557,2026-09-23T04:33:55Z,APP-06,known software,signed,Known Publisher,benign
TRUST-N-01048,2026-09-23T04:34:00Z,DC-01,known software,trusted_internal,Known Publisher,benign
TRUST-N-09667,2026-09-23T04:35:31Z,DC-01,known software,trusted_internal,Known Publisher,benign
TRUST-N-09047,2026-09-23T04:35:47Z,HR-WS-08,known software,trusted_internal,Known Publisher,benign
TRUST-N-06467,2026-09-23T04:36:40Z,DC-01,known software,trusted_internal,Known Publisher,benign
TRUST-N-09173,2026-09-23T04:36:41Z,APP-06,known software,signed,Known Publisher,benign
TRUST-N-07217,2026-09-23T04:38:03Z,HR-WS-22,known software,trusted_internal,Known Publisher,benign
TRUST-N-05571,2026-09-23T04:38:12Z,APP-06,known software,trusted_internal,Known Publisher,benign
TRUST-N-04421,2026-09-23T04:39:06Z,DC-01,known software,signed,Known Publisher,benign
TRUST-N-00917,2026-09-23T04:39:18Z,HR-WS-08,known software,trusted_internal,Known Publisher,benign
TRUST-N-04210,2026-09-23T04:40:36Z,FIN-WS-09,known software,signed,Known Publisher,benign
TRUST-N-01318,2026-09-23T04:42:05Z,MGMT-01,known software,signed,Known Publisher,benign
TRUST-N-08663,2026-09-23T04:42:06Z,FIN-WS-09,known software,signed,Known Publisher,benign
TRUST-N-08005,2026-09-23T04:42:44Z,FIN-WS-09,known software,signed,Known Publisher,benign
TRUST-N-06211,2026-09-23T04:43:15Z,APP-06,known software,signed,Known Publisher,benign
TRUST-N-04809,2026-09-23T04:43:49Z,MGMT-01,known software,trusted_internal,Known Publisher,benign
TRUST-N-00818,2026-09-23T04:44:43Z,FIN-WS-09,known software,signed,Known Publisher,benign
TRUST-N-04914,2026-09-23T04:44:44Z,DC-01,known software,signed,Known Publisher,benign
TRUST-N-09716,2026-09-23T04:45:22Z,PATCH-01,known software,trusted_internal,Known Publisher,benign
TRUST-N-05223,2026-09-23T04:45:46Z,PATCH-01,known software,trusted_internal,Known Publisher,benign
TRUST-N-07785,2026-09-23T04:46:01Z,MGMT-01,known software,trusted_internal,Known Publisher,benign
TRUST-N-09167,2026-09-23T04:46:38Z,DC-01,known software,signed,Known Publisher,benign
TRUST-N-01122,2026-09-23T04:46:40Z,FIN-WS-09,known software,trusted_internal,Known Publisher,benign
TRUST-N-02391,2026-09-23T04:47:03Z,MGMT-01,known software,signed,Known Publisher,benign
TRUST-N-00042,2026-09-23T04:47:11Z,HR-WS-08,known software,trusted_internal,Known Publisher,benign
TRUST-N-00499,2026-09-23T04:47:21Z,FIN-WS-09,known software,signed,Known Publisher,benign
TRUST-N-00160,2026-09-23T04:47:27Z,ENG-WS-17,known software,signed,Known Publisher,benign
TRUST-N-07092,2026-09-23T04:47:59Z,APP-06,known software,trusted_internal,Known Publisher,benign
TRUST-N-02260,2026-09-23T04:48:02Z,MGMT-01,known software,signed,Known Publisher,benign
TRUST-N-05523,2026-09-23T04:48:17Z,APP-06,known software,signed,Known Publisher,benign
TRUST-N-00193,2026-09-23T04:49:56Z,APP-06,known software,signed,Known Publisher,benign
TRUST-N-06692,2026-09-23T04:51:31Z,FIN-WS-09,known software,trusted_internal,Known Publisher,benign
TRUST-N-03686,2026-09-23T04:51:37Z,HR-WS-22,known software,signed,Known Publisher,benign
TRUST-N-00908,2026-09-23T04:52:30Z,HR-WS-08,known software,trusted_internal,Known Publisher,benign
TRUST-N-05165,2026-09-23T04:52:55Z,HR-WS-22,known software,trusted_internal,Known Publisher,benign
TRUST-N-08353,2026-09-23T04:54:58Z,HR-WS-22,known software,trusted_internal,Known Publisher,benign
TRUST-N-02083,2026-09-23T04:56:03Z,PATCH-01,known software,signed,Known Publisher,benign
TRUST-N-02751,2026-09-23T04:56:46Z,HR-WS-22,known software,signed,Known Publisher,benign
TRUST-N-07565,2026-09-23T04:57:20Z,PATCH-01,known software,trusted_internal,Known Publisher,benign
TRUST-N-08178,2026-09-23T04:57:40Z,APP-06,known software,trusted_internal,Known Publisher,benign
TRUST-N-02741,2026-09-23T04:57:45Z,HR-WS-08,known software,trusted_internal,Known Publisher,benign
TRUST-N-02047,2026-09-23T04:57:51Z,FIN-WS-09,known software,trusted_internal,Known Publisher,benign
TRUST-N-06759,2026-09-23T04:58:22Z,DC-01,known software,signed,Known Publisher,benign
TRUST-N-03266,2026-09-23T04:58:26Z,APP-06,known software,signed,Known Publisher,benign
TRUST-N-09566,2026-09-23T04:58:43Z,APP-06,known software,signed,Known Publisher,benign
TRUST-N-00907,2026-09-23T04:59:27Z,MGMT-01,known software,trusted_internal,Known Publisher,benign
TRUST-N-08931,2026-09-23T04:59:57Z,DC-01,known software,trusted_internal,Known Publisher,benign
TRUST-N-09303,2026-09-23T05:00:29Z,PATCH-01,known software,trusted_internal,Known Publisher,benign
TRUST-N-09579,2026-09-23T05:01:40Z,HR-WS-22,known software,trusted_internal,Known Publisher,benign
TRUST-N-00764,2026-09-23T05:02:09Z,DC-01,known software,trusted_internal,Known Publisher,benign
TRUST-N-01670,2026-09-23T05:02:15Z,DC-01,known software,trusted_internal,Known Publisher,benign
TRUST-N-08579,2026-09-23T05:02:32Z,HR-WS-08,known software,trusted_internal,Known Publisher,benign
TRUST-N-01923,2026-09-23T05:03:20Z,MGMT-01,known software,signed,Known Publisher,benign
TRUST-N-02577,2026-09-23T05:03:51Z,PATCH-01,known software,signed,Known Publisher,benign
TRUST-N-00030,2026-09-23T05:05:28Z,MGMT-01,known software,trusted_internal,Known Publisher,benign
TRUST-N-07014,2026-09-23T05:05:34Z,PATCH-01,known software,trusted_internal,Known Publisher,benign
TRUST-N-02118,2026-09-23T05:05:42Z,ENG-WS-17,known software,trusted_internal,Known Publisher,benign
TRUST-N-04464,2026-09-23T05:05:46Z,PATCH-01,known software,trusted_internal,Known Publisher,benign
TRUST-N-05304,2026-09-23T05:06:45Z,FIN-WS-09,known software,trusted_internal,Known Publisher,benign
TRUST-N-06272,2026-09-23T05:07:59Z,PATCH-01,known software,trusted_internal,Known Publisher,benign
TRUST-N-01546,2026-09-23T05:09:42Z,MGMT-01,known software,signed,Known Publisher,benign
TRUST-N-02101,2026-09-23T05:09:55Z,ENG-WS-17,known software,signed,Known Publisher,benign
TRUST-N-06639,2026-09-23T05:10:03Z,PATCH-01,known software,signed,Known Publisher,benign
TRUST-N-07597,2026-09-23T05:10:39Z,MGMT-01,known software,signed,Known Publisher,benign
TRUST-N-00103,2026-09-23T05:11:19Z,PATCH-01,known software,signed,Known Publisher,benign
TRUST-N-07981,2026-09-23T05:14:24Z,PATCH-01,known software,trusted_internal,Known Publisher,benign
TRUST-N-09194,2026-09-23T05:14:33Z,DC-01,known software,trusted_internal,Known Publisher,benign
TRUST-N-08150,2026-09-23T05:14:43Z,HR-WS-08,known software,signed,Known Publisher,benign
TRUST-N-03186,2026-09-23T05:15:37Z,DC-01,known software,signed,Known Publisher,benign
TRUST-N-07908,2026-09-23T05:15:48Z,APP-06,known software,signed,Known Publisher,benign
TRUST-N-04027,2026-09-23T05:17:11Z,DC-01,known software,trusted_internal,Known Publisher,benign
TRUST-N-09773,2026-09-23T05:17:11Z,DC-01,known software,trusted_internal,Known Publisher,benign
TRUST-N-00846,2026-09-23T05:17:35Z,ENG-WS-17,known software,trusted_internal,Known Publisher,benign
TRUST-N-07083,2026-09-23T05:17:49Z,HR-WS-22,known software,signed,Known Publisher,benign
TRUST-N-06530,2026-09-23T05:18:27Z,PATCH-01,known software,signed,Known Publisher,benign
TRUST-N-02973,2026-09-23T05:18:29Z,FIN-WS-09,known software,trusted_internal,Known Publisher,benign
TRUST-N-04648,2026-09-23T05:18:41Z,FIN-WS-09,known software,trusted_internal,Known Publisher,benign
TRUST-N-04672,2026-09-23T05:19:04Z,HR-WS-08,known software,trusted_internal,Known Publisher,benign
TRUST-N-07498,2026-09-23T05:19:18Z,PATCH-01,known software,trusted_internal,Known Publisher,benign
TRUST-N-00223,2026-09-23T05:20:05Z,PATCH-01,known software,signed,Known Publisher,benign
TRUST-N-08295,2026-09-23T05:20:46Z,MGMT-01,known software,signed,Known Publisher,benign
TRUST-N-03780,2026-09-23T05:21:49Z,DC-01,known software,trusted_internal,Known Publisher,benign
TRUST-N-06532,2026-09-23T05:22:06Z,ENG-WS-17,known software,trusted_internal,Known Publisher,benign
TRUST-N-09469,2026-09-23T05:22:49Z,PATCH-01,known software,signed,Known Publisher,benign
TRUST-N-00087,2026-09-23T05:23:19Z,PATCH-01,known software,trusted_internal,Known Publisher,benign
TRUST-N-01336,2026-09-23T05:23:25Z,ENG-WS-17,known software,signed,Known Publisher,benign
TRUST-N-04801,2026-09-23T05:23:35Z,MGMT-01,known software,trusted_internal,Known Publisher,benign
TRUST-N-03606,2026-09-23T05:24:30Z,HR-WS-22,known software,signed,Known Publisher,benign
TRUST-N-04593,2026-09-23T05:24:33Z,HR-WS-08,known software,signed,Known Publisher,benign
TRUST-N-06703,2026-09-23T05:25:20Z,HR-WS-22,known software,trusted_internal,Known Publisher,benign
TRUST-N-07937,2026-09-23T05:25:48Z,HR-WS-08,known software,trusted_internal,Known Publisher,benign
TRUST-N-08642,2026-09-23T05:25:51Z,FIN-WS-09,known software,trusted_internal,Known Publisher,benign
TRUST-N-03890,2026-09-23T05:27:18Z,HR-WS-08,known software,trusted_internal,Known Publisher,benign
TRUST-N-03405,2026-09-23T05:27:42Z,APP-06,known software,trusted_internal,Known Publisher,benign
TRUST-N-05613,2026-09-23T05:29:16Z,HR-WS-08,known software,trusted_internal,Known Publisher,benign
TRUST-N-05493,2026-09-23T05:30:30Z,HR-WS-22,known software,signed,Known Publisher,benign
TRUST-N-04532,2026-09-23T05:31:00Z,APP-06,known software,signed,Known Publisher,benign
TRUST-N-01647,2026-09-23T05:31:36Z,FIN-WS-09,known software,signed,Known Publisher,benign
TRUST-N-02797,2026-09-23T05:32:24Z,HR-WS-08,known software,trusted_internal,Known Publisher,benign
TRUST-N-03008,2026-09-23T05:35:43Z,FIN-WS-09,known software,signed,Known Publisher,benign
TRUST-N-00101,2026-09-23T05:35:53Z,FIN-WS-09,known software,trusted_internal,Known Publisher,benign
TRUST-N-03049,2026-09-23T05:35:57Z,PATCH-01,known software,trusted_internal,Known Publisher,benign
TRUST-N-02128,2026-09-23T05:36:01Z,APP-06,known software,signed,Known Publisher,benign
TRUST-N-07905,2026-09-23T05:36:08Z,HR-WS-08,known software,signed,Known Publisher,benign
TRUST-N-02747,2026-09-23T05:37:21Z,PATCH-01,known software,signed,Known Publisher,benign
TRUST-N-09235,2026-09-23T05:38:16Z,HR-WS-22,known software,trusted_internal,Known Publisher,benign
TRUST-N-07817,2026-09-23T05:38:50Z,HR-WS-22,known software,signed,Known Publisher,benign
TRUST-N-06351,2026-09-23T05:39:24Z,DC-01,known software,trusted_internal,Known Publisher,benign
TRUST-N-05402,2026-09-23T05:39:36Z,PATCH-01,known software,signed,Known Publisher,benign
TRUST-N-01723,2026-09-23T05:39:47Z,MGMT-01,known software,trusted_internal,Known Publisher,benign
TRUST-N-09770,2026-09-23T05:40:44Z,HR-WS-08,known software,trusted_internal,Known Publisher,benign
TRUST-N-08200,2026-09-23T05:42:11Z,MGMT-01,known software,trusted_internal,Known Publisher,benign
TRUST-N-07608,2026-09-23T05:43:05Z,PATCH-01,known software,trusted_internal,Known Publisher,benign
TRUST-N-03601,2026-09-23T05:43:13Z,PATCH-01,known software,trusted_internal,Known Publisher,benign
TRUST-N-04788,2026-09-23T05:43:54Z,DC-01,known software,signed,Known Publisher,benign
TRUST-N-04558,2026-09-23T05:43:58Z,PATCH-01,known software,trusted_internal,Known Publisher,benign
TRUST-N-04434,2026-09-23T05:44:05Z,HR-WS-22,known software,signed,Known Publisher,benign
TRUST-N-00674,2026-09-23T05:44:30Z,APP-06,known software,trusted_internal,Known Publisher,benign
TRUST-N-06793,2026-09-23T05:44:35Z,DC-01,known software,trusted_internal,Known Publisher,benign
TRUST-N-00814,2026-09-23T05:44:40Z,HR-WS-08,known software,trusted_internal,Known Publisher,benign
TRUST-N-02626,2026-09-23T05:45:00Z,PATCH-01,known software,signed,Known Publisher,benign
TRUST-N-03079,2026-09-23T05:45:20Z,HR-WS-22,known software,trusted_internal,Known Publisher,benign
TRUST-N-09297,2026-09-23T05:45:33Z,MGMT-01,known software,signed,Known Publisher,benign
TRUST-N-08027,2026-09-23T05:45:41Z,HR-WS-08,known software,trusted_internal,Known Publisher,benign
TRUST-N-07228,2026-09-23T05:45:59Z,HR-WS-22,known software,trusted_internal,Known Publisher,benign
TRUST-N-01832,2026-09-23T05:46:22Z,ENG-WS-17,known software,signed,Known Publisher,benign
TRUST-N-01231,2026-09-23T05:46:53Z,HR-WS-08,known software,signed,Known Publisher,benign
TRUST-N-00675,2026-09-23T05:48:41Z,MGMT-01,known software,trusted_internal,Known Publisher,benign
TRUST-N-05457,2026-09-23T05:49:58Z,DC-01,known software,trusted_internal,Known Publisher,benign
TRUST-N-04498,2026-09-23T05:50:09Z,HR-WS-22,known software,signed,Known Publisher,benign
TRUST-N-04243,2026-09-23T05:50:53Z,MGMT-01,known software,trusted_internal,Known Publisher,benign
TRUST-N-09330,2026-09-23T05:52:03Z,DC-01,known software,signed,Known Publisher,benign
TRUST-N-01462,2026-09-23T05:52:18Z,APP-06,known software,signed,Known Publisher,benign
TRUST-N-01241,2026-09-23T05:52:33Z,APP-06,known software,trusted_internal,Known Publisher,benign
TRUST-N-05420,2026-09-23T05:53:09Z,DC-01,known software,trusted_internal,Known Publisher,benign
TRUST-N-01935,2026-09-23T05:55:21Z,PATCH-01,known software,signed,Known Publisher,benign
TRUST-N-06966,2026-09-23T05:55:35Z,MGMT-01,known software,signed,Known Publisher,benign
TRUST-N-01082,2026-09-23T05:55:41Z,FIN-WS-09,known software,trusted_internal,Known Publisher,benign
TRUST-N-09278,2026-09-23T05:56:04Z,APP-06,known software,signed,Known Publisher,benign
TRUST-N-07678,2026-09-23T05:56:06Z,DC-01,known software,signed,Known Publisher,benign
TRUST-N-07305,2026-09-23T05:56:22Z,ENG-WS-17,known software,signed,Known Publisher,benign
TRUST-N-07255,2026-09-23T05:56:48Z,FIN-WS-09,known software,trusted_internal,Known Publisher,benign
TRUST-N-02931,2026-09-23T05:56:56Z,APP-06,known software,signed,Known Publisher,benign
TRUST-N-01291,2026-09-23T05:57:04Z,MGMT-01,known software,signed,Known Publisher,benign
TRUST-N-00608,2026-09-23T05:57:21Z,FIN-WS-09,known software,trusted_internal,Known Publisher,benign
TRUST-N-08042,2026-09-23T05:57:56Z,PATCH-01,known software,signed,Known Publisher,benign
TRUST-N-03617,2026-09-23T05:57:58Z,FIN-WS-09,known software,signed,Known Publisher,benign
TRUST-N-07550,2026-09-23T05:58:12Z,DC-01,known software,signed,Known Publisher,benign
TRUST-N-05147,2026-09-23T05:58:21Z,HR-WS-22,known software,trusted_internal,Known Publisher,benign
TRUST-N-07647,2026-09-23T05:58:22Z,APP-06,known software,signed,Known Publisher,benign
TRUST-N-00900,2026-09-23T05:58:39Z,FIN-WS-09,known software,signed,Known Publisher,benign
TRUST-N-06430,2026-09-23T05:58:47Z,APP-06,known software,trusted_internal,Known Publisher,benign
TRUST-N-00694,2026-09-23T05:59:25Z,PATCH-01,known software,signed,Known Publisher,benign
TRUST-N-09452,2026-09-23T05:59:27Z,PATCH-01,known software,trusted_internal,Known Publisher,benign
TRUST-N-02989,2026-09-23T05:59:56Z,DC-01,known software,signed,Known Publisher,benign
TRUST-N-02250,2026-09-23T06:00:31Z,PATCH-01,known software,trusted_internal,Known Publisher,benign
TRUST-N-00817,2026-09-23T06:00:39Z,ENG-WS-17,known software,signed,Known Publisher,benign
TRUST-N-08350,2026-09-23T06:02:14Z,APP-06,known software,trusted_internal,Known Publisher,benign
TRUST-N-08536,2026-09-23T06:02:14Z,PATCH-01,known software,signed,Known Publisher,benign
TRUST-N-09892,2026-09-23T06:02:45Z,DC-01,known software,trusted_internal,Known Publisher,benign
TRUST-N-09488,2026-09-23T06:02:48Z,HR-WS-22,known software,signed,Known Publisher,benign
TRUST-N-05222,2026-09-23T06:05:42Z,HR-WS-22,known software,signed,Known Publisher,benign
TRUST-N-09787,2026-09-23T06:06:26Z,FIN-WS-09,known software,signed,Known Publisher,benign
TRUST-N-00996,2026-09-23T06:06:30Z,HR-WS-22,known software,trusted_internal,Known Publisher,benign
TRUST-N-04732,2026-09-23T06:08:21Z,PATCH-01,known software,signed,Known Publisher,benign
TRUST-N-01276,2026-09-23T06:08:56Z,ENG-WS-17,known software,trusted_internal,Known Publisher,benign
TRUST-N-07054,2026-09-23T06:09:25Z,ENG-WS-17,known software,trusted_internal,Known Publisher,benign
TRUST-N-03093,2026-09-23T06:09:31Z,PATCH-01,known software,signed,Known Publisher,benign
TRUST-N-08910,2026-09-23T06:09:49Z,HR-WS-08,known software,signed,Known Publisher,benign
TRUST-N-03590,2026-09-23T06:10:17Z,FIN-WS-09,known software,trusted_internal,Known Publisher,benign
TRUST-N-03456,2026-09-23T06:10:25Z,MGMT-01,known software,trusted_internal,Known Publisher,benign
TRUST-N-01804,2026-09-23T06:10:52Z,DC-01,known software,trusted_internal,Known Publisher,benign
TRUST-N-03922,2026-09-23T06:11:41Z,HR-WS-22,known software,signed,Known Publisher,benign
TRUST-N-05295,2026-09-23T06:12:13Z,PATCH-01,known software,trusted_internal,Known Publisher,benign
TRUST-N-00641,2026-09-23T06:12:39Z,FIN-WS-09,known software,trusted_internal,Known Publisher,benign
TRUST-N-01457,2026-09-23T06:14:57Z,ENG-WS-17,known software,trusted_internal,Known Publisher,benign
TRUST-N-08032,2026-09-23T06:15:14Z,PATCH-01,known software,trusted_internal,Known Publisher,benign
TRUST-N-06263,2026-09-23T06:15:40Z,HR-WS-08,known software,trusted_internal,Known Publisher,benign
TRUST-N-03031,2026-09-23T06:16:10Z,ENG-WS-17,known software,signed,Known Publisher,benign
TRUST-N-02778,2026-09-23T06:16:54Z,MGMT-01,known software,trusted_internal,Known Publisher,benign
TRUST-N-09856,2026-09-23T06:17:10Z,HR-WS-22,known software,signed,Known Publisher,benign
TRUST-N-03279,2026-09-23T06:17:16Z,FIN-WS-09,known software,trusted_internal,Known Publisher,benign
TRUST-N-03417,2026-09-23T06:18:25Z,HR-WS-08,known software,trusted_internal,Known Publisher,benign
TRUST-N-03551,2026-09-23T06:18:46Z,PATCH-01,known software,signed,Known Publisher,benign
TRUST-N-04668,2026-09-23T06:19:06Z,HR-WS-22,known software,trusted_internal,Known Publisher,benign
TRUST-N-07746,2026-09-23T06:19:23Z,HR-WS-08,known software,signed,Known Publisher,benign
TRUST-N-03329,2026-09-23T06:19:59Z,APP-06,known software,trusted_internal,Known Publisher,benign
TRUST-N-03815,2026-09-23T06:20:06Z,APP-06,known software,trusted_internal,Known Publisher,benign
TRUST-N-03460,2026-09-23T06:20:07Z,FIN-WS-09,known software,trusted_internal,Known Publisher,benign
TRUST-N-03274,2026-09-23T06:20:38Z,APP-06,known software,signed,Known Publisher,benign
TRUST-N-04844,2026-09-23T06:21:14Z,PATCH-01,known software,trusted_internal,Known Publisher,benign
TRUST-N-06029,2026-09-23T06:21:42Z,PATCH-01,known software,signed,Known Publisher,benign
TRUST-N-02926,2026-09-23T06:21:52Z,APP-06,known software,trusted_internal,Known Publisher,benign
TRUST-N-05862,2026-09-23T06:22:16Z,APP-06,known software,signed,Known Publisher,benign
TRUST-N-01454,2026-09-23T06:23:54Z,PATCH-01,known software,signed,Known Publisher,benign
TRUST-N-03966,2026-09-23T06:24:50Z,FIN-WS-09,known software,signed,Known Publisher,benign
TRUST-N-02869,2026-09-23T06:26:11Z,APP-06,known software,trusted_internal,Known Publisher,benign
TRUST-N-08204,2026-09-23T06:26:20Z,FIN-WS-09,known software,trusted_internal,Known Publisher,benign
TRUST-N-08381,2026-09-23T06:26:23Z,DC-01,known software,signed,Known Publisher,benign
TRUST-N-09019,2026-09-23T06:27:32Z,APP-06,known software,signed,Known Publisher,benign
TRUST-N-00478,2026-09-23T06:28:40Z,HR-WS-22,known software,signed,Known Publisher,benign
TRUST-N-06339,2026-09-23T06:28:40Z,HR-WS-22,known software,signed,Known Publisher,benign
TRUST-N-07933,2026-09-23T06:29:04Z,FIN-WS-09,known software,trusted_internal,Known Publisher,benign
TRUST-N-09415,2026-09-23T06:29:22Z,MGMT-01,known software,trusted_internal,Known Publisher,benign
TRUST-N-09898,2026-09-23T06:29:36Z,FIN-WS-09,known software,signed,Known Publisher,benign
TRUST-N-00477,2026-09-23T06:29:50Z,DC-01,known software,trusted_internal,Known Publisher,benign
TRUST-N-04989,2026-09-23T06:30:18Z,HR-WS-08,known software,trusted_internal,Known Publisher,benign
TRUST-N-03886,2026-09-23T06:30:39Z,FIN-WS-09,known software,trusted_internal,Known Publisher,benign
TRUST-N-09271,2026-09-23T06:32:10Z,APP-06,known software,trusted_internal,Known Publisher,benign
TRUST-N-03059,2026-09-23T06:33:00Z,HR-WS-22,known software,trusted_internal,Known Publisher,benign
TRUST-N-00677,2026-09-23T06:33:15Z,HR-WS-22,known software,signed,Known Publisher,benign
TRUST-N-01887,2026-09-23T06:33:19Z,ENG-WS-17,known software,signed,Known Publisher,benign
TRUST-N-03500,2026-09-23T06:33:37Z,HR-WS-22,known software,signed,Known Publisher,benign
TRUST-N-07469,2026-09-23T06:33:43Z,HR-WS-22,known software,trusted_internal,Known Publisher,benign
TRUST-N-08962,2026-09-23T06:35:12Z,FIN-WS-09,known software,signed,Known Publisher,benign
TRUST-N-06406,2026-09-23T06:36:07Z,FIN-WS-09,known software,trusted_internal,Known Publisher,benign
TRUST-N-01878,2026-09-23T06:36:27Z,APP-06,known software,trusted_internal,Known Publisher,benign
TRUST-N-01222,2026-09-23T06:37:12Z,APP-06,known software,signed,Known Publisher,benign
TRUST-N-06342,2026-09-23T06:37:24Z,PATCH-01,known software,trusted_internal,Known Publisher,benign
TRUST-N-09122,2026-09-23T06:38:17Z,MGMT-01,known software,signed,Known Publisher,benign
TRUST-N-06943,2026-09-23T06:38:50Z,PATCH-01,known software,signed,Known Publisher,benign
TRUST-N-00673,2026-09-23T06:39:53Z,FIN-WS-09,known software,signed,Known Publisher,benign
TRUST-N-00654,2026-09-23T06:40:03Z,HR-WS-08,known software,trusted_internal,Known Publisher,benign
TRUST-N-07274,2026-09-23T06:40:10Z,FIN-WS-09,known software,trusted_internal,Known Publisher,benign
TRUST-N-04607,2026-09-23T06:41:25Z,APP-06,known software,signed,Known Publisher,benign
TRUST-N-08631,2026-09-23T06:41:39Z,APP-06,known software,trusted_internal,Known Publisher,benign
TRUST-N-01740,2026-09-23T06:41:49Z,ENG-WS-17,known software,trusted_internal,Known Publisher,benign
TRUST-N-04189,2026-09-23T06:42:09Z,PATCH-01,known software,signed,Known Publisher,benign
TRUST-N-00495,2026-09-23T06:42:54Z,HR-WS-22,known software,trusted_internal,Known Publisher,benign
TRUST-N-06622,2026-09-23T06:43:03Z,ENG-WS-17,known software,signed,Known Publisher,benign
TRUST-N-09394,2026-09-23T06:43:08Z,MGMT-01,known software,trusted_internal,Known Publisher,benign
TRUST-N-01979,2026-09-23T06:44:33Z,PATCH-01,known software,signed,Known Publisher,benign
TRUST-N-06666,2026-09-23T06:45:38Z,HR-WS-22,known software,trusted_internal,Known Publisher,benign
TRUST-N-00521,2026-09-23T06:46:19Z,DC-01,known software,signed,Known Publisher,benign
TRUST-N-01325,2026-09-23T06:47:05Z,APP-06,known software,signed,Known Publisher,benign
TRUST-N-06380,2026-09-23T06:47:51Z,FIN-WS-09,known software,signed,Known Publisher,benign
TRUST-N-01975,2026-09-23T06:47:53Z,DC-01,known software,trusted_internal,Known Publisher,benign
TRUST-N-06732,2026-09-23T06:47:57Z,MGMT-01,known software,trusted_internal,Known Publisher,benign
TRUST-N-03837,2026-09-23T06:48:41Z,HR-WS-08,known software,signed,Known Publisher,benign
TRUST-N-09145,2026-09-23T06:48:45Z,MGMT-01,known software,trusted_internal,Known Publisher,benign
TRUST-N-09611,2026-09-23T06:48:58Z,PATCH-01,known software,signed,Known Publisher,benign
TRUST-N-00833,2026-09-23T06:49:58Z,MGMT-01,known software,trusted_internal,Known Publisher,benign
TRUST-N-02184,2026-09-23T06:50:47Z,HR-WS-08,known software,signed,Known Publisher,benign
TRUST-N-00432,2026-09-23T06:51:29Z,HR-WS-22,known software,trusted_internal,Known Publisher,benign
TRUST-N-06563,2026-09-23T06:52:11Z,ENG-WS-17,known software,signed,Known Publisher,benign
TRUST-N-01183,2026-09-23T06:52:16Z,DC-01,known software,signed,Known Publisher,benign
TRUST-N-02821,2026-09-23T06:53:08Z,DC-01,known software,trusted_internal,Known Publisher,benign
TRUST-N-07671,2026-09-23T06:53:38Z,HR-WS-22,known software,trusted_internal,Known Publisher,benign
TRUST-N-04764,2026-09-23T06:53:52Z,FIN-WS-09,known software,trusted_internal,Known Publisher,benign
TRUST-N-01925,2026-09-23T06:54:41Z,MGMT-01,known software,signed,Known Publisher,benign
TRUST-N-00653,2026-09-23T06:55:19Z,HR-WS-22,known software,signed,Known Publisher,benign
TRUST-N-08287,2026-09-23T06:55:30Z,HR-WS-08,known software,signed,Known Publisher,benign
TRUST-N-07535,2026-09-23T06:56:41Z,ENG-WS-17,known software,signed,Known Publisher,benign
TRUST-N-09338,2026-09-23T06:57:43Z,PATCH-01,known software,signed,Known Publisher,benign
TRUST-N-07028,2026-09-23T06:58:00Z,APP-06,known software,trusted_internal,Known Publisher,benign
TRUST-N-00655,2026-09-23T06:58:03Z,MGMT-01,known software,signed,Known Publisher,benign
TRUST-N-08029,2026-09-23T06:58:05Z,DC-01,known software,trusted_internal,Known Publisher,benign
TRUST-N-09682,2026-09-23T06:59:08Z,PATCH-01,known software,trusted_internal,Known Publisher,benign
TRUST-N-05827,2026-09-23T06:59:34Z,APP-06,known software,trusted_internal,Known Publisher,benign
TRUST-N-00512,2026-09-23T07:00:37Z,APP-06,known software,signed,Known Publisher,benign
TRUST-N-02531,2026-09-23T07:00:53Z,ENG-WS-17,known software,trusted_internal,Known Publisher,benign
TRUST-N-00496,2026-09-23T07:03:15Z,APP-06,known software,trusted_internal,Known Publisher,benign
TRUST-N-09703,2026-09-23T07:03:15Z,APP-06,known software,signed,Known Publisher,benign
TRUST-N-03987,2026-09-23T07:03:59Z,MGMT-01,known software,signed,Known Publisher,benign
TRUST-N-09840,2026-09-23T07:04:17Z,ENG-WS-17,known software,trusted_internal,Known Publisher,benign
TRUST-N-00564,2026-09-23T07:04:38Z,DC-01,known software,trusted_internal,Known Publisher,benign
TRUST-N-01178,2026-09-23T07:05:25Z,HR-WS-22,known software,trusted_internal,Known Publisher,benign
TRUST-N-03406,2026-09-23T07:05:33Z,HR-WS-08,known software,signed,Known Publisher,benign
TRUST-N-03151,2026-09-23T07:05:39Z,DC-01,known software,trusted_internal,Known Publisher,benign
TRUST-N-09624,2026-09-23T07:05:54Z,DC-01,known software,trusted_internal,Known Publisher,benign
TRUST-N-00659,2026-09-23T07:06:09Z,PATCH-01,known software,signed,Known Publisher,benign
TRUST-N-00468,2026-09-23T07:09:27Z,DC-01,known software,signed,Known Publisher,benign
TRUST-N-05622,2026-09-23T07:09:49Z,HR-WS-08,known software,signed,Known Publisher,benign
TRUST-N-03434,2026-09-23T07:09:58Z,MGMT-01,known software,trusted_internal,Known Publisher,benign
TRUST-N-07672,2026-09-23T07:10:02Z,MGMT-01,known software,signed,Known Publisher,benign
TRUST-N-00990,2026-09-23T07:10:59Z,HR-WS-08,known software,signed,Known Publisher,benign
TRUST-N-06602,2026-09-23T07:11:25Z,MGMT-01,known software,trusted_internal,Known Publisher,benign
TRUST-N-07523,2026-09-23T07:11:37Z,ENG-WS-17,known software,trusted_internal,Known Publisher,benign
TRUST-N-00857,2026-09-23T07:12:16Z,HR-WS-22,known software,signed,Known Publisher,benign
TRUST-N-01233,2026-09-23T07:12:28Z,ENG-WS-17,known software,trusted_internal,Known Publisher,benign
TRUST-N-08468,2026-09-23T07:12:49Z,PATCH-01,known software,signed,Known Publisher,benign
TRUST-N-09829,2026-09-23T07:13:43Z,HR-WS-08,known software,trusted_internal,Known Publisher,benign
TRUST-N-03374,2026-09-23T07:14:21Z,APP-06,known software,signed,Known Publisher,benign
TRUST-N-09416,2026-09-23T07:14:23Z,HR-WS-22,known software,trusted_internal,Known Publisher,benign
TRUST-N-07410,2026-09-23T07:14:33Z,DC-01,known software,signed,Known Publisher,benign
TRUST-N-01539,2026-09-23T07:14:52Z,FIN-WS-09,known software,signed,Known Publisher,benign
TRUST-N-09975,2026-09-23T07:15:38Z,PATCH-01,known software,signed,Known Publisher,benign
TRUST-N-02122,2026-09-23T07:16:13Z,HR-WS-22,known software,trusted_internal,Known Publisher,benign
TRUST-N-06135,2026-09-23T07:16:24Z,DC-01,known software,trusted_internal,Known Publisher,benign
TRUST-N-01365,2026-09-23T07:18:13Z,APP-06,known software,signed,Known Publisher,benign
TRUST-N-03296,2026-09-23T07:18:43Z,DC-01,known software,signed,Known Publisher,benign
TRUST-N-04348,2026-09-23T07:18:47Z,MGMT-01,known software,trusted_internal,Known Publisher,benign
TRUST-N-05378,2026-09-23T07:19:19Z,APP-06,known software,signed,Known Publisher,benign
TRUST-N-09774,2026-09-23T07:19:27Z,HR-WS-22,known software,signed,Known Publisher,benign
TRUST-N-04004,2026-09-23T07:19:31Z,HR-WS-22,known software,signed,Known Publisher,benign
TRUST-N-02898,2026-09-23T07:19:48Z,PATCH-01,known software,trusted_internal,Known Publisher,benign
TRUST-N-09418,2026-09-23T07:20:16Z,HR-WS-22,known software,trusted_internal,Known Publisher,benign
TRUST-N-07907,2026-09-23T07:20:21Z,FIN-WS-09,known software,trusted_internal,Known Publisher,benign
TRUST-N-03682,2026-09-23T07:20:22Z,FIN-WS-09,known software,signed,Known Publisher,benign
TRUST-N-01765,2026-09-23T07:20:54Z,DC-01,known software,signed,Known Publisher,benign
TRUST-N-05898,2026-09-23T07:21:17Z,DC-01,known software,signed,Known Publisher,benign
TRUST-N-05121,2026-09-23T07:21:38Z,APP-06,known software,trusted_internal,Known Publisher,benign
TRUST-N-01738,2026-09-23T07:21:39Z,DC-01,known software,trusted_internal,Known Publisher,benign
TRUST-N-00052,2026-09-23T07:22:13Z,HR-WS-08,known software,trusted_internal,Known Publisher,benign
TRUST-N-03777,2026-09-23T07:22:36Z,PATCH-01,known software,signed,Known Publisher,benign
TRUST-N-04133,2026-09-23T07:22:41Z,DC-01,known software,signed,Known Publisher,benign
TRUST-N-05164,2026-09-23T07:23:18Z,PATCH-01,known software,signed,Known Publisher,benign
TRUST-N-00294,2026-09-23T07:23:27Z,FIN-WS-09,known software,trusted_internal,Known Publisher,benign
TRUST-N-02512,2026-09-23T07:24:16Z,APP-06,known software,trusted_internal,Known Publisher,benign
TRUST-N-05446,2026-09-23T07:26:44Z,HR-WS-08,known software,signed,Known Publisher,benign
TRUST-N-01891,2026-09-23T07:27:11Z,HR-WS-08,known software,trusted_internal,Known Publisher,benign
TRUST-N-09367,2026-09-23T07:27:13Z,HR-WS-22,known software,signed,Known Publisher,benign
TRUST-N-03585,2026-09-23T07:27:58Z,APP-06,known software,signed,Known Publisher,benign
TRUST-N-04773,2026-09-23T07:28:31Z,APP-06,known software,signed,Known Publisher,benign
TRUST-N-07022,2026-09-23T07:29:54Z,HR-WS-08,known software,trusted_internal,Known Publisher,benign
TRUST-N-08379,2026-09-23T07:30:04Z,HR-WS-08,known software,signed,Known Publisher,benign
TRUST-N-06492,2026-09-23T07:30:34Z,APP-06,known software,trusted_internal,Known Publisher,benign
TRUST-N-01230,2026-09-23T07:31:40Z,ENG-WS-17,known software,signed,Known Publisher,benign
TRUST-N-00707,2026-09-23T07:33:01Z,APP-06,known software,trusted_internal,Known Publisher,benign
TRUST-N-07095,2026-09-23T07:33:07Z,HR-WS-22,known software,trusted_internal,Known Publisher,benign
TRUST-N-01149,2026-09-23T07:34:58Z,HR-WS-22,known software,trusted_internal,Known Publisher,benign
TRUST-N-09144,2026-09-23T07:36:08Z,APP-06,known software,trusted_internal,Known Publisher,benign
TRUST-N-01815,2026-09-23T07:36:10Z,HR-WS-08,known software,signed,Known Publisher,benign
TRUST-N-08635,2026-09-23T07:36:27Z,DC-01,known software,trusted_internal,Known Publisher,benign
TRUST-N-09577,2026-09-23T07:37:05Z,DC-01,known software,signed,Known Publisher,benign
TRUST-N-00471,2026-09-23T07:38:31Z,MGMT-01,known software,signed,Known Publisher,benign
TRUST-N-05619,2026-09-23T07:39:09Z,MGMT-01,known software,signed,Known Publisher,benign
TRUST-N-05687,2026-09-23T07:40:11Z,APP-06,known software,trusted_internal,Known Publisher,benign
TRUST-N-00072,2026-09-23T07:40:17Z,HR-WS-22,known software,signed,Known Publisher,benign
TRUST-N-04146,2026-09-23T07:41:25Z,ENG-WS-17,known software,signed,Known Publisher,benign
TRUST-N-00587,2026-09-23T07:41:29Z,HR-WS-22,known software,trusted_internal,Known Publisher,benign
TRUST-N-08093,2026-09-23T07:42:36Z,FIN-WS-09,known software,trusted_internal,Known Publisher,benign
TRUST-N-07384,2026-09-23T07:42:48Z,APP-06,known software,trusted_internal,Known Publisher,benign
TRUST-N-08582,2026-09-23T07:43:00Z,ENG-WS-17,known software,trusted_internal,Known Publisher,benign
TRUST-N-00259,2026-09-23T07:43:20Z,MGMT-01,known software,signed,Known Publisher,benign
TRUST-N-09087,2026-09-23T07:43:22Z,APP-06,known software,signed,Known Publisher,benign
TRUST-N-00168,2026-09-23T07:45:09Z,ENG-WS-17,known software,trusted_internal,Known Publisher,benign
TRUST-N-08279,2026-09-23T07:45:29Z,DC-01,known software,trusted_internal,Known Publisher,benign
TRUST-N-06811,2026-09-23T07:46:39Z,HR-WS-22,known software,trusted_internal,Known Publisher,benign
TRUST-N-09501,2026-09-23T07:46:45Z,HR-WS-22,known software,trusted_internal,Known Publisher,benign
TRUST-N-09828,2026-09-23T07:47:50Z,PATCH-01,known software,trusted_internal,Known Publisher,benign
TRUST-N-00116,2026-09-23T07:48:36Z,HR-WS-22,known software,signed,Known Publisher,benign
TRUST-N-00864,2026-09-23T07:49:43Z,HR-WS-08,known software,signed,Known Publisher,benign
TRUST-N-05156,2026-09-23T07:49:50Z,APP-06,known software,trusted_internal,Known Publisher,benign
TRUST-N-02780,2026-09-23T07:50:33Z,HR-WS-08,known software,signed,Known Publisher,benign
TRUST-N-01987,2026-09-23T07:51:20Z,DC-01,known software,signed,Known Publisher,benign
TRUST-N-04545,2026-09-23T07:51:21Z,ENG-WS-17,known software,signed,Known Publisher,benign
TRUST-N-09249,2026-09-23T07:52:22Z,APP-06,known software,trusted_internal,Known Publisher,benign
TRUST-N-08701,2026-09-23T07:53:43Z,FIN-WS-09,known software,signed,Known Publisher,benign
TRUST-N-09922,2026-09-23T07:54:43Z,HR-WS-08,known software,signed,Known Publisher,benign
TRUST-N-01208,2026-09-23T07:55:50Z,ENG-WS-17,known software,signed,Known Publisher,benign
TRUST-N-04765,2026-09-23T07:57:28Z,ENG-WS-17,known software,signed,Known Publisher,benign
TRUST-N-01266,2026-09-23T07:57:47Z,DC-01,known software,signed,Known Publisher,benign
TRUST-N-09949,2026-09-23T07:58:18Z,FIN-WS-09,known software,signed,Known Publisher,benign
TRUST-N-06361,2026-09-23T07:58:34Z,HR-WS-22,known software,trusted_internal,Known Publisher,benign
TRUST-N-09223,2026-09-23T07:58:56Z,MGMT-01,known software,signed,Known Publisher,benign
TRUST-N-04300,2026-09-23T07:59:17Z,APP-06,known software,signed,Known Publisher,benign
TRUST-N-01998,2026-09-23T07:59:47Z,ENG-WS-17,known software,trusted_internal,Known Publisher,benign
TRUST-N-05163,2026-09-23T08:00:04Z,MGMT-01,known software,trusted_internal,Known Publisher,benign
TRUST-N-06877,2026-09-23T08:00:11Z,MGMT-01,known software,trusted_internal,Known Publisher,benign
TRUST-N-05860,2026-09-23T08:01:00Z,HR-WS-22,known software,signed,Known Publisher,benign
TRUST-N-07202,2026-09-23T08:01:25Z,HR-WS-08,known software,trusted_internal,Known Publisher,benign
TRUST-N-09634,2026-09-23T08:02:36Z,HR-WS-08,known software,signed,Known Publisher,benign
TRUST-N-08692,2026-09-23T08:03:04Z,HR-WS-08,known software,signed,Known Publisher,benign
TRUST-N-04909,2026-09-23T08:03:21Z,MGMT-01,known software,trusted_internal,Known Publisher,benign
TRUST-N-06079,2026-09-23T08:06:29Z,HR-WS-22,known software,trusted_internal,Known Publisher,benign
TRUST-N-07646,2026-09-23T08:06:56Z,ENG-WS-17,known software,signed,Known Publisher,benign
TRUST-N-03616,2026-09-23T08:08:43Z,DC-01,known software,signed,Known Publisher,benign
TRUST-N-07870,2026-09-23T08:09:34Z,DC-01,known software,signed,Known Publisher,benign
TRUST-N-07789,2026-09-23T08:09:39Z,APP-06,known software,trusted_internal,Known Publisher,benign
TRUST-N-08864,2026-09-23T08:09:44Z,MGMT-01,known software,trusted_internal,Known Publisher,benign
TRUST-N-08222,2026-09-23T08:11:57Z,ENG-WS-17,known software,trusted_internal,Known Publisher,benign
TRUST-N-04436,2026-09-23T08:12:49Z,ENG-WS-17,known software,trusted_internal,Known Publisher,benign
TRUST-N-02935,2026-09-23T08:12:57Z,PATCH-01,known software,trusted_internal,Known Publisher,benign
TRUST-N-07174,2026-09-23T08:13:22Z,HR-WS-08,known software,trusted_internal,Known Publisher,benign
TRUST-N-02873,2026-09-23T08:13:40Z,ENG-WS-17,known software,signed,Known Publisher,benign
TRUST-N-04007,2026-09-23T08:13:47Z,APP-06,known software,trusted_internal,Known Publisher,benign
TRUST-N-04952,2026-09-23T08:13:49Z,HR-WS-08,known software,signed,Known Publisher,benign
TRUST-N-06078,2026-09-23T08:14:08Z,MGMT-01,known software,trusted_internal,Known Publisher,benign
TRUST-N-09430,2026-09-23T08:15:05Z,ENG-WS-17,known software,signed,Known Publisher,benign
TRUST-N-05275,2026-09-23T08:15:11Z,PATCH-01,known software,signed,Known Publisher,benign
TRUST-N-09926,2026-09-23T08:15:35Z,PATCH-01,known software,signed,Known Publisher,benign
TRUST-N-09958,2026-09-23T08:15:48Z,MGMT-01,known software,trusted_internal,Known Publisher,benign
TRUST-N-02412,2026-09-23T08:16:02Z,HR-WS-08,known software,trusted_internal,Known Publisher,benign
TRUST-N-08506,2026-09-23T08:16:23Z,HR-WS-22,known software,trusted_internal,Known Publisher,benign
TRUST-N-00066,2026-09-23T08:16:48Z,HR-WS-08,known software,signed,Known Publisher,benign
TRUST-N-05901,2026-09-23T08:17:13Z,ENG-WS-17,known software,signed,Known Publisher,benign
TRUST-N-09245,2026-09-23T08:18:45Z,DC-01,known software,trusted_internal,Known Publisher,benign
TRUST-N-03527,2026-09-23T08:19:47Z,FIN-WS-09,known software,signed,Known Publisher,benign
TRUST-N-05939,2026-09-23T08:23:03Z,ENG-WS-17,known software,signed,Known Publisher,benign
TRUST-N-08570,2026-09-23T08:23:25Z,APP-06,known software,trusted_internal,Known Publisher,benign
TRUST-N-02998,2026-09-23T08:24:03Z,FIN-WS-09,known software,trusted_internal,Known Publisher,benign
TRUST-N-03286,2026-09-23T08:24:09Z,HR-WS-22,known software,signed,Known Publisher,benign
TRUST-N-04369,2026-09-23T08:26:01Z,DC-01,known software,trusted_internal,Known Publisher,benign
TRUST-N-05841,2026-09-23T08:26:50Z,APP-06,known software,signed,Known Publisher,benign
TRUST-N-07659,2026-09-23T08:28:06Z,HR-WS-22,known software,signed,Known Publisher,benign
TRUST-N-01441,2026-09-23T08:29:36Z,HR-WS-08,known software,trusted_internal,Known Publisher,benign
TRUST-N-07290,2026-09-23T08:29:59Z,HR-WS-08,known software,trusted_internal,Known Publisher,benign
TRUST-N-08193,2026-09-23T08:30:00Z,ENG-WS-17,known software,signed,Known Publisher,benign
TRUST-N-02336,2026-09-23T08:30:07Z,ENG-WS-17,known software,signed,Known Publisher,benign
TRUST-N-01177,2026-09-23T08:30:56Z,HR-WS-08,known software,signed,Known Publisher,benign
TRUST-N-02189,2026-09-23T08:31:45Z,DC-01,known software,trusted_internal,Known Publisher,benign
TRUST-N-00196,2026-09-23T08:31:56Z,HR-WS-22,known software,signed,Known Publisher,benign
TRUST-N-06890,2026-09-23T08:33:13Z,APP-06,known software,trusted_internal,Known Publisher,benign
TRUST-N-05025,2026-09-23T08:34:48Z,DC-01,known software,signed,Known Publisher,benign
TRUST-N-08729,2026-09-23T08:35:14Z,HR-WS-08,known software,signed,Known Publisher,benign
TRUST-N-04104,2026-09-23T08:35:52Z,HR-WS-08,known software,trusted_internal,Known Publisher,benign
TRUST-N-08980,2026-09-23T08:36:18Z,HR-WS-08,known software,trusted_internal,Known Publisher,benign
TRUST-N-05933,2026-09-23T08:36:24Z,DC-01,known software,trusted_internal,Known Publisher,benign
TRUST-N-06422,2026-09-23T08:37:53Z,DC-01,known software,trusted_internal,Known Publisher,benign
TRUST-N-00914,2026-09-23T08:38:01Z,ENG-WS-17,known software,trusted_internal,Known Publisher,benign
TRUST-N-07179,2026-09-23T08:38:04Z,ENG-WS-17,known software,signed,Known Publisher,benign
TRUST-N-03193,2026-09-23T08:38:23Z,PATCH-01,known software,signed,Known Publisher,benign
TRUST-N-03273,2026-09-23T08:38:33Z,PATCH-01,known software,signed,Known Publisher,benign
TRUST-N-08850,2026-09-23T08:39:57Z,HR-WS-08,known software,trusted_internal,Known Publisher,benign
TRUST-N-05547,2026-09-23T08:40:24Z,APP-06,known software,signed,Known Publisher,benign
TRUST-N-04598,2026-09-23T08:40:30Z,PATCH-01,known software,trusted_internal,Known Publisher,benign
TRUST-N-01827,2026-09-23T08:40:38Z,DC-01,known software,trusted_internal,Known Publisher,benign
TRUST-N-05233,2026-09-23T08:41:45Z,ENG-WS-17,known software,signed,Known Publisher,benign
TRUST-N-04304,2026-09-23T08:42:03Z,APP-06,known software,signed,Known Publisher,benign
TRUST-N-07197,2026-09-23T08:43:12Z,MGMT-01,known software,trusted_internal,Known Publisher,benign
TRUST-N-09397,2026-09-23T08:44:37Z,MGMT-01,known software,signed,Known Publisher,benign
TRUST-N-04608,2026-09-23T08:44:39Z,FIN-WS-09,known software,trusted_internal,Known Publisher,benign
TRUST-N-02223,2026-09-23T08:45:39Z,HR-WS-08,known software,signed,Known Publisher,benign
TRUST-N-07331,2026-09-23T08:45:54Z,PATCH-01,known software,signed,Known Publisher,benign
TRUST-N-01892,2026-09-23T08:48:35Z,FIN-WS-09,known software,signed,Known Publisher,benign
TRUST-N-05417,2026-09-23T08:48:37Z,ENG-WS-17,known software,signed,Known Publisher,benign
TRUST-N-01225,2026-09-23T08:48:54Z,DC-01,known software,trusted_internal,Known Publisher,benign
TRUST-N-00967,2026-09-23T08:48:56Z,FIN-WS-09,known software,trusted_internal,Known Publisher,benign
TRUST-N-03708,2026-09-23T08:49:38Z,HR-WS-08,known software,trusted_internal,Known Publisher,benign
TRUST-N-08539,2026-09-23T08:50:01Z,HR-WS-22,known software,trusted_internal,Known Publisher,benign
TRUST-N-04740,2026-09-23T08:51:13Z,FIN-WS-09,known software,trusted_internal,Known Publisher,benign
TRUST-N-02206,2026-09-23T08:51:22Z,ENG-WS-17,known software,signed,Known Publisher,benign
TRUST-N-06265,2026-09-23T08:51:55Z,ENG-WS-17,known software,signed,Known Publisher,benign
TRUST-N-02245,2026-09-23T08:52:03Z,HR-WS-22,known software,signed,Known Publisher,benign
TRUST-N-01604,2026-09-23T08:52:44Z,FIN-WS-09,known software,trusted_internal,Known Publisher,benign
TRUST-N-08970,2026-09-23T08:53:24Z,PATCH-01,known software,signed,Known Publisher,benign
TRUST-N-06328,2026-09-23T08:54:03Z,HR-WS-22,known software,trusted_internal,Known Publisher,benign
TRUST-N-08949,2026-09-23T08:54:43Z,FIN-WS-09,known software,signed,Known Publisher,benign
TRUST-N-07920,2026-09-23T08:55:32Z,MGMT-01,known software,signed,Known Publisher,benign
TRUST-N-05666,2026-09-23T08:56:06Z,MGMT-01,known software,trusted_internal,Known Publisher,benign
TRUST-N-05959,2026-09-23T08:57:45Z,HR-WS-22,known software,signed,Known Publisher,benign
TRUST-N-08652,2026-09-23T08:57:57Z,FIN-WS-09,known software,trusted_internal,Known Publisher,benign
TRUST-N-01976,2026-09-23T08:57:58Z,APP-06,known software,signed,Known Publisher,benign
TRUST-N-01886,2026-09-23T08:58:06Z,ENG-WS-17,known software,signed,Known Publisher,benign
TRUST-N-05704,2026-09-23T09:00:07Z,FIN-WS-09,known software,trusted_internal,Known Publisher,benign
TRUST-N-00083,2026-09-23T09:00:10Z,PATCH-01,known software,trusted_internal,Known Publisher,benign
TRUST-N-06255,2026-09-23T09:00:15Z,MGMT-01,known software,trusted_internal,Known Publisher,benign
TRUST-N-00778,2026-09-23T09:01:13Z,MGMT-01,known software,signed,Known Publisher,benign
TRUST-N-04402,2026-09-23T09:01:14Z,APP-06,known software,trusted_internal,Known Publisher,benign
TRUST-N-09275,2026-09-23T09:01:25Z,ENG-WS-17,known software,trusted_internal,Known Publisher,benign
TRUST-N-02820,2026-09-23T09:01:40Z,HR-WS-22,known software,signed,Known Publisher,benign
TRUST-N-09095,2026-09-23T09:02:04Z,APP-06,known software,signed,Known Publisher,benign
TRUST-N-03293,2026-09-23T09:02:12Z,HR-WS-22,known software,signed,Known Publisher,benign
TRUST-N-02359,2026-09-23T09:02:27Z,PATCH-01,known software,trusted_internal,Known Publisher,benign
TRUST-N-00428,2026-09-23T09:03:29Z,HR-WS-08,known software,trusted_internal,Known Publisher,benign
TRUST-N-04418,2026-09-23T09:04:00Z,FIN-WS-09,known software,trusted_internal,Known Publisher,benign
TRUST-N-04457,2026-09-23T09:04:13Z,PATCH-01,known software,trusted_internal,Known Publisher,benign
TRUST-N-05535,2026-09-23T09:06:16Z,HR-WS-08,known software,trusted_internal,Known Publisher,benign
TRUST-N-07653,2026-09-23T09:07:53Z,HR-WS-08,known software,trusted_internal,Known Publisher,benign
TRUST-N-09348,2026-09-23T09:08:27Z,HR-WS-08,known software,signed,Known Publisher,benign
TRUST-N-04129,2026-09-23T09:08:44Z,HR-WS-08,known software,signed,Known Publisher,benign
TRUST-N-08626,2026-09-23T09:09:24Z,DC-01,known software,trusted_internal,Known Publisher,benign
TRUST-N-07267,2026-09-23T09:09:32Z,MGMT-01,known software,signed,Known Publisher,benign
TRUST-N-04182,2026-09-23T09:09:35Z,FIN-WS-09,known software,signed,Known Publisher,benign
TRUST-N-08322,2026-09-23T09:09:35Z,DC-01,known software,trusted_internal,Known Publisher,benign
TRUST-N-02572,2026-09-23T09:10:06Z,MGMT-01,known software,trusted_internal,Known Publisher,benign
TRUST-N-07603,2026-09-23T09:10:12Z,APP-06,known software,trusted_internal,Known Publisher,benign
TRUST-N-07120,2026-09-23T09:10:26Z,DC-01,known software,signed,Known Publisher,benign
TRUST-N-06538,2026-09-23T09:10:36Z,MGMT-01,known software,trusted_internal,Known Publisher,benign
TRUST-N-08184,2026-09-23T09:13:25Z,MGMT-01,known software,trusted_internal,Known Publisher,benign
TRUST-N-04236,2026-09-23T09:15:32Z,PATCH-01,known software,signed,Known Publisher,benign
TRUST-N-00393,2026-09-23T09:15:47Z,HR-WS-22,known software,signed,Known Publisher,benign
TRUST-N-03220,2026-09-23T09:16:00Z,HR-WS-08,known software,trusted_internal,Known Publisher,benign
TRUST-N-06299,2026-09-23T09:17:17Z,FIN-WS-09,known software,signed,Known Publisher,benign
TRUST-N-07507,2026-09-23T09:17:18Z,DC-01,known software,trusted_internal,Known Publisher,benign
TRUST-N-01003,2026-09-23T09:17:28Z,MGMT-01,known software,trusted_internal,Known Publisher,benign
TRUST-N-04596,2026-09-23T09:18:36Z,ENG-WS-17,known software,trusted_internal,Known Publisher,benign
TRUST-N-00500,2026-09-23T09:18:57Z,DC-01,known software,signed,Known Publisher,benign
TRUST-N-09294,2026-09-23T09:18:57Z,HR-WS-22,known software,trusted_internal,Known Publisher,benign
TRUST-N-09740,2026-09-23T09:19:46Z,DC-01,known software,signed,Known Publisher,benign
TRUST-N-06332,2026-09-23T09:20:09Z,PATCH-01,known software,signed,Known Publisher,benign
TRUST-N-07049,2026-09-23T09:20:25Z,PATCH-01,known software,signed,Known Publisher,benign
TRUST-N-01468,2026-09-23T09:22:32Z,APP-06,known software,trusted_internal,Known Publisher,benign
TRUST-N-01036,2026-09-23T09:22:55Z,HR-WS-08,known software,signed,Known Publisher,benign
TRUST-N-07006,2026-09-23T09:23:11Z,DC-01,known software,trusted_internal,Known Publisher,benign
TRUST-N-04335,2026-09-23T09:23:17Z,DC-01,known software,signed,Known Publisher,benign
TRUST-N-03080,2026-09-23T09:23:35Z,MGMT-01,known software,signed,Known Publisher,benign
TRUST-N-05210,2026-09-23T09:23:48Z,MGMT-01,known software,trusted_internal,Known Publisher,benign
TRUST-N-01626,2026-09-23T09:24:03Z,FIN-WS-09,known software,trusted_internal,Known Publisher,benign
TRUST-N-04890,2026-09-23T09:24:47Z,HR-WS-22,known software,trusted_internal,Known Publisher,benign
TRUST-N-01697,2026-09-23T09:25:16Z,HR-WS-08,known software,trusted_internal,Known Publisher,benign
TRUST-N-07378,2026-09-23T09:26:46Z,ENG-WS-17,known software,signed,Known Publisher,benign
TRUST-N-05419,2026-09-23T09:26:59Z,HR-WS-22,known software,trusted_internal,Known Publisher,benign
TRUST-N-03481,2026-09-23T09:27:14Z,ENG-WS-17,known software,trusted_internal,Known Publisher,benign
TRUST-N-04777,2026-09-23T09:27:18Z,PATCH-01,known software,trusted_internal,Known Publisher,benign
TRUST-N-09054,2026-09-23T09:27:43Z,MGMT-01,known software,trusted_internal,Known Publisher,benign
TRUST-N-06799,2026-09-23T09:28:47Z,HR-WS-22,known software,trusted_internal,Known Publisher,benign
TRUST-N-02731,2026-09-23T09:29:06Z,HR-WS-08,known software,trusted_internal,Known Publisher,benign
TRUST-N-02400,2026-09-23T09:29:35Z,HR-WS-08,known software,signed,Known Publisher,benign
TRUST-N-05801,2026-09-23T09:30:27Z,DC-01,known software,trusted_internal,Known Publisher,benign
TRUST-N-08559,2026-09-23T09:31:06Z,PATCH-01,known software,trusted_internal,Known Publisher,benign
TRUST-N-09142,2026-09-23T09:31:08Z,MGMT-01,known software,trusted_internal,Known Publisher,benign
TRUST-N-02179,2026-09-23T09:31:53Z,PATCH-01,known software,trusted_internal,Known Publisher,benign
TRUST-N-07085,2026-09-23T09:32:20Z,DC-01,known software,signed,Known Publisher,benign
TRUST-N-04880,2026-09-23T09:33:32Z,PATCH-01,known software,signed,Known Publisher,benign
TRUST-N-02484,2026-09-23T09:33:52Z,APP-06,known software,trusted_internal,Known Publisher,benign
TRUST-N-01191,2026-09-23T09:34:52Z,HR-WS-22,known software,trusted_internal,Known Publisher,benign
TRUST-N-09477,2026-09-23T09:34:53Z,MGMT-01,known software,signed,Known Publisher,benign
TRUST-N-06672,2026-09-23T09:34:54Z,APP-06,known software,trusted_internal,Known Publisher,benign
TRUST-N-04176,2026-09-23T09:35:40Z,MGMT-01,known software,trusted_internal,Known Publisher,benign
TRUST-N-09775,2026-09-23T09:36:52Z,HR-WS-08,known software,trusted_internal,Known Publisher,benign
TRUST-N-04828,2026-09-23T09:37:00Z,HR-WS-22,known software,trusted_internal,Known Publisher,benign
TRUST-N-08657,2026-09-23T09:39:01Z,ENG-WS-17,known software,trusted_internal,Known Publisher,benign
TRUST-N-09637,2026-09-23T09:39:21Z,HR-WS-08,known software,signed,Known Publisher,benign
TRUST-N-04922,2026-09-23T09:40:28Z,ENG-WS-17,known software,trusted_internal,Known Publisher,benign
TRUST-N-01638,2026-09-23T09:41:37Z,HR-WS-08,known software,signed,Known Publisher,benign
TRUST-N-01479,2026-09-23T09:41:55Z,APP-06,known software,signed,Known Publisher,benign
TRUST-N-07147,2026-09-23T09:43:13Z,PATCH-01,known software,signed,Known Publisher,benign
TRUST-N-06612,2026-09-23T09:43:26Z,APP-06,known software,signed,Known Publisher,benign
TRUST-N-07784,2026-09-23T09:44:05Z,FIN-WS-09,known software,signed,Known Publisher,benign
TRUST-N-03845,2026-09-23T09:44:36Z,APP-06,known software,trusted_internal,Known Publisher,benign
TRUST-N-00874,2026-09-23T09:44:47Z,MGMT-01,known software,signed,Known Publisher,benign
TRUST-N-06843,2026-09-23T09:44:52Z,PATCH-01,known software,trusted_internal,Known Publisher,benign
TRUST-N-07714,2026-09-23T09:46:13Z,HR-WS-22,known software,signed,Known Publisher,benign
TRUST-N-06749,2026-09-23T09:46:31Z,MGMT-01,known software,signed,Known Publisher,benign
TRUST-N-04646,2026-09-23T09:46:39Z,PATCH-01,known software,signed,Known Publisher,benign
TRUST-N-09762,2026-09-23T09:47:29Z,DC-01,known software,trusted_internal,Known Publisher,benign
TRUST-N-02881,2026-09-23T09:47:40Z,DC-01,known software,trusted_internal,Known Publisher,benign
TRUST-N-04943,2026-09-23T09:47:52Z,MGMT-01,known software,trusted_internal,Known Publisher,benign
TRUST-N-03692,2026-09-23T09:48:07Z,HR-WS-22,known software,signed,Known Publisher,benign
TRUST-N-01828,2026-09-23T09:48:35Z,ENG-WS-17,known software,signed,Known Publisher,benign
TRUST-N-02886,2026-09-23T09:49:02Z,ENG-WS-17,known software,trusted_internal,Known Publisher,benign
TRUST-N-05277,2026-09-23T09:49:19Z,HR-WS-08,known software,trusted_internal,Known Publisher,benign
TRUST-N-03181,2026-09-23T09:50:24Z,DC-01,known software,signed,Known Publisher,benign
TRUST-N-09374,2026-09-23T09:50:27Z,PATCH-01,known software,signed,Known Publisher,benign
TRUST-N-03559,2026-09-23T09:50:55Z,ENG-WS-17,known software,signed,Known Publisher,benign
TRUST-N-02749,2026-09-23T09:51:11Z,MGMT-01,known software,signed,Known Publisher,benign
TRUST-N-07304,2026-09-23T09:51:27Z,FIN-WS-09,known software,signed,Known Publisher,benign
TRUST-N-05521,2026-09-23T09:51:49Z,HR-WS-08,known software,signed,Known Publisher,benign
TRUST-N-09709,2026-09-23T09:52:41Z,APP-06,known software,signed,Known Publisher,benign
TRUST-N-03798,2026-09-23T09:53:04Z,DC-01,known software,signed,Known Publisher,benign
TRUST-N-07811,2026-09-23T09:53:48Z,APP-06,known software,signed,Known Publisher,benign
TRUST-N-02076,2026-09-23T09:54:02Z,PATCH-01,known software,signed,Known Publisher,benign
TRUST-N-00315,2026-09-23T09:54:06Z,FIN-WS-09,known software,trusted_internal,Known Publisher,benign
TRUST-N-01078,2026-09-23T09:55:15Z,PATCH-01,known software,trusted_internal,Known Publisher,benign
TRUST-N-06480,2026-09-23T09:55:41Z,ENG-WS-17,known software,signed,Known Publisher,benign
TRUST-N-06428,2026-09-23T09:56:04Z,MGMT-01,known software,trusted_internal,Known Publisher,benign
TRUST-N-06894,2026-09-23T09:56:05Z,FIN-WS-09,known software,trusted_internal,Known Publisher,benign
TRUST-N-06971,2026-09-23T09:56:13Z,PATCH-01,known software,signed,Known Publisher,benign
TRUST-N-07875,2026-09-23T09:57:00Z,HR-WS-08,known software,trusted_internal,Known Publisher,benign
TRUST-N-02324,2026-09-23T09:57:20Z,FIN-WS-09,known software,signed,Known Publisher,benign
TRUST-N-01548,2026-09-23T09:58:02Z,APP-06,known software,signed,Known Publisher,benign
TRUST-N-02252,2026-09-23T09:58:25Z,PATCH-01,known software,signed,Known Publisher,benign
TRUST-N-04565,2026-09-23T09:59:02Z,PATCH-01,known software,trusted_internal,Known Publisher,benign
TRUST-N-01915,2026-09-23T09:59:55Z,PATCH-01,known software,trusted_internal,Known Publisher,benign
TRUST-N-01091,2026-09-23T10:00:17Z,MGMT-01,known software,trusted_internal,Known Publisher,benign
TRUST-N-00901,2026-09-23T10:00:21Z,HR-WS-22,known software,trusted_internal,Known Publisher,benign
TRUST-N-04452,2026-09-23T10:00:21Z,APP-06,known software,signed,Known Publisher,benign
TRUST-N-02069,2026-09-23T10:01:34Z,HR-WS-22,known software,signed,Known Publisher,benign
TRUST-N-06560,2026-09-23T10:03:51Z,APP-06,known software,signed,Known Publisher,benign
TRUST-N-05881,2026-09-23T10:06:18Z,FIN-WS-09,known software,trusted_internal,Known Publisher,benign
TRUST-N-04967,2026-09-23T10:06:25Z,HR-WS-22,known software,signed,Known Publisher,benign
TRUST-N-09290,2026-09-23T10:07:43Z,MGMT-01,known software,signed,Known Publisher,benign
TRUST-N-01016,2026-09-23T10:09:01Z,ENG-WS-17,known software,trusted_internal,Known Publisher,benign
TRUST-N-04739,2026-09-23T10:09:13Z,HR-WS-22,known software,signed,Known Publisher,benign
TRUST-N-07847,2026-09-23T10:09:35Z,HR-WS-22,known software,trusted_internal,Known Publisher,benign
TRUST-N-02833,2026-09-23T10:09:56Z,APP-06,known software,signed,Known Publisher,benign
TRUST-N-05311,2026-09-23T10:10:04Z,ENG-WS-17,known software,trusted_internal,Known Publisher,benign
TRUST-N-09240,2026-09-23T10:10:28Z,HR-WS-08,known software,signed,Known Publisher,benign
TRUST-N-02251,2026-09-23T10:11:25Z,DC-01,known software,signed,Known Publisher,benign
TRUST-N-00713,2026-09-23T10:11:52Z,APP-06,known software,signed,Known Publisher,benign
TRUST-N-05140,2026-09-23T10:12:56Z,ENG-WS-17,known software,signed,Known Publisher,benign
TRUST-N-05961,2026-09-23T10:13:36Z,DC-01,known software,trusted_internal,Known Publisher,benign
TRUST-N-07748,2026-09-23T10:13:59Z,ENG-WS-17,known software,trusted_internal,Known Publisher,benign
TRUST-N-07109,2026-09-23T10:15:01Z,HR-WS-08,known software,trusted_internal,Known Publisher,benign
TRUST-N-00910,2026-09-23T10:15:33Z,HR-WS-08,known software,trusted_internal,Known Publisher,benign
TRUST-N-03963,2026-09-23T10:15:35Z,APP-06,known software,signed,Known Publisher,benign
TRUST-N-05399,2026-09-23T10:16:09Z,APP-06,known software,trusted_internal,Known Publisher,benign
TRUST-N-00329,2026-09-23T10:19:24Z,ENG-WS-17,known software,trusted_internal,Known Publisher,benign
TRUST-N-05189,2026-09-23T10:19:33Z,DC-01,known software,signed,Known Publisher,benign
TRUST-N-04277,2026-09-23T10:20:00Z,APP-06,known software,trusted_internal,Known Publisher,benign
TRUST-N-05292,2026-09-23T10:20:20Z,DC-01,known software,trusted_internal,Known Publisher,benign
TRUST-N-05397,2026-09-23T10:20:39Z,ENG-WS-17,known software,signed,Known Publisher,benign
TRUST-N-08744,2026-09-23T10:21:04Z,HR-WS-22,known software,signed,Known Publisher,benign
TRUST-N-01043,2026-09-23T10:21:15Z,PATCH-01,known software,signed,Known Publisher,benign
TRUST-N-05663,2026-09-23T10:21:29Z,HR-WS-08,known software,trusted_internal,Known Publisher,benign
TRUST-N-08434,2026-09-23T10:21:36Z,HR-WS-08,known software,trusted_internal,Known Publisher,benign
TRUST-N-01582,2026-09-23T10:25:10Z,DC-01,known software,signed,Known Publisher,benign
TRUST-N-03604,2026-09-23T10:25:49Z,APP-06,known software,signed,Known Publisher,benign
TRUST-N-07071,2026-09-23T10:25:58Z,FIN-WS-09,known software,signed,Known Publisher,benign
TRUST-N-03977,2026-09-23T10:26:12Z,MGMT-01,known software,trusted_internal,Known Publisher,benign
TRUST-N-05908,2026-09-23T10:27:29Z,PATCH-01,known software,trusted_internal,Known Publisher,benign
TRUST-N-07950,2026-09-23T10:27:41Z,ENG-WS-17,known software,trusted_internal,Known Publisher,benign
TRUST-N-06658,2026-09-23T10:28:31Z,FIN-WS-09,known software,signed,Known Publisher,benign
TRUST-N-09534,2026-09-23T10:28:45Z,MGMT-01,known software,trusted_internal,Known Publisher,benign
TRUST-N-06281,2026-09-23T10:29:19Z,HR-WS-08,known software,signed,Known Publisher,benign
TRUST-N-06363,2026-09-23T10:29:43Z,FIN-WS-09,known software,signed,Known Publisher,benign
TRUST-N-08891,2026-09-23T10:30:41Z,ENG-WS-17,known software,trusted_internal,Known Publisher,benign
TRUST-N-06829,2026-09-23T10:30:56Z,DC-01,known software,signed,Known Publisher,benign
TRUST-N-05937,2026-09-23T10:33:27Z,PATCH-01,known software,trusted_internal,Known Publisher,benign
TRUST-N-00180,2026-09-23T10:33:28Z,DC-01,known software,signed,Known Publisher,benign
TRUST-N-01128,2026-09-23T10:33:32Z,DC-01,known software,trusted_internal,Known Publisher,benign
TRUST-N-04246,2026-09-23T10:33:38Z,DC-01,known software,signed,Known Publisher,benign
TRUST-N-07413,2026-09-23T10:34:13Z,DC-01,known software,trusted_internal,Known Publisher,benign
TRUST-N-05570,2026-09-23T10:34:16Z,FIN-WS-09,known software,trusted_internal,Known Publisher,benign
TRUST-N-07086,2026-09-23T10:34:25Z,ENG-WS-17,known software,signed,Known Publisher,benign
TRUST-N-05392,2026-09-23T10:35:04Z,HR-WS-22,known software,trusted_internal,Known Publisher,benign
TRUST-N-06663,2026-09-23T10:35:13Z,FIN-WS-09,known software,signed,Known Publisher,benign
TRUST-N-09390,2026-09-23T10:35:35Z,MGMT-01,known software,signed,Known Publisher,benign
TRUST-N-09669,2026-09-23T10:35:49Z,MGMT-01,known software,trusted_internal,Known Publisher,benign
TRUST-N-04163,2026-09-23T10:36:13Z,MGMT-01,known software,trusted_internal,Known Publisher,benign
TRUST-N-05005,2026-09-23T10:36:14Z,MGMT-01,known software,signed,Known Publisher,benign
TRUST-N-04401,2026-09-23T10:36:50Z,FIN-WS-09,known software,signed,Known Publisher,benign
TRUST-N-01978,2026-09-23T10:37:23Z,APP-06,known software,signed,Known Publisher,benign
TRUST-N-04114,2026-09-23T10:37:25Z,MGMT-01,known software,signed,Known Publisher,benign
TRUST-N-08330,2026-09-23T10:37:27Z,ENG-WS-17,known software,signed,Known Publisher,benign
TRUST-N-07808,2026-09-23T10:38:13Z,HR-WS-08,known software,signed,Known Publisher,benign
TRUST-N-06479,2026-09-23T10:39:05Z,HR-WS-22,known software,trusted_internal,Known Publisher,benign
TRUST-N-03864,2026-09-23T10:39:09Z,APP-06,known software,signed,Known Publisher,benign
TRUST-N-01478,2026-09-23T10:40:03Z,MGMT-01,known software,signed,Known Publisher,benign
TRUST-N-05009,2026-09-23T10:40:25Z,APP-06,known software,signed,Known Publisher,benign
TRUST-N-05947,2026-09-23T10:40:37Z,PATCH-01,known software,signed,Known Publisher,benign
TRUST-N-01100,2026-09-23T10:40:56Z,MGMT-01,known software,trusted_internal,Known Publisher,benign
TRUST-N-07970,2026-09-23T10:41:06Z,MGMT-01,known software,trusted_internal,Known Publisher,benign
TRUST-N-05148,2026-09-23T10:41:10Z,PATCH-01,known software,signed,Known Publisher,benign
TRUST-N-04583,2026-09-23T10:41:32Z,DC-01,known software,signed,Known Publisher,benign
TRUST-N-02852,2026-09-23T10:42:08Z,PATCH-01,known software,signed,Known Publisher,benign
TRUST-N-04109,2026-09-23T10:42:22Z,FIN-WS-09,known software,trusted_internal,Known Publisher,benign
TRUST-N-05433,2026-09-23T10:43:18Z,HR-WS-22,known software,trusted_internal,Known Publisher,benign
TRUST-N-09582,2026-09-23T10:44:30Z,ENG-WS-17,known software,trusted_internal,Known Publisher,benign
TRUST-N-02253,2026-09-23T10:45:08Z,APP-06,known software,trusted_internal,Known Publisher,benign
TRUST-N-03879,2026-09-23T10:45:18Z,ENG-WS-17,known software,trusted_internal,Known Publisher,benign
TRUST-N-03685,2026-09-23T10:45:29Z,HR-WS-08,known software,signed,Known Publisher,benign
TRUST-N-00840,2026-09-23T10:45:39Z,APP-06,known software,signed,Known Publisher,benign
TRUST-N-07654,2026-09-23T10:45:44Z,FIN-WS-09,known software,signed,Known Publisher,benign
TRUST-N-05575,2026-09-23T10:46:39Z,APP-06,known software,trusted_internal,Known Publisher,benign
TRUST-N-09441,2026-09-23T10:47:01Z,PATCH-01,known software,trusted_internal,Known Publisher,benign
TRUST-N-07041,2026-09-23T10:47:23Z,HR-WS-22,known software,signed,Known Publisher,benign
TRUST-N-00966,2026-09-23T10:47:49Z,ENG-WS-17,known software,trusted_internal,Known Publisher,benign
TRUST-N-08792,2026-09-23T10:48:20Z,MGMT-01,known software,signed,Known Publisher,benign
TRUST-N-07486,2026-09-23T10:49:35Z,MGMT-01,known software,trusted_internal,Known Publisher,benign
TRUST-N-09109,2026-09-23T10:49:54Z,HR-WS-08,known software,signed,Known Publisher,benign
TRUST-N-05017,2026-09-23T10:50:42Z,PATCH-01,known software,trusted_internal,Known Publisher,benign
TRUST-N-04879,2026-09-23T10:51:07Z,APP-06,known software,signed,Known Publisher,benign
TRUST-N-09088,2026-09-23T10:51:14Z,ENG-WS-17,known software,signed,Known Publisher,benign
TRUST-N-03946,2026-09-23T10:51:55Z,FIN-WS-09,known software,trusted_internal,Known Publisher,benign
TRUST-N-01303,2026-09-23T10:52:13Z,HR-WS-08,known software,signed,Known Publisher,benign
TRUST-N-08700,2026-09-23T10:53:15Z,PATCH-01,known software,signed,Known Publisher,benign
TRUST-N-05487,2026-09-23T10:53:30Z,ENG-WS-17,known software,trusted_internal,Known Publisher,benign
TRUST-N-05130,2026-09-23T10:53:39Z,HR-WS-08,known software,signed,Known Publisher,benign
TRUST-N-02927,2026-09-23T10:53:57Z,DC-01,known software,trusted_internal,Known Publisher,benign
TRUST-N-01382,2026-09-23T10:54:23Z,APP-06,known software,trusted_internal,Known Publisher,benign
TRUST-N-02196,2026-09-23T10:55:12Z,FIN-WS-09,known software,trusted_internal,Known Publisher,benign
TRUST-N-05690,2026-09-23T10:55:50Z,APP-06,known software,signed,Known Publisher,benign
TRUST-N-02408,2026-09-23T10:56:29Z,DC-01,known software,trusted_internal,Known Publisher,benign
TRUST-N-01029,2026-09-23T10:56:32Z,HR-WS-22,known software,signed,Known Publisher,benign
TRUST-N-09310,2026-09-23T10:56:44Z,APP-06,known software,signed,Known Publisher,benign
TRUST-N-01357,2026-09-23T10:56:48Z,DC-01,known software,trusted_internal,Known Publisher,benign
TRUST-N-01868,2026-09-23T10:57:26Z,FIN-WS-09,known software,signed,Known Publisher,benign
TRUST-N-01201,2026-09-23T10:57:46Z,ENG-WS-17,known software,signed,Known Publisher,benign
TRUST-N-05161,2026-09-23T10:58:22Z,HR-WS-08,known software,signed,Known Publisher,benign
TRUST-N-01298,2026-09-23T10:59:08Z,ENG-WS-17,known software,trusted_internal,Known Publisher,benign
TRUST-N-08870,2026-09-23T10:59:14Z,FIN-WS-09,known software,signed,Known Publisher,benign
TRUST-N-02210,2026-09-23T10:59:23Z,APP-06,known software,trusted_internal,Known Publisher,benign
TRUST-N-04727,2026-09-23T10:59:26Z,PATCH-01,known software,signed,Known Publisher,benign
TRUST-N-00807,2026-09-23T10:59:36Z,APP-06,known software,trusted_internal,Known Publisher,benign
TRUST-N-05326,2026-09-23T11:00:23Z,FIN-WS-09,known software,signed,Known Publisher,benign
TRUST-N-01017,2026-09-23T11:00:26Z,ENG-WS-17,known software,trusted_internal,Known Publisher,benign
TRUST-N-01062,2026-09-23T11:01:21Z,HR-WS-22,known software,signed,Known Publisher,benign
TRUST-N-06310,2026-09-23T11:01:49Z,PATCH-01,known software,trusted_internal,Known Publisher,benign
TRUST-N-06727,2026-09-23T11:01:54Z,HR-WS-08,known software,signed,Known Publisher,benign
TRUST-N-00017,2026-09-23T11:02:17Z,MGMT-01,known software,trusted_internal,Known Publisher,benign
TRUST-N-00232,2026-09-23T11:02:24Z,HR-WS-22,known software,signed,Known Publisher,benign
TRUST-N-03168,2026-09-23T11:02:24Z,DC-01,known software,trusted_internal,Known Publisher,benign
TRUST-N-07397,2026-09-23T11:02:57Z,ENG-WS-17,known software,signed,Known Publisher,benign
TRUST-N-08862,2026-09-23T11:05:17Z,MGMT-01,known software,signed,Known Publisher,benign
TRUST-N-07462,2026-09-23T11:05:35Z,MGMT-01,known software,trusted_internal,Known Publisher,benign
TRUST-N-08511,2026-09-23T11:06:35Z,FIN-WS-09,known software,trusted_internal,Known Publisher,benign
TRUST-N-00549,2026-09-23T11:07:09Z,APP-06,known software,trusted_internal,Known Publisher,benign
TRUST-N-07411,2026-09-23T11:07:18Z,HR-WS-08,known software,trusted_internal,Known Publisher,benign
TRUST-N-06629,2026-09-23T11:08:19Z,APP-06,known software,signed,Known Publisher,benign
TRUST-N-07053,2026-09-23T11:08:21Z,PATCH-01,known software,signed,Known Publisher,benign
TRUST-N-08725,2026-09-23T11:09:19Z,DC-01,known software,signed,Known Publisher,benign
TRUST-N-00382,2026-09-23T11:09:51Z,HR-WS-22,known software,trusted_internal,Known Publisher,benign
TRUST-N-07749,2026-09-23T11:10:10Z,ENG-WS-17,known software,trusted_internal,Known Publisher,benign
TRUST-N-09429,2026-09-23T11:10:35Z,FIN-WS-09,known software,signed,Known Publisher,benign
TRUST-N-04726,2026-09-23T11:10:37Z,DC-01,known software,trusted_internal,Known Publisher,benign
TRUST-N-08106,2026-09-23T11:10:44Z,MGMT-01,known software,trusted_internal,Known Publisher,benign
TRUST-N-08310,2026-09-23T11:10:58Z,PATCH-01,known software,trusted_internal,Known Publisher,benign
TRUST-N-08608,2026-09-23T11:11:00Z,HR-WS-22,known software,trusted_internal,Known Publisher,benign
TRUST-N-06600,2026-09-23T11:11:49Z,APP-06,known software,trusted_internal,Known Publisher,benign
TRUST-N-04472,2026-09-23T11:12:07Z,PATCH-01,known software,trusted_internal,Known Publisher,benign
TRUST-N-05501,2026-09-23T11:12:09Z,APP-06,known software,trusted_internal,Known Publisher,benign
TRUST-N-07852,2026-09-23T11:12:53Z,HR-WS-08,known software,trusted_internal,Known Publisher,benign
TRUST-N-01776,2026-09-23T11:13:25Z,DC-01,known software,signed,Known Publisher,benign
TRUST-N-09583,2026-09-23T11:13:59Z,APP-06,known software,trusted_internal,Known Publisher,benign
TRUST-N-03141,2026-09-23T11:15:09Z,APP-06,known software,signed,Known Publisher,benign
TRUST-N-02665,2026-09-23T11:15:51Z,APP-06,known software,signed,Known Publisher,benign
TRUST-N-05631,2026-09-23T11:16:29Z,PATCH-01,known software,signed,Known Publisher,benign
TRUST-N-07454,2026-09-23T11:16:46Z,HR-WS-22,known software,signed,Known Publisher,benign
TRUST-N-05981,2026-09-23T11:16:52Z,APP-06,known software,trusted_internal,Known Publisher,benign
TRUST-N-00692,2026-09-23T11:17:42Z,ENG-WS-17,known software,trusted_internal,Known Publisher,benign
TRUST-N-08348,2026-09-23T11:18:40Z,FIN-WS-09,known software,trusted_internal,Known Publisher,benign
TRUST-N-02124,2026-09-23T11:19:21Z,DC-01,known software,trusted_internal,Known Publisher,benign
TRUST-N-01093,2026-09-23T11:19:54Z,ENG-WS-17,known software,signed,Known Publisher,benign
TRUST-N-07118,2026-09-23T11:20:18Z,HR-WS-08,known software,trusted_internal,Known Publisher,benign
TRUST-N-02964,2026-09-23T11:21:18Z,HR-WS-08,known software,signed,Known Publisher,benign
TRUST-N-05530,2026-09-23T11:22:20Z,DC-01,known software,signed,Known Publisher,benign
TRUST-N-05851,2026-09-23T11:22:54Z,DC-01,known software,signed,Known Publisher,benign
TRUST-N-05166,2026-09-23T11:24:11Z,PATCH-01,known software,trusted_internal,Known Publisher,benign
TRUST-N-00221,2026-09-23T11:24:17Z,ENG-WS-17,known software,trusted_internal,Known Publisher,benign
TRUST-N-08429,2026-09-23T11:24:18Z,FIN-WS-09,known software,trusted_internal,Known Publisher,benign
TRUST-N-09419,2026-09-23T11:24:49Z,DC-01,known software,trusted_internal,Known Publisher,benign
TRUST-N-04057,2026-09-23T11:26:15Z,MGMT-01,known software,trusted_internal,Known Publisher,benign
TRUST-N-00047,2026-09-23T11:26:46Z,HR-WS-08,known software,signed,Known Publisher,benign
TRUST-N-07752,2026-09-23T11:27:41Z,FIN-WS-09,known software,trusted_internal,Known Publisher,benign
TRUST-N-05251,2026-09-23T11:28:06Z,HR-WS-08,known software,trusted_internal,Known Publisher,benign
TRUST-N-00217,2026-09-23T11:28:10Z,MGMT-01,known software,signed,Known Publisher,benign
TRUST-N-02802,2026-09-23T11:28:56Z,FIN-WS-09,known software,signed,Known Publisher,benign
TRUST-N-07880,2026-09-23T11:29:35Z,HR-WS-22,known software,signed,Known Publisher,benign
TRUST-N-06535,2026-09-23T11:29:36Z,PATCH-01,known software,trusted_internal,Known Publisher,benign
TRUST-N-07319,2026-09-23T11:30:12Z,HR-WS-08,known software,trusted_internal,Known Publisher,benign
TRUST-N-04829,2026-09-23T11:30:20Z,APP-06,known software,trusted_internal,Known Publisher,benign
TRUST-N-09232,2026-09-23T11:30:28Z,HR-WS-22,known software,trusted_internal,Known Publisher,benign
TRUST-N-00034,2026-09-23T11:30:50Z,DC-01,known software,trusted_internal,Known Publisher,benign
TRUST-N-02469,2026-09-23T11:32:24Z,MGMT-01,known software,trusted_internal,Known Publisher,benign
TRUST-N-00664,2026-09-23T11:32:39Z,ENG-WS-17,known software,signed,Known Publisher,benign
TRUST-N-09300,2026-09-23T11:32:46Z,ENG-WS-17,known software,signed,Known Publisher,benign
TRUST-N-02166,2026-09-23T11:32:58Z,MGMT-01,known software,signed,Known Publisher,benign
TRUST-N-08280,2026-09-23T11:33:55Z,HR-WS-08,known software,signed,Known Publisher,benign
TRUST-N-08719,2026-09-23T11:34:08Z,ENG-WS-17,known software,signed,Known Publisher,benign
TRUST-N-05423,2026-09-23T11:34:37Z,ENG-WS-17,known software,trusted_internal,Known Publisher,benign
TRUST-N-04426,2026-09-23T11:35:12Z,PATCH-01,known software,signed,Known Publisher,benign
TRUST-N-01377,2026-09-23T11:36:01Z,HR-WS-22,known software,trusted_internal,Known Publisher,benign
TRUST-N-04439,2026-09-23T11:36:03Z,ENG-WS-17,known software,signed,Known Publisher,benign
TRUST-N-04289,2026-09-23T11:36:45Z,DC-01,known software,signed,Known Publisher,benign
TRUST-N-09727,2026-09-23T11:36:49Z,PATCH-01,known software,trusted_internal,Known Publisher,benign
TRUST-N-04201,2026-09-23T11:36:56Z,FIN-WS-09,known software,signed,Known Publisher,benign
TRUST-N-04742,2026-09-23T11:37:56Z,ENG-WS-17,known software,trusted_internal,Known Publisher,benign
TRUST-N-04419,2026-09-23T11:40:19Z,PATCH-01,known software,signed,Known Publisher,benign
TRUST-N-09985,2026-09-23T11:40:23Z,PATCH-01,known software,signed,Known Publisher,benign
TRUST-N-09378,2026-09-23T11:41:38Z,APP-06,known software,trusted_internal,Known Publisher,benign
TRUST-N-00527,2026-09-23T11:41:39Z,HR-WS-08,known software,trusted_internal,Known Publisher,benign
TRUST-N-02854,2026-09-23T11:42:04Z,HR-WS-22,known software,trusted_internal,Known Publisher,benign
TRUST-N-00097,2026-09-23T11:42:09Z,ENG-WS-17,known software,signed,Known Publisher,benign
TRUST-N-06009,2026-09-23T11:43:26Z,HR-WS-08,known software,signed,Known Publisher,benign
TRUST-N-06940,2026-09-23T11:44:03Z,HR-WS-22,known software,signed,Known Publisher,benign
TRUST-N-08237,2026-09-23T11:44:13Z,PATCH-01,known software,signed,Known Publisher,benign
TRUST-N-00787,2026-09-23T11:45:25Z,FIN-WS-09,known software,trusted_internal,Known Publisher,benign
TRUST-N-06869,2026-09-23T11:45:46Z,MGMT-01,known software,trusted_internal,Known Publisher,benign
TRUST-N-06225,2026-09-23T11:45:51Z,HR-WS-22,known software,trusted_internal,Known Publisher,benign
TRUST-N-05405,2026-09-23T11:46:17Z,FIN-WS-09,known software,trusted_internal,Known Publisher,benign
TRUST-N-09925,2026-09-23T11:47:17Z,MGMT-01,known software,signed,Known Publisher,benign
TRUST-N-05542,2026-09-23T11:47:27Z,APP-06,known software,trusted_internal,Known Publisher,benign
TRUST-N-04521,2026-09-23T11:48:14Z,DC-01,known software,signed,Known Publisher,benign
TRUST-N-06734,2026-09-23T11:49:10Z,HR-WS-08,known software,signed,Known Publisher,benign
TRUST-N-05857,2026-09-23T11:49:14Z,MGMT-01,known software,trusted_internal,Known Publisher,benign
TRUST-N-00010,2026-09-23T11:49:25Z,DC-01,known software,trusted_internal,Known Publisher,benign
TRUST-N-05711,2026-09-23T11:49:28Z,FIN-WS-09,known software,signed,Known Publisher,benign
TRUST-N-01942,2026-09-23T11:49:37Z,HR-WS-22,known software,signed,Known Publisher,benign
TRUST-N-03620,2026-09-23T11:49:45Z,APP-06,known software,signed,Known Publisher,benign
TRUST-N-09207,2026-09-23T11:50:29Z,PATCH-01,known software,signed,Known Publisher,benign
TRUST-N-07265,2026-09-23T11:51:19Z,ENG-WS-17,known software,signed,Known Publisher,benign
TRUST-N-02258,2026-09-23T11:51:45Z,HR-WS-22,known software,signed,Known Publisher,benign
TRUST-N-07547,2026-09-23T11:52:04Z,HR-WS-22,known software,trusted_internal,Known Publisher,benign
TRUST-N-08479,2026-09-23T11:52:17Z,MGMT-01,known software,signed,Known Publisher,benign
TRUST-N-05753,2026-09-23T11:52:34Z,ENG-WS-17,known software,signed,Known Publisher,benign
TRUST-N-05071,2026-09-23T11:53:01Z,APP-06,known software,signed,Known Publisher,benign
TRUST-N-05393,2026-09-23T11:54:21Z,ENG-WS-17,known software,signed,Known Publisher,benign
TRUST-N-08196,2026-09-23T11:54:24Z,PATCH-01,known software,signed,Known Publisher,benign
TRUST-N-05654,2026-09-23T11:54:43Z,HR-WS-08,known software,signed,Known Publisher,benign
TRUST-N-02783,2026-09-23T11:54:45Z,DC-01,known software,signed,Known Publisher,benign
TRUST-N-03953,2026-09-23T11:55:38Z,MGMT-01,known software,trusted_internal,Known Publisher,benign
TRUST-N-03865,2026-09-23T11:56:07Z,HR-WS-22,known software,trusted_internal,Known Publisher,benign
TRUST-N-02888,2026-09-23T11:57:19Z,MGMT-01,known software,signed,Known Publisher,benign
TRUST-N-07757,2026-09-23T11:58:24Z,ENG-WS-17,known software,signed,Known Publisher,benign
TRUST-N-02981,2026-09-23T11:58:51Z,PATCH-01,known software,trusted_internal,Known Publisher,benign
TRUST-N-03969,2026-09-23T11:59:04Z,ENG-WS-17,known software,trusted_internal,Known Publisher,benign
TRUST-N-07061,2026-09-23T11:59:06Z,HR-WS-22,known software,signed,Known Publisher,benign
TRUST-N-09617,2026-09-23T11:59:09Z,HR-WS-08,known software,trusted_internal,Known Publisher,benign
TRUST-N-04079,2026-09-23T11:59:40Z,MGMT-01,known software,signed,Known Publisher,benign
TRUST-N-02221,2026-09-23T12:00:14Z,FIN-WS-09,known software,signed,Known Publisher,benign
TRUST-N-04386,2026-09-23T12:01:04Z,DC-01,known software,signed,Known Publisher,benign
TRUST-N-08264,2026-09-23T12:01:25Z,HR-WS-08,known software,signed,Known Publisher,benign
TRUST-N-01074,2026-09-23T12:01:57Z,MGMT-01,known software,trusted_internal,Known Publisher,benign
TRUST-N-06099,2026-09-23T12:02:25Z,FIN-WS-09,known software,signed,Known Publisher,benign
TRUST-N-08363,2026-09-23T12:02:55Z,MGMT-01,known software,signed,Known Publisher,benign
TRUST-N-02227,2026-09-23T12:03:55Z,FIN-WS-09,known software,trusted_internal,Known Publisher,benign
TRUST-N-04116,2026-09-23T12:04:12Z,HR-WS-22,known software,trusted_internal,Known Publisher,benign
TRUST-N-06591,2026-09-23T12:04:33Z,HR-WS-22,known software,signed,Known Publisher,benign
TRUST-N-09822,2026-09-23T12:04:53Z,PATCH-01,known software,signed,Known Publisher,benign
TRUST-N-03506,2026-09-23T12:05:04Z,HR-WS-22,known software,signed,Known Publisher,benign
TRUST-N-01002,2026-09-23T12:05:07Z,HR-WS-22,known software,signed,Known Publisher,benign
TRUST-N-09921,2026-09-23T12:05:15Z,FIN-WS-09,known software,trusted_internal,Known Publisher,benign
TRUST-N-04540,2026-09-23T12:05:22Z,ENG-WS-17,known software,signed,Known Publisher,benign
TRUST-N-07642,2026-09-23T12:09:47Z,ENG-WS-17,known software,signed,Known Publisher,benign
TRUST-N-08495,2026-09-23T12:10:17Z,HR-WS-08,known software,trusted_internal,Known Publisher,benign
TRUST-N-04374,2026-09-23T12:11:33Z,PATCH-01,known software,trusted_internal,Known Publisher,benign
TRUST-N-08929,2026-09-23T12:11:53Z,PATCH-01,known software,signed,Known Publisher,benign
TRUST-N-06228,2026-09-23T12:12:18Z,FIN-WS-09,known software,signed,Known Publisher,benign
TRUST-N-00656,2026-09-23T12:12:41Z,FIN-WS-09,known software,trusted_internal,Known Publisher,benign
TRUST-N-00185,2026-09-23T12:13:22Z,APP-06,known software,trusted_internal,Known Publisher,benign
TRUST-N-04832,2026-09-23T12:14:48Z,HR-WS-08,known software,trusted_internal,Known Publisher,benign
TRUST-N-05865,2026-09-23T12:14:57Z,HR-WS-22,known software,signed,Known Publisher,benign
TRUST-N-09180,2026-09-23T12:15:24Z,HR-WS-08,known software,trusted_internal,Known Publisher,benign
TRUST-N-01710,2026-09-23T12:16:32Z,DC-01,known software,signed,Known Publisher,benign
TRUST-N-03401,2026-09-23T12:18:15Z,HR-WS-22,known software,signed,Known Publisher,benign
TRUST-N-03207,2026-09-23T12:19:07Z,HR-WS-08,known software,trusted_internal,Known Publisher,benign
TRUST-N-00625,2026-09-23T12:20:15Z,MGMT-01,known software,trusted_internal,Known Publisher,benign
TRUST-N-03832,2026-09-23T12:23:29Z,HR-WS-22,known software,signed,Known Publisher,benign
TRUST-N-01284,2026-09-23T12:23:34Z,HR-WS-22,known software,signed,Known Publisher,benign
TRUST-N-01428,2026-09-23T12:25:17Z,ENG-WS-17,known software,trusted_internal,Known Publisher,benign
TRUST-N-05603,2026-09-23T12:25:21Z,HR-WS-22,known software,trusted_internal,Known Publisher,benign
TRUST-N-03159,2026-09-23T12:26:01Z,PATCH-01,known software,trusted_internal,Known Publisher,benign
TRUST-N-08035,2026-09-23T12:26:34Z,ENG-WS-17,known software,trusted_internal,Known Publisher,benign
TRUST-N-06961,2026-09-23T12:26:59Z,MGMT-01,known software,trusted_internal,Known Publisher,benign
TRUST-N-09768,2026-09-23T12:27:04Z,FIN-WS-09,known software,signed,Known Publisher,benign
TRUST-N-00429,2026-09-23T12:27:21Z,HR-WS-08,known software,trusted_internal,Known Publisher,benign
TRUST-N-08557,2026-09-23T12:27:57Z,ENG-WS-17,known software,trusted_internal,Known Publisher,benign
TRUST-N-08474,2026-09-23T12:28:23Z,DC-01,known software,signed,Known Publisher,benign
TRUST-N-00816,2026-09-23T12:28:46Z,FIN-WS-09,known software,trusted_internal,Known Publisher,benign
TRUST-N-05182,2026-09-23T12:29:12Z,FIN-WS-09,known software,signed,Known Publisher,benign
TRUST-N-01946,2026-09-23T12:29:52Z,FIN-WS-09,known software,trusted_internal,Known Publisher,benign
TRUST-N-03068,2026-09-23T12:30:14Z,HR-WS-08,known software,trusted_internal,Known Publisher,benign
TRUST-N-02328,2026-09-23T12:30:46Z,DC-01,known software,signed,Known Publisher,benign
TRUST-N-03909,2026-09-23T12:32:22Z,MGMT-01,known software,trusted_internal,Known Publisher,benign
TRUST-N-03172,2026-09-23T12:32:29Z,HR-WS-08,known software,signed,Known Publisher,benign
TRUST-N-03117,2026-09-23T12:33:02Z,ENG-WS-17,known software,trusted_internal,Known Publisher,benign
TRUST-N-07876,2026-09-23T12:33:33Z,PATCH-01,known software,trusted_internal,Known Publisher,benign
TRUST-N-03410,2026-09-23T12:33:40Z,FIN-WS-09,known software,signed,Known Publisher,benign
TRUST-N-06433,2026-09-23T12:34:59Z,ENG-WS-17,known software,signed,Known Publisher,benign
TRUST-N-07821,2026-09-23T12:36:18Z,FIN-WS-09,known software,signed,Known Publisher,benign
TRUST-N-03689,2026-09-23T12:36:28Z,ENG-WS-17,known software,trusted_internal,Known Publisher,benign
TRUST-N-06859,2026-09-23T12:36:43Z,ENG-WS-17,known software,signed,Known Publisher,benign
TRUST-N-08079,2026-09-23T12:38:20Z,MGMT-01,known software,trusted_internal,Known Publisher,benign
TRUST-N-07003,2026-09-23T12:38:35Z,ENG-WS-17,known software,signed,Known Publisher,benign
TRUST-N-06995,2026-09-23T12:39:04Z,HR-WS-08,known software,trusted_internal,Known Publisher,benign
TRUST-N-07245,2026-09-23T12:39:20Z,HR-WS-22,known software,signed,Known Publisher,benign
TRUST-N-09069,2026-09-23T12:39:55Z,DC-01,known software,trusted_internal,Known Publisher,benign
TRUST-N-09460,2026-09-23T12:40:30Z,APP-06,known software,signed,Known Publisher,benign
TRUST-N-03120,2026-09-23T12:41:45Z,ENG-WS-17,known software,trusted_internal,Known Publisher,benign
TRUST-N-07069,2026-09-23T12:41:45Z,DC-01,known software,trusted_internal,Known Publisher,benign
TRUST-N-03824,2026-09-23T12:42:28Z,APP-06,known software,trusted_internal,Known Publisher,benign
TRUST-N-09512,2026-09-23T12:42:44Z,HR-WS-22,known software,trusted_internal,Known Publisher,benign
TRUST-N-07072,2026-09-23T12:42:53Z,FIN-WS-09,known software,signed,Known Publisher,benign
TRUST-N-00497,2026-09-23T12:43:49Z,FIN-WS-09,known software,signed,Known Publisher,benign
TRUST-N-01880,2026-09-23T12:44:29Z,APP-06,known software,trusted_internal,Known Publisher,benign
TRUST-N-06528,2026-09-23T12:45:25Z,MGMT-01,known software,signed,Known Publisher,benign
TRUST-N-09160,2026-09-23T12:45:33Z,PATCH-01,known software,trusted_internal,Known Publisher,benign
TRUST-N-02761,2026-09-23T12:47:50Z,FIN-WS-09,known software,signed,Known Publisher,benign
TRUST-N-05645,2026-09-23T12:48:14Z,DC-01,known software,trusted_internal,Known Publisher,benign
TRUST-N-05705,2026-09-23T12:48:56Z,ENG-WS-17,known software,trusted_internal,Known Publisher,benign
TRUST-N-01130,2026-09-23T12:49:12Z,ENG-WS-17,known software,signed,Known Publisher,benign
TRUST-N-03232,2026-09-23T12:50:28Z,MGMT-01,known software,signed,Known Publisher,benign
TRUST-N-03190,2026-09-23T12:50:39Z,MGMT-01,known software,trusted_internal,Known Publisher,benign
TRUST-N-01309,2026-09-23T12:51:36Z,PATCH-01,known software,signed,Known Publisher,benign
TRUST-N-02403,2026-09-23T12:51:48Z,FIN-WS-09,known software,trusted_internal,Known Publisher,benign
TRUST-N-05818,2026-09-23T12:52:16Z,ENG-WS-17,known software,trusted_internal,Known Publisher,benign
TRUST-N-01316,2026-09-23T12:52:26Z,PATCH-01,known software,signed,Known Publisher,benign
TRUST-N-08867,2026-09-23T12:52:57Z,ENG-WS-17,known software,signed,Known Publisher,benign
TRUST-N-09383,2026-09-23T12:53:01Z,APP-06,known software,signed,Known Publisher,benign
TRUST-N-04522,2026-09-23T12:53:36Z,FIN-WS-09,known software,signed,Known Publisher,benign
TRUST-N-03627,2026-09-23T12:53:39Z,PATCH-01,known software,trusted_internal,Known Publisher,benign
TRUST-N-03662,2026-09-23T12:54:33Z,ENG-WS-17,known software,trusted_internal,Known Publisher,benign
TRUST-N-03353,2026-09-23T12:55:24Z,HR-WS-08,known software,trusted_internal,Known Publisher,benign
TRUST-N-06945,2026-09-23T12:55:35Z,APP-06,known software,signed,Known Publisher,benign
TRUST-N-00304,2026-09-23T12:56:07Z,ENG-WS-17,known software,signed,Known Publisher,benign
TRUST-N-07408,2026-09-23T12:56:13Z,HR-WS-08,known software,trusted_internal,Known Publisher,benign
TRUST-N-03253,2026-09-23T12:56:48Z,HR-WS-22,known software,trusted_internal,Known Publisher,benign
TRUST-N-02173,2026-09-23T12:57:09Z,ENG-WS-17,known software,signed,Known Publisher,benign
TRUST-N-02229,2026-09-23T12:57:55Z,HR-WS-08,known software,trusted_internal,Known Publisher,benign
TRUST-N-07250,2026-09-23T12:58:13Z,DC-01,known software,signed,Known Publisher,benign
TRUST-N-08802,2026-09-23T12:58:15Z,FIN-WS-09,known software,trusted_internal,Known Publisher,benign
TRUST-N-04724,2026-09-23T12:58:49Z,DC-01,known software,signed,Known Publisher,benign
TRUST-N-01696,2026-09-23T12:59:41Z,MGMT-01,known software,trusted_internal,Known Publisher,benign
TRUST-N-04099,2026-09-23T12:59:42Z,HR-WS-08,known software,signed,Known Publisher,benign
TRUST-N-02168,2026-09-23T12:59:58Z,HR-WS-08,known software,trusted_internal,Known Publisher,benign
