event_id,_time,host,user,task_name,action,task_command,run_as,classification,note
TASK-00799,2026-08-31T12:10:37Z,DC-01,NT AUTHORITY\SYSTEM,\ACME\Patch\DailyScan,started,cleanmgr.exe /AUTOCLEAN,NT AUTHORITY\SYSTEM,benign,routine scheduled task
TASK-00196,2026-08-31T12:13:16Z,FILE-02,NT AUTHORITY\SYSTEM,\Microsoft\Windows\Update\Maintenance,updated,powershell.exe -File C:\ACME\Patch\scan.ps1,ACME\svc_patch,benign,routine scheduled task
TASK-01553,2026-08-31T12:14:37Z,FILE-02,ACME\svc_patch,\Microsoft\Windows\Update\Maintenance,created,powershell.exe -File C:\ACME\Patch\scan.ps1,ACME\svc_patch,benign,routine scheduled task
TASK-00030,2026-08-31T12:16:37Z,JUMP-01,ACME\jsmith,\ACME\Patch\DailyScan,created,UsoClient.exe StartScan,NT AUTHORITY\SYSTEM,benign,routine scheduled task
TASK-00963,2026-08-31T12:25:19Z,DC-01,NT AUTHORITY\SYSTEM,\Microsoft\Windows\DiskCleanup,started,powershell.exe -File C:\ACME\Patch\scan.ps1,NT AUTHORITY\SYSTEM,benign,routine scheduled task
TASK-01654,2026-08-31T12:33:08Z,FILE-02,ACME\jsmith,\ACME\Patch\DailyScan,started,cleanmgr.exe /AUTOCLEAN,ACME\svc_patch,benign,routine scheduled task
TASK-00849,2026-08-31T12:36:54Z,FILE-02,ACME\jsmith,\Microsoft\Windows\Update\Maintenance,updated,cleanmgr.exe /AUTOCLEAN,NT AUTHORITY\SYSTEM,benign,routine scheduled task
TASK-01076,2026-08-31T12:39:05Z,JUMP-01,NT AUTHORITY\SYSTEM,\Microsoft\Windows\DiskCleanup,created,powershell.exe -File C:\ACME\Patch\scan.ps1,NT AUTHORITY\SYSTEM,benign,routine scheduled task
TASK-01062,2026-08-31T12:43:39Z,FILE-02,ACME\admin.ops,\Microsoft\Windows\DiskCleanup,updated,cleanmgr.exe /AUTOCLEAN,NT AUTHORITY\SYSTEM,benign,routine scheduled task
TASK-00315,2026-08-31T12:45:56Z,FILE-02,ACME\jsmith,\Microsoft\Windows\Update\Maintenance,started,cleanmgr.exe /AUTOCLEAN,NT AUTHORITY\SYSTEM,benign,routine scheduled task
TASK-01001,2026-08-31T12:46:25Z,JUMP-01,ACME\kpatel,\Microsoft\Windows\Update\Maintenance,completed,UsoClient.exe StartScan,ACME\svc_patch,benign,routine scheduled task
TASK-00352,2026-08-31T12:50:08Z,PATCH-01,NT AUTHORITY\SYSTEM,\Microsoft\Windows\DiskCleanup,created,UsoClient.exe StartScan,ACME\svc_patch,benign,routine scheduled task
TASK-01612,2026-08-31T12:50:54Z,APP-03,NT AUTHORITY\SYSTEM,\Microsoft\Windows\Update\Maintenance,created,powershell.exe -File C:\ACME\Patch\scan.ps1,ACME\svc_patch,benign,routine scheduled task
TASK-00132,2026-08-31T13:01:10Z,APP-03,NT AUTHORITY\SYSTEM,\Microsoft\Windows\DiskCleanup,created,UsoClient.exe StartScan,NT AUTHORITY\SYSTEM,benign,routine scheduled task
TASK-01425,2026-08-31T13:01:36Z,MGMT-01,ACME\svc_patch,\Microsoft\Windows\DiskCleanup,updated,UsoClient.exe StartScan,ACME\svc_patch,benign,routine scheduled task
TASK-00777,2026-08-31T13:07:33Z,HR-WS-22,ACME\jsmith,\Microsoft\Windows\DiskCleanup,completed,cleanmgr.exe /AUTOCLEAN,NT AUTHORITY\SYSTEM,benign,routine scheduled task
TASK-00482,2026-08-31T13:08:08Z,DC-01,ACME\svc_patch,\Microsoft\Windows\DiskCleanup,updated,cleanmgr.exe /AUTOCLEAN,NT AUTHORITY\SYSTEM,benign,routine scheduled task
TASK-01517,2026-08-31T13:08:57Z,MGMT-01,ACME\svc_patch,\Microsoft\Windows\DiskCleanup,started,cleanmgr.exe /AUTOCLEAN,NT AUTHORITY\SYSTEM,benign,routine scheduled task
TASK-01402,2026-08-31T13:10:44Z,APP-03,ACME\kpatel,\ACME\Patch\DailyScan,updated,UsoClient.exe StartScan,NT AUTHORITY\SYSTEM,benign,routine scheduled task
TASK-01478,2026-08-31T13:16:12Z,HR-WS-22,NT AUTHORITY\SYSTEM,\Microsoft\Windows\Update\Maintenance,started,cleanmgr.exe /AUTOCLEAN,ACME\svc_patch,benign,routine scheduled task
TASK-01214,2026-08-31T13:25:35Z,HR-WS-22,ACME\kpatel,\Microsoft\Windows\Update\Maintenance,updated,UsoClient.exe StartScan,NT AUTHORITY\SYSTEM,benign,routine scheduled task
TASK-00793,2026-08-31T13:26:32Z,MGMT-01,ACME\svc_patch,\ACME\Patch\DailyScan,updated,UsoClient.exe StartScan,NT AUTHORITY\SYSTEM,benign,routine scheduled task
TASK-00503,2026-08-31T13:27:27Z,FILE-02,ACME\jsmith,\Microsoft\Windows\Update\Maintenance,started,cleanmgr.exe /AUTOCLEAN,NT AUTHORITY\SYSTEM,benign,routine scheduled task
TASK-01134,2026-08-31T13:27:56Z,FILE-02,ACME\admin.ops,\Microsoft\Windows\Update\Maintenance,created,UsoClient.exe StartScan,ACME\svc_patch,benign,routine scheduled task
TASK-00831,2026-08-31T13:32:17Z,PATCH-01,ACME\svc_patch,\Microsoft\Windows\DiskCleanup,started,powershell.exe -File C:\ACME\Patch\scan.ps1,NT AUTHORITY\SYSTEM,benign,routine scheduled task
TASK-00711,2026-08-31T13:33:12Z,FILE-02,ACME\jsmith,\Microsoft\Windows\Update\Maintenance,updated,cleanmgr.exe /AUTOCLEAN,NT AUTHORITY\SYSTEM,benign,routine scheduled task
TASK-01050,2026-08-31T13:44:09Z,DC-01,ACME\admin.ops,\Microsoft\Windows\Update\Maintenance,started,powershell.exe -File C:\ACME\Patch\scan.ps1,ACME\svc_patch,benign,routine scheduled task
TASK-00125,2026-08-31T13:45:40Z,DC-01,ACME\jsmith,\Microsoft\Windows\Update\Maintenance,updated,UsoClient.exe StartScan,NT AUTHORITY\SYSTEM,benign,routine scheduled task
TASK-00768,2026-08-31T13:46:58Z,FILE-02,NT AUTHORITY\SYSTEM,\ACME\Patch\DailyScan,completed,cleanmgr.exe /AUTOCLEAN,NT AUTHORITY\SYSTEM,benign,routine scheduled task
TASK-00155,2026-08-31T13:50:45Z,MGMT-01,ACME\admin.ops,\Microsoft\Windows\DiskCleanup,updated,powershell.exe -File C:\ACME\Patch\scan.ps1,NT AUTHORITY\SYSTEM,benign,routine scheduled task
TASK-01375,2026-08-31T14:00:18Z,MGMT-01,ACME\kpatel,\Microsoft\Windows\DiskCleanup,completed,cleanmgr.exe /AUTOCLEAN,NT AUTHORITY\SYSTEM,benign,routine scheduled task
TASK-01043,2026-08-31T14:01:49Z,PATCH-01,ACME\kpatel,\Microsoft\Windows\DiskCleanup,updated,UsoClient.exe StartScan,ACME\svc_patch,benign,routine scheduled task
TASK-01504,2026-08-31T14:06:24Z,JUMP-01,ACME\kpatel,\Microsoft\Windows\Update\Maintenance,started,powershell.exe -File C:\ACME\Patch\scan.ps1,ACME\svc_patch,benign,routine scheduled task
TASK-CTX-001,2026-08-31T14:07:00Z,HR-WS-22,ACME\admin.ops,\ACME\Inventory\Daily,started,C:\ACME\Inventory\inventory.exe --daily,NT AUTHORITY\SYSTEM,benign,known inventory task
TASK-01582,2026-08-31T14:07:12Z,PATCH-01,ACME\admin.ops,\Microsoft\Windows\DiskCleanup,started,powershell.exe -File C:\ACME\Patch\scan.ps1,NT AUTHORITY\SYSTEM,benign,routine scheduled task
TASK-01492,2026-08-31T14:11:22Z,DC-01,ACME\svc_patch,\ACME\Patch\DailyScan,created,powershell.exe -File C:\ACME\Patch\scan.ps1,ACME\svc_patch,benign,routine scheduled task
TASK-00340,2026-08-31T14:15:05Z,JUMP-01,NT AUTHORITY\SYSTEM,\Microsoft\Windows\Update\Maintenance,completed,cleanmgr.exe /AUTOCLEAN,ACME\svc_patch,benign,routine scheduled task
TASK-01084,2026-08-31T14:20:36Z,HR-WS-22,ACME\jsmith,\Microsoft\Windows\Update\Maintenance,started,UsoClient.exe StartScan,ACME\svc_patch,benign,routine scheduled task
TASK-INC-001,2026-08-31T14:26:00Z,HR-WS-22,ACME\kpatel,\Microsoft\Windows\Update\TelemetryCheck,created,powershell.exe -NoProfile -WindowStyle Hidden -ExecutionPolicy Bypass -File C:\ProgramData\WinCache\check.ps1,NT AUTHORITY\SYSTEM,investigate,plausible name; unusual action and path
TASK-INC-002,2026-08-31T14:26:14Z,HR-WS-22,NT AUTHORITY\SYSTEM,\Microsoft\Windows\Update\TelemetryCheck,started,powershell.exe -NoProfile -WindowStyle Hidden -ExecutionPolicy Bypass -File C:\ProgramData\WinCache\check.ps1,NT AUTHORITY\SYSTEM,investigate,task executes
TASK-00306,2026-08-31T14:26:57Z,DC-01,ACME\svc_patch,\Microsoft\Windows\DiskCleanup,started,UsoClient.exe StartScan,ACME\svc_patch,benign,routine scheduled task
TASK-BEN-001,2026-08-31T14:34:00Z,PATCH-01,ACME\svc_patch,\ACME\Patch\TelemetryCheck,created,powershell.exe -NoProfile -File C:\ACME\Patch\TelemetryCheck.ps1,ACME\svc_patch,benign,approved patch automation
TASK-BEN-002,2026-08-31T14:34:10Z,PATCH-01,ACME\svc_patch,\ACME\Patch\TelemetryCheck,started,powershell.exe -NoProfile -File C:\ACME\Patch\TelemetryCheck.ps1,ACME\svc_patch,benign,approved patch task starts
TASK-00332,2026-08-31T14:34:37Z,DC-01,ACME\admin.ops,\ACME\Patch\DailyScan,created,UsoClient.exe StartScan,ACME\svc_patch,benign,routine scheduled task
TASK-RESP-001,2026-08-31T14:37:00Z,HR-WS-22,ACME\jsmith,\Microsoft\Windows\Update\TelemetryCheck,disabled,powershell.exe -NoProfile -WindowStyle Hidden -ExecutionPolicy Bypass -File C:\ProgramData\WinCache\check.ps1,NT AUTHORITY\SYSTEM,response,responder disables task
TASK-RESP-002,2026-08-31T14:38:00Z,HR-WS-22,ACME\jsmith,\Microsoft\Windows\Update\TelemetryCheck,exported,schtasks /Query /XML,ACME\jsmith,response,task XML preserved
TASK-01120,2026-08-31T14:41:51Z,JUMP-01,ACME\jsmith,\ACME\Patch\DailyScan,started,powershell.exe -File C:\ACME\Patch\scan.ps1,NT AUTHORITY\SYSTEM,benign,routine scheduled task
TASK-01529,2026-08-31T14:42:19Z,JUMP-01,ACME\jsmith,\ACME\Patch\DailyScan,completed,UsoClient.exe StartScan,NT AUTHORITY\SYSTEM,benign,routine scheduled task
TASK-00775,2026-08-31T14:47:22Z,APP-03,ACME\admin.ops,\Microsoft\Windows\Update\Maintenance,updated,cleanmgr.exe /AUTOCLEAN,ACME\svc_patch,benign,routine scheduled task
TASK-00589,2026-08-31T14:47:29Z,DC-01,ACME\svc_patch,\ACME\Patch\DailyScan,started,powershell.exe -File C:\ACME\Patch\scan.ps1,NT AUTHORITY\SYSTEM,benign,routine scheduled task
TASK-00278,2026-08-31T14:51:09Z,FILE-02,NT AUTHORITY\SYSTEM,\ACME\Patch\DailyScan,updated,powershell.exe -File C:\ACME\Patch\scan.ps1,NT AUTHORITY\SYSTEM,benign,routine scheduled task
TASK-00309,2026-08-31T14:51:37Z,JUMP-01,ACME\jsmith,\Microsoft\Windows\Update\Maintenance,updated,cleanmgr.exe /AUTOCLEAN,NT AUTHORITY\SYSTEM,benign,routine scheduled task
TASK-01615,2026-08-31T14:53:43Z,FILE-02,ACME\jsmith,\Microsoft\Windows\Update\Maintenance,completed,cleanmgr.exe /AUTOCLEAN,NT AUTHORITY\SYSTEM,benign,routine scheduled task
TASK-01326,2026-08-31T14:56:30Z,DC-01,ACME\jsmith,\Microsoft\Windows\Update\Maintenance,started,UsoClient.exe StartScan,ACME\svc_patch,benign,routine scheduled task
TASK-01315,2026-08-31T15:06:58Z,HR-WS-22,ACME\svc_patch,\ACME\Patch\DailyScan,completed,powershell.exe -File C:\ACME\Patch\scan.ps1,ACME\svc_patch,benign,routine scheduled task
TASK-00565,2026-08-31T15:07:55Z,PATCH-01,ACME\admin.ops,\Microsoft\Windows\DiskCleanup,created,UsoClient.exe StartScan,NT AUTHORITY\SYSTEM,benign,routine scheduled task
TASK-01213,2026-08-31T15:10:33Z,MGMT-01,ACME\jsmith,\Microsoft\Windows\DiskCleanup,started,UsoClient.exe StartScan,NT AUTHORITY\SYSTEM,benign,routine scheduled task
TASK-01179,2026-08-31T15:11:26Z,MGMT-01,ACME\svc_patch,\ACME\Patch\DailyScan,started,powershell.exe -File C:\ACME\Patch\scan.ps1,ACME\svc_patch,benign,routine scheduled task
TASK-01123,2026-08-31T15:12:09Z,APP-03,ACME\jsmith,\Microsoft\Windows\Update\Maintenance,started,UsoClient.exe StartScan,ACME\svc_patch,benign,routine scheduled task
TASK-00700,2026-08-31T15:13:29Z,HR-WS-22,ACME\jsmith,\Microsoft\Windows\Update\Maintenance,started,UsoClient.exe StartScan,ACME\svc_patch,benign,routine scheduled task
TASK-01075,2026-08-31T15:16:55Z,FILE-02,ACME\jsmith,\Microsoft\Windows\Update\Maintenance,updated,powershell.exe -File C:\ACME\Patch\scan.ps1,ACME\svc_patch,benign,routine scheduled task
TASK-00095,2026-08-31T15:22:15Z,HR-WS-22,ACME\svc_patch,\Microsoft\Windows\Update\Maintenance,completed,powershell.exe -File C:\ACME\Patch\scan.ps1,NT AUTHORITY\SYSTEM,benign,routine scheduled task
TASK-00257,2026-08-31T15:22:51Z,DC-01,ACME\kpatel,\ACME\Patch\DailyScan,updated,UsoClient.exe StartScan,NT AUTHORITY\SYSTEM,benign,routine scheduled task
TASK-01105,2026-08-31T15:22:55Z,DC-01,ACME\jsmith,\Microsoft\Windows\DiskCleanup,created,UsoClient.exe StartScan,NT AUTHORITY\SYSTEM,benign,routine scheduled task
TASK-00191,2026-08-31T15:25:55Z,MGMT-01,NT AUTHORITY\SYSTEM,\Microsoft\Windows\DiskCleanup,created,UsoClient.exe StartScan,NT AUTHORITY\SYSTEM,benign,routine scheduled task
TASK-00139,2026-08-31T15:33:25Z,PATCH-01,ACME\svc_patch,\Microsoft\Windows\Update\Maintenance,created,UsoClient.exe StartScan,NT AUTHORITY\SYSTEM,benign,routine scheduled task
TASK-01483,2026-08-31T15:35:49Z,MGMT-01,ACME\admin.ops,\ACME\Patch\DailyScan,started,powershell.exe -File C:\ACME\Patch\scan.ps1,ACME\svc_patch,benign,routine scheduled task
TASK-01276,2026-08-31T15:43:40Z,FILE-02,ACME\kpatel,\ACME\Patch\DailyScan,created,UsoClient.exe StartScan,NT AUTHORITY\SYSTEM,benign,routine scheduled task
TASK-00692,2026-08-31T15:57:21Z,PATCH-01,ACME\kpatel,\Microsoft\Windows\Update\Maintenance,updated,powershell.exe -File C:\ACME\Patch\scan.ps1,NT AUTHORITY\SYSTEM,benign,routine scheduled task
TASK-01561,2026-08-31T16:00:38Z,PATCH-01,ACME\admin.ops,\Microsoft\Windows\DiskCleanup,updated,UsoClient.exe StartScan,NT AUTHORITY\SYSTEM,benign,routine scheduled task
TASK-01603,2026-08-31T16:09:27Z,HR-WS-22,ACME\jsmith,\Microsoft\Windows\Update\Maintenance,updated,UsoClient.exe StartScan,NT AUTHORITY\SYSTEM,benign,routine scheduled task
TASK-00402,2026-08-31T16:21:35Z,APP-03,ACME\jsmith,\ACME\Patch\DailyScan,started,UsoClient.exe StartScan,ACME\svc_patch,benign,routine scheduled task
TASK-00580,2026-08-31T16:21:49Z,PATCH-01,ACME\svc_patch,\Microsoft\Windows\Update\Maintenance,created,UsoClient.exe StartScan,ACME\svc_patch,benign,routine scheduled task
TASK-01290,2026-08-31T16:22:07Z,JUMP-01,ACME\svc_patch,\Microsoft\Windows\DiskCleanup,started,powershell.exe -File C:\ACME\Patch\scan.ps1,NT AUTHORITY\SYSTEM,benign,routine scheduled task
TASK-01152,2026-08-31T16:24:26Z,FILE-02,ACME\kpatel,\ACME\Patch\DailyScan,completed,UsoClient.exe StartScan,ACME\svc_patch,benign,routine scheduled task
TASK-00912,2026-08-31T16:25:58Z,MGMT-01,ACME\kpatel,\ACME\Patch\DailyScan,completed,UsoClient.exe StartScan,NT AUTHORITY\SYSTEM,benign,routine scheduled task
TASK-00923,2026-08-31T16:26:33Z,JUMP-01,ACME\kpatel,\Microsoft\Windows\DiskCleanup,created,UsoClient.exe StartScan,ACME\svc_patch,benign,routine scheduled task
TASK-01171,2026-08-31T16:30:56Z,MGMT-01,ACME\svc_patch,\ACME\Patch\DailyScan,completed,powershell.exe -File C:\ACME\Patch\scan.ps1,ACME\svc_patch,benign,routine scheduled task
TASK-01406,2026-08-31T16:31:58Z,DC-01,ACME\admin.ops,\Microsoft\Windows\DiskCleanup,updated,cleanmgr.exe /AUTOCLEAN,NT AUTHORITY\SYSTEM,benign,routine scheduled task
TASK-01316,2026-08-31T16:35:02Z,APP-03,ACME\svc_patch,\Microsoft\Windows\DiskCleanup,started,cleanmgr.exe /AUTOCLEAN,ACME\svc_patch,benign,routine scheduled task
TASK-00214,2026-08-31T16:43:27Z,HR-WS-22,ACME\svc_patch,\ACME\Patch\DailyScan,updated,cleanmgr.exe /AUTOCLEAN,ACME\svc_patch,benign,routine scheduled task
TASK-01354,2026-08-31T16:51:08Z,DC-01,NT AUTHORITY\SYSTEM,\Microsoft\Windows\DiskCleanup,started,UsoClient.exe StartScan,NT AUTHORITY\SYSTEM,benign,routine scheduled task
TASK-01393,2026-08-31T16:59:39Z,MGMT-01,ACME\jsmith,\Microsoft\Windows\DiskCleanup,started,UsoClient.exe StartScan,NT AUTHORITY\SYSTEM,benign,routine scheduled task
TASK-00769,2026-08-31T16:59:58Z,MGMT-01,ACME\svc_patch,\Microsoft\Windows\DiskCleanup,started,UsoClient.exe StartScan,NT AUTHORITY\SYSTEM,benign,routine scheduled task
TASK-01143,2026-08-31T17:01:00Z,MGMT-01,NT AUTHORITY\SYSTEM,\Microsoft\Windows\DiskCleanup,updated,cleanmgr.exe /AUTOCLEAN,ACME\svc_patch,benign,routine scheduled task
TASK-01496,2026-08-31T17:01:59Z,DC-01,ACME\kpatel,\Microsoft\Windows\DiskCleanup,completed,powershell.exe -File C:\ACME\Patch\scan.ps1,NT AUTHORITY\SYSTEM,benign,routine scheduled task
TASK-00885,2026-08-31T17:04:36Z,FILE-02,ACME\svc_patch,\Microsoft\Windows\DiskCleanup,started,UsoClient.exe StartScan,ACME\svc_patch,benign,routine scheduled task
TASK-00489,2026-08-31T17:06:39Z,FILE-02,ACME\kpatel,\Microsoft\Windows\DiskCleanup,started,powershell.exe -File C:\ACME\Patch\scan.ps1,NT AUTHORITY\SYSTEM,benign,routine scheduled task
TASK-01198,2026-08-31T17:07:15Z,MGMT-01,ACME\admin.ops,\Microsoft\Windows\Update\Maintenance,created,cleanmgr.exe /AUTOCLEAN,ACME\svc_patch,benign,routine scheduled task
TASK-00131,2026-08-31T17:07:24Z,HR-WS-22,ACME\jsmith,\ACME\Patch\DailyScan,created,cleanmgr.exe /AUTOCLEAN,ACME\svc_patch,benign,routine scheduled task
TASK-01337,2026-08-31T17:10:48Z,PATCH-01,ACME\kpatel,\ACME\Patch\DailyScan,completed,cleanmgr.exe /AUTOCLEAN,NT AUTHORITY\SYSTEM,benign,routine scheduled task
TASK-01448,2026-08-31T17:11:48Z,MGMT-01,ACME\admin.ops,\ACME\Patch\DailyScan,created,cleanmgr.exe /AUTOCLEAN,NT AUTHORITY\SYSTEM,benign,routine scheduled task
TASK-00069,2026-08-31T17:19:58Z,HR-WS-22,NT AUTHORITY\SYSTEM,\ACME\Patch\DailyScan,created,powershell.exe -File C:\ACME\Patch\scan.ps1,NT AUTHORITY\SYSTEM,benign,routine scheduled task
TASK-00047,2026-08-31T17:24:43Z,DC-01,NT AUTHORITY\SYSTEM,\Microsoft\Windows\DiskCleanup,completed,cleanmgr.exe /AUTOCLEAN,ACME\svc_patch,benign,routine scheduled task
TASK-00596,2026-08-31T17:25:04Z,FILE-02,ACME\svc_patch,\Microsoft\Windows\DiskCleanup,started,UsoClient.exe StartScan,NT AUTHORITY\SYSTEM,benign,routine scheduled task
TASK-00879,2026-08-31T17:27:46Z,DC-01,ACME\admin.ops,\ACME\Patch\DailyScan,created,UsoClient.exe StartScan,NT AUTHORITY\SYSTEM,benign,routine scheduled task
TASK-00466,2026-08-31T17:28:17Z,DC-01,ACME\svc_patch,\Microsoft\Windows\Update\Maintenance,created,powershell.exe -File C:\ACME\Patch\scan.ps1,ACME\svc_patch,benign,routine scheduled task
TASK-00007,2026-08-31T17:32:09Z,APP-03,NT AUTHORITY\SYSTEM,\Microsoft\Windows\DiskCleanup,started,UsoClient.exe StartScan,ACME\svc_patch,benign,routine scheduled task
TASK-01005,2026-08-31T17:43:33Z,DC-01,ACME\admin.ops,\Microsoft\Windows\Update\Maintenance,completed,powershell.exe -File C:\ACME\Patch\scan.ps1,NT AUTHORITY\SYSTEM,benign,routine scheduled task
TASK-00250,2026-08-31T17:47:23Z,FILE-02,ACME\kpatel,\Microsoft\Windows\Update\Maintenance,started,UsoClient.exe StartScan,ACME\svc_patch,benign,routine scheduled task
TASK-01382,2026-08-31T17:49:20Z,APP-03,NT AUTHORITY\SYSTEM,\Microsoft\Windows\Update\Maintenance,started,cleanmgr.exe /AUTOCLEAN,ACME\svc_patch,benign,routine scheduled task
TASK-00501,2026-08-31T17:55:54Z,JUMP-01,NT AUTHORITY\SYSTEM,\Microsoft\Windows\Update\Maintenance,started,powershell.exe -File C:\ACME\Patch\scan.ps1,NT AUTHORITY\SYSTEM,benign,routine scheduled task
TASK-01464,2026-08-31T17:59:02Z,DC-01,ACME\admin.ops,\Microsoft\Windows\DiskCleanup,started,powershell.exe -File C:\ACME\Patch\scan.ps1,ACME\svc_patch,benign,routine scheduled task
TASK-01192,2026-08-31T18:00:46Z,APP-03,ACME\svc_patch,\Microsoft\Windows\DiskCleanup,started,powershell.exe -File C:\ACME\Patch\scan.ps1,ACME\svc_patch,benign,routine scheduled task
TASK-00819,2026-08-31T18:06:34Z,FILE-02,ACME\svc_patch,\Microsoft\Windows\Update\Maintenance,updated,UsoClient.exe StartScan,ACME\svc_patch,benign,routine scheduled task
TASK-00582,2026-08-31T18:10:45Z,HR-WS-22,ACME\jsmith,\Microsoft\Windows\DiskCleanup,started,powershell.exe -File C:\ACME\Patch\scan.ps1,ACME\svc_patch,benign,routine scheduled task
TASK-00755,2026-08-31T18:13:44Z,DC-01,ACME\svc_patch,\ACME\Patch\DailyScan,started,cleanmgr.exe /AUTOCLEAN,NT AUTHORITY\SYSTEM,benign,routine scheduled task
TASK-01094,2026-08-31T18:21:52Z,MGMT-01,ACME\jsmith,\ACME\Patch\DailyScan,updated,UsoClient.exe StartScan,ACME\svc_patch,benign,routine scheduled task
TASK-01391,2026-08-31T18:25:55Z,HR-WS-22,ACME\admin.ops,\Microsoft\Windows\Update\Maintenance,completed,UsoClient.exe StartScan,NT AUTHORITY\SYSTEM,benign,routine scheduled task
TASK-00877,2026-08-31T18:26:09Z,DC-01,ACME\svc_patch,\ACME\Patch\DailyScan,started,cleanmgr.exe /AUTOCLEAN,NT AUTHORITY\SYSTEM,benign,routine scheduled task
TASK-00990,2026-08-31T18:36:07Z,DC-01,ACME\jsmith,\ACME\Patch\DailyScan,started,powershell.exe -File C:\ACME\Patch\scan.ps1,NT AUTHORITY\SYSTEM,benign,routine scheduled task
TASK-00424,2026-08-31T18:53:00Z,FILE-02,ACME\admin.ops,\Microsoft\Windows\Update\Maintenance,completed,powershell.exe -File C:\ACME\Patch\scan.ps1,NT AUTHORITY\SYSTEM,benign,routine scheduled task
TASK-00910,2026-08-31T18:54:51Z,APP-03,ACME\svc_patch,\Microsoft\Windows\Update\Maintenance,completed,powershell.exe -File C:\ACME\Patch\scan.ps1,NT AUTHORITY\SYSTEM,benign,routine scheduled task
TASK-01672,2026-08-31T19:00:53Z,APP-03,NT AUTHORITY\SYSTEM,\ACME\Patch\DailyScan,started,UsoClient.exe StartScan,NT AUTHORITY\SYSTEM,benign,routine scheduled task
TASK-01662,2026-08-31T19:07:55Z,JUMP-01,ACME\svc_patch,\Microsoft\Windows\Update\Maintenance,completed,powershell.exe -File C:\ACME\Patch\scan.ps1,ACME\svc_patch,benign,routine scheduled task
TASK-01265,2026-08-31T19:07:56Z,JUMP-01,NT AUTHORITY\SYSTEM,\Microsoft\Windows\DiskCleanup,started,powershell.exe -File C:\ACME\Patch\scan.ps1,NT AUTHORITY\SYSTEM,benign,routine scheduled task
TASK-01403,2026-08-31T19:08:57Z,PATCH-01,NT AUTHORITY\SYSTEM,\Microsoft\Windows\Update\Maintenance,started,cleanmgr.exe /AUTOCLEAN,NT AUTHORITY\SYSTEM,benign,routine scheduled task
TASK-01378,2026-08-31T19:14:33Z,PATCH-01,ACME\svc_patch,\Microsoft\Windows\Update\Maintenance,completed,powershell.exe -File C:\ACME\Patch\scan.ps1,ACME\svc_patch,benign,routine scheduled task
TASK-00761,2026-08-31T19:19:30Z,PATCH-01,NT AUTHORITY\SYSTEM,\Microsoft\Windows\Update\Maintenance,started,cleanmgr.exe /AUTOCLEAN,ACME\svc_patch,benign,routine scheduled task
TASK-01036,2026-08-31T19:21:16Z,PATCH-01,NT AUTHORITY\SYSTEM,\Microsoft\Windows\Update\Maintenance,updated,cleanmgr.exe /AUTOCLEAN,NT AUTHORITY\SYSTEM,benign,routine scheduled task
TASK-00354,2026-08-31T19:39:02Z,HR-WS-22,ACME\jsmith,\ACME\Patch\DailyScan,completed,cleanmgr.exe /AUTOCLEAN,NT AUTHORITY\SYSTEM,benign,routine scheduled task
TASK-00731,2026-08-31T19:40:04Z,HR-WS-22,ACME\admin.ops,\ACME\Patch\DailyScan,created,cleanmgr.exe /AUTOCLEAN,NT AUTHORITY\SYSTEM,benign,routine scheduled task
TASK-00690,2026-08-31T19:42:33Z,HR-WS-22,ACME\jsmith,\Microsoft\Windows\Update\Maintenance,started,UsoClient.exe StartScan,ACME\svc_patch,benign,routine scheduled task
TASK-00514,2026-08-31T19:49:07Z,JUMP-01,ACME\jsmith,\Microsoft\Windows\Update\Maintenance,updated,powershell.exe -File C:\ACME\Patch\scan.ps1,ACME\svc_patch,benign,routine scheduled task
TASK-00886,2026-08-31T19:50:49Z,JUMP-01,ACME\admin.ops,\ACME\Patch\DailyScan,created,cleanmgr.exe /AUTOCLEAN,NT AUTHORITY\SYSTEM,benign,routine scheduled task
TASK-01227,2026-08-31T19:54:30Z,FILE-02,ACME\svc_patch,\ACME\Patch\DailyScan,completed,powershell.exe -File C:\ACME\Patch\scan.ps1,ACME\svc_patch,benign,routine scheduled task
TASK-00937,2026-08-31T20:01:09Z,MGMT-01,NT AUTHORITY\SYSTEM,\Microsoft\Windows\Update\Maintenance,updated,powershell.exe -File C:\ACME\Patch\scan.ps1,NT AUTHORITY\SYSTEM,benign,routine scheduled task
TASK-01650,2026-08-31T20:01:32Z,APP-03,ACME\kpatel,\Microsoft\Windows\DiskCleanup,created,cleanmgr.exe /AUTOCLEAN,ACME\svc_patch,benign,routine scheduled task
TASK-01283,2026-08-31T20:01:38Z,DC-01,ACME\admin.ops,\Microsoft\Windows\DiskCleanup,started,UsoClient.exe StartScan,NT AUTHORITY\SYSTEM,benign,routine scheduled task
TASK-00528,2026-08-31T20:06:08Z,HR-WS-22,ACME\kpatel,\Microsoft\Windows\Update\Maintenance,completed,cleanmgr.exe /AUTOCLEAN,NT AUTHORITY\SYSTEM,benign,routine scheduled task
TASK-00702,2026-08-31T20:07:42Z,PATCH-01,ACME\admin.ops,\Microsoft\Windows\Update\Maintenance,started,UsoClient.exe StartScan,ACME\svc_patch,benign,routine scheduled task
TASK-00194,2026-08-31T20:09:17Z,HR-WS-22,ACME\svc_patch,\Microsoft\Windows\Update\Maintenance,completed,UsoClient.exe StartScan,NT AUTHORITY\SYSTEM,benign,routine scheduled task
TASK-01409,2026-08-31T20:15:02Z,PATCH-01,ACME\svc_patch,\Microsoft\Windows\Update\Maintenance,started,cleanmgr.exe /AUTOCLEAN,ACME\svc_patch,benign,routine scheduled task
TASK-00113,2026-08-31T20:17:36Z,FILE-02,ACME\kpatel,\Microsoft\Windows\DiskCleanup,updated,cleanmgr.exe /AUTOCLEAN,ACME\svc_patch,benign,routine scheduled task
TASK-00096,2026-08-31T20:18:10Z,FILE-02,ACME\svc_patch,\Microsoft\Windows\DiskCleanup,started,UsoClient.exe StartScan,ACME\svc_patch,benign,routine scheduled task
TASK-00368,2026-08-31T20:22:03Z,JUMP-01,ACME\svc_patch,\ACME\Patch\DailyScan,updated,UsoClient.exe StartScan,ACME\svc_patch,benign,routine scheduled task
TASK-00056,2026-08-31T20:25:10Z,MGMT-01,ACME\jsmith,\Microsoft\Windows\DiskCleanup,updated,UsoClient.exe StartScan,ACME\svc_patch,benign,routine scheduled task
TASK-00935,2026-08-31T20:35:12Z,APP-03,NT AUTHORITY\SYSTEM,\ACME\Patch\DailyScan,created,UsoClient.exe StartScan,NT AUTHORITY\SYSTEM,benign,routine scheduled task
TASK-01780,2026-08-31T20:36:40Z,JUMP-01,ACME\kpatel,\Microsoft\Windows\DiskCleanup,completed,UsoClient.exe StartScan,NT AUTHORITY\SYSTEM,benign,routine scheduled task
TASK-00502,2026-08-31T20:40:50Z,FILE-02,ACME\kpatel,\Microsoft\Windows\Update\Maintenance,started,powershell.exe -File C:\ACME\Patch\scan.ps1,NT AUTHORITY\SYSTEM,benign,routine scheduled task
TASK-00287,2026-08-31T20:41:22Z,PATCH-01,ACME\svc_patch,\Microsoft\Windows\DiskCleanup,started,powershell.exe -File C:\ACME\Patch\scan.ps1,ACME\svc_patch,benign,routine scheduled task
TASK-01494,2026-08-31T20:42:29Z,DC-01,ACME\svc_patch,\ACME\Patch\DailyScan,started,cleanmgr.exe /AUTOCLEAN,ACME\svc_patch,benign,routine scheduled task
TASK-00632,2026-08-31T20:46:25Z,APP-03,NT AUTHORITY\SYSTEM,\Microsoft\Windows\Update\Maintenance,started,cleanmgr.exe /AUTOCLEAN,ACME\svc_patch,benign,routine scheduled task
TASK-00551,2026-08-31T20:51:51Z,DC-01,ACME\jsmith,\Microsoft\Windows\DiskCleanup,completed,powershell.exe -File C:\ACME\Patch\scan.ps1,ACME\svc_patch,benign,routine scheduled task
TASK-01274,2026-08-31T21:02:03Z,MGMT-01,ACME\svc_patch,\Microsoft\Windows\Update\Maintenance,created,UsoClient.exe StartScan,ACME\svc_patch,benign,routine scheduled task
TASK-00225,2026-08-31T21:02:34Z,APP-03,ACME\jsmith,\Microsoft\Windows\Update\Maintenance,created,UsoClient.exe StartScan,ACME\svc_patch,benign,routine scheduled task
TASK-01579,2026-08-31T21:04:35Z,MGMT-01,NT AUTHORITY\SYSTEM,\Microsoft\Windows\Update\Maintenance,updated,powershell.exe -File C:\ACME\Patch\scan.ps1,ACME\svc_patch,benign,routine scheduled task
TASK-01021,2026-08-31T21:07:35Z,DC-01,ACME\admin.ops,\Microsoft\Windows\Update\Maintenance,started,powershell.exe -File C:\ACME\Patch\scan.ps1,NT AUTHORITY\SYSTEM,benign,routine scheduled task
TASK-01412,2026-08-31T21:12:24Z,PATCH-01,ACME\jsmith,\Microsoft\Windows\Update\Maintenance,started,cleanmgr.exe /AUTOCLEAN,NT AUTHORITY\SYSTEM,benign,routine scheduled task
TASK-00429,2026-08-31T21:16:09Z,JUMP-01,ACME\svc_patch,\ACME\Patch\DailyScan,updated,powershell.exe -File C:\ACME\Patch\scan.ps1,ACME\svc_patch,benign,routine scheduled task
TASK-00643,2026-08-31T21:16:51Z,DC-01,ACME\admin.ops,\ACME\Patch\DailyScan,started,powershell.exe -File C:\ACME\Patch\scan.ps1,NT AUTHORITY\SYSTEM,benign,routine scheduled task
TASK-00932,2026-08-31T21:23:47Z,DC-01,NT AUTHORITY\SYSTEM,\ACME\Patch\DailyScan,updated,powershell.exe -File C:\ACME\Patch\scan.ps1,ACME\svc_patch,benign,routine scheduled task
TASK-01525,2026-08-31T21:24:40Z,MGMT-01,NT AUTHORITY\SYSTEM,\Microsoft\Windows\Update\Maintenance,updated,UsoClient.exe StartScan,ACME\svc_patch,benign,routine scheduled task
TASK-00275,2026-08-31T21:25:02Z,FILE-02,ACME\admin.ops,\Microsoft\Windows\DiskCleanup,started,cleanmgr.exe /AUTOCLEAN,ACME\svc_patch,benign,routine scheduled task
TASK-00806,2026-08-31T21:25:29Z,JUMP-01,NT AUTHORITY\SYSTEM,\Microsoft\Windows\DiskCleanup,updated,cleanmgr.exe /AUTOCLEAN,ACME\svc_patch,benign,routine scheduled task
TASK-00510,2026-08-31T21:25:36Z,HR-WS-22,ACME\jsmith,\Microsoft\Windows\Update\Maintenance,completed,cleanmgr.exe /AUTOCLEAN,ACME\svc_patch,benign,routine scheduled task
TASK-01742,2026-08-31T21:32:34Z,PATCH-01,ACME\admin.ops,\ACME\Patch\DailyScan,started,powershell.exe -File C:\ACME\Patch\scan.ps1,NT AUTHORITY\SYSTEM,benign,routine scheduled task
TASK-01604,2026-08-31T21:33:33Z,PATCH-01,ACME\jsmith,\Microsoft\Windows\DiskCleanup,updated,powershell.exe -File C:\ACME\Patch\scan.ps1,ACME\svc_patch,benign,routine scheduled task
TASK-01677,2026-08-31T21:35:48Z,HR-WS-22,ACME\jsmith,\Microsoft\Windows\Update\Maintenance,created,UsoClient.exe StartScan,ACME\svc_patch,benign,routine scheduled task
TASK-00710,2026-08-31T21:37:17Z,APP-03,ACME\kpatel,\ACME\Patch\DailyScan,created,cleanmgr.exe /AUTOCLEAN,NT AUTHORITY\SYSTEM,benign,routine scheduled task
TASK-01523,2026-08-31T21:38:27Z,MGMT-01,ACME\svc_patch,\Microsoft\Windows\DiskCleanup,created,powershell.exe -File C:\ACME\Patch\scan.ps1,ACME\svc_patch,benign,routine scheduled task
TASK-00213,2026-08-31T21:48:10Z,MGMT-01,ACME\kpatel,\Microsoft\Windows\DiskCleanup,created,cleanmgr.exe /AUTOCLEAN,ACME\svc_patch,benign,routine scheduled task
TASK-00822,2026-08-31T21:49:19Z,JUMP-01,ACME\kpatel,\ACME\Patch\DailyScan,started,UsoClient.exe StartScan,NT AUTHORITY\SYSTEM,benign,routine scheduled task
TASK-01238,2026-08-31T21:49:23Z,HR-WS-22,ACME\kpatel,\Microsoft\Windows\Update\Maintenance,started,UsoClient.exe StartScan,NT AUTHORITY\SYSTEM,benign,routine scheduled task
TASK-00404,2026-08-31T21:52:07Z,DC-01,ACME\kpatel,\Microsoft\Windows\DiskCleanup,completed,cleanmgr.exe /AUTOCLEAN,ACME\svc_patch,benign,routine scheduled task
TASK-01609,2026-08-31T21:55:30Z,HR-WS-22,ACME\jsmith,\Microsoft\Windows\Update\Maintenance,started,UsoClient.exe StartScan,ACME\svc_patch,benign,routine scheduled task
TASK-00476,2026-08-31T21:58:20Z,HR-WS-22,ACME\kpatel,\Microsoft\Windows\Update\Maintenance,started,UsoClient.exe StartScan,ACME\svc_patch,benign,routine scheduled task
TASK-00616,2026-08-31T21:59:40Z,JUMP-01,ACME\svc_patch,\Microsoft\Windows\Update\Maintenance,completed,cleanmgr.exe /AUTOCLEAN,ACME\svc_patch,benign,routine scheduled task
TASK-00527,2026-08-31T22:06:34Z,MGMT-01,ACME\admin.ops,\ACME\Patch\DailyScan,updated,cleanmgr.exe /AUTOCLEAN,NT AUTHORITY\SYSTEM,benign,routine scheduled task
TASK-01689,2026-08-31T22:10:36Z,HR-WS-22,ACME\kpatel,\Microsoft\Windows\Update\Maintenance,updated,UsoClient.exe StartScan,ACME\svc_patch,benign,routine scheduled task
TASK-01145,2026-08-31T22:12:57Z,FILE-02,ACME\jsmith,\Microsoft\Windows\Update\Maintenance,updated,cleanmgr.exe /AUTOCLEAN,NT AUTHORITY\SYSTEM,benign,routine scheduled task
TASK-01349,2026-08-31T22:27:28Z,DC-01,ACME\jsmith,\Microsoft\Windows\Update\Maintenance,completed,UsoClient.exe StartScan,ACME\svc_patch,benign,routine scheduled task
TASK-01482,2026-08-31T22:29:40Z,HR-WS-22,NT AUTHORITY\SYSTEM,\Microsoft\Windows\DiskCleanup,created,powershell.exe -File C:\ACME\Patch\scan.ps1,ACME\svc_patch,benign,routine scheduled task
TASK-01498,2026-08-31T22:31:26Z,HR-WS-22,ACME\svc_patch,\Microsoft\Windows\DiskCleanup,updated,cleanmgr.exe /AUTOCLEAN,NT AUTHORITY\SYSTEM,benign,routine scheduled task
TASK-01667,2026-08-31T22:37:24Z,MGMT-01,ACME\svc_patch,\Microsoft\Windows\DiskCleanup,updated,cleanmgr.exe /AUTOCLEAN,ACME\svc_patch,benign,routine scheduled task
TASK-00118,2026-08-31T22:43:36Z,FILE-02,ACME\admin.ops,\ACME\Patch\DailyScan,started,powershell.exe -File C:\ACME\Patch\scan.ps1,NT AUTHORITY\SYSTEM,benign,routine scheduled task
TASK-01067,2026-08-31T22:49:30Z,APP-03,ACME\jsmith,\Microsoft\Windows\DiskCleanup,created,cleanmgr.exe /AUTOCLEAN,ACME\svc_patch,benign,routine scheduled task
TASK-01164,2026-08-31T22:51:08Z,HR-WS-22,NT AUTHORITY\SYSTEM,\ACME\Patch\DailyScan,updated,UsoClient.exe StartScan,ACME\svc_patch,benign,routine scheduled task
TASK-00224,2026-08-31T22:54:52Z,HR-WS-22,ACME\admin.ops,\Microsoft\Windows\Update\Maintenance,created,powershell.exe -File C:\ACME\Patch\scan.ps1,NT AUTHORITY\SYSTEM,benign,routine scheduled task
TASK-00844,2026-08-31T22:59:20Z,MGMT-01,NT AUTHORITY\SYSTEM,\ACME\Patch\DailyScan,updated,UsoClient.exe StartScan,NT AUTHORITY\SYSTEM,benign,routine scheduled task
TASK-00236,2026-08-31T23:00:09Z,APP-03,ACME\admin.ops,\Microsoft\Windows\DiskCleanup,updated,UsoClient.exe StartScan,ACME\svc_patch,benign,routine scheduled task
TASK-00508,2026-08-31T23:00:51Z,PATCH-01,ACME\admin.ops,\Microsoft\Windows\Update\Maintenance,updated,UsoClient.exe StartScan,NT AUTHORITY\SYSTEM,benign,routine scheduled task
TASK-01712,2026-08-31T23:01:43Z,HR-WS-22,ACME\svc_patch,\ACME\Patch\DailyScan,completed,powershell.exe -File C:\ACME\Patch\scan.ps1,ACME\svc_patch,benign,routine scheduled task
TASK-01681,2026-08-31T23:02:09Z,HR-WS-22,ACME\kpatel,\Microsoft\Windows\Update\Maintenance,updated,UsoClient.exe StartScan,ACME\svc_patch,benign,routine scheduled task
TASK-01259,2026-08-31T23:05:15Z,APP-03,ACME\jsmith,\Microsoft\Windows\DiskCleanup,updated,cleanmgr.exe /AUTOCLEAN,NT AUTHORITY\SYSTEM,benign,routine scheduled task
TASK-01737,2026-08-31T23:07:31Z,APP-03,ACME\svc_patch,\Microsoft\Windows\DiskCleanup,started,powershell.exe -File C:\ACME\Patch\scan.ps1,ACME\svc_patch,benign,routine scheduled task
TASK-00026,2026-08-31T23:08:28Z,PATCH-01,ACME\jsmith,\Microsoft\Windows\DiskCleanup,started,cleanmgr.exe /AUTOCLEAN,ACME\svc_patch,benign,routine scheduled task
TASK-01323,2026-08-31T23:09:48Z,DC-01,ACME\svc_patch,\Microsoft\Windows\DiskCleanup,started,cleanmgr.exe /AUTOCLEAN,NT AUTHORITY\SYSTEM,benign,routine scheduled task
TASK-00025,2026-08-31T23:17:35Z,APP-03,NT AUTHORITY\SYSTEM,\Microsoft\Windows\DiskCleanup,updated,UsoClient.exe StartScan,NT AUTHORITY\SYSTEM,benign,routine scheduled task
TASK-01095,2026-08-31T23:17:54Z,DC-01,ACME\admin.ops,\Microsoft\Windows\DiskCleanup,updated,UsoClient.exe StartScan,ACME\svc_patch,benign,routine scheduled task
TASK-00519,2026-08-31T23:28:03Z,MGMT-01,ACME\kpatel,\ACME\Patch\DailyScan,updated,UsoClient.exe StartScan,ACME\svc_patch,benign,routine scheduled task
TASK-00104,2026-08-31T23:28:04Z,APP-03,ACME\kpatel,\Microsoft\Windows\Update\Maintenance,updated,powershell.exe -File C:\ACME\Patch\scan.ps1,NT AUTHORITY\SYSTEM,benign,routine scheduled task
TASK-00068,2026-08-31T23:28:22Z,FILE-02,ACME\svc_patch,\Microsoft\Windows\Update\Maintenance,created,UsoClient.exe StartScan,NT AUTHORITY\SYSTEM,benign,routine scheduled task
TASK-00301,2026-08-31T23:31:32Z,PATCH-01,NT AUTHORITY\SYSTEM,\Microsoft\Windows\Update\Maintenance,started,cleanmgr.exe /AUTOCLEAN,NT AUTHORITY\SYSTEM,benign,routine scheduled task
TASK-00966,2026-08-31T23:35:15Z,APP-03,ACME\admin.ops,\Microsoft\Windows\DiskCleanup,started,UsoClient.exe StartScan,ACME\svc_patch,benign,routine scheduled task
TASK-00707,2026-08-31T23:36:55Z,FILE-02,ACME\admin.ops,\ACME\Patch\DailyScan,updated,powershell.exe -File C:\ACME\Patch\scan.ps1,ACME\svc_patch,benign,routine scheduled task
TASK-00595,2026-08-31T23:37:17Z,HR-WS-22,NT AUTHORITY\SYSTEM,\Microsoft\Windows\DiskCleanup,started,UsoClient.exe StartScan,NT AUTHORITY\SYSTEM,benign,routine scheduled task
TASK-01288,2026-08-31T23:37:43Z,PATCH-01,ACME\svc_patch,\ACME\Patch\DailyScan,started,powershell.exe -File C:\ACME\Patch\scan.ps1,ACME\svc_patch,benign,routine scheduled task
TASK-00310,2026-08-31T23:51:38Z,HR-WS-22,ACME\svc_patch,\Microsoft\Windows\Update\Maintenance,started,cleanmgr.exe /AUTOCLEAN,NT AUTHORITY\SYSTEM,benign,routine scheduled task
TASK-00751,2026-08-31T23:53:48Z,FILE-02,ACME\svc_patch,\Microsoft\Windows\DiskCleanup,updated,powershell.exe -File C:\ACME\Patch\scan.ps1,ACME\svc_patch,benign,routine scheduled task
TASK-01761,2026-09-01T00:04:08Z,PATCH-01,ACME\svc_patch,\Microsoft\Windows\DiskCleanup,created,cleanmgr.exe /AUTOCLEAN,NT AUTHORITY\SYSTEM,benign,routine scheduled task
TASK-01738,2026-09-01T00:08:37Z,DC-01,ACME\jsmith,\ACME\Patch\DailyScan,updated,cleanmgr.exe /AUTOCLEAN,NT AUTHORITY\SYSTEM,benign,routine scheduled task
TASK-00254,2026-09-01T00:19:43Z,DC-01,ACME\jsmith,\ACME\Patch\DailyScan,created,cleanmgr.exe /AUTOCLEAN,NT AUTHORITY\SYSTEM,benign,routine scheduled task
TASK-00013,2026-09-01T00:19:55Z,DC-01,ACME\admin.ops,\ACME\Patch\DailyScan,started,cleanmgr.exe /AUTOCLEAN,NT AUTHORITY\SYSTEM,benign,routine scheduled task
TASK-01016,2026-09-01T00:20:22Z,DC-01,NT AUTHORITY\SYSTEM,\Microsoft\Windows\Update\Maintenance,started,cleanmgr.exe /AUTOCLEAN,NT AUTHORITY\SYSTEM,benign,routine scheduled task
TASK-01131,2026-09-01T00:20:34Z,FILE-02,ACME\admin.ops,\Microsoft\Windows\Update\Maintenance,completed,UsoClient.exe StartScan,NT AUTHORITY\SYSTEM,benign,routine scheduled task
TASK-00554,2026-09-01T00:24:35Z,HR-WS-22,ACME\admin.ops,\Microsoft\Windows\Update\Maintenance,completed,powershell.exe -File C:\ACME\Patch\scan.ps1,NT AUTHORITY\SYSTEM,benign,routine scheduled task
TASK-00600,2026-09-01T00:26:07Z,JUMP-01,ACME\admin.ops,\Microsoft\Windows\Update\Maintenance,created,cleanmgr.exe /AUTOCLEAN,NT AUTHORITY\SYSTEM,benign,routine scheduled task
TASK-00174,2026-09-01T00:29:00Z,FILE-02,ACME\admin.ops,\Microsoft\Windows\DiskCleanup,started,powershell.exe -File C:\ACME\Patch\scan.ps1,NT AUTHORITY\SYSTEM,benign,routine scheduled task
TASK-01090,2026-09-01T00:30:50Z,JUMP-01,ACME\jsmith,\Microsoft\Windows\DiskCleanup,updated,UsoClient.exe StartScan,ACME\svc_patch,benign,routine scheduled task
TASK-00028,2026-09-01T00:45:00Z,JUMP-01,ACME\admin.ops,\ACME\Patch\DailyScan,started,UsoClient.exe StartScan,NT AUTHORITY\SYSTEM,benign,routine scheduled task
TASK-00713,2026-09-01T01:08:16Z,DC-01,ACME\svc_patch,\ACME\Patch\DailyScan,started,UsoClient.exe StartScan,NT AUTHORITY\SYSTEM,benign,routine scheduled task
TASK-01045,2026-09-01T01:11:51Z,MGMT-01,ACME\kpatel,\Microsoft\Windows\Update\Maintenance,started,powershell.exe -File C:\ACME\Patch\scan.ps1,NT AUTHORITY\SYSTEM,benign,routine scheduled task
TASK-00785,2026-09-01T01:18:34Z,DC-01,NT AUTHORITY\SYSTEM,\ACME\Patch\DailyScan,started,cleanmgr.exe /AUTOCLEAN,NT AUTHORITY\SYSTEM,benign,routine scheduled task
TASK-00372,2026-09-01T01:20:26Z,PATCH-01,NT AUTHORITY\SYSTEM,\Microsoft\Windows\Update\Maintenance,updated,powershell.exe -File C:\ACME\Patch\scan.ps1,NT AUTHORITY\SYSTEM,benign,routine scheduled task
TASK-01364,2026-09-01T01:20:27Z,HR-WS-22,NT AUTHORITY\SYSTEM,\Microsoft\Windows\DiskCleanup,completed,powershell.exe -File C:\ACME\Patch\scan.ps1,ACME\svc_patch,benign,routine scheduled task
TASK-00395,2026-09-01T01:21:24Z,JUMP-01,ACME\svc_patch,\Microsoft\Windows\Update\Maintenance,updated,cleanmgr.exe /AUTOCLEAN,NT AUTHORITY\SYSTEM,benign,routine scheduled task
TASK-01102,2026-09-01T01:22:19Z,FILE-02,ACME\admin.ops,\Microsoft\Windows\DiskCleanup,updated,cleanmgr.exe /AUTOCLEAN,ACME\svc_patch,benign,routine scheduled task
TASK-00105,2026-09-01T01:25:51Z,APP-03,ACME\kpatel,\Microsoft\Windows\DiskCleanup,started,powershell.exe -File C:\ACME\Patch\scan.ps1,ACME\svc_patch,benign,routine scheduled task
TASK-00064,2026-09-01T01:27:06Z,MGMT-01,ACME\kpatel,\Microsoft\Windows\DiskCleanup,started,powershell.exe -File C:\ACME\Patch\scan.ps1,NT AUTHORITY\SYSTEM,benign,routine scheduled task
TASK-00384,2026-09-01T01:31:54Z,APP-03,ACME\admin.ops,\ACME\Patch\DailyScan,updated,UsoClient.exe StartScan,NT AUTHORITY\SYSTEM,benign,routine scheduled task
TASK-00647,2026-09-01T01:31:54Z,MGMT-01,ACME\admin.ops,\Microsoft\Windows\DiskCleanup,completed,UsoClient.exe StartScan,NT AUTHORITY\SYSTEM,benign,routine scheduled task
TASK-00385,2026-09-01T01:36:00Z,APP-03,ACME\kpatel,\ACME\Patch\DailyScan,started,UsoClient.exe StartScan,NT AUTHORITY\SYSTEM,benign,routine scheduled task
TASK-01413,2026-09-01T01:36:12Z,FILE-02,ACME\svc_patch,\ACME\Patch\DailyScan,started,UsoClient.exe StartScan,NT AUTHORITY\SYSTEM,benign,routine scheduled task
TASK-01052,2026-09-01T01:38:28Z,MGMT-01,ACME\jsmith,\Microsoft\Windows\DiskCleanup,created,cleanmgr.exe /AUTOCLEAN,NT AUTHORITY\SYSTEM,benign,routine scheduled task
TASK-00515,2026-09-01T01:52:39Z,APP-03,ACME\admin.ops,\Microsoft\Windows\DiskCleanup,updated,powershell.exe -File C:\ACME\Patch\scan.ps1,ACME\svc_patch,benign,routine scheduled task
TASK-00085,2026-09-01T01:55:02Z,PATCH-01,ACME\svc_patch,\Microsoft\Windows\Update\Maintenance,started,UsoClient.exe StartScan,ACME\svc_patch,benign,routine scheduled task
TASK-00604,2026-09-01T01:57:54Z,DC-01,ACME\admin.ops,\Microsoft\Windows\DiskCleanup,created,UsoClient.exe StartScan,ACME\svc_patch,benign,routine scheduled task
TASK-01390,2026-09-01T01:58:09Z,APP-03,ACME\jsmith,\ACME\Patch\DailyScan,started,powershell.exe -File C:\ACME\Patch\scan.ps1,ACME\svc_patch,benign,routine scheduled task
TASK-00611,2026-09-01T02:19:58Z,HR-WS-22,ACME\kpatel,\Microsoft\Windows\DiskCleanup,updated,powershell.exe -File C:\ACME\Patch\scan.ps1,NT AUTHORITY\SYSTEM,benign,routine scheduled task
TASK-00389,2026-09-01T02:23:17Z,JUMP-01,ACME\svc_patch,\Microsoft\Windows\DiskCleanup,completed,powershell.exe -File C:\ACME\Patch\scan.ps1,ACME\svc_patch,benign,routine scheduled task
TASK-00169,2026-09-01T02:25:11Z,FILE-02,ACME\jsmith,\Microsoft\Windows\DiskCleanup,updated,cleanmgr.exe /AUTOCLEAN,NT AUTHORITY\SYSTEM,benign,routine scheduled task
TASK-01687,2026-09-01T02:26:00Z,HR-WS-22,ACME\jsmith,\Microsoft\Windows\Update\Maintenance,created,cleanmgr.exe /AUTOCLEAN,NT AUTHORITY\SYSTEM,benign,routine scheduled task
TASK-01763,2026-09-01T02:33:53Z,JUMP-01,ACME\svc_patch,\Microsoft\Windows\Update\Maintenance,started,cleanmgr.exe /AUTOCLEAN,ACME\svc_patch,benign,routine scheduled task
TASK-01632,2026-09-01T02:35:47Z,JUMP-01,ACME\jsmith,\Microsoft\Windows\DiskCleanup,created,UsoClient.exe StartScan,ACME\svc_patch,benign,routine scheduled task
TASK-00344,2026-09-01T02:40:58Z,FILE-02,ACME\jsmith,\Microsoft\Windows\DiskCleanup,completed,powershell.exe -File C:\ACME\Patch\scan.ps1,NT AUTHORITY\SYSTEM,benign,routine scheduled task
TASK-01162,2026-09-01T02:49:33Z,JUMP-01,NT AUTHORITY\SYSTEM,\Microsoft\Windows\DiskCleanup,started,cleanmgr.exe /AUTOCLEAN,ACME\svc_patch,benign,routine scheduled task
TASK-00571,2026-09-01T02:53:58Z,HR-WS-22,ACME\admin.ops,\Microsoft\Windows\Update\Maintenance,completed,powershell.exe -File C:\ACME\Patch\scan.ps1,ACME\svc_patch,benign,routine scheduled task
TASK-00529,2026-09-01T02:54:36Z,PATCH-01,NT AUTHORITY\SYSTEM,\Microsoft\Windows\DiskCleanup,completed,cleanmgr.exe /AUTOCLEAN,NT AUTHORITY\SYSTEM,benign,routine scheduled task
TASK-01511,2026-09-01T03:00:40Z,MGMT-01,ACME\jsmith,\Microsoft\Windows\DiskCleanup,completed,powershell.exe -File C:\ACME\Patch\scan.ps1,ACME\svc_patch,benign,routine scheduled task
TASK-01552,2026-09-01T03:04:57Z,PATCH-01,ACME\kpatel,\Microsoft\Windows\DiskCleanup,completed,powershell.exe -File C:\ACME\Patch\scan.ps1,NT AUTHORITY\SYSTEM,benign,routine scheduled task
TASK-01059,2026-09-01T03:20:17Z,JUMP-01,ACME\admin.ops,\Microsoft\Windows\DiskCleanup,updated,UsoClient.exe StartScan,NT AUTHORITY\SYSTEM,benign,routine scheduled task
TASK-01138,2026-09-01T03:24:52Z,MGMT-01,NT AUTHORITY\SYSTEM,\Microsoft\Windows\DiskCleanup,updated,cleanmgr.exe /AUTOCLEAN,ACME\svc_patch,benign,routine scheduled task
TASK-00408,2026-09-01T03:26:00Z,PATCH-01,ACME\admin.ops,\Microsoft\Windows\DiskCleanup,completed,cleanmgr.exe /AUTOCLEAN,ACME\svc_patch,benign,routine scheduled task
TASK-01232,2026-09-01T03:26:40Z,HR-WS-22,ACME\admin.ops,\ACME\Patch\DailyScan,updated,UsoClient.exe StartScan,ACME\svc_patch,benign,routine scheduled task
TASK-01278,2026-09-01T03:26:45Z,JUMP-01,ACME\kpatel,\Microsoft\Windows\Update\Maintenance,started,powershell.exe -File C:\ACME\Patch\scan.ps1,NT AUTHORITY\SYSTEM,benign,routine scheduled task
TASK-01303,2026-09-01T03:29:14Z,APP-03,NT AUTHORITY\SYSTEM,\Microsoft\Windows\Update\Maintenance,created,cleanmgr.exe /AUTOCLEAN,ACME\svc_patch,benign,routine scheduled task
TASK-01512,2026-09-01T03:29:21Z,PATCH-01,ACME\admin.ops,\Microsoft\Windows\Update\Maintenance,updated,UsoClient.exe StartScan,NT AUTHORITY\SYSTEM,benign,routine scheduled task
TASK-00754,2026-09-01T03:36:46Z,FILE-02,ACME\jsmith,\Microsoft\Windows\DiskCleanup,updated,cleanmgr.exe /AUTOCLEAN,ACME\svc_patch,benign,routine scheduled task
TASK-00265,2026-09-01T03:40:56Z,APP-03,ACME\admin.ops,\Microsoft\Windows\DiskCleanup,started,powershell.exe -File C:\ACME\Patch\scan.ps1,ACME\svc_patch,benign,routine scheduled task
TASK-01389,2026-09-01T03:51:33Z,DC-01,ACME\admin.ops,\ACME\Patch\DailyScan,created,UsoClient.exe StartScan,NT AUTHORITY\SYSTEM,benign,routine scheduled task
TASK-00361,2026-09-01T03:53:39Z,HR-WS-22,ACME\admin.ops,\Microsoft\Windows\Update\Maintenance,completed,UsoClient.exe StartScan,ACME\svc_patch,benign,routine scheduled task
TASK-00566,2026-09-01T03:57:25Z,MGMT-01,ACME\admin.ops,\ACME\Patch\DailyScan,completed,powershell.exe -File C:\ACME\Patch\scan.ps1,ACME\svc_patch,benign,routine scheduled task
TASK-00071,2026-09-01T04:02:58Z,DC-01,ACME\kpatel,\Microsoft\Windows\Update\Maintenance,started,cleanmgr.exe /AUTOCLEAN,NT AUTHORITY\SYSTEM,benign,routine scheduled task
TASK-00422,2026-09-01T04:06:34Z,PATCH-01,ACME\jsmith,\Microsoft\Windows\Update\Maintenance,created,cleanmgr.exe /AUTOCLEAN,NT AUTHORITY\SYSTEM,benign,routine scheduled task
TASK-00295,2026-09-01T04:13:45Z,JUMP-01,NT AUTHORITY\SYSTEM,\Microsoft\Windows\DiskCleanup,completed,cleanmgr.exe /AUTOCLEAN,NT AUTHORITY\SYSTEM,benign,routine scheduled task
TASK-00783,2026-09-01T04:14:27Z,DC-01,ACME\jsmith,\ACME\Patch\DailyScan,updated,UsoClient.exe StartScan,ACME\svc_patch,benign,routine scheduled task
TASK-01458,2026-09-01T04:14:42Z,JUMP-01,ACME\svc_patch,\Microsoft\Windows\DiskCleanup,started,UsoClient.exe StartScan,ACME\svc_patch,benign,routine scheduled task
TASK-01032,2026-09-01T04:25:16Z,FILE-02,ACME\kpatel,\ACME\Patch\DailyScan,started,UsoClient.exe StartScan,NT AUTHORITY\SYSTEM,benign,routine scheduled task
TASK-00260,2026-09-01T04:25:34Z,APP-03,ACME\kpatel,\Microsoft\Windows\Update\Maintenance,updated,UsoClient.exe StartScan,NT AUTHORITY\SYSTEM,benign,routine scheduled task
TASK-01020,2026-09-01T04:25:52Z,FILE-02,ACME\admin.ops,\ACME\Patch\DailyScan,updated,powershell.exe -File C:\ACME\Patch\scan.ps1,ACME\svc_patch,benign,routine scheduled task
TASK-01077,2026-09-01T04:25:53Z,DC-01,ACME\svc_patch,\ACME\Patch\DailyScan,created,cleanmgr.exe /AUTOCLEAN,ACME\svc_patch,benign,routine scheduled task
TASK-00065,2026-09-01T04:29:12Z,HR-WS-22,ACME\svc_patch,\Microsoft\Windows\DiskCleanup,updated,powershell.exe -File C:\ACME\Patch\scan.ps1,ACME\svc_patch,benign,routine scheduled task
TASK-01577,2026-09-01T04:42:42Z,FILE-02,ACME\kpatel,\Microsoft\Windows\DiskCleanup,updated,cleanmgr.exe /AUTOCLEAN,NT AUTHORITY\SYSTEM,benign,routine scheduled task
TASK-00516,2026-09-01T04:50:52Z,MGMT-01,ACME\admin.ops,\Microsoft\Windows\DiskCleanup,started,cleanmgr.exe /AUTOCLEAN,NT AUTHORITY\SYSTEM,benign,routine scheduled task
TASK-01367,2026-09-01T04:53:11Z,MGMT-01,ACME\jsmith,\Microsoft\Windows\DiskCleanup,completed,UsoClient.exe StartScan,ACME\svc_patch,benign,routine scheduled task
TASK-00794,2026-09-01T04:54:12Z,FILE-02,ACME\admin.ops,\ACME\Patch\DailyScan,completed,cleanmgr.exe /AUTOCLEAN,ACME\svc_patch,benign,routine scheduled task
TASK-01356,2026-09-01T04:54:24Z,FILE-02,ACME\svc_patch,\ACME\Patch\DailyScan,created,cleanmgr.exe /AUTOCLEAN,ACME\svc_patch,benign,routine scheduled task
TASK-01166,2026-09-01T04:55:33Z,PATCH-01,ACME\kpatel,\Microsoft\Windows\DiskCleanup,created,powershell.exe -File C:\ACME\Patch\scan.ps1,ACME\svc_patch,benign,routine scheduled task
TASK-01383,2026-09-01T04:55:52Z,HR-WS-22,ACME\kpatel,\ACME\Patch\DailyScan,completed,cleanmgr.exe /AUTOCLEAN,ACME\svc_patch,benign,routine scheduled task
TASK-00334,2026-09-01T04:57:26Z,DC-01,ACME\admin.ops,\Microsoft\Windows\DiskCleanup,completed,UsoClient.exe StartScan,NT AUTHORITY\SYSTEM,benign,routine scheduled task
TASK-01100,2026-09-01T05:01:00Z,FILE-02,NT AUTHORITY\SYSTEM,\ACME\Patch\DailyScan,started,UsoClient.exe StartScan,NT AUTHORITY\SYSTEM,benign,routine scheduled task
TASK-00188,2026-09-01T05:04:13Z,APP-03,ACME\svc_patch,\Microsoft\Windows\DiskCleanup,started,powershell.exe -File C:\ACME\Patch\scan.ps1,NT AUTHORITY\SYSTEM,benign,routine scheduled task
TASK-01563,2026-09-01T05:08:05Z,JUMP-01,ACME\svc_patch,\Microsoft\Windows\DiskCleanup,started,cleanmgr.exe /AUTOCLEAN,NT AUTHORITY\SYSTEM,benign,routine scheduled task
TASK-00286,2026-09-01T05:10:04Z,FILE-02,ACME\kpatel,\Microsoft\Windows\DiskCleanup,updated,UsoClient.exe StartScan,NT AUTHORITY\SYSTEM,benign,routine scheduled task
TASK-01490,2026-09-01T05:11:16Z,DC-01,ACME\svc_patch,\ACME\Patch\DailyScan,completed,UsoClient.exe StartScan,NT AUTHORITY\SYSTEM,benign,routine scheduled task
TASK-01503,2026-09-01T05:12:59Z,DC-01,ACME\admin.ops,\Microsoft\Windows\DiskCleanup,created,powershell.exe -File C:\ACME\Patch\scan.ps1,NT AUTHORITY\SYSTEM,benign,routine scheduled task
TASK-00294,2026-09-01T05:23:44Z,APP-03,NT AUTHORITY\SYSTEM,\Microsoft\Windows\DiskCleanup,updated,powershell.exe -File C:\ACME\Patch\scan.ps1,ACME\svc_patch,benign,routine scheduled task
TASK-00534,2026-09-01T05:24:22Z,JUMP-01,ACME\jsmith,\Microsoft\Windows\Update\Maintenance,completed,cleanmgr.exe /AUTOCLEAN,ACME\svc_patch,benign,routine scheduled task
TASK-01183,2026-09-01T05:26:07Z,APP-03,NT AUTHORITY\SYSTEM,\Microsoft\Windows\Update\Maintenance,updated,UsoClient.exe StartScan,ACME\svc_patch,benign,routine scheduled task
TASK-00985,2026-09-01T05:26:44Z,PATCH-01,ACME\admin.ops,\Microsoft\Windows\DiskCleanup,completed,UsoClient.exe StartScan,NT AUTHORITY\SYSTEM,benign,routine scheduled task
TASK-01217,2026-09-01T05:32:00Z,FILE-02,ACME\svc_patch,\ACME\Patch\DailyScan,updated,UsoClient.exe StartScan,NT AUTHORITY\SYSTEM,benign,routine scheduled task
TASK-01027,2026-09-01T05:33:06Z,PATCH-01,NT AUTHORITY\SYSTEM,\ACME\Patch\DailyScan,created,powershell.exe -File C:\ACME\Patch\scan.ps1,NT AUTHORITY\SYSTEM,benign,routine scheduled task
TASK-01054,2026-09-01T05:35:20Z,JUMP-01,ACME\admin.ops,\ACME\Patch\DailyScan,created,powershell.exe -File C:\ACME\Patch\scan.ps1,ACME\svc_patch,benign,routine scheduled task
TASK-00474,2026-09-01T05:44:08Z,APP-03,ACME\kpatel,\ACME\Patch\DailyScan,started,powershell.exe -File C:\ACME\Patch\scan.ps1,NT AUTHORITY\SYSTEM,benign,routine scheduled task
TASK-00197,2026-09-01T05:46:21Z,PATCH-01,ACME\admin.ops,\Microsoft\Windows\Update\Maintenance,started,UsoClient.exe StartScan,NT AUTHORITY\SYSTEM,benign,routine scheduled task
TASK-01083,2026-09-01T05:51:10Z,APP-03,NT AUTHORITY\SYSTEM,\Microsoft\Windows\DiskCleanup,created,powershell.exe -File C:\ACME\Patch\scan.ps1,ACME\svc_patch,benign,routine scheduled task
TASK-00162,2026-09-01T05:55:12Z,FILE-02,ACME\kpatel,\Microsoft\Windows\Update\Maintenance,started,powershell.exe -File C:\ACME\Patch\scan.ps1,NT AUTHORITY\SYSTEM,benign,routine scheduled task
TASK-00407,2026-09-01T05:58:08Z,PATCH-01,ACME\kpatel,\Microsoft\Windows\DiskCleanup,updated,cleanmgr.exe /AUTOCLEAN,NT AUTHORITY\SYSTEM,benign,routine scheduled task
TASK-01423,2026-09-01T05:58:45Z,HR-WS-22,ACME\svc_patch,\Microsoft\Windows\DiskCleanup,started,UsoClient.exe StartScan,NT AUTHORITY\SYSTEM,benign,routine scheduled task
TASK-00965,2026-09-01T06:03:29Z,APP-03,ACME\admin.ops,\Microsoft\Windows\DiskCleanup,completed,UsoClient.exe StartScan,ACME\svc_patch,benign,routine scheduled task
TASK-00530,2026-09-01T06:05:37Z,JUMP-01,ACME\svc_patch,\ACME\Patch\DailyScan,created,UsoClient.exe StartScan,ACME\svc_patch,benign,routine scheduled task
TASK-01534,2026-09-01T06:10:29Z,MGMT-01,ACME\admin.ops,\Microsoft\Windows\DiskCleanup,completed,UsoClient.exe StartScan,ACME\svc_patch,benign,routine scheduled task
TASK-00100,2026-09-01T06:11:02Z,PATCH-01,ACME\jsmith,\ACME\Patch\DailyScan,created,cleanmgr.exe /AUTOCLEAN,ACME\svc_patch,benign,routine scheduled task
TASK-00255,2026-09-01T06:14:48Z,HR-WS-22,NT AUTHORITY\SYSTEM,\Microsoft\Windows\Update\Maintenance,created,cleanmgr.exe /AUTOCLEAN,ACME\svc_patch,benign,routine scheduled task
TASK-00303,2026-09-01T06:18:50Z,MGMT-01,ACME\kpatel,\ACME\Patch\DailyScan,completed,UsoClient.exe StartScan,NT AUTHORITY\SYSTEM,benign,routine scheduled task
TASK-01324,2026-09-01T06:23:28Z,APP-03,ACME\admin.ops,\Microsoft\Windows\DiskCleanup,created,UsoClient.exe StartScan,ACME\svc_patch,benign,routine scheduled task
TASK-01746,2026-09-01T06:23:46Z,JUMP-01,ACME\svc_patch,\ACME\Patch\DailyScan,completed,cleanmgr.exe /AUTOCLEAN,NT AUTHORITY\SYSTEM,benign,routine scheduled task
TASK-01785,2026-09-01T06:29:48Z,JUMP-01,ACME\kpatel,\ACME\Patch\DailyScan,updated,UsoClient.exe StartScan,NT AUTHORITY\SYSTEM,benign,routine scheduled task
TASK-01723,2026-09-01T06:31:07Z,JUMP-01,NT AUTHORITY\SYSTEM,\ACME\Patch\DailyScan,created,cleanmgr.exe /AUTOCLEAN,ACME\svc_patch,benign,routine scheduled task
TASK-00077,2026-09-01T06:32:18Z,MGMT-01,ACME\svc_patch,\ACME\Patch\DailyScan,updated,powershell.exe -File C:\ACME\Patch\scan.ps1,NT AUTHORITY\SYSTEM,benign,routine scheduled task
TASK-00378,2026-09-01T06:33:18Z,DC-01,ACME\kpatel,\Microsoft\Windows\Update\Maintenance,completed,cleanmgr.exe /AUTOCLEAN,ACME\svc_patch,benign,routine scheduled task
TASK-00699,2026-09-01T06:36:36Z,JUMP-01,ACME\kpatel,\ACME\Patch\DailyScan,created,powershell.exe -File C:\ACME\Patch\scan.ps1,NT AUTHORITY\SYSTEM,benign,routine scheduled task
TASK-00428,2026-09-01T06:36:52Z,APP-03,ACME\svc_patch,\Microsoft\Windows\DiskCleanup,started,cleanmgr.exe /AUTOCLEAN,NT AUTHORITY\SYSTEM,benign,routine scheduled task
TASK-01721,2026-09-01T06:38:17Z,JUMP-01,ACME\admin.ops,\ACME\Patch\DailyScan,created,cleanmgr.exe /AUTOCLEAN,ACME\svc_patch,benign,routine scheduled task
TASK-00129,2026-09-01T06:51:30Z,PATCH-01,ACME\admin.ops,\ACME\Patch\DailyScan,created,cleanmgr.exe /AUTOCLEAN,ACME\svc_patch,benign,routine scheduled task
TASK-00823,2026-09-01T07:06:27Z,MGMT-01,ACME\admin.ops,\Microsoft\Windows\DiskCleanup,started,UsoClient.exe StartScan,ACME\svc_patch,benign,routine scheduled task
TASK-01630,2026-09-01T07:06:53Z,FILE-02,ACME\jsmith,\Microsoft\Windows\Update\Maintenance,completed,cleanmgr.exe /AUTOCLEAN,ACME\svc_patch,benign,routine scheduled task
TASK-01575,2026-09-01T07:14:37Z,PATCH-01,ACME\jsmith,\ACME\Patch\DailyScan,completed,powershell.exe -File C:\ACME\Patch\scan.ps1,NT AUTHORITY\SYSTEM,benign,routine scheduled task
TASK-01416,2026-09-01T07:17:44Z,HR-WS-22,ACME\svc_patch,\ACME\Patch\DailyScan,created,UsoClient.exe StartScan,ACME\svc_patch,benign,routine scheduled task
TASK-00418,2026-09-01T07:20:54Z,HR-WS-22,ACME\svc_patch,\Microsoft\Windows\DiskCleanup,completed,cleanmgr.exe /AUTOCLEAN,ACME\svc_patch,benign,routine scheduled task
TASK-01060,2026-09-01T07:24:32Z,HR-WS-22,NT AUTHORITY\SYSTEM,\Microsoft\Windows\Update\Maintenance,updated,powershell.exe -File C:\ACME\Patch\scan.ps1,NT AUTHORITY\SYSTEM,benign,routine scheduled task
TASK-00750,2026-09-01T07:25:18Z,HR-WS-22,ACME\kpatel,\ACME\Patch\DailyScan,completed,cleanmgr.exe /AUTOCLEAN,ACME\svc_patch,benign,routine scheduled task
TASK-01103,2026-09-01T07:28:20Z,FILE-02,NT AUTHORITY\SYSTEM,\Microsoft\Windows\DiskCleanup,completed,UsoClient.exe StartScan,NT AUTHORITY\SYSTEM,benign,routine scheduled task
TASK-00450,2026-09-01T07:30:01Z,JUMP-01,ACME\svc_patch,\ACME\Patch\DailyScan,started,UsoClient.exe StartScan,ACME\svc_patch,benign,routine scheduled task
TASK-00351,2026-09-01T07:39:18Z,JUMP-01,ACME\admin.ops,\Microsoft\Windows\DiskCleanup,completed,powershell.exe -File C:\ACME\Patch\scan.ps1,NT AUTHORITY\SYSTEM,benign,routine scheduled task
TASK-01686,2026-09-01T07:39:55Z,MGMT-01,ACME\admin.ops,\Microsoft\Windows\DiskCleanup,updated,powershell.exe -File C:\ACME\Patch\scan.ps1,ACME\svc_patch,benign,routine scheduled task
TASK-00857,2026-09-01T07:40:02Z,MGMT-01,ACME\kpatel,\Microsoft\Windows\Update\Maintenance,created,cleanmgr.exe /AUTOCLEAN,NT AUTHORITY\SYSTEM,benign,routine scheduled task
TASK-01460,2026-09-01T07:40:19Z,HR-WS-22,NT AUTHORITY\SYSTEM,\Microsoft\Windows\DiskCleanup,started,UsoClient.exe StartScan,ACME\svc_patch,benign,routine scheduled task
TASK-00997,2026-09-01T07:51:57Z,MGMT-01,ACME\jsmith,\Microsoft\Windows\Update\Maintenance,created,powershell.exe -File C:\ACME\Patch\scan.ps1,ACME\svc_patch,benign,routine scheduled task
TASK-00976,2026-09-01T07:53:23Z,APP-03,ACME\jsmith,\ACME\Patch\DailyScan,updated,cleanmgr.exe /AUTOCLEAN,ACME\svc_patch,benign,routine scheduled task
TASK-00448,2026-09-01T07:54:39Z,DC-01,ACME\svc_patch,\Microsoft\Windows\Update\Maintenance,created,powershell.exe -File C:\ACME\Patch\scan.ps1,NT AUTHORITY\SYSTEM,benign,routine scheduled task
TASK-00663,2026-09-01T07:57:08Z,PATCH-01,ACME\kpatel,\Microsoft\Windows\DiskCleanup,started,cleanmgr.exe /AUTOCLEAN,NT AUTHORITY\SYSTEM,benign,routine scheduled task
TASK-01306,2026-09-01T08:03:48Z,HR-WS-22,NT AUTHORITY\SYSTEM,\ACME\Patch\DailyScan,created,UsoClient.exe StartScan,ACME\svc_patch,benign,routine scheduled task
TASK-00120,2026-09-01T08:06:28Z,JUMP-01,ACME\svc_patch,\ACME\Patch\DailyScan,completed,powershell.exe -File C:\ACME\Patch\scan.ps1,NT AUTHORITY\SYSTEM,benign,routine scheduled task
TASK-01532,2026-09-01T08:08:08Z,PATCH-01,ACME\admin.ops,\ACME\Patch\DailyScan,created,UsoClient.exe StartScan,NT AUTHORITY\SYSTEM,benign,routine scheduled task
TASK-00917,2026-09-01T08:16:59Z,JUMP-01,ACME\jsmith,\Microsoft\Windows\Update\Maintenance,started,cleanmgr.exe /AUTOCLEAN,NT AUTHORITY\SYSTEM,benign,routine scheduled task
TASK-00532,2026-09-01T08:31:47Z,APP-03,ACME\svc_patch,\Microsoft\Windows\Update\Maintenance,created,cleanmgr.exe /AUTOCLEAN,ACME\svc_patch,benign,routine scheduled task
TASK-00296,2026-09-01T08:37:37Z,JUMP-01,ACME\admin.ops,\Microsoft\Windows\Update\Maintenance,completed,powershell.exe -File C:\ACME\Patch\scan.ps1,ACME\svc_patch,benign,routine scheduled task
TASK-00569,2026-09-01T08:43:06Z,PATCH-01,ACME\kpatel,\Microsoft\Windows\DiskCleanup,started,powershell.exe -File C:\ACME\Patch\scan.ps1,ACME\svc_patch,benign,routine scheduled task
TASK-00090,2026-09-01T08:44:14Z,HR-WS-22,ACME\jsmith,\Microsoft\Windows\Update\Maintenance,updated,powershell.exe -File C:\ACME\Patch\scan.ps1,NT AUTHORITY\SYSTEM,benign,routine scheduled task
TASK-00123,2026-09-01T08:47:03Z,DC-01,ACME\svc_patch,\Microsoft\Windows\DiskCleanup,started,powershell.exe -File C:\ACME\Patch\scan.ps1,NT AUTHORITY\SYSTEM,benign,routine scheduled task
TASK-01573,2026-09-01T09:01:32Z,MGMT-01,NT AUTHORITY\SYSTEM,\Microsoft\Windows\Update\Maintenance,updated,cleanmgr.exe /AUTOCLEAN,NT AUTHORITY\SYSTEM,benign,routine scheduled task
TASK-00703,2026-09-01T09:04:17Z,FILE-02,ACME\svc_patch,\ACME\Patch\DailyScan,started,powershell.exe -File C:\ACME\Patch\scan.ps1,NT AUTHORITY\SYSTEM,benign,routine scheduled task
TASK-00463,2026-09-01T09:05:59Z,DC-01,ACME\svc_patch,\ACME\Patch\DailyScan,created,powershell.exe -File C:\ACME\Patch\scan.ps1,NT AUTHORITY\SYSTEM,benign,routine scheduled task
TASK-00058,2026-09-01T09:07:06Z,JUMP-01,ACME\kpatel,\Microsoft\Windows\DiskCleanup,started,UsoClient.exe StartScan,NT AUTHORITY\SYSTEM,benign,routine scheduled task
TASK-01359,2026-09-01T09:10:51Z,MGMT-01,ACME\admin.ops,\ACME\Patch\DailyScan,updated,cleanmgr.exe /AUTOCLEAN,ACME\svc_patch,benign,routine scheduled task
TASK-00412,2026-09-01T09:13:54Z,JUMP-01,ACME\kpatel,\Microsoft\Windows\DiskCleanup,created,powershell.exe -File C:\ACME\Patch\scan.ps1,NT AUTHORITY\SYSTEM,benign,routine scheduled task
TASK-00167,2026-09-01T09:15:30Z,JUMP-01,NT AUTHORITY\SYSTEM,\Microsoft\Windows\DiskCleanup,started,cleanmgr.exe /AUTOCLEAN,NT AUTHORITY\SYSTEM,benign,routine scheduled task
TASK-00121,2026-09-01T09:21:27Z,APP-03,ACME\svc_patch,\ACME\Patch\DailyScan,updated,powershell.exe -File C:\ACME\Patch\scan.ps1,NT AUTHORITY\SYSTEM,benign,routine scheduled task
TASK-01622,2026-09-01T09:25:44Z,HR-WS-22,ACME\kpatel,\ACME\Patch\DailyScan,created,UsoClient.exe StartScan,ACME\svc_patch,benign,routine scheduled task
TASK-00874,2026-09-01T09:32:02Z,APP-03,NT AUTHORITY\SYSTEM,\Microsoft\Windows\DiskCleanup,started,powershell.exe -File C:\ACME\Patch\scan.ps1,NT AUTHORITY\SYSTEM,benign,routine scheduled task
TASK-00568,2026-09-01T09:41:29Z,DC-01,ACME\admin.ops,\Microsoft\Windows\DiskCleanup,started,cleanmgr.exe /AUTOCLEAN,ACME\svc_patch,benign,routine scheduled task
TASK-01034,2026-09-01T09:48:11Z,JUMP-01,ACME\jsmith,\ACME\Patch\DailyScan,completed,cleanmgr.exe /AUTOCLEAN,ACME\svc_patch,benign,routine scheduled task
TASK-00888,2026-09-01T09:48:39Z,HR-WS-22,NT AUTHORITY\SYSTEM,\Microsoft\Windows\Update\Maintenance,created,UsoClient.exe StartScan,ACME\svc_patch,benign,routine scheduled task
TASK-00329,2026-09-01T09:53:23Z,APP-03,ACME\jsmith,\Microsoft\Windows\DiskCleanup,completed,cleanmgr.exe /AUTOCLEAN,NT AUTHORITY\SYSTEM,benign,routine scheduled task
TASK-01643,2026-09-01T10:06:57Z,PATCH-01,ACME\admin.ops,\ACME\Patch\DailyScan,started,UsoClient.exe StartScan,NT AUTHORITY\SYSTEM,benign,routine scheduled task
TASK-00484,2026-09-01T10:09:49Z,JUMP-01,NT AUTHORITY\SYSTEM,\ACME\Patch\DailyScan,completed,UsoClient.exe StartScan,ACME\svc_patch,benign,routine scheduled task
TASK-00345,2026-09-01T10:14:23Z,APP-03,NT AUTHORITY\SYSTEM,\Microsoft\Windows\DiskCleanup,started,UsoClient.exe StartScan,ACME\svc_patch,benign,routine scheduled task
TASK-00550,2026-09-01T10:21:59Z,MGMT-01,NT AUTHORITY\SYSTEM,\Microsoft\Windows\Update\Maintenance,started,UsoClient.exe StartScan,ACME\svc_patch,benign,routine scheduled task
TASK-00228,2026-09-01T10:22:12Z,PATCH-01,ACME\jsmith,\Microsoft\Windows\DiskCleanup,started,powershell.exe -File C:\ACME\Patch\scan.ps1,ACME\svc_patch,benign,routine scheduled task
TASK-01692,2026-09-01T10:26:02Z,HR-WS-22,ACME\jsmith,\ACME\Patch\DailyScan,started,powershell.exe -File C:\ACME\Patch\scan.ps1,NT AUTHORITY\SYSTEM,benign,routine scheduled task
TASK-01528,2026-09-01T10:32:22Z,PATCH-01,ACME\kpatel,\ACME\Patch\DailyScan,started,powershell.exe -File C:\ACME\Patch\scan.ps1,ACME\svc_patch,benign,routine scheduled task
TASK-01230,2026-09-01T10:32:28Z,PATCH-01,ACME\kpatel,\Microsoft\Windows\DiskCleanup,started,powershell.exe -File C:\ACME\Patch\scan.ps1,NT AUTHORITY\SYSTEM,benign,routine scheduled task
TASK-01200,2026-09-01T10:40:45Z,HR-WS-22,ACME\admin.ops,\Microsoft\Windows\Update\Maintenance,completed,UsoClient.exe StartScan,NT AUTHORITY\SYSTEM,benign,routine scheduled task
TASK-00322,2026-09-01T10:44:15Z,MGMT-01,ACME\svc_patch,\ACME\Patch\DailyScan,started,powershell.exe -File C:\ACME\Patch\scan.ps1,NT AUTHORITY\SYSTEM,benign,routine scheduled task
TASK-01568,2026-09-01T10:57:43Z,PATCH-01,ACME\admin.ops,\Microsoft\Windows\Update\Maintenance,created,UsoClient.exe StartScan,NT AUTHORITY\SYSTEM,benign,routine scheduled task
TASK-00567,2026-09-01T11:11:31Z,DC-01,ACME\kpatel,\Microsoft\Windows\DiskCleanup,updated,UsoClient.exe StartScan,NT AUTHORITY\SYSTEM,benign,routine scheduled task
TASK-01752,2026-09-01T11:17:45Z,APP-03,ACME\kpatel,\Microsoft\Windows\DiskCleanup,completed,UsoClient.exe StartScan,NT AUTHORITY\SYSTEM,benign,routine scheduled task
TASK-01424,2026-09-01T11:28:52Z,JUMP-01,NT AUTHORITY\SYSTEM,\Microsoft\Windows\DiskCleanup,created,cleanmgr.exe /AUTOCLEAN,ACME\svc_patch,benign,routine scheduled task
TASK-00067,2026-09-01T11:38:32Z,HR-WS-22,ACME\admin.ops,\ACME\Patch\DailyScan,started,cleanmgr.exe /AUTOCLEAN,ACME\svc_patch,benign,routine scheduled task
TASK-01065,2026-09-01T11:44:14Z,APP-03,NT AUTHORITY\SYSTEM,\ACME\Patch\DailyScan,completed,cleanmgr.exe /AUTOCLEAN,ACME\svc_patch,benign,routine scheduled task
TASK-00150,2026-09-01T11:48:29Z,HR-WS-22,ACME\kpatel,\ACME\Patch\DailyScan,completed,cleanmgr.exe /AUTOCLEAN,NT AUTHORITY\SYSTEM,benign,routine scheduled task
TASK-00813,2026-09-01T11:49:16Z,FILE-02,ACME\kpatel,\ACME\Patch\DailyScan,created,powershell.exe -File C:\ACME\Patch\scan.ps1,NT AUTHORITY\SYSTEM,benign,routine scheduled task
TASK-00282,2026-09-01T11:58:14Z,MGMT-01,ACME\jsmith,\Microsoft\Windows\Update\Maintenance,completed,UsoClient.exe StartScan,ACME\svc_patch,benign,routine scheduled task
TASK-00233,2026-09-01T11:58:16Z,HR-WS-22,ACME\svc_patch,\Microsoft\Windows\DiskCleanup,completed,cleanmgr.exe /AUTOCLEAN,ACME\svc_patch,benign,routine scheduled task
TASK-00189,2026-09-01T12:03:12Z,APP-03,ACME\kpatel,\Microsoft\Windows\DiskCleanup,started,UsoClient.exe StartScan,NT AUTHORITY\SYSTEM,benign,routine scheduled task
TASK-00494,2026-09-01T12:03:36Z,HR-WS-22,ACME\kpatel,\Microsoft\Windows\DiskCleanup,started,UsoClient.exe StartScan,NT AUTHORITY\SYSTEM,benign,routine scheduled task
TASK-00349,2026-09-01T12:09:07Z,HR-WS-22,ACME\kpatel,\ACME\Patch\DailyScan,created,powershell.exe -File C:\ACME\Patch\scan.ps1,ACME\svc_patch,benign,routine scheduled task
TASK-01377,2026-09-01T12:11:29Z,MGMT-01,ACME\jsmith,\Microsoft\Windows\DiskCleanup,completed,cleanmgr.exe /AUTOCLEAN,ACME\svc_patch,benign,routine scheduled task
TASK-00578,2026-09-01T12:12:14Z,FILE-02,ACME\jsmith,\Microsoft\Windows\Update\Maintenance,updated,powershell.exe -File C:\ACME\Patch\scan.ps1,NT AUTHORITY\SYSTEM,benign,routine scheduled task
TASK-00143,2026-09-01T12:16:39Z,JUMP-01,NT AUTHORITY\SYSTEM,\Microsoft\Windows\Update\Maintenance,completed,powershell.exe -File C:\ACME\Patch\scan.ps1,ACME\svc_patch,benign,routine scheduled task
TASK-01165,2026-09-01T12:34:08Z,APP-03,ACME\kpatel,\ACME\Patch\DailyScan,created,cleanmgr.exe /AUTOCLEAN,ACME\svc_patch,benign,routine scheduled task
TASK-01369,2026-09-01T12:36:20Z,FILE-02,ACME\kpatel,\Microsoft\Windows\Update\Maintenance,updated,cleanmgr.exe /AUTOCLEAN,ACME\svc_patch,benign,routine scheduled task
TASK-00014,2026-09-01T12:37:25Z,APP-03,ACME\admin.ops,\Microsoft\Windows\DiskCleanup,updated,cleanmgr.exe /AUTOCLEAN,ACME\svc_patch,benign,routine scheduled task
TASK-01401,2026-09-01T12:44:11Z,APP-03,ACME\svc_patch,\Microsoft\Windows\Update\Maintenance,completed,UsoClient.exe StartScan,NT AUTHORITY\SYSTEM,benign,routine scheduled task
TASK-01567,2026-09-01T12:44:36Z,APP-03,ACME\admin.ops,\Microsoft\Windows\Update\Maintenance,completed,powershell.exe -File C:\ACME\Patch\scan.ps1,NT AUTHORITY\SYSTEM,benign,routine scheduled task
TASK-00116,2026-09-01T12:45:45Z,PATCH-01,NT AUTHORITY\SYSTEM,\Microsoft\Windows\Update\Maintenance,completed,UsoClient.exe StartScan,ACME\svc_patch,benign,routine scheduled task
TASK-00980,2026-09-01T12:55:43Z,PATCH-01,ACME\jsmith,\ACME\Patch\DailyScan,updated,powershell.exe -File C:\ACME\Patch\scan.ps1,ACME\svc_patch,benign,routine scheduled task
TASK-01720,2026-09-01T13:11:55Z,APP-03,ACME\jsmith,\Microsoft\Windows\Update\Maintenance,completed,cleanmgr.exe /AUTOCLEAN,NT AUTHORITY\SYSTEM,benign,routine scheduled task
TASK-00217,2026-09-01T13:16:44Z,DC-01,NT AUTHORITY\SYSTEM,\Microsoft\Windows\Update\Maintenance,created,powershell.exe -File C:\ACME\Patch\scan.ps1,ACME\svc_patch,benign,routine scheduled task
TASK-01410,2026-09-01T13:18:00Z,FILE-02,ACME\jsmith,\ACME\Patch\DailyScan,updated,cleanmgr.exe /AUTOCLEAN,NT AUTHORITY\SYSTEM,benign,routine scheduled task
TASK-00317,2026-09-01T13:20:16Z,FILE-02,ACME\admin.ops,\Microsoft\Windows\Update\Maintenance,updated,cleanmgr.exe /AUTOCLEAN,NT AUTHORITY\SYSTEM,benign,routine scheduled task
TASK-00383,2026-09-01T13:21:19Z,PATCH-01,ACME\admin.ops,\Microsoft\Windows\Update\Maintenance,created,powershell.exe -File C:\ACME\Patch\scan.ps1,ACME\svc_patch,benign,routine scheduled task
TASK-01128,2026-09-01T13:22:41Z,FILE-02,ACME\admin.ops,\Microsoft\Windows\DiskCleanup,completed,UsoClient.exe StartScan,NT AUTHORITY\SYSTEM,benign,routine scheduled task
TASK-01639,2026-09-01T13:23:44Z,HR-WS-22,ACME\jsmith,\Microsoft\Windows\DiskCleanup,updated,UsoClient.exe StartScan,NT AUTHORITY\SYSTEM,benign,routine scheduled task
TASK-00902,2026-09-01T13:25:45Z,FILE-02,ACME\kpatel,\Microsoft\Windows\Update\Maintenance,created,powershell.exe -File C:\ACME\Patch\scan.ps1,ACME\svc_patch,benign,routine scheduled task
TASK-01773,2026-09-01T13:26:03Z,PATCH-01,ACME\svc_patch,\Microsoft\Windows\Update\Maintenance,started,cleanmgr.exe /AUTOCLEAN,NT AUTHORITY\SYSTEM,benign,routine scheduled task
TASK-01613,2026-09-01T13:30:12Z,HR-WS-22,NT AUTHORITY\SYSTEM,\ACME\Patch\DailyScan,completed,powershell.exe -File C:\ACME\Patch\scan.ps1,ACME\svc_patch,benign,routine scheduled task
TASK-00061,2026-09-01T13:30:57Z,MGMT-01,ACME\jsmith,\ACME\Patch\DailyScan,updated,powershell.exe -File C:\ACME\Patch\scan.ps1,NT AUTHORITY\SYSTEM,benign,routine scheduled task
TASK-00907,2026-09-01T13:31:47Z,JUMP-01,ACME\admin.ops,\Microsoft\Windows\DiskCleanup,created,UsoClient.exe StartScan,ACME\svc_patch,benign,routine scheduled task
TASK-00843,2026-09-01T13:32:28Z,PATCH-01,ACME\jsmith,\Microsoft\Windows\Update\Maintenance,started,powershell.exe -File C:\ACME\Patch\scan.ps1,ACME\svc_patch,benign,routine scheduled task
TASK-00591,2026-09-01T13:33:35Z,HR-WS-22,ACME\jsmith,\ACME\Patch\DailyScan,updated,cleanmgr.exe /AUTOCLEAN,NT AUTHORITY\SYSTEM,benign,routine scheduled task
TASK-00650,2026-09-01T13:39:05Z,DC-01,NT AUTHORITY\SYSTEM,\Microsoft\Windows\Update\Maintenance,created,UsoClient.exe StartScan,NT AUTHORITY\SYSTEM,benign,routine scheduled task
TASK-01379,2026-09-01T13:41:34Z,APP-03,ACME\svc_patch,\Microsoft\Windows\DiskCleanup,updated,powershell.exe -File C:\ACME\Patch\scan.ps1,ACME\svc_patch,benign,routine scheduled task
TASK-00467,2026-09-01T13:43:40Z,FILE-02,ACME\jsmith,\Microsoft\Windows\Update\Maintenance,started,cleanmgr.exe /AUTOCLEAN,NT AUTHORITY\SYSTEM,benign,routine scheduled task
TASK-01619,2026-09-01T13:44:55Z,APP-03,ACME\svc_patch,\Microsoft\Windows\DiskCleanup,completed,cleanmgr.exe /AUTOCLEAN,NT AUTHORITY\SYSTEM,benign,routine scheduled task
TASK-00873,2026-09-01T13:50:20Z,MGMT-01,ACME\admin.ops,\ACME\Patch\DailyScan,created,UsoClient.exe StartScan,ACME\svc_patch,benign,routine scheduled task
TASK-01588,2026-09-01T13:51:04Z,FILE-02,ACME\admin.ops,\ACME\Patch\DailyScan,completed,cleanmgr.exe /AUTOCLEAN,ACME\svc_patch,benign,routine scheduled task
TASK-00574,2026-09-01T13:51:39Z,MGMT-01,ACME\admin.ops,\Microsoft\Windows\DiskCleanup,updated,UsoClient.exe StartScan,ACME\svc_patch,benign,routine scheduled task
TASK-01085,2026-09-01T14:01:52Z,FILE-02,NT AUTHORITY\SYSTEM,\ACME\Patch\DailyScan,started,cleanmgr.exe /AUTOCLEAN,ACME\svc_patch,benign,routine scheduled task
TASK-01440,2026-09-01T14:05:53Z,APP-03,ACME\kpatel,\Microsoft\Windows\Update\Maintenance,created,cleanmgr.exe /AUTOCLEAN,NT AUTHORITY\SYSTEM,benign,routine scheduled task
TASK-00851,2026-09-01T14:13:25Z,PATCH-01,ACME\admin.ops,\ACME\Patch\DailyScan,started,powershell.exe -File C:\ACME\Patch\scan.ps1,ACME\svc_patch,benign,routine scheduled task
TASK-01133,2026-09-01T14:15:07Z,APP-03,ACME\svc_patch,\ACME\Patch\DailyScan,updated,UsoClient.exe StartScan,NT AUTHORITY\SYSTEM,benign,routine scheduled task
TASK-00698,2026-09-01T14:18:58Z,JUMP-01,ACME\jsmith,\Microsoft\Windows\Update\Maintenance,created,cleanmgr.exe /AUTOCLEAN,NT AUTHORITY\SYSTEM,benign,routine scheduled task
TASK-01740,2026-09-01T14:24:10Z,APP-03,NT AUTHORITY\SYSTEM,\Microsoft\Windows\Update\Maintenance,updated,UsoClient.exe StartScan,NT AUTHORITY\SYSTEM,benign,routine scheduled task
TASK-01304,2026-09-01T14:24:18Z,JUMP-01,ACME\svc_patch,\Microsoft\Windows\DiskCleanup,completed,powershell.exe -File C:\ACME\Patch\scan.ps1,NT AUTHORITY\SYSTEM,benign,routine scheduled task
TASK-00107,2026-09-01T14:26:28Z,PATCH-01,NT AUTHORITY\SYSTEM,\ACME\Patch\DailyScan,completed,UsoClient.exe StartScan,NT AUTHORITY\SYSTEM,benign,routine scheduled task
TASK-00605,2026-09-01T14:27:47Z,PATCH-01,ACME\svc_patch,\Microsoft\Windows\DiskCleanup,updated,cleanmgr.exe /AUTOCLEAN,ACME\svc_patch,benign,routine scheduled task
TASK-00694,2026-09-01T14:28:38Z,MGMT-01,ACME\kpatel,\Microsoft\Windows\Update\Maintenance,completed,powershell.exe -File C:\ACME\Patch\scan.ps1,NT AUTHORITY\SYSTEM,benign,routine scheduled task
TASK-00103,2026-09-01T14:31:40Z,HR-WS-22,ACME\admin.ops,\ACME\Patch\DailyScan,created,UsoClient.exe StartScan,ACME\svc_patch,benign,routine scheduled task
TASK-01396,2026-09-01T14:34:10Z,PATCH-01,ACME\svc_patch,\Microsoft\Windows\Update\Maintenance,completed,cleanmgr.exe /AUTOCLEAN,NT AUTHORITY\SYSTEM,benign,routine scheduled task
TASK-00609,2026-09-01T14:45:31Z,PATCH-01,ACME\svc_patch,\Microsoft\Windows\DiskCleanup,completed,cleanmgr.exe /AUTOCLEAN,ACME\svc_patch,benign,routine scheduled task
TASK-00947,2026-09-01T14:50:07Z,MGMT-01,ACME\admin.ops,\Microsoft\Windows\Update\Maintenance,updated,cleanmgr.exe /AUTOCLEAN,NT AUTHORITY\SYSTEM,benign,routine scheduled task
TASK-00738,2026-09-01T14:51:03Z,FILE-02,ACME\admin.ops,\Microsoft\Windows\Update\Maintenance,started,powershell.exe -File C:\ACME\Patch\scan.ps1,NT AUTHORITY\SYSTEM,benign,routine scheduled task
TASK-01023,2026-09-01T14:54:50Z,JUMP-01,ACME\jsmith,\Microsoft\Windows\Update\Maintenance,created,cleanmgr.exe /AUTOCLEAN,NT AUTHORITY\SYSTEM,benign,routine scheduled task
TASK-01019,2026-09-01T14:56:23Z,DC-01,ACME\svc_patch,\Microsoft\Windows\Update\Maintenance,updated,cleanmgr.exe /AUTOCLEAN,ACME\svc_patch,benign,routine scheduled task
TASK-00598,2026-09-01T14:56:52Z,JUMP-01,ACME\jsmith,\Microsoft\Windows\DiskCleanup,updated,UsoClient.exe StartScan,NT AUTHORITY\SYSTEM,benign,routine scheduled task
TASK-00495,2026-09-01T14:59:19Z,FILE-02,ACME\admin.ops,\Microsoft\Windows\DiskCleanup,updated,UsoClient.exe StartScan,ACME\svc_patch,benign,routine scheduled task
TASK-01660,2026-09-01T15:03:04Z,PATCH-01,ACME\kpatel,\Microsoft\Windows\DiskCleanup,updated,UsoClient.exe StartScan,NT AUTHORITY\SYSTEM,benign,routine scheduled task
TASK-00223,2026-09-01T15:09:12Z,JUMP-01,ACME\kpatel,\Microsoft\Windows\Update\Maintenance,updated,UsoClient.exe StartScan,ACME\svc_patch,benign,routine scheduled task
TASK-00135,2026-09-01T15:12:26Z,HR-WS-22,ACME\jsmith,\Microsoft\Windows\DiskCleanup,updated,UsoClient.exe StartScan,ACME\svc_patch,benign,routine scheduled task
TASK-01074,2026-09-01T15:26:18Z,JUMP-01,NT AUTHORITY\SYSTEM,\Microsoft\Windows\Update\Maintenance,updated,powershell.exe -File C:\ACME\Patch\scan.ps1,NT AUTHORITY\SYSTEM,benign,routine scheduled task
TASK-00812,2026-09-01T15:26:24Z,MGMT-01,ACME\jsmith,\ACME\Patch\DailyScan,updated,powershell.exe -File C:\ACME\Patch\scan.ps1,NT AUTHORITY\SYSTEM,benign,routine scheduled task
TASK-00044,2026-09-01T15:28:12Z,PATCH-01,ACME\admin.ops,\Microsoft\Windows\DiskCleanup,created,UsoClient.exe StartScan,ACME\svc_patch,benign,routine scheduled task
TASK-00649,2026-09-01T15:28:25Z,JUMP-01,ACME\jsmith,\Microsoft\Windows\DiskCleanup,updated,UsoClient.exe StartScan,ACME\svc_patch,benign,routine scheduled task
TASK-01269,2026-09-01T15:32:24Z,MGMT-01,ACME\svc_patch,\Microsoft\Windows\DiskCleanup,updated,UsoClient.exe StartScan,NT AUTHORITY\SYSTEM,benign,routine scheduled task
TASK-00511,2026-09-01T15:35:26Z,FILE-02,ACME\admin.ops,\ACME\Patch\DailyScan,updated,UsoClient.exe StartScan,NT AUTHORITY\SYSTEM,benign,routine scheduled task
TASK-01181,2026-09-01T15:40:08Z,FILE-02,ACME\svc_patch,\Microsoft\Windows\Update\Maintenance,completed,UsoClient.exe StartScan,ACME\svc_patch,benign,routine scheduled task
TASK-00592,2026-09-01T15:41:39Z,HR-WS-22,ACME\admin.ops,\Microsoft\Windows\Update\Maintenance,completed,UsoClient.exe StartScan,ACME\svc_patch,benign,routine scheduled task
TASK-00338,2026-09-01T15:42:42Z,FILE-02,ACME\kpatel,\ACME\Patch\DailyScan,completed,powershell.exe -File C:\ACME\Patch\scan.ps1,NT AUTHORITY\SYSTEM,benign,routine scheduled task
TASK-01163,2026-09-01T15:48:18Z,APP-03,ACME\kpatel,\Microsoft\Windows\DiskCleanup,completed,UsoClient.exe StartScan,ACME\svc_patch,benign,routine scheduled task
TASK-00370,2026-09-01T15:52:43Z,APP-03,ACME\admin.ops,\Microsoft\Windows\DiskCleanup,completed,UsoClient.exe StartScan,NT AUTHORITY\SYSTEM,benign,routine scheduled task
TASK-01664,2026-09-01T15:55:08Z,DC-01,ACME\jsmith,\ACME\Patch\DailyScan,completed,powershell.exe -File C:\ACME\Patch\scan.ps1,NT AUTHORITY\SYSTEM,benign,routine scheduled task
TASK-01053,2026-09-01T15:57:24Z,JUMP-01,ACME\svc_patch,\Microsoft\Windows\Update\Maintenance,started,powershell.exe -File C:\ACME\Patch\scan.ps1,NT AUTHORITY\SYSTEM,benign,routine scheduled task
TASK-00072,2026-09-01T16:00:39Z,FILE-02,ACME\jsmith,\Microsoft\Windows\DiskCleanup,completed,powershell.exe -File C:\ACME\Patch\scan.ps1,NT AUTHORITY\SYSTEM,benign,routine scheduled task
TASK-00995,2026-09-01T16:04:58Z,JUMP-01,ACME\kpatel,\ACME\Patch\DailyScan,created,powershell.exe -File C:\ACME\Patch\scan.ps1,NT AUTHORITY\SYSTEM,benign,routine scheduled task
TASK-00186,2026-09-01T16:11:27Z,MGMT-01,ACME\admin.ops,\Microsoft\Windows\Update\Maintenance,created,cleanmgr.exe /AUTOCLEAN,ACME\svc_patch,benign,routine scheduled task
TASK-01061,2026-09-01T16:15:55Z,JUMP-01,ACME\svc_patch,\Microsoft\Windows\DiskCleanup,completed,cleanmgr.exe /AUTOCLEAN,NT AUTHORITY\SYSTEM,benign,routine scheduled task
TASK-00460,2026-09-01T16:18:11Z,DC-01,ACME\svc_patch,\Microsoft\Windows\Update\Maintenance,completed,cleanmgr.exe /AUTOCLEAN,NT AUTHORITY\SYSTEM,benign,routine scheduled task
TASK-01798,2026-09-01T16:18:25Z,HR-WS-22,ACME\admin.ops,\Microsoft\Windows\Update\Maintenance,updated,UsoClient.exe StartScan,ACME\svc_patch,benign,routine scheduled task
TASK-01636,2026-09-01T16:29:11Z,FILE-02,NT AUTHORITY\SYSTEM,\ACME\Patch\DailyScan,created,UsoClient.exe StartScan,ACME\svc_patch,benign,routine scheduled task
TASK-01228,2026-09-01T16:29:48Z,FILE-02,ACME\jsmith,\ACME\Patch\DailyScan,created,UsoClient.exe StartScan,ACME\svc_patch,benign,routine scheduled task
TASK-01193,2026-09-01T16:38:38Z,APP-03,NT AUTHORITY\SYSTEM,\Microsoft\Windows\Update\Maintenance,created,cleanmgr.exe /AUTOCLEAN,NT AUTHORITY\SYSTEM,benign,routine scheduled task
TASK-00258,2026-09-01T16:39:38Z,JUMP-01,ACME\admin.ops,\Microsoft\Windows\Update\Maintenance,created,powershell.exe -File C:\ACME\Patch\scan.ps1,NT AUTHORITY\SYSTEM,benign,routine scheduled task
TASK-01489,2026-09-01T16:41:59Z,JUMP-01,ACME\svc_patch,\Microsoft\Windows\Update\Maintenance,completed,cleanmgr.exe /AUTOCLEAN,NT AUTHORITY\SYSTEM,benign,routine scheduled task
TASK-00815,2026-09-01T16:43:55Z,APP-03,ACME\jsmith,\Microsoft\Windows\DiskCleanup,completed,UsoClient.exe StartScan,NT AUTHORITY\SYSTEM,benign,routine scheduled task
TASK-01129,2026-09-01T16:44:39Z,MGMT-01,ACME\kpatel,\Microsoft\Windows\Update\Maintenance,started,UsoClient.exe StartScan,NT AUTHORITY\SYSTEM,benign,routine scheduled task
TASK-00810,2026-09-01T16:45:10Z,PATCH-01,ACME\svc_patch,\Microsoft\Windows\Update\Maintenance,completed,cleanmgr.exe /AUTOCLEAN,NT AUTHORITY\SYSTEM,benign,routine scheduled task
TASK-01395,2026-09-01T16:47:16Z,APP-03,ACME\svc_patch,\ACME\Patch\DailyScan,updated,UsoClient.exe StartScan,NT AUTHORITY\SYSTEM,benign,routine scheduled task
TASK-01713,2026-09-01T16:55:15Z,HR-WS-22,ACME\kpatel,\Microsoft\Windows\Update\Maintenance,started,UsoClient.exe StartScan,ACME\svc_patch,benign,routine scheduled task
TASK-00343,2026-09-01T16:57:55Z,DC-01,ACME\kpatel,\Microsoft\Windows\Update\Maintenance,updated,cleanmgr.exe /AUTOCLEAN,NT AUTHORITY\SYSTEM,benign,routine scheduled task
TASK-01551,2026-09-01T16:58:07Z,PATCH-01,NT AUTHORITY\SYSTEM,\Microsoft\Windows\Update\Maintenance,started,cleanmgr.exe /AUTOCLEAN,NT AUTHORITY\SYSTEM,benign,routine scheduled task
TASK-00440,2026-09-01T17:01:45Z,FILE-02,ACME\admin.ops,\Microsoft\Windows\Update\Maintenance,started,cleanmgr.exe /AUTOCLEAN,NT AUTHORITY\SYSTEM,benign,routine scheduled task
TASK-01289,2026-09-01T17:02:07Z,DC-01,ACME\jsmith,\Microsoft\Windows\Update\Maintenance,created,powershell.exe -File C:\ACME\Patch\scan.ps1,NT AUTHORITY\SYSTEM,benign,routine scheduled task
TASK-01281,2026-09-01T17:07:26Z,MGMT-01,ACME\svc_patch,\Microsoft\Windows\Update\Maintenance,started,cleanmgr.exe /AUTOCLEAN,NT AUTHORITY\SYSTEM,benign,routine scheduled task
TASK-00590,2026-09-01T17:08:30Z,HR-WS-22,ACME\svc_patch,\ACME\Patch\DailyScan,created,UsoClient.exe StartScan,NT AUTHORITY\SYSTEM,benign,routine scheduled task
TASK-00138,2026-09-01T17:09:22Z,APP-03,ACME\admin.ops,\ACME\Patch\DailyScan,created,UsoClient.exe StartScan,ACME\svc_patch,benign,routine scheduled task
TASK-01530,2026-09-01T17:09:45Z,FILE-02,ACME\admin.ops,\Microsoft\Windows\Update\Maintenance,completed,UsoClient.exe StartScan,ACME\svc_patch,benign,routine scheduled task
TASK-00787,2026-09-01T17:10:49Z,APP-03,ACME\kpatel,\Microsoft\Windows\DiskCleanup,updated,cleanmgr.exe /AUTOCLEAN,NT AUTHORITY\SYSTEM,benign,routine scheduled task
TASK-01026,2026-09-01T17:12:40Z,DC-01,ACME\svc_patch,\Microsoft\Windows\Update\Maintenance,started,cleanmgr.exe /AUTOCLEAN,ACME\svc_patch,benign,routine scheduled task
TASK-01248,2026-09-01T17:17:15Z,DC-01,ACME\admin.ops,\Microsoft\Windows\Update\Maintenance,completed,cleanmgr.exe /AUTOCLEAN,ACME\svc_patch,benign,routine scheduled task
TASK-01010,2026-09-01T17:25:35Z,JUMP-01,ACME\jsmith,\ACME\Patch\DailyScan,created,cleanmgr.exe /AUTOCLEAN,NT AUTHORITY\SYSTEM,benign,routine scheduled task
TASK-01562,2026-09-01T17:27:57Z,HR-WS-22,ACME\jsmith,\Microsoft\Windows\DiskCleanup,started,UsoClient.exe StartScan,ACME\svc_patch,benign,routine scheduled task
TASK-01574,2026-09-01T17:28:16Z,APP-03,ACME\kpatel,\Microsoft\Windows\Update\Maintenance,completed,cleanmgr.exe /AUTOCLEAN,NT AUTHORITY\SYSTEM,benign,routine scheduled task
TASK-00672,2026-09-01T17:30:04Z,FILE-02,NT AUTHORITY\SYSTEM,\Microsoft\Windows\Update\Maintenance,created,UsoClient.exe StartScan,ACME\svc_patch,benign,routine scheduled task
TASK-01770,2026-09-01T17:30:44Z,JUMP-01,ACME\svc_patch,\Microsoft\Windows\DiskCleanup,updated,UsoClient.exe StartScan,NT AUTHORITY\SYSTEM,benign,routine scheduled task
TASK-01649,2026-09-01T17:32:22Z,DC-01,ACME\jsmith,\Microsoft\Windows\DiskCleanup,updated,UsoClient.exe StartScan,NT AUTHORITY\SYSTEM,benign,routine scheduled task
TASK-00762,2026-09-01T17:41:34Z,MGMT-01,ACME\svc_patch,\Microsoft\Windows\Update\Maintenance,completed,powershell.exe -File C:\ACME\Patch\scan.ps1,NT AUTHORITY\SYSTEM,benign,routine scheduled task
TASK-00654,2026-09-01T17:45:18Z,MGMT-01,ACME\jsmith,\ACME\Patch\DailyScan,started,cleanmgr.exe /AUTOCLEAN,ACME\svc_patch,benign,routine scheduled task
TASK-00536,2026-09-01T17:46:10Z,APP-03,NT AUTHORITY\SYSTEM,\Microsoft\Windows\Update\Maintenance,completed,powershell.exe -File C:\ACME\Patch\scan.ps1,NT AUTHORITY\SYSTEM,benign,routine scheduled task
TASK-01696,2026-09-01T17:47:31Z,APP-03,ACME\admin.ops,\ACME\Patch\DailyScan,created,cleanmgr.exe /AUTOCLEAN,ACME\svc_patch,benign,routine scheduled task
TASK-00691,2026-09-01T17:56:47Z,PATCH-01,ACME\svc_patch,\ACME\Patch\DailyScan,completed,powershell.exe -File C:\ACME\Patch\scan.ps1,ACME\svc_patch,benign,routine scheduled task
TASK-00237,2026-09-01T17:58:00Z,FILE-02,ACME\jsmith,\ACME\Patch\DailyScan,started,cleanmgr.exe /AUTOCLEAN,NT AUTHORITY\SYSTEM,benign,routine scheduled task
TASK-01353,2026-09-01T18:05:19Z,APP-03,NT AUTHORITY\SYSTEM,\Microsoft\Windows\Update\Maintenance,created,powershell.exe -File C:\ACME\Patch\scan.ps1,ACME\svc_patch,benign,routine scheduled task
TASK-00630,2026-09-01T18:19:21Z,DC-01,ACME\svc_patch,\Microsoft\Windows\Update\Maintenance,updated,powershell.exe -File C:\ACME\Patch\scan.ps1,ACME\svc_patch,benign,routine scheduled task
TASK-01781,2026-09-01T18:25:09Z,FILE-02,ACME\kpatel,\ACME\Patch\DailyScan,completed,UsoClient.exe StartScan,NT AUTHORITY\SYSTEM,benign,routine scheduled task
TASK-00327,2026-09-01T18:53:01Z,HR-WS-22,ACME\kpatel,\Microsoft\Windows\Update\Maintenance,started,cleanmgr.exe /AUTOCLEAN,ACME\svc_patch,benign,routine scheduled task
TASK-00326,2026-09-01T18:58:06Z,JUMP-01,ACME\kpatel,\Microsoft\Windows\DiskCleanup,created,UsoClient.exe StartScan,ACME\svc_patch,benign,routine scheduled task
TASK-00312,2026-09-01T19:10:20Z,JUMP-01,ACME\jsmith,\Microsoft\Windows\Update\Maintenance,created,cleanmgr.exe /AUTOCLEAN,NT AUTHORITY\SYSTEM,benign,routine scheduled task
TASK-00182,2026-09-01T19:13:33Z,APP-03,NT AUTHORITY\SYSTEM,\ACME\Patch\DailyScan,completed,cleanmgr.exe /AUTOCLEAN,ACME\svc_patch,benign,routine scheduled task
TASK-00900,2026-09-01T19:16:21Z,DC-01,ACME\svc_patch,\ACME\Patch\DailyScan,updated,UsoClient.exe StartScan,NT AUTHORITY\SYSTEM,benign,routine scheduled task
TASK-00597,2026-09-01T19:17:48Z,PATCH-01,ACME\jsmith,\Microsoft\Windows\Update\Maintenance,started,UsoClient.exe StartScan,ACME\svc_patch,benign,routine scheduled task
TASK-00020,2026-09-01T19:23:28Z,FILE-02,ACME\jsmith,\ACME\Patch\DailyScan,updated,powershell.exe -File C:\ACME\Patch\scan.ps1,NT AUTHORITY\SYSTEM,benign,routine scheduled task
TASK-00318,2026-09-01T19:24:22Z,PATCH-01,NT AUTHORITY\SYSTEM,\ACME\Patch\DailyScan,updated,cleanmgr.exe /AUTOCLEAN,ACME\svc_patch,benign,routine scheduled task
TASK-00141,2026-09-01T19:27:02Z,PATCH-01,ACME\admin.ops,\Microsoft\Windows\Update\Maintenance,updated,powershell.exe -File C:\ACME\Patch\scan.ps1,ACME\svc_patch,benign,routine scheduled task
TASK-00248,2026-09-01T19:31:33Z,DC-01,ACME\kpatel,\Microsoft\Windows\DiskCleanup,updated,cleanmgr.exe /AUTOCLEAN,ACME\svc_patch,benign,routine scheduled task
TASK-00623,2026-09-01T19:40:42Z,FILE-02,ACME\jsmith,\ACME\Patch\DailyScan,created,cleanmgr.exe /AUTOCLEAN,ACME\svc_patch,benign,routine scheduled task
TASK-00411,2026-09-01T19:41:50Z,HR-WS-22,ACME\kpatel,\Microsoft\Windows\Update\Maintenance,updated,cleanmgr.exe /AUTOCLEAN,NT AUTHORITY\SYSTEM,benign,routine scheduled task
TASK-01524,2026-09-01T19:45:15Z,FILE-02,NT AUTHORITY\SYSTEM,\ACME\Patch\DailyScan,updated,powershell.exe -File C:\ACME\Patch\scan.ps1,ACME\svc_patch,benign,routine scheduled task
TASK-00256,2026-09-01T19:48:15Z,FILE-02,ACME\jsmith,\Microsoft\Windows\Update\Maintenance,completed,UsoClient.exe StartScan,ACME\svc_patch,benign,routine scheduled task
TASK-00314,2026-09-01T19:54:15Z,HR-WS-22,ACME\svc_patch,\Microsoft\Windows\Update\Maintenance,started,UsoClient.exe StartScan,ACME\svc_patch,benign,routine scheduled task
TASK-00924,2026-09-01T20:30:03Z,DC-01,ACME\svc_patch,\Microsoft\Windows\DiskCleanup,created,cleanmgr.exe /AUTOCLEAN,NT AUTHORITY\SYSTEM,benign,routine scheduled task
TASK-00483,2026-09-01T20:37:40Z,MGMT-01,ACME\kpatel,\Microsoft\Windows\Update\Maintenance,started,powershell.exe -File C:\ACME\Patch\scan.ps1,ACME\svc_patch,benign,routine scheduled task
TASK-01180,2026-09-01T20:45:26Z,FILE-02,NT AUTHORITY\SYSTEM,\Microsoft\Windows\Update\Maintenance,started,powershell.exe -File C:\ACME\Patch\scan.ps1,NT AUTHORITY\SYSTEM,benign,routine scheduled task
TASK-00062,2026-09-01T20:45:56Z,MGMT-01,NT AUTHORITY\SYSTEM,\Microsoft\Windows\Update\Maintenance,updated,cleanmgr.exe /AUTOCLEAN,NT AUTHORITY\SYSTEM,benign,routine scheduled task
TASK-00752,2026-09-01T20:48:34Z,APP-03,ACME\kpatel,\Microsoft\Windows\DiskCleanup,created,cleanmgr.exe /AUTOCLEAN,ACME\svc_patch,benign,routine scheduled task
TASK-00347,2026-09-01T20:48:44Z,FILE-02,ACME\jsmith,\ACME\Patch\DailyScan,started,powershell.exe -File C:\ACME\Patch\scan.ps1,NT AUTHORITY\SYSTEM,benign,routine scheduled task
TASK-01147,2026-09-01T20:49:33Z,HR-WS-22,ACME\kpatel,\ACME\Patch\DailyScan,updated,cleanmgr.exe /AUTOCLEAN,ACME\svc_patch,benign,routine scheduled task
TASK-00364,2026-09-01T20:54:27Z,FILE-02,ACME\kpatel,\Microsoft\Windows\Update\Maintenance,updated,powershell.exe -File C:\ACME\Patch\scan.ps1,ACME\svc_patch,benign,routine scheduled task
TASK-01690,2026-09-01T20:54:33Z,PATCH-01,ACME\jsmith,\ACME\Patch\DailyScan,completed,powershell.exe -File C:\ACME\Patch\scan.ps1,ACME\svc_patch,benign,routine scheduled task
TASK-01212,2026-09-01T20:55:28Z,PATCH-01,ACME\kpatel,\Microsoft\Windows\DiskCleanup,completed,UsoClient.exe StartScan,ACME\svc_patch,benign,routine scheduled task
TASK-00814,2026-09-01T20:56:51Z,PATCH-01,NT AUTHORITY\SYSTEM,\Microsoft\Windows\Update\Maintenance,completed,UsoClient.exe StartScan,ACME\svc_patch,benign,routine scheduled task
TASK-01683,2026-09-01T21:00:08Z,APP-03,ACME\jsmith,\Microsoft\Windows\DiskCleanup,created,UsoClient.exe StartScan,NT AUTHORITY\SYSTEM,benign,routine scheduled task
TASK-01344,2026-09-01T21:01:41Z,HR-WS-22,ACME\kpatel,\Microsoft\Windows\DiskCleanup,completed,UsoClient.exe StartScan,ACME\svc_patch,benign,routine scheduled task
TASK-00994,2026-09-01T21:05:41Z,MGMT-01,NT AUTHORITY\SYSTEM,\Microsoft\Windows\Update\Maintenance,created,powershell.exe -File C:\ACME\Patch\scan.ps1,NT AUTHORITY\SYSTEM,benign,routine scheduled task
TASK-00673,2026-09-01T21:05:46Z,JUMP-01,ACME\svc_patch,\Microsoft\Windows\DiskCleanup,created,powershell.exe -File C:\ACME\Patch\scan.ps1,ACME\svc_patch,benign,routine scheduled task
TASK-00110,2026-09-01T21:06:04Z,JUMP-01,ACME\admin.ops,\Microsoft\Windows\Update\Maintenance,completed,UsoClient.exe StartScan,ACME\svc_patch,benign,routine scheduled task
TASK-01505,2026-09-01T21:08:00Z,JUMP-01,ACME\jsmith,\Microsoft\Windows\Update\Maintenance,created,powershell.exe -File C:\ACME\Patch\scan.ps1,NT AUTHORITY\SYSTEM,benign,routine scheduled task
TASK-01453,2026-09-01T21:12:52Z,DC-01,ACME\svc_patch,\ACME\Patch\DailyScan,updated,powershell.exe -File C:\ACME\Patch\scan.ps1,ACME\svc_patch,benign,routine scheduled task
TASK-00853,2026-09-01T21:17:54Z,HR-WS-22,ACME\svc_patch,\ACME\Patch\DailyScan,completed,UsoClient.exe StartScan,ACME\svc_patch,benign,routine scheduled task
TASK-01546,2026-09-01T21:20:26Z,FILE-02,NT AUTHORITY\SYSTEM,\Microsoft\Windows\DiskCleanup,started,powershell.exe -File C:\ACME\Patch\scan.ps1,NT AUTHORITY\SYSTEM,benign,routine scheduled task
TASK-01731,2026-09-01T21:20:28Z,MGMT-01,NT AUTHORITY\SYSTEM,\Microsoft\Windows\DiskCleanup,created,powershell.exe -File C:\ACME\Patch\scan.ps1,ACME\svc_patch,benign,routine scheduled task
TASK-00893,2026-09-01T21:21:55Z,DC-01,ACME\jsmith,\ACME\Patch\DailyScan,started,powershell.exe -File C:\ACME\Patch\scan.ps1,ACME\svc_patch,benign,routine scheduled task
TASK-00659,2026-09-01T21:22:00Z,DC-01,NT AUTHORITY\SYSTEM,\Microsoft\Windows\DiskCleanup,created,UsoClient.exe StartScan,ACME\svc_patch,benign,routine scheduled task
TASK-00222,2026-09-01T21:23:13Z,FILE-02,ACME\jsmith,\Microsoft\Windows\Update\Maintenance,created,powershell.exe -File C:\ACME\Patch\scan.ps1,ACME\svc_patch,benign,routine scheduled task
TASK-01510,2026-09-01T21:29:57Z,JUMP-01,ACME\admin.ops,\Microsoft\Windows\Update\Maintenance,created,UsoClient.exe StartScan,ACME\svc_patch,benign,routine scheduled task
TASK-01040,2026-09-01T21:37:57Z,DC-01,ACME\admin.ops,\Microsoft\Windows\Update\Maintenance,updated,cleanmgr.exe /AUTOCLEAN,NT AUTHORITY\SYSTEM,benign,routine scheduled task
TASK-00050,2026-09-01T21:38:11Z,DC-01,ACME\kpatel,\Microsoft\Windows\Update\Maintenance,updated,cleanmgr.exe /AUTOCLEAN,ACME\svc_patch,benign,routine scheduled task
TASK-00736,2026-09-01T21:41:26Z,PATCH-01,ACME\kpatel,\ACME\Patch\DailyScan,updated,powershell.exe -File C:\ACME\Patch\scan.ps1,NT AUTHORITY\SYSTEM,benign,routine scheduled task
TASK-01178,2026-09-01T21:45:47Z,MGMT-01,ACME\jsmith,\ACME\Patch\DailyScan,completed,powershell.exe -File C:\ACME\Patch\scan.ps1,NT AUTHORITY\SYSTEM,benign,routine scheduled task
TASK-00919,2026-09-01T21:47:03Z,JUMP-01,NT AUTHORITY\SYSTEM,\Microsoft\Windows\DiskCleanup,started,powershell.exe -File C:\ACME\Patch\scan.ps1,ACME\svc_patch,benign,routine scheduled task
TASK-01726,2026-09-01T21:53:42Z,FILE-02,ACME\jsmith,\Microsoft\Windows\DiskCleanup,completed,powershell.exe -File C:\ACME\Patch\scan.ps1,NT AUTHORITY\SYSTEM,benign,routine scheduled task
TASK-00537,2026-09-01T21:55:44Z,HR-WS-22,ACME\admin.ops,\Microsoft\Windows\Update\Maintenance,started,UsoClient.exe StartScan,ACME\svc_patch,benign,routine scheduled task
TASK-00922,2026-09-01T22:06:34Z,JUMP-01,ACME\svc_patch,\ACME\Patch\DailyScan,created,cleanmgr.exe /AUTOCLEAN,NT AUTHORITY\SYSTEM,benign,routine scheduled task
TASK-01210,2026-09-01T22:09:05Z,PATCH-01,NT AUTHORITY\SYSTEM,\ACME\Patch\DailyScan,updated,powershell.exe -File C:\ACME\Patch\scan.ps1,NT AUTHORITY\SYSTEM,benign,routine scheduled task
TASK-00684,2026-09-01T22:10:22Z,MGMT-01,NT AUTHORITY\SYSTEM,\Microsoft\Windows\DiskCleanup,started,powershell.exe -File C:\ACME\Patch\scan.ps1,NT AUTHORITY\SYSTEM,benign,routine scheduled task
TASK-01079,2026-09-01T22:17:30Z,PATCH-01,ACME\svc_patch,\Microsoft\Windows\Update\Maintenance,created,cleanmgr.exe /AUTOCLEAN,ACME\svc_patch,benign,routine scheduled task
TASK-00996,2026-09-01T22:24:24Z,FILE-02,ACME\kpatel,\Microsoft\Windows\DiskCleanup,completed,UsoClient.exe StartScan,NT AUTHORITY\SYSTEM,benign,routine scheduled task
TASK-01189,2026-09-01T22:24:48Z,HR-WS-22,ACME\kpatel,\Microsoft\Windows\Update\Maintenance,started,UsoClient.exe StartScan,NT AUTHORITY\SYSTEM,benign,routine scheduled task
TASK-01028,2026-09-01T22:25:47Z,HR-WS-22,ACME\jsmith,\Microsoft\Windows\DiskCleanup,updated,cleanmgr.exe /AUTOCLEAN,ACME\svc_patch,benign,routine scheduled task
TASK-01729,2026-09-01T22:28:20Z,MGMT-01,ACME\svc_patch,\Microsoft\Windows\Update\Maintenance,started,UsoClient.exe StartScan,NT AUTHORITY\SYSTEM,benign,routine scheduled task
TASK-01250,2026-09-01T22:32:54Z,FILE-02,ACME\admin.ops,\ACME\Patch\DailyScan,completed,cleanmgr.exe /AUTOCLEAN,ACME\svc_patch,benign,routine scheduled task
TASK-00149,2026-09-01T22:40:17Z,HR-WS-22,ACME\jsmith,\ACME\Patch\DailyScan,completed,cleanmgr.exe /AUTOCLEAN,NT AUTHORITY\SYSTEM,benign,routine scheduled task
TASK-01223,2026-09-01T22:56:35Z,MGMT-01,NT AUTHORITY\SYSTEM,\Microsoft\Windows\Update\Maintenance,created,UsoClient.exe StartScan,NT AUTHORITY\SYSTEM,benign,routine scheduled task
TASK-00024,2026-09-01T22:59:59Z,APP-03,ACME\svc_patch,\Microsoft\Windows\DiskCleanup,created,cleanmgr.exe /AUTOCLEAN,ACME\svc_patch,benign,routine scheduled task
TASK-01009,2026-09-01T23:06:46Z,DC-01,ACME\jsmith,\ACME\Patch\DailyScan,updated,cleanmgr.exe /AUTOCLEAN,ACME\svc_patch,benign,routine scheduled task
TASK-01291,2026-09-01T23:12:31Z,APP-03,ACME\svc_patch,\ACME\Patch\DailyScan,completed,cleanmgr.exe /AUTOCLEAN,ACME\svc_patch,benign,routine scheduled task
TASK-01332,2026-09-01T23:29:44Z,MGMT-01,ACME\kpatel,\Microsoft\Windows\DiskCleanup,started,UsoClient.exe StartScan,ACME\svc_patch,benign,routine scheduled task
TASK-00324,2026-09-01T23:29:47Z,HR-WS-22,ACME\jsmith,\ACME\Patch\DailyScan,created,UsoClient.exe StartScan,NT AUTHORITY\SYSTEM,benign,routine scheduled task
TASK-00244,2026-09-01T23:30:06Z,APP-03,ACME\jsmith,\ACME\Patch\DailyScan,created,powershell.exe -File C:\ACME\Patch\scan.ps1,ACME\svc_patch,benign,routine scheduled task
TASK-00688,2026-09-01T23:30:46Z,PATCH-01,ACME\jsmith,\Microsoft\Windows\Update\Maintenance,completed,UsoClient.exe StartScan,NT AUTHORITY\SYSTEM,benign,routine scheduled task
TASK-01013,2026-09-01T23:33:12Z,PATCH-01,ACME\admin.ops,\ACME\Patch\DailyScan,completed,powershell.exe -File C:\ACME\Patch\scan.ps1,ACME\svc_patch,benign,routine scheduled task
TASK-01743,2026-09-01T23:37:53Z,DC-01,ACME\svc_patch,\Microsoft\Windows\Update\Maintenance,completed,powershell.exe -File C:\ACME\Patch\scan.ps1,NT AUTHORITY\SYSTEM,benign,routine scheduled task
TASK-01565,2026-09-01T23:39:30Z,HR-WS-22,ACME\svc_patch,\Microsoft\Windows\DiskCleanup,created,powershell.exe -File C:\ACME\Patch\scan.ps1,NT AUTHORITY\SYSTEM,benign,routine scheduled task
TASK-00686,2026-09-01T23:54:37Z,FILE-02,ACME\kpatel,\ACME\Patch\DailyScan,completed,UsoClient.exe StartScan,NT AUTHORITY\SYSTEM,benign,routine scheduled task
TASK-01399,2026-09-01T23:55:18Z,MGMT-01,NT AUTHORITY\SYSTEM,\ACME\Patch\DailyScan,updated,powershell.exe -File C:\ACME\Patch\scan.ps1,NT AUTHORITY\SYSTEM,benign,routine scheduled task
TASK-00442,2026-09-01T23:55:35Z,DC-01,ACME\jsmith,\ACME\Patch\DailyScan,created,powershell.exe -File C:\ACME\Patch\scan.ps1,NT AUTHORITY\SYSTEM,benign,routine scheduled task
TASK-00184,2026-09-01T23:58:51Z,APP-03,ACME\kpatel,\Microsoft\Windows\Update\Maintenance,created,cleanmgr.exe /AUTOCLEAN,NT AUTHORITY\SYSTEM,benign,routine scheduled task
TASK-00392,2026-09-02T00:00:35Z,FILE-02,ACME\admin.ops,\Microsoft\Windows\DiskCleanup,created,cleanmgr.exe /AUTOCLEAN,ACME\svc_patch,benign,routine scheduled task
TASK-01447,2026-09-02T00:09:05Z,PATCH-01,ACME\kpatel,\ACME\Patch\DailyScan,started,UsoClient.exe StartScan,ACME\svc_patch,benign,routine scheduled task
TASK-01733,2026-09-02T00:09:30Z,DC-01,ACME\svc_patch,\ACME\Patch\DailyScan,created,cleanmgr.exe /AUTOCLEAN,NT AUTHORITY\SYSTEM,benign,routine scheduled task
TASK-01294,2026-09-02T00:10:24Z,FILE-02,NT AUTHORITY\SYSTEM,\Microsoft\Windows\Update\Maintenance,completed,UsoClient.exe StartScan,ACME\svc_patch,benign,routine scheduled task
TASK-00712,2026-09-02T00:11:35Z,MGMT-01,ACME\kpatel,\ACME\Patch\DailyScan,created,UsoClient.exe StartScan,ACME\svc_patch,benign,routine scheduled task
TASK-00835,2026-09-02T00:19:39Z,MGMT-01,ACME\svc_patch,\Microsoft\Windows\DiskCleanup,updated,powershell.exe -File C:\ACME\Patch\scan.ps1,ACME\svc_patch,benign,routine scheduled task
TASK-01756,2026-09-02T00:22:18Z,MGMT-01,ACME\svc_patch,\Microsoft\Windows\DiskCleanup,updated,UsoClient.exe StartScan,NT AUTHORITY\SYSTEM,benign,routine scheduled task
TASK-01691,2026-09-02T00:26:18Z,DC-01,ACME\kpatel,\Microsoft\Windows\DiskCleanup,created,UsoClient.exe StartScan,ACME\svc_patch,benign,routine scheduled task
TASK-00507,2026-09-02T00:31:56Z,APP-03,ACME\admin.ops,\Microsoft\Windows\Update\Maintenance,completed,UsoClient.exe StartScan,ACME\svc_patch,benign,routine scheduled task
TASK-00401,2026-09-02T00:32:48Z,PATCH-01,ACME\admin.ops,\Microsoft\Windows\Update\Maintenance,completed,cleanmgr.exe /AUTOCLEAN,NT AUTHORITY\SYSTEM,benign,routine scheduled task
TASK-01330,2026-09-02T00:34:06Z,HR-WS-22,ACME\admin.ops,\ACME\Patch\DailyScan,completed,powershell.exe -File C:\ACME\Patch\scan.ps1,ACME\svc_patch,benign,routine scheduled task
TASK-00472,2026-09-02T00:36:35Z,DC-01,ACME\admin.ops,\ACME\Patch\DailyScan,completed,cleanmgr.exe /AUTOCLEAN,NT AUTHORITY\SYSTEM,benign,routine scheduled task
TASK-00661,2026-09-02T00:39:53Z,FILE-02,ACME\kpatel,\ACME\Patch\DailyScan,started,powershell.exe -File C:\ACME\Patch\scan.ps1,NT AUTHORITY\SYSTEM,benign,routine scheduled task
TASK-00615,2026-09-02T00:42:20Z,MGMT-01,ACME\admin.ops,\ACME\Patch\DailyScan,updated,UsoClient.exe StartScan,NT AUTHORITY\SYSTEM,benign,routine scheduled task
TASK-00606,2026-09-02T00:43:32Z,FILE-02,ACME\kpatel,\Microsoft\Windows\Update\Maintenance,completed,powershell.exe -File C:\ACME\Patch\scan.ps1,NT AUTHORITY\SYSTEM,benign,routine scheduled task
TASK-01658,2026-09-02T00:53:14Z,HR-WS-22,NT AUTHORITY\SYSTEM,\ACME\Patch\DailyScan,started,powershell.exe -File C:\ACME\Patch\scan.ps1,NT AUTHORITY\SYSTEM,benign,routine scheduled task
TASK-01491,2026-09-02T01:05:14Z,DC-01,ACME\jsmith,\ACME\Patch\DailyScan,updated,cleanmgr.exe /AUTOCLEAN,ACME\svc_patch,benign,routine scheduled task
TASK-01454,2026-09-02T01:09:32Z,MGMT-01,ACME\kpatel,\Microsoft\Windows\DiskCleanup,started,powershell.exe -File C:\ACME\Patch\scan.ps1,NT AUTHORITY\SYSTEM,benign,routine scheduled task
TASK-00701,2026-09-02T01:15:26Z,PATCH-01,ACME\jsmith,\Microsoft\Windows\Update\Maintenance,completed,powershell.exe -File C:\ACME\Patch\scan.ps1,ACME\svc_patch,benign,routine scheduled task
TASK-00697,2026-09-02T01:17:39Z,APP-03,ACME\admin.ops,\Microsoft\Windows\Update\Maintenance,updated,powershell.exe -File C:\ACME\Patch\scan.ps1,ACME\svc_patch,benign,routine scheduled task
TASK-00055,2026-09-02T01:28:15Z,JUMP-01,ACME\jsmith,\ACME\Patch\DailyScan,completed,powershell.exe -File C:\ACME\Patch\scan.ps1,ACME\svc_patch,benign,routine scheduled task
TASK-01088,2026-09-02T01:28:37Z,APP-03,ACME\admin.ops,\ACME\Patch\DailyScan,created,cleanmgr.exe /AUTOCLEAN,NT AUTHORITY\SYSTEM,benign,routine scheduled task
TASK-01244,2026-09-02T01:28:49Z,APP-03,ACME\kpatel,\Microsoft\Windows\Update\Maintenance,updated,cleanmgr.exe /AUTOCLEAN,NT AUTHORITY\SYSTEM,benign,routine scheduled task
TASK-00685,2026-09-02T01:29:54Z,DC-01,ACME\kpatel,\Microsoft\Windows\DiskCleanup,updated,UsoClient.exe StartScan,ACME\svc_patch,benign,routine scheduled task
TASK-00151,2026-09-02T01:30:48Z,FILE-02,ACME\admin.ops,\ACME\Patch\DailyScan,created,powershell.exe -File C:\ACME\Patch\scan.ps1,NT AUTHORITY\SYSTEM,benign,routine scheduled task
TASK-00748,2026-09-02T01:32:31Z,HR-WS-22,NT AUTHORITY\SYSTEM,\Microsoft\Windows\DiskCleanup,created,cleanmgr.exe /AUTOCLEAN,ACME\svc_patch,benign,routine scheduled task
TASK-01549,2026-09-02T01:34:38Z,PATCH-01,ACME\admin.ops,\Microsoft\Windows\Update\Maintenance,completed,powershell.exe -File C:\ACME\Patch\scan.ps1,ACME\svc_patch,benign,routine scheduled task
TASK-01101,2026-09-02T01:41:54Z,JUMP-01,ACME\svc_patch,\Microsoft\Windows\Update\Maintenance,started,cleanmgr.exe /AUTOCLEAN,NT AUTHORITY\SYSTEM,benign,routine scheduled task
TASK-00124,2026-09-02T01:43:36Z,JUMP-01,ACME\kpatel,\ACME\Patch\DailyScan,completed,powershell.exe -File C:\ACME\Patch\scan.ps1,NT AUTHORITY\SYSTEM,benign,routine scheduled task
TASK-00459,2026-09-02T01:44:12Z,JUMP-01,ACME\svc_patch,\ACME\Patch\DailyScan,started,powershell.exe -File C:\ACME\Patch\scan.ps1,ACME\svc_patch,benign,routine scheduled task
TASK-01222,2026-09-02T01:54:15Z,MGMT-01,ACME\jsmith,\Microsoft\Windows\DiskCleanup,created,powershell.exe -File C:\ACME\Patch\scan.ps1,NT AUTHORITY\SYSTEM,benign,routine scheduled task
TASK-00520,2026-09-02T01:59:55Z,APP-03,ACME\admin.ops,\Microsoft\Windows\DiskCleanup,started,UsoClient.exe StartScan,ACME\svc_patch,benign,routine scheduled task
TASK-00648,2026-09-02T02:05:07Z,PATCH-01,ACME\svc_patch,\Microsoft\Windows\Update\Maintenance,updated,cleanmgr.exe /AUTOCLEAN,NT AUTHORITY\SYSTEM,benign,routine scheduled task
TASK-00468,2026-09-02T02:10:46Z,JUMP-01,ACME\kpatel,\Microsoft\Windows\DiskCleanup,created,powershell.exe -File C:\ACME\Patch\scan.ps1,ACME\svc_patch,benign,routine scheduled task
TASK-00860,2026-09-02T02:20:15Z,JUMP-01,ACME\admin.ops,\ACME\Patch\DailyScan,updated,UsoClient.exe StartScan,NT AUTHORITY\SYSTEM,benign,routine scheduled task
TASK-01048,2026-09-02T02:31:14Z,JUMP-01,ACME\admin.ops,\Microsoft\Windows\DiskCleanup,updated,cleanmgr.exe /AUTOCLEAN,NT AUTHORITY\SYSTEM,benign,routine scheduled task
TASK-01419,2026-09-02T02:49:21Z,JUMP-01,ACME\svc_patch,\Microsoft\Windows\DiskCleanup,started,powershell.exe -File C:\ACME\Patch\scan.ps1,NT AUTHORITY\SYSTEM,benign,routine scheduled task
TASK-00452,2026-09-02T02:50:19Z,PATCH-01,ACME\jsmith,\Microsoft\Windows\DiskCleanup,completed,cleanmgr.exe /AUTOCLEAN,ACME\svc_patch,benign,routine scheduled task
TASK-00227,2026-09-02T02:54:34Z,MGMT-01,ACME\jsmith,\ACME\Patch\DailyScan,started,cleanmgr.exe /AUTOCLEAN,NT AUTHORITY\SYSTEM,benign,routine scheduled task
TASK-01727,2026-09-02T02:58:36Z,DC-01,ACME\kpatel,\Microsoft\Windows\Update\Maintenance,updated,cleanmgr.exe /AUTOCLEAN,NT AUTHORITY\SYSTEM,benign,routine scheduled task
TASK-00944,2026-09-02T03:00:05Z,HR-WS-22,ACME\svc_patch,\Microsoft\Windows\Update\Maintenance,completed,cleanmgr.exe /AUTOCLEAN,ACME\svc_patch,benign,routine scheduled task
TASK-00010,2026-09-02T03:13:54Z,FILE-02,ACME\kpatel,\ACME\Patch\DailyScan,completed,UsoClient.exe StartScan,NT AUTHORITY\SYSTEM,benign,routine scheduled task
TASK-00766,2026-09-02T03:14:26Z,APP-03,NT AUTHORITY\SYSTEM,\ACME\Patch\DailyScan,started,powershell.exe -File C:\ACME\Patch\scan.ps1,NT AUTHORITY\SYSTEM,benign,routine scheduled task
TASK-01264,2026-09-02T03:15:23Z,MGMT-01,ACME\jsmith,\Microsoft\Windows\Update\Maintenance,updated,powershell.exe -File C:\ACME\Patch\scan.ps1,NT AUTHORITY\SYSTEM,benign,routine scheduled task
TASK-01487,2026-09-02T03:17:41Z,DC-01,ACME\admin.ops,\ACME\Patch\DailyScan,created,powershell.exe -File C:\ACME\Patch\scan.ps1,ACME\svc_patch,benign,routine scheduled task
TASK-00587,2026-09-02T03:17:43Z,MGMT-01,ACME\admin.ops,\Microsoft\Windows\DiskCleanup,created,cleanmgr.exe /AUTOCLEAN,ACME\svc_patch,benign,routine scheduled task
TASK-00251,2026-09-02T03:19:24Z,HR-WS-22,NT AUTHORITY\SYSTEM,\ACME\Patch\DailyScan,started,powershell.exe -File C:\ACME\Patch\scan.ps1,NT AUTHORITY\SYSTEM,benign,routine scheduled task
TASK-01355,2026-09-02T03:22:20Z,HR-WS-22,ACME\jsmith,\Microsoft\Windows\DiskCleanup,updated,cleanmgr.exe /AUTOCLEAN,ACME\svc_patch,benign,routine scheduled task
TASK-01372,2026-09-02T03:36:03Z,APP-03,NT AUTHORITY\SYSTEM,\Microsoft\Windows\Update\Maintenance,started,powershell.exe -File C:\ACME\Patch\scan.ps1,NT AUTHORITY\SYSTEM,benign,routine scheduled task
TASK-01341,2026-09-02T03:37:21Z,JUMP-01,NT AUTHORITY\SYSTEM,\ACME\Patch\DailyScan,started,cleanmgr.exe /AUTOCLEAN,NT AUTHORITY\SYSTEM,benign,routine scheduled task
TASK-01611,2026-09-02T03:44:43Z,JUMP-01,ACME\kpatel,\Microsoft\Windows\Update\Maintenance,started,UsoClient.exe StartScan,ACME\svc_patch,benign,routine scheduled task
TASK-01194,2026-09-02T03:48:46Z,PATCH-01,ACME\kpatel,\Microsoft\Windows\DiskCleanup,completed,UsoClient.exe StartScan,ACME\svc_patch,benign,routine scheduled task
TASK-01422,2026-09-02T03:54:45Z,JUMP-01,NT AUTHORITY\SYSTEM,\Microsoft\Windows\DiskCleanup,started,powershell.exe -File C:\ACME\Patch\scan.ps1,ACME\svc_patch,benign,routine scheduled task
TASK-00594,2026-09-02T03:57:46Z,APP-03,NT AUTHORITY\SYSTEM,\Microsoft\Windows\DiskCleanup,completed,powershell.exe -File C:\ACME\Patch\scan.ps1,ACME\svc_patch,benign,routine scheduled task
TASK-00842,2026-09-02T03:58:24Z,PATCH-01,ACME\svc_patch,\Microsoft\Windows\Update\Maintenance,started,cleanmgr.exe /AUTOCLEAN,ACME\svc_patch,benign,routine scheduled task
TASK-00497,2026-09-02T04:03:44Z,MGMT-01,ACME\jsmith,\ACME\Patch\DailyScan,started,cleanmgr.exe /AUTOCLEAN,NT AUTHORITY\SYSTEM,benign,routine scheduled task
TASK-01679,2026-09-02T04:11:09Z,APP-03,NT AUTHORITY\SYSTEM,\Microsoft\Windows\DiskCleanup,started,powershell.exe -File C:\ACME\Patch\scan.ps1,NT AUTHORITY\SYSTEM,benign,routine scheduled task
TASK-00867,2026-09-02T04:22:16Z,DC-01,ACME\admin.ops,\Microsoft\Windows\DiskCleanup,created,powershell.exe -File C:\ACME\Patch\scan.ps1,NT AUTHORITY\SYSTEM,benign,routine scheduled task
TASK-00557,2026-09-02T04:22:57Z,HR-WS-22,ACME\admin.ops,\Microsoft\Windows\DiskCleanup,completed,UsoClient.exe StartScan,NT AUTHORITY\SYSTEM,benign,routine scheduled task
TASK-01139,2026-09-02T04:24:50Z,PATCH-01,ACME\admin.ops,\Microsoft\Windows\Update\Maintenance,updated,UsoClient.exe StartScan,ACME\svc_patch,benign,routine scheduled task
TASK-00561,2026-09-02T04:25:31Z,JUMP-01,ACME\svc_patch,\ACME\Patch\DailyScan,started,powershell.exe -File C:\ACME\Patch\scan.ps1,ACME\svc_patch,benign,routine scheduled task
TASK-01443,2026-09-02T04:27:11Z,PATCH-01,ACME\kpatel,\Microsoft\Windows\DiskCleanup,updated,UsoClient.exe StartScan,ACME\svc_patch,benign,routine scheduled task
TASK-01513,2026-09-02T04:28:07Z,MGMT-01,ACME\kpatel,\Microsoft\Windows\DiskCleanup,completed,powershell.exe -File C:\ACME\Patch\scan.ps1,ACME\svc_patch,benign,routine scheduled task
TASK-00954,2026-09-02T04:32:05Z,FILE-02,ACME\kpatel,\Microsoft\Windows\Update\Maintenance,created,powershell.exe -File C:\ACME\Patch\scan.ps1,NT AUTHORITY\SYSTEM,benign,routine scheduled task
TASK-01400,2026-09-02T04:32:44Z,DC-01,NT AUTHORITY\SYSTEM,\Microsoft\Windows\Update\Maintenance,started,cleanmgr.exe /AUTOCLEAN,NT AUTHORITY\SYSTEM,benign,routine scheduled task
TASK-00614,2026-09-02T04:35:24Z,PATCH-01,ACME\svc_patch,\Microsoft\Windows\Update\Maintenance,completed,UsoClient.exe StartScan,ACME\svc_patch,benign,routine scheduled task
TASK-00232,2026-09-02T04:35:46Z,DC-01,ACME\admin.ops,\Microsoft\Windows\Update\Maintenance,started,UsoClient.exe StartScan,NT AUTHORITY\SYSTEM,benign,routine scheduled task
TASK-01554,2026-09-02T04:41:37Z,PATCH-01,ACME\jsmith,\Microsoft\Windows\DiskCleanup,started,UsoClient.exe StartScan,NT AUTHORITY\SYSTEM,benign,routine scheduled task
TASK-00421,2026-09-02T04:43:59Z,DC-01,ACME\admin.ops,\Microsoft\Windows\Update\Maintenance,completed,cleanmgr.exe /AUTOCLEAN,NT AUTHORITY\SYSTEM,benign,routine scheduled task
TASK-01493,2026-09-02T04:56:06Z,DC-01,ACME\kpatel,\Microsoft\Windows\DiskCleanup,updated,cleanmgr.exe /AUTOCLEAN,NT AUTHORITY\SYSTEM,benign,routine scheduled task
TASK-01675,2026-09-02T05:01:47Z,FILE-02,ACME\jsmith,\Microsoft\Windows\Update\Maintenance,created,UsoClient.exe StartScan,ACME\svc_patch,benign,routine scheduled task
TASK-00202,2026-09-02T05:02:29Z,APP-03,ACME\admin.ops,\Microsoft\Windows\DiskCleanup,completed,powershell.exe -File C:\ACME\Patch\scan.ps1,ACME\svc_patch,benign,routine scheduled task
TASK-01338,2026-09-02T05:03:58Z,DC-01,ACME\kpatel,\ACME\Patch\DailyScan,started,UsoClient.exe StartScan,NT AUTHORITY\SYSTEM,benign,routine scheduled task
TASK-01519,2026-09-02T05:11:27Z,DC-01,ACME\jsmith,\Microsoft\Windows\DiskCleanup,updated,powershell.exe -File C:\ACME\Patch\scan.ps1,ACME\svc_patch,benign,routine scheduled task
TASK-00629,2026-09-02T05:15:24Z,MGMT-01,ACME\svc_patch,\ACME\Patch\DailyScan,created,cleanmgr.exe /AUTOCLEAN,ACME\svc_patch,benign,routine scheduled task
TASK-00719,2026-09-02T05:19:16Z,FILE-02,ACME\kpatel,\ACME\Patch\DailyScan,started,cleanmgr.exe /AUTOCLEAN,ACME\svc_patch,benign,routine scheduled task
TASK-00619,2026-09-02T05:28:55Z,APP-03,ACME\svc_patch,\Microsoft\Windows\Update\Maintenance,started,cleanmgr.exe /AUTOCLEAN,NT AUTHORITY\SYSTEM,benign,routine scheduled task
TASK-00832,2026-09-02T05:30:33Z,HR-WS-22,NT AUTHORITY\SYSTEM,\Microsoft\Windows\Update\Maintenance,updated,UsoClient.exe StartScan,NT AUTHORITY\SYSTEM,benign,routine scheduled task
TASK-00320,2026-09-02T05:33:51Z,APP-03,ACME\svc_patch,\Microsoft\Windows\Update\Maintenance,created,powershell.exe -File C:\ACME\Patch\scan.ps1,ACME\svc_patch,benign,routine scheduled task
TASK-00109,2026-09-02T05:34:22Z,APP-03,ACME\svc_patch,\Microsoft\Windows\Update\Maintenance,updated,cleanmgr.exe /AUTOCLEAN,ACME\svc_patch,benign,routine scheduled task
TASK-01744,2026-09-02T05:34:31Z,JUMP-01,ACME\svc_patch,\ACME\Patch\DailyScan,completed,UsoClient.exe StartScan,NT AUTHORITY\SYSTEM,benign,routine scheduled task
TASK-00610,2026-09-02T05:35:21Z,APP-03,NT AUTHORITY\SYSTEM,\Microsoft\Windows\Update\Maintenance,completed,UsoClient.exe StartScan,NT AUTHORITY\SYSTEM,benign,routine scheduled task
TASK-01014,2026-09-02T05:37:22Z,PATCH-01,ACME\kpatel,\ACME\Patch\DailyScan,created,powershell.exe -File C:\ACME\Patch\scan.ps1,ACME\svc_patch,benign,routine scheduled task
TASK-00266,2026-09-02T05:45:00Z,PATCH-01,ACME\svc_patch,\Microsoft\Windows\DiskCleanup,completed,UsoClient.exe StartScan,ACME\svc_patch,benign,routine scheduled task
TASK-00577,2026-09-02T05:48:18Z,MGMT-01,ACME\svc_patch,\Microsoft\Windows\Update\Maintenance,updated,powershell.exe -File C:\ACME\Patch\scan.ps1,ACME\svc_patch,benign,routine scheduled task
TASK-00093,2026-09-02T05:53:24Z,DC-01,ACME\jsmith,\ACME\Patch\DailyScan,updated,UsoClient.exe StartScan,NT AUTHORITY\SYSTEM,benign,routine scheduled task
TASK-01634,2026-09-02T05:53:37Z,DC-01,ACME\kpatel,\Microsoft\Windows\Update\Maintenance,started,UsoClient.exe StartScan,ACME\svc_patch,benign,routine scheduled task
TASK-01669,2026-09-02T05:54:21Z,JUMP-01,ACME\admin.ops,\Microsoft\Windows\DiskCleanup,created,powershell.exe -File C:\ACME\Patch\scan.ps1,ACME\svc_patch,benign,routine scheduled task
TASK-00670,2026-09-02T05:56:15Z,DC-01,NT AUTHORITY\SYSTEM,\ACME\Patch\DailyScan,created,powershell.exe -File C:\ACME\Patch\scan.ps1,NT AUTHORITY\SYSTEM,benign,routine scheduled task
TASK-00035,2026-09-02T06:01:49Z,DC-01,ACME\kpatel,\ACME\Patch\DailyScan,completed,UsoClient.exe StartScan,NT AUTHORITY\SYSTEM,benign,routine scheduled task
TASK-00757,2026-09-02T06:05:54Z,FILE-02,ACME\jsmith,\Microsoft\Windows\DiskCleanup,completed,UsoClient.exe StartScan,ACME\svc_patch,benign,routine scheduled task
TASK-00177,2026-09-02T06:06:45Z,APP-03,NT AUTHORITY\SYSTEM,\Microsoft\Windows\Update\Maintenance,updated,cleanmgr.exe /AUTOCLEAN,ACME\svc_patch,benign,routine scheduled task
TASK-00977,2026-09-02T06:08:03Z,JUMP-01,ACME\admin.ops,\ACME\Patch\DailyScan,completed,UsoClient.exe StartScan,ACME\svc_patch,benign,routine scheduled task
TASK-00526,2026-09-02T06:09:49Z,APP-03,ACME\svc_patch,\ACME\Patch\DailyScan,created,UsoClient.exe StartScan,NT AUTHORITY\SYSTEM,benign,routine scheduled task
TASK-00928,2026-09-02T06:10:55Z,FILE-02,NT AUTHORITY\SYSTEM,\Microsoft\Windows\Update\Maintenance,completed,UsoClient.exe StartScan,ACME\svc_patch,benign,routine scheduled task
TASK-00432,2026-09-02T06:26:48Z,HR-WS-22,ACME\kpatel,\ACME\Patch\DailyScan,started,UsoClient.exe StartScan,ACME\svc_patch,benign,routine scheduled task
TASK-00210,2026-09-02T06:31:50Z,HR-WS-22,ACME\svc_patch,\Microsoft\Windows\DiskCleanup,updated,UsoClient.exe StartScan,NT AUTHORITY\SYSTEM,benign,routine scheduled task
TASK-01098,2026-09-02T06:34:24Z,PATCH-01,ACME\kpatel,\ACME\Patch\DailyScan,updated,powershell.exe -File C:\ACME\Patch\scan.ps1,ACME\svc_patch,benign,routine scheduled task
TASK-00325,2026-09-02T06:34:45Z,MGMT-01,ACME\jsmith,\Microsoft\Windows\DiskCleanup,completed,UsoClient.exe StartScan,ACME\svc_patch,benign,routine scheduled task
TASK-01381,2026-09-02T06:35:21Z,MGMT-01,ACME\jsmith,\ACME\Patch\DailyScan,updated,cleanmgr.exe /AUTOCLEAN,ACME\svc_patch,benign,routine scheduled task
TASK-01146,2026-09-02T06:41:34Z,JUMP-01,ACME\kpatel,\Microsoft\Windows\DiskCleanup,created,UsoClient.exe StartScan,NT AUTHORITY\SYSTEM,benign,routine scheduled task
TASK-00988,2026-09-02T06:45:01Z,APP-03,ACME\admin.ops,\Microsoft\Windows\DiskCleanup,started,UsoClient.exe StartScan,NT AUTHORITY\SYSTEM,benign,routine scheduled task
TASK-00356,2026-09-02T06:45:43Z,APP-03,ACME\admin.ops,\Microsoft\Windows\DiskCleanup,created,UsoClient.exe StartScan,NT AUTHORITY\SYSTEM,benign,routine scheduled task
TASK-01704,2026-09-02T06:49:07Z,FILE-02,ACME\admin.ops,\Microsoft\Windows\Update\Maintenance,completed,UsoClient.exe StartScan,ACME\svc_patch,benign,routine scheduled task
TASK-01275,2026-09-02T06:49:22Z,JUMP-01,ACME\svc_patch,\Microsoft\Windows\DiskCleanup,completed,cleanmgr.exe /AUTOCLEAN,NT AUTHORITY\SYSTEM,benign,routine scheduled task
TASK-01533,2026-09-02T06:50:31Z,JUMP-01,NT AUTHORITY\SYSTEM,\Microsoft\Windows\Update\Maintenance,created,powershell.exe -File C:\ACME\Patch\scan.ps1,ACME\svc_patch,benign,routine scheduled task
TASK-01758,2026-09-02T06:52:59Z,PATCH-01,ACME\admin.ops,\Microsoft\Windows\DiskCleanup,completed,UsoClient.exe StartScan,NT AUTHORITY\SYSTEM,benign,routine scheduled task
TASK-01427,2026-09-02T07:00:53Z,JUMP-01,ACME\kpatel,\Microsoft\Windows\DiskCleanup,completed,UsoClient.exe StartScan,ACME\svc_patch,benign,routine scheduled task
TASK-01151,2026-09-02T07:01:12Z,DC-01,ACME\svc_patch,\Microsoft\Windows\DiskCleanup,created,powershell.exe -File C:\ACME\Patch\scan.ps1,ACME\svc_patch,benign,routine scheduled task
TASK-00581,2026-09-02T07:05:20Z,DC-01,ACME\jsmith,\ACME\Patch\DailyScan,created,cleanmgr.exe /AUTOCLEAN,NT AUTHORITY\SYSTEM,benign,routine scheduled task
TASK-00890,2026-09-02T07:06:35Z,PATCH-01,ACME\jsmith,\Microsoft\Windows\DiskCleanup,updated,UsoClient.exe StartScan,NT AUTHORITY\SYSTEM,benign,routine scheduled task
TASK-00230,2026-09-02T07:07:53Z,FILE-02,ACME\svc_patch,\ACME\Patch\DailyScan,updated,UsoClient.exe StartScan,ACME\svc_patch,benign,routine scheduled task
TASK-01371,2026-09-02T07:10:00Z,APP-03,NT AUTHORITY\SYSTEM,\Microsoft\Windows\Update\Maintenance,started,powershell.exe -File C:\ACME\Patch\scan.ps1,ACME\svc_patch,benign,routine scheduled task
TASK-01472,2026-09-02T07:10:26Z,PATCH-01,ACME\svc_patch,\ACME\Patch\DailyScan,updated,UsoClient.exe StartScan,NT AUTHORITY\SYSTEM,benign,routine scheduled task
TASK-00342,2026-09-02T07:10:31Z,APP-03,ACME\jsmith,\Microsoft\Windows\DiskCleanup,updated,UsoClient.exe StartScan,ACME\svc_patch,benign,routine scheduled task
TASK-00956,2026-09-02T07:11:12Z,APP-03,ACME\admin.ops,\ACME\Patch\DailyScan,completed,UsoClient.exe StartScan,NT AUTHORITY\SYSTEM,benign,routine scheduled task
TASK-01003,2026-09-02T07:15:15Z,DC-01,NT AUTHORITY\SYSTEM,\ACME\Patch\DailyScan,created,cleanmgr.exe /AUTOCLEAN,ACME\svc_patch,benign,routine scheduled task
TASK-00765,2026-09-02T07:30:36Z,PATCH-01,NT AUTHORITY\SYSTEM,\Microsoft\Windows\Update\Maintenance,completed,UsoClient.exe StartScan,NT AUTHORITY\SYSTEM,benign,routine scheduled task
TASK-01339,2026-09-02T07:40:48Z,DC-01,ACME\kpatel,\Microsoft\Windows\DiskCleanup,started,powershell.exe -File C:\ACME\Patch\scan.ps1,NT AUTHORITY\SYSTEM,benign,routine scheduled task
TASK-01225,2026-09-02T07:47:29Z,JUMP-01,ACME\svc_patch,\Microsoft\Windows\DiskCleanup,created,powershell.exe -File C:\ACME\Patch\scan.ps1,ACME\svc_patch,benign,routine scheduled task
TASK-00622,2026-09-02T07:49:40Z,PATCH-01,ACME\jsmith,\ACME\Patch\DailyScan,completed,UsoClient.exe StartScan,NT AUTHORITY\SYSTEM,benign,routine scheduled task
TASK-00866,2026-09-02T07:56:57Z,FILE-02,NT AUTHORITY\SYSTEM,\Microsoft\Windows\DiskCleanup,completed,UsoClient.exe StartScan,NT AUTHORITY\SYSTEM,benign,routine scheduled task
TASK-00771,2026-09-02T08:03:49Z,JUMP-01,ACME\admin.ops,\Microsoft\Windows\Update\Maintenance,created,powershell.exe -File C:\ACME\Patch\scan.ps1,NT AUTHORITY\SYSTEM,benign,routine scheduled task
TASK-00045,2026-09-02T08:07:15Z,APP-03,ACME\kpatel,\Microsoft\Windows\DiskCleanup,created,cleanmgr.exe /AUTOCLEAN,ACME\svc_patch,benign,routine scheduled task
TASK-01599,2026-09-02T08:10:10Z,HR-WS-22,ACME\svc_patch,\ACME\Patch\DailyScan,completed,cleanmgr.exe /AUTOCLEAN,ACME\svc_patch,benign,routine scheduled task
TASK-00239,2026-09-02T08:11:45Z,FILE-02,ACME\kpatel,\ACME\Patch\DailyScan,started,UsoClient.exe StartScan,ACME\svc_patch,benign,routine scheduled task
TASK-01580,2026-09-02T08:16:07Z,JUMP-01,ACME\kpatel,\Microsoft\Windows\DiskCleanup,created,cleanmgr.exe /AUTOCLEAN,NT AUTHORITY\SYSTEM,benign,routine scheduled task
TASK-00446,2026-09-02T08:25:36Z,MGMT-01,ACME\kpatel,\ACME\Patch\DailyScan,started,UsoClient.exe StartScan,NT AUTHORITY\SYSTEM,benign,routine scheduled task
TASK-00558,2026-09-02T08:26:56Z,FILE-02,ACME\jsmith,\ACME\Patch\DailyScan,completed,powershell.exe -File C:\ACME\Patch\scan.ps1,ACME\svc_patch,benign,routine scheduled task
TASK-01256,2026-09-02T08:32:48Z,PATCH-01,ACME\admin.ops,\Microsoft\Windows\Update\Maintenance,completed,cleanmgr.exe /AUTOCLEAN,ACME\svc_patch,benign,routine scheduled task
TASK-01024,2026-09-02T08:35:17Z,PATCH-01,ACME\admin.ops,\ACME\Patch\DailyScan,completed,powershell.exe -File C:\ACME\Patch\scan.ps1,ACME\svc_patch,benign,routine scheduled task
TASK-00081,2026-09-02T08:36:35Z,FILE-02,ACME\admin.ops,\Microsoft\Windows\DiskCleanup,updated,UsoClient.exe StartScan,ACME\svc_patch,benign,routine scheduled task
TASK-00292,2026-09-02T08:37:08Z,DC-01,ACME\jsmith,\ACME\Patch\DailyScan,started,UsoClient.exe StartScan,NT AUTHORITY\SYSTEM,benign,routine scheduled task
TASK-00720,2026-09-02T08:37:18Z,DC-01,ACME\jsmith,\ACME\Patch\DailyScan,completed,powershell.exe -File C:\ACME\Patch\scan.ps1,NT AUTHORITY\SYSTEM,benign,routine scheduled task
TASK-00942,2026-09-02T08:38:12Z,APP-03,ACME\kpatel,\Microsoft\Windows\Update\Maintenance,started,cleanmgr.exe /AUTOCLEAN,ACME\svc_patch,benign,routine scheduled task
TASK-01346,2026-09-02T08:43:01Z,MGMT-01,ACME\kpatel,\Microsoft\Windows\DiskCleanup,updated,powershell.exe -File C:\ACME\Patch\scan.ps1,NT AUTHORITY\SYSTEM,benign,routine scheduled task
TASK-00302,2026-09-02T08:53:58Z,HR-WS-22,NT AUTHORITY\SYSTEM,\Microsoft\Windows\Update\Maintenance,started,UsoClient.exe StartScan,NT AUTHORITY\SYSTEM,benign,routine scheduled task
TASK-00714,2026-09-02T08:54:40Z,PATCH-01,ACME\svc_patch,\Microsoft\Windows\DiskCleanup,updated,cleanmgr.exe /AUTOCLEAN,NT AUTHORITY\SYSTEM,benign,routine scheduled task
TASK-01736,2026-09-02T08:54:43Z,JUMP-01,ACME\admin.ops,\Microsoft\Windows\Update\Maintenance,created,powershell.exe -File C:\ACME\Patch\scan.ps1,ACME\svc_patch,benign,routine scheduled task
TASK-00362,2026-09-02T08:56:43Z,APP-03,ACME\kpatel,\Microsoft\Windows\Update\Maintenance,completed,UsoClient.exe StartScan,ACME\svc_patch,benign,routine scheduled task
TASK-00911,2026-09-02T08:59:01Z,HR-WS-22,ACME\admin.ops,\Microsoft\Windows\DiskCleanup,updated,cleanmgr.exe /AUTOCLEAN,ACME\svc_patch,benign,routine scheduled task
TASK-00211,2026-09-02T09:06:19Z,PATCH-01,ACME\jsmith,\ACME\Patch\DailyScan,started,cleanmgr.exe /AUTOCLEAN,NT AUTHORITY\SYSTEM,benign,routine scheduled task
TASK-00635,2026-09-02T09:09:06Z,JUMP-01,ACME\kpatel,\ACME\Patch\DailyScan,completed,UsoClient.exe StartScan,ACME\svc_patch,benign,routine scheduled task
TASK-00960,2026-09-02T09:12:11Z,PATCH-01,NT AUTHORITY\SYSTEM,\Microsoft\Windows\Update\Maintenance,started,cleanmgr.exe /AUTOCLEAN,NT AUTHORITY\SYSTEM,benign,routine scheduled task
TASK-00653,2026-09-02T09:16:32Z,DC-01,ACME\kpatel,\Microsoft\Windows\Update\Maintenance,updated,powershell.exe -File C:\ACME\Patch\scan.ps1,NT AUTHORITY\SYSTEM,benign,routine scheduled task
TASK-00499,2026-09-02T09:27:09Z,FILE-02,ACME\svc_patch,\Microsoft\Windows\DiskCleanup,started,cleanmgr.exe /AUTOCLEAN,ACME\svc_patch,benign,routine scheduled task
TASK-00284,2026-09-02T09:29:11Z,DC-01,ACME\admin.ops,\ACME\Patch\DailyScan,updated,powershell.exe -File C:\ACME\Patch\scan.ps1,NT AUTHORITY\SYSTEM,benign,routine scheduled task
TASK-01735,2026-09-02T09:37:35Z,APP-03,ACME\svc_patch,\Microsoft\Windows\DiskCleanup,updated,cleanmgr.exe /AUTOCLEAN,ACME\svc_patch,benign,routine scheduled task
TASK-01284,2026-09-02T09:38:42Z,APP-03,NT AUTHORITY\SYSTEM,\Microsoft\Windows\DiskCleanup,created,UsoClient.exe StartScan,NT AUTHORITY\SYSTEM,benign,routine scheduled task
TASK-01216,2026-09-02T09:45:06Z,FILE-02,ACME\svc_patch,\ACME\Patch\DailyScan,updated,powershell.exe -File C:\ACME\Patch\scan.ps1,ACME\svc_patch,benign,routine scheduled task
TASK-00140,2026-09-02T09:45:11Z,APP-03,NT AUTHORITY\SYSTEM,\Microsoft\Windows\DiskCleanup,created,cleanmgr.exe /AUTOCLEAN,NT AUTHORITY\SYSTEM,benign,routine scheduled task
TASK-01417,2026-09-02T09:46:41Z,PATCH-01,ACME\admin.ops,\ACME\Patch\DailyScan,started,cleanmgr.exe /AUTOCLEAN,ACME\svc_patch,benign,routine scheduled task
TASK-00439,2026-09-02T09:57:10Z,HR-WS-22,NT AUTHORITY\SYSTEM,\Microsoft\Windows\Update\Maintenance,created,UsoClient.exe StartScan,NT AUTHORITY\SYSTEM,benign,routine scheduled task
TASK-00147,2026-09-02T10:01:44Z,DC-01,ACME\jsmith,\ACME\Patch\DailyScan,updated,UsoClient.exe StartScan,ACME\svc_patch,benign,routine scheduled task
TASK-00734,2026-09-02T10:01:47Z,APP-03,ACME\admin.ops,\ACME\Patch\DailyScan,updated,powershell.exe -File C:\ACME\Patch\scan.ps1,NT AUTHORITY\SYSTEM,benign,routine scheduled task
TASK-00053,2026-09-02T10:03:41Z,DC-01,ACME\jsmith,\ACME\Patch\DailyScan,created,powershell.exe -File C:\ACME\Patch\scan.ps1,NT AUTHORITY\SYSTEM,benign,routine scheduled task
TASK-00818,2026-09-02T10:03:52Z,DC-01,ACME\jsmith,\Microsoft\Windows\Update\Maintenance,started,UsoClient.exe StartScan,ACME\svc_patch,benign,routine scheduled task
TASK-01698,2026-09-02T10:08:05Z,MGMT-01,ACME\admin.ops,\Microsoft\Windows\DiskCleanup,updated,powershell.exe -File C:\ACME\Patch\scan.ps1,NT AUTHORITY\SYSTEM,benign,routine scheduled task
TASK-01432,2026-09-02T10:14:12Z,APP-03,ACME\kpatel,\Microsoft\Windows\DiskCleanup,completed,cleanmgr.exe /AUTOCLEAN,NT AUTHORITY\SYSTEM,benign,routine scheduled task
TASK-01325,2026-09-02T10:24:25Z,JUMP-01,ACME\svc_patch,\Microsoft\Windows\DiskCleanup,started,cleanmgr.exe /AUTOCLEAN,NT AUTHORITY\SYSTEM,benign,routine scheduled task
TASK-00655,2026-09-02T10:32:35Z,APP-03,NT AUTHORITY\SYSTEM,\Microsoft\Windows\DiskCleanup,completed,powershell.exe -File C:\ACME\Patch\scan.ps1,NT AUTHORITY\SYSTEM,benign,routine scheduled task
TASK-01233,2026-09-02T10:36:19Z,JUMP-01,ACME\jsmith,\ACME\Patch\DailyScan,updated,cleanmgr.exe /AUTOCLEAN,NT AUTHORITY\SYSTEM,benign,routine scheduled task
TASK-00425,2026-09-02T10:39:08Z,JUMP-01,NT AUTHORITY\SYSTEM,\Microsoft\Windows\Update\Maintenance,started,powershell.exe -File C:\ACME\Patch\scan.ps1,NT AUTHORITY\SYSTEM,benign,routine scheduled task
TASK-00170,2026-09-02T10:40:12Z,APP-03,NT AUTHORITY\SYSTEM,\Microsoft\Windows\Update\Maintenance,completed,powershell.exe -File C:\ACME\Patch\scan.ps1,NT AUTHORITY\SYSTEM,benign,routine scheduled task
TASK-00891,2026-09-02T10:41:22Z,APP-03,ACME\svc_patch,\Microsoft\Windows\DiskCleanup,created,cleanmgr.exe /AUTOCLEAN,ACME\svc_patch,benign,routine scheduled task
TASK-00075,2026-09-02T10:48:04Z,HR-WS-22,NT AUTHORITY\SYSTEM,\ACME\Patch\DailyScan,updated,UsoClient.exe StartScan,ACME\svc_patch,benign,routine scheduled task
TASK-00522,2026-09-02T10:49:47Z,PATCH-01,ACME\admin.ops,\Microsoft\Windows\DiskCleanup,started,cleanmgr.exe /AUTOCLEAN,ACME\svc_patch,benign,routine scheduled task
TASK-01082,2026-09-02T10:57:19Z,MGMT-01,ACME\jsmith,\Microsoft\Windows\DiskCleanup,created,powershell.exe -File C:\ACME\Patch\scan.ps1,NT AUTHORITY\SYSTEM,benign,routine scheduled task
TASK-00481,2026-09-02T10:58:05Z,FILE-02,ACME\jsmith,\Microsoft\Windows\Update\Maintenance,updated,cleanmgr.exe /AUTOCLEAN,NT AUTHORITY\SYSTEM,benign,routine scheduled task
TASK-00612,2026-09-02T11:02:25Z,HR-WS-22,ACME\kpatel,\ACME\Patch\DailyScan,updated,cleanmgr.exe /AUTOCLEAN,NT AUTHORITY\SYSTEM,benign,routine scheduled task
TASK-01301,2026-09-02T11:05:30Z,MGMT-01,ACME\jsmith,\Microsoft\Windows\Update\Maintenance,started,UsoClient.exe StartScan,NT AUTHORITY\SYSTEM,benign,routine scheduled task
TASK-00082,2026-09-02T11:06:03Z,JUMP-01,ACME\svc_patch,\Microsoft\Windows\DiskCleanup,started,UsoClient.exe StartScan,ACME\svc_patch,benign,routine scheduled task
TASK-00390,2026-09-02T11:07:50Z,FILE-02,ACME\svc_patch,\Microsoft\Windows\DiskCleanup,updated,powershell.exe -File C:\ACME\Patch\scan.ps1,NT AUTHORITY\SYSTEM,benign,routine scheduled task
TASK-01602,2026-09-02T11:11:55Z,HR-WS-22,ACME\jsmith,\ACME\Patch\DailyScan,updated,UsoClient.exe StartScan,ACME\svc_patch,benign,routine scheduled task
TASK-00049,2026-09-02T11:15:21Z,DC-01,ACME\svc_patch,\Microsoft\Windows\DiskCleanup,started,UsoClient.exe StartScan,NT AUTHORITY\SYSTEM,benign,routine scheduled task
TASK-01177,2026-09-02T11:15:32Z,APP-03,NT AUTHORITY\SYSTEM,\ACME\Patch\DailyScan,updated,powershell.exe -File C:\ACME\Patch\scan.ps1,NT AUTHORITY\SYSTEM,benign,routine scheduled task
TASK-00950,2026-09-02T11:17:45Z,APP-03,ACME\svc_patch,\ACME\Patch\DailyScan,completed,powershell.exe -File C:\ACME\Patch\scan.ps1,ACME\svc_patch,benign,routine scheduled task
TASK-01380,2026-09-02T11:27:22Z,HR-WS-22,ACME\admin.ops,\Microsoft\Windows\DiskCleanup,started,powershell.exe -File C:\ACME\Patch\scan.ps1,NT AUTHORITY\SYSTEM,benign,routine scheduled task
TASK-00042,2026-09-02T11:28:44Z,HR-WS-22,ACME\kpatel,\ACME\Patch\DailyScan,created,UsoClient.exe StartScan,ACME\svc_patch,benign,routine scheduled task
TASK-00846,2026-09-02T11:33:50Z,MGMT-01,ACME\jsmith,\Microsoft\Windows\Update\Maintenance,completed,powershell.exe -File C:\ACME\Patch\scan.ps1,NT AUTHORITY\SYSTEM,benign,routine scheduled task
TASK-00122,2026-09-02T11:36:56Z,DC-01,ACME\jsmith,\Microsoft\Windows\Update\Maintenance,started,cleanmgr.exe /AUTOCLEAN,NT AUTHORITY\SYSTEM,benign,routine scheduled task
TASK-00918,2026-09-02T11:48:45Z,PATCH-01,NT AUTHORITY\SYSTEM,\ACME\Patch\DailyScan,started,powershell.exe -File C:\ACME\Patch\scan.ps1,ACME\svc_patch,benign,routine scheduled task
TASK-01368,2026-09-02T11:51:13Z,APP-03,ACME\svc_patch,\Microsoft\Windows\DiskCleanup,updated,cleanmgr.exe /AUTOCLEAN,NT AUTHORITY\SYSTEM,benign,routine scheduled task
TASK-01392,2026-09-02T11:52:28Z,FILE-02,ACME\jsmith,\Microsoft\Windows\DiskCleanup,completed,cleanmgr.exe /AUTOCLEAN,ACME\svc_patch,benign,routine scheduled task
TASK-00298,2026-09-02T11:59:54Z,FILE-02,ACME\svc_patch,\ACME\Patch\DailyScan,started,powershell.exe -File C:\ACME\Patch\scan.ps1,ACME\svc_patch,benign,routine scheduled task
TASK-01591,2026-09-02T12:00:25Z,APP-03,ACME\jsmith,\ACME\Patch\DailyScan,updated,UsoClient.exe StartScan,ACME\svc_patch,benign,routine scheduled task
TASK-01506,2026-09-02T12:00:59Z,APP-03,ACME\jsmith,\ACME\Patch\DailyScan,created,UsoClient.exe StartScan,NT AUTHORITY\SYSTEM,benign,routine scheduled task
TASK-01029,2026-09-02T12:03:46Z,FILE-02,NT AUTHORITY\SYSTEM,\Microsoft\Windows\DiskCleanup,created,cleanmgr.exe /AUTOCLEAN,ACME\svc_patch,benign,routine scheduled task
TASK-01728,2026-09-02T12:05:07Z,PATCH-01,ACME\svc_patch,\Microsoft\Windows\Update\Maintenance,started,powershell.exe -File C:\ACME\Patch\scan.ps1,ACME\svc_patch,benign,routine scheduled task
TASK-00979,2026-09-02T12:08:26Z,HR-WS-22,ACME\svc_patch,\Microsoft\Windows\DiskCleanup,created,powershell.exe -File C:\ACME\Patch\scan.ps1,NT AUTHORITY\SYSTEM,benign,routine scheduled task
TASK-00455,2026-09-02T12:10:27Z,JUMP-01,NT AUTHORITY\SYSTEM,\Microsoft\Windows\DiskCleanup,completed,UsoClient.exe StartScan,NT AUTHORITY\SYSTEM,benign,routine scheduled task
TASK-01640,2026-09-02T12:16:42Z,JUMP-01,NT AUTHORITY\SYSTEM,\ACME\Patch\DailyScan,updated,powershell.exe -File C:\ACME\Patch\scan.ps1,ACME\svc_patch,benign,routine scheduled task
TASK-00137,2026-09-02T12:17:32Z,PATCH-01,ACME\kpatel,\Microsoft\Windows\DiskCleanup,updated,UsoClient.exe StartScan,NT AUTHORITY\SYSTEM,benign,routine scheduled task
TASK-01370,2026-09-02T12:23:54Z,FILE-02,ACME\admin.ops,\Microsoft\Windows\DiskCleanup,completed,UsoClient.exe StartScan,NT AUTHORITY\SYSTEM,benign,routine scheduled task
TASK-01357,2026-09-02T12:25:09Z,MGMT-01,ACME\kpatel,\Microsoft\Windows\DiskCleanup,updated,cleanmgr.exe /AUTOCLEAN,NT AUTHORITY\SYSTEM,benign,routine scheduled task
TASK-00875,2026-09-02T12:29:41Z,PATCH-01,ACME\kpatel,\Microsoft\Windows\DiskCleanup,started,UsoClient.exe StartScan,ACME\svc_patch,benign,routine scheduled task
TASK-00500,2026-09-02T12:31:13Z,HR-WS-22,ACME\jsmith,\Microsoft\Windows\DiskCleanup,completed,cleanmgr.exe /AUTOCLEAN,NT AUTHORITY\SYSTEM,benign,routine scheduled task
TASK-00087,2026-09-02T12:41:43Z,PATCH-01,ACME\kpatel,\Microsoft\Windows\DiskCleanup,updated,powershell.exe -File C:\ACME\Patch\scan.ps1,NT AUTHORITY\SYSTEM,benign,routine scheduled task
TASK-00549,2026-09-02T12:49:20Z,HR-WS-22,ACME\svc_patch,\ACME\Patch\DailyScan,completed,cleanmgr.exe /AUTOCLEAN,NT AUTHORITY\SYSTEM,benign,routine scheduled task
TASK-01310,2026-09-02T12:52:05Z,HR-WS-22,ACME\admin.ops,\Microsoft\Windows\DiskCleanup,started,cleanmgr.exe /AUTOCLEAN,NT AUTHORITY\SYSTEM,benign,routine scheduled task
TASK-00419,2026-09-02T12:54:23Z,FILE-02,ACME\svc_patch,\Microsoft\Windows\Update\Maintenance,completed,powershell.exe -File C:\ACME\Patch\scan.ps1,NT AUTHORITY\SYSTEM,benign,routine scheduled task
TASK-00894,2026-09-02T12:56:42Z,FILE-02,ACME\svc_patch,\ACME\Patch\DailyScan,created,powershell.exe -File C:\ACME\Patch\scan.ps1,NT AUTHORITY\SYSTEM,benign,routine scheduled task
TASK-00280,2026-09-02T13:05:04Z,APP-03,ACME\svc_patch,\ACME\Patch\DailyScan,started,cleanmgr.exe /AUTOCLEAN,ACME\svc_patch,benign,routine scheduled task
TASK-01081,2026-09-02T13:09:31Z,MGMT-01,ACME\jsmith,\Microsoft\Windows\DiskCleanup,updated,UsoClient.exe StartScan,NT AUTHORITY\SYSTEM,benign,routine scheduled task
TASK-01544,2026-09-02T13:18:06Z,PATCH-01,ACME\admin.ops,\Microsoft\Windows\DiskCleanup,created,powershell.exe -File C:\ACME\Patch\scan.ps1,NT AUTHORITY\SYSTEM,benign,routine scheduled task
TASK-01208,2026-09-02T13:18:32Z,APP-03,ACME\svc_patch,\ACME\Patch\DailyScan,started,powershell.exe -File C:\ACME\Patch\scan.ps1,ACME\svc_patch,benign,routine scheduled task
TASK-00796,2026-09-02T13:23:01Z,APP-03,ACME\jsmith,\Microsoft\Windows\DiskCleanup,created,powershell.exe -File C:\ACME\Patch\scan.ps1,ACME\svc_patch,benign,routine scheduled task
TASK-01607,2026-09-02T13:34:04Z,FILE-02,ACME\svc_patch,\Microsoft\Windows\DiskCleanup,started,cleanmgr.exe /AUTOCLEAN,NT AUTHORITY\SYSTEM,benign,routine scheduled task
TASK-00112,2026-09-02T13:36:29Z,PATCH-01,NT AUTHORITY\SYSTEM,\Microsoft\Windows\Update\Maintenance,updated,UsoClient.exe StartScan,NT AUTHORITY\SYSTEM,benign,routine scheduled task
TASK-00518,2026-09-02T13:41:20Z,MGMT-01,NT AUTHORITY\SYSTEM,\Microsoft\Windows\Update\Maintenance,created,cleanmgr.exe /AUTOCLEAN,NT AUTHORITY\SYSTEM,benign,routine scheduled task
TASK-00958,2026-09-02T13:44:42Z,FILE-02,NT AUTHORITY\SYSTEM,\ACME\Patch\DailyScan,completed,cleanmgr.exe /AUTOCLEAN,ACME\svc_patch,benign,routine scheduled task
TASK-00825,2026-09-02T13:48:30Z,DC-01,ACME\jsmith,\ACME\Patch\DailyScan,started,UsoClient.exe StartScan,NT AUTHORITY\SYSTEM,benign,routine scheduled task
TASK-01777,2026-09-02T13:54:48Z,APP-03,ACME\kpatel,\Microsoft\Windows\Update\Maintenance,created,UsoClient.exe StartScan,ACME\svc_patch,benign,routine scheduled task
TASK-00134,2026-09-02T13:56:51Z,APP-03,NT AUTHORITY\SYSTEM,\Microsoft\Windows\DiskCleanup,started,cleanmgr.exe /AUTOCLEAN,NT AUTHORITY\SYSTEM,benign,routine scheduled task
TASK-01262,2026-09-02T14:19:06Z,HR-WS-22,ACME\svc_patch,\Microsoft\Windows\Update\Maintenance,completed,powershell.exe -File C:\ACME\Patch\scan.ps1,NT AUTHORITY\SYSTEM,benign,routine scheduled task
TASK-01112,2026-09-02T14:19:47Z,PATCH-01,ACME\jsmith,\Microsoft\Windows\Update\Maintenance,started,UsoClient.exe StartScan,NT AUTHORITY\SYSTEM,benign,routine scheduled task
TASK-00906,2026-09-02T14:23:51Z,DC-01,ACME\kpatel,\Microsoft\Windows\DiskCleanup,updated,powershell.exe -File C:\ACME\Patch\scan.ps1,ACME\svc_patch,benign,routine scheduled task
TASK-00438,2026-09-02T14:44:18Z,MGMT-01,ACME\svc_patch,\Microsoft\Windows\DiskCleanup,completed,cleanmgr.exe /AUTOCLEAN,NT AUTHORITY\SYSTEM,benign,routine scheduled task
TASK-01362,2026-09-02T14:47:05Z,JUMP-01,NT AUTHORITY\SYSTEM,\ACME\Patch\DailyScan,started,powershell.exe -File C:\ACME\Patch\scan.ps1,NT AUTHORITY\SYSTEM,benign,routine scheduled task
TASK-00307,2026-09-02T14:48:08Z,HR-WS-22,ACME\svc_patch,\Microsoft\Windows\Update\Maintenance,created,powershell.exe -File C:\ACME\Patch\scan.ps1,ACME\svc_patch,benign,routine scheduled task
TASK-01775,2026-09-02T14:51:36Z,MGMT-01,NT AUTHORITY\SYSTEM,\Microsoft\Windows\Update\Maintenance,created,cleanmgr.exe /AUTOCLEAN,ACME\svc_patch,benign,routine scheduled task
TASK-00161,2026-09-02T14:52:40Z,PATCH-01,ACME\jsmith,\Microsoft\Windows\DiskCleanup,updated,UsoClient.exe StartScan,ACME\svc_patch,benign,routine scheduled task
TASK-00271,2026-09-02T14:53:49Z,FILE-02,ACME\kpatel,\ACME\Patch\DailyScan,started,UsoClient.exe StartScan,ACME\svc_patch,benign,routine scheduled task
TASK-00863,2026-09-02T14:57:57Z,MGMT-01,ACME\svc_patch,\ACME\Patch\DailyScan,started,cleanmgr.exe /AUTOCLEAN,ACME\svc_patch,benign,routine scheduled task
TASK-01141,2026-09-02T15:00:30Z,FILE-02,ACME\kpatel,\Microsoft\Windows\Update\Maintenance,updated,UsoClient.exe StartScan,NT AUTHORITY\SYSTEM,benign,routine scheduled task
TASK-01470,2026-09-02T15:02:03Z,HR-WS-22,ACME\svc_patch,\Microsoft\Windows\Update\Maintenance,completed,powershell.exe -File C:\ACME\Patch\scan.ps1,ACME\svc_patch,benign,routine scheduled task
TASK-01226,2026-09-02T15:03:33Z,APP-03,ACME\svc_patch,\Microsoft\Windows\DiskCleanup,started,cleanmgr.exe /AUTOCLEAN,NT AUTHORITY\SYSTEM,benign,routine scheduled task
TASK-00288,2026-09-02T15:04:21Z,JUMP-01,ACME\kpatel,\Microsoft\Windows\DiskCleanup,updated,cleanmgr.exe /AUTOCLEAN,ACME\svc_patch,benign,routine scheduled task
TASK-00074,2026-09-02T15:10:40Z,HR-WS-22,NT AUTHORITY\SYSTEM,\Microsoft\Windows\Update\Maintenance,updated,powershell.exe -File C:\ACME\Patch\scan.ps1,ACME\svc_patch,benign,routine scheduled task
TASK-01267,2026-09-02T15:14:54Z,PATCH-01,ACME\admin.ops,\ACME\Patch\DailyScan,completed,powershell.exe -File C:\ACME\Patch\scan.ps1,NT AUTHORITY\SYSTEM,benign,routine scheduled task
TASK-01468,2026-09-02T15:16:11Z,FILE-02,ACME\svc_patch,\Microsoft\Windows\Update\Maintenance,completed,UsoClient.exe StartScan,ACME\svc_patch,benign,routine scheduled task
TASK-01405,2026-09-02T15:20:08Z,PATCH-01,ACME\kpatel,\Microsoft\Windows\Update\Maintenance,started,cleanmgr.exe /AUTOCLEAN,ACME\svc_patch,benign,routine scheduled task
TASK-00405,2026-09-02T15:24:37Z,PATCH-01,ACME\kpatel,\ACME\Patch\DailyScan,updated,cleanmgr.exe /AUTOCLEAN,ACME\svc_patch,benign,routine scheduled task
TASK-00804,2026-09-02T15:27:32Z,DC-01,ACME\kpatel,\Microsoft\Windows\Update\Maintenance,started,UsoClient.exe StartScan,ACME\svc_patch,benign,routine scheduled task
TASK-00747,2026-09-02T15:35:33Z,HR-WS-22,ACME\kpatel,\ACME\Patch\DailyScan,created,UsoClient.exe StartScan,ACME\svc_patch,benign,routine scheduled task
TASK-00872,2026-09-02T15:35:33Z,DC-01,ACME\svc_patch,\Microsoft\Windows\DiskCleanup,completed,UsoClient.exe StartScan,NT AUTHORITY\SYSTEM,benign,routine scheduled task
TASK-00931,2026-09-02T15:36:27Z,MGMT-01,ACME\kpatel,\ACME\Patch\DailyScan,started,cleanmgr.exe /AUTOCLEAN,ACME\svc_patch,benign,routine scheduled task
TASK-01342,2026-09-02T15:37:02Z,APP-03,ACME\svc_patch,\Microsoft\Windows\Update\Maintenance,completed,UsoClient.exe StartScan,NT AUTHORITY\SYSTEM,benign,routine scheduled task
TASK-01348,2026-09-02T15:39:22Z,FILE-02,ACME\svc_patch,\Microsoft\Windows\DiskCleanup,created,cleanmgr.exe /AUTOCLEAN,ACME\svc_patch,benign,routine scheduled task
TASK-01113,2026-09-02T15:45:52Z,PATCH-01,ACME\svc_patch,\Microsoft\Windows\DiskCleanup,updated,powershell.exe -File C:\ACME\Patch\scan.ps1,NT AUTHORITY\SYSTEM,benign,routine scheduled task
TASK-01385,2026-09-02T15:45:53Z,MGMT-01,ACME\jsmith,\Microsoft\Windows\DiskCleanup,updated,powershell.exe -File C:\ACME\Patch\scan.ps1,ACME\svc_patch,benign,routine scheduled task
TASK-00624,2026-09-02T15:48:35Z,DC-01,ACME\admin.ops,\Microsoft\Windows\Update\Maintenance,created,powershell.exe -File C:\ACME\Patch\scan.ps1,ACME\svc_patch,benign,routine scheduled task
TASK-01149,2026-09-02T15:57:08Z,JUMP-01,ACME\kpatel,\ACME\Patch\DailyScan,completed,UsoClient.exe StartScan,ACME\svc_patch,benign,routine scheduled task
TASK-01626,2026-09-02T16:02:24Z,HR-WS-22,ACME\kpatel,\Microsoft\Windows\Update\Maintenance,created,powershell.exe -File C:\ACME\Patch\scan.ps1,NT AUTHORITY\SYSTEM,benign,routine scheduled task
TASK-00469,2026-09-02T16:16:30Z,APP-03,ACME\admin.ops,\ACME\Patch\DailyScan,completed,UsoClient.exe StartScan,ACME\svc_patch,benign,routine scheduled task
TASK-01700,2026-09-02T16:17:39Z,JUMP-01,ACME\admin.ops,\Microsoft\Windows\DiskCleanup,completed,UsoClient.exe StartScan,NT AUTHORITY\SYSTEM,benign,routine scheduled task
TASK-00523,2026-09-02T16:21:43Z,FILE-02,ACME\admin.ops,\ACME\Patch\DailyScan,created,UsoClient.exe StartScan,NT AUTHORITY\SYSTEM,benign,routine scheduled task
TASK-01668,2026-09-02T16:26:10Z,FILE-02,NT AUTHORITY\SYSTEM,\Microsoft\Windows\Update\Maintenance,completed,powershell.exe -File C:\ACME\Patch\scan.ps1,NT AUTHORITY\SYSTEM,benign,routine scheduled task
TASK-00696,2026-09-02T16:28:31Z,DC-01,ACME\kpatel,\ACME\Patch\DailyScan,updated,cleanmgr.exe /AUTOCLEAN,NT AUTHORITY\SYSTEM,benign,routine scheduled task
TASK-01258,2026-09-02T16:29:56Z,PATCH-01,NT AUTHORITY\SYSTEM,\Microsoft\Windows\Update\Maintenance,completed,UsoClient.exe StartScan,ACME\svc_patch,benign,routine scheduled task
TASK-00665,2026-09-02T16:37:50Z,HR-WS-22,NT AUTHORITY\SYSTEM,\Microsoft\Windows\DiskCleanup,started,UsoClient.exe StartScan,NT AUTHORITY\SYSTEM,benign,routine scheduled task
TASK-01220,2026-09-02T16:39:19Z,APP-03,ACME\jsmith,\Microsoft\Windows\DiskCleanup,created,cleanmgr.exe /AUTOCLEAN,NT AUTHORITY\SYSTEM,benign,routine scheduled task
TASK-01273,2026-09-02T16:52:04Z,PATCH-01,NT AUTHORITY\SYSTEM,\Microsoft\Windows\Update\Maintenance,completed,cleanmgr.exe /AUTOCLEAN,ACME\svc_patch,benign,routine scheduled task
TASK-01279,2026-09-02T16:54:11Z,PATCH-01,ACME\admin.ops,\Microsoft\Windows\Update\Maintenance,updated,UsoClient.exe StartScan,ACME\svc_patch,benign,routine scheduled task
TASK-01150,2026-09-02T17:00:12Z,PATCH-01,ACME\svc_patch,\ACME\Patch\DailyScan,updated,cleanmgr.exe /AUTOCLEAN,ACME\svc_patch,benign,routine scheduled task
TASK-00471,2026-09-02T17:01:32Z,APP-03,ACME\admin.ops,\Microsoft\Windows\DiskCleanup,created,UsoClient.exe StartScan,ACME\svc_patch,benign,routine scheduled task
TASK-01292,2026-09-02T17:07:57Z,JUMP-01,ACME\svc_patch,\Microsoft\Windows\Update\Maintenance,updated,cleanmgr.exe /AUTOCLEAN,NT AUTHORITY\SYSTEM,benign,routine scheduled task
TASK-01340,2026-09-02T17:09:37Z,DC-01,NT AUTHORITY\SYSTEM,\Microsoft\Windows\Update\Maintenance,updated,cleanmgr.exe /AUTOCLEAN,ACME\svc_patch,benign,routine scheduled task
TASK-01114,2026-09-02T17:10:15Z,HR-WS-22,ACME\jsmith,\Microsoft\Windows\Update\Maintenance,started,powershell.exe -File C:\ACME\Patch\scan.ps1,ACME\svc_patch,benign,routine scheduled task
TASK-01558,2026-09-02T17:15:52Z,JUMP-01,ACME\kpatel,\Microsoft\Windows\Update\Maintenance,created,cleanmgr.exe /AUTOCLEAN,NT AUTHORITY\SYSTEM,benign,routine scheduled task
TASK-00973,2026-09-02T17:19:46Z,APP-03,NT AUTHORITY\SYSTEM,\Microsoft\Windows\DiskCleanup,completed,UsoClient.exe StartScan,NT AUTHORITY\SYSTEM,benign,routine scheduled task
TASK-00559,2026-09-02T17:22:39Z,JUMP-01,ACME\admin.ops,\Microsoft\Windows\Update\Maintenance,updated,cleanmgr.exe /AUTOCLEAN,NT AUTHORITY\SYSTEM,benign,routine scheduled task
TASK-01126,2026-09-02T17:23:38Z,PATCH-01,ACME\kpatel,\Microsoft\Windows\DiskCleanup,started,cleanmgr.exe /AUTOCLEAN,NT AUTHORITY\SYSTEM,benign,routine scheduled task
TASK-01446,2026-09-02T17:27:35Z,FILE-02,ACME\kpatel,\Microsoft\Windows\Update\Maintenance,completed,powershell.exe -File C:\ACME\Patch\scan.ps1,ACME\svc_patch,benign,routine scheduled task
TASK-00333,2026-09-02T17:40:23Z,HR-WS-22,NT AUTHORITY\SYSTEM,\Microsoft\Windows\Update\Maintenance,completed,cleanmgr.exe /AUTOCLEAN,ACME\svc_patch,benign,routine scheduled task
TASK-00975,2026-09-02T17:46:12Z,JUMP-01,ACME\svc_patch,\Microsoft\Windows\Update\Maintenance,started,powershell.exe -File C:\ACME\Patch\scan.ps1,ACME\svc_patch,benign,routine scheduled task
TASK-01666,2026-09-02T17:57:41Z,JUMP-01,ACME\svc_patch,\ACME\Patch\DailyScan,created,UsoClient.exe StartScan,NT AUTHORITY\SYSTEM,benign,routine scheduled task
TASK-00962,2026-09-02T18:03:49Z,JUMP-01,ACME\admin.ops,\Microsoft\Windows\Update\Maintenance,started,cleanmgr.exe /AUTOCLEAN,NT AUTHORITY\SYSTEM,benign,routine scheduled task
TASK-01042,2026-09-02T18:11:51Z,FILE-02,ACME\jsmith,\Microsoft\Windows\Update\Maintenance,started,cleanmgr.exe /AUTOCLEAN,NT AUTHORITY\SYSTEM,benign,routine scheduled task
TASK-00797,2026-09-02T18:15:32Z,APP-03,ACME\kpatel,\Microsoft\Windows\DiskCleanup,completed,powershell.exe -File C:\ACME\Patch\scan.ps1,NT AUTHORITY\SYSTEM,benign,routine scheduled task
TASK-01008,2026-09-02T18:17:27Z,HR-WS-22,NT AUTHORITY\SYSTEM,\Microsoft\Windows\Update\Maintenance,created,UsoClient.exe StartScan,NT AUTHORITY\SYSTEM,benign,routine scheduled task
TASK-01442,2026-09-02T18:18:39Z,DC-01,NT AUTHORITY\SYSTEM,\Microsoft\Windows\DiskCleanup,updated,powershell.exe -File C:\ACME\Patch\scan.ps1,NT AUTHORITY\SYSTEM,benign,routine scheduled task
TASK-00369,2026-09-02T18:19:25Z,FILE-02,ACME\kpatel,\Microsoft\Windows\Update\Maintenance,completed,powershell.exe -File C:\ACME\Patch\scan.ps1,ACME\svc_patch,benign,routine scheduled task
TASK-01091,2026-09-02T18:25:12Z,FILE-02,ACME\kpatel,\Microsoft\Windows\DiskCleanup,updated,UsoClient.exe StartScan,NT AUTHORITY\SYSTEM,benign,routine scheduled task
TASK-00274,2026-09-02T18:25:44Z,PATCH-01,NT AUTHORITY\SYSTEM,\ACME\Patch\DailyScan,updated,UsoClient.exe StartScan,ACME\svc_patch,benign,routine scheduled task
TASK-00651,2026-09-02T18:30:28Z,PATCH-01,ACME\svc_patch,\ACME\Patch\DailyScan,started,powershell.exe -File C:\ACME\Patch\scan.ps1,NT AUTHORITY\SYSTEM,benign,routine scheduled task
TASK-00829,2026-09-02T18:33:03Z,DC-01,ACME\svc_patch,\Microsoft\Windows\Update\Maintenance,updated,cleanmgr.exe /AUTOCLEAN,NT AUTHORITY\SYSTEM,benign,routine scheduled task
TASK-00741,2026-09-02T18:39:09Z,HR-WS-22,ACME\jsmith,\Microsoft\Windows\Update\Maintenance,created,UsoClient.exe StartScan,ACME\svc_patch,benign,routine scheduled task
TASK-01488,2026-09-02T18:39:46Z,HR-WS-22,ACME\admin.ops,\Microsoft\Windows\DiskCleanup,started,UsoClient.exe StartScan,ACME\svc_patch,benign,routine scheduled task
TASK-01374,2026-09-02T18:47:44Z,APP-03,ACME\jsmith,\Microsoft\Windows\Update\Maintenance,completed,cleanmgr.exe /AUTOCLEAN,ACME\svc_patch,benign,routine scheduled task
TASK-01002,2026-09-02T18:59:26Z,MGMT-01,ACME\kpatel,\Microsoft\Windows\Update\Maintenance,completed,cleanmgr.exe /AUTOCLEAN,NT AUTHORITY\SYSTEM,benign,routine scheduled task
TASK-00205,2026-09-02T19:00:50Z,HR-WS-22,ACME\svc_patch,\ACME\Patch\DailyScan,completed,powershell.exe -File C:\ACME\Patch\scan.ps1,NT AUTHORITY\SYSTEM,benign,routine scheduled task
TASK-01515,2026-09-02T19:03:20Z,DC-01,ACME\svc_patch,\Microsoft\Windows\DiskCleanup,created,cleanmgr.exe /AUTOCLEAN,NT AUTHORITY\SYSTEM,benign,routine scheduled task
TASK-00926,2026-09-02T19:10:22Z,FILE-02,ACME\admin.ops,\Microsoft\Windows\Update\Maintenance,created,cleanmgr.exe /AUTOCLEAN,ACME\svc_patch,benign,routine scheduled task
TASK-00181,2026-09-02T19:10:55Z,HR-WS-22,ACME\jsmith,\Microsoft\Windows\Update\Maintenance,completed,cleanmgr.exe /AUTOCLEAN,NT AUTHORITY\SYSTEM,benign,routine scheduled task
TASK-01680,2026-09-02T19:13:33Z,FILE-02,ACME\admin.ops,\Microsoft\Windows\Update\Maintenance,updated,UsoClient.exe StartScan,NT AUTHORITY\SYSTEM,benign,routine scheduled task
TASK-01136,2026-09-02T19:15:23Z,JUMP-01,ACME\jsmith,\ACME\Patch\DailyScan,completed,UsoClient.exe StartScan,NT AUTHORITY\SYSTEM,benign,routine scheduled task
TASK-01158,2026-09-02T19:19:20Z,APP-03,NT AUTHORITY\SYSTEM,\Microsoft\Windows\DiskCleanup,created,powershell.exe -File C:\ACME\Patch\scan.ps1,ACME\svc_patch,benign,routine scheduled task
TASK-00770,2026-09-02T19:26:08Z,MGMT-01,NT AUTHORITY\SYSTEM,\Microsoft\Windows\Update\Maintenance,created,UsoClient.exe StartScan,NT AUTHORITY\SYSTEM,benign,routine scheduled task
TASK-00387,2026-09-02T19:27:51Z,DC-01,NT AUTHORITY\SYSTEM,\Microsoft\Windows\Update\Maintenance,updated,UsoClient.exe StartScan,ACME\svc_patch,benign,routine scheduled task
TASK-01628,2026-09-02T19:35:53Z,PATCH-01,ACME\svc_patch,\Microsoft\Windows\Update\Maintenance,updated,UsoClient.exe StartScan,ACME\svc_patch,benign,routine scheduled task
TASK-01070,2026-09-02T19:36:06Z,MGMT-01,ACME\jsmith,\Microsoft\Windows\Update\Maintenance,created,cleanmgr.exe /AUTOCLEAN,NT AUTHORITY\SYSTEM,benign,routine scheduled task
TASK-00882,2026-09-02T19:45:48Z,DC-01,ACME\jsmith,\ACME\Patch\DailyScan,created,powershell.exe -File C:\ACME\Patch\scan.ps1,NT AUTHORITY\SYSTEM,benign,routine scheduled task
TASK-01694,2026-09-02T19:55:05Z,MGMT-01,ACME\svc_patch,\ACME\Patch\DailyScan,completed,UsoClient.exe StartScan,ACME\svc_patch,benign,routine scheduled task
TASK-01617,2026-09-02T19:55:37Z,HR-WS-22,ACME\jsmith,\Microsoft\Windows\Update\Maintenance,started,cleanmgr.exe /AUTOCLEAN,ACME\svc_patch,benign,routine scheduled task
TASK-00548,2026-09-02T19:57:46Z,JUMP-01,ACME\kpatel,\Microsoft\Windows\Update\Maintenance,started,powershell.exe -File C:\ACME\Patch\scan.ps1,NT AUTHORITY\SYSTEM,benign,routine scheduled task
TASK-01299,2026-09-02T19:58:30Z,DC-01,NT AUTHORITY\SYSTEM,\Microsoft\Windows\Update\Maintenance,updated,powershell.exe -File C:\ACME\Patch\scan.ps1,NT AUTHORITY\SYSTEM,benign,routine scheduled task
TASK-01268,2026-09-02T20:02:21Z,PATCH-01,ACME\jsmith,\Microsoft\Windows\DiskCleanup,created,cleanmgr.exe /AUTOCLEAN,NT AUTHORITY\SYSTEM,benign,routine scheduled task
TASK-00154,2026-09-02T20:02:25Z,APP-03,ACME\jsmith,\Microsoft\Windows\DiskCleanup,completed,cleanmgr.exe /AUTOCLEAN,NT AUTHORITY\SYSTEM,benign,routine scheduled task
TASK-00593,2026-09-02T20:06:57Z,HR-WS-22,ACME\admin.ops,\ACME\Patch\DailyScan,completed,powershell.exe -File C:\ACME\Patch\scan.ps1,NT AUTHORITY\SYSTEM,benign,routine scheduled task
TASK-00305,2026-09-02T20:07:32Z,FILE-02,ACME\admin.ops,\Microsoft\Windows\Update\Maintenance,created,cleanmgr.exe /AUTOCLEAN,ACME\svc_patch,benign,routine scheduled task
TASK-01287,2026-09-02T20:09:16Z,PATCH-01,ACME\svc_patch,\Microsoft\Windows\Update\Maintenance,completed,UsoClient.exe StartScan,ACME\svc_patch,benign,routine scheduled task
TASK-00576,2026-09-02T20:09:58Z,MGMT-01,ACME\svc_patch,\Microsoft\Windows\Update\Maintenance,started,UsoClient.exe StartScan,NT AUTHORITY\SYSTEM,benign,routine scheduled task
TASK-00128,2026-09-02T20:14:06Z,JUMP-01,ACME\kpatel,\Microsoft\Windows\DiskCleanup,started,UsoClient.exe StartScan,NT AUTHORITY\SYSTEM,benign,routine scheduled task
TASK-01674,2026-09-02T20:14:11Z,DC-01,ACME\svc_patch,\ACME\Patch\DailyScan,created,powershell.exe -File C:\ACME\Patch\scan.ps1,ACME\svc_patch,benign,routine scheduled task
TASK-01092,2026-09-02T20:14:38Z,APP-03,NT AUTHORITY\SYSTEM,\Microsoft\Windows\DiskCleanup,updated,cleanmgr.exe /AUTOCLEAN,NT AUTHORITY\SYSTEM,benign,routine scheduled task
TASK-00540,2026-09-02T20:17:21Z,PATCH-01,ACME\jsmith,\ACME\Patch\DailyScan,started,UsoClient.exe StartScan,ACME\svc_patch,benign,routine scheduled task
TASK-00434,2026-09-02T20:17:40Z,HR-WS-22,NT AUTHORITY\SYSTEM,\Microsoft\Windows\Update\Maintenance,updated,powershell.exe -File C:\ACME\Patch\scan.ps1,ACME\svc_patch,benign,routine scheduled task
TASK-00377,2026-09-02T20:21:38Z,FILE-02,NT AUTHORITY\SYSTEM,\Microsoft\Windows\DiskCleanup,completed,powershell.exe -File C:\ACME\Patch\scan.ps1,NT AUTHORITY\SYSTEM,benign,routine scheduled task
TASK-01673,2026-09-02T20:34:59Z,JUMP-01,ACME\jsmith,\Microsoft\Windows\Update\Maintenance,completed,powershell.exe -File C:\ACME\Patch\scan.ps1,ACME\svc_patch,benign,routine scheduled task
TASK-01555,2026-09-02T20:35:52Z,FILE-02,ACME\kpatel,\Microsoft\Windows\DiskCleanup,completed,cleanmgr.exe /AUTOCLEAN,NT AUTHORITY\SYSTEM,benign,routine scheduled task
TASK-00854,2026-09-02T20:36:56Z,HR-WS-22,ACME\jsmith,\Microsoft\Windows\DiskCleanup,created,powershell.exe -File C:\ACME\Patch\scan.ps1,ACME\svc_patch,benign,routine scheduled task
TASK-00563,2026-09-02T20:43:01Z,FILE-02,ACME\svc_patch,\Microsoft\Windows\DiskCleanup,completed,cleanmgr.exe /AUTOCLEAN,ACME\svc_patch,benign,routine scheduled task
TASK-00313,2026-09-02T20:46:02Z,FILE-02,NT AUTHORITY\SYSTEM,\Microsoft\Windows\DiskCleanup,started,powershell.exe -File C:\ACME\Patch\scan.ps1,NT AUTHORITY\SYSTEM,benign,routine scheduled task
TASK-01169,2026-09-02T20:48:02Z,FILE-02,ACME\jsmith,\ACME\Patch\DailyScan,created,cleanmgr.exe /AUTOCLEAN,NT AUTHORITY\SYSTEM,benign,routine scheduled task
TASK-00156,2026-09-02T20:53:06Z,DC-01,NT AUTHORITY\SYSTEM,\ACME\Patch\DailyScan,created,powershell.exe -File C:\ACME\Patch\scan.ps1,ACME\svc_patch,benign,routine scheduled task
TASK-00021,2026-09-02T20:53:16Z,PATCH-01,ACME\svc_patch,\ACME\Patch\DailyScan,started,powershell.exe -File C:\ACME\Patch\scan.ps1,NT AUTHORITY\SYSTEM,benign,routine scheduled task
TASK-00556,2026-09-02T20:59:56Z,MGMT-01,NT AUTHORITY\SYSTEM,\Microsoft\Windows\Update\Maintenance,started,cleanmgr.exe /AUTOCLEAN,NT AUTHORITY\SYSTEM,benign,routine scheduled task
TASK-00921,2026-09-02T21:01:34Z,PATCH-01,NT AUTHORITY\SYSTEM,\Microsoft\Windows\DiskCleanup,completed,powershell.exe -File C:\ACME\Patch\scan.ps1,NT AUTHORITY\SYSTEM,benign,routine scheduled task
TASK-00679,2026-09-02T21:03:26Z,PATCH-01,ACME\kpatel,\ACME\Patch\DailyScan,updated,powershell.exe -File C:\ACME\Patch\scan.ps1,NT AUTHORITY\SYSTEM,benign,routine scheduled task
TASK-01058,2026-09-02T21:14:03Z,HR-WS-22,ACME\jsmith,\ACME\Patch\DailyScan,started,UsoClient.exe StartScan,ACME\svc_patch,benign,routine scheduled task
TASK-01314,2026-09-02T21:18:08Z,PATCH-01,ACME\kpatel,\Microsoft\Windows\DiskCleanup,completed,UsoClient.exe StartScan,NT AUTHORITY\SYSTEM,benign,routine scheduled task
TASK-01670,2026-09-02T21:19:34Z,PATCH-01,ACME\admin.ops,\Microsoft\Windows\Update\Maintenance,completed,UsoClient.exe StartScan,ACME\svc_patch,benign,routine scheduled task
TASK-00801,2026-09-02T21:26:24Z,MGMT-01,ACME\svc_patch,\Microsoft\Windows\DiskCleanup,completed,UsoClient.exe StartScan,ACME\svc_patch,benign,routine scheduled task
TASK-00300,2026-09-02T21:28:17Z,MGMT-01,ACME\admin.ops,\Microsoft\Windows\DiskCleanup,completed,cleanmgr.exe /AUTOCLEAN,NT AUTHORITY\SYSTEM,benign,routine scheduled task
TASK-01466,2026-09-02T21:28:53Z,APP-03,NT AUTHORITY\SYSTEM,\Microsoft\Windows\Update\Maintenance,updated,powershell.exe -File C:\ACME\Patch\scan.ps1,ACME\svc_patch,benign,routine scheduled task
TASK-00645,2026-09-02T21:31:37Z,HR-WS-22,NT AUTHORITY\SYSTEM,\Microsoft\Windows\Update\Maintenance,completed,cleanmgr.exe /AUTOCLEAN,NT AUTHORITY\SYSTEM,benign,routine scheduled task
TASK-01541,2026-09-02T21:39:47Z,APP-03,ACME\jsmith,\Microsoft\Windows\DiskCleanup,completed,powershell.exe -File C:\ACME\Patch\scan.ps1,NT AUTHORITY\SYSTEM,benign,routine scheduled task
TASK-01550,2026-09-02T21:40:40Z,FILE-02,NT AUTHORITY\SYSTEM,\ACME\Patch\DailyScan,updated,UsoClient.exe StartScan,ACME\svc_patch,benign,routine scheduled task
TASK-00245,2026-09-02T21:45:49Z,PATCH-01,NT AUTHORITY\SYSTEM,\Microsoft\Windows\Update\Maintenance,updated,powershell.exe -File C:\ACME\Patch\scan.ps1,ACME\svc_patch,benign,routine scheduled task
TASK-00185,2026-09-02T21:48:08Z,APP-03,ACME\svc_patch,\Microsoft\Windows\Update\Maintenance,completed,UsoClient.exe StartScan,NT AUTHORITY\SYSTEM,benign,routine scheduled task
TASK-00160,2026-09-02T21:50:52Z,MGMT-01,NT AUTHORITY\SYSTEM,\Microsoft\Windows\Update\Maintenance,completed,powershell.exe -File C:\ACME\Patch\scan.ps1,ACME\svc_patch,benign,routine scheduled task
TASK-01497,2026-09-02T21:53:47Z,MGMT-01,NT AUTHORITY\SYSTEM,\Microsoft\Windows\Update\Maintenance,started,cleanmgr.exe /AUTOCLEAN,NT AUTHORITY\SYSTEM,benign,routine scheduled task
TASK-00524,2026-09-02T22:04:43Z,JUMP-01,ACME\jsmith,\ACME\Patch\DailyScan,created,powershell.exe -File C:\ACME\Patch\scan.ps1,ACME\svc_patch,benign,routine scheduled task
TASK-01068,2026-09-02T22:04:55Z,PATCH-01,ACME\svc_patch,\Microsoft\Windows\DiskCleanup,started,UsoClient.exe StartScan,NT AUTHORITY\SYSTEM,benign,routine scheduled task
TASK-01608,2026-09-02T22:11:22Z,HR-WS-22,NT AUTHORITY\SYSTEM,\Microsoft\Windows\DiskCleanup,completed,UsoClient.exe StartScan,ACME\svc_patch,benign,routine scheduled task
TASK-00723,2026-09-02T22:12:00Z,APP-03,ACME\admin.ops,\Microsoft\Windows\DiskCleanup,updated,powershell.exe -File C:\ACME\Patch\scan.ps1,NT AUTHORITY\SYSTEM,benign,routine scheduled task
TASK-00788,2026-09-02T22:12:41Z,FILE-02,ACME\jsmith,\Microsoft\Windows\Update\Maintenance,completed,cleanmgr.exe /AUTOCLEAN,ACME\svc_patch,benign,routine scheduled task
TASK-01671,2026-09-02T22:14:00Z,MGMT-01,ACME\jsmith,\ACME\Patch\DailyScan,created,powershell.exe -File C:\ACME\Patch\scan.ps1,ACME\svc_patch,benign,routine scheduled task
TASK-01627,2026-09-02T22:17:19Z,DC-01,NT AUTHORITY\SYSTEM,\Microsoft\Windows\DiskCleanup,updated,UsoClient.exe StartScan,ACME\svc_patch,benign,routine scheduled task
TASK-01500,2026-09-02T22:17:43Z,DC-01,ACME\jsmith,\Microsoft\Windows\DiskCleanup,created,UsoClient.exe StartScan,NT AUTHORITY\SYSTEM,benign,routine scheduled task
TASK-00671,2026-09-02T22:18:00Z,JUMP-01,NT AUTHORITY\SYSTEM,\Microsoft\Windows\DiskCleanup,started,UsoClient.exe StartScan,ACME\svc_patch,benign,routine scheduled task
TASK-00991,2026-09-02T22:19:14Z,APP-03,NT AUTHORITY\SYSTEM,\ACME\Patch\DailyScan,started,powershell.exe -File C:\ACME\Patch\scan.ps1,NT AUTHORITY\SYSTEM,benign,routine scheduled task
TASK-00680,2026-09-02T22:34:21Z,APP-03,ACME\admin.ops,\Microsoft\Windows\Update\Maintenance,started,powershell.exe -File C:\ACME\Patch\scan.ps1,NT AUTHORITY\SYSTEM,benign,routine scheduled task
TASK-01121,2026-09-02T22:49:28Z,HR-WS-22,ACME\svc_patch,\ACME\Patch\DailyScan,created,powershell.exe -File C:\ACME\Patch\scan.ps1,ACME\svc_patch,benign,routine scheduled task
TASK-00299,2026-09-02T23:00:59Z,MGMT-01,ACME\admin.ops,\Microsoft\Windows\DiskCleanup,updated,powershell.exe -File C:\ACME\Patch\scan.ps1,ACME\svc_patch,benign,routine scheduled task
TASK-01140,2026-09-02T23:01:27Z,PATCH-01,ACME\admin.ops,\Microsoft\Windows\Update\Maintenance,completed,cleanmgr.exe /AUTOCLEAN,ACME\svc_patch,benign,routine scheduled task
TASK-00212,2026-09-02T23:04:31Z,JUMP-01,NT AUTHORITY\SYSTEM,\ACME\Patch\DailyScan,created,powershell.exe -File C:\ACME\Patch\scan.ps1,ACME\svc_patch,benign,routine scheduled task
TASK-01537,2026-09-02T23:06:52Z,JUMP-01,ACME\svc_patch,\ACME\Patch\DailyScan,updated,cleanmgr.exe /AUTOCLEAN,NT AUTHORITY\SYSTEM,benign,routine scheduled task
TASK-00449,2026-09-02T23:17:06Z,HR-WS-22,ACME\jsmith,\Microsoft\Windows\DiskCleanup,started,UsoClient.exe StartScan,NT AUTHORITY\SYSTEM,benign,routine scheduled task
TASK-00920,2026-09-02T23:21:11Z,PATCH-01,NT AUTHORITY\SYSTEM,\Microsoft\Windows\Update\Maintenance,created,powershell.exe -File C:\ACME\Patch\scan.ps1,NT AUTHORITY\SYSTEM,benign,routine scheduled task
TASK-01787,2026-09-02T23:21:26Z,FILE-02,ACME\jsmith,\ACME\Patch\DailyScan,completed,UsoClient.exe StartScan,ACME\svc_patch,benign,routine scheduled task
TASK-00041,2026-09-02T23:22:41Z,HR-WS-22,NT AUTHORITY\SYSTEM,\Microsoft\Windows\DiskCleanup,started,cleanmgr.exe /AUTOCLEAN,ACME\svc_patch,benign,routine scheduled task
TASK-00585,2026-09-02T23:25:15Z,MGMT-01,NT AUTHORITY\SYSTEM,\Microsoft\Windows\Update\Maintenance,completed,powershell.exe -File C:\ACME\Patch\scan.ps1,ACME\svc_patch,benign,routine scheduled task
TASK-01520,2026-09-02T23:27:48Z,FILE-02,ACME\jsmith,\ACME\Patch\DailyScan,started,powershell.exe -File C:\ACME\Patch\scan.ps1,ACME\svc_patch,benign,routine scheduled task
TASK-01012,2026-09-02T23:36:33Z,DC-01,ACME\kpatel,\Microsoft\Windows\Update\Maintenance,started,cleanmgr.exe /AUTOCLEAN,ACME\svc_patch,benign,routine scheduled task
TASK-00393,2026-09-02T23:41:06Z,PATCH-01,NT AUTHORITY\SYSTEM,\Microsoft\Windows\DiskCleanup,completed,UsoClient.exe StartScan,NT AUTHORITY\SYSTEM,benign,routine scheduled task
TASK-01087,2026-09-02T23:45:29Z,PATCH-01,ACME\admin.ops,\Microsoft\Windows\DiskCleanup,created,powershell.exe -File C:\ACME\Patch\scan.ps1,ACME\svc_patch,benign,routine scheduled task
TASK-00726,2026-09-02T23:47:08Z,MGMT-01,ACME\kpatel,\Microsoft\Windows\Update\Maintenance,created,powershell.exe -File C:\ACME\Patch\scan.ps1,ACME\svc_patch,benign,routine scheduled task
TASK-01695,2026-09-02T23:51:49Z,DC-01,ACME\kpatel,\Microsoft\Windows\Update\Maintenance,started,powershell.exe -File C:\ACME\Patch\scan.ps1,ACME\svc_patch,benign,routine scheduled task
TASK-00795,2026-09-02T23:52:51Z,PATCH-01,ACME\kpatel,\Microsoft\Windows\DiskCleanup,started,cleanmgr.exe /AUTOCLEAN,ACME\svc_patch,benign,routine scheduled task
TASK-00036,2026-09-02T23:56:48Z,FILE-02,ACME\admin.ops,\Microsoft\Windows\DiskCleanup,started,powershell.exe -File C:\ACME\Patch\scan.ps1,NT AUTHORITY\SYSTEM,benign,routine scheduled task
TASK-00423,2026-09-03T00:03:03Z,HR-WS-22,ACME\kpatel,\Microsoft\Windows\DiskCleanup,updated,powershell.exe -File C:\ACME\Patch\scan.ps1,NT AUTHORITY\SYSTEM,benign,routine scheduled task
TASK-01261,2026-09-03T00:03:22Z,DC-01,ACME\kpatel,\Microsoft\Windows\Update\Maintenance,updated,UsoClient.exe StartScan,NT AUTHORITY\SYSTEM,benign,routine scheduled task
TASK-00490,2026-09-03T00:06:19Z,DC-01,ACME\jsmith,\Microsoft\Windows\DiskCleanup,updated,UsoClient.exe StartScan,NT AUTHORITY\SYSTEM,benign,routine scheduled task
TASK-00817,2026-09-03T00:07:07Z,DC-01,ACME\jsmith,\Microsoft\Windows\Update\Maintenance,completed,UsoClient.exe StartScan,ACME\svc_patch,benign,routine scheduled task
TASK-01360,2026-09-03T00:10:43Z,DC-01,ACME\jsmith,\Microsoft\Windows\DiskCleanup,started,UsoClient.exe StartScan,NT AUTHORITY\SYSTEM,benign,routine scheduled task
TASK-00380,2026-09-03T00:15:14Z,PATCH-01,ACME\kpatel,\Microsoft\Windows\DiskCleanup,completed,powershell.exe -File C:\ACME\Patch\scan.ps1,ACME\svc_patch,benign,routine scheduled task
TASK-01030,2026-09-03T00:19:19Z,JUMP-01,ACME\admin.ops,\Microsoft\Windows\DiskCleanup,started,cleanmgr.exe /AUTOCLEAN,ACME\svc_patch,benign,routine scheduled task
TASK-01593,2026-09-03T00:21:03Z,FILE-02,ACME\kpatel,\Microsoft\Windows\DiskCleanup,completed,UsoClient.exe StartScan,ACME\svc_patch,benign,routine scheduled task
TASK-01614,2026-09-03T00:23:15Z,MGMT-01,ACME\jsmith,\ACME\Patch\DailyScan,started,powershell.exe -File C:\ACME\Patch\scan.ps1,ACME\svc_patch,benign,routine scheduled task
TASK-01206,2026-09-03T00:31:30Z,MGMT-01,ACME\svc_patch,\Microsoft\Windows\DiskCleanup,completed,cleanmgr.exe /AUTOCLEAN,ACME\svc_patch,benign,routine scheduled task
TASK-00176,2026-09-03T00:39:57Z,PATCH-01,ACME\kpatel,\Microsoft\Windows\DiskCleanup,created,UsoClient.exe StartScan,NT AUTHORITY\SYSTEM,benign,routine scheduled task
TASK-00153,2026-09-03T00:47:26Z,APP-03,ACME\jsmith,\Microsoft\Windows\Update\Maintenance,completed,powershell.exe -File C:\ACME\Patch\scan.ps1,NT AUTHORITY\SYSTEM,benign,routine scheduled task
TASK-01779,2026-09-03T00:56:32Z,HR-WS-22,ACME\svc_patch,\Microsoft\Windows\DiskCleanup,completed,powershell.exe -File C:\ACME\Patch\scan.ps1,NT AUTHORITY\SYSTEM,benign,routine scheduled task
TASK-01486,2026-09-03T00:56:52Z,APP-03,ACME\kpatel,\Microsoft\Windows\Update\Maintenance,created,UsoClient.exe StartScan,NT AUTHORITY\SYSTEM,benign,routine scheduled task
TASK-01485,2026-09-03T00:59:45Z,APP-03,ACME\svc_patch,\Microsoft\Windows\DiskCleanup,started,cleanmgr.exe /AUTOCLEAN,NT AUTHORITY\SYSTEM,benign,routine scheduled task
TASK-00660,2026-09-03T01:01:09Z,FILE-02,NT AUTHORITY\SYSTEM,\ACME\Patch\DailyScan,updated,UsoClient.exe StartScan,NT AUTHORITY\SYSTEM,benign,routine scheduled task
TASK-00048,2026-09-03T01:05:14Z,MGMT-01,ACME\jsmith,\Microsoft\Windows\Update\Maintenance,completed,powershell.exe -File C:\ACME\Patch\scan.ps1,NT AUTHORITY\SYSTEM,benign,routine scheduled task
TASK-00051,2026-09-03T01:11:55Z,PATCH-01,ACME\admin.ops,\Microsoft\Windows\Update\Maintenance,created,powershell.exe -File C:\ACME\Patch\scan.ps1,NT AUTHORITY\SYSTEM,benign,routine scheduled task
TASK-00936,2026-09-03T01:16:39Z,MGMT-01,ACME\admin.ops,\ACME\Patch\DailyScan,started,powershell.exe -File C:\ACME\Patch\scan.ps1,NT AUTHORITY\SYSTEM,benign,routine scheduled task
TASK-01211,2026-09-03T01:18:13Z,JUMP-01,ACME\svc_patch,\Microsoft\Windows\DiskCleanup,started,cleanmgr.exe /AUTOCLEAN,NT AUTHORITY\SYSTEM,benign,routine scheduled task
TASK-01795,2026-09-03T01:18:32Z,HR-WS-22,ACME\admin.ops,\ACME\Patch\DailyScan,completed,cleanmgr.exe /AUTOCLEAN,ACME\svc_patch,benign,routine scheduled task
TASK-00855,2026-09-03T01:20:31Z,DC-01,ACME\admin.ops,\ACME\Patch\DailyScan,created,cleanmgr.exe /AUTOCLEAN,ACME\svc_patch,benign,routine scheduled task
TASK-00827,2026-09-03T01:21:29Z,FILE-02,NT AUTHORITY\SYSTEM,\ACME\Patch\DailyScan,updated,UsoClient.exe StartScan,NT AUTHORITY\SYSTEM,benign,routine scheduled task
TASK-01318,2026-09-03T01:28:22Z,HR-WS-22,ACME\kpatel,\ACME\Patch\DailyScan,completed,UsoClient.exe StartScan,ACME\svc_patch,benign,routine scheduled task
TASK-01718,2026-09-03T01:28:33Z,DC-01,ACME\jsmith,\Microsoft\Windows\Update\Maintenance,updated,powershell.exe -File C:\ACME\Patch\scan.ps1,NT AUTHORITY\SYSTEM,benign,routine scheduled task
TASK-00880,2026-09-03T01:36:33Z,APP-03,ACME\jsmith,\Microsoft\Windows\Update\Maintenance,started,cleanmgr.exe /AUTOCLEAN,NT AUTHORITY\SYSTEM,benign,routine scheduled task
TASK-00249,2026-09-03T01:37:09Z,HR-WS-22,ACME\jsmith,\Microsoft\Windows\Update\Maintenance,updated,cleanmgr.exe /AUTOCLEAN,ACME\svc_patch,benign,routine scheduled task
TASK-00117,2026-09-03T01:37:52Z,MGMT-01,ACME\kpatel,\Microsoft\Windows\DiskCleanup,updated,powershell.exe -File C:\ACME\Patch\scan.ps1,NT AUTHORITY\SYSTEM,benign,routine scheduled task
TASK-01445,2026-09-03T01:41:42Z,FILE-02,NT AUTHORITY\SYSTEM,\Microsoft\Windows\DiskCleanup,updated,powershell.exe -File C:\ACME\Patch\scan.ps1,NT AUTHORITY\SYSTEM,benign,routine scheduled task
TASK-01719,2026-09-03T01:50:18Z,HR-WS-22,ACME\jsmith,\Microsoft\Windows\Update\Maintenance,created,cleanmgr.exe /AUTOCLEAN,NT AUTHORITY\SYSTEM,benign,routine scheduled task
TASK-00410,2026-09-03T01:55:46Z,MGMT-01,NT AUTHORITY\SYSTEM,\ACME\Patch\DailyScan,created,cleanmgr.exe /AUTOCLEAN,NT AUTHORITY\SYSTEM,benign,routine scheduled task
TASK-00391,2026-09-03T01:56:16Z,FILE-02,ACME\kpatel,\ACME\Patch\DailyScan,updated,powershell.exe -File C:\ACME\Patch\scan.ps1,NT AUTHORITY\SYSTEM,benign,routine scheduled task
TASK-00552,2026-09-03T02:01:35Z,PATCH-01,ACME\svc_patch,\Microsoft\Windows\Update\Maintenance,updated,powershell.exe -File C:\ACME\Patch\scan.ps1,NT AUTHORITY\SYSTEM,benign,routine scheduled task
TASK-00809,2026-09-03T02:02:22Z,HR-WS-22,ACME\admin.ops,\ACME\Patch\DailyScan,created,powershell.exe -File C:\ACME\Patch\scan.ps1,ACME\svc_patch,benign,routine scheduled task
TASK-00521,2026-09-03T02:02:23Z,APP-03,ACME\svc_patch,\Microsoft\Windows\DiskCleanup,created,powershell.exe -File C:\ACME\Patch\scan.ps1,NT AUTHORITY\SYSTEM,benign,routine scheduled task
TASK-00076,2026-09-03T02:04:50Z,APP-03,NT AUTHORITY\SYSTEM,\Microsoft\Windows\DiskCleanup,updated,powershell.exe -File C:\ACME\Patch\scan.ps1,NT AUTHORITY\SYSTEM,benign,routine scheduled task
TASK-00357,2026-09-03T02:10:35Z,APP-03,ACME\svc_patch,\ACME\Patch\DailyScan,completed,cleanmgr.exe /AUTOCLEAN,NT AUTHORITY\SYSTEM,benign,routine scheduled task
TASK-00656,2026-09-03T02:17:21Z,FILE-02,NT AUTHORITY\SYSTEM,\Microsoft\Windows\Update\Maintenance,updated,powershell.exe -File C:\ACME\Patch\scan.ps1,NT AUTHORITY\SYSTEM,benign,routine scheduled task
TASK-00089,2026-09-03T02:21:34Z,DC-01,NT AUTHORITY\SYSTEM,\ACME\Patch\DailyScan,completed,powershell.exe -File C:\ACME\Patch\scan.ps1,NT AUTHORITY\SYSTEM,benign,routine scheduled task
TASK-01760,2026-09-03T02:31:53Z,HR-WS-22,NT AUTHORITY\SYSTEM,\Microsoft\Windows\DiskCleanup,created,cleanmgr.exe /AUTOCLEAN,NT AUTHORITY\SYSTEM,benign,routine scheduled task
TASK-01471,2026-09-03T02:37:48Z,JUMP-01,ACME\jsmith,\ACME\Patch\DailyScan,started,cleanmgr.exe /AUTOCLEAN,NT AUTHORITY\SYSTEM,benign,routine scheduled task
TASK-00987,2026-09-03T02:39:16Z,JUMP-01,ACME\kpatel,\Microsoft\Windows\DiskCleanup,completed,cleanmgr.exe /AUTOCLEAN,NT AUTHORITY\SYSTEM,benign,routine scheduled task
TASK-01044,2026-09-03T02:50:55Z,MGMT-01,NT AUTHORITY\SYSTEM,\Microsoft\Windows\Update\Maintenance,created,cleanmgr.exe /AUTOCLEAN,NT AUTHORITY\SYSTEM,benign,routine scheduled task
TASK-01783,2026-09-03T02:56:08Z,HR-WS-22,ACME\kpatel,\Microsoft\Windows\DiskCleanup,completed,powershell.exe -File C:\ACME\Patch\scan.ps1,ACME\svc_patch,benign,routine scheduled task
TASK-01685,2026-09-03T02:58:21Z,FILE-02,ACME\svc_patch,\ACME\Patch\DailyScan,updated,UsoClient.exe StartScan,ACME\svc_patch,benign,routine scheduled task
TASK-00725,2026-09-03T03:01:03Z,APP-03,ACME\kpatel,\ACME\Patch\DailyScan,started,UsoClient.exe StartScan,NT AUTHORITY\SYSTEM,benign,routine scheduled task
TASK-00913,2026-09-03T03:11:32Z,FILE-02,ACME\svc_patch,\Microsoft\Windows\Update\Maintenance,updated,powershell.exe -File C:\ACME\Patch\scan.ps1,ACME\svc_patch,benign,routine scheduled task
TASK-00183,2026-09-03T03:11:45Z,MGMT-01,NT AUTHORITY\SYSTEM,\Microsoft\Windows\DiskCleanup,started,UsoClient.exe StartScan,NT AUTHORITY\SYSTEM,benign,routine scheduled task
TASK-00716,2026-09-03T03:12:36Z,HR-WS-22,ACME\jsmith,\ACME\Patch\DailyScan,created,powershell.exe -File C:\ACME\Patch\scan.ps1,NT AUTHORITY\SYSTEM,benign,routine scheduled task
TASK-01277,2026-09-03T03:13:10Z,DC-01,ACME\svc_patch,\ACME\Patch\DailyScan,completed,UsoClient.exe StartScan,ACME\svc_patch,benign,routine scheduled task
TASK-00861,2026-09-03T03:23:05Z,MGMT-01,ACME\admin.ops,\Microsoft\Windows\DiskCleanup,created,powershell.exe -File C:\ACME\Patch\scan.ps1,ACME\svc_patch,benign,routine scheduled task
TASK-01307,2026-09-03T03:38:54Z,FILE-02,ACME\svc_patch,\ACME\Patch\DailyScan,updated,cleanmgr.exe /AUTOCLEAN,ACME\svc_patch,benign,routine scheduled task
TASK-01709,2026-09-03T03:40:55Z,APP-03,ACME\jsmith,\Microsoft\Windows\Update\Maintenance,completed,powershell.exe -File C:\ACME\Patch\scan.ps1,ACME\svc_patch,benign,routine scheduled task
TASK-00758,2026-09-03T03:44:05Z,FILE-02,ACME\admin.ops,\Microsoft\Windows\Update\Maintenance,created,UsoClient.exe StartScan,ACME\svc_patch,benign,routine scheduled task
TASK-00441,2026-09-03T03:45:01Z,FILE-02,ACME\jsmith,\Microsoft\Windows\Update\Maintenance,started,cleanmgr.exe /AUTOCLEAN,ACME\svc_patch,benign,routine scheduled task
TASK-01438,2026-09-03T03:49:08Z,DC-01,NT AUTHORITY\SYSTEM,\Microsoft\Windows\Update\Maintenance,updated,cleanmgr.exe /AUTOCLEAN,ACME\svc_patch,benign,routine scheduled task
TASK-00328,2026-09-03T03:54:52Z,PATCH-01,ACME\admin.ops,\Microsoft\Windows\Update\Maintenance,updated,UsoClient.exe StartScan,ACME\svc_patch,benign,routine scheduled task
TASK-01293,2026-09-03T03:54:55Z,APP-03,NT AUTHORITY\SYSTEM,\Microsoft\Windows\Update\Maintenance,created,powershell.exe -File C:\ACME\Patch\scan.ps1,ACME\svc_patch,benign,routine scheduled task
TASK-01191,2026-09-03T03:56:42Z,HR-WS-22,ACME\jsmith,\Microsoft\Windows\DiskCleanup,started,UsoClient.exe StartScan,ACME\svc_patch,benign,routine scheduled task
TASK-01516,2026-09-03T03:59:00Z,JUMP-01,ACME\admin.ops,\ACME\Patch\DailyScan,started,UsoClient.exe StartScan,NT AUTHORITY\SYSTEM,benign,routine scheduled task
TASK-00297,2026-09-03T04:03:31Z,JUMP-01,ACME\admin.ops,\Microsoft\Windows\Update\Maintenance,started,UsoClient.exe StartScan,ACME\svc_patch,benign,routine scheduled task
TASK-01444,2026-09-03T04:03:31Z,JUMP-01,ACME\admin.ops,\Microsoft\Windows\DiskCleanup,created,UsoClient.exe StartScan,ACME\svc_patch,benign,routine scheduled task
TASK-00930,2026-09-03T04:04:14Z,PATCH-01,ACME\kpatel,\Microsoft\Windows\DiskCleanup,started,powershell.exe -File C:\ACME\Patch\scan.ps1,NT AUTHORITY\SYSTEM,benign,routine scheduled task
TASK-01017,2026-09-03T04:11:22Z,DC-01,NT AUTHORITY\SYSTEM,\ACME\Patch\DailyScan,updated,powershell.exe -File C:\ACME\Patch\scan.ps1,ACME\svc_patch,benign,routine scheduled task
TASK-00091,2026-09-03T04:12:10Z,PATCH-01,ACME\kpatel,\Microsoft\Windows\DiskCleanup,completed,powershell.exe -File C:\ACME\Patch\scan.ps1,ACME\svc_patch,benign,routine scheduled task
TASK-01106,2026-09-03T04:13:40Z,JUMP-01,NT AUTHORITY\SYSTEM,\Microsoft\Windows\DiskCleanup,completed,cleanmgr.exe /AUTOCLEAN,NT AUTHORITY\SYSTEM,benign,routine scheduled task
TASK-00386,2026-09-03T04:17:34Z,DC-01,ACME\jsmith,\Microsoft\Windows\DiskCleanup,started,powershell.exe -File C:\ACME\Patch\scan.ps1,ACME\svc_patch,benign,routine scheduled task
TASK-00350,2026-09-03T04:28:05Z,MGMT-01,ACME\svc_patch,\ACME\Patch\DailyScan,completed,cleanmgr.exe /AUTOCLEAN,ACME\svc_patch,benign,routine scheduled task
TASK-01170,2026-09-03T04:32:46Z,HR-WS-22,ACME\jsmith,\Microsoft\Windows\Update\Maintenance,updated,powershell.exe -File C:\ACME\Patch\scan.ps1,NT AUTHORITY\SYSTEM,benign,routine scheduled task
TASK-01769,2026-09-03T04:35:45Z,DC-01,ACME\admin.ops,\Microsoft\Windows\DiskCleanup,updated,UsoClient.exe StartScan,ACME\svc_patch,benign,routine scheduled task
TASK-01678,2026-09-03T04:44:55Z,JUMP-01,ACME\kpatel,\Microsoft\Windows\Update\Maintenance,completed,UsoClient.exe StartScan,NT AUTHORITY\SYSTEM,benign,routine scheduled task
TASK-01768,2026-09-03T04:49:49Z,JUMP-01,ACME\svc_patch,\Microsoft\Windows\DiskCleanup,started,cleanmgr.exe /AUTOCLEAN,ACME\svc_patch,benign,routine scheduled task
TASK-01722,2026-09-03T04:51:16Z,MGMT-01,ACME\kpatel,\Microsoft\Windows\Update\Maintenance,updated,cleanmgr.exe /AUTOCLEAN,NT AUTHORITY\SYSTEM,benign,routine scheduled task
TASK-00022,2026-09-03T04:51:42Z,HR-WS-22,ACME\kpatel,\ACME\Patch\DailyScan,completed,powershell.exe -File C:\ACME\Patch\scan.ps1,ACME\svc_patch,benign,routine scheduled task
TASK-01452,2026-09-03T04:52:46Z,HR-WS-22,NT AUTHORITY\SYSTEM,\ACME\Patch\DailyScan,started,UsoClient.exe StartScan,ACME\svc_patch,benign,routine scheduled task
TASK-01142,2026-09-03T04:57:25Z,APP-03,ACME\svc_patch,\ACME\Patch\DailyScan,updated,cleanmgr.exe /AUTOCLEAN,NT AUTHORITY\SYSTEM,benign,routine scheduled task
TASK-01343,2026-09-03T05:07:17Z,PATCH-01,ACME\jsmith,\Microsoft\Windows\Update\Maintenance,created,powershell.exe -File C:\ACME\Patch\scan.ps1,NT AUTHORITY\SYSTEM,benign,routine scheduled task
TASK-00729,2026-09-03T05:15:12Z,PATCH-01,ACME\admin.ops,\ACME\Patch\DailyScan,updated,cleanmgr.exe /AUTOCLEAN,NT AUTHORITY\SYSTEM,benign,routine scheduled task
TASK-01429,2026-09-03T05:15:28Z,FILE-02,ACME\admin.ops,\Microsoft\Windows\Update\Maintenance,created,UsoClient.exe StartScan,ACME\svc_patch,benign,routine scheduled task
TASK-00019,2026-09-03T05:23:29Z,APP-03,ACME\admin.ops,\Microsoft\Windows\Update\Maintenance,created,cleanmgr.exe /AUTOCLEAN,NT AUTHORITY\SYSTEM,benign,routine scheduled task
TASK-00199,2026-09-03T05:23:40Z,HR-WS-22,ACME\svc_patch,\Microsoft\Windows\DiskCleanup,created,powershell.exe -File C:\ACME\Patch\scan.ps1,NT AUTHORITY\SYSTEM,benign,routine scheduled task
TASK-00675,2026-09-03T05:27:11Z,FILE-02,ACME\kpatel,\Microsoft\Windows\DiskCleanup,started,UsoClient.exe StartScan,ACME\svc_patch,benign,routine scheduled task
TASK-00133,2026-09-03T05:35:20Z,HR-WS-22,ACME\kpatel,\Microsoft\Windows\Update\Maintenance,started,cleanmgr.exe /AUTOCLEAN,ACME\svc_patch,benign,routine scheduled task
TASK-00015,2026-09-03T05:36:38Z,FILE-02,ACME\svc_patch,\Microsoft\Windows\DiskCleanup,created,powershell.exe -File C:\ACME\Patch\scan.ps1,NT AUTHORITY\SYSTEM,benign,routine scheduled task
TASK-00311,2026-09-03T05:40:44Z,JUMP-01,NT AUTHORITY\SYSTEM,\Microsoft\Windows\Update\Maintenance,updated,UsoClient.exe StartScan,ACME\svc_patch,benign,routine scheduled task
TASK-00838,2026-09-03T05:41:56Z,APP-03,ACME\admin.ops,\Microsoft\Windows\Update\Maintenance,created,cleanmgr.exe /AUTOCLEAN,ACME\svc_patch,benign,routine scheduled task
TASK-01035,2026-09-03T05:57:05Z,FILE-02,ACME\jsmith,\Microsoft\Windows\Update\Maintenance,updated,powershell.exe -File C:\ACME\Patch\scan.ps1,NT AUTHORITY\SYSTEM,benign,routine scheduled task
TASK-01025,2026-09-03T06:03:15Z,HR-WS-22,ACME\kpatel,\Microsoft\Windows\DiskCleanup,started,UsoClient.exe StartScan,ACME\svc_patch,benign,routine scheduled task
TASK-01207,2026-09-03T06:08:11Z,MGMT-01,ACME\svc_patch,\Microsoft\Windows\Update\Maintenance,created,powershell.exe -File C:\ACME\Patch\scan.ps1,NT AUTHORITY\SYSTEM,benign,routine scheduled task
TASK-01237,2026-09-03T06:09:09Z,JUMP-01,ACME\admin.ops,\Microsoft\Windows\DiskCleanup,updated,UsoClient.exe StartScan,ACME\svc_patch,benign,routine scheduled task
TASK-00203,2026-09-03T06:09:51Z,MGMT-01,ACME\kpatel,\ACME\Patch\DailyScan,updated,powershell.exe -File C:\ACME\Patch\scan.ps1,ACME\svc_patch,benign,routine scheduled task
TASK-01518,2026-09-03T06:20:24Z,APP-03,ACME\kpatel,\Microsoft\Windows\Update\Maintenance,started,cleanmgr.exe /AUTOCLEAN,ACME\svc_patch,benign,routine scheduled task
TASK-01661,2026-09-03T06:25:23Z,APP-03,ACME\admin.ops,\Microsoft\Windows\Update\Maintenance,created,cleanmgr.exe /AUTOCLEAN,ACME\svc_patch,benign,routine scheduled task
TASK-00834,2026-09-03T06:28:34Z,HR-WS-22,NT AUTHORITY\SYSTEM,\ACME\Patch\DailyScan,created,cleanmgr.exe /AUTOCLEAN,ACME\svc_patch,benign,routine scheduled task
TASK-00461,2026-09-03T06:29:38Z,FILE-02,ACME\kpatel,\Microsoft\Windows\DiskCleanup,completed,UsoClient.exe StartScan,NT AUTHORITY\SYSTEM,benign,routine scheduled task
TASK-00953,2026-09-03T06:30:26Z,DC-01,NT AUTHORITY\SYSTEM,\Microsoft\Windows\DiskCleanup,completed,powershell.exe -File C:\ACME\Patch\scan.ps1,NT AUTHORITY\SYSTEM,benign,routine scheduled task
TASK-01006,2026-09-03T06:36:01Z,JUMP-01,ACME\jsmith,\Microsoft\Windows\DiskCleanup,completed,powershell.exe -File C:\ACME\Patch\scan.ps1,NT AUTHORITY\SYSTEM,benign,routine scheduled task
TASK-01797,2026-09-03T06:41:14Z,JUMP-01,ACME\admin.ops,\ACME\Patch\DailyScan,completed,powershell.exe -File C:\ACME\Patch\scan.ps1,NT AUTHORITY\SYSTEM,benign,routine scheduled task
TASK-00165,2026-09-03T06:43:50Z,DC-01,NT AUTHORITY\SYSTEM,\ACME\Patch\DailyScan,updated,UsoClient.exe StartScan,ACME\svc_patch,benign,routine scheduled task
TASK-01610,2026-09-03T06:50:09Z,FILE-02,ACME\svc_patch,\ACME\Patch\DailyScan,completed,cleanmgr.exe /AUTOCLEAN,NT AUTHORITY\SYSTEM,benign,routine scheduled task
TASK-01663,2026-09-03T06:58:50Z,APP-03,ACME\admin.ops,\ACME\Patch\DailyScan,created,UsoClient.exe StartScan,NT AUTHORITY\SYSTEM,benign,routine scheduled task
TASK-01543,2026-09-03T06:58:54Z,APP-03,ACME\kpatel,\Microsoft\Windows\Update\Maintenance,completed,powershell.exe -File C:\ACME\Patch\scan.ps1,ACME\svc_patch,benign,routine scheduled task
TASK-00677,2026-09-03T07:00:04Z,PATCH-01,NT AUTHORITY\SYSTEM,\Microsoft\Windows\Update\Maintenance,completed,powershell.exe -File C:\ACME\Patch\scan.ps1,ACME\svc_patch,benign,routine scheduled task
TASK-01039,2026-09-03T07:00:34Z,DC-01,ACME\admin.ops,\Microsoft\Windows\Update\Maintenance,created,cleanmgr.exe /AUTOCLEAN,NT AUTHORITY\SYSTEM,benign,routine scheduled task
TASK-01521,2026-09-03T07:01:05Z,JUMP-01,ACME\svc_patch,\Microsoft\Windows\DiskCleanup,completed,cleanmgr.exe /AUTOCLEAN,ACME\svc_patch,benign,routine scheduled task
TASK-00749,2026-09-03T07:03:12Z,APP-03,ACME\admin.ops,\Microsoft\Windows\Update\Maintenance,started,powershell.exe -File C:\ACME\Patch\scan.ps1,ACME\svc_patch,benign,routine scheduled task
TASK-00029,2026-09-03T07:04:41Z,JUMP-01,NT AUTHORITY\SYSTEM,\Microsoft\Windows\Update\Maintenance,completed,cleanmgr.exe /AUTOCLEAN,NT AUTHORITY\SYSTEM,benign,routine scheduled task
TASK-01784,2026-09-03T07:06:11Z,PATCH-01,ACME\admin.ops,\Microsoft\Windows\Update\Maintenance,created,UsoClient.exe StartScan,NT AUTHORITY\SYSTEM,benign,routine scheduled task
TASK-01033,2026-09-03T07:08:02Z,MGMT-01,ACME\admin.ops,\Microsoft\Windows\Update\Maintenance,created,UsoClient.exe StartScan,NT AUTHORITY\SYSTEM,benign,routine scheduled task
TASK-01240,2026-09-03T07:11:43Z,JUMP-01,ACME\svc_patch,\Microsoft\Windows\DiskCleanup,updated,powershell.exe -File C:\ACME\Patch\scan.ps1,ACME\svc_patch,benign,routine scheduled task
TASK-01433,2026-09-03T07:13:46Z,JUMP-01,ACME\kpatel,\Microsoft\Windows\DiskCleanup,updated,UsoClient.exe StartScan,ACME\svc_patch,benign,routine scheduled task
TASK-01509,2026-09-03T07:15:43Z,JUMP-01,ACME\svc_patch,\Microsoft\Windows\Update\Maintenance,started,powershell.exe -File C:\ACME\Patch\scan.ps1,ACME\svc_patch,benign,routine scheduled task
TASK-01522,2026-09-03T07:18:25Z,FILE-02,ACME\admin.ops,\ACME\Patch\DailyScan,created,cleanmgr.exe /AUTOCLEAN,NT AUTHORITY\SYSTEM,benign,routine scheduled task
TASK-01124,2026-09-03T07:27:09Z,DC-01,ACME\kpatel,\Microsoft\Windows\DiskCleanup,started,powershell.exe -File C:\ACME\Patch\scan.ps1,ACME\svc_patch,benign,routine scheduled task
TASK-01647,2026-09-03T07:29:11Z,DC-01,ACME\kpatel,\ACME\Patch\DailyScan,started,cleanmgr.exe /AUTOCLEAN,ACME\svc_patch,benign,routine scheduled task
TASK-00127,2026-09-03T07:42:31Z,DC-01,ACME\admin.ops,\Microsoft\Windows\DiskCleanup,updated,UsoClient.exe StartScan,NT AUTHORITY\SYSTEM,benign,routine scheduled task
TASK-01789,2026-09-03T07:44:41Z,FILE-02,ACME\svc_patch,\Microsoft\Windows\DiskCleanup,completed,powershell.exe -File C:\ACME\Patch\scan.ps1,ACME\svc_patch,benign,routine scheduled task
TASK-00575,2026-09-03T07:48:21Z,APP-03,ACME\kpatel,\Microsoft\Windows\Update\Maintenance,completed,UsoClient.exe StartScan,NT AUTHORITY\SYSTEM,benign,routine scheduled task
TASK-01600,2026-09-03T07:48:25Z,MGMT-01,ACME\jsmith,\ACME\Patch\DailyScan,started,powershell.exe -File C:\ACME\Patch\scan.ps1,NT AUTHORITY\SYSTEM,benign,routine scheduled task
TASK-01421,2026-09-03T07:49:36Z,JUMP-01,ACME\kpatel,\ACME\Patch\DailyScan,started,UsoClient.exe StartScan,ACME\svc_patch,benign,routine scheduled task
TASK-00658,2026-09-03T07:51:14Z,HR-WS-22,ACME\kpatel,\Microsoft\Windows\Update\Maintenance,completed,powershell.exe -File C:\ACME\Patch\scan.ps1,NT AUTHORITY\SYSTEM,benign,routine scheduled task
TASK-00259,2026-09-03T07:59:27Z,JUMP-01,ACME\jsmith,\Microsoft\Windows\Update\Maintenance,started,cleanmgr.exe /AUTOCLEAN,NT AUTHORITY\SYSTEM,benign,routine scheduled task
TASK-01715,2026-09-03T08:02:35Z,HR-WS-22,ACME\svc_patch,\ACME\Patch\DailyScan,started,powershell.exe -File C:\ACME\Patch\scan.ps1,ACME\svc_patch,benign,routine scheduled task
TASK-00098,2026-09-03T08:09:00Z,PATCH-01,ACME\admin.ops,\Microsoft\Windows\Update\Maintenance,started,powershell.exe -File C:\ACME\Patch\scan.ps1,ACME\svc_patch,benign,routine scheduled task
TASK-01257,2026-09-03T08:15:00Z,HR-WS-22,ACME\svc_patch,\Microsoft\Windows\DiskCleanup,completed,powershell.exe -File C:\ACME\Patch\scan.ps1,ACME\svc_patch,benign,routine scheduled task
TASK-01387,2026-09-03T08:23:34Z,MGMT-01,ACME\kpatel,\Microsoft\Windows\DiskCleanup,started,powershell.exe -File C:\ACME\Patch\scan.ps1,ACME\svc_patch,benign,routine scheduled task
TASK-01539,2026-09-03T08:23:38Z,PATCH-01,ACME\jsmith,\Microsoft\Windows\Update\Maintenance,updated,UsoClient.exe StartScan,ACME\svc_patch,benign,routine scheduled task
TASK-00790,2026-09-03T08:28:26Z,FILE-02,NT AUTHORITY\SYSTEM,\Microsoft\Windows\Update\Maintenance,created,powershell.exe -File C:\ACME\Patch\scan.ps1,NT AUTHORITY\SYSTEM,benign,routine scheduled task
TASK-01748,2026-09-03T08:33:22Z,APP-03,ACME\admin.ops,\Microsoft\Windows\Update\Maintenance,updated,powershell.exe -File C:\ACME\Patch\scan.ps1,NT AUTHORITY\SYSTEM,benign,routine scheduled task
TASK-01717,2026-09-03T08:41:53Z,FILE-02,NT AUTHORITY\SYSTEM,\ACME\Patch\DailyScan,completed,powershell.exe -File C:\ACME\Patch\scan.ps1,ACME\svc_patch,benign,routine scheduled task
TASK-00146,2026-09-03T08:43:35Z,DC-01,NT AUTHORITY\SYSTEM,\ACME\Patch\DailyScan,completed,UsoClient.exe StartScan,ACME\svc_patch,benign,routine scheduled task
TASK-00281,2026-09-03T08:49:05Z,DC-01,ACME\admin.ops,\Microsoft\Windows\DiskCleanup,completed,UsoClient.exe StartScan,ACME\svc_patch,benign,routine scheduled task
TASK-00881,2026-09-03T08:52:23Z,JUMP-01,ACME\kpatel,\Microsoft\Windows\DiskCleanup,started,powershell.exe -File C:\ACME\Patch\scan.ps1,ACME\svc_patch,benign,routine scheduled task
TASK-00547,2026-09-03T09:03:20Z,JUMP-01,ACME\admin.ops,\ACME\Patch\DailyScan,updated,powershell.exe -File C:\ACME\Patch\scan.ps1,ACME\svc_patch,benign,routine scheduled task
TASK-00728,2026-09-03T09:04:25Z,HR-WS-22,ACME\admin.ops,\Microsoft\Windows\DiskCleanup,started,UsoClient.exe StartScan,ACME\svc_patch,benign,routine scheduled task
TASK-00669,2026-09-03T09:04:27Z,JUMP-01,ACME\admin.ops,\Microsoft\Windows\DiskCleanup,updated,UsoClient.exe StartScan,ACME\svc_patch,benign,routine scheduled task
TASK-01583,2026-09-03T09:14:37Z,HR-WS-22,ACME\admin.ops,\Microsoft\Windows\DiskCleanup,completed,powershell.exe -File C:\ACME\Patch\scan.ps1,ACME\svc_patch,benign,routine scheduled task
TASK-01725,2026-09-03T09:15:01Z,FILE-02,NT AUTHORITY\SYSTEM,\Microsoft\Windows\Update\Maintenance,created,UsoClient.exe StartScan,NT AUTHORITY\SYSTEM,benign,routine scheduled task
TASK-01246,2026-09-03T09:18:59Z,JUMP-01,ACME\admin.ops,\Microsoft\Windows\Update\Maintenance,completed,UsoClient.exe StartScan,NT AUTHORITY\SYSTEM,benign,routine scheduled task
TASK-00173,2026-09-03T09:20:57Z,APP-03,ACME\kpatel,\ACME\Patch\DailyScan,created,cleanmgr.exe /AUTOCLEAN,NT AUTHORITY\SYSTEM,benign,routine scheduled task
TASK-01456,2026-09-03T09:21:32Z,HR-WS-22,ACME\kpatel,\Microsoft\Windows\DiskCleanup,started,powershell.exe -File C:\ACME\Patch\scan.ps1,NT AUTHORITY\SYSTEM,benign,routine scheduled task
TASK-00195,2026-09-03T09:26:15Z,HR-WS-22,ACME\admin.ops,\Microsoft\Windows\DiskCleanup,created,powershell.exe -File C:\ACME\Patch\scan.ps1,ACME\svc_patch,benign,routine scheduled task
TASK-00639,2026-09-03T09:44:46Z,DC-01,NT AUTHORITY\SYSTEM,\ACME\Patch\DailyScan,completed,UsoClient.exe StartScan,NT AUTHORITY\SYSTEM,benign,routine scheduled task
TASK-01527,2026-09-03T09:56:06Z,JUMP-01,ACME\svc_patch,\Microsoft\Windows\DiskCleanup,created,cleanmgr.exe /AUTOCLEAN,ACME\svc_patch,benign,routine scheduled task
TASK-00488,2026-09-03T10:00:36Z,MGMT-01,ACME\admin.ops,\Microsoft\Windows\DiskCleanup,completed,cleanmgr.exe /AUTOCLEAN,NT AUTHORITY\SYSTEM,benign,routine scheduled task
TASK-01457,2026-09-03T10:02:17Z,MGMT-01,NT AUTHORITY\SYSTEM,\ACME\Patch\DailyScan,completed,powershell.exe -File C:\ACME\Patch\scan.ps1,NT AUTHORITY\SYSTEM,benign,routine scheduled task
TASK-00291,2026-09-03T10:03:49Z,MGMT-01,NT AUTHORITY\SYSTEM,\Microsoft\Windows\DiskCleanup,created,powershell.exe -File C:\ACME\Patch\scan.ps1,NT AUTHORITY\SYSTEM,benign,routine scheduled task
TASK-00229,2026-09-03T10:05:00Z,PATCH-01,ACME\jsmith,\Microsoft\Windows\Update\Maintenance,updated,powershell.exe -File C:\ACME\Patch\scan.ps1,NT AUTHORITY\SYSTEM,benign,routine scheduled task
TASK-00052,2026-09-03T10:13:18Z,MGMT-01,ACME\jsmith,\Microsoft\Windows\DiskCleanup,completed,powershell.exe -File C:\ACME\Patch\scan.ps1,NT AUTHORITY\SYSTEM,benign,routine scheduled task
TASK-00130,2026-09-03T10:20:29Z,JUMP-01,ACME\admin.ops,\ACME\Patch\DailyScan,updated,cleanmgr.exe /AUTOCLEAN,ACME\svc_patch,benign,routine scheduled task
TASK-01693,2026-09-03T10:23:09Z,DC-01,ACME\jsmith,\ACME\Patch\DailyScan,created,UsoClient.exe StartScan,NT AUTHORITY\SYSTEM,benign,routine scheduled task
TASK-01625,2026-09-03T10:27:01Z,JUMP-01,NT AUTHORITY\SYSTEM,\ACME\Patch\DailyScan,updated,cleanmgr.exe /AUTOCLEAN,ACME\svc_patch,benign,routine scheduled task
TASK-00486,2026-09-03T10:27:49Z,APP-03,ACME\admin.ops,\Microsoft\Windows\Update\Maintenance,started,powershell.exe -File C:\ACME\Patch\scan.ps1,NT AUTHORITY\SYSTEM,benign,routine scheduled task
TASK-01792,2026-09-03T10:30:15Z,FILE-02,ACME\admin.ops,\Microsoft\Windows\Update\Maintenance,updated,cleanmgr.exe /AUTOCLEAN,NT AUTHORITY\SYSTEM,benign,routine scheduled task
TASK-00573,2026-09-03T10:33:18Z,DC-01,ACME\jsmith,\ACME\Patch\DailyScan,started,cleanmgr.exe /AUTOCLEAN,NT AUTHORITY\SYSTEM,benign,routine scheduled task
TASK-01266,2026-09-03T10:33:58Z,HR-WS-22,ACME\admin.ops,\Microsoft\Windows\DiskCleanup,updated,powershell.exe -File C:\ACME\Patch\scan.ps1,NT AUTHORITY\SYSTEM,benign,routine scheduled task
TASK-01586,2026-09-03T10:34:16Z,DC-01,ACME\jsmith,\Microsoft\Windows\Update\Maintenance,completed,UsoClient.exe StartScan,NT AUTHORITY\SYSTEM,benign,routine scheduled task
TASK-00897,2026-09-03T10:37:18Z,DC-01,ACME\admin.ops,\ACME\Patch\DailyScan,completed,cleanmgr.exe /AUTOCLEAN,ACME\svc_patch,benign,routine scheduled task
TASK-00158,2026-09-03T10:43:38Z,FILE-02,ACME\kpatel,\Microsoft\Windows\Update\Maintenance,created,UsoClient.exe StartScan,ACME\svc_patch,benign,routine scheduled task
TASK-01388,2026-09-03T10:53:16Z,DC-01,ACME\svc_patch,\Microsoft\Windows\DiskCleanup,completed,cleanmgr.exe /AUTOCLEAN,ACME\svc_patch,benign,routine scheduled task
TASK-00525,2026-09-03T10:56:08Z,APP-03,ACME\kpatel,\Microsoft\Windows\DiskCleanup,created,cleanmgr.exe /AUTOCLEAN,ACME\svc_patch,benign,routine scheduled task
TASK-00171,2026-09-03T10:56:13Z,MGMT-01,ACME\admin.ops,\Microsoft\Windows\DiskCleanup,started,powershell.exe -File C:\ACME\Patch\scan.ps1,ACME\svc_patch,benign,routine scheduled task
TASK-00564,2026-09-03T11:00:23Z,PATCH-01,ACME\svc_patch,\Microsoft\Windows\Update\Maintenance,created,powershell.exe -File C:\ACME\Patch\scan.ps1,ACME\svc_patch,benign,routine scheduled task
TASK-00166,2026-09-03T11:04:14Z,PATCH-01,ACME\admin.ops,\Microsoft\Windows\DiskCleanup,created,powershell.exe -File C:\ACME\Patch\scan.ps1,NT AUTHORITY\SYSTEM,benign,routine scheduled task
TASK-01606,2026-09-03T11:13:38Z,PATCH-01,NT AUTHORITY\SYSTEM,\ACME\Patch\DailyScan,updated,UsoClient.exe StartScan,ACME\svc_patch,benign,routine scheduled task
TASK-00862,2026-09-03T11:20:58Z,PATCH-01,ACME\admin.ops,\Microsoft\Windows\DiskCleanup,updated,UsoClient.exe StartScan,ACME\svc_patch,benign,routine scheduled task
TASK-01203,2026-09-03T11:23:48Z,HR-WS-22,NT AUTHORITY\SYSTEM,\Microsoft\Windows\Update\Maintenance,completed,powershell.exe -File C:\ACME\Patch\scan.ps1,ACME\svc_patch,benign,routine scheduled task
TASK-00808,2026-09-03T11:24:13Z,FILE-02,ACME\svc_patch,\ACME\Patch\DailyScan,updated,cleanmgr.exe /AUTOCLEAN,NT AUTHORITY\SYSTEM,benign,routine scheduled task
TASK-00008,2026-09-03T11:30:10Z,PATCH-01,NT AUTHORITY\SYSTEM,\Microsoft\Windows\DiskCleanup,updated,UsoClient.exe StartScan,NT AUTHORITY\SYSTEM,benign,routine scheduled task
TASK-00572,2026-09-03T11:41:15Z,PATCH-01,NT AUTHORITY\SYSTEM,\Microsoft\Windows\DiskCleanup,completed,cleanmgr.exe /AUTOCLEAN,ACME\svc_patch,benign,routine scheduled task
TASK-01282,2026-09-03T11:44:37Z,DC-01,ACME\kpatel,\Microsoft\Windows\Update\Maintenance,started,cleanmgr.exe /AUTOCLEAN,ACME\svc_patch,benign,routine scheduled task
TASK-01117,2026-09-03T11:45:48Z,MGMT-01,ACME\svc_patch,\Microsoft\Windows\Update\Maintenance,started,UsoClient.exe StartScan,ACME\svc_patch,benign,routine scheduled task
TASK-00273,2026-09-03T11:48:52Z,JUMP-01,ACME\svc_patch,\Microsoft\Windows\Update\Maintenance,started,powershell.exe -File C:\ACME\Patch\scan.ps1,NT AUTHORITY\SYSTEM,benign,routine scheduled task
TASK-00057,2026-09-03T12:00:45Z,APP-03,NT AUTHORITY\SYSTEM,\Microsoft\Windows\Update\Maintenance,completed,UsoClient.exe StartScan,NT AUTHORITY\SYSTEM,benign,routine scheduled task
TASK-00933,2026-09-03T12:06:53Z,DC-01,NT AUTHORITY\SYSTEM,\Microsoft\Windows\Update\Maintenance,created,cleanmgr.exe /AUTOCLEAN,ACME\svc_patch,benign,routine scheduled task
TASK-01047,2026-09-03T12:07:42Z,FILE-02,ACME\jsmith,\Microsoft\Windows\Update\Maintenance,completed,UsoClient.exe StartScan,NT AUTHORITY\SYSTEM,benign,routine scheduled task
TASK-01201,2026-09-03T12:09:33Z,PATCH-01,NT AUTHORITY\SYSTEM,\Microsoft\Windows\DiskCleanup,completed,cleanmgr.exe /AUTOCLEAN,NT AUTHORITY\SYSTEM,benign,routine scheduled task
TASK-00789,2026-09-03T12:13:38Z,PATCH-01,ACME\kpatel,\Microsoft\Windows\Update\Maintenance,updated,UsoClient.exe StartScan,ACME\svc_patch,benign,routine scheduled task
TASK-01109,2026-09-03T12:15:35Z,MGMT-01,ACME\jsmith,\Microsoft\Windows\Update\Maintenance,completed,powershell.exe -File C:\ACME\Patch\scan.ps1,ACME\svc_patch,benign,routine scheduled task
TASK-00409,2026-09-03T12:17:56Z,FILE-02,ACME\jsmith,\Microsoft\Windows\DiskCleanup,created,UsoClient.exe StartScan,ACME\svc_patch,benign,routine scheduled task
TASK-00807,2026-09-03T12:21:53Z,FILE-02,ACME\kpatel,\Microsoft\Windows\Update\Maintenance,created,cleanmgr.exe /AUTOCLEAN,ACME\svc_patch,benign,routine scheduled task
TASK-00355,2026-09-03T12:22:42Z,JUMP-01,ACME\kpatel,\ACME\Patch\DailyScan,started,UsoClient.exe StartScan,NT AUTHORITY\SYSTEM,benign,routine scheduled task
TASK-01235,2026-09-03T12:24:27Z,JUMP-01,ACME\kpatel,\Microsoft\Windows\DiskCleanup,completed,powershell.exe -File C:\ACME\Patch\scan.ps1,NT AUTHORITY\SYSTEM,benign,routine scheduled task
TASK-00190,2026-09-03T12:25:47Z,APP-03,ACME\svc_patch,\Microsoft\Windows\Update\Maintenance,started,powershell.exe -File C:\ACME\Patch\scan.ps1,ACME\svc_patch,benign,routine scheduled task
TASK-00637,2026-09-03T12:27:06Z,DC-01,ACME\admin.ops,\Microsoft\Windows\DiskCleanup,created,cleanmgr.exe /AUTOCLEAN,ACME\svc_patch,benign,routine scheduled task
TASK-01431,2026-09-03T12:28:00Z,DC-01,ACME\admin.ops,\Microsoft\Windows\DiskCleanup,started,powershell.exe -File C:\ACME\Patch\scan.ps1,ACME\svc_patch,benign,routine scheduled task
TASK-01637,2026-09-03T12:31:43Z,JUMP-01,ACME\kpatel,\ACME\Patch\DailyScan,completed,powershell.exe -File C:\ACME\Patch\scan.ps1,NT AUTHORITY\SYSTEM,benign,routine scheduled task
TASK-01641,2026-09-03T12:32:36Z,FILE-02,NT AUTHORITY\SYSTEM,\Microsoft\Windows\Update\Maintenance,completed,cleanmgr.exe /AUTOCLEAN,NT AUTHORITY\SYSTEM,benign,routine scheduled task
TASK-00705,2026-09-03T12:35:25Z,JUMP-01,ACME\svc_patch,\Microsoft\Windows\DiskCleanup,created,cleanmgr.exe /AUTOCLEAN,NT AUTHORITY\SYSTEM,benign,routine scheduled task
TASK-00531,2026-09-03T12:39:49Z,FILE-02,ACME\jsmith,\Microsoft\Windows\Update\Maintenance,completed,powershell.exe -File C:\ACME\Patch\scan.ps1,NT AUTHORITY\SYSTEM,benign,routine scheduled task
TASK-01205,2026-09-03T12:43:09Z,APP-03,ACME\svc_patch,\ACME\Patch\DailyScan,created,cleanmgr.exe /AUTOCLEAN,NT AUTHORITY\SYSTEM,benign,routine scheduled task
TASK-01022,2026-09-03T12:51:15Z,FILE-02,ACME\svc_patch,\Microsoft\Windows\DiskCleanup,updated,powershell.exe -File C:\ACME\Patch\scan.ps1,NT AUTHORITY\SYSTEM,benign,routine scheduled task
TASK-01411,2026-09-03T12:53:36Z,PATCH-01,ACME\admin.ops,\Microsoft\Windows\Update\Maintenance,started,UsoClient.exe StartScan,ACME\svc_patch,benign,routine scheduled task
TASK-00870,2026-09-03T12:58:54Z,JUMP-01,ACME\admin.ops,\ACME\Patch\DailyScan,created,UsoClient.exe StartScan,ACME\svc_patch,benign,routine scheduled task
TASK-00086,2026-09-03T12:59:49Z,JUMP-01,ACME\jsmith,\Microsoft\Windows\Update\Maintenance,started,cleanmgr.exe /AUTOCLEAN,NT AUTHORITY\SYSTEM,benign,routine scheduled task
TASK-01320,2026-09-03T13:00:14Z,MGMT-01,ACME\jsmith,\Microsoft\Windows\DiskCleanup,started,powershell.exe -File C:\ACME\Patch\scan.ps1,NT AUTHORITY\SYSTEM,benign,routine scheduled task
TASK-01535,2026-09-03T13:03:15Z,PATCH-01,NT AUTHORITY\SYSTEM,\Microsoft\Windows\DiskCleanup,completed,powershell.exe -File C:\ACME\Patch\scan.ps1,ACME\svc_patch,benign,routine scheduled task
TASK-01031,2026-09-03T13:07:09Z,FILE-02,ACME\svc_patch,\Microsoft\Windows\DiskCleanup,updated,UsoClient.exe StartScan,NT AUTHORITY\SYSTEM,benign,routine scheduled task
TASK-01459,2026-09-03T13:13:13Z,DC-01,NT AUTHORITY\SYSTEM,\ACME\Patch\DailyScan,started,UsoClient.exe StartScan,ACME\svc_patch,benign,routine scheduled task
TASK-01592,2026-09-03T13:16:19Z,HR-WS-22,ACME\kpatel,\Microsoft\Windows\Update\Maintenance,updated,powershell.exe -File C:\ACME\Patch\scan.ps1,ACME\svc_patch,benign,routine scheduled task
TASK-00715,2026-09-03T13:25:20Z,FILE-02,NT AUTHORITY\SYSTEM,\Microsoft\Windows\Update\Maintenance,completed,powershell.exe -File C:\ACME\Patch\scan.ps1,ACME\svc_patch,benign,routine scheduled task
TASK-00119,2026-09-03T13:29:57Z,PATCH-01,ACME\admin.ops,\Microsoft\Windows\Update\Maintenance,started,UsoClient.exe StartScan,ACME\svc_patch,benign,routine scheduled task
TASK-00955,2026-09-03T13:32:59Z,JUMP-01,ACME\jsmith,\ACME\Patch\DailyScan,completed,powershell.exe -File C:\ACME\Patch\scan.ps1,ACME\svc_patch,benign,routine scheduled task
TASK-01751,2026-09-03T13:34:00Z,JUMP-01,ACME\admin.ops,\Microsoft\Windows\Update\Maintenance,created,cleanmgr.exe /AUTOCLEAN,ACME\svc_patch,benign,routine scheduled task
TASK-00241,2026-09-03T13:34:09Z,HR-WS-22,ACME\admin.ops,\Microsoft\Windows\DiskCleanup,created,powershell.exe -File C:\ACME\Patch\scan.ps1,ACME\svc_patch,benign,routine scheduled task
TASK-01651,2026-09-03T13:34:44Z,FILE-02,ACME\jsmith,\ACME\Patch\DailyScan,completed,cleanmgr.exe /AUTOCLEAN,ACME\svc_patch,benign,routine scheduled task
TASK-01434,2026-09-03T13:41:00Z,FILE-02,ACME\admin.ops,\Microsoft\Windows\Update\Maintenance,updated,UsoClient.exe StartScan,ACME\svc_patch,benign,routine scheduled task
TASK-01601,2026-09-03T13:41:57Z,FILE-02,NT AUTHORITY\SYSTEM,\ACME\Patch\DailyScan,created,cleanmgr.exe /AUTOCLEAN,ACME\svc_patch,benign,routine scheduled task
TASK-00693,2026-09-03T13:44:30Z,HR-WS-22,ACME\admin.ops,\Microsoft\Windows\Update\Maintenance,created,powershell.exe -File C:\ACME\Patch\scan.ps1,NT AUTHORITY\SYSTEM,benign,routine scheduled task
TASK-00945,2026-09-03T13:48:28Z,DC-01,ACME\admin.ops,\Microsoft\Windows\DiskCleanup,updated,cleanmgr.exe /AUTOCLEAN,NT AUTHORITY\SYSTEM,benign,routine scheduled task
TASK-01057,2026-09-03T13:48:41Z,MGMT-01,ACME\admin.ops,\Microsoft\Windows\Update\Maintenance,started,UsoClient.exe StartScan,ACME\svc_patch,benign,routine scheduled task
TASK-00114,2026-09-03T13:59:20Z,FILE-02,ACME\jsmith,\Microsoft\Windows\Update\Maintenance,started,powershell.exe -File C:\ACME\Patch\scan.ps1,ACME\svc_patch,benign,routine scheduled task
TASK-00263,2026-09-03T14:05:21Z,PATCH-01,ACME\jsmith,\ACME\Patch\DailyScan,completed,powershell.exe -File C:\ACME\Patch\scan.ps1,ACME\svc_patch,benign,routine scheduled task
TASK-01755,2026-09-03T14:06:41Z,FILE-02,ACME\admin.ops,\Microsoft\Windows\DiskCleanup,created,powershell.exe -File C:\ACME\Patch\scan.ps1,NT AUTHORITY\SYSTEM,benign,routine scheduled task
TASK-00938,2026-09-03T14:07:57Z,FILE-02,ACME\kpatel,\Microsoft\Windows\DiskCleanup,updated,UsoClient.exe StartScan,NT AUTHORITY\SYSTEM,benign,routine scheduled task
TASK-01705,2026-09-03T14:09:34Z,MGMT-01,ACME\admin.ops,\Microsoft\Windows\Update\Maintenance,updated,cleanmgr.exe /AUTOCLEAN,ACME\svc_patch,benign,routine scheduled task
TASK-00560,2026-09-03T14:10:46Z,PATCH-01,ACME\admin.ops,\Microsoft\Windows\Update\Maintenance,updated,cleanmgr.exe /AUTOCLEAN,ACME\svc_patch,benign,routine scheduled task
TASK-00916,2026-09-03T14:11:40Z,APP-03,ACME\admin.ops,\ACME\Patch\DailyScan,started,UsoClient.exe StartScan,NT AUTHORITY\SYSTEM,benign,routine scheduled task
TASK-01569,2026-09-03T14:17:00Z,PATCH-01,ACME\jsmith,\ACME\Patch\DailyScan,started,powershell.exe -File C:\ACME\Patch\scan.ps1,ACME\svc_patch,benign,routine scheduled task
TASK-00841,2026-09-03T14:19:36Z,APP-03,ACME\admin.ops,\ACME\Patch\DailyScan,started,cleanmgr.exe /AUTOCLEAN,ACME\svc_patch,benign,routine scheduled task
TASK-00621,2026-09-03T14:20:10Z,DC-01,NT AUTHORITY\SYSTEM,\Microsoft\Windows\DiskCleanup,created,UsoClient.exe StartScan,NT AUTHORITY\SYSTEM,benign,routine scheduled task
TASK-01624,2026-09-03T14:24:18Z,HR-WS-22,ACME\svc_patch,\ACME\Patch\DailyScan,started,powershell.exe -File C:\ACME\Patch\scan.ps1,NT AUTHORITY\SYSTEM,benign,routine scheduled task
TASK-00506,2026-09-03T14:33:48Z,DC-01,ACME\jsmith,\ACME\Patch\DailyScan,updated,cleanmgr.exe /AUTOCLEAN,ACME\svc_patch,benign,routine scheduled task
TASK-00805,2026-09-03T14:42:09Z,FILE-02,ACME\jsmith,\ACME\Patch\DailyScan,completed,UsoClient.exe StartScan,NT AUTHORITY\SYSTEM,benign,routine scheduled task
TASK-01255,2026-09-03T14:53:26Z,APP-03,NT AUTHORITY\SYSTEM,\Microsoft\Windows\Update\Maintenance,started,cleanmgr.exe /AUTOCLEAN,NT AUTHORITY\SYSTEM,benign,routine scheduled task
TASK-01127,2026-09-03T14:53:32Z,DC-01,ACME\svc_patch,\Microsoft\Windows\DiskCleanup,completed,cleanmgr.exe /AUTOCLEAN,NT AUTHORITY\SYSTEM,benign,routine scheduled task
TASK-00415,2026-09-03T14:58:11Z,APP-03,ACME\admin.ops,\ACME\Patch\DailyScan,completed,powershell.exe -File C:\ACME\Patch\scan.ps1,ACME\svc_patch,benign,routine scheduled task
TASK-00667,2026-09-03T15:05:32Z,FILE-02,ACME\jsmith,\Microsoft\Windows\DiskCleanup,created,UsoClient.exe StartScan,NT AUTHORITY\SYSTEM,benign,routine scheduled task
TASK-00145,2026-09-03T15:14:14Z,MGMT-01,ACME\kpatel,\Microsoft\Windows\Update\Maintenance,updated,powershell.exe -File C:\ACME\Patch\scan.ps1,ACME\svc_patch,benign,routine scheduled task
TASK-01566,2026-09-03T15:16:20Z,MGMT-01,ACME\admin.ops,\Microsoft\Windows\Update\Maintenance,created,UsoClient.exe StartScan,NT AUTHORITY\SYSTEM,benign,routine scheduled task
TASK-00321,2026-09-03T15:22:27Z,JUMP-01,ACME\svc_patch,\Microsoft\Windows\DiskCleanup,created,powershell.exe -File C:\ACME\Patch\scan.ps1,NT AUTHORITY\SYSTEM,benign,routine scheduled task
TASK-01270,2026-09-03T15:23:18Z,HR-WS-22,ACME\svc_patch,\Microsoft\Windows\Update\Maintenance,completed,powershell.exe -File C:\ACME\Patch\scan.ps1,NT AUTHORITY\SYSTEM,benign,routine scheduled task
TASK-00192,2026-09-03T15:24:45Z,HR-WS-22,ACME\svc_patch,\Microsoft\Windows\DiskCleanup,completed,UsoClient.exe StartScan,NT AUTHORITY\SYSTEM,benign,routine scheduled task
TASK-01111,2026-09-03T15:27:16Z,APP-03,NT AUTHORITY\SYSTEM,\ACME\Patch\DailyScan,updated,UsoClient.exe StartScan,NT AUTHORITY\SYSTEM,benign,routine scheduled task
TASK-00106,2026-09-03T15:29:24Z,HR-WS-22,ACME\jsmith,\ACME\Patch\DailyScan,updated,cleanmgr.exe /AUTOCLEAN,ACME\svc_patch,benign,routine scheduled task
TASK-01000,2026-09-03T15:34:07Z,APP-03,ACME\admin.ops,\ACME\Patch\DailyScan,completed,UsoClient.exe StartScan,ACME\svc_patch,benign,routine scheduled task
TASK-01300,2026-09-03T15:46:47Z,FILE-02,ACME\kpatel,\Microsoft\Windows\DiskCleanup,started,UsoClient.exe StartScan,NT AUTHORITY\SYSTEM,benign,routine scheduled task
TASK-00252,2026-09-03T15:50:34Z,MGMT-01,ACME\admin.ops,\Microsoft\Windows\Update\Maintenance,created,UsoClient.exe StartScan,ACME\svc_patch,benign,routine scheduled task
TASK-00163,2026-09-03T15:52:22Z,DC-01,ACME\kpatel,\ACME\Patch\DailyScan,created,UsoClient.exe StartScan,ACME\svc_patch,benign,routine scheduled task
TASK-00360,2026-09-03T15:53:36Z,MGMT-01,ACME\kpatel,\Microsoft\Windows\Update\Maintenance,updated,UsoClient.exe StartScan,NT AUTHORITY\SYSTEM,benign,routine scheduled task
TASK-00756,2026-09-03T15:55:06Z,JUMP-01,ACME\svc_patch,\Microsoft\Windows\Update\Maintenance,created,powershell.exe -File C:\ACME\Patch\scan.ps1,ACME\svc_patch,benign,routine scheduled task
TASK-01481,2026-09-03T15:56:57Z,JUMP-01,NT AUTHORITY\SYSTEM,\Microsoft\Windows\Update\Maintenance,completed,powershell.exe -File C:\ACME\Patch\scan.ps1,ACME\svc_patch,benign,routine scheduled task
TASK-01776,2026-09-03T16:00:11Z,HR-WS-22,NT AUTHORITY\SYSTEM,\Microsoft\Windows\DiskCleanup,updated,UsoClient.exe StartScan,NT AUTHORITY\SYSTEM,benign,routine scheduled task
TASK-01196,2026-09-03T16:01:54Z,APP-03,ACME\svc_patch,\ACME\Patch\DailyScan,started,cleanmgr.exe /AUTOCLEAN,ACME\svc_patch,benign,routine scheduled task
TASK-00234,2026-09-03T16:02:36Z,MGMT-01,ACME\jsmith,\Microsoft\Windows\Update\Maintenance,updated,UsoClient.exe StartScan,NT AUTHORITY\SYSTEM,benign,routine scheduled task
TASK-01309,2026-09-03T16:05:16Z,MGMT-01,ACME\admin.ops,\ACME\Patch\DailyScan,created,cleanmgr.exe /AUTOCLEAN,ACME\svc_patch,benign,routine scheduled task
TASK-00664,2026-09-03T16:06:35Z,MGMT-01,ACME\jsmith,\ACME\Patch\DailyScan,updated,UsoClient.exe StartScan,ACME\svc_patch,benign,routine scheduled task
TASK-01251,2026-09-03T16:08:11Z,MGMT-01,ACME\admin.ops,\ACME\Patch\DailyScan,completed,UsoClient.exe StartScan,NT AUTHORITY\SYSTEM,benign,routine scheduled task
TASK-01659,2026-09-03T16:13:11Z,APP-03,ACME\kpatel,\ACME\Patch\DailyScan,started,powershell.exe -File C:\ACME\Patch\scan.ps1,ACME\svc_patch,benign,routine scheduled task
TASK-01119,2026-09-03T16:14:14Z,HR-WS-22,ACME\kpatel,\Microsoft\Windows\DiskCleanup,updated,UsoClient.exe StartScan,NT AUTHORITY\SYSTEM,benign,routine scheduled task
TASK-00011,2026-09-03T16:17:04Z,PATCH-01,NT AUTHORITY\SYSTEM,\ACME\Patch\DailyScan,started,powershell.exe -File C:\ACME\Patch\scan.ps1,ACME\svc_patch,benign,routine scheduled task
TASK-00802,2026-09-03T16:18:18Z,DC-01,ACME\kpatel,\ACME\Patch\DailyScan,completed,UsoClient.exe StartScan,ACME\svc_patch,benign,routine scheduled task
TASK-00803,2026-09-03T16:24:18Z,MGMT-01,ACME\svc_patch,\ACME\Patch\DailyScan,started,powershell.exe -File C:\ACME\Patch\scan.ps1,NT AUTHORITY\SYSTEM,benign,routine scheduled task
TASK-00366,2026-09-03T16:26:57Z,PATCH-01,ACME\admin.ops,\Microsoft\Windows\DiskCleanup,created,powershell.exe -File C:\ACME\Patch\scan.ps1,ACME\svc_patch,benign,routine scheduled task
TASK-00782,2026-09-03T16:31:36Z,DC-01,ACME\admin.ops,\Microsoft\Windows\Update\Maintenance,updated,powershell.exe -File C:\ACME\Patch\scan.ps1,ACME\svc_patch,benign,routine scheduled task
TASK-01587,2026-09-03T16:32:42Z,MGMT-01,ACME\kpatel,\Microsoft\Windows\Update\Maintenance,updated,UsoClient.exe StartScan,NT AUTHORITY\SYSTEM,benign,routine scheduled task
TASK-00473,2026-09-03T16:36:43Z,HR-WS-22,ACME\jsmith,\Microsoft\Windows\DiskCleanup,started,powershell.exe -File C:\ACME\Patch\scan.ps1,ACME\svc_patch,benign,routine scheduled task
TASK-01345,2026-09-03T16:43:49Z,JUMP-01,ACME\kpatel,\ACME\Patch\DailyScan,started,powershell.exe -File C:\ACME\Patch\scan.ps1,ACME\svc_patch,benign,routine scheduled task
TASK-00608,2026-09-03T16:43:53Z,JUMP-01,ACME\admin.ops,\ACME\Patch\DailyScan,completed,cleanmgr.exe /AUTOCLEAN,NT AUTHORITY\SYSTEM,benign,routine scheduled task
TASK-00505,2026-09-03T16:46:36Z,FILE-02,ACME\svc_patch,\ACME\Patch\DailyScan,created,UsoClient.exe StartScan,ACME\svc_patch,benign,routine scheduled task
TASK-01564,2026-09-03T16:47:20Z,DC-01,ACME\admin.ops,\ACME\Patch\DailyScan,started,powershell.exe -File C:\ACME\Patch\scan.ps1,NT AUTHORITY\SYSTEM,benign,routine scheduled task
TASK-01439,2026-09-03T16:49:05Z,DC-01,NT AUTHORITY\SYSTEM,\Microsoft\Windows\Update\Maintenance,completed,powershell.exe -File C:\ACME\Patch\scan.ps1,ACME\svc_patch,benign,routine scheduled task
TASK-01572,2026-09-03T16:52:12Z,JUMP-01,NT AUTHORITY\SYSTEM,\ACME\Patch\DailyScan,started,UsoClient.exe StartScan,NT AUTHORITY\SYSTEM,benign,routine scheduled task
TASK-00084,2026-09-03T16:53:43Z,MGMT-01,NT AUTHORITY\SYSTEM,\Microsoft\Windows\Update\Maintenance,started,powershell.exe -File C:\ACME\Patch\scan.ps1,NT AUTHORITY\SYSTEM,benign,routine scheduled task
TASK-00674,2026-09-03T17:04:08Z,DC-01,ACME\jsmith,\Microsoft\Windows\Update\Maintenance,completed,cleanmgr.exe /AUTOCLEAN,NT AUTHORITY\SYSTEM,benign,routine scheduled task
TASK-01305,2026-09-03T17:10:15Z,PATCH-01,ACME\jsmith,\ACME\Patch\DailyScan,started,cleanmgr.exe /AUTOCLEAN,NT AUTHORITY\SYSTEM,benign,routine scheduled task
TASK-00348,2026-09-03T17:29:50Z,HR-WS-22,ACME\kpatel,\ACME\Patch\DailyScan,created,cleanmgr.exe /AUTOCLEAN,NT AUTHORITY\SYSTEM,benign,routine scheduled task
TASK-00820,2026-09-03T17:31:56Z,FILE-02,ACME\kpatel,\Microsoft\Windows\Update\Maintenance,updated,UsoClient.exe StartScan,ACME\svc_patch,benign,routine scheduled task
TASK-01461,2026-09-03T17:35:01Z,APP-03,ACME\admin.ops,\Microsoft\Windows\DiskCleanup,created,UsoClient.exe StartScan,ACME\svc_patch,benign,routine scheduled task
TASK-00681,2026-09-03T17:36:05Z,PATCH-01,ACME\admin.ops,\Microsoft\Windows\Update\Maintenance,completed,cleanmgr.exe /AUTOCLEAN,ACME\svc_patch,benign,routine scheduled task
TASK-00732,2026-09-03T17:38:23Z,JUMP-01,ACME\jsmith,\Microsoft\Windows\DiskCleanup,updated,UsoClient.exe StartScan,ACME\svc_patch,benign,routine scheduled task
TASK-01064,2026-09-03T17:39:38Z,FILE-02,ACME\admin.ops,\Microsoft\Windows\Update\Maintenance,completed,powershell.exe -File C:\ACME\Patch\scan.ps1,ACME\svc_patch,benign,routine scheduled task
TASK-00724,2026-09-03T17:40:28Z,DC-01,ACME\svc_patch,\Microsoft\Windows\Update\Maintenance,created,cleanmgr.exe /AUTOCLEAN,ACME\svc_patch,benign,routine scheduled task
TASK-01450,2026-09-03T17:47:12Z,HR-WS-22,ACME\jsmith,\Microsoft\Windows\DiskCleanup,completed,UsoClient.exe StartScan,NT AUTHORITY\SYSTEM,benign,routine scheduled task
TASK-01055,2026-09-03T17:48:23Z,PATCH-01,ACME\admin.ops,\ACME\Patch\DailyScan,completed,powershell.exe -File C:\ACME\Patch\scan.ps1,NT AUTHORITY\SYSTEM,benign,routine scheduled task
TASK-01799,2026-09-03T17:51:41Z,JUMP-01,ACME\kpatel,\Microsoft\Windows\DiskCleanup,completed,cleanmgr.exe /AUTOCLEAN,NT AUTHORITY\SYSTEM,benign,routine scheduled task
TASK-00943,2026-09-03T17:51:58Z,FILE-02,NT AUTHORITY\SYSTEM,\Microsoft\Windows\Update\Maintenance,completed,cleanmgr.exe /AUTOCLEAN,NT AUTHORITY\SYSTEM,benign,routine scheduled task
TASK-01236,2026-09-03T18:00:43Z,DC-01,ACME\admin.ops,\Microsoft\Windows\Update\Maintenance,created,UsoClient.exe StartScan,NT AUTHORITY\SYSTEM,benign,routine scheduled task
TASK-00009,2026-09-03T18:01:01Z,HR-WS-22,ACME\svc_patch,\Microsoft\Windows\Update\Maintenance,updated,cleanmgr.exe /AUTOCLEAN,NT AUTHORITY\SYSTEM,benign,routine scheduled task
TASK-01430,2026-09-03T18:03:04Z,JUMP-01,ACME\svc_patch,\ACME\Patch\DailyScan,updated,UsoClient.exe StartScan,ACME\svc_patch,benign,routine scheduled task
TASK-00778,2026-09-03T18:03:31Z,FILE-02,ACME\jsmith,\Microsoft\Windows\DiskCleanup,updated,cleanmgr.exe /AUTOCLEAN,ACME\svc_patch,benign,routine scheduled task
TASK-01322,2026-09-03T18:04:35Z,DC-01,ACME\kpatel,\Microsoft\Windows\Update\Maintenance,started,powershell.exe -File C:\ACME\Patch\scan.ps1,ACME\svc_patch,benign,routine scheduled task
TASK-00898,2026-09-03T18:08:41Z,DC-01,NT AUTHORITY\SYSTEM,\Microsoft\Windows\Update\Maintenance,completed,powershell.exe -File C:\ACME\Patch\scan.ps1,NT AUTHORITY\SYSTEM,benign,routine scheduled task
TASK-00792,2026-09-03T18:13:56Z,DC-01,ACME\kpatel,\Microsoft\Windows\DiskCleanup,started,powershell.exe -File C:\ACME\Patch\scan.ps1,NT AUTHORITY\SYSTEM,benign,routine scheduled task
TASK-00967,2026-09-03T18:18:11Z,DC-01,ACME\kpatel,\Microsoft\Windows\Update\Maintenance,started,powershell.exe -File C:\ACME\Patch\scan.ps1,ACME\svc_patch,benign,routine scheduled task
TASK-01089,2026-09-03T18:19:52Z,DC-01,ACME\svc_patch,\Microsoft\Windows\DiskCleanup,created,cleanmgr.exe /AUTOCLEAN,ACME\svc_patch,benign,routine scheduled task
TASK-01351,2026-09-03T18:27:04Z,PATCH-01,ACME\admin.ops,\Microsoft\Windows\Update\Maintenance,created,cleanmgr.exe /AUTOCLEAN,NT AUTHORITY\SYSTEM,benign,routine scheduled task
TASK-01576,2026-09-03T18:28:11Z,MGMT-01,ACME\admin.ops,\Microsoft\Windows\DiskCleanup,completed,cleanmgr.exe /AUTOCLEAN,NT AUTHORITY\SYSTEM,benign,routine scheduled task
TASK-01665,2026-09-03T18:29:38Z,PATCH-01,ACME\kpatel,\Microsoft\Windows\DiskCleanup,completed,UsoClient.exe StartScan,ACME\svc_patch,benign,routine scheduled task
TASK-00187,2026-09-03T18:35:57Z,FILE-02,NT AUTHORITY\SYSTEM,\Microsoft\Windows\DiskCleanup,created,cleanmgr.exe /AUTOCLEAN,ACME\svc_patch,benign,routine scheduled task
TASK-01782,2026-09-03T18:39:57Z,JUMP-01,ACME\admin.ops,\Microsoft\Windows\DiskCleanup,started,cleanmgr.exe /AUTOCLEAN,ACME\svc_patch,benign,routine scheduled task
TASK-01285,2026-09-03T18:43:25Z,APP-03,ACME\admin.ops,\Microsoft\Windows\DiskCleanup,started,cleanmgr.exe /AUTOCLEAN,ACME\svc_patch,benign,routine scheduled task
TASK-00845,2026-09-03T18:45:47Z,DC-01,ACME\admin.ops,\Microsoft\Windows\Update\Maintenance,updated,cleanmgr.exe /AUTOCLEAN,ACME\svc_patch,benign,routine scheduled task
TASK-01479,2026-09-03T18:47:30Z,DC-01,ACME\kpatel,\Microsoft\Windows\DiskCleanup,created,cleanmgr.exe /AUTOCLEAN,ACME\svc_patch,benign,routine scheduled task
TASK-00268,2026-09-03T18:47:53Z,MGMT-01,ACME\svc_patch,\ACME\Patch\DailyScan,created,UsoClient.exe StartScan,NT AUTHORITY\SYSTEM,benign,routine scheduled task
TASK-01245,2026-09-03T18:57:26Z,JUMP-01,ACME\kpatel,\Microsoft\Windows\Update\Maintenance,created,cleanmgr.exe /AUTOCLEAN,ACME\svc_patch,benign,routine scheduled task
TASK-01585,2026-09-03T19:02:13Z,MGMT-01,ACME\jsmith,\Microsoft\Windows\DiskCleanup,started,UsoClient.exe StartScan,NT AUTHORITY\SYSTEM,benign,routine scheduled task
TASK-01096,2026-09-03T19:04:41Z,MGMT-01,ACME\admin.ops,\Microsoft\Windows\DiskCleanup,created,cleanmgr.exe /AUTOCLEAN,ACME\svc_patch,benign,routine scheduled task
TASK-00721,2026-09-03T19:13:00Z,MGMT-01,ACME\svc_patch,\ACME\Patch\DailyScan,updated,powershell.exe -File C:\ACME\Patch\scan.ps1,NT AUTHORITY\SYSTEM,benign,routine scheduled task
TASK-01578,2026-09-03T19:13:09Z,APP-03,ACME\admin.ops,\ACME\Patch\DailyScan,updated,cleanmgr.exe /AUTOCLEAN,NT AUTHORITY\SYSTEM,benign,routine scheduled task
TASK-01774,2026-09-03T19:22:17Z,HR-WS-22,ACME\svc_patch,\Microsoft\Windows\DiskCleanup,completed,UsoClient.exe StartScan,NT AUTHORITY\SYSTEM,benign,routine scheduled task
TASK-01049,2026-09-03T19:28:20Z,JUMP-01,ACME\kpatel,\Microsoft\Windows\DiskCleanup,started,cleanmgr.exe /AUTOCLEAN,ACME\svc_patch,benign,routine scheduled task
TASK-01159,2026-09-03T19:31:42Z,HR-WS-22,ACME\admin.ops,\Microsoft\Windows\Update\Maintenance,updated,cleanmgr.exe /AUTOCLEAN,ACME\svc_patch,benign,routine scheduled task
TASK-00666,2026-09-03T19:33:34Z,APP-03,ACME\admin.ops,\Microsoft\Windows\DiskCleanup,updated,cleanmgr.exe /AUTOCLEAN,ACME\svc_patch,benign,routine scheduled task
TASK-01706,2026-09-03T19:33:44Z,DC-01,ACME\svc_patch,\Microsoft\Windows\Update\Maintenance,completed,UsoClient.exe StartScan,ACME\svc_patch,benign,routine scheduled task
TASK-00620,2026-09-03T19:37:00Z,HR-WS-22,ACME\svc_patch,\Microsoft\Windows\Update\Maintenance,updated,cleanmgr.exe /AUTOCLEAN,ACME\svc_patch,benign,routine scheduled task
TASK-01015,2026-09-03T19:39:25Z,JUMP-01,ACME\svc_patch,\Microsoft\Windows\Update\Maintenance,updated,UsoClient.exe StartScan,ACME\svc_patch,benign,routine scheduled task
TASK-00618,2026-09-03T19:41:49Z,MGMT-01,ACME\kpatel,\ACME\Patch\DailyScan,created,UsoClient.exe StartScan,NT AUTHORITY\SYSTEM,benign,routine scheduled task
TASK-01449,2026-09-03T19:47:01Z,JUMP-01,ACME\jsmith,\ACME\Patch\DailyScan,updated,powershell.exe -File C:\ACME\Patch\scan.ps1,ACME\svc_patch,benign,routine scheduled task
TASK-00279,2026-09-03T19:47:02Z,JUMP-01,ACME\svc_patch,\ACME\Patch\DailyScan,created,powershell.exe -File C:\ACME\Patch\scan.ps1,ACME\svc_patch,benign,routine scheduled task
TASK-01757,2026-09-03T19:49:00Z,FILE-02,ACME\jsmith,\Microsoft\Windows\Update\Maintenance,started,cleanmgr.exe /AUTOCLEAN,ACME\svc_patch,benign,routine scheduled task
TASK-00764,2026-09-03T19:51:06Z,APP-03,ACME\svc_patch,\Microsoft\Windows\Update\Maintenance,created,UsoClient.exe StartScan,NT AUTHORITY\SYSTEM,benign,routine scheduled task
TASK-00168,2026-09-03T19:58:14Z,HR-WS-22,ACME\admin.ops,\ACME\Patch\DailyScan,started,cleanmgr.exe /AUTOCLEAN,NT AUTHORITY\SYSTEM,benign,routine scheduled task
TASK-00080,2026-09-03T20:10:44Z,DC-01,ACME\jsmith,\Microsoft\Windows\Update\Maintenance,updated,cleanmgr.exe /AUTOCLEAN,ACME\svc_patch,benign,routine scheduled task
TASK-00786,2026-09-03T20:13:10Z,PATCH-01,NT AUTHORITY\SYSTEM,\ACME\Patch\DailyScan,completed,powershell.exe -File C:\ACME\Patch\scan.ps1,ACME\svc_patch,benign,routine scheduled task
TASK-00433,2026-09-03T20:18:37Z,FILE-02,NT AUTHORITY\SYSTEM,\Microsoft\Windows\DiskCleanup,updated,cleanmgr.exe /AUTOCLEAN,ACME\svc_patch,benign,routine scheduled task
TASK-00904,2026-09-03T20:27:19Z,JUMP-01,ACME\jsmith,\Microsoft\Windows\Update\Maintenance,updated,UsoClient.exe StartScan,ACME\svc_patch,benign,routine scheduled task
TASK-01080,2026-09-03T20:27:56Z,FILE-02,NT AUTHORITY\SYSTEM,\Microsoft\Windows\Update\Maintenance,completed,UsoClient.exe StartScan,ACME\svc_patch,benign,routine scheduled task
TASK-00498,2026-09-03T20:30:14Z,JUMP-01,NT AUTHORITY\SYSTEM,\Microsoft\Windows\DiskCleanup,created,UsoClient.exe StartScan,NT AUTHORITY\SYSTEM,benign,routine scheduled task
TASK-00262,2026-09-03T20:30:35Z,FILE-02,ACME\jsmith,\Microsoft\Windows\DiskCleanup,started,cleanmgr.exe /AUTOCLEAN,ACME\svc_patch,benign,routine scheduled task
TASK-00631,2026-09-03T20:36:30Z,PATCH-01,ACME\kpatel,\Microsoft\Windows\DiskCleanup,updated,cleanmgr.exe /AUTOCLEAN,NT AUTHORITY\SYSTEM,benign,routine scheduled task
TASK-00453,2026-09-03T20:41:44Z,DC-01,ACME\jsmith,\ACME\Patch\DailyScan,created,powershell.exe -File C:\ACME\Patch\scan.ps1,ACME\svc_patch,benign,routine scheduled task
TASK-00836,2026-09-03T20:47:41Z,PATCH-01,ACME\kpatel,\Microsoft\Windows\DiskCleanup,created,UsoClient.exe StartScan,ACME\svc_patch,benign,routine scheduled task
TASK-01796,2026-09-03T20:56:00Z,JUMP-01,ACME\kpatel,\Microsoft\Windows\DiskCleanup,completed,powershell.exe -File C:\ACME\Patch\scan.ps1,NT AUTHORITY\SYSTEM,benign,routine scheduled task
TASK-01199,2026-09-03T20:56:38Z,DC-01,ACME\kpatel,\ACME\Patch\DailyScan,updated,powershell.exe -File C:\ACME\Patch\scan.ps1,NT AUTHORITY\SYSTEM,benign,routine scheduled task
TASK-01499,2026-09-03T20:56:55Z,FILE-02,ACME\kpatel,\Microsoft\Windows\DiskCleanup,updated,UsoClient.exe StartScan,ACME\svc_patch,benign,routine scheduled task
TASK-01631,2026-09-03T20:58:29Z,HR-WS-22,ACME\admin.ops,\ACME\Patch\DailyScan,created,cleanmgr.exe /AUTOCLEAN,ACME\svc_patch,benign,routine scheduled task
TASK-00175,2026-09-03T21:01:44Z,FILE-02,ACME\svc_patch,\Microsoft\Windows\Update\Maintenance,started,cleanmgr.exe /AUTOCLEAN,NT AUTHORITY\SYSTEM,benign,routine scheduled task
TASK-01184,2026-09-03T21:06:05Z,HR-WS-22,ACME\admin.ops,\Microsoft\Windows\Update\Maintenance,completed,UsoClient.exe StartScan,NT AUTHORITY\SYSTEM,benign,routine scheduled task
TASK-00267,2026-09-03T21:08:19Z,DC-01,ACME\admin.ops,\Microsoft\Windows\Update\Maintenance,completed,powershell.exe -File C:\ACME\Patch\scan.ps1,NT AUTHORITY\SYSTEM,benign,routine scheduled task
TASK-00887,2026-09-03T21:10:40Z,PATCH-01,ACME\svc_patch,\ACME\Patch\DailyScan,updated,powershell.exe -File C:\ACME\Patch\scan.ps1,ACME\svc_patch,benign,routine scheduled task
TASK-01108,2026-09-03T21:11:39Z,PATCH-01,ACME\svc_patch,\Microsoft\Windows\DiskCleanup,updated,UsoClient.exe StartScan,ACME\svc_patch,benign,routine scheduled task
TASK-00774,2026-09-03T21:14:26Z,PATCH-01,ACME\jsmith,\ACME\Patch\DailyScan,completed,UsoClient.exe StartScan,ACME\svc_patch,benign,routine scheduled task
TASK-01365,2026-09-03T21:16:15Z,PATCH-01,ACME\admin.ops,\ACME\Patch\DailyScan,started,powershell.exe -File C:\ACME\Patch\scan.ps1,ACME\svc_patch,benign,routine scheduled task
TASK-00840,2026-09-03T21:16:25Z,DC-01,NT AUTHORITY\SYSTEM,\Microsoft\Windows\DiskCleanup,created,powershell.exe -File C:\ACME\Patch\scan.ps1,ACME\svc_patch,benign,routine scheduled task
TASK-00633,2026-09-03T21:20:25Z,HR-WS-22,NT AUTHORITY\SYSTEM,\Microsoft\Windows\Update\Maintenance,started,UsoClient.exe StartScan,ACME\svc_patch,benign,routine scheduled task
TASK-00708,2026-09-03T21:30:28Z,JUMP-01,NT AUTHORITY\SYSTEM,\Microsoft\Windows\Update\Maintenance,updated,cleanmgr.exe /AUTOCLEAN,NT AUTHORITY\SYSTEM,benign,routine scheduled task
TASK-01540,2026-09-03T21:34:30Z,APP-03,NT AUTHORITY\SYSTEM,\ACME\Patch\DailyScan,created,powershell.exe -File C:\ACME\Patch\scan.ps1,NT AUTHORITY\SYSTEM,benign,routine scheduled task
TASK-01791,2026-09-03T21:38:23Z,APP-03,ACME\kpatel,\ACME\Patch\DailyScan,started,UsoClient.exe StartScan,NT AUTHORITY\SYSTEM,benign,routine scheduled task
TASK-00971,2026-09-03T21:50:07Z,APP-03,ACME\kpatel,\Microsoft\Windows\DiskCleanup,completed,powershell.exe -File C:\ACME\Patch\scan.ps1,NT AUTHORITY\SYSTEM,benign,routine scheduled task
TASK-00533,2026-09-03T21:53:43Z,JUMP-01,NT AUTHORITY\SYSTEM,\Microsoft\Windows\Update\Maintenance,completed,UsoClient.exe StartScan,NT AUTHORITY\SYSTEM,benign,routine scheduled task
TASK-01596,2026-09-03T21:58:03Z,APP-03,ACME\svc_patch,\Microsoft\Windows\DiskCleanup,created,powershell.exe -File C:\ACME\Patch\scan.ps1,ACME\svc_patch,benign,routine scheduled task
TASK-00496,2026-09-03T21:58:44Z,APP-03,ACME\jsmith,\Microsoft\Windows\Update\Maintenance,updated,cleanmgr.exe /AUTOCLEAN,NT AUTHORITY\SYSTEM,benign,routine scheduled task
TASK-00999,2026-09-03T22:00:15Z,PATCH-01,ACME\kpatel,\Microsoft\Windows\Update\Maintenance,created,cleanmgr.exe /AUTOCLEAN,NT AUTHORITY\SYSTEM,benign,routine scheduled task
TASK-00772,2026-09-03T22:03:25Z,DC-01,ACME\kpatel,\Microsoft\Windows\Update\Maintenance,updated,powershell.exe -File C:\ACME\Patch\scan.ps1,ACME\svc_patch,benign,routine scheduled task
TASK-00215,2026-09-03T22:06:25Z,APP-03,ACME\kpatel,\Microsoft\Windows\DiskCleanup,created,UsoClient.exe StartScan,ACME\svc_patch,benign,routine scheduled task
TASK-00070,2026-09-03T22:06:54Z,MGMT-01,ACME\svc_patch,\ACME\Patch\DailyScan,started,UsoClient.exe StartScan,ACME\svc_patch,benign,routine scheduled task
TASK-01526,2026-09-03T22:09:15Z,DC-01,NT AUTHORITY\SYSTEM,\Microsoft\Windows\Update\Maintenance,updated,powershell.exe -File C:\ACME\Patch\scan.ps1,ACME\svc_patch,benign,routine scheduled task
TASK-00539,2026-09-03T22:09:41Z,HR-WS-22,ACME\kpatel,\Microsoft\Windows\DiskCleanup,updated,UsoClient.exe StartScan,ACME\svc_patch,benign,routine scheduled task
TASK-01298,2026-09-03T22:12:37Z,HR-WS-22,ACME\svc_patch,\ACME\Patch\DailyScan,completed,cleanmgr.exe /AUTOCLEAN,NT AUTHORITY\SYSTEM,benign,routine scheduled task
TASK-00023,2026-09-03T22:14:36Z,APP-03,ACME\jsmith,\Microsoft\Windows\DiskCleanup,created,cleanmgr.exe /AUTOCLEAN,ACME\svc_patch,benign,routine scheduled task
TASK-00553,2026-09-03T22:15:40Z,APP-03,ACME\jsmith,\ACME\Patch\DailyScan,created,cleanmgr.exe /AUTOCLEAN,NT AUTHORITY\SYSTEM,benign,routine scheduled task
TASK-01241,2026-09-03T22:18:37Z,HR-WS-22,ACME\admin.ops,\Microsoft\Windows\Update\Maintenance,created,UsoClient.exe StartScan,ACME\svc_patch,benign,routine scheduled task
TASK-01545,2026-09-03T22:26:32Z,MGMT-01,ACME\jsmith,\ACME\Patch\DailyScan,updated,UsoClient.exe StartScan,NT AUTHORITY\SYSTEM,benign,routine scheduled task
TASK-00456,2026-09-03T22:29:14Z,PATCH-01,NT AUTHORITY\SYSTEM,\Microsoft\Windows\Update\Maintenance,updated,cleanmgr.exe /AUTOCLEAN,ACME\svc_patch,benign,routine scheduled task
TASK-00099,2026-09-03T22:36:07Z,JUMP-01,ACME\kpatel,\Microsoft\Windows\DiskCleanup,started,powershell.exe -File C:\ACME\Patch\scan.ps1,ACME\svc_patch,benign,routine scheduled task
TASK-00603,2026-09-03T22:37:58Z,FILE-02,ACME\admin.ops,\Microsoft\Windows\Update\Maintenance,updated,powershell.exe -File C:\ACME\Patch\scan.ps1,NT AUTHORITY\SYSTEM,benign,routine scheduled task
TASK-00323,2026-09-03T22:42:01Z,APP-03,ACME\kpatel,\Microsoft\Windows\Update\Maintenance,created,powershell.exe -File C:\ACME\Patch\scan.ps1,NT AUTHORITY\SYSTEM,benign,routine scheduled task
TASK-00379,2026-09-03T22:44:00Z,JUMP-01,NT AUTHORITY\SYSTEM,\Microsoft\Windows\DiskCleanup,started,cleanmgr.exe /AUTOCLEAN,NT AUTHORITY\SYSTEM,benign,routine scheduled task
TASK-01333,2026-09-03T22:57:15Z,HR-WS-22,ACME\jsmith,\Microsoft\Windows\DiskCleanup,completed,UsoClient.exe StartScan,NT AUTHORITY\SYSTEM,benign,routine scheduled task
TASK-00157,2026-09-03T22:58:46Z,DC-01,ACME\kpatel,\Microsoft\Windows\DiskCleanup,completed,UsoClient.exe StartScan,ACME\svc_patch,benign,routine scheduled task
TASK-01790,2026-09-03T22:59:55Z,PATCH-01,NT AUTHORITY\SYSTEM,\Microsoft\Windows\DiskCleanup,updated,UsoClient.exe StartScan,NT AUTHORITY\SYSTEM,benign,routine scheduled task
TASK-00626,2026-09-03T23:04:54Z,HR-WS-22,ACME\admin.ops,\Microsoft\Windows\DiskCleanup,started,cleanmgr.exe /AUTOCLEAN,NT AUTHORITY\SYSTEM,benign,routine scheduled task
TASK-01747,2026-09-03T23:20:12Z,APP-03,ACME\svc_patch,\ACME\Patch\DailyScan,completed,UsoClient.exe StartScan,NT AUTHORITY\SYSTEM,benign,routine scheduled task
TASK-00903,2026-09-03T23:20:53Z,DC-01,ACME\svc_patch,\Microsoft\Windows\DiskCleanup,updated,powershell.exe -File C:\ACME\Patch\scan.ps1,NT AUTHORITY\SYSTEM,benign,routine scheduled task
TASK-00079,2026-09-03T23:30:44Z,DC-01,NT AUTHORITY\SYSTEM,\ACME\Patch\DailyScan,updated,UsoClient.exe StartScan,ACME\svc_patch,benign,routine scheduled task
TASK-01358,2026-09-03T23:34:52Z,PATCH-01,ACME\svc_patch,\Microsoft\Windows\Update\Maintenance,started,powershell.exe -File C:\ACME\Patch\scan.ps1,NT AUTHORITY\SYSTEM,benign,routine scheduled task
TASK-01063,2026-09-03T23:40:46Z,PATCH-01,ACME\admin.ops,\Microsoft\Windows\Update\Maintenance,completed,UsoClient.exe StartScan,ACME\svc_patch,benign,routine scheduled task
TASK-00283,2026-09-03T23:44:31Z,MGMT-01,ACME\kpatel,\Microsoft\Windows\Update\Maintenance,completed,powershell.exe -File C:\ACME\Patch\scan.ps1,NT AUTHORITY\SYSTEM,benign,routine scheduled task
TASK-00959,2026-09-03T23:44:59Z,PATCH-01,ACME\svc_patch,\Microsoft\Windows\DiskCleanup,updated,cleanmgr.exe /AUTOCLEAN,ACME\svc_patch,benign,routine scheduled task
TASK-00363,2026-09-03T23:46:20Z,MGMT-01,ACME\kpatel,\Microsoft\Windows\DiskCleanup,created,cleanmgr.exe /AUTOCLEAN,ACME\svc_patch,benign,routine scheduled task
TASK-00261,2026-09-03T23:59:04Z,PATCH-01,ACME\kpatel,\Microsoft\Windows\DiskCleanup,updated,cleanmgr.exe /AUTOCLEAN,ACME\svc_patch,benign,routine scheduled task
TASK-01467,2026-09-03T23:59:19Z,HR-WS-22,ACME\jsmith,\Microsoft\Windows\Update\Maintenance,started,UsoClient.exe StartScan,ACME\svc_patch,benign,routine scheduled task
TASK-01350,2026-09-04T00:02:13Z,FILE-02,ACME\admin.ops,\ACME\Patch\DailyScan,started,powershell.exe -File C:\ACME\Patch\scan.ps1,ACME\svc_patch,benign,routine scheduled task
TASK-00763,2026-09-04T00:03:47Z,HR-WS-22,NT AUTHORITY\SYSTEM,\Microsoft\Windows\Update\Maintenance,completed,UsoClient.exe StartScan,ACME\svc_patch,benign,routine scheduled task
TASK-00179,2026-09-04T00:10:23Z,JUMP-01,ACME\svc_patch,\Microsoft\Windows\Update\Maintenance,started,UsoClient.exe StartScan,NT AUTHORITY\SYSTEM,benign,routine scheduled task
TASK-00465,2026-09-04T00:21:24Z,PATCH-01,ACME\kpatel,\Microsoft\Windows\Update\Maintenance,started,UsoClient.exe StartScan,ACME\svc_patch,benign,routine scheduled task
TASK-01605,2026-09-04T00:26:09Z,APP-03,NT AUTHORITY\SYSTEM,\Microsoft\Windows\Update\Maintenance,completed,cleanmgr.exe /AUTOCLEAN,ACME\svc_patch,benign,routine scheduled task
TASK-00101,2026-09-04T00:27:21Z,JUMP-01,NT AUTHORITY\SYSTEM,\Microsoft\Windows\Update\Maintenance,started,UsoClient.exe StartScan,ACME\svc_patch,benign,routine scheduled task
TASK-01271,2026-09-04T00:32:34Z,APP-03,ACME\kpatel,\ACME\Patch\DailyScan,completed,powershell.exe -File C:\ACME\Patch\scan.ps1,NT AUTHORITY\SYSTEM,benign,routine scheduled task
TASK-00193,2026-09-04T00:36:17Z,DC-01,ACME\svc_patch,\Microsoft\Windows\DiskCleanup,created,UsoClient.exe StartScan,ACME\svc_patch,benign,routine scheduled task
TASK-01296,2026-09-04T00:38:56Z,MGMT-01,ACME\admin.ops,\ACME\Patch\DailyScan,updated,UsoClient.exe StartScan,ACME\svc_patch,benign,routine scheduled task
TASK-01154,2026-09-04T00:50:40Z,DC-01,ACME\svc_patch,\Microsoft\Windows\DiskCleanup,started,UsoClient.exe StartScan,ACME\svc_patch,benign,routine scheduled task
TASK-00403,2026-09-04T00:51:56Z,HR-WS-22,ACME\jsmith,\Microsoft\Windows\Update\Maintenance,started,powershell.exe -File C:\ACME\Patch\scan.ps1,NT AUTHORITY\SYSTEM,benign,routine scheduled task
TASK-00878,2026-09-04T00:56:51Z,HR-WS-22,ACME\kpatel,\Microsoft\Windows\DiskCleanup,started,powershell.exe -File C:\ACME\Patch\scan.ps1,NT AUTHORITY\SYSTEM,benign,routine scheduled task
TASK-01247,2026-09-04T00:58:49Z,DC-01,ACME\svc_patch,\Microsoft\Windows\DiskCleanup,created,cleanmgr.exe /AUTOCLEAN,NT AUTHORITY\SYSTEM,benign,routine scheduled task
TASK-01130,2026-09-04T01:01:13Z,HR-WS-22,ACME\admin.ops,\Microsoft\Windows\Update\Maintenance,created,powershell.exe -File C:\ACME\Patch\scan.ps1,NT AUTHORITY\SYSTEM,benign,routine scheduled task
TASK-01584,2026-09-04T01:01:29Z,MGMT-01,ACME\svc_patch,\Microsoft\Windows\DiskCleanup,created,UsoClient.exe StartScan,ACME\svc_patch,benign,routine scheduled task
TASK-01734,2026-09-04T01:01:42Z,JUMP-01,ACME\kpatel,\Microsoft\Windows\Update\Maintenance,completed,cleanmgr.exe /AUTOCLEAN,NT AUTHORITY\SYSTEM,benign,routine scheduled task
TASK-00493,2026-09-04T01:03:39Z,APP-03,ACME\admin.ops,\Microsoft\Windows\DiskCleanup,started,cleanmgr.exe /AUTOCLEAN,ACME\svc_patch,benign,routine scheduled task
TASK-01633,2026-09-04T01:04:09Z,JUMP-01,ACME\svc_patch,\ACME\Patch\DailyScan,started,powershell.exe -File C:\ACME\Patch\scan.ps1,NT AUTHORITY\SYSTEM,benign,routine scheduled task
TASK-01195,2026-09-04T01:04:23Z,DC-01,ACME\jsmith,\Microsoft\Windows\Update\Maintenance,completed,powershell.exe -File C:\ACME\Patch\scan.ps1,ACME\svc_patch,benign,routine scheduled task
TASK-00417,2026-09-04T01:07:59Z,PATCH-01,ACME\jsmith,\Microsoft\Windows\Update\Maintenance,started,UsoClient.exe StartScan,ACME\svc_patch,benign,routine scheduled task
TASK-00727,2026-09-04T01:17:45Z,PATCH-01,NT AUTHORITY\SYSTEM,\Microsoft\Windows\Update\Maintenance,created,cleanmgr.exe /AUTOCLEAN,NT AUTHORITY\SYSTEM,benign,routine scheduled task
TASK-00586,2026-09-04T01:26:25Z,FILE-02,ACME\svc_patch,\Microsoft\Windows\Update\Maintenance,updated,UsoClient.exe StartScan,NT AUTHORITY\SYSTEM,benign,routine scheduled task
TASK-01477,2026-09-04T01:29:12Z,JUMP-01,ACME\kpatel,\Microsoft\Windows\Update\Maintenance,started,cleanmgr.exe /AUTOCLEAN,ACME\svc_patch,benign,routine scheduled task
TASK-01041,2026-09-04T01:30:29Z,APP-03,ACME\jsmith,\Microsoft\Windows\DiskCleanup,completed,cleanmgr.exe /AUTOCLEAN,ACME\svc_patch,benign,routine scheduled task
TASK-00330,2026-09-04T01:31:06Z,HR-WS-22,ACME\admin.ops,\ACME\Patch\DailyScan,completed,UsoClient.exe StartScan,NT AUTHORITY\SYSTEM,benign,routine scheduled task
TASK-00859,2026-09-04T01:31:06Z,DC-01,ACME\admin.ops,\Microsoft\Windows\Update\Maintenance,completed,UsoClient.exe StartScan,NT AUTHORITY\SYSTEM,benign,routine scheduled task
TASK-01501,2026-09-04T01:32:29Z,MGMT-01,ACME\svc_patch,\Microsoft\Windows\DiskCleanup,created,powershell.exe -File C:\ACME\Patch\scan.ps1,ACME\svc_patch,benign,routine scheduled task
TASK-00336,2026-09-04T01:37:20Z,MGMT-01,NT AUTHORITY\SYSTEM,\Microsoft\Windows\DiskCleanup,updated,powershell.exe -File C:\ACME\Patch\scan.ps1,NT AUTHORITY\SYSTEM,benign,routine scheduled task
TASK-00737,2026-09-04T01:43:16Z,DC-01,ACME\kpatel,\Microsoft\Windows\DiskCleanup,started,powershell.exe -File C:\ACME\Patch\scan.ps1,NT AUTHORITY\SYSTEM,benign,routine scheduled task
TASK-00641,2026-09-04T01:48:05Z,HR-WS-22,ACME\jsmith,\Microsoft\Windows\DiskCleanup,started,UsoClient.exe StartScan,NT AUTHORITY\SYSTEM,benign,routine scheduled task
TASK-00901,2026-09-04T01:53:00Z,JUMP-01,ACME\jsmith,\ACME\Patch\DailyScan,completed,powershell.exe -File C:\ACME\Patch\scan.ps1,ACME\svc_patch,benign,routine scheduled task
TASK-00016,2026-09-04T01:53:57Z,HR-WS-22,ACME\svc_patch,\Microsoft\Windows\DiskCleanup,completed,UsoClient.exe StartScan,NT AUTHORITY\SYSTEM,benign,routine scheduled task
TASK-01556,2026-09-04T01:59:21Z,HR-WS-22,NT AUTHORITY\SYSTEM,\Microsoft\Windows\Update\Maintenance,started,powershell.exe -File C:\ACME\Patch\scan.ps1,ACME\svc_patch,benign,routine scheduled task
TASK-00767,2026-09-04T02:08:04Z,FILE-02,ACME\svc_patch,\ACME\Patch\DailyScan,created,UsoClient.exe StartScan,ACME\svc_patch,benign,routine scheduled task
TASK-00981,2026-09-04T02:11:27Z,FILE-02,ACME\kpatel,\Microsoft\Windows\DiskCleanup,created,UsoClient.exe StartScan,NT AUTHORITY\SYSTEM,benign,routine scheduled task
TASK-01186,2026-09-04T02:20:08Z,PATCH-01,ACME\jsmith,\Microsoft\Windows\DiskCleanup,created,cleanmgr.exe /AUTOCLEAN,ACME\svc_patch,benign,routine scheduled task
TASK-00400,2026-09-04T02:27:13Z,FILE-02,ACME\jsmith,\Microsoft\Windows\Update\Maintenance,updated,powershell.exe -File C:\ACME\Patch\scan.ps1,NT AUTHORITY\SYSTEM,benign,routine scheduled task
TASK-00479,2026-09-04T02:39:24Z,HR-WS-22,ACME\admin.ops,\ACME\Patch\DailyScan,updated,UsoClient.exe StartScan,NT AUTHORITY\SYSTEM,benign,routine scheduled task
TASK-01308,2026-09-04T02:44:45Z,MGMT-01,NT AUTHORITY\SYSTEM,\Microsoft\Windows\DiskCleanup,started,UsoClient.exe StartScan,ACME\svc_patch,benign,routine scheduled task
TASK-00951,2026-09-04T02:45:13Z,MGMT-01,ACME\admin.ops,\ACME\Patch\DailyScan,completed,UsoClient.exe StartScan,ACME\svc_patch,benign,routine scheduled task
TASK-01115,2026-09-04T03:09:41Z,DC-01,ACME\jsmith,\Microsoft\Windows\Update\Maintenance,started,cleanmgr.exe /AUTOCLEAN,NT AUTHORITY\SYSTEM,benign,routine scheduled task
TASK-01110,2026-09-04T03:10:31Z,APP-03,ACME\admin.ops,\Microsoft\Windows\Update\Maintenance,started,UsoClient.exe StartScan,NT AUTHORITY\SYSTEM,benign,routine scheduled task
TASK-01465,2026-09-04T03:15:51Z,FILE-02,ACME\svc_patch,\ACME\Patch\DailyScan,completed,UsoClient.exe StartScan,NT AUTHORITY\SYSTEM,benign,routine scheduled task
TASK-01714,2026-09-04T03:16:07Z,FILE-02,ACME\admin.ops,\Microsoft\Windows\DiskCleanup,started,UsoClient.exe StartScan,ACME\svc_patch,benign,routine scheduled task
TASK-00722,2026-09-04T03:28:02Z,JUMP-01,NT AUTHORITY\SYSTEM,\Microsoft\Windows\Update\Maintenance,updated,cleanmgr.exe /AUTOCLEAN,ACME\svc_patch,benign,routine scheduled task
TASK-01646,2026-09-04T03:32:19Z,MGMT-01,NT AUTHORITY\SYSTEM,\Microsoft\Windows\DiskCleanup,updated,powershell.exe -File C:\ACME\Patch\scan.ps1,NT AUTHORITY\SYSTEM,benign,routine scheduled task
TASK-01224,2026-09-04T03:33:51Z,MGMT-01,ACME\jsmith,\ACME\Patch\DailyScan,completed,powershell.exe -File C:\ACME\Patch\scan.ps1,ACME\svc_patch,benign,routine scheduled task
TASK-01480,2026-09-04T03:36:25Z,FILE-02,NT AUTHORITY\SYSTEM,\Microsoft\Windows\Update\Maintenance,created,UsoClient.exe StartScan,ACME\svc_patch,benign,routine scheduled task
TASK-00277,2026-09-04T03:36:33Z,HR-WS-22,ACME\svc_patch,\Microsoft\Windows\Update\Maintenance,started,powershell.exe -File C:\ACME\Patch\scan.ps1,NT AUTHORITY\SYSTEM,benign,routine scheduled task
TASK-01502,2026-09-04T03:40:36Z,JUMP-01,NT AUTHORITY\SYSTEM,\Microsoft\Windows\DiskCleanup,started,cleanmgr.exe /AUTOCLEAN,ACME\svc_patch,benign,routine scheduled task
TASK-00668,2026-09-04T03:54:00Z,JUMP-01,ACME\svc_patch,\Microsoft\Windows\DiskCleanup,updated,UsoClient.exe StartScan,NT AUTHORITY\SYSTEM,benign,routine scheduled task
TASK-01361,2026-09-04T04:00:46Z,JUMP-01,ACME\kpatel,\ACME\Patch\DailyScan,created,cleanmgr.exe /AUTOCLEAN,NT AUTHORITY\SYSTEM,benign,routine scheduled task
TASK-00485,2026-09-04T04:06:36Z,FILE-02,NT AUTHORITY\SYSTEM,\Microsoft\Windows\Update\Maintenance,updated,powershell.exe -File C:\ACME\Patch\scan.ps1,NT AUTHORITY\SYSTEM,benign,routine scheduled task
TASK-01122,2026-09-04T04:07:01Z,PATCH-01,ACME\kpatel,\ACME\Patch\DailyScan,completed,cleanmgr.exe /AUTOCLEAN,ACME\svc_patch,benign,routine scheduled task
TASK-00246,2026-09-04T04:09:11Z,DC-01,ACME\kpatel,\Microsoft\Windows\DiskCleanup,started,cleanmgr.exe /AUTOCLEAN,ACME\svc_patch,benign,routine scheduled task
TASK-01254,2026-09-04T04:14:49Z,APP-03,NT AUTHORITY\SYSTEM,\Microsoft\Windows\Update\Maintenance,started,UsoClient.exe StartScan,ACME\svc_patch,benign,routine scheduled task
TASK-01571,2026-09-04T04:14:50Z,DC-01,ACME\admin.ops,\ACME\Patch\DailyScan,updated,cleanmgr.exe /AUTOCLEAN,ACME\svc_patch,benign,routine scheduled task
TASK-01623,2026-09-04T04:15:22Z,HR-WS-22,ACME\admin.ops,\Microsoft\Windows\Update\Maintenance,created,cleanmgr.exe /AUTOCLEAN,ACME\svc_patch,benign,routine scheduled task
TASK-01702,2026-09-04T04:16:08Z,APP-03,NT AUTHORITY\SYSTEM,\Microsoft\Windows\Update\Maintenance,started,cleanmgr.exe /AUTOCLEAN,ACME\svc_patch,benign,routine scheduled task
TASK-01590,2026-09-04T04:24:05Z,DC-01,ACME\kpatel,\Microsoft\Windows\DiskCleanup,created,powershell.exe -File C:\ACME\Patch\scan.ps1,ACME\svc_patch,benign,routine scheduled task
TASK-00148,2026-09-04T04:26:29Z,JUMP-01,ACME\kpatel,\Microsoft\Windows\Update\Maintenance,updated,UsoClient.exe StartScan,ACME\svc_patch,benign,routine scheduled task
TASK-00059,2026-09-04T04:35:58Z,PATCH-01,ACME\kpatel,\ACME\Patch\DailyScan,completed,cleanmgr.exe /AUTOCLEAN,ACME\svc_patch,benign,routine scheduled task
TASK-00037,2026-09-04T04:37:34Z,PATCH-01,ACME\admin.ops,\Microsoft\Windows\Update\Maintenance,updated,UsoClient.exe StartScan,ACME\svc_patch,benign,routine scheduled task
TASK-01078,2026-09-04T04:47:13Z,APP-03,NT AUTHORITY\SYSTEM,\ACME\Patch\DailyScan,completed,cleanmgr.exe /AUTOCLEAN,NT AUTHORITY\SYSTEM,benign,routine scheduled task
TASK-00889,2026-09-04T04:48:07Z,APP-03,ACME\admin.ops,\Microsoft\Windows\DiskCleanup,started,UsoClient.exe StartScan,ACME\svc_patch,benign,routine scheduled task
TASK-00226,2026-09-04T04:48:12Z,MGMT-01,ACME\kpatel,\Microsoft\Windows\Update\Maintenance,started,powershell.exe -File C:\ACME\Patch\scan.ps1,NT AUTHORITY\SYSTEM,benign,routine scheduled task
TASK-01581,2026-09-04T04:48:54Z,PATCH-01,NT AUTHORITY\SYSTEM,\ACME\Patch\DailyScan,created,powershell.exe -File C:\ACME\Patch\scan.ps1,ACME\svc_patch,benign,routine scheduled task
TASK-00159,2026-09-04T04:51:19Z,DC-01,ACME\svc_patch,\Microsoft\Windows\DiskCleanup,completed,cleanmgr.exe /AUTOCLEAN,ACME\svc_patch,benign,routine scheduled task
TASK-01589,2026-09-04T04:52:16Z,MGMT-01,NT AUTHORITY\SYSTEM,\Microsoft\Windows\DiskCleanup,created,cleanmgr.exe /AUTOCLEAN,ACME\svc_patch,benign,routine scheduled task
TASK-00984,2026-09-04T04:57:16Z,MGMT-01,NT AUTHORITY\SYSTEM,\ACME\Patch\DailyScan,completed,cleanmgr.exe /AUTOCLEAN,ACME\svc_patch,benign,routine scheduled task
TASK-00031,2026-09-04T04:58:23Z,HR-WS-22,NT AUTHORITY\SYSTEM,\Microsoft\Windows\DiskCleanup,started,UsoClient.exe StartScan,ACME\svc_patch,benign,routine scheduled task
TASK-00946,2026-09-04T04:58:25Z,APP-03,NT AUTHORITY\SYSTEM,\Microsoft\Windows\Update\Maintenance,started,powershell.exe -File C:\ACME\Patch\scan.ps1,ACME\svc_patch,benign,routine scheduled task
TASK-00054,2026-09-04T04:58:59Z,MGMT-01,ACME\svc_patch,\ACME\Patch\DailyScan,updated,UsoClient.exe StartScan,NT AUTHORITY\SYSTEM,benign,routine scheduled task
TASK-00745,2026-09-04T05:01:11Z,MGMT-01,ACME\kpatel,\ACME\Patch\DailyScan,updated,UsoClient.exe StartScan,ACME\svc_patch,benign,routine scheduled task
TASK-00335,2026-09-04T05:06:08Z,APP-03,ACME\jsmith,\ACME\Patch\DailyScan,started,powershell.exe -File C:\ACME\Patch\scan.ps1,ACME\svc_patch,benign,routine scheduled task
TASK-01653,2026-09-04T05:06:16Z,JUMP-01,ACME\kpatel,\ACME\Patch\DailyScan,completed,UsoClient.exe StartScan,NT AUTHORITY\SYSTEM,benign,routine scheduled task
TASK-01161,2026-09-04T05:15:08Z,DC-01,ACME\kpatel,\Microsoft\Windows\Update\Maintenance,updated,powershell.exe -File C:\ACME\Patch\scan.ps1,NT AUTHORITY\SYSTEM,benign,routine scheduled task
TASK-00285,2026-09-04T05:17:49Z,HR-WS-22,ACME\admin.ops,\Microsoft\Windows\Update\Maintenance,created,cleanmgr.exe /AUTOCLEAN,NT AUTHORITY\SYSTEM,benign,routine scheduled task
TASK-01408,2026-09-04T05:38:39Z,JUMP-01,ACME\kpatel,\Microsoft\Windows\DiskCleanup,started,powershell.exe -File C:\ACME\Patch\scan.ps1,ACME\svc_patch,benign,routine scheduled task
TASK-01249,2026-09-04T05:42:26Z,DC-01,ACME\jsmith,\Microsoft\Windows\DiskCleanup,updated,cleanmgr.exe /AUTOCLEAN,NT AUTHORITY\SYSTEM,benign,routine scheduled task
TASK-00864,2026-09-04T05:44:10Z,APP-03,ACME\kpatel,\ACME\Patch\DailyScan,created,cleanmgr.exe /AUTOCLEAN,ACME\svc_patch,benign,routine scheduled task
TASK-01441,2026-09-04T05:44:26Z,FILE-02,ACME\jsmith,\ACME\Patch\DailyScan,created,UsoClient.exe StartScan,NT AUTHORITY\SYSTEM,benign,routine scheduled task
TASK-00905,2026-09-04T05:45:38Z,PATCH-01,ACME\kpatel,\ACME\Patch\DailyScan,updated,cleanmgr.exe /AUTOCLEAN,NT AUTHORITY\SYSTEM,benign,routine scheduled task
TASK-01137,2026-09-04T05:50:31Z,JUMP-01,ACME\jsmith,\Microsoft\Windows\Update\Maintenance,updated,powershell.exe -File C:\ACME\Patch\scan.ps1,NT AUTHORITY\SYSTEM,benign,routine scheduled task
TASK-01616,2026-09-04T05:53:14Z,MGMT-01,ACME\svc_patch,\Microsoft\Windows\DiskCleanup,updated,powershell.exe -File C:\ACME\Patch\scan.ps1,ACME\svc_patch,benign,routine scheduled task
TASK-00940,2026-09-04T05:59:05Z,DC-01,ACME\kpatel,\Microsoft\Windows\DiskCleanup,completed,cleanmgr.exe /AUTOCLEAN,ACME\svc_patch,benign,routine scheduled task
TASK-01771,2026-09-04T06:01:25Z,DC-01,NT AUTHORITY\SYSTEM,\Microsoft\Windows\Update\Maintenance,started,UsoClient.exe StartScan,ACME\svc_patch,benign,routine scheduled task
TASK-01243,2026-09-04T06:02:02Z,APP-03,NT AUTHORITY\SYSTEM,\Microsoft\Windows\DiskCleanup,updated,powershell.exe -File C:\ACME\Patch\scan.ps1,ACME\svc_patch,benign,routine scheduled task
TASK-01436,2026-09-04T06:03:29Z,FILE-02,ACME\kpatel,\Microsoft\Windows\DiskCleanup,completed,UsoClient.exe StartScan,NT AUTHORITY\SYSTEM,benign,routine scheduled task
TASK-00638,2026-09-04T06:09:23Z,PATCH-01,NT AUTHORITY\SYSTEM,\Microsoft\Windows\DiskCleanup,started,powershell.exe -File C:\ACME\Patch\scan.ps1,ACME\svc_patch,benign,routine scheduled task
TASK-00908,2026-09-04T06:14:24Z,JUMP-01,ACME\admin.ops,\Microsoft\Windows\Update\Maintenance,created,cleanmgr.exe /AUTOCLEAN,NT AUTHORITY\SYSTEM,benign,routine scheduled task
TASK-00018,2026-09-04T06:15:53Z,DC-01,ACME\kpatel,\Microsoft\Windows\Update\Maintenance,completed,cleanmgr.exe /AUTOCLEAN,ACME\svc_patch,benign,routine scheduled task
TASK-00458,2026-09-04T06:15:56Z,FILE-02,NT AUTHORITY\SYSTEM,\Microsoft\Windows\DiskCleanup,started,UsoClient.exe StartScan,NT AUTHORITY\SYSTEM,benign,routine scheduled task
TASK-00847,2026-09-04T06:19:09Z,JUMP-01,ACME\jsmith,\Microsoft\Windows\DiskCleanup,started,UsoClient.exe StartScan,ACME\svc_patch,benign,routine scheduled task
TASK-00218,2026-09-04T06:20:57Z,MGMT-01,ACME\kpatel,\Microsoft\Windows\Update\Maintenance,created,UsoClient.exe StartScan,NT AUTHORITY\SYSTEM,benign,routine scheduled task
TASK-00371,2026-09-04T06:34:50Z,DC-01,NT AUTHORITY\SYSTEM,\Microsoft\Windows\Update\Maintenance,started,cleanmgr.exe /AUTOCLEAN,NT AUTHORITY\SYSTEM,benign,routine scheduled task
TASK-01366,2026-09-04T06:38:29Z,APP-03,NT AUTHORITY\SYSTEM,\Microsoft\Windows\Update\Maintenance,started,powershell.exe -File C:\ACME\Patch\scan.ps1,ACME\svc_patch,benign,routine scheduled task
TASK-00034,2026-09-04T06:39:13Z,DC-01,ACME\svc_patch,\Microsoft\Windows\Update\Maintenance,started,powershell.exe -File C:\ACME\Patch\scan.ps1,NT AUTHORITY\SYSTEM,benign,routine scheduled task
TASK-01312,2026-09-04T06:40:32Z,PATCH-01,ACME\kpatel,\Microsoft\Windows\DiskCleanup,started,powershell.exe -File C:\ACME\Patch\scan.ps1,NT AUTHORITY\SYSTEM,benign,routine scheduled task
TASK-01132,2026-09-04T06:54:40Z,DC-01,NT AUTHORITY\SYSTEM,\ACME\Patch\DailyScan,created,cleanmgr.exe /AUTOCLEAN,NT AUTHORITY\SYSTEM,benign,routine scheduled task
TASK-00678,2026-09-04T06:55:52Z,HR-WS-22,NT AUTHORITY\SYSTEM,\Microsoft\Windows\DiskCleanup,updated,UsoClient.exe StartScan,ACME\svc_patch,benign,routine scheduled task
TASK-01407,2026-09-04T07:00:10Z,DC-01,NT AUTHORITY\SYSTEM,\ACME\Patch\DailyScan,updated,cleanmgr.exe /AUTOCLEAN,ACME\svc_patch,benign,routine scheduled task
TASK-00027,2026-09-04T07:02:01Z,JUMP-01,ACME\admin.ops,\Microsoft\Windows\DiskCleanup,started,powershell.exe -File C:\ACME\Patch\scan.ps1,ACME\svc_patch,benign,routine scheduled task
TASK-01007,2026-09-04T07:04:17Z,JUMP-01,ACME\kpatel,\Microsoft\Windows\DiskCleanup,started,powershell.exe -File C:\ACME\Patch\scan.ps1,NT AUTHORITY\SYSTEM,benign,routine scheduled task
TASK-01311,2026-09-04T07:05:33Z,JUMP-01,NT AUTHORITY\SYSTEM,\Microsoft\Windows\DiskCleanup,created,cleanmgr.exe /AUTOCLEAN,ACME\svc_patch,benign,routine scheduled task
TASK-01197,2026-09-04T07:07:24Z,DC-01,ACME\svc_patch,\Microsoft\Windows\Update\Maintenance,created,cleanmgr.exe /AUTOCLEAN,NT AUTHORITY\SYSTEM,benign,routine scheduled task
TASK-00142,2026-09-04T07:08:52Z,PATCH-01,ACME\kpatel,\Microsoft\Windows\Update\Maintenance,started,cleanmgr.exe /AUTOCLEAN,NT AUTHORITY\SYSTEM,benign,routine scheduled task
TASK-00447,2026-09-04T07:12:47Z,HR-WS-22,ACME\admin.ops,\ACME\Patch\DailyScan,updated,cleanmgr.exe /AUTOCLEAN,NT AUTHORITY\SYSTEM,benign,routine scheduled task
TASK-00642,2026-09-04T07:18:07Z,PATCH-01,ACME\kpatel,\Microsoft\Windows\Update\Maintenance,completed,powershell.exe -File C:\ACME\Patch\scan.ps1,NT AUTHORITY\SYSTEM,benign,routine scheduled task
TASK-00108,2026-09-04T07:18:17Z,MGMT-01,ACME\kpatel,\Microsoft\Windows\Update\Maintenance,created,cleanmgr.exe /AUTOCLEAN,ACME\svc_patch,benign,routine scheduled task
TASK-01560,2026-09-04T07:19:00Z,MGMT-01,NT AUTHORITY\SYSTEM,\Microsoft\Windows\DiskCleanup,started,UsoClient.exe StartScan,NT AUTHORITY\SYSTEM,benign,routine scheduled task
TASK-01239,2026-09-04T07:29:59Z,DC-01,ACME\kpatel,\Microsoft\Windows\Update\Maintenance,created,UsoClient.exe StartScan,ACME\svc_patch,benign,routine scheduled task
TASK-00579,2026-09-04T07:31:19Z,FILE-02,ACME\kpatel,\Microsoft\Windows\DiskCleanup,started,cleanmgr.exe /AUTOCLEAN,ACME\svc_patch,benign,routine scheduled task
TASK-01086,2026-09-04T07:35:03Z,APP-03,ACME\admin.ops,\ACME\Patch\DailyScan,created,powershell.exe -File C:\ACME\Patch\scan.ps1,ACME\svc_patch,benign,routine scheduled task
TASK-00264,2026-09-04T07:38:46Z,JUMP-01,ACME\kpatel,\Microsoft\Windows\Update\Maintenance,updated,cleanmgr.exe /AUTOCLEAN,ACME\svc_patch,benign,routine scheduled task
TASK-01749,2026-09-04T07:44:29Z,HR-WS-22,ACME\svc_patch,\Microsoft\Windows\Update\Maintenance,started,cleanmgr.exe /AUTOCLEAN,ACME\svc_patch,benign,routine scheduled task
TASK-00798,2026-09-04T07:48:51Z,HR-WS-22,ACME\admin.ops,\Microsoft\Windows\DiskCleanup,started,powershell.exe -File C:\ACME\Patch\scan.ps1,ACME\svc_patch,benign,routine scheduled task
TASK-00247,2026-09-04T07:55:22Z,APP-03,ACME\admin.ops,\ACME\Patch\DailyScan,updated,powershell.exe -File C:\ACME\Patch\scan.ps1,ACME\svc_patch,benign,routine scheduled task
TASK-00613,2026-09-04T08:01:23Z,JUMP-01,ACME\admin.ops,\ACME\Patch\DailyScan,updated,powershell.exe -File C:\ACME\Patch\scan.ps1,ACME\svc_patch,benign,routine scheduled task
TASK-00583,2026-09-04T08:10:29Z,PATCH-01,ACME\kpatel,\ACME\Patch\DailyScan,completed,cleanmgr.exe /AUTOCLEAN,NT AUTHORITY\SYSTEM,benign,routine scheduled task
TASK-01786,2026-09-04T08:12:10Z,HR-WS-22,NT AUTHORITY\SYSTEM,\Microsoft\Windows\DiskCleanup,started,UsoClient.exe StartScan,NT AUTHORITY\SYSTEM,benign,routine scheduled task
TASK-00219,2026-09-04T08:17:31Z,MGMT-01,ACME\admin.ops,\Microsoft\Windows\Update\Maintenance,completed,cleanmgr.exe /AUTOCLEAN,NT AUTHORITY\SYSTEM,benign,routine scheduled task
TASK-00032,2026-09-04T08:25:48Z,PATCH-01,ACME\admin.ops,\Microsoft\Windows\DiskCleanup,created,cleanmgr.exe /AUTOCLEAN,ACME\svc_patch,benign,routine scheduled task
TASK-01219,2026-09-04T08:27:53Z,JUMP-01,ACME\jsmith,\Microsoft\Windows\DiskCleanup,started,UsoClient.exe StartScan,ACME\svc_patch,benign,routine scheduled task
TASK-00240,2026-09-04T08:28:13Z,DC-01,NT AUTHORITY\SYSTEM,\Microsoft\Windows\DiskCleanup,updated,cleanmgr.exe /AUTOCLEAN,ACME\svc_patch,benign,routine scheduled task
TASK-00406,2026-09-04T08:36:58Z,FILE-02,ACME\kpatel,\Microsoft\Windows\Update\Maintenance,created,UsoClient.exe StartScan,ACME\svc_patch,benign,routine scheduled task
TASK-01475,2026-09-04T08:47:08Z,JUMP-01,ACME\jsmith,\ACME\Patch\DailyScan,updated,UsoClient.exe StartScan,ACME\svc_patch,benign,routine scheduled task
TASK-00480,2026-09-04T08:48:02Z,FILE-02,ACME\jsmith,\Microsoft\Windows\Update\Maintenance,started,powershell.exe -File C:\ACME\Patch\scan.ps1,ACME\svc_patch,benign,routine scheduled task
TASK-00470,2026-09-04T08:48:55Z,APP-03,ACME\jsmith,\ACME\Patch\DailyScan,started,UsoClient.exe StartScan,ACME\svc_patch,benign,routine scheduled task
TASK-00513,2026-09-04T09:14:11Z,MGMT-01,NT AUTHORITY\SYSTEM,\Microsoft\Windows\Update\Maintenance,completed,UsoClient.exe StartScan,ACME\svc_patch,benign,routine scheduled task
TASK-01531,2026-09-04T09:16:21Z,PATCH-01,ACME\admin.ops,\Microsoft\Windows\DiskCleanup,updated,cleanmgr.exe /AUTOCLEAN,ACME\svc_patch,benign,routine scheduled task
TASK-00683,2026-09-04T09:35:27Z,MGMT-01,ACME\admin.ops,\Microsoft\Windows\Update\Maintenance,completed,powershell.exe -File C:\ACME\Patch\scan.ps1,ACME\svc_patch,benign,routine scheduled task
TASK-00800,2026-09-04T09:40:44Z,JUMP-01,ACME\jsmith,\Microsoft\Windows\Update\Maintenance,completed,UsoClient.exe StartScan,ACME\svc_patch,benign,routine scheduled task
TASK-00625,2026-09-04T09:42:04Z,FILE-02,ACME\svc_patch,\ACME\Patch\DailyScan,started,powershell.exe -File C:\ACME\Patch\scan.ps1,ACME\svc_patch,benign,routine scheduled task
TASK-01657,2026-09-04T09:43:43Z,APP-03,ACME\admin.ops,\ACME\Patch\DailyScan,created,cleanmgr.exe /AUTOCLEAN,NT AUTHORITY\SYSTEM,benign,routine scheduled task
TASK-01329,2026-09-04T09:47:50Z,HR-WS-22,ACME\kpatel,\Microsoft\Windows\DiskCleanup,updated,cleanmgr.exe /AUTOCLEAN,ACME\svc_patch,benign,routine scheduled task
TASK-00491,2026-09-04T09:50:42Z,FILE-02,NT AUTHORITY\SYSTEM,\Microsoft\Windows\Update\Maintenance,completed,UsoClient.exe StartScan,ACME\svc_patch,benign,routine scheduled task
TASK-00704,2026-09-04T09:52:02Z,PATCH-01,ACME\admin.ops,\Microsoft\Windows\Update\Maintenance,updated,cleanmgr.exe /AUTOCLEAN,ACME\svc_patch,benign,routine scheduled task
TASK-00546,2026-09-04T09:57:00Z,MGMT-01,ACME\admin.ops,\Microsoft\Windows\DiskCleanup,created,cleanmgr.exe /AUTOCLEAN,NT AUTHORITY\SYSTEM,benign,routine scheduled task
TASK-01437,2026-09-04T09:59:00Z,DC-01,ACME\jsmith,\Microsoft\Windows\DiskCleanup,started,UsoClient.exe StartScan,NT AUTHORITY\SYSTEM,benign,routine scheduled task
TASK-01221,2026-09-04T10:00:32Z,HR-WS-22,NT AUTHORITY\SYSTEM,\Microsoft\Windows\Update\Maintenance,started,cleanmgr.exe /AUTOCLEAN,NT AUTHORITY\SYSTEM,benign,routine scheduled task
TASK-00636,2026-09-04T10:01:02Z,FILE-02,ACME\admin.ops,\Microsoft\Windows\Update\Maintenance,updated,powershell.exe -File C:\ACME\Patch\scan.ps1,ACME\svc_patch,benign,routine scheduled task
TASK-00833,2026-09-04T10:03:40Z,JUMP-01,ACME\svc_patch,\Microsoft\Windows\DiskCleanup,started,UsoClient.exe StartScan,ACME\svc_patch,benign,routine scheduled task
TASK-01750,2026-09-04T10:11:41Z,FILE-02,ACME\svc_patch,\ACME\Patch\DailyScan,updated,cleanmgr.exe /AUTOCLEAN,NT AUTHORITY\SYSTEM,benign,routine scheduled task
TASK-00821,2026-09-04T10:14:47Z,MGMT-01,ACME\svc_patch,\ACME\Patch\DailyScan,created,UsoClient.exe StartScan,ACME\svc_patch,benign,routine scheduled task
TASK-00445,2026-09-04T10:20:06Z,PATCH-01,ACME\svc_patch,\Microsoft\Windows\Update\Maintenance,updated,powershell.exe -File C:\ACME\Patch\scan.ps1,ACME\svc_patch,benign,routine scheduled task
TASK-01153,2026-09-04T10:28:18Z,JUMP-01,NT AUTHORITY\SYSTEM,\Microsoft\Windows\Update\Maintenance,created,powershell.exe -File C:\ACME\Patch\scan.ps1,ACME\svc_patch,benign,routine scheduled task
TASK-01428,2026-09-04T10:46:35Z,HR-WS-22,ACME\kpatel,\ACME\Patch\DailyScan,started,powershell.exe -File C:\ACME\Patch\scan.ps1,ACME\svc_patch,benign,routine scheduled task
TASK-00270,2026-09-04T10:52:55Z,PATCH-01,ACME\jsmith,\Microsoft\Windows\DiskCleanup,started,UsoClient.exe StartScan,NT AUTHORITY\SYSTEM,benign,routine scheduled task
TASK-00779,2026-09-04T10:54:18Z,APP-03,ACME\admin.ops,\Microsoft\Windows\DiskCleanup,updated,powershell.exe -File C:\ACME\Patch\scan.ps1,NT AUTHORITY\SYSTEM,benign,routine scheduled task
TASK-00238,2026-09-04T10:56:52Z,PATCH-01,NT AUTHORITY\SYSTEM,\ACME\Patch\DailyScan,created,UsoClient.exe StartScan,NT AUTHORITY\SYSTEM,benign,routine scheduled task
TASK-01645,2026-09-04T10:59:43Z,HR-WS-22,NT AUTHORITY\SYSTEM,\ACME\Patch\DailyScan,completed,UsoClient.exe StartScan,NT AUTHORITY\SYSTEM,benign,routine scheduled task
TASK-00235,2026-09-04T11:09:16Z,PATCH-01,NT AUTHORITY\SYSTEM,\ACME\Patch\DailyScan,completed,UsoClient.exe StartScan,ACME\svc_patch,benign,routine scheduled task
TASK-00200,2026-09-04T11:17:34Z,FILE-02,ACME\jsmith,\ACME\Patch\DailyScan,created,powershell.exe -File C:\ACME\Patch\scan.ps1,NT AUTHORITY\SYSTEM,benign,routine scheduled task
TASK-01710,2026-09-04T11:29:05Z,PATCH-01,ACME\admin.ops,\Microsoft\Windows\DiskCleanup,updated,UsoClient.exe StartScan,ACME\svc_patch,benign,routine scheduled task
TASK-00839,2026-09-04T11:32:07Z,FILE-02,ACME\admin.ops,\ACME\Patch\DailyScan,created,powershell.exe -File C:\ACME\Patch\scan.ps1,ACME\svc_patch,benign,routine scheduled task
TASK-00570,2026-09-04T11:32:09Z,FILE-02,NT AUTHORITY\SYSTEM,\Microsoft\Windows\Update\Maintenance,started,cleanmgr.exe /AUTOCLEAN,NT AUTHORITY\SYSTEM,benign,routine scheduled task
TASK-00208,2026-09-04T11:35:41Z,FILE-02,ACME\admin.ops,\Microsoft\Windows\DiskCleanup,started,cleanmgr.exe /AUTOCLEAN,NT AUTHORITY\SYSTEM,benign,routine scheduled task
TASK-00382,2026-09-04T11:37:05Z,DC-01,ACME\jsmith,\Microsoft\Windows\Update\Maintenance,updated,powershell.exe -File C:\ACME\Patch\scan.ps1,NT AUTHORITY\SYSTEM,benign,routine scheduled task
TASK-01202,2026-09-04T11:38:47Z,FILE-02,ACME\svc_patch,\ACME\Patch\DailyScan,updated,UsoClient.exe StartScan,NT AUTHORITY\SYSTEM,benign,routine scheduled task
TASK-01394,2026-09-04T11:38:58Z,MGMT-01,NT AUTHORITY\SYSTEM,\Microsoft\Windows\Update\Maintenance,started,UsoClient.exe StartScan,NT AUTHORITY\SYSTEM,benign,routine scheduled task
TASK-00892,2026-09-04T11:46:32Z,MGMT-01,NT AUTHORITY\SYSTEM,\Microsoft\Windows\DiskCleanup,started,cleanmgr.exe /AUTOCLEAN,NT AUTHORITY\SYSTEM,benign,routine scheduled task
TASK-01286,2026-09-04T11:57:54Z,PATCH-01,ACME\admin.ops,\ACME\Patch\DailyScan,started,UsoClient.exe StartScan,NT AUTHORITY\SYSTEM,benign,routine scheduled task
TASK-01788,2026-09-04T11:58:15Z,APP-03,ACME\kpatel,\ACME\Patch\DailyScan,created,UsoClient.exe StartScan,NT AUTHORITY\SYSTEM,benign,routine scheduled task
TASK-01073,2026-09-04T11:59:34Z,APP-03,NT AUTHORITY\SYSTEM,\ACME\Patch\DailyScan,started,UsoClient.exe StartScan,ACME\svc_patch,benign,routine scheduled task
TASK-00816,2026-09-04T12:09:40Z,DC-01,NT AUTHORITY\SYSTEM,\Microsoft\Windows\DiskCleanup,started,powershell.exe -File C:\ACME\Patch\scan.ps1,ACME\svc_patch,benign,routine scheduled task
TASK-01069,2026-09-04T12:10:32Z,PATCH-01,ACME\jsmith,\Microsoft\Windows\Update\Maintenance,completed,UsoClient.exe StartScan,NT AUTHORITY\SYSTEM,benign,routine scheduled task
TASK-00272,2026-09-04T12:16:00Z,APP-03,ACME\jsmith,\Microsoft\Windows\DiskCleanup,completed,UsoClient.exe StartScan,ACME\svc_patch,benign,routine scheduled task
TASK-00941,2026-09-04T12:17:31Z,FILE-02,ACME\jsmith,\Microsoft\Windows\Update\Maintenance,updated,UsoClient.exe StartScan,ACME\svc_patch,benign,routine scheduled task
TASK-00899,2026-09-04T12:20:13Z,JUMP-01,ACME\svc_patch,\Microsoft\Windows\Update\Maintenance,completed,UsoClient.exe StartScan,NT AUTHORITY\SYSTEM,benign,routine scheduled task
TASK-00993,2026-09-04T12:23:43Z,MGMT-01,NT AUTHORITY\SYSTEM,\ACME\Patch\DailyScan,completed,UsoClient.exe StartScan,NT AUTHORITY\SYSTEM,benign,routine scheduled task
TASK-01415,2026-09-04T12:28:40Z,MGMT-01,ACME\svc_patch,\ACME\Patch\DailyScan,started,cleanmgr.exe /AUTOCLEAN,ACME\svc_patch,benign,routine scheduled task
TASK-01688,2026-09-04T12:32:10Z,APP-03,ACME\svc_patch,\Microsoft\Windows\DiskCleanup,completed,powershell.exe -File C:\ACME\Patch\scan.ps1,ACME\svc_patch,benign,routine scheduled task
TASK-00063,2026-09-04T12:32:26Z,JUMP-01,ACME\admin.ops,\Microsoft\Windows\DiskCleanup,created,cleanmgr.exe /AUTOCLEAN,ACME\svc_patch,benign,routine scheduled task
TASK-01772,2026-09-04T12:33:38Z,DC-01,ACME\admin.ops,\Microsoft\Windows\Update\Maintenance,completed,cleanmgr.exe /AUTOCLEAN,NT AUTHORITY\SYSTEM,benign,routine scheduled task
TASK-00462,2026-09-04T12:38:12Z,JUMP-01,ACME\kpatel,\ACME\Patch\DailyScan,completed,cleanmgr.exe /AUTOCLEAN,NT AUTHORITY\SYSTEM,benign,routine scheduled task
TASK-00555,2026-09-04T12:39:58Z,HR-WS-22,ACME\admin.ops,\Microsoft\Windows\Update\Maintenance,completed,powershell.exe -File C:\ACME\Patch\scan.ps1,NT AUTHORITY\SYSTEM,benign,routine scheduled task
TASK-01765,2026-09-04T12:54:00Z,MGMT-01,ACME\jsmith,\Microsoft\Windows\DiskCleanup,completed,UsoClient.exe StartScan,NT AUTHORITY\SYSTEM,benign,routine scheduled task
TASK-01703,2026-09-04T12:54:13Z,PATCH-01,ACME\kpatel,\ACME\Patch\DailyScan,created,powershell.exe -File C:\ACME\Patch\scan.ps1,ACME\svc_patch,benign,routine scheduled task
TASK-00207,2026-09-04T12:55:21Z,HR-WS-22,ACME\jsmith,\Microsoft\Windows\Update\Maintenance,completed,cleanmgr.exe /AUTOCLEAN,NT AUTHORITY\SYSTEM,benign,routine scheduled task
TASK-01321,2026-09-04T13:02:06Z,FILE-02,ACME\admin.ops,\ACME\Patch\DailyScan,updated,UsoClient.exe StartScan,ACME\svc_patch,benign,routine scheduled task
TASK-01724,2026-09-04T13:03:46Z,DC-01,ACME\svc_patch,\Microsoft\Windows\Update\Maintenance,created,cleanmgr.exe /AUTOCLEAN,NT AUTHORITY\SYSTEM,benign,routine scheduled task
TASK-01507,2026-09-04T13:22:27Z,DC-01,NT AUTHORITY\SYSTEM,\Microsoft\Windows\DiskCleanup,created,powershell.exe -File C:\ACME\Patch\scan.ps1,ACME\svc_patch,benign,routine scheduled task
TASK-00607,2026-09-04T13:25:17Z,DC-01,ACME\admin.ops,\ACME\Patch\DailyScan,started,powershell.exe -File C:\ACME\Patch\scan.ps1,NT AUTHORITY\SYSTEM,benign,routine scheduled task
TASK-01253,2026-09-04T13:26:29Z,HR-WS-22,ACME\svc_patch,\ACME\Patch\DailyScan,created,cleanmgr.exe /AUTOCLEAN,NT AUTHORITY\SYSTEM,benign,routine scheduled task
TASK-01474,2026-09-04T13:27:22Z,FILE-02,ACME\svc_patch,\Microsoft\Windows\Update\Maintenance,started,UsoClient.exe StartScan,NT AUTHORITY\SYSTEM,benign,routine scheduled task
TASK-00198,2026-09-04T13:34:28Z,DC-01,ACME\jsmith,\Microsoft\Windows\DiskCleanup,updated,cleanmgr.exe /AUTOCLEAN,NT AUTHORITY\SYSTEM,benign,routine scheduled task
TASK-00394,2026-09-04T13:37:13Z,PATCH-01,ACME\jsmith,\Microsoft\Windows\DiskCleanup,created,UsoClient.exe StartScan,ACME\svc_patch,benign,routine scheduled task
TASK-01331,2026-09-04T13:38:41Z,DC-01,ACME\svc_patch,\Microsoft\Windows\DiskCleanup,updated,UsoClient.exe StartScan,ACME\svc_patch,benign,routine scheduled task
TASK-00742,2026-09-04T13:50:42Z,HR-WS-22,NT AUTHORITY\SYSTEM,\Microsoft\Windows\DiskCleanup,updated,UsoClient.exe StartScan,NT AUTHORITY\SYSTEM,benign,routine scheduled task
TASK-00948,2026-09-04T13:54:58Z,FILE-02,ACME\svc_patch,\ACME\Patch\DailyScan,updated,UsoClient.exe StartScan,NT AUTHORITY\SYSTEM,benign,routine scheduled task
TASK-00925,2026-09-04T14:02:53Z,JUMP-01,NT AUTHORITY\SYSTEM,\Microsoft\Windows\Update\Maintenance,created,cleanmgr.exe /AUTOCLEAN,ACME\svc_patch,benign,routine scheduled task
TASK-01234,2026-09-04T14:06:24Z,DC-01,ACME\svc_patch,\Microsoft\Windows\Update\Maintenance,updated,UsoClient.exe StartScan,NT AUTHORITY\SYSTEM,benign,routine scheduled task
TASK-00046,2026-09-04T14:07:58Z,JUMP-01,NT AUTHORITY\SYSTEM,\ACME\Patch\DailyScan,created,UsoClient.exe StartScan,NT AUTHORITY\SYSTEM,benign,routine scheduled task
TASK-01648,2026-09-04T14:14:20Z,JUMP-01,ACME\svc_patch,\Microsoft\Windows\Update\Maintenance,updated,UsoClient.exe StartScan,NT AUTHORITY\SYSTEM,benign,routine scheduled task
TASK-01176,2026-09-04T14:22:21Z,MGMT-01,ACME\svc_patch,\Microsoft\Windows\Update\Maintenance,completed,cleanmgr.exe /AUTOCLEAN,ACME\svc_patch,benign,routine scheduled task
TASK-01598,2026-09-04T14:35:13Z,APP-03,ACME\jsmith,\Microsoft\Windows\Update\Maintenance,completed,powershell.exe -File C:\ACME\Patch\scan.ps1,NT AUTHORITY\SYSTEM,benign,routine scheduled task
TASK-01455,2026-09-04T14:35:16Z,JUMP-01,ACME\svc_patch,\Microsoft\Windows\DiskCleanup,updated,powershell.exe -File C:\ACME\Patch\scan.ps1,NT AUTHORITY\SYSTEM,benign,routine scheduled task
TASK-00341,2026-09-04T14:44:42Z,APP-03,ACME\svc_patch,\ACME\Patch\DailyScan,created,UsoClient.exe StartScan,NT AUTHORITY\SYSTEM,benign,routine scheduled task
TASK-01037,2026-09-04T14:45:19Z,MGMT-01,ACME\svc_patch,\ACME\Patch\DailyScan,updated,cleanmgr.exe /AUTOCLEAN,ACME\svc_patch,benign,routine scheduled task
TASK-00416,2026-09-04T14:45:41Z,PATCH-01,NT AUTHORITY\SYSTEM,\ACME\Patch\DailyScan,started,cleanmgr.exe /AUTOCLEAN,NT AUTHORITY\SYSTEM,benign,routine scheduled task
TASK-00968,2026-09-04T14:45:45Z,JUMP-01,ACME\svc_patch,\Microsoft\Windows\Update\Maintenance,started,powershell.exe -File C:\ACME\Patch\scan.ps1,NT AUTHORITY\SYSTEM,benign,routine scheduled task
TASK-00584,2026-09-04T14:46:14Z,MGMT-01,ACME\svc_patch,\Microsoft\Windows\DiskCleanup,updated,UsoClient.exe StartScan,NT AUTHORITY\SYSTEM,benign,routine scheduled task
TASK-01097,2026-09-04T14:55:09Z,HR-WS-22,ACME\kpatel,\Microsoft\Windows\Update\Maintenance,created,powershell.exe -File C:\ACME\Patch\scan.ps1,ACME\svc_patch,benign,routine scheduled task
TASK-01173,2026-09-04T14:56:32Z,FILE-02,ACME\kpatel,\ACME\Patch\DailyScan,updated,powershell.exe -File C:\ACME\Patch\scan.ps1,NT AUTHORITY\SYSTEM,benign,routine scheduled task
TASK-01676,2026-09-04T14:58:05Z,FILE-02,ACME\svc_patch,\Microsoft\Windows\DiskCleanup,created,cleanmgr.exe /AUTOCLEAN,NT AUTHORITY\SYSTEM,benign,routine scheduled task
TASK-01557,2026-09-04T15:01:01Z,FILE-02,ACME\admin.ops,\Microsoft\Windows\Update\Maintenance,updated,powershell.exe -File C:\ACME\Patch\scan.ps1,NT AUTHORITY\SYSTEM,benign,routine scheduled task
TASK-01699,2026-09-04T15:07:40Z,FILE-02,ACME\admin.ops,\Microsoft\Windows\DiskCleanup,started,cleanmgr.exe /AUTOCLEAN,NT AUTHORITY\SYSTEM,benign,routine scheduled task
TASK-00144,2026-09-04T15:12:37Z,APP-03,ACME\kpatel,\Microsoft\Windows\DiskCleanup,updated,cleanmgr.exe /AUTOCLEAN,NT AUTHORITY\SYSTEM,benign,routine scheduled task
TASK-00876,2026-09-04T15:12:55Z,PATCH-01,ACME\kpatel,\ACME\Patch\DailyScan,completed,powershell.exe -File C:\ACME\Patch\scan.ps1,ACME\svc_patch,benign,routine scheduled task
TASK-00657,2026-09-04T15:15:11Z,MGMT-01,ACME\admin.ops,\Microsoft\Windows\Update\Maintenance,started,UsoClient.exe StartScan,ACME\svc_patch,benign,routine scheduled task
TASK-01536,2026-09-04T15:17:32Z,DC-01,NT AUTHORITY\SYSTEM,\Microsoft\Windows\Update\Maintenance,started,UsoClient.exe StartScan,NT AUTHORITY\SYSTEM,benign,routine scheduled task
TASK-00430,2026-09-04T15:22:54Z,HR-WS-22,ACME\svc_patch,\Microsoft\Windows\Update\Maintenance,created,UsoClient.exe StartScan,NT AUTHORITY\SYSTEM,benign,routine scheduled task
TASK-00542,2026-09-04T15:25:47Z,JUMP-01,ACME\svc_patch,\ACME\Patch\DailyScan,completed,powershell.exe -File C:\ACME\Patch\scan.ps1,ACME\svc_patch,benign,routine scheduled task
TASK-00974,2026-09-04T15:26:29Z,FILE-02,NT AUTHORITY\SYSTEM,\Microsoft\Windows\Update\Maintenance,started,powershell.exe -File C:\ACME\Patch\scan.ps1,ACME\svc_patch,benign,routine scheduled task
TASK-00437,2026-09-04T15:27:36Z,APP-03,ACME\svc_patch,\Microsoft\Windows\DiskCleanup,updated,cleanmgr.exe /AUTOCLEAN,ACME\svc_patch,benign,routine scheduled task
TASK-01766,2026-09-04T15:28:31Z,FILE-02,ACME\jsmith,\ACME\Patch\DailyScan,updated,powershell.exe -File C:\ACME\Patch\scan.ps1,NT AUTHORITY\SYSTEM,benign,routine scheduled task
TASK-00865,2026-09-04T15:34:19Z,PATCH-01,ACME\admin.ops,\Microsoft\Windows\DiskCleanup,completed,cleanmgr.exe /AUTOCLEAN,NT AUTHORITY\SYSTEM,benign,routine scheduled task
TASK-00216,2026-09-04T15:42:17Z,JUMP-01,ACME\kpatel,\ACME\Patch\DailyScan,started,powershell.exe -File C:\ACME\Patch\scan.ps1,NT AUTHORITY\SYSTEM,benign,routine scheduled task
TASK-00957,2026-09-04T15:50:52Z,FILE-02,NT AUTHORITY\SYSTEM,\Microsoft\Windows\Update\Maintenance,started,powershell.exe -File C:\ACME\Patch\scan.ps1,ACME\svc_patch,benign,routine scheduled task
TASK-00365,2026-09-04T15:50:54Z,DC-01,NT AUTHORITY\SYSTEM,\ACME\Patch\DailyScan,updated,UsoClient.exe StartScan,ACME\svc_patch,benign,routine scheduled task
TASK-01118,2026-09-04T15:53:00Z,JUMP-01,ACME\kpatel,\Microsoft\Windows\Update\Maintenance,completed,powershell.exe -File C:\ACME\Patch\scan.ps1,NT AUTHORITY\SYSTEM,benign,routine scheduled task
TASK-01635,2026-09-04T15:55:03Z,PATCH-01,NT AUTHORITY\SYSTEM,\Microsoft\Windows\Update\Maintenance,started,UsoClient.exe StartScan,NT AUTHORITY\SYSTEM,benign,routine scheduled task
TASK-00397,2026-09-04T15:59:38Z,JUMP-01,ACME\jsmith,\Microsoft\Windows\DiskCleanup,started,UsoClient.exe StartScan,NT AUTHORITY\SYSTEM,benign,routine scheduled task
TASK-01697,2026-09-04T16:00:24Z,JUMP-01,NT AUTHORITY\SYSTEM,\ACME\Patch\DailyScan,updated,UsoClient.exe StartScan,NT AUTHORITY\SYSTEM,benign,routine scheduled task
TASK-00909,2026-09-04T16:08:14Z,HR-WS-22,ACME\admin.ops,\Microsoft\Windows\Update\Maintenance,updated,cleanmgr.exe /AUTOCLEAN,NT AUTHORITY\SYSTEM,benign,routine scheduled task
TASK-00784,2026-09-04T16:12:00Z,APP-03,ACME\svc_patch,\Microsoft\Windows\Update\Maintenance,completed,powershell.exe -File C:\ACME\Patch\scan.ps1,ACME\svc_patch,benign,routine scheduled task
TASK-00689,2026-09-04T16:13:17Z,HR-WS-22,NT AUTHORITY\SYSTEM,\ACME\Patch\DailyScan,updated,cleanmgr.exe /AUTOCLEAN,ACME\svc_patch,benign,routine scheduled task
TASK-00504,2026-09-04T16:18:18Z,MGMT-01,ACME\kpatel,\ACME\Patch\DailyScan,completed,cleanmgr.exe /AUTOCLEAN,NT AUTHORITY\SYSTEM,benign,routine scheduled task
TASK-01644,2026-09-04T16:45:49Z,JUMP-01,ACME\jsmith,\Microsoft\Windows\Update\Maintenance,started,cleanmgr.exe /AUTOCLEAN,NT AUTHORITY\SYSTEM,benign,routine scheduled task
TASK-00221,2026-09-04T16:50:49Z,MGMT-01,ACME\admin.ops,\ACME\Patch\DailyScan,updated,powershell.exe -File C:\ACME\Patch\scan.ps1,ACME\svc_patch,benign,routine scheduled task
TASK-00646,2026-09-04T16:51:23Z,PATCH-01,ACME\admin.ops,\Microsoft\Windows\DiskCleanup,started,UsoClient.exe StartScan,ACME\svc_patch,benign,routine scheduled task
TASK-00396,2026-09-04T16:53:50Z,PATCH-01,ACME\kpatel,\Microsoft\Windows\Update\Maintenance,updated,cleanmgr.exe /AUTOCLEAN,NT AUTHORITY\SYSTEM,benign,routine scheduled task
TASK-01629,2026-09-04T16:57:37Z,PATCH-01,ACME\kpatel,\Microsoft\Windows\Update\Maintenance,completed,cleanmgr.exe /AUTOCLEAN,ACME\svc_patch,benign,routine scheduled task
TASK-01215,2026-09-04T17:00:49Z,MGMT-01,ACME\admin.ops,\Microsoft\Windows\Update\Maintenance,completed,powershell.exe -File C:\ACME\Patch\scan.ps1,NT AUTHORITY\SYSTEM,benign,routine scheduled task
TASK-01135,2026-09-04T17:06:34Z,MGMT-01,NT AUTHORITY\SYSTEM,\Microsoft\Windows\DiskCleanup,completed,cleanmgr.exe /AUTOCLEAN,ACME\svc_patch,benign,routine scheduled task
TASK-00457,2026-09-04T17:10:38Z,HR-WS-22,ACME\jsmith,\Microsoft\Windows\Update\Maintenance,updated,cleanmgr.exe /AUTOCLEAN,ACME\svc_patch,benign,routine scheduled task
TASK-00562,2026-09-04T17:15:15Z,APP-03,NT AUTHORITY\SYSTEM,\Microsoft\Windows\DiskCleanup,created,cleanmgr.exe /AUTOCLEAN,NT AUTHORITY\SYSTEM,benign,routine scheduled task
TASK-00201,2026-09-04T17:15:49Z,JUMP-01,NT AUTHORITY\SYSTEM,\Microsoft\Windows\DiskCleanup,started,powershell.exe -File C:\ACME\Patch\scan.ps1,ACME\svc_patch,benign,routine scheduled task
TASK-01107,2026-09-04T17:17:22Z,APP-03,NT AUTHORITY\SYSTEM,\Microsoft\Windows\Update\Maintenance,updated,powershell.exe -File C:\ACME\Patch\scan.ps1,NT AUTHORITY\SYSTEM,benign,routine scheduled task
TASK-01484,2026-09-04T17:20:08Z,PATCH-01,ACME\kpatel,\Microsoft\Windows\DiskCleanup,updated,powershell.exe -File C:\ACME\Patch\scan.ps1,NT AUTHORITY\SYSTEM,benign,routine scheduled task
TASK-01231,2026-09-04T17:24:52Z,APP-03,NT AUTHORITY\SYSTEM,\Microsoft\Windows\DiskCleanup,started,cleanmgr.exe /AUTOCLEAN,ACME\svc_patch,benign,routine scheduled task
TASK-00242,2026-09-04T17:31:24Z,JUMP-01,ACME\kpatel,\Microsoft\Windows\DiskCleanup,started,UsoClient.exe StartScan,NT AUTHORITY\SYSTEM,benign,routine scheduled task
TASK-00895,2026-09-04T17:31:26Z,FILE-02,ACME\svc_patch,\Microsoft\Windows\Update\Maintenance,updated,cleanmgr.exe /AUTOCLEAN,ACME\svc_patch,benign,routine scheduled task
TASK-01559,2026-09-04T17:38:02Z,APP-03,ACME\kpatel,\Microsoft\Windows\Update\Maintenance,created,powershell.exe -File C:\ACME\Patch\scan.ps1,NT AUTHORITY\SYSTEM,benign,routine scheduled task
TASK-00868,2026-09-04T17:43:42Z,APP-03,ACME\jsmith,\ACME\Patch\DailyScan,updated,cleanmgr.exe /AUTOCLEAN,ACME\svc_patch,benign,routine scheduled task
TASK-00739,2026-09-04T17:43:46Z,APP-03,ACME\svc_patch,\Microsoft\Windows\Update\Maintenance,started,UsoClient.exe StartScan,ACME\svc_patch,benign,routine scheduled task
TASK-01280,2026-09-04T17:43:59Z,MGMT-01,ACME\jsmith,\Microsoft\Windows\Update\Maintenance,started,powershell.exe -File C:\ACME\Patch\scan.ps1,ACME\svc_patch,benign,routine scheduled task
TASK-00826,2026-09-04T17:53:58Z,JUMP-01,NT AUTHORITY\SYSTEM,\Microsoft\Windows\DiskCleanup,completed,powershell.exe -File C:\ACME\Patch\scan.ps1,NT AUTHORITY\SYSTEM,benign,routine scheduled task
TASK-01414,2026-09-04T17:55:51Z,FILE-02,ACME\jsmith,\ACME\Patch\DailyScan,completed,UsoClient.exe StartScan,NT AUTHORITY\SYSTEM,benign,routine scheduled task
TASK-01185,2026-09-04T17:59:18Z,APP-03,NT AUTHORITY\SYSTEM,\ACME\Patch\DailyScan,started,cleanmgr.exe /AUTOCLEAN,NT AUTHORITY\SYSTEM,benign,routine scheduled task
TASK-01373,2026-09-04T18:04:35Z,PATCH-01,ACME\svc_patch,\Microsoft\Windows\Update\Maintenance,created,UsoClient.exe StartScan,NT AUTHORITY\SYSTEM,benign,routine scheduled task
TASK-01335,2026-09-04T18:09:33Z,APP-03,ACME\admin.ops,\Microsoft\Windows\DiskCleanup,started,UsoClient.exe StartScan,NT AUTHORITY\SYSTEM,benign,routine scheduled task
TASK-01328,2026-09-04T18:11:22Z,MGMT-01,ACME\admin.ops,\Microsoft\Windows\Update\Maintenance,completed,cleanmgr.exe /AUTOCLEAN,NT AUTHORITY\SYSTEM,benign,routine scheduled task
TASK-00097,2026-09-04T18:17:04Z,APP-03,ACME\kpatel,\Microsoft\Windows\DiskCleanup,updated,cleanmgr.exe /AUTOCLEAN,NT AUTHORITY\SYSTEM,benign,routine scheduled task
TASK-00983,2026-09-04T18:18:03Z,DC-01,NT AUTHORITY\SYSTEM,\Microsoft\Windows\Update\Maintenance,created,UsoClient.exe StartScan,ACME\svc_patch,benign,routine scheduled task
TASK-00964,2026-09-04T18:19:05Z,HR-WS-22,ACME\jsmith,\ACME\Patch\DailyScan,created,powershell.exe -File C:\ACME\Patch\scan.ps1,ACME\svc_patch,benign,routine scheduled task
TASK-00939,2026-09-04T18:23:25Z,APP-03,ACME\admin.ops,\Microsoft\Windows\DiskCleanup,completed,UsoClient.exe StartScan,ACME\svc_patch,benign,routine scheduled task
TASK-00331,2026-09-04T18:24:46Z,PATCH-01,ACME\kpatel,\Microsoft\Windows\Update\Maintenance,completed,cleanmgr.exe /AUTOCLEAN,ACME\svc_patch,benign,routine scheduled task
TASK-00627,2026-09-04T18:27:09Z,APP-03,ACME\jsmith,\Microsoft\Windows\DiskCleanup,updated,cleanmgr.exe /AUTOCLEAN,NT AUTHORITY\SYSTEM,benign,routine scheduled task
TASK-01209,2026-09-04T18:30:15Z,FILE-02,ACME\kpatel,\Microsoft\Windows\DiskCleanup,started,UsoClient.exe StartScan,ACME\svc_patch,benign,routine scheduled task
TASK-01570,2026-09-04T18:38:28Z,APP-03,ACME\kpatel,\ACME\Patch\DailyScan,started,cleanmgr.exe /AUTOCLEAN,NT AUTHORITY\SYSTEM,benign,routine scheduled task
TASK-01263,2026-09-04T18:41:57Z,JUMP-01,ACME\svc_patch,\Microsoft\Windows\Update\Maintenance,created,UsoClient.exe StartScan,NT AUTHORITY\SYSTEM,benign,routine scheduled task
TASK-00088,2026-09-04T19:05:55Z,MGMT-01,NT AUTHORITY\SYSTEM,\Microsoft\Windows\DiskCleanup,updated,cleanmgr.exe /AUTOCLEAN,NT AUTHORITY\SYSTEM,benign,routine scheduled task
TASK-01655,2026-09-04T19:22:15Z,PATCH-01,ACME\kpatel,\Microsoft\Windows\DiskCleanup,updated,cleanmgr.exe /AUTOCLEAN,ACME\svc_patch,benign,routine scheduled task
TASK-00687,2026-09-04T19:33:39Z,JUMP-01,ACME\jsmith,\ACME\Patch\DailyScan,created,cleanmgr.exe /AUTOCLEAN,ACME\svc_patch,benign,routine scheduled task
TASK-00599,2026-09-04T19:38:40Z,FILE-02,NT AUTHORITY\SYSTEM,\ACME\Patch\DailyScan,updated,cleanmgr.exe /AUTOCLEAN,NT AUTHORITY\SYSTEM,benign,routine scheduled task
TASK-01793,2026-09-04T19:41:05Z,PATCH-01,ACME\jsmith,\Microsoft\Windows\DiskCleanup,created,powershell.exe -File C:\ACME\Patch\scan.ps1,NT AUTHORITY\SYSTEM,benign,routine scheduled task
TASK-00914,2026-09-04T19:42:21Z,APP-03,NT AUTHORITY\SYSTEM,\Microsoft\Windows\Update\Maintenance,started,powershell.exe -File C:\ACME\Patch\scan.ps1,NT AUTHORITY\SYSTEM,benign,routine scheduled task
TASK-00290,2026-09-04T19:46:07Z,JUMP-01,ACME\jsmith,\ACME\Patch\DailyScan,completed,cleanmgr.exe /AUTOCLEAN,ACME\svc_patch,benign,routine scheduled task
TASK-00454,2026-09-04T19:49:00Z,DC-01,ACME\jsmith,\Microsoft\Windows\DiskCleanup,created,cleanmgr.exe /AUTOCLEAN,NT AUTHORITY\SYSTEM,benign,routine scheduled task
TASK-00781,2026-09-04T19:52:18Z,APP-03,ACME\svc_patch,\Microsoft\Windows\Update\Maintenance,created,cleanmgr.exe /AUTOCLEAN,ACME\svc_patch,benign,routine scheduled task
TASK-00487,2026-09-04T19:53:08Z,APP-03,ACME\kpatel,\Microsoft\Windows\Update\Maintenance,started,UsoClient.exe StartScan,ACME\svc_patch,benign,routine scheduled task
TASK-01732,2026-09-04T20:09:28Z,MGMT-01,NT AUTHORITY\SYSTEM,\Microsoft\Windows\Update\Maintenance,started,powershell.exe -File C:\ACME\Patch\scan.ps1,NT AUTHORITY\SYSTEM,benign,routine scheduled task
TASK-00092,2026-09-04T20:13:40Z,HR-WS-22,ACME\admin.ops,\Microsoft\Windows\DiskCleanup,completed,cleanmgr.exe /AUTOCLEAN,ACME\svc_patch,benign,routine scheduled task
TASK-00744,2026-09-04T20:17:35Z,APP-03,NT AUTHORITY\SYSTEM,\ACME\Patch\DailyScan,started,powershell.exe -File C:\ACME\Patch\scan.ps1,NT AUTHORITY\SYSTEM,benign,routine scheduled task
TASK-01745,2026-09-04T20:30:11Z,APP-03,ACME\kpatel,\Microsoft\Windows\DiskCleanup,completed,powershell.exe -File C:\ACME\Patch\scan.ps1,ACME\svc_patch,benign,routine scheduled task
TASK-00634,2026-09-04T20:31:06Z,JUMP-01,ACME\svc_patch,\ACME\Patch\DailyScan,updated,cleanmgr.exe /AUTOCLEAN,ACME\svc_patch,benign,routine scheduled task
TASK-00431,2026-09-04T20:44:15Z,JUMP-01,ACME\svc_patch,\Microsoft\Windows\DiskCleanup,completed,powershell.exe -File C:\ACME\Patch\scan.ps1,NT AUTHORITY\SYSTEM,benign,routine scheduled task
TASK-00828,2026-09-04T20:45:31Z,HR-WS-22,ACME\admin.ops,\ACME\Patch\DailyScan,completed,UsoClient.exe StartScan,NT AUTHORITY\SYSTEM,benign,routine scheduled task
TASK-01327,2026-09-04T20:45:59Z,APP-03,ACME\kpatel,\Microsoft\Windows\DiskCleanup,created,powershell.exe -File C:\ACME\Patch\scan.ps1,ACME\svc_patch,benign,routine scheduled task
TASK-00040,2026-09-04T21:00:37Z,HR-WS-22,ACME\kpatel,\ACME\Patch\DailyScan,updated,UsoClient.exe StartScan,ACME\svc_patch,benign,routine scheduled task
TASK-01072,2026-09-04T21:05:46Z,HR-WS-22,NT AUTHORITY\SYSTEM,\Microsoft\Windows\DiskCleanup,started,UsoClient.exe StartScan,ACME\svc_patch,benign,routine scheduled task
TASK-01099,2026-09-04T21:06:50Z,DC-01,ACME\kpatel,\Microsoft\Windows\Update\Maintenance,updated,UsoClient.exe StartScan,ACME\svc_patch,benign,routine scheduled task
TASK-00413,2026-09-04T21:14:08Z,FILE-02,ACME\kpatel,\Microsoft\Windows\Update\Maintenance,updated,UsoClient.exe StartScan,ACME\svc_patch,benign,routine scheduled task
TASK-00206,2026-09-04T21:16:37Z,FILE-02,NT AUTHORITY\SYSTEM,\ACME\Patch\DailyScan,updated,cleanmgr.exe /AUTOCLEAN,ACME\svc_patch,benign,routine scheduled task
TASK-00464,2026-09-04T21:25:10Z,FILE-02,ACME\kpatel,\Microsoft\Windows\DiskCleanup,completed,cleanmgr.exe /AUTOCLEAN,ACME\svc_patch,benign,routine scheduled task
TASK-00896,2026-09-04T21:25:28Z,FILE-02,NT AUTHORITY\SYSTEM,\Microsoft\Windows\Update\Maintenance,completed,powershell.exe -File C:\ACME\Patch\scan.ps1,NT AUTHORITY\SYSTEM,benign,routine scheduled task
TASK-01508,2026-09-04T21:31:08Z,DC-01,NT AUTHORITY\SYSTEM,\ACME\Patch\DailyScan,updated,cleanmgr.exe /AUTOCLEAN,ACME\svc_patch,benign,routine scheduled task
TASK-00538,2026-09-04T21:31:13Z,HR-WS-22,ACME\kpatel,\Microsoft\Windows\DiskCleanup,started,powershell.exe -File C:\ACME\Patch\scan.ps1,ACME\svc_patch,benign,routine scheduled task
TASK-00220,2026-09-04T21:35:23Z,HR-WS-22,ACME\jsmith,\Microsoft\Windows\Update\Maintenance,updated,cleanmgr.exe /AUTOCLEAN,ACME\svc_patch,benign,routine scheduled task
TASK-01463,2026-09-04T21:42:38Z,MGMT-01,ACME\admin.ops,\Microsoft\Windows\DiskCleanup,completed,powershell.exe -File C:\ACME\Patch\scan.ps1,NT AUTHORITY\SYSTEM,benign,routine scheduled task
TASK-00172,2026-09-04T21:45:20Z,PATCH-01,ACME\svc_patch,\ACME\Patch\DailyScan,completed,powershell.exe -File C:\ACME\Patch\scan.ps1,NT AUTHORITY\SYSTEM,benign,routine scheduled task
TASK-01260,2026-09-04T21:52:56Z,DC-01,ACME\svc_patch,\Microsoft\Windows\DiskCleanup,completed,UsoClient.exe StartScan,NT AUTHORITY\SYSTEM,benign,routine scheduled task
TASK-00435,2026-09-04T21:56:15Z,MGMT-01,ACME\jsmith,\Microsoft\Windows\Update\Maintenance,started,powershell.exe -File C:\ACME\Patch\scan.ps1,ACME\svc_patch,benign,routine scheduled task
TASK-01148,2026-09-04T22:02:47Z,DC-01,NT AUTHORITY\SYSTEM,\ACME\Patch\DailyScan,updated,powershell.exe -File C:\ACME\Patch\scan.ps1,ACME\svc_patch,benign,routine scheduled task
TASK-01313,2026-09-04T22:04:57Z,FILE-02,NT AUTHORITY\SYSTEM,\ACME\Patch\DailyScan,created,UsoClient.exe StartScan,NT AUTHORITY\SYSTEM,benign,routine scheduled task
TASK-00746,2026-09-04T22:10:48Z,HR-WS-22,ACME\kpatel,\ACME\Patch\DailyScan,completed,UsoClient.exe StartScan,ACME\svc_patch,benign,routine scheduled task
TASK-00398,2026-09-04T22:12:22Z,PATCH-01,ACME\svc_patch,\Microsoft\Windows\Update\Maintenance,updated,UsoClient.exe StartScan,NT AUTHORITY\SYSTEM,benign,routine scheduled task
TASK-01762,2026-09-04T22:15:50Z,FILE-02,ACME\admin.ops,\ACME\Patch\DailyScan,created,cleanmgr.exe /AUTOCLEAN,ACME\svc_patch,benign,routine scheduled task
TASK-00545,2026-09-04T22:28:45Z,DC-01,ACME\admin.ops,\Microsoft\Windows\DiskCleanup,completed,powershell.exe -File C:\ACME\Patch\scan.ps1,ACME\svc_patch,benign,routine scheduled task
TASK-00830,2026-09-04T22:28:57Z,JUMP-01,ACME\jsmith,\Microsoft\Windows\Update\Maintenance,updated,UsoClient.exe StartScan,ACME\svc_patch,benign,routine scheduled task
TASK-00929,2026-09-04T22:29:53Z,HR-WS-22,ACME\jsmith,\ACME\Patch\DailyScan,completed,UsoClient.exe StartScan,ACME\svc_patch,benign,routine scheduled task
TASK-00152,2026-09-04T22:31:30Z,FILE-02,ACME\admin.ops,\ACME\Patch\DailyScan,created,powershell.exe -File C:\ACME\Patch\scan.ps1,NT AUTHORITY\SYSTEM,benign,routine scheduled task
TASK-01347,2026-09-04T22:34:17Z,DC-01,NT AUTHORITY\SYSTEM,\Microsoft\Windows\DiskCleanup,created,cleanmgr.exe /AUTOCLEAN,NT AUTHORITY\SYSTEM,benign,routine scheduled task
TASK-00111,2026-09-04T22:36:22Z,FILE-02,ACME\admin.ops,\Microsoft\Windows\Update\Maintenance,started,cleanmgr.exe /AUTOCLEAN,ACME\svc_patch,benign,routine scheduled task
TASK-00824,2026-09-04T22:37:36Z,HR-WS-22,ACME\kpatel,\Microsoft\Windows\DiskCleanup,updated,UsoClient.exe StartScan,NT AUTHORITY\SYSTEM,benign,routine scheduled task
TASK-01156,2026-09-04T22:40:13Z,APP-03,ACME\svc_patch,\ACME\Patch\DailyScan,updated,cleanmgr.exe /AUTOCLEAN,NT AUTHORITY\SYSTEM,benign,routine scheduled task
TASK-00012,2026-09-04T22:41:18Z,HR-WS-22,ACME\jsmith,\ACME\Patch\DailyScan,created,cleanmgr.exe /AUTOCLEAN,NT AUTHORITY\SYSTEM,benign,routine scheduled task
TASK-01397,2026-09-04T22:46:32Z,FILE-02,ACME\svc_patch,\Microsoft\Windows\DiskCleanup,completed,cleanmgr.exe /AUTOCLEAN,NT AUTHORITY\SYSTEM,benign,routine scheduled task
TASK-01594,2026-09-04T22:49:24Z,APP-03,ACME\admin.ops,\Microsoft\Windows\DiskCleanup,completed,cleanmgr.exe /AUTOCLEAN,NT AUTHORITY\SYSTEM,benign,routine scheduled task
TASK-00735,2026-09-04T22:56:27Z,PATCH-01,ACME\svc_patch,\Microsoft\Windows\Update\Maintenance,started,cleanmgr.exe /AUTOCLEAN,ACME\svc_patch,benign,routine scheduled task
TASK-00178,2026-09-04T23:00:50Z,DC-01,ACME\admin.ops,\ACME\Patch\DailyScan,updated,cleanmgr.exe /AUTOCLEAN,ACME\svc_patch,benign,routine scheduled task
TASK-00986,2026-09-04T23:00:59Z,DC-01,NT AUTHORITY\SYSTEM,\Microsoft\Windows\DiskCleanup,started,cleanmgr.exe /AUTOCLEAN,NT AUTHORITY\SYSTEM,benign,routine scheduled task
TASK-00541,2026-09-04T23:03:42Z,JUMP-01,ACME\jsmith,\Microsoft\Windows\Update\Maintenance,created,cleanmgr.exe /AUTOCLEAN,NT AUTHORITY\SYSTEM,benign,routine scheduled task
TASK-00848,2026-09-04T23:05:00Z,MGMT-01,ACME\kpatel,\Microsoft\Windows\Update\Maintenance,started,powershell.exe -File C:\ACME\Patch\scan.ps1,ACME\svc_patch,benign,routine scheduled task
TASK-00339,2026-09-04T23:07:21Z,PATCH-01,ACME\svc_patch,\Microsoft\Windows\Update\Maintenance,updated,cleanmgr.exe /AUTOCLEAN,ACME\svc_patch,benign,routine scheduled task
TASK-01046,2026-09-04T23:07:39Z,PATCH-01,ACME\admin.ops,\Microsoft\Windows\DiskCleanup,completed,UsoClient.exe StartScan,ACME\svc_patch,benign,routine scheduled task
TASK-00644,2026-09-04T23:09:03Z,JUMP-01,ACME\jsmith,\Microsoft\Windows\DiskCleanup,created,UsoClient.exe StartScan,ACME\svc_patch,benign,routine scheduled task
TASK-01542,2026-09-04T23:13:05Z,JUMP-01,ACME\svc_patch,\Microsoft\Windows\DiskCleanup,completed,cleanmgr.exe /AUTOCLEAN,ACME\svc_patch,benign,routine scheduled task
TASK-00640,2026-09-04T23:14:03Z,PATCH-01,ACME\kpatel,\Microsoft\Windows\DiskCleanup,updated,cleanmgr.exe /AUTOCLEAN,NT AUTHORITY\SYSTEM,benign,routine scheduled task
TASK-00535,2026-09-04T23:16:16Z,FILE-02,ACME\jsmith,\Microsoft\Windows\Update\Maintenance,completed,powershell.exe -File C:\ACME\Patch\scan.ps1,ACME\svc_patch,benign,routine scheduled task
TASK-01376,2026-09-04T23:16:36Z,HR-WS-22,NT AUTHORITY\SYSTEM,\Microsoft\Windows\DiskCleanup,created,UsoClient.exe StartScan,ACME\svc_patch,benign,routine scheduled task
TASK-01295,2026-09-04T23:27:15Z,PATCH-01,ACME\svc_patch,\Microsoft\Windows\Update\Maintenance,updated,cleanmgr.exe /AUTOCLEAN,ACME\svc_patch,benign,routine scheduled task
TASK-01716,2026-09-04T23:33:45Z,JUMP-01,ACME\admin.ops,\Microsoft\Windows\DiskCleanup,started,powershell.exe -File C:\ACME\Patch\scan.ps1,NT AUTHORITY\SYSTEM,benign,routine scheduled task
TASK-00602,2026-09-04T23:33:49Z,MGMT-01,ACME\kpatel,\ACME\Patch\DailyScan,started,powershell.exe -File C:\ACME\Patch\scan.ps1,NT AUTHORITY\SYSTEM,benign,routine scheduled task
TASK-01418,2026-09-04T23:34:54Z,DC-01,ACME\kpatel,\Microsoft\Windows\Update\Maintenance,created,UsoClient.exe StartScan,NT AUTHORITY\SYSTEM,benign,routine scheduled task
TASK-01473,2026-09-04T23:36:37Z,MGMT-01,NT AUTHORITY\SYSTEM,\Microsoft\Windows\DiskCleanup,updated,powershell.exe -File C:\ACME\Patch\scan.ps1,ACME\svc_patch,benign,routine scheduled task
TASK-00740,2026-09-04T23:38:29Z,FILE-02,ACME\svc_patch,\Microsoft\Windows\DiskCleanup,updated,powershell.exe -File C:\ACME\Patch\scan.ps1,NT AUTHORITY\SYSTEM,benign,routine scheduled task
TASK-01451,2026-09-04T23:39:48Z,FILE-02,NT AUTHORITY\SYSTEM,\ACME\Patch\DailyScan,completed,cleanmgr.exe /AUTOCLEAN,NT AUTHORITY\SYSTEM,benign,routine scheduled task
TASK-01319,2026-09-04T23:41:48Z,APP-03,NT AUTHORITY\SYSTEM,\Microsoft\Windows\DiskCleanup,completed,cleanmgr.exe /AUTOCLEAN,NT AUTHORITY\SYSTEM,benign,routine scheduled task
TASK-00512,2026-09-04T23:53:56Z,MGMT-01,ACME\kpatel,\Microsoft\Windows\DiskCleanup,started,powershell.exe -File C:\ACME\Patch\scan.ps1,ACME\svc_patch,benign,routine scheduled task
TASK-01051,2026-09-04T23:54:25Z,APP-03,ACME\svc_patch,\Microsoft\Windows\Update\Maintenance,completed,powershell.exe -File C:\ACME\Patch\scan.ps1,ACME\svc_patch,benign,routine scheduled task
TASK-00601,2026-09-04T23:54:45Z,APP-03,NT AUTHORITY\SYSTEM,\Microsoft\Windows\DiskCleanup,updated,cleanmgr.exe /AUTOCLEAN,ACME\svc_patch,benign,routine scheduled task
TASK-01334,2026-09-05T00:00:34Z,HR-WS-22,ACME\svc_patch,\ACME\Patch\DailyScan,created,cleanmgr.exe /AUTOCLEAN,ACME\svc_patch,benign,routine scheduled task
TASK-00444,2026-09-05T00:01:50Z,APP-03,ACME\kpatel,\ACME\Patch\DailyScan,completed,powershell.exe -File C:\ACME\Patch\scan.ps1,ACME\svc_patch,benign,routine scheduled task
TASK-00858,2026-09-05T00:14:29Z,JUMP-01,ACME\svc_patch,\Microsoft\Windows\Update\Maintenance,started,cleanmgr.exe /AUTOCLEAN,ACME\svc_patch,benign,routine scheduled task
TASK-01384,2026-09-05T00:22:03Z,JUMP-01,ACME\jsmith,\Microsoft\Windows\DiskCleanup,updated,cleanmgr.exe /AUTOCLEAN,NT AUTHORITY\SYSTEM,benign,routine scheduled task
TASK-01155,2026-09-05T00:22:16Z,HR-WS-22,ACME\kpatel,\ACME\Patch\DailyScan,started,UsoClient.exe StartScan,ACME\svc_patch,benign,routine scheduled task
TASK-00376,2026-09-05T00:26:51Z,MGMT-01,ACME\svc_patch,\Microsoft\Windows\DiskCleanup,started,UsoClient.exe StartScan,ACME\svc_patch,benign,routine scheduled task
TASK-01093,2026-09-05T00:34:39Z,DC-01,ACME\admin.ops,\Microsoft\Windows\DiskCleanup,started,cleanmgr.exe /AUTOCLEAN,NT AUTHORITY\SYSTEM,benign,routine scheduled task
TASK-00992,2026-09-05T00:40:34Z,FILE-02,ACME\jsmith,\ACME\Patch\DailyScan,updated,UsoClient.exe StartScan,ACME\svc_patch,benign,routine scheduled task
TASK-00869,2026-09-05T00:44:19Z,MGMT-01,ACME\kpatel,\Microsoft\Windows\Update\Maintenance,updated,cleanmgr.exe /AUTOCLEAN,NT AUTHORITY\SYSTEM,benign,routine scheduled task
TASK-00381,2026-09-05T00:44:51Z,PATCH-01,ACME\admin.ops,\Microsoft\Windows\DiskCleanup,completed,cleanmgr.exe /AUTOCLEAN,NT AUTHORITY\SYSTEM,benign,routine scheduled task
TASK-01739,2026-09-05T00:57:39Z,APP-03,ACME\admin.ops,\ACME\Patch\DailyScan,updated,UsoClient.exe StartScan,ACME\svc_patch,benign,routine scheduled task
TASK-00038,2026-09-05T01:06:45Z,HR-WS-22,ACME\svc_patch,\Microsoft\Windows\Update\Maintenance,created,cleanmgr.exe /AUTOCLEAN,ACME\svc_patch,benign,routine scheduled task
TASK-00706,2026-09-05T01:11:47Z,FILE-02,ACME\admin.ops,\Microsoft\Windows\Update\Maintenance,updated,cleanmgr.exe /AUTOCLEAN,NT AUTHORITY\SYSTEM,benign,routine scheduled task
TASK-01302,2026-09-05T01:15:50Z,FILE-02,ACME\jsmith,\Microsoft\Windows\Update\Maintenance,updated,cleanmgr.exe /AUTOCLEAN,ACME\svc_patch,benign,routine scheduled task
TASK-01426,2026-09-05T01:16:49Z,DC-01,ACME\kpatel,\ACME\Patch\DailyScan,started,cleanmgr.exe /AUTOCLEAN,NT AUTHORITY\SYSTEM,benign,routine scheduled task
TASK-00682,2026-09-05T01:24:49Z,MGMT-01,ACME\svc_patch,\Microsoft\Windows\Update\Maintenance,updated,powershell.exe -File C:\ACME\Patch\scan.ps1,NT AUTHORITY\SYSTEM,benign,routine scheduled task
TASK-00982,2026-09-05T01:25:04Z,APP-03,ACME\admin.ops,\ACME\Patch\DailyScan,created,powershell.exe -File C:\ACME\Patch\scan.ps1,ACME\svc_patch,benign,routine scheduled task
TASK-01548,2026-09-05T01:29:13Z,JUMP-01,ACME\admin.ops,\ACME\Patch\DailyScan,created,UsoClient.exe StartScan,NT AUTHORITY\SYSTEM,benign,routine scheduled task
TASK-00543,2026-09-05T01:51:29Z,PATCH-01,NT AUTHORITY\SYSTEM,\Microsoft\Windows\DiskCleanup,updated,UsoClient.exe StartScan,NT AUTHORITY\SYSTEM,benign,routine scheduled task
TASK-01174,2026-09-05T01:52:47Z,APP-03,NT AUTHORITY\SYSTEM,\Microsoft\Windows\Update\Maintenance,created,cleanmgr.exe /AUTOCLEAN,ACME\svc_patch,benign,routine scheduled task
TASK-01336,2026-09-05T02:04:47Z,DC-01,ACME\svc_patch,\ACME\Patch\DailyScan,created,powershell.exe -File C:\ACME\Patch\scan.ps1,ACME\svc_patch,benign,routine scheduled task
TASK-00293,2026-09-05T02:05:06Z,PATCH-01,ACME\svc_patch,\Microsoft\Windows\DiskCleanup,created,powershell.exe -File C:\ACME\Patch\scan.ps1,NT AUTHORITY\SYSTEM,benign,routine scheduled task
TASK-01597,2026-09-05T02:06:22Z,APP-03,NT AUTHORITY\SYSTEM,\ACME\Patch\DailyScan,created,cleanmgr.exe /AUTOCLEAN,NT AUTHORITY\SYSTEM,benign,routine scheduled task
TASK-00367,2026-09-05T02:07:47Z,APP-03,ACME\jsmith,\Microsoft\Windows\DiskCleanup,updated,powershell.exe -File C:\ACME\Patch\scan.ps1,NT AUTHORITY\SYSTEM,benign,routine scheduled task
TASK-01104,2026-09-05T02:15:03Z,DC-01,ACME\admin.ops,\Microsoft\Windows\Update\Maintenance,completed,UsoClient.exe StartScan,NT AUTHORITY\SYSTEM,benign,routine scheduled task
TASK-01363,2026-09-05T02:15:34Z,DC-01,ACME\admin.ops,\ACME\Patch\DailyScan,updated,powershell.exe -File C:\ACME\Patch\scan.ps1,ACME\svc_patch,benign,routine scheduled task
TASK-01778,2026-09-05T02:19:19Z,FILE-02,ACME\admin.ops,\Microsoft\Windows\DiskCleanup,started,powershell.exe -File C:\ACME\Patch\scan.ps1,ACME\svc_patch,benign,routine scheduled task
TASK-01172,2026-09-05T02:24:54Z,MGMT-01,ACME\svc_patch,\Microsoft\Windows\DiskCleanup,updated,powershell.exe -File C:\ACME\Patch\scan.ps1,NT AUTHORITY\SYSTEM,benign,routine scheduled task
TASK-00316,2026-09-05T02:25:48Z,HR-WS-22,NT AUTHORITY\SYSTEM,\Microsoft\Windows\DiskCleanup,started,cleanmgr.exe /AUTOCLEAN,NT AUTHORITY\SYSTEM,benign,routine scheduled task
TASK-00017,2026-09-05T02:28:28Z,HR-WS-22,ACME\svc_patch,\ACME\Patch\DailyScan,updated,powershell.exe -File C:\ACME\Patch\scan.ps1,ACME\svc_patch,benign,routine scheduled task
TASK-00856,2026-09-05T02:28:39Z,HR-WS-22,NT AUTHORITY\SYSTEM,\Microsoft\Windows\Update\Maintenance,completed,cleanmgr.exe /AUTOCLEAN,ACME\svc_patch,benign,routine scheduled task
TASK-00073,2026-09-05T02:31:48Z,FILE-02,NT AUTHORITY\SYSTEM,\ACME\Patch\DailyScan,completed,UsoClient.exe StartScan,ACME\svc_patch,benign,routine scheduled task
TASK-00269,2026-09-05T02:36:37Z,FILE-02,ACME\jsmith,\Microsoft\Windows\DiskCleanup,completed,powershell.exe -File C:\ACME\Patch\scan.ps1,NT AUTHORITY\SYSTEM,benign,routine scheduled task
TASK-01317,2026-09-05T02:37:20Z,APP-03,ACME\jsmith,\Microsoft\Windows\DiskCleanup,created,cleanmgr.exe /AUTOCLEAN,NT AUTHORITY\SYSTEM,benign,routine scheduled task
TASK-00509,2026-09-05T02:38:58Z,MGMT-01,ACME\jsmith,\Microsoft\Windows\Update\Maintenance,updated,UsoClient.exe StartScan,NT AUTHORITY\SYSTEM,benign,routine scheduled task
TASK-01071,2026-09-05T02:40:06Z,HR-WS-22,ACME\admin.ops,\ACME\Patch\DailyScan,updated,cleanmgr.exe /AUTOCLEAN,NT AUTHORITY\SYSTEM,benign,routine scheduled task
TASK-00276,2026-09-05T02:40:16Z,HR-WS-22,ACME\svc_patch,\ACME\Patch\DailyScan,created,UsoClient.exe StartScan,NT AUTHORITY\SYSTEM,benign,routine scheduled task
TASK-00136,2026-09-05T02:40:17Z,HR-WS-22,ACME\admin.ops,\Microsoft\Windows\DiskCleanup,updated,cleanmgr.exe /AUTOCLEAN,NT AUTHORITY\SYSTEM,benign,routine scheduled task
TASK-00427,2026-09-05T02:41:01Z,HR-WS-22,ACME\jsmith,\Microsoft\Windows\Update\Maintenance,started,powershell.exe -File C:\ACME\Patch\scan.ps1,ACME\svc_patch,benign,routine scheduled task
TASK-01190,2026-09-05T02:48:49Z,FILE-02,ACME\kpatel,\Microsoft\Windows\DiskCleanup,completed,cleanmgr.exe /AUTOCLEAN,ACME\svc_patch,benign,routine scheduled task
TASK-00978,2026-09-05T02:49:03Z,MGMT-01,ACME\svc_patch,\Microsoft\Windows\Update\Maintenance,started,cleanmgr.exe /AUTOCLEAN,ACME\svc_patch,benign,routine scheduled task
TASK-01187,2026-09-05T02:54:44Z,JUMP-01,ACME\admin.ops,\ACME\Patch\DailyScan,created,UsoClient.exe StartScan,ACME\svc_patch,benign,routine scheduled task
TASK-01682,2026-09-05T02:55:39Z,JUMP-01,ACME\jsmith,\ACME\Patch\DailyScan,created,UsoClient.exe StartScan,ACME\svc_patch,benign,routine scheduled task
TASK-00970,2026-09-05T03:00:01Z,MGMT-01,NT AUTHORITY\SYSTEM,\Microsoft\Windows\Update\Maintenance,created,cleanmgr.exe /AUTOCLEAN,ACME\svc_patch,benign,routine scheduled task
TASK-01175,2026-09-05T03:03:14Z,JUMP-01,ACME\jsmith,\Microsoft\Windows\Update\Maintenance,updated,UsoClient.exe StartScan,ACME\svc_patch,benign,routine scheduled task
TASK-00773,2026-09-05T03:07:28Z,MGMT-01,NT AUTHORITY\SYSTEM,\ACME\Patch\DailyScan,created,UsoClient.exe StartScan,ACME\svc_patch,benign,routine scheduled task
TASK-00884,2026-09-05T03:10:48Z,PATCH-01,ACME\kpatel,\Microsoft\Windows\DiskCleanup,updated,UsoClient.exe StartScan,ACME\svc_patch,benign,routine scheduled task
TASK-00998,2026-09-05T03:11:04Z,HR-WS-22,ACME\jsmith,\ACME\Patch\DailyScan,started,cleanmgr.exe /AUTOCLEAN,ACME\svc_patch,benign,routine scheduled task
TASK-01252,2026-09-05T03:13:23Z,FILE-02,ACME\jsmith,\ACME\Patch\DailyScan,updated,UsoClient.exe StartScan,NT AUTHORITY\SYSTEM,benign,routine scheduled task
TASK-00759,2026-09-05T03:14:41Z,DC-01,ACME\kpatel,\Microsoft\Windows\DiskCleanup,started,UsoClient.exe StartScan,ACME\svc_patch,benign,routine scheduled task
TASK-00353,2026-09-05T03:15:42Z,MGMT-01,ACME\admin.ops,\Microsoft\Windows\Update\Maintenance,completed,UsoClient.exe StartScan,ACME\svc_patch,benign,routine scheduled task
TASK-00253,2026-09-05T03:20:29Z,FILE-02,NT AUTHORITY\SYSTEM,\Microsoft\Windows\Update\Maintenance,created,UsoClient.exe StartScan,NT AUTHORITY\SYSTEM,benign,routine scheduled task
TASK-00436,2026-09-05T03:22:27Z,APP-03,ACME\admin.ops,\Microsoft\Windows\Update\Maintenance,completed,powershell.exe -File C:\ACME\Patch\scan.ps1,NT AUTHORITY\SYSTEM,benign,routine scheduled task
TASK-01435,2026-09-05T03:22:32Z,PATCH-01,ACME\kpatel,\ACME\Patch\DailyScan,started,UsoClient.exe StartScan,ACME\svc_patch,benign,routine scheduled task
TASK-01398,2026-09-05T03:26:28Z,DC-01,NT AUTHORITY\SYSTEM,\Microsoft\Windows\DiskCleanup,started,cleanmgr.exe /AUTOCLEAN,NT AUTHORITY\SYSTEM,benign,routine scheduled task
TASK-01595,2026-09-05T03:26:33Z,DC-01,NT AUTHORITY\SYSTEM,\Microsoft\Windows\DiskCleanup,updated,cleanmgr.exe /AUTOCLEAN,ACME\svc_patch,benign,routine scheduled task
TASK-00451,2026-09-05T03:34:11Z,PATCH-01,ACME\admin.ops,\Microsoft\Windows\Update\Maintenance,updated,UsoClient.exe StartScan,ACME\svc_patch,benign,routine scheduled task
TASK-00949,2026-09-05T03:34:58Z,APP-03,ACME\admin.ops,\Microsoft\Windows\Update\Maintenance,started,cleanmgr.exe /AUTOCLEAN,NT AUTHORITY\SYSTEM,benign,routine scheduled task
TASK-00373,2026-09-05T03:35:25Z,DC-01,ACME\kpatel,\Microsoft\Windows\DiskCleanup,completed,powershell.exe -File C:\ACME\Patch\scan.ps1,ACME\svc_patch,benign,routine scheduled task
TASK-00126,2026-09-05T03:47:48Z,JUMP-01,ACME\jsmith,\Microsoft\Windows\Update\Maintenance,updated,powershell.exe -File C:\ACME\Patch\scan.ps1,ACME\svc_patch,benign,routine scheduled task
TASK-01711,2026-09-05T03:49:02Z,APP-03,ACME\admin.ops,\Microsoft\Windows\DiskCleanup,updated,cleanmgr.exe /AUTOCLEAN,ACME\svc_patch,benign,routine scheduled task
TASK-01462,2026-09-05T03:52:34Z,APP-03,ACME\svc_patch,\Microsoft\Windows\Update\Maintenance,created,powershell.exe -File C:\ACME\Patch\scan.ps1,ACME\svc_patch,benign,routine scheduled task
TASK-01056,2026-09-05T03:53:35Z,JUMP-01,NT AUTHORITY\SYSTEM,\Microsoft\Windows\Update\Maintenance,created,cleanmgr.exe /AUTOCLEAN,ACME\svc_patch,benign,routine scheduled task
TASK-00883,2026-09-05T03:54:13Z,HR-WS-22,ACME\jsmith,\Microsoft\Windows\DiskCleanup,completed,cleanmgr.exe /AUTOCLEAN,NT AUTHORITY\SYSTEM,benign,routine scheduled task
TASK-00709,2026-09-05T03:54:47Z,HR-WS-22,ACME\svc_patch,\ACME\Patch\DailyScan,completed,powershell.exe -File C:\ACME\Patch\scan.ps1,ACME\svc_patch,benign,routine scheduled task
TASK-00033,2026-09-05T03:56:17Z,MGMT-01,ACME\svc_patch,\Microsoft\Windows\Update\Maintenance,updated,cleanmgr.exe /AUTOCLEAN,NT AUTHORITY\SYSTEM,benign,routine scheduled task
TASK-00180,2026-09-05T03:59:37Z,FILE-02,ACME\jsmith,\Microsoft\Windows\DiskCleanup,started,cleanmgr.exe /AUTOCLEAN,ACME\svc_patch,benign,routine scheduled task
TASK-01218,2026-09-05T04:01:17Z,FILE-02,ACME\admin.ops,\ACME\Patch\DailyScan,updated,cleanmgr.exe /AUTOCLEAN,NT AUTHORITY\SYSTEM,benign,routine scheduled task
TASK-01741,2026-09-05T04:02:13Z,MGMT-01,ACME\svc_patch,\Microsoft\Windows\Update\Maintenance,updated,UsoClient.exe StartScan,NT AUTHORITY\SYSTEM,benign,routine scheduled task
TASK-00231,2026-09-05T04:04:12Z,APP-03,ACME\svc_patch,\ACME\Patch\DailyScan,completed,cleanmgr.exe /AUTOCLEAN,NT AUTHORITY\SYSTEM,benign,routine scheduled task
TASK-00972,2026-09-05T04:13:09Z,APP-03,ACME\jsmith,\Microsoft\Windows\Update\Maintenance,updated,cleanmgr.exe /AUTOCLEAN,NT AUTHORITY\SYSTEM,benign,routine scheduled task
TASK-00718,2026-09-05T04:30:59Z,HR-WS-22,ACME\jsmith,\Microsoft\Windows\DiskCleanup,completed,cleanmgr.exe /AUTOCLEAN,ACME\svc_patch,benign,routine scheduled task
TASK-00066,2026-09-05T04:32:13Z,FILE-02,ACME\kpatel,\ACME\Patch\DailyScan,updated,UsoClient.exe StartScan,ACME\svc_patch,benign,routine scheduled task
TASK-00791,2026-09-05T04:34:43Z,PATCH-01,ACME\svc_patch,\Microsoft\Windows\DiskCleanup,updated,powershell.exe -File C:\ACME\Patch\scan.ps1,ACME\svc_patch,benign,routine scheduled task
TASK-00043,2026-09-05T04:35:24Z,PATCH-01,NT AUTHORITY\SYSTEM,\Microsoft\Windows\DiskCleanup,updated,cleanmgr.exe /AUTOCLEAN,ACME\svc_patch,benign,routine scheduled task
TASK-00060,2026-09-05T04:37:12Z,MGMT-01,ACME\jsmith,\Microsoft\Windows\DiskCleanup,updated,cleanmgr.exe /AUTOCLEAN,NT AUTHORITY\SYSTEM,benign,routine scheduled task
TASK-00927,2026-09-05T04:39:45Z,PATCH-01,ACME\jsmith,\Microsoft\Windows\Update\Maintenance,started,UsoClient.exe StartScan,NT AUTHORITY\SYSTEM,benign,routine scheduled task
TASK-01272,2026-09-05T04:45:27Z,DC-01,ACME\kpatel,\Microsoft\Windows\DiskCleanup,updated,cleanmgr.exe /AUTOCLEAN,NT AUTHORITY\SYSTEM,benign,routine scheduled task
TASK-01066,2026-09-05T04:48:39Z,MGMT-01,ACME\svc_patch,\Microsoft\Windows\DiskCleanup,created,powershell.exe -File C:\ACME\Patch\scan.ps1,NT AUTHORITY\SYSTEM,benign,routine scheduled task
TASK-00443,2026-09-05T05:01:59Z,PATCH-01,ACME\kpatel,\Microsoft\Windows\Update\Maintenance,updated,powershell.exe -File C:\ACME\Patch\scan.ps1,ACME\svc_patch,benign,routine scheduled task
TASK-00164,2026-09-05T05:03:28Z,MGMT-01,ACME\jsmith,\Microsoft\Windows\Update\Maintenance,started,cleanmgr.exe /AUTOCLEAN,NT AUTHORITY\SYSTEM,benign,routine scheduled task
TASK-01495,2026-09-05T05:04:54Z,MGMT-01,NT AUTHORITY\SYSTEM,\Microsoft\Windows\DiskCleanup,created,powershell.exe -File C:\ACME\Patch\scan.ps1,ACME\svc_patch,benign,routine scheduled task
TASK-00115,2026-09-05T05:05:01Z,FILE-02,ACME\kpatel,\Microsoft\Windows\Update\Maintenance,created,UsoClient.exe StartScan,ACME\svc_patch,benign,routine scheduled task
TASK-00475,2026-09-05T05:10:06Z,JUMP-01,ACME\admin.ops,\Microsoft\Windows\DiskCleanup,completed,cleanmgr.exe /AUTOCLEAN,NT AUTHORITY\SYSTEM,benign,routine scheduled task
TASK-01652,2026-09-05T05:11:27Z,PATCH-01,ACME\jsmith,\ACME\Patch\DailyScan,started,powershell.exe -File C:\ACME\Patch\scan.ps1,ACME\svc_patch,benign,routine scheduled task
TASK-01182,2026-09-05T05:12:17Z,HR-WS-22,ACME\svc_patch,\ACME\Patch\DailyScan,updated,cleanmgr.exe /AUTOCLEAN,NT AUTHORITY\SYSTEM,benign,routine scheduled task
TASK-01621,2026-09-05T05:15:08Z,DC-01,ACME\jsmith,\Microsoft\Windows\Update\Maintenance,completed,powershell.exe -File C:\ACME\Patch\scan.ps1,ACME\svc_patch,benign,routine scheduled task
TASK-01018,2026-09-05T05:16:12Z,JUMP-01,NT AUTHORITY\SYSTEM,\ACME\Patch\DailyScan,created,UsoClient.exe StartScan,NT AUTHORITY\SYSTEM,benign,routine scheduled task
TASK-00695,2026-09-05T05:18:15Z,JUMP-01,ACME\kpatel,\ACME\Patch\DailyScan,created,UsoClient.exe StartScan,NT AUTHORITY\SYSTEM,benign,routine scheduled task
TASK-00375,2026-09-05T05:25:01Z,JUMP-01,ACME\jsmith,\Microsoft\Windows\DiskCleanup,created,powershell.exe -File C:\ACME\Patch\scan.ps1,NT AUTHORITY\SYSTEM,benign,routine scheduled task
TASK-01157,2026-09-05T05:29:41Z,MGMT-01,ACME\svc_patch,\Microsoft\Windows\Update\Maintenance,updated,powershell.exe -File C:\ACME\Patch\scan.ps1,NT AUTHORITY\SYSTEM,benign,routine scheduled task
TASK-00837,2026-09-05T05:30:29Z,FILE-02,ACME\svc_patch,\Microsoft\Windows\DiskCleanup,started,powershell.exe -File C:\ACME\Patch\scan.ps1,ACME\svc_patch,benign,routine scheduled task
TASK-01708,2026-09-05T05:31:04Z,APP-03,NT AUTHORITY\SYSTEM,\Microsoft\Windows\Update\Maintenance,started,cleanmgr.exe /AUTOCLEAN,NT AUTHORITY\SYSTEM,benign,routine scheduled task
TASK-00359,2026-09-05T05:32:03Z,APP-03,ACME\admin.ops,\Microsoft\Windows\DiskCleanup,completed,UsoClient.exe StartScan,NT AUTHORITY\SYSTEM,benign,routine scheduled task
TASK-01242,2026-09-05T05:36:24Z,APP-03,ACME\jsmith,\Microsoft\Windows\DiskCleanup,updated,powershell.exe -File C:\ACME\Patch\scan.ps1,NT AUTHORITY\SYSTEM,benign,routine scheduled task
TASK-01794,2026-09-05T05:36:43Z,DC-01,ACME\admin.ops,\Microsoft\Windows\DiskCleanup,started,powershell.exe -File C:\ACME\Patch\scan.ps1,ACME\svc_patch,benign,routine scheduled task
TASK-00628,2026-09-05T05:43:10Z,FILE-02,ACME\svc_patch,\Microsoft\Windows\Update\Maintenance,updated,powershell.exe -File C:\ACME\Patch\scan.ps1,ACME\svc_patch,benign,routine scheduled task
TASK-00319,2026-09-05T05:45:41Z,APP-03,NT AUTHORITY\SYSTEM,\ACME\Patch\DailyScan,updated,cleanmgr.exe /AUTOCLEAN,NT AUTHORITY\SYSTEM,benign,routine scheduled task
TASK-00915,2026-09-05T05:51:24Z,DC-01,ACME\jsmith,\Microsoft\Windows\DiskCleanup,updated,UsoClient.exe StartScan,ACME\svc_patch,benign,routine scheduled task
TASK-01011,2026-09-05T05:56:39Z,APP-03,ACME\admin.ops,\Microsoft\Windows\DiskCleanup,updated,powershell.exe -File C:\ACME\Patch\scan.ps1,ACME\svc_patch,benign,routine scheduled task
TASK-01656,2026-09-05T05:58:16Z,FILE-02,ACME\svc_patch,\Microsoft\Windows\DiskCleanup,updated,UsoClient.exe StartScan,ACME\svc_patch,benign,routine scheduled task
TASK-01038,2026-09-05T06:03:56Z,JUMP-01,NT AUTHORITY\SYSTEM,\Microsoft\Windows\DiskCleanup,created,cleanmgr.exe /AUTOCLEAN,ACME\svc_patch,benign,routine scheduled task
TASK-00730,2026-09-05T06:04:37Z,HR-WS-22,ACME\svc_patch,\Microsoft\Windows\Update\Maintenance,started,cleanmgr.exe /AUTOCLEAN,ACME\svc_patch,benign,routine scheduled task
TASK-00304,2026-09-05T06:08:35Z,DC-01,ACME\kpatel,\ACME\Patch\DailyScan,created,UsoClient.exe StartScan,ACME\svc_patch,benign,routine scheduled task
TASK-00102,2026-09-05T06:17:44Z,JUMP-01,ACME\jsmith,\Microsoft\Windows\Update\Maintenance,started,powershell.exe -File C:\ACME\Patch\scan.ps1,ACME\svc_patch,benign,routine scheduled task
TASK-00388,2026-09-05T06:28:02Z,MGMT-01,ACME\svc_patch,\ACME\Patch\DailyScan,created,UsoClient.exe StartScan,ACME\svc_patch,benign,routine scheduled task
TASK-00346,2026-09-05T06:37:16Z,MGMT-01,ACME\jsmith,\ACME\Patch\DailyScan,updated,powershell.exe -File C:\ACME\Patch\scan.ps1,ACME\svc_patch,benign,routine scheduled task
TASK-01642,2026-09-05T06:45:42Z,PATCH-01,ACME\admin.ops,\Microsoft\Windows\DiskCleanup,started,cleanmgr.exe /AUTOCLEAN,NT AUTHORITY\SYSTEM,benign,routine scheduled task
TASK-00871,2026-09-05T07:02:34Z,PATCH-01,ACME\svc_patch,\Microsoft\Windows\DiskCleanup,updated,UsoClient.exe StartScan,ACME\svc_patch,benign,routine scheduled task
TASK-00204,2026-09-05T07:11:16Z,JUMP-01,ACME\kpatel,\ACME\Patch\DailyScan,created,cleanmgr.exe /AUTOCLEAN,NT AUTHORITY\SYSTEM,benign,routine scheduled task
TASK-01144,2026-09-05T07:13:06Z,FILE-02,ACME\jsmith,\Microsoft\Windows\DiskCleanup,updated,cleanmgr.exe /AUTOCLEAN,ACME\svc_patch,benign,routine scheduled task
TASK-01730,2026-09-05T07:14:57Z,MGMT-01,ACME\jsmith,\ACME\Patch\DailyScan,updated,UsoClient.exe StartScan,ACME\svc_patch,benign,routine scheduled task
TASK-00039,2026-09-05T07:19:00Z,PATCH-01,ACME\kpatel,\Microsoft\Windows\Update\Maintenance,created,cleanmgr.exe /AUTOCLEAN,ACME\svc_patch,benign,routine scheduled task
TASK-01297,2026-09-05T07:21:38Z,FILE-02,ACME\admin.ops,\Microsoft\Windows\Update\Maintenance,completed,powershell.exe -File C:\ACME\Patch\scan.ps1,NT AUTHORITY\SYSTEM,benign,routine scheduled task
TASK-01514,2026-09-05T07:23:19Z,JUMP-01,NT AUTHORITY\SYSTEM,\ACME\Patch\DailyScan,completed,powershell.exe -File C:\ACME\Patch\scan.ps1,NT AUTHORITY\SYSTEM,benign,routine scheduled task
TASK-00850,2026-09-05T07:40:55Z,MGMT-01,NT AUTHORITY\SYSTEM,\Microsoft\Windows\Update\Maintenance,completed,powershell.exe -File C:\ACME\Patch\scan.ps1,ACME\svc_patch,benign,routine scheduled task
TASK-00477,2026-09-05T07:51:39Z,FILE-02,ACME\jsmith,\Microsoft\Windows\Update\Maintenance,completed,powershell.exe -File C:\ACME\Patch\scan.ps1,ACME\svc_patch,benign,routine scheduled task
TASK-00733,2026-09-05T07:51:47Z,HR-WS-22,ACME\jsmith,\Microsoft\Windows\Update\Maintenance,started,cleanmgr.exe /AUTOCLEAN,NT AUTHORITY\SYSTEM,benign,routine scheduled task
TASK-01404,2026-09-05T07:54:05Z,MGMT-01,ACME\kpatel,\Microsoft\Windows\DiskCleanup,updated,powershell.exe -File C:\ACME\Patch\scan.ps1,ACME\svc_patch,benign,routine scheduled task
TASK-00753,2026-09-05T07:55:15Z,MGMT-01,ACME\admin.ops,\Microsoft\Windows\DiskCleanup,completed,powershell.exe -File C:\ACME\Patch\scan.ps1,NT AUTHORITY\SYSTEM,benign,routine scheduled task
TASK-01125,2026-09-05T08:01:54Z,JUMP-01,ACME\svc_patch,\Microsoft\Windows\Update\Maintenance,started,cleanmgr.exe /AUTOCLEAN,ACME\svc_patch,benign,routine scheduled task
TASK-01004,2026-09-05T08:08:01Z,FILE-02,ACME\svc_patch,\Microsoft\Windows\Update\Maintenance,started,cleanmgr.exe /AUTOCLEAN,NT AUTHORITY\SYSTEM,benign,routine scheduled task
TASK-00969,2026-09-05T08:24:09Z,PATCH-01,ACME\jsmith,\ACME\Patch\DailyScan,completed,cleanmgr.exe /AUTOCLEAN,ACME\svc_patch,benign,routine scheduled task
TASK-01764,2026-09-05T08:25:08Z,PATCH-01,ACME\jsmith,\Microsoft\Windows\Update\Maintenance,created,UsoClient.exe StartScan,NT AUTHORITY\SYSTEM,benign,routine scheduled task
TASK-01707,2026-09-05T08:25:40Z,APP-03,NT AUTHORITY\SYSTEM,\Microsoft\Windows\Update\Maintenance,started,UsoClient.exe StartScan,NT AUTHORITY\SYSTEM,benign,routine scheduled task
TASK-00414,2026-09-05T08:26:26Z,JUMP-01,ACME\kpatel,\Microsoft\Windows\Update\Maintenance,created,powershell.exe -File C:\ACME\Patch\scan.ps1,ACME\svc_patch,benign,routine scheduled task
TASK-00780,2026-09-05T08:31:15Z,APP-03,NT AUTHORITY\SYSTEM,\ACME\Patch\DailyScan,completed,UsoClient.exe StartScan,ACME\svc_patch,benign,routine scheduled task
TASK-00492,2026-09-05T08:40:18Z,MGMT-01,ACME\jsmith,\Microsoft\Windows\Update\Maintenance,started,cleanmgr.exe /AUTOCLEAN,NT AUTHORITY\SYSTEM,benign,routine scheduled task
TASK-00094,2026-09-05T08:41:19Z,JUMP-01,ACME\kpatel,\Microsoft\Windows\DiskCleanup,started,powershell.exe -File C:\ACME\Patch\scan.ps1,NT AUTHORITY\SYSTEM,benign,routine scheduled task
TASK-01116,2026-09-05T08:43:15Z,JUMP-01,NT AUTHORITY\SYSTEM,\Microsoft\Windows\DiskCleanup,created,UsoClient.exe StartScan,NT AUTHORITY\SYSTEM,benign,routine scheduled task
TASK-01160,2026-09-05T08:47:55Z,APP-03,ACME\jsmith,\ACME\Patch\DailyScan,created,powershell.exe -File C:\ACME\Patch\scan.ps1,ACME\svc_patch,benign,routine scheduled task
TASK-00420,2026-09-05T08:49:35Z,APP-03,NT AUTHORITY\SYSTEM,\Microsoft\Windows\DiskCleanup,updated,cleanmgr.exe /AUTOCLEAN,ACME\svc_patch,benign,routine scheduled task
TASK-01547,2026-09-05T08:50:34Z,PATCH-01,ACME\svc_patch,\Microsoft\Windows\Update\Maintenance,created,powershell.exe -File C:\ACME\Patch\scan.ps1,ACME\svc_patch,benign,routine scheduled task
TASK-00676,2026-09-05T08:54:04Z,FILE-02,ACME\kpatel,\ACME\Patch\DailyScan,created,cleanmgr.exe /AUTOCLEAN,ACME\svc_patch,benign,routine scheduled task
TASK-00337,2026-09-05T08:55:14Z,JUMP-01,NT AUTHORITY\SYSTEM,\Microsoft\Windows\DiskCleanup,completed,UsoClient.exe StartScan,ACME\svc_patch,benign,routine scheduled task
TASK-00517,2026-09-05T08:58:44Z,JUMP-01,ACME\admin.ops,\ACME\Patch\DailyScan,updated,cleanmgr.exe /AUTOCLEAN,ACME\svc_patch,benign,routine scheduled task
TASK-01167,2026-09-05T08:59:42Z,DC-01,ACME\kpatel,\ACME\Patch\DailyScan,started,cleanmgr.exe /AUTOCLEAN,ACME\svc_patch,benign,routine scheduled task
TASK-01767,2026-09-05T09:06:08Z,FILE-02,ACME\admin.ops,\ACME\Patch\DailyScan,updated,UsoClient.exe StartScan,ACME\svc_patch,benign,routine scheduled task
TASK-00662,2026-09-05T09:08:15Z,JUMP-01,ACME\jsmith,\Microsoft\Windows\Update\Maintenance,completed,powershell.exe -File C:\ACME\Patch\scan.ps1,NT AUTHORITY\SYSTEM,benign,routine scheduled task
TASK-01684,2026-09-05T09:13:19Z,FILE-02,ACME\kpatel,\ACME\Patch\DailyScan,started,cleanmgr.exe /AUTOCLEAN,NT AUTHORITY\SYSTEM,benign,routine scheduled task
TASK-00776,2026-09-05T09:19:40Z,PATCH-01,ACME\kpatel,\ACME\Patch\DailyScan,started,powershell.exe -File C:\ACME\Patch\scan.ps1,ACME\svc_patch,benign,routine scheduled task
TASK-01204,2026-09-05T09:22:48Z,PATCH-01,NT AUTHORITY\SYSTEM,\ACME\Patch\DailyScan,created,cleanmgr.exe /AUTOCLEAN,NT AUTHORITY\SYSTEM,benign,routine scheduled task
TASK-01352,2026-09-05T09:24:14Z,JUMP-01,NT AUTHORITY\SYSTEM,\ACME\Patch\DailyScan,created,powershell.exe -File C:\ACME\Patch\scan.ps1,ACME\svc_patch,benign,routine scheduled task
TASK-00358,2026-09-05T09:27:30Z,MGMT-01,ACME\admin.ops,\ACME\Patch\DailyScan,updated,powershell.exe -File C:\ACME\Patch\scan.ps1,NT AUTHORITY\SYSTEM,benign,routine scheduled task
TASK-01538,2026-09-05T09:28:51Z,JUMP-01,ACME\admin.ops,\Microsoft\Windows\Update\Maintenance,updated,cleanmgr.exe /AUTOCLEAN,NT AUTHORITY\SYSTEM,benign,routine scheduled task
TASK-00952,2026-09-05T09:32:05Z,DC-01,ACME\jsmith,\ACME\Patch\DailyScan,started,powershell.exe -File C:\ACME\Patch\scan.ps1,ACME\svc_patch,benign,routine scheduled task
TASK-00374,2026-09-05T09:35:42Z,APP-03,ACME\kpatel,\ACME\Patch\DailyScan,updated,powershell.exe -File C:\ACME\Patch\scan.ps1,NT AUTHORITY\SYSTEM,benign,routine scheduled task
TASK-00399,2026-09-05T09:45:37Z,MGMT-01,ACME\jsmith,\ACME\Patch\DailyScan,updated,cleanmgr.exe /AUTOCLEAN,ACME\svc_patch,benign,routine scheduled task
TASK-00078,2026-09-05T09:52:01Z,APP-03,NT AUTHORITY\SYSTEM,\ACME\Patch\DailyScan,created,powershell.exe -File C:\ACME\Patch\scan.ps1,ACME\svc_patch,benign,routine scheduled task
TASK-01759,2026-09-05T09:52:22Z,APP-03,ACME\admin.ops,\ACME\Patch\DailyScan,started,cleanmgr.exe /AUTOCLEAN,NT AUTHORITY\SYSTEM,benign,routine scheduled task
TASK-00652,2026-09-05T09:53:15Z,DC-01,ACME\kpatel,\Microsoft\Windows\Update\Maintenance,created,powershell.exe -File C:\ACME\Patch\scan.ps1,NT AUTHORITY\SYSTEM,benign,routine scheduled task
TASK-00243,2026-09-05T09:55:14Z,JUMP-01,NT AUTHORITY\SYSTEM,\ACME\Patch\DailyScan,completed,UsoClient.exe StartScan,NT AUTHORITY\SYSTEM,benign,routine scheduled task
TASK-00426,2026-09-05T09:55:40Z,APP-03,ACME\kpatel,\ACME\Patch\DailyScan,completed,powershell.exe -File C:\ACME\Patch\scan.ps1,ACME\svc_patch,benign,routine scheduled task
TASK-01386,2026-09-05T09:57:40Z,APP-03,ACME\kpatel,\Microsoft\Windows\Update\Maintenance,started,UsoClient.exe StartScan,NT AUTHORITY\SYSTEM,benign,routine scheduled task
TASK-00717,2026-09-05T09:58:52Z,MGMT-01,ACME\svc_patch,\ACME\Patch\DailyScan,completed,UsoClient.exe StartScan,ACME\svc_patch,benign,routine scheduled task
TASK-01701,2026-09-05T10:00:18Z,DC-01,ACME\kpatel,\Microsoft\Windows\Update\Maintenance,updated,powershell.exe -File C:\ACME\Patch\scan.ps1,NT AUTHORITY\SYSTEM,benign,routine scheduled task
TASK-00743,2026-09-05T10:09:45Z,APP-03,NT AUTHORITY\SYSTEM,\ACME\Patch\DailyScan,created,cleanmgr.exe /AUTOCLEAN,ACME\svc_patch,benign,routine scheduled task
TASK-01229,2026-09-05T10:15:27Z,HR-WS-22,ACME\jsmith,\ACME\Patch\DailyScan,updated,cleanmgr.exe /AUTOCLEAN,ACME\svc_patch,benign,routine scheduled task
TASK-00308,2026-09-05T10:16:42Z,HR-WS-22,ACME\svc_patch,\Microsoft\Windows\Update\Maintenance,created,UsoClient.exe StartScan,ACME\svc_patch,benign,routine scheduled task
TASK-00811,2026-09-05T10:23:01Z,APP-03,ACME\kpatel,\Microsoft\Windows\Update\Maintenance,completed,cleanmgr.exe /AUTOCLEAN,ACME\svc_patch,benign,routine scheduled task
TASK-00961,2026-09-05T10:23:57Z,PATCH-01,ACME\svc_patch,\Microsoft\Windows\Update\Maintenance,updated,powershell.exe -File C:\ACME\Patch\scan.ps1,NT AUTHORITY\SYSTEM,benign,routine scheduled task
TASK-00989,2026-09-05T10:29:54Z,JUMP-01,ACME\svc_patch,\Microsoft\Windows\Update\Maintenance,created,powershell.exe -File C:\ACME\Patch\scan.ps1,NT AUTHORITY\SYSTEM,benign,routine scheduled task
TASK-01754,2026-09-05T10:30:22Z,MGMT-01,ACME\kpatel,\ACME\Patch\DailyScan,completed,UsoClient.exe StartScan,NT AUTHORITY\SYSTEM,benign,routine scheduled task
TASK-01420,2026-09-05T10:36:00Z,JUMP-01,ACME\kpatel,\Microsoft\Windows\DiskCleanup,created,powershell.exe -File C:\ACME\Patch\scan.ps1,ACME\svc_patch,benign,routine scheduled task
TASK-00852,2026-09-05T10:36:21Z,DC-01,NT AUTHORITY\SYSTEM,\Microsoft\Windows\Update\Maintenance,completed,powershell.exe -File C:\ACME\Patch\scan.ps1,ACME\svc_patch,benign,routine scheduled task
TASK-00617,2026-09-05T10:46:23Z,HR-WS-22,ACME\admin.ops,\ACME\Patch\DailyScan,completed,UsoClient.exe StartScan,NT AUTHORITY\SYSTEM,benign,routine scheduled task
TASK-01638,2026-09-05T10:53:31Z,PATCH-01,NT AUTHORITY\SYSTEM,\Microsoft\Windows\DiskCleanup,created,cleanmgr.exe /AUTOCLEAN,NT AUTHORITY\SYSTEM,benign,routine scheduled task
TASK-00544,2026-09-05T10:57:35Z,FILE-02,ACME\admin.ops,\Microsoft\Windows\Update\Maintenance,started,UsoClient.exe StartScan,NT AUTHORITY\SYSTEM,benign,routine scheduled task
TASK-01469,2026-09-05T10:59:17Z,MGMT-01,ACME\jsmith,\Microsoft\Windows\Update\Maintenance,created,UsoClient.exe StartScan,NT AUTHORITY\SYSTEM,benign,routine scheduled task
TASK-00209,2026-09-05T11:00:14Z,HR-WS-22,ACME\kpatel,\Microsoft\Windows\DiskCleanup,created,powershell.exe -File C:\ACME\Patch\scan.ps1,NT AUTHORITY\SYSTEM,benign,routine scheduled task
TASK-01168,2026-09-05T11:00:44Z,APP-03,ACME\admin.ops,\Microsoft\Windows\DiskCleanup,completed,UsoClient.exe StartScan,NT AUTHORITY\SYSTEM,benign,routine scheduled task
TASK-01753,2026-09-05T11:01:15Z,JUMP-01,NT AUTHORITY\SYSTEM,\ACME\Patch\DailyScan,started,cleanmgr.exe /AUTOCLEAN,ACME\svc_patch,benign,routine scheduled task
TASK-00478,2026-09-05T11:09:46Z,APP-03,ACME\svc_patch,\Microsoft\Windows\DiskCleanup,completed,cleanmgr.exe /AUTOCLEAN,ACME\svc_patch,benign,routine scheduled task
TASK-01620,2026-09-05T11:13:18Z,APP-03,ACME\jsmith,\ACME\Patch\DailyScan,completed,UsoClient.exe StartScan,NT AUTHORITY\SYSTEM,benign,routine scheduled task
TASK-00934,2026-09-05T11:24:07Z,DC-01,ACME\svc_patch,\Microsoft\Windows\DiskCleanup,updated,UsoClient.exe StartScan,NT AUTHORITY\SYSTEM,benign,routine scheduled task
TASK-01188,2026-09-05T11:25:12Z,FILE-02,ACME\svc_patch,\Microsoft\Windows\Update\Maintenance,updated,cleanmgr.exe /AUTOCLEAN,NT AUTHORITY\SYSTEM,benign,routine scheduled task
TASK-01618,2026-09-05T11:26:56Z,MGMT-01,NT AUTHORITY\SYSTEM,\Microsoft\Windows\DiskCleanup,updated,powershell.exe -File C:\ACME\Patch\scan.ps1,ACME\svc_patch,benign,routine scheduled task
TASK-01476,2026-09-05T11:34:38Z,MGMT-01,ACME\jsmith,\ACME\Patch\DailyScan,created,cleanmgr.exe /AUTOCLEAN,ACME\svc_patch,benign,routine scheduled task
TASK-00588,2026-09-05T11:38:51Z,PATCH-01,ACME\admin.ops,\Microsoft\Windows\Update\Maintenance,created,UsoClient.exe StartScan,ACME\svc_patch,benign,routine scheduled task
TASK-00083,2026-09-05T11:40:20Z,JUMP-01,ACME\jsmith,\Microsoft\Windows\Update\Maintenance,created,UsoClient.exe StartScan,NT AUTHORITY\SYSTEM,benign,routine scheduled task
TASK-00289,2026-09-05T11:46:47Z,HR-WS-22,ACME\jsmith,\ACME\Patch\DailyScan,updated,cleanmgr.exe /AUTOCLEAN,NT AUTHORITY\SYSTEM,benign,routine scheduled task
TASK-00760,2026-09-05T11:47:52Z,DC-01,NT AUTHORITY\SYSTEM,\ACME\Patch\DailyScan,updated,powershell.exe -File C:\ACME\Patch\scan.ps1,NT AUTHORITY\SYSTEM,benign,routine scheduled task
