detection_id,_time,severity,title,host,user,expected_decision,note
ATD-007-00465,2026-08-18T12:01:31Z,low,Background Review,JUMP-01,ACME\mrivera,context,background detection
ATD-007-01404,2026-08-18T12:01:58Z,low,Background Review,APP-API-02,ACME\svc_print,context,background detection
ATD-007-01776,2026-08-18T12:03:03Z,low,Background Review,JUMP-01,ACME\mrivera,context,background detection
ATD-007-01242,2026-08-18T12:05:40Z,low,Background Review,APP-API-02,NT AUTHORITY\SYSTEM,context,background detection
ATD-007-00441,2026-08-18T12:15:40Z,low,Background Review,APP-API-02,NT AUTHORITY\SYSTEM,context,background detection
ATD-007-01676,2026-08-18T12:23:43Z,low,Background Review,PRINT-01,ACME\svc_backup,context,background detection
ATD-007-00994,2026-08-18T12:29:36Z,low,Background Review,DC-01,ACME\jsmith,context,background detection
ATD-007-01170,2026-08-18T12:34:06Z,low,Background Review,FILE-02,ACME\svc_print,context,background detection
ATD-007-00206,2026-08-18T12:34:51Z,low,Background Review,FIN-WS-14,NT AUTHORITY\SYSTEM,context,background detection
ATD-007-01221,2026-08-18T12:45:03Z,low,Background Review,DC-01,ACME\svc_backup,context,background detection
ATD-007-01796,2026-08-18T12:45:25Z,low,Background Review,PRINT-01,ACME\svc_print,context,background detection
ATD-007-01473,2026-08-18T12:46:33Z,low,Background Review,BACKUP-01,ACME\mrivera,context,background detection
ATD-007-00822,2026-08-18T12:47:47Z,low,Background Review,APP-API-02,ACME\mrivera,context,background detection
ATD-007-01770,2026-08-18T12:54:17Z,low,Background Review,FILE-02,ACME\mrivera,context,background detection
ATD-007-00196,2026-08-18T12:57:01Z,low,Background Review,DC-01,NT AUTHORITY\SYSTEM,context,background detection
ATD-007-00182,2026-08-18T12:57:44Z,low,Background Review,DC-01,ACME\jsmith,context,background detection
ATD-007-01158,2026-08-18T12:59:46Z,low,Background Review,BACKUP-01,ACME\mrivera,context,background detection
ATD-007-00565,2026-08-18T13:15:19Z,low,Background Review,JUMP-01,ACME\svc_backup,context,background detection
ATD-007-01452,2026-08-18T13:18:34Z,low,Background Review,BACKUP-01,ACME\mrivera,context,background detection
ATD-007-00943,2026-08-18T13:19:36Z,low,Background Review,DC-01,NT AUTHORITY\SYSTEM,context,background detection
ATD-007-00793,2026-08-18T13:20:10Z,low,Background Review,JUMP-01,ACME\svc_backup,context,background detection
ATD-007-01014,2026-08-18T13:24:53Z,low,Background Review,APP-API-02,NT AUTHORITY\SYSTEM,context,background detection
ATD-007-00189,2026-08-18T13:27:45Z,low,Background Review,FILE-02,ACME\svc_print,context,background detection
ATD-007-00257,2026-08-18T13:40:16Z,low,Background Review,PRINT-01,ACME\svc_print,context,background detection
ATD-007-01412,2026-08-18T13:46:28Z,low,Background Review,JUMP-01,ACME\svc_print,context,background detection
ATD-007-01241,2026-08-18T13:49:11Z,low,Background Review,BACKUP-01,ACME\svc_print,context,background detection
ATD-007-01721,2026-08-18T13:51:19Z,low,Background Review,APP-API-02,NT AUTHORITY\SYSTEM,context,background detection
ATD-007-00229,2026-08-18T13:51:58Z,low,Background Review,PRINT-01,ACME\svc_backup,context,background detection
ATD-007-00115,2026-08-18T13:56:35Z,low,Background Review,PRINT-01,ACME\svc_backup,context,background detection
ATD-007-01378,2026-08-18T14:02:10Z,low,Background Review,FILE-02,ACME\jsmith,context,background detection
ATD-007-00652,2026-08-18T14:02:48Z,low,Background Review,FIN-WS-14,NT AUTHORITY\SYSTEM,context,background detection
ATD-007-01010,2026-08-18T14:02:59Z,low,Background Review,FIN-WS-14,ACME\svc_print,context,background detection
ATD-007-01346,2026-08-18T14:04:54Z,low,Background Review,APP-API-02,ACME\svc_print,context,background detection
ATD-007-00525,2026-08-18T14:05:10Z,low,Background Review,JUMP-01,NT AUTHORITY\SYSTEM,context,background detection
ATD-007-00273,2026-08-18T14:08:13Z,low,Background Review,FIN-WS-14,ACME\svc_backup,context,background detection
ATD-007-00367,2026-08-18T14:13:51Z,low,Background Review,FILE-02,ACME\svc_print,context,background detection
ATD-007-00365,2026-08-18T14:14:49Z,low,Background Review,APP-API-02,NT AUTHORITY\SYSTEM,context,background detection
ATD-007-00024,2026-08-18T14:15:56Z,low,Background Review,FILE-02,ACME\svc_backup,context,background detection
ATD-007-00340,2026-08-18T14:21:35Z,low,Background Review,APP-API-02,NT AUTHORITY\SYSTEM,context,background detection
ATD-007-00730,2026-08-18T14:28:15Z,low,Background Review,BACKUP-01,ACME\jsmith,context,background detection
ATD-007-001,2026-08-18T14:33:00Z,critical,Known Compromise on FIN-WS-14,FIN-WS-14,ACME\mrivera,confirmed,prior confirmed compromise
ATD-007-00498,2026-08-18T14:35:54Z,low,Background Review,PRINT-01,ACME\mrivera,context,background detection
ATD-007-00846,2026-08-18T14:36:02Z,low,Background Review,FILE-02,ACME\svc_backup,context,background detection
ATD-007-01102,2026-08-18T14:38:52Z,low,Background Review,PRINT-01,ACME\svc_backup,context,background detection
ATD-007-002,2026-08-18T14:41:00Z,medium,Credential Use After Reset,FIN-WS-14,ACME\mrivera,contained,failed from isolated source
ATD-007-003,2026-08-18T14:44:00Z,high,Successful Authentication After Reset,FILE-02,ACME\mrivera,investigate,success from new host
ATD-007-004,2026-08-18T14:44:12Z,high,Finance Share Access by Reset User,FILE-02,ACME\mrivera,escalate,auth followed by file access
ATD-007-00314,2026-08-18T14:44:18Z,low,Background Review,FIN-WS-14,ACME\svc_print,context,background detection
ATD-007-00234,2026-08-18T14:49:16Z,low,Background Review,PRINT-01,ACME\svc_backup,context,background detection
ATD-007-00315,2026-08-18T14:49:59Z,low,Background Review,APP-API-02,ACME\svc_print,context,background detection
ATD-007-005,2026-08-18T14:52:00Z,medium,Admin Access to Scoped Host,FILE-02,ACME\jsmith,response,authorized responder
ATD-007-00838,2026-08-18T14:52:48Z,low,Background Review,BACKUP-01,ACME\mrivera,context,background detection
ATD-007-00759,2026-08-18T14:53:13Z,low,Background Review,FIN-WS-14,ACME\svc_print,context,background detection
ATD-007-00815,2026-08-18T14:56:31Z,low,Background Review,FILE-02,ACME\svc_print,context,background detection
ATD-007-00424,2026-08-18T14:57:28Z,low,Background Review,JUMP-01,ACME\jsmith,context,background detection
ATD-007-01298,2026-08-18T14:58:05Z,low,Background Review,BACKUP-01,ACME\svc_print,context,background detection
ATD-007-01748,2026-08-18T15:02:12Z,low,Background Review,FIN-WS-14,ACME\svc_backup,context,background detection
ATD-007-00970,2026-08-18T15:07:29Z,low,Background Review,FIN-WS-14,ACME\svc_print,context,background detection
ATD-007-01159,2026-08-18T15:14:24Z,low,Background Review,PRINT-01,ACME\jsmith,context,background detection
ATD-007-01672,2026-08-18T15:17:55Z,low,Background Review,BACKUP-01,ACME\jsmith,context,background detection
ATD-007-00530,2026-08-18T15:19:22Z,low,Background Review,FIN-WS-14,ACME\svc_backup,context,background detection
ATD-007-01048,2026-08-18T15:19:28Z,low,Background Review,APP-API-02,ACME\svc_print,context,background detection
ATD-007-00612,2026-08-18T15:23:17Z,low,Background Review,PRINT-01,ACME\svc_backup,context,background detection
ATD-007-01086,2026-08-18T15:25:36Z,low,Background Review,FILE-02,NT AUTHORITY\SYSTEM,context,background detection
ATD-007-00781,2026-08-18T15:30:57Z,low,Background Review,APP-API-02,ACME\jsmith,context,background detection
ATD-007-00352,2026-08-18T15:31:29Z,low,Background Review,APP-API-02,NT AUTHORITY\SYSTEM,context,background detection
ATD-007-01705,2026-08-18T15:43:58Z,low,Background Review,FIN-WS-14,ACME\mrivera,context,background detection
ATD-007-00191,2026-08-18T15:58:18Z,low,Background Review,PRINT-01,ACME\jsmith,context,background detection
ATD-007-01314,2026-08-18T15:58:31Z,low,Background Review,APP-API-02,ACME\svc_backup,context,background detection
ATD-007-01070,2026-08-18T16:00:30Z,low,Background Review,PRINT-01,ACME\mrivera,context,background detection
ATD-007-00201,2026-08-18T16:06:01Z,low,Background Review,DC-01,ACME\jsmith,context,background detection
ATD-007-01408,2026-08-18T16:14:25Z,low,Background Review,BACKUP-01,ACME\mrivera,context,background detection
ATD-007-00989,2026-08-18T16:15:08Z,low,Background Review,DC-01,ACME\jsmith,context,background detection
ATD-007-00543,2026-08-18T16:21:06Z,low,Background Review,PRINT-01,ACME\jsmith,context,background detection
ATD-007-00503,2026-08-18T16:21:08Z,low,Background Review,PRINT-01,ACME\mrivera,context,background detection
ATD-007-00466,2026-08-18T16:30:11Z,low,Background Review,PRINT-01,NT AUTHORITY\SYSTEM,context,background detection
ATD-007-01058,2026-08-18T16:31:42Z,low,Background Review,JUMP-01,ACME\mrivera,context,background detection
ATD-007-00416,2026-08-18T16:33:14Z,low,Background Review,FILE-02,ACME\svc_print,context,background detection
ATD-007-00735,2026-08-18T16:33:33Z,low,Background Review,BACKUP-01,ACME\jsmith,context,background detection
ATD-007-00489,2026-08-18T16:35:22Z,low,Background Review,JUMP-01,ACME\jsmith,context,background detection
ATD-007-01799,2026-08-18T16:41:48Z,low,Background Review,JUMP-01,ACME\jsmith,context,background detection
ATD-007-00791,2026-08-18T16:44:01Z,low,Background Review,BACKUP-01,ACME\svc_print,context,background detection
ATD-007-00998,2026-08-18T16:45:04Z,low,Background Review,APP-API-02,ACME\svc_print,context,background detection
ATD-007-00911,2026-08-18T16:48:37Z,low,Background Review,FIN-WS-14,ACME\jsmith,context,background detection
ATD-007-01724,2026-08-18T16:52:57Z,low,Background Review,FILE-02,ACME\mrivera,context,background detection
ATD-007-01578,2026-08-18T17:06:35Z,low,Background Review,APP-API-02,NT AUTHORITY\SYSTEM,context,background detection
ATD-007-00830,2026-08-18T17:13:47Z,low,Background Review,DC-01,NT AUTHORITY\SYSTEM,context,background detection
ATD-007-01238,2026-08-18T17:17:51Z,low,Background Review,DC-01,ACME\svc_backup,context,background detection
ATD-007-01063,2026-08-18T17:19:06Z,low,Background Review,DC-01,ACME\mrivera,context,background detection
ATD-007-00494,2026-08-18T17:19:57Z,low,Background Review,FILE-02,NT AUTHORITY\SYSTEM,context,background detection
ATD-007-00402,2026-08-18T17:21:00Z,low,Background Review,FIN-WS-14,ACME\mrivera,context,background detection
ATD-007-01669,2026-08-18T17:24:46Z,low,Background Review,BACKUP-01,ACME\svc_print,context,background detection
ATD-007-01073,2026-08-18T17:35:41Z,low,Background Review,APP-API-02,ACME\svc_backup,context,background detection
ATD-007-01585,2026-08-18T17:39:41Z,low,Background Review,JUMP-01,NT AUTHORITY\SYSTEM,context,background detection
ATD-007-01270,2026-08-18T17:42:54Z,low,Background Review,BACKUP-01,ACME\jsmith,context,background detection
ATD-007-00888,2026-08-18T17:42:59Z,low,Background Review,APP-API-02,NT AUTHORITY\SYSTEM,context,background detection
ATD-007-00153,2026-08-18T17:43:01Z,low,Background Review,DC-01,ACME\svc_backup,context,background detection
ATD-007-00642,2026-08-18T17:47:49Z,low,Background Review,PRINT-01,NT AUTHORITY\SYSTEM,context,background detection
ATD-007-00041,2026-08-18T17:50:01Z,low,Background Review,FILE-02,ACME\jsmith,context,background detection
ATD-007-00039,2026-08-18T17:52:16Z,low,Background Review,FILE-02,ACME\svc_print,context,background detection
ATD-007-00540,2026-08-18T18:03:34Z,low,Background Review,BACKUP-01,ACME\svc_print,context,background detection
ATD-007-00310,2026-08-18T18:04:44Z,low,Background Review,FIN-WS-14,ACME\mrivera,context,background detection
ATD-007-00246,2026-08-18T18:05:21Z,low,Background Review,BACKUP-01,ACME\svc_backup,context,background detection
ATD-007-00558,2026-08-18T18:11:39Z,low,Background Review,BACKUP-01,ACME\svc_print,context,background detection
ATD-007-01628,2026-08-18T18:18:03Z,low,Background Review,FILE-02,ACME\svc_print,context,background detection
ATD-007-00027,2026-08-18T18:19:31Z,low,Background Review,APP-API-02,NT AUTHORITY\SYSTEM,context,background detection
ATD-007-01336,2026-08-18T18:23:33Z,low,Background Review,JUMP-01,ACME\svc_print,context,background detection
ATD-007-01561,2026-08-18T18:27:42Z,low,Background Review,BACKUP-01,ACME\jsmith,context,background detection
ATD-007-00138,2026-08-18T18:32:51Z,low,Background Review,APP-API-02,NT AUTHORITY\SYSTEM,context,background detection
ATD-007-01582,2026-08-18T18:32:52Z,low,Background Review,FIN-WS-14,ACME\svc_backup,context,background detection
ATD-007-00834,2026-08-18T18:40:37Z,low,Background Review,DC-01,ACME\jsmith,context,background detection
ATD-007-01587,2026-08-18T18:55:34Z,low,Background Review,BACKUP-01,ACME\mrivera,context,background detection
ATD-007-00697,2026-08-18T18:55:51Z,low,Background Review,FILE-02,ACME\svc_backup,context,background detection
ATD-007-01631,2026-08-18T18:56:28Z,low,Background Review,JUMP-01,ACME\svc_print,context,background detection
ATD-007-01750,2026-08-18T18:59:40Z,low,Background Review,DC-01,ACME\jsmith,context,background detection
ATD-007-01588,2026-08-18T19:00:48Z,low,Background Review,APP-API-02,ACME\mrivera,context,background detection
ATD-007-00833,2026-08-18T19:05:48Z,low,Background Review,BACKUP-01,ACME\mrivera,context,background detection
ATD-007-00897,2026-08-18T19:08:53Z,low,Background Review,FIN-WS-14,ACME\svc_print,context,background detection
ATD-007-01802,2026-08-18T19:10:57Z,low,Background Review,FIN-WS-14,NT AUTHORITY\SYSTEM,context,background detection
ATD-007-00608,2026-08-18T19:11:26Z,low,Background Review,JUMP-01,ACME\mrivera,context,background detection
ATD-007-01778,2026-08-18T19:17:16Z,low,Background Review,FIN-WS-14,NT AUTHORITY\SYSTEM,context,background detection
ATD-007-00908,2026-08-18T19:21:07Z,low,Background Review,PRINT-01,ACME\mrivera,context,background detection
ATD-007-00423,2026-08-18T19:21:37Z,low,Background Review,PRINT-01,ACME\mrivera,context,background detection
ATD-007-00814,2026-08-18T19:21:37Z,low,Background Review,BACKUP-01,ACME\svc_backup,context,background detection
ATD-007-01555,2026-08-18T19:29:23Z,low,Background Review,PRINT-01,ACME\svc_backup,context,background detection
ATD-007-00160,2026-08-18T19:32:54Z,low,Background Review,FIN-WS-14,ACME\mrivera,context,background detection
ATD-007-01437,2026-08-18T19:34:23Z,low,Background Review,FILE-02,ACME\mrivera,context,background detection
ATD-007-01066,2026-08-18T19:38:44Z,low,Background Review,BACKUP-01,ACME\jsmith,context,background detection
ATD-007-00696,2026-08-18T19:39:16Z,low,Background Review,FIN-WS-14,ACME\mrivera,context,background detection
ATD-007-00150,2026-08-18T19:41:39Z,low,Background Review,BACKUP-01,ACME\mrivera,context,background detection
ATD-007-00701,2026-08-18T19:42:52Z,low,Background Review,FILE-02,NT AUTHORITY\SYSTEM,context,background detection
ATD-007-00178,2026-08-18T19:45:48Z,low,Background Review,FILE-02,ACME\svc_print,context,background detection
ATD-007-00709,2026-08-18T19:48:16Z,low,Background Review,JUMP-01,ACME\mrivera,context,background detection
ATD-007-01074,2026-08-18T19:50:06Z,low,Background Review,BACKUP-01,ACME\svc_print,context,background detection
ATD-007-00521,2026-08-18T19:50:27Z,low,Background Review,BACKUP-01,ACME\jsmith,context,background detection
ATD-007-00430,2026-08-18T19:53:41Z,low,Background Review,PRINT-01,ACME\mrivera,context,background detection
ATD-007-01005,2026-08-18T19:55:50Z,low,Background Review,JUMP-01,ACME\svc_backup,context,background detection
ATD-007-00616,2026-08-18T19:57:26Z,low,Background Review,FIN-WS-14,ACME\jsmith,context,background detection
ATD-007-00978,2026-08-18T19:58:28Z,low,Background Review,FIN-WS-14,ACME\jsmith,context,background detection
ATD-007-01803,2026-08-18T20:13:04Z,low,Background Review,DC-01,ACME\mrivera,context,background detection
ATD-007-01319,2026-08-18T20:40:54Z,low,Background Review,FIN-WS-14,NT AUTHORITY\SYSTEM,context,background detection
ATD-007-00248,2026-08-18T20:42:42Z,low,Background Review,JUMP-01,ACME\svc_print,context,background detection
ATD-007-01665,2026-08-18T20:46:51Z,low,Background Review,BACKUP-01,ACME\mrivera,context,background detection
ATD-007-00623,2026-08-18T20:47:05Z,low,Background Review,APP-API-02,NT AUTHORITY\SYSTEM,context,background detection
ATD-007-00382,2026-08-18T20:47:39Z,low,Background Review,PRINT-01,NT AUTHORITY\SYSTEM,context,background detection
ATD-007-01638,2026-08-18T20:48:00Z,low,Background Review,BACKUP-01,ACME\mrivera,context,background detection
ATD-007-00127,2026-08-18T20:54:48Z,low,Background Review,APP-API-02,NT AUTHORITY\SYSTEM,context,background detection
ATD-007-01136,2026-08-18T21:00:49Z,low,Background Review,APP-API-02,ACME\svc_backup,context,background detection
ATD-007-00772,2026-08-18T21:02:59Z,low,Background Review,FILE-02,ACME\jsmith,context,background detection
ATD-007-00680,2026-08-18T21:04:46Z,low,Background Review,FIN-WS-14,ACME\svc_backup,context,background detection
ATD-007-01377,2026-08-18T21:17:50Z,low,Background Review,APP-API-02,NT AUTHORITY\SYSTEM,context,background detection
ATD-007-01119,2026-08-18T21:21:38Z,low,Background Review,FIN-WS-14,ACME\svc_print,context,background detection
ATD-007-00082,2026-08-18T21:24:05Z,low,Background Review,APP-API-02,ACME\jsmith,context,background detection
ATD-007-00065,2026-08-18T21:26:51Z,low,Background Review,FIN-WS-14,NT AUTHORITY\SYSTEM,context,background detection
ATD-007-01325,2026-08-18T21:26:54Z,low,Background Review,FIN-WS-14,ACME\svc_print,context,background detection
ATD-007-01095,2026-08-18T21:38:50Z,low,Background Review,FILE-02,ACME\svc_print,context,background detection
ATD-007-01675,2026-08-18T21:39:58Z,low,Background Review,FILE-02,ACME\jsmith,context,background detection
ATD-007-00679,2026-08-18T21:43:44Z,low,Background Review,FILE-02,ACME\svc_print,context,background detection
ATD-007-01137,2026-08-18T21:49:03Z,low,Background Review,DC-01,ACME\jsmith,context,background detection
ATD-007-00975,2026-08-18T22:03:38Z,low,Background Review,PRINT-01,ACME\svc_print,context,background detection
ATD-007-00355,2026-08-18T22:07:06Z,low,Background Review,DC-01,ACME\mrivera,context,background detection
ATD-007-00297,2026-08-18T22:12:45Z,low,Background Review,JUMP-01,NT AUTHORITY\SYSTEM,context,background detection
ATD-007-00022,2026-08-18T22:13:31Z,low,Background Review,FILE-02,ACME\svc_print,context,background detection
ATD-007-00328,2026-08-18T22:22:14Z,low,Background Review,JUMP-01,ACME\mrivera,context,background detection
ATD-007-00017,2026-08-18T22:23:20Z,low,Background Review,JUMP-01,ACME\svc_backup,context,background detection
ATD-007-01658,2026-08-18T22:23:35Z,low,Background Review,FILE-02,NT AUTHORITY\SYSTEM,context,background detection
ATD-007-01384,2026-08-18T22:24:18Z,low,Background Review,FILE-02,NT AUTHORITY\SYSTEM,context,background detection
ATD-007-00786,2026-08-18T22:24:51Z,low,Background Review,FIN-WS-14,ACME\svc_print,context,background detection
ATD-007-00745,2026-08-18T22:26:28Z,low,Background Review,JUMP-01,ACME\jsmith,context,background detection
ATD-007-00155,2026-08-18T22:37:49Z,low,Background Review,DC-01,ACME\mrivera,context,background detection
ATD-007-00214,2026-08-18T22:38:02Z,low,Background Review,APP-API-02,ACME\jsmith,context,background detection
ATD-007-01725,2026-08-18T22:39:19Z,low,Background Review,BACKUP-01,ACME\svc_print,context,background detection
ATD-007-00631,2026-08-18T22:47:13Z,low,Background Review,BACKUP-01,ACME\jsmith,context,background detection
ATD-007-00728,2026-08-18T22:56:42Z,low,Background Review,PRINT-01,ACME\svc_print,context,background detection
ATD-007-01624,2026-08-18T23:02:46Z,low,Background Review,BACKUP-01,ACME\svc_backup,context,background detection
ATD-007-00913,2026-08-18T23:08:46Z,low,Background Review,FIN-WS-14,ACME\svc_backup,context,background detection
ATD-007-00563,2026-08-18T23:12:41Z,low,Background Review,APP-API-02,ACME\svc_print,context,background detection
ATD-007-01603,2026-08-18T23:14:15Z,low,Background Review,APP-API-02,ACME\svc_backup,context,background detection
ATD-007-01747,2026-08-18T23:16:50Z,low,Background Review,FIN-WS-14,NT AUTHORITY\SYSTEM,context,background detection
ATD-007-01626,2026-08-18T23:17:04Z,low,Background Review,APP-API-02,ACME\svc_backup,context,background detection
ATD-007-00751,2026-08-18T23:17:51Z,low,Background Review,APP-API-02,ACME\jsmith,context,background detection
ATD-007-01562,2026-08-18T23:30:08Z,low,Background Review,JUMP-01,ACME\mrivera,context,background detection
ATD-007-00183,2026-08-18T23:32:55Z,low,Background Review,FILE-02,NT AUTHORITY\SYSTEM,context,background detection
ATD-007-01535,2026-08-18T23:38:35Z,low,Background Review,BACKUP-01,ACME\mrivera,context,background detection
ATD-007-01183,2026-08-18T23:39:43Z,low,Background Review,FIN-WS-14,ACME\svc_backup,context,background detection
ATD-007-00379,2026-08-18T23:41:54Z,low,Background Review,BACKUP-01,ACME\jsmith,context,background detection
ATD-007-00370,2026-08-18T23:49:49Z,low,Background Review,JUMP-01,NT AUTHORITY\SYSTEM,context,background detection
ATD-007-01060,2026-08-18T23:51:13Z,low,Background Review,FIN-WS-14,NT AUTHORITY\SYSTEM,context,background detection
ATD-007-00953,2026-08-18T23:52:18Z,low,Background Review,FIN-WS-14,ACME\svc_print,context,background detection
ATD-007-00267,2026-08-18T23:53:55Z,low,Background Review,FILE-02,NT AUTHORITY\SYSTEM,context,background detection
ATD-007-01263,2026-08-18T23:59:18Z,low,Background Review,BACKUP-01,ACME\svc_backup,context,background detection
ATD-007-01620,2026-08-18T23:59:37Z,low,Background Review,PRINT-01,ACME\jsmith,context,background detection
ATD-007-01602,2026-08-19T00:00:58Z,low,Background Review,JUMP-01,ACME\svc_backup,context,background detection
ATD-007-00720,2026-08-19T00:01:55Z,low,Background Review,JUMP-01,ACME\jsmith,context,background detection
ATD-007-00732,2026-08-19T00:11:07Z,low,Background Review,JUMP-01,NT AUTHORITY\SYSTEM,context,background detection
ATD-007-00590,2026-08-19T00:18:19Z,low,Background Review,BACKUP-01,ACME\svc_backup,context,background detection
ATD-007-00592,2026-08-19T00:28:51Z,low,Background Review,DC-01,ACME\svc_backup,context,background detection
ATD-007-00594,2026-08-19T00:34:28Z,low,Background Review,JUMP-01,ACME\svc_backup,context,background detection
ATD-007-01687,2026-08-19T00:35:46Z,low,Background Review,DC-01,ACME\svc_print,context,background detection
ATD-007-00114,2026-08-19T00:38:38Z,low,Background Review,PRINT-01,ACME\svc_backup,context,background detection
ATD-007-00140,2026-08-19T00:42:40Z,low,Background Review,FILE-02,ACME\svc_print,context,background detection
ATD-007-01127,2026-08-19T00:44:56Z,low,Background Review,APP-API-02,ACME\svc_backup,context,background detection
ATD-007-01443,2026-08-19T00:58:49Z,low,Background Review,FIN-WS-14,ACME\svc_backup,context,background detection
ATD-007-01068,2026-08-19T01:03:53Z,low,Background Review,DC-01,ACME\mrivera,context,background detection
ATD-007-01357,2026-08-19T01:07:07Z,low,Background Review,BACKUP-01,ACME\jsmith,context,background detection
ATD-007-01691,2026-08-19T01:19:36Z,low,Background Review,BACKUP-01,ACME\jsmith,context,background detection
ATD-007-00661,2026-08-19T01:20:17Z,low,Background Review,DC-01,NT AUTHORITY\SYSTEM,context,background detection
ATD-007-00898,2026-08-19T01:23:25Z,low,Background Review,APP-API-02,ACME\mrivera,context,background detection
ATD-007-00848,2026-08-19T01:25:19Z,low,Background Review,BACKUP-01,NT AUTHORITY\SYSTEM,context,background detection
ATD-007-01035,2026-08-19T01:28:25Z,low,Background Review,BACKUP-01,NT AUTHORITY\SYSTEM,context,background detection
ATD-007-01052,2026-08-19T01:34:31Z,low,Background Review,DC-01,ACME\svc_print,context,background detection
ATD-007-01306,2026-08-19T01:35:16Z,low,Background Review,FIN-WS-14,ACME\jsmith,context,background detection
ATD-007-00484,2026-08-19T01:36:06Z,low,Background Review,FILE-02,NT AUTHORITY\SYSTEM,context,background detection
ATD-007-00385,2026-08-19T01:42:55Z,low,Background Review,PRINT-01,ACME\mrivera,context,background detection
ATD-007-01773,2026-08-19T01:43:35Z,low,Background Review,FIN-WS-14,ACME\jsmith,context,background detection
ATD-007-00512,2026-08-19T01:53:36Z,low,Background Review,PRINT-01,ACME\svc_print,context,background detection
ATD-007-00952,2026-08-19T01:55:18Z,low,Background Review,BACKUP-01,NT AUTHORITY\SYSTEM,context,background detection
ATD-007-00748,2026-08-19T01:55:25Z,low,Background Review,JUMP-01,ACME\jsmith,context,background detection
ATD-007-00854,2026-08-19T01:58:51Z,low,Background Review,FILE-02,NT AUTHORITY\SYSTEM,context,background detection
ATD-007-01654,2026-08-19T02:00:45Z,low,Background Review,JUMP-01,ACME\mrivera,context,background detection
ATD-007-01621,2026-08-19T02:05:19Z,low,Background Review,FILE-02,NT AUTHORITY\SYSTEM,context,background detection
ATD-007-01223,2026-08-19T02:06:08Z,low,Background Review,FILE-02,NT AUTHORITY\SYSTEM,context,background detection
ATD-007-01713,2026-08-19T02:08:29Z,low,Background Review,DC-01,ACME\svc_backup,context,background detection
ATD-007-00983,2026-08-19T02:10:08Z,low,Background Review,DC-01,ACME\jsmith,context,background detection
ATD-007-00764,2026-08-19T02:12:18Z,low,Background Review,JUMP-01,ACME\mrivera,context,background detection
ATD-007-00350,2026-08-19T02:14:42Z,low,Background Review,JUMP-01,ACME\mrivera,context,background detection
ATD-007-00736,2026-08-19T02:22:02Z,low,Background Review,FILE-02,NT AUTHORITY\SYSTEM,context,background detection
ATD-007-00098,2026-08-19T02:28:13Z,low,Background Review,FIN-WS-14,ACME\mrivera,context,background detection
ATD-007-00711,2026-08-19T02:31:33Z,low,Background Review,JUMP-01,ACME\svc_print,context,background detection
ATD-007-00284,2026-08-19T02:31:41Z,low,Background Review,FILE-02,ACME\mrivera,context,background detection
ATD-007-01131,2026-08-19T02:33:17Z,low,Background Review,DC-01,ACME\jsmith,context,background detection
ATD-007-00704,2026-08-19T02:37:20Z,low,Background Review,PRINT-01,ACME\svc_print,context,background detection
ATD-007-01362,2026-08-19T02:40:36Z,low,Background Review,JUMP-01,ACME\svc_backup,context,background detection
ATD-007-01335,2026-08-19T02:40:44Z,low,Background Review,PRINT-01,ACME\mrivera,context,background detection
ATD-007-01315,2026-08-19T02:42:36Z,low,Background Review,FIN-WS-14,ACME\svc_print,context,background detection
ATD-007-00948,2026-08-19T02:48:21Z,low,Background Review,PRINT-01,ACME\mrivera,context,background detection
ATD-007-00157,2026-08-19T02:54:45Z,low,Background Review,FILE-02,NT AUTHORITY\SYSTEM,context,background detection
ATD-007-00321,2026-08-19T02:56:04Z,low,Background Review,PRINT-01,NT AUTHORITY\SYSTEM,context,background detection
ATD-007-01639,2026-08-19T03:00:03Z,low,Background Review,JUMP-01,ACME\mrivera,context,background detection
ATD-007-00097,2026-08-19T03:04:43Z,low,Background Review,JUMP-01,ACME\mrivera,context,background detection
ATD-007-01468,2026-08-19T03:05:23Z,low,Background Review,APP-API-02,ACME\mrivera,context,background detection
ATD-007-00870,2026-08-19T03:08:08Z,low,Background Review,FIN-WS-14,ACME\jsmith,context,background detection
ATD-007-00345,2026-08-19T03:20:16Z,low,Background Review,JUMP-01,ACME\mrivera,context,background detection
ATD-007-00872,2026-08-19T03:21:47Z,low,Background Review,BACKUP-01,ACME\jsmith,context,background detection
ATD-007-00585,2026-08-19T03:24:46Z,low,Background Review,JUMP-01,NT AUTHORITY\SYSTEM,context,background detection
ATD-007-00481,2026-08-19T03:28:52Z,low,Background Review,DC-01,NT AUTHORITY\SYSTEM,context,background detection
ATD-007-00835,2026-08-19T03:29:33Z,low,Background Review,BACKUP-01,ACME\jsmith,context,background detection
ATD-007-00437,2026-08-19T03:34:02Z,low,Background Review,FIN-WS-14,ACME\mrivera,context,background detection
ATD-007-00177,2026-08-19T03:35:18Z,low,Background Review,DC-01,ACME\svc_print,context,background detection
ATD-007-00883,2026-08-19T03:35:26Z,low,Background Review,JUMP-01,NT AUTHORITY\SYSTEM,context,background detection
ATD-007-01678,2026-08-19T03:37:28Z,low,Background Review,JUMP-01,ACME\svc_print,context,background detection
ATD-007-00147,2026-08-19T03:40:28Z,low,Background Review,FIN-WS-14,ACME\svc_print,context,background detection
ATD-007-00551,2026-08-19T03:41:53Z,low,Background Review,PRINT-01,ACME\jsmith,context,background detection
ATD-007-00957,2026-08-19T03:43:48Z,low,Background Review,FIN-WS-14,NT AUTHORITY\SYSTEM,context,background detection
ATD-007-01077,2026-08-19T03:45:26Z,low,Background Review,FILE-02,ACME\jsmith,context,background detection
ATD-007-01174,2026-08-19T03:45:32Z,low,Background Review,FIN-WS-14,ACME\svc_backup,context,background detection
ATD-007-01259,2026-08-19T03:48:04Z,low,Background Review,APP-API-02,ACME\svc_print,context,background detection
ATD-007-00977,2026-08-19T03:49:55Z,low,Background Review,FILE-02,NT AUTHORITY\SYSTEM,context,background detection
ATD-007-01714,2026-08-19T03:51:42Z,low,Background Review,PRINT-01,ACME\jsmith,context,background detection
ATD-007-00435,2026-08-19T03:53:17Z,low,Background Review,FILE-02,ACME\svc_backup,context,background detection
ATD-007-00212,2026-08-19T03:54:03Z,low,Background Review,APP-API-02,ACME\jsmith,context,background detection
ATD-007-00916,2026-08-19T03:59:17Z,low,Background Review,DC-01,ACME\svc_backup,context,background detection
ATD-007-00907,2026-08-19T04:01:16Z,low,Background Review,FIN-WS-14,ACME\jsmith,context,background detection
ATD-007-01088,2026-08-19T04:02:48Z,low,Background Review,FILE-02,ACME\svc_print,context,background detection
ATD-007-01222,2026-08-19T04:09:17Z,low,Background Review,APP-API-02,ACME\svc_backup,context,background detection
ATD-007-00836,2026-08-19T04:16:40Z,low,Background Review,DC-01,ACME\mrivera,context,background detection
ATD-007-00866,2026-08-19T04:17:50Z,low,Background Review,PRINT-01,NT AUTHORITY\SYSTEM,context,background detection
ATD-007-00533,2026-08-19T04:24:12Z,low,Background Review,BACKUP-01,NT AUTHORITY\SYSTEM,context,background detection
ATD-007-01162,2026-08-19T04:35:42Z,low,Background Review,FIN-WS-14,ACME\svc_print,context,background detection
ATD-007-01236,2026-08-19T04:42:49Z,low,Background Review,DC-01,ACME\svc_print,context,background detection
ATD-007-00581,2026-08-19T04:42:50Z,low,Background Review,DC-01,ACME\jsmith,context,background detection
ATD-007-01779,2026-08-19T04:46:19Z,low,Background Review,BACKUP-01,ACME\svc_backup,context,background detection
ATD-007-00133,2026-08-19T04:48:54Z,low,Background Review,APP-API-02,NT AUTHORITY\SYSTEM,context,background detection
ATD-007-00019,2026-08-19T04:50:08Z,low,Background Review,BACKUP-01,NT AUTHORITY\SYSTEM,context,background detection
ATD-007-00185,2026-08-19T04:55:59Z,low,Background Review,APP-API-02,ACME\svc_backup,context,background detection
ATD-007-00335,2026-08-19T04:56:24Z,low,Background Review,FIN-WS-14,ACME\mrivera,context,background detection
ATD-007-00205,2026-08-19T05:03:17Z,low,Background Review,FILE-02,ACME\jsmith,context,background detection
ATD-007-00366,2026-08-19T05:06:51Z,low,Background Review,FILE-02,ACME\mrivera,context,background detection
ATD-007-01399,2026-08-19T05:06:56Z,low,Background Review,FILE-02,ACME\svc_print,context,background detection
ATD-007-00780,2026-08-19T05:12:10Z,low,Background Review,DC-01,ACME\mrivera,context,background detection
ATD-007-00281,2026-08-19T05:17:09Z,low,Background Review,DC-01,NT AUTHORITY\SYSTEM,context,background detection
ATD-007-00269,2026-08-19T05:17:19Z,low,Background Review,DC-01,ACME\svc_backup,context,background detection
ATD-007-01696,2026-08-19T05:18:40Z,low,Background Review,APP-API-02,ACME\jsmith,context,background detection
ATD-007-00820,2026-08-19T05:21:15Z,low,Background Review,APP-API-02,NT AUTHORITY\SYSTEM,context,background detection
ATD-007-00025,2026-08-19T05:32:25Z,low,Background Review,APP-API-02,NT AUTHORITY\SYSTEM,context,background detection
ATD-007-01269,2026-08-19T05:34:09Z,low,Background Review,BACKUP-01,NT AUTHORITY\SYSTEM,context,background detection
ATD-007-01793,2026-08-19T05:41:59Z,low,Background Review,PRINT-01,ACME\svc_print,context,background detection
ATD-007-00255,2026-08-19T05:47:25Z,low,Background Review,DC-01,ACME\svc_print,context,background detection
ATD-007-00955,2026-08-19T05:47:28Z,low,Background Review,FIN-WS-14,ACME\mrivera,context,background detection
ATD-007-00021,2026-08-19T05:59:54Z,low,Background Review,FIN-WS-14,ACME\svc_backup,context,background detection
ATD-007-01565,2026-08-19T06:06:16Z,low,Background Review,FILE-02,ACME\mrivera,context,background detection
ATD-007-01530,2026-08-19T06:11:04Z,low,Background Review,JUMP-01,ACME\jsmith,context,background detection
ATD-007-01403,2026-08-19T06:19:14Z,low,Background Review,FILE-02,NT AUTHORITY\SYSTEM,context,background detection
ATD-007-00415,2026-08-19T06:20:30Z,low,Background Review,DC-01,ACME\jsmith,context,background detection
ATD-007-00136,2026-08-19T06:23:19Z,low,Background Review,BACKUP-01,ACME\svc_print,context,background detection
ATD-007-00373,2026-08-19T06:32:23Z,low,Background Review,BACKUP-01,NT AUTHORITY\SYSTEM,context,background detection
ATD-007-00719,2026-08-19T06:34:28Z,low,Background Review,FILE-02,ACME\mrivera,context,background detection
ATD-007-00528,2026-08-19T06:35:08Z,low,Background Review,FIN-WS-14,ACME\jsmith,context,background detection
ATD-007-01311,2026-08-19T06:39:50Z,low,Background Review,PRINT-01,ACME\svc_print,context,background detection
ATD-007-00811,2026-08-19T06:40:09Z,low,Background Review,PRINT-01,ACME\svc_print,context,background detection
ATD-007-00452,2026-08-19T06:45:04Z,low,Background Review,JUMP-01,NT AUTHORITY\SYSTEM,context,background detection
ATD-007-01204,2026-08-19T06:48:12Z,low,Background Review,PRINT-01,ACME\svc_backup,context,background detection
ATD-007-00629,2026-08-19T06:50:52Z,low,Background Review,PRINT-01,ACME\svc_print,context,background detection
ATD-007-00364,2026-08-19T06:51:30Z,low,Background Review,FILE-02,ACME\svc_print,context,background detection
ATD-007-00622,2026-08-19T06:58:14Z,low,Background Review,FILE-02,ACME\svc_print,context,background detection
ATD-007-00550,2026-08-19T07:03:11Z,low,Background Review,BACKUP-01,ACME\mrivera,context,background detection
ATD-007-01417,2026-08-19T07:03:14Z,low,Background Review,FILE-02,NT AUTHORITY\SYSTEM,context,background detection
ATD-007-01492,2026-08-19T07:03:44Z,low,Background Review,JUMP-01,ACME\svc_print,context,background detection
ATD-007-01643,2026-08-19T07:04:44Z,low,Background Review,PRINT-01,ACME\svc_print,context,background detection
ATD-007-00463,2026-08-19T07:07:16Z,low,Background Review,PRINT-01,ACME\mrivera,context,background detection
ATD-007-01089,2026-08-19T07:12:17Z,low,Background Review,APP-API-02,ACME\mrivera,context,background detection
ATD-007-01007,2026-08-19T07:16:02Z,low,Background Review,APP-API-02,ACME\svc_backup,context,background detection
ATD-007-00644,2026-08-19T07:16:13Z,low,Background Review,APP-API-02,ACME\jsmith,context,background detection
ATD-007-01659,2026-08-19T07:16:48Z,low,Background Review,BACKUP-01,ACME\mrivera,context,background detection
ATD-007-01272,2026-08-19T07:18:52Z,low,Background Review,DC-01,ACME\jsmith,context,background detection
ATD-007-00919,2026-08-19T07:20:37Z,low,Background Review,DC-01,ACME\jsmith,context,background detection
ATD-007-00327,2026-08-19T07:21:59Z,low,Background Review,DC-01,ACME\svc_print,context,background detection
ATD-007-01493,2026-08-19T07:22:17Z,low,Background Review,JUMP-01,NT AUTHORITY\SYSTEM,context,background detection
ATD-007-01703,2026-08-19T07:23:21Z,low,Background Review,BACKUP-01,NT AUTHORITY\SYSTEM,context,background detection
ATD-007-00445,2026-08-19T07:26:12Z,low,Background Review,JUMP-01,ACME\svc_print,context,background detection
ATD-007-01090,2026-08-19T07:27:19Z,low,Background Review,JUMP-01,NT AUTHORITY\SYSTEM,context,background detection
ATD-007-01769,2026-08-19T07:30:22Z,low,Background Review,BACKUP-01,ACME\mrivera,context,background detection
ATD-007-01618,2026-08-19T07:32:27Z,low,Background Review,FIN-WS-14,ACME\svc_backup,context,background detection
ATD-007-00436,2026-08-19T07:40:56Z,low,Background Review,PRINT-01,ACME\jsmith,context,background detection
ATD-007-00653,2026-08-19T07:43:08Z,low,Background Review,DC-01,NT AUTHORITY\SYSTEM,context,background detection
ATD-007-00778,2026-08-19T07:43:43Z,low,Background Review,APP-API-02,ACME\svc_backup,context,background detection
ATD-007-00035,2026-08-19T07:44:15Z,low,Background Review,PRINT-01,ACME\svc_backup,context,background detection
ATD-007-01422,2026-08-19T07:46:35Z,low,Background Review,FIN-WS-14,ACME\svc_backup,context,background detection
ATD-007-00829,2026-08-19T07:46:37Z,low,Background Review,FIN-WS-14,ACME\jsmith,context,background detection
ATD-007-00963,2026-08-19T07:47:36Z,low,Background Review,APP-API-02,ACME\mrivera,context,background detection
ATD-007-01771,2026-08-19T07:48:04Z,low,Background Review,PRINT-01,NT AUTHORITY\SYSTEM,context,background detection
ATD-007-01751,2026-08-19T08:02:25Z,low,Background Review,FIN-WS-14,ACME\svc_print,context,background detection
ATD-007-01789,2026-08-19T08:04:41Z,low,Background Review,PRINT-01,ACME\jsmith,context,background detection
ATD-007-00277,2026-08-19T08:09:15Z,low,Background Review,FILE-02,ACME\jsmith,context,background detection
ATD-007-00968,2026-08-19T08:16:04Z,low,Background Review,APP-API-02,ACME\svc_backup,context,background detection
ATD-007-01280,2026-08-19T08:19:48Z,low,Background Review,FILE-02,NT AUTHORITY\SYSTEM,context,background detection
ATD-007-00418,2026-08-19T08:20:16Z,low,Background Review,PRINT-01,ACME\svc_print,context,background detection
ATD-007-01214,2026-08-19T08:22:17Z,low,Background Review,BACKUP-01,ACME\mrivera,context,background detection
ATD-007-01245,2026-08-19T08:23:00Z,low,Background Review,FIN-WS-14,ACME\mrivera,context,background detection
ATD-007-01353,2026-08-19T08:25:26Z,low,Background Review,APP-API-02,ACME\jsmith,context,background detection
ATD-007-01591,2026-08-19T08:30:07Z,low,Background Review,FILE-02,ACME\jsmith,context,background detection
ATD-007-00048,2026-08-19T08:32:30Z,low,Background Review,JUMP-01,ACME\svc_print,context,background detection
ATD-007-01804,2026-08-19T08:33:24Z,low,Background Review,FIN-WS-14,NT AUTHORITY\SYSTEM,context,background detection
ATD-007-00323,2026-08-19T08:33:41Z,low,Background Review,PRINT-01,ACME\mrivera,context,background detection
ATD-007-00722,2026-08-19T08:36:22Z,low,Background Review,FIN-WS-14,ACME\jsmith,context,background detection
ATD-007-01428,2026-08-19T08:36:28Z,low,Background Review,PRINT-01,NT AUTHORITY\SYSTEM,context,background detection
ATD-007-00966,2026-08-19T08:37:46Z,low,Background Review,DC-01,NT AUTHORITY\SYSTEM,context,background detection
ATD-007-00544,2026-08-19T08:48:47Z,low,Background Review,FIN-WS-14,ACME\mrivera,context,background detection
ATD-007-01200,2026-08-19T08:56:19Z,low,Background Review,FIN-WS-14,ACME\svc_print,context,background detection
ATD-007-00131,2026-08-19T08:57:52Z,low,Background Review,PRINT-01,ACME\svc_print,context,background detection
ATD-007-01568,2026-08-19T09:12:05Z,low,Background Review,FIN-WS-14,ACME\svc_print,context,background detection
ATD-007-01103,2026-08-19T09:18:22Z,low,Background Review,PRINT-01,ACME\jsmith,context,background detection
ATD-007-01571,2026-08-19T09:19:06Z,low,Background Review,BACKUP-01,ACME\svc_backup,context,background detection
ATD-007-00061,2026-08-19T09:24:18Z,low,Background Review,DC-01,ACME\svc_print,context,background detection
ATD-007-00080,2026-08-19T09:29:47Z,low,Background Review,DC-01,ACME\mrivera,context,background detection
ATD-007-01294,2026-08-19T09:35:27Z,low,Background Review,FIN-WS-14,ACME\svc_backup,context,background detection
ATD-007-00574,2026-08-19T09:36:57Z,low,Background Review,JUMP-01,ACME\jsmith,context,background detection
ATD-007-00034,2026-08-19T09:42:24Z,low,Background Review,FIN-WS-14,NT AUTHORITY\SYSTEM,context,background detection
ATD-007-01215,2026-08-19T09:43:50Z,low,Background Review,APP-API-02,ACME\svc_backup,context,background detection
ATD-007-01029,2026-08-19T09:44:34Z,low,Background Review,PRINT-01,ACME\jsmith,context,background detection
ATD-007-00247,2026-08-19T09:45:33Z,low,Background Review,PRINT-01,ACME\jsmith,context,background detection
ATD-007-01180,2026-08-19T09:45:43Z,low,Background Review,DC-01,ACME\svc_print,context,background detection
ATD-007-01674,2026-08-19T09:49:43Z,low,Background Review,PRINT-01,ACME\jsmith,context,background detection
ATD-007-01381,2026-08-19T09:52:36Z,low,Background Review,DC-01,ACME\jsmith,context,background detection
ATD-007-00583,2026-08-19T09:52:43Z,low,Background Review,APP-API-02,ACME\mrivera,context,background detection
ATD-007-01267,2026-08-19T09:54:12Z,low,Background Review,PRINT-01,ACME\mrivera,context,background detection
ATD-007-00656,2026-08-19T10:02:21Z,low,Background Review,PRINT-01,NT AUTHORITY\SYSTEM,context,background detection
ATD-007-01701,2026-08-19T10:13:51Z,low,Background Review,FILE-02,ACME\svc_backup,context,background detection
ATD-007-01758,2026-08-19T10:15:14Z,low,Background Review,DC-01,ACME\jsmith,context,background detection
ATD-007-00651,2026-08-19T10:18:34Z,low,Background Review,APP-API-02,ACME\svc_backup,context,background detection
ATD-007-01630,2026-08-19T10:25:05Z,low,Background Review,FIN-WS-14,ACME\mrivera,context,background detection
ATD-007-00947,2026-08-19T10:29:48Z,low,Background Review,FILE-02,ACME\jsmith,context,background detection
ATD-007-00746,2026-08-19T10:34:01Z,low,Background Review,FILE-02,NT AUTHORITY\SYSTEM,context,background detection
ATD-007-00567,2026-08-19T10:34:13Z,low,Background Review,FIN-WS-14,ACME\mrivera,context,background detection
ATD-007-01125,2026-08-19T10:35:07Z,low,Background Review,APP-API-02,ACME\jsmith,context,background detection
ATD-007-00554,2026-08-19T10:38:06Z,low,Background Review,JUMP-01,ACME\svc_print,context,background detection
ATD-007-00492,2026-08-19T10:45:19Z,low,Background Review,BACKUP-01,ACME\svc_print,context,background detection
ATD-007-00536,2026-08-19T10:46:32Z,low,Background Review,DC-01,ACME\svc_print,context,background detection
ATD-007-00199,2026-08-19T10:47:37Z,low,Background Review,APP-API-02,ACME\svc_backup,context,background detection
ATD-007-00513,2026-08-19T10:49:32Z,low,Background Review,PRINT-01,NT AUTHORITY\SYSTEM,context,background detection
ATD-007-01008,2026-08-19T10:52:50Z,low,Background Review,DC-01,ACME\svc_backup,context,background detection
ATD-007-00634,2026-08-19T10:57:48Z,low,Background Review,FIN-WS-14,ACME\svc_backup,context,background detection
ATD-007-00553,2026-08-19T11:01:22Z,low,Background Review,DC-01,ACME\svc_backup,context,background detection
ATD-007-00400,2026-08-19T11:04:12Z,low,Background Review,FILE-02,ACME\svc_print,context,background detection
ATD-007-01523,2026-08-19T11:04:48Z,low,Background Review,JUMP-01,ACME\svc_print,context,background detection
ATD-007-01284,2026-08-19T11:05:29Z,low,Background Review,PRINT-01,ACME\svc_backup,context,background detection
ATD-007-00349,2026-08-19T11:06:10Z,low,Background Review,PRINT-01,ACME\jsmith,context,background detection
ATD-007-00485,2026-08-19T11:08:48Z,low,Background Review,FIN-WS-14,ACME\svc_backup,context,background detection
ATD-007-00949,2026-08-19T11:10:59Z,low,Background Review,JUMP-01,ACME\mrivera,context,background detection
ATD-007-01151,2026-08-19T11:16:57Z,low,Background Review,DC-01,NT AUTHORITY\SYSTEM,context,background detection
ATD-007-01275,2026-08-19T11:17:33Z,low,Background Review,DC-01,ACME\svc_backup,context,background detection
ATD-007-00132,2026-08-19T11:19:52Z,low,Background Review,BACKUP-01,ACME\svc_backup,context,background detection
ATD-007-00404,2026-08-19T11:26:22Z,low,Background Review,PRINT-01,ACME\svc_print,context,background detection
ATD-007-00660,2026-08-19T11:31:41Z,low,Background Review,JUMP-01,ACME\jsmith,context,background detection
ATD-007-00014,2026-08-19T11:33:46Z,low,Background Review,BACKUP-01,ACME\svc_print,context,background detection
ATD-007-00336,2026-08-19T11:38:48Z,low,Background Review,FIN-WS-14,ACME\svc_print,context,background detection
ATD-007-01490,2026-08-19T11:42:54Z,low,Background Review,APP-API-02,ACME\svc_backup,context,background detection
ATD-007-00480,2026-08-19T11:45:09Z,low,Background Review,APP-API-02,NT AUTHORITY\SYSTEM,context,background detection
ATD-007-00542,2026-08-19T11:52:10Z,low,Background Review,APP-API-02,ACME\svc_backup,context,background detection
ATD-007-01684,2026-08-19T11:52:37Z,low,Background Review,FIN-WS-14,NT AUTHORITY\SYSTEM,context,background detection
ATD-007-00243,2026-08-19T11:56:17Z,low,Background Review,FIN-WS-14,ACME\svc_backup,context,background detection
ATD-007-00842,2026-08-19T12:06:36Z,low,Background Review,APP-API-02,NT AUTHORITY\SYSTEM,context,background detection
ATD-007-00587,2026-08-19T12:09:03Z,low,Background Review,PRINT-01,NT AUTHORITY\SYSTEM,context,background detection
ATD-007-00495,2026-08-19T12:09:40Z,low,Background Review,PRINT-01,ACME\jsmith,context,background detection
ATD-007-01115,2026-08-19T12:13:03Z,low,Background Review,APP-API-02,ACME\jsmith,context,background detection
ATD-007-00154,2026-08-19T12:23:29Z,low,Background Review,DC-01,ACME\svc_print,context,background detection
ATD-007-01037,2026-08-19T12:27:38Z,low,Background Review,FILE-02,ACME\svc_backup,context,background detection
ATD-007-00449,2026-08-19T12:32:29Z,low,Background Review,BACKUP-01,ACME\svc_backup,context,background detection
ATD-007-00614,2026-08-19T12:38:54Z,low,Background Review,PRINT-01,ACME\jsmith,context,background detection
ATD-007-01195,2026-08-19T12:49:28Z,low,Background Review,PRINT-01,ACME\mrivera,context,background detection
ATD-007-00172,2026-08-19T12:51:30Z,low,Background Review,PRINT-01,ACME\svc_print,context,background detection
ATD-007-01774,2026-08-19T12:51:53Z,low,Background Review,APP-API-02,ACME\mrivera,context,background detection
ATD-007-00706,2026-08-19T13:00:57Z,low,Background Review,BACKUP-01,NT AUTHORITY\SYSTEM,context,background detection
ATD-007-00299,2026-08-19T13:09:43Z,low,Background Review,FIN-WS-14,NT AUTHORITY\SYSTEM,context,background detection
ATD-007-01495,2026-08-19T13:09:49Z,low,Background Review,JUMP-01,NT AUTHORITY\SYSTEM,context,background detection
ATD-007-00597,2026-08-19T13:11:41Z,low,Background Review,FIN-WS-14,ACME\jsmith,context,background detection
ATD-007-00851,2026-08-19T13:12:52Z,low,Background Review,BACKUP-01,ACME\svc_backup,context,background detection
ATD-007-01141,2026-08-19T13:16:03Z,low,Background Review,FIN-WS-14,ACME\svc_print,context,background detection
ATD-007-01766,2026-08-19T13:21:04Z,low,Background Review,FIN-WS-14,ACME\mrivera,context,background detection
ATD-007-00100,2026-08-19T13:22:04Z,low,Background Review,PRINT-01,ACME\mrivera,context,background detection
ATD-007-01546,2026-08-19T13:23:56Z,low,Background Review,APP-API-02,ACME\jsmith,context,background detection
ATD-007-01371,2026-08-19T13:33:50Z,low,Background Review,DC-01,NT AUTHORITY\SYSTEM,context,background detection
ATD-007-00474,2026-08-19T13:46:33Z,low,Background Review,JUMP-01,ACME\svc_backup,context,background detection
ATD-007-00721,2026-08-19T13:48:25Z,low,Background Review,BACKUP-01,ACME\jsmith,context,background detection
ATD-007-00996,2026-08-19T13:56:27Z,low,Background Review,FIN-WS-14,ACME\mrivera,context,background detection
ATD-007-01706,2026-08-19T13:58:43Z,low,Background Review,PRINT-01,ACME\svc_backup,context,background detection
ATD-007-00217,2026-08-19T13:59:20Z,low,Background Review,APP-API-02,ACME\svc_backup,context,background detection
ATD-007-00164,2026-08-19T14:04:27Z,low,Background Review,PRINT-01,ACME\mrivera,context,background detection
ATD-007-00387,2026-08-19T14:06:16Z,low,Background Review,APP-API-02,ACME\svc_backup,context,background detection
ATD-007-00654,2026-08-19T14:11:33Z,low,Background Review,DC-01,ACME\svc_print,context,background detection
ATD-007-00119,2026-08-19T14:15:47Z,low,Background Review,FIN-WS-14,ACME\mrivera,context,background detection
ATD-007-00493,2026-08-19T14:16:37Z,low,Background Review,PRINT-01,NT AUTHORITY\SYSTEM,context,background detection
ATD-007-00535,2026-08-19T14:19:04Z,low,Background Review,APP-API-02,ACME\svc_print,context,background detection
ATD-007-00538,2026-08-19T14:23:18Z,low,Background Review,APP-API-02,ACME\mrivera,context,background detection
ATD-007-01528,2026-08-19T14:26:37Z,low,Background Review,PRINT-01,ACME\svc_backup,context,background detection
ATD-007-00228,2026-08-19T14:27:00Z,low,Background Review,FILE-02,ACME\svc_print,context,background detection
ATD-007-00109,2026-08-19T14:27:18Z,low,Background Review,APP-API-02,ACME\svc_backup,context,background detection
ATD-007-00307,2026-08-19T14:41:57Z,low,Background Review,FILE-02,ACME\mrivera,context,background detection
ATD-007-01636,2026-08-19T14:43:44Z,low,Background Review,APP-API-02,NT AUTHORITY\SYSTEM,context,background detection
ATD-007-01299,2026-08-19T14:47:22Z,low,Background Review,FIN-WS-14,NT AUTHORITY\SYSTEM,context,background detection
ATD-007-01107,2026-08-19T14:47:59Z,low,Background Review,APP-API-02,ACME\svc_print,context,background detection
ATD-007-01110,2026-08-19T14:49:03Z,low,Background Review,DC-01,ACME\svc_backup,context,background detection
ATD-007-00577,2026-08-19T14:49:32Z,low,Background Review,BACKUP-01,ACME\svc_print,context,background detection
ATD-007-00142,2026-08-19T14:53:27Z,low,Background Review,APP-API-02,ACME\svc_backup,context,background detection
ATD-007-01303,2026-08-19T15:00:09Z,low,Background Review,FIN-WS-14,NT AUTHORITY\SYSTEM,context,background detection
ATD-007-00099,2026-08-19T15:00:12Z,low,Background Review,PRINT-01,ACME\svc_print,context,background detection
ATD-007-00756,2026-08-19T15:03:06Z,low,Background Review,PRINT-01,ACME\svc_backup,context,background detection
ATD-007-00169,2026-08-19T15:05:37Z,low,Background Review,PRINT-01,ACME\mrivera,context,background detection
ATD-007-01709,2026-08-19T15:13:39Z,low,Background Review,JUMP-01,ACME\jsmith,context,background detection
ATD-007-00010,2026-08-19T15:20:59Z,low,Background Review,FIN-WS-14,ACME\mrivera,context,background detection
ATD-007-01510,2026-08-19T15:21:42Z,low,Background Review,JUMP-01,ACME\mrivera,context,background detection
ATD-007-01683,2026-08-19T15:24:03Z,low,Background Review,FILE-02,NT AUTHORITY\SYSTEM,context,background detection
ATD-007-01057,2026-08-19T15:34:43Z,low,Background Review,DC-01,ACME\svc_print,context,background detection
ATD-007-01023,2026-08-19T15:37:58Z,low,Background Review,APP-API-02,ACME\jsmith,context,background detection
ATD-007-00852,2026-08-19T15:40:44Z,low,Background Review,DC-01,ACME\mrivera,context,background detection
ATD-007-00549,2026-08-19T15:41:26Z,low,Background Review,BACKUP-01,ACME\svc_backup,context,background detection
ATD-007-00572,2026-08-19T15:42:13Z,low,Background Review,FIN-WS-14,ACME\svc_backup,context,background detection
ATD-007-00050,2026-08-19T15:44:12Z,low,Background Review,FIN-WS-14,ACME\svc_print,context,background detection
ATD-007-01622,2026-08-19T15:57:11Z,low,Background Review,APP-API-02,ACME\mrivera,context,background detection
ATD-007-00329,2026-08-19T15:59:05Z,low,Background Review,BACKUP-01,ACME\mrivera,context,background detection
ATD-007-00401,2026-08-19T16:05:28Z,low,Background Review,PRINT-01,ACME\svc_backup,context,background detection
ATD-007-00548,2026-08-19T16:07:47Z,low,Background Review,PRINT-01,ACME\jsmith,context,background detection
ATD-007-01488,2026-08-19T16:09:14Z,low,Background Review,BACKUP-01,ACME\jsmith,context,background detection
ATD-007-00143,2026-08-19T16:24:53Z,low,Background Review,APP-API-02,ACME\svc_backup,context,background detection
ATD-007-00959,2026-08-19T16:26:26Z,low,Background Review,JUMP-01,ACME\jsmith,context,background detection
ATD-007-01290,2026-08-19T16:31:33Z,low,Background Review,PRINT-01,ACME\svc_backup,context,background detection
ATD-007-01649,2026-08-19T16:36:50Z,low,Background Review,FILE-02,ACME\jsmith,context,background detection
ATD-007-00726,2026-08-19T16:39:10Z,low,Background Review,BACKUP-01,NT AUTHORITY\SYSTEM,context,background detection
ATD-007-00278,2026-08-19T16:46:37Z,low,Background Review,DC-01,ACME\mrivera,context,background detection
ATD-007-01449,2026-08-19T16:52:21Z,low,Background Review,FILE-02,ACME\svc_backup,context,background detection
ATD-007-00071,2026-08-19T17:06:31Z,low,Background Review,PRINT-01,ACME\svc_print,context,background detection
ATD-007-00899,2026-08-19T17:06:39Z,low,Background Review,PRINT-01,ACME\svc_backup,context,background detection
ATD-007-00918,2026-08-19T17:16:07Z,low,Background Review,BACKUP-01,NT AUTHORITY\SYSTEM,context,background detection
ATD-007-00406,2026-08-19T17:17:52Z,low,Background Review,DC-01,ACME\mrivera,context,background detection
ATD-007-00864,2026-08-19T17:22:37Z,low,Background Review,BACKUP-01,ACME\svc_backup,context,background detection
ATD-007-00072,2026-08-19T17:23:10Z,low,Background Review,FILE-02,ACME\svc_backup,context,background detection
ATD-007-01777,2026-08-19T17:38:13Z,low,Background Review,APP-API-02,ACME\mrivera,context,background detection
ATD-007-01331,2026-08-19T17:39:01Z,low,Background Review,JUMP-01,ACME\mrivera,context,background detection
ATD-007-00924,2026-08-19T17:43:07Z,low,Background Review,JUMP-01,ACME\svc_print,context,background detection
ATD-007-00280,2026-08-19T17:59:03Z,low,Background Review,JUMP-01,NT AUTHORITY\SYSTEM,context,background detection
ATD-007-00015,2026-08-19T18:03:46Z,low,Background Review,BACKUP-01,ACME\mrivera,context,background detection
ATD-007-01409,2026-08-19T18:09:37Z,low,Background Review,BACKUP-01,NT AUTHORITY\SYSTEM,context,background detection
ATD-007-01467,2026-08-19T18:11:25Z,low,Background Review,FILE-02,NT AUTHORITY\SYSTEM,context,background detection
ATD-007-00579,2026-08-19T18:26:20Z,low,Background Review,DC-01,ACME\svc_print,context,background detection
ATD-007-00268,2026-08-19T18:28:14Z,low,Background Review,FIN-WS-14,ACME\mrivera,context,background detection
ATD-007-01542,2026-08-19T18:31:01Z,low,Background Review,FILE-02,NT AUTHORITY\SYSTEM,context,background detection
ATD-007-01607,2026-08-19T18:31:08Z,low,Background Review,DC-01,NT AUTHORITY\SYSTEM,context,background detection
ATD-007-01152,2026-08-19T18:32:54Z,low,Background Review,APP-API-02,ACME\mrivera,context,background detection
ATD-007-01719,2026-08-19T18:39:34Z,low,Background Review,BACKUP-01,ACME\mrivera,context,background detection
ATD-007-00216,2026-08-19T18:41:44Z,low,Background Review,JUMP-01,ACME\svc_print,context,background detection
ATD-007-00770,2026-08-19T18:43:32Z,low,Background Review,DC-01,ACME\jsmith,context,background detection
ATD-007-00927,2026-08-19T18:51:27Z,low,Background Review,APP-API-02,ACME\svc_backup,context,background detection
ATD-007-00647,2026-08-19T18:52:32Z,low,Background Review,FILE-02,ACME\mrivera,context,background detection
ATD-007-00476,2026-08-19T18:56:29Z,low,Background Review,PRINT-01,ACME\svc_print,context,background detection
ATD-007-00386,2026-08-19T19:03:57Z,low,Background Review,BACKUP-01,ACME\svc_backup,context,background detection
ATD-007-01289,2026-08-19T19:04:00Z,low,Background Review,PRINT-01,ACME\mrivera,context,background detection
ATD-007-01800,2026-08-19T19:06:38Z,low,Background Review,PRINT-01,ACME\jsmith,context,background detection
ATD-007-01445,2026-08-19T19:06:39Z,low,Background Review,APP-API-02,ACME\svc_print,context,background detection
ATD-007-01527,2026-08-19T19:08:55Z,low,Background Review,FIN-WS-14,ACME\jsmith,context,background detection
ATD-007-01623,2026-08-19T19:18:18Z,low,Background Review,BACKUP-01,ACME\mrivera,context,background detection
ATD-007-01733,2026-08-19T19:18:58Z,low,Background Review,BACKUP-01,ACME\svc_print,context,background detection
ATD-007-00813,2026-08-19T19:23:46Z,low,Background Review,APP-API-02,ACME\mrivera,context,background detection
ATD-007-01028,2026-08-19T19:24:26Z,low,Background Review,PRINT-01,ACME\svc_backup,context,background detection
ATD-007-00559,2026-08-19T19:25:10Z,low,Background Review,APP-API-02,NT AUTHORITY\SYSTEM,context,background detection
ATD-007-01439,2026-08-19T19:30:20Z,low,Background Review,FIN-WS-14,ACME\svc_print,context,background detection
ATD-007-01573,2026-08-19T19:37:39Z,low,Background Review,APP-API-02,ACME\jsmith,context,background detection
ATD-007-01406,2026-08-19T19:42:35Z,low,Background Review,DC-01,ACME\mrivera,context,background detection
ATD-007-00646,2026-08-19T19:43:02Z,low,Background Review,APP-API-02,ACME\mrivera,context,background detection
ATD-007-01054,2026-08-19T19:43:32Z,low,Background Review,JUMP-01,ACME\svc_backup,context,background detection
ATD-007-00290,2026-08-19T19:44:54Z,low,Background Review,BACKUP-01,ACME\svc_backup,context,background detection
ATD-007-01533,2026-08-19T19:49:49Z,low,Background Review,JUMP-01,ACME\jsmith,context,background detection
ATD-007-00028,2026-08-19T19:50:19Z,low,Background Review,PRINT-01,ACME\jsmith,context,background detection
ATD-007-01716,2026-08-19T19:52:40Z,low,Background Review,DC-01,ACME\jsmith,context,background detection
ATD-007-01217,2026-08-19T19:55:20Z,low,Background Review,BACKUP-01,ACME\mrivera,context,background detection
ATD-007-00934,2026-08-19T19:57:07Z,low,Background Review,DC-01,NT AUTHORITY\SYSTEM,context,background detection
ATD-007-01265,2026-08-19T19:59:47Z,low,Background Review,BACKUP-01,ACME\mrivera,context,background detection
ATD-007-01039,2026-08-19T20:03:10Z,low,Background Review,APP-API-02,ACME\mrivera,context,background detection
ATD-007-01093,2026-08-19T20:04:08Z,low,Background Review,PRINT-01,ACME\svc_print,context,background detection
ATD-007-00526,2026-08-19T20:08:40Z,low,Background Review,PRINT-01,ACME\jsmith,context,background detection
ATD-007-00186,2026-08-19T20:11:33Z,low,Background Review,APP-API-02,ACME\svc_backup,context,background detection
ATD-007-00999,2026-08-19T20:15:09Z,low,Background Review,BACKUP-01,NT AUTHORITY\SYSTEM,context,background detection
ATD-007-01692,2026-08-19T20:16:51Z,low,Background Review,FIN-WS-14,NT AUTHORITY\SYSTEM,context,background detection
ATD-007-00458,2026-08-19T20:19:15Z,low,Background Review,PRINT-01,ACME\svc_backup,context,background detection
ATD-007-00699,2026-08-19T20:25:26Z,low,Background Review,BACKUP-01,NT AUTHORITY\SYSTEM,context,background detection
ATD-007-01189,2026-08-19T20:27:38Z,low,Background Review,PRINT-01,NT AUTHORITY\SYSTEM,context,background detection
ATD-007-01302,2026-08-19T20:33:38Z,low,Background Review,JUMP-01,ACME\mrivera,context,background detection
ATD-007-00145,2026-08-19T20:35:11Z,low,Background Review,FIN-WS-14,ACME\svc_backup,context,background detection
ATD-007-01402,2026-08-19T20:37:39Z,low,Background Review,FILE-02,ACME\svc_print,context,background detection
ATD-007-00351,2026-08-19T20:39:39Z,low,Background Review,BACKUP-01,ACME\svc_backup,context,background detection
ATD-007-00410,2026-08-19T20:41:13Z,low,Background Review,APP-API-02,ACME\svc_backup,context,background detection
ATD-007-00841,2026-08-19T20:41:51Z,low,Background Review,DC-01,ACME\jsmith,context,background detection
ATD-007-01154,2026-08-19T20:43:48Z,low,Background Review,BACKUP-01,ACME\mrivera,context,background detection
ATD-007-00576,2026-08-19T20:45:05Z,low,Background Review,FIN-WS-14,ACME\svc_backup,context,background detection
ATD-007-01506,2026-08-19T20:46:53Z,low,Background Review,DC-01,ACME\svc_backup,context,background detection
ATD-007-01391,2026-08-19T20:49:17Z,low,Background Review,DC-01,ACME\svc_backup,context,background detection
ATD-007-00134,2026-08-19T20:56:01Z,low,Background Review,JUMP-01,NT AUTHORITY\SYSTEM,context,background detection
ATD-007-01343,2026-08-19T21:03:45Z,low,Background Review,DC-01,ACME\svc_backup,context,background detection
ATD-007-01787,2026-08-19T21:30:34Z,low,Background Review,FILE-02,ACME\jsmith,context,background detection
ATD-007-01149,2026-08-19T21:33:26Z,low,Background Review,BACKUP-01,ACME\svc_print,context,background detection
ATD-007-00462,2026-08-19T21:33:55Z,low,Background Review,PRINT-01,ACME\svc_backup,context,background detection
ATD-007-01781,2026-08-19T21:38:38Z,low,Background Review,JUMP-01,ACME\svc_backup,context,background detection
ATD-007-00084,2026-08-19T21:42:26Z,low,Background Review,APP-API-02,ACME\svc_print,context,background detection
ATD-007-00421,2026-08-19T21:48:57Z,low,Background Review,JUMP-01,ACME\svc_print,context,background detection
ATD-007-00156,2026-08-19T21:57:58Z,low,Background Review,DC-01,ACME\mrivera,context,background detection
ATD-007-00130,2026-08-19T22:06:52Z,low,Background Review,PRINT-01,ACME\svc_backup,context,background detection
ATD-007-00226,2026-08-19T22:07:06Z,low,Background Review,FILE-02,ACME\svc_backup,context,background detection
ATD-007-01732,2026-08-19T22:07:13Z,low,Background Review,PRINT-01,ACME\svc_backup,context,background detection
ATD-007-01775,2026-08-19T22:12:18Z,low,Background Review,FIN-WS-14,ACME\jsmith,context,background detection
ATD-007-01667,2026-08-19T22:18:44Z,low,Background Review,JUMP-01,ACME\jsmith,context,background detection
ATD-007-01723,2026-08-19T22:21:59Z,low,Background Review,BACKUP-01,NT AUTHORITY\SYSTEM,context,background detection
ATD-007-01187,2026-08-19T22:25:40Z,low,Background Review,BACKUP-01,ACME\jsmith,context,background detection
ATD-007-00976,2026-08-19T22:51:04Z,low,Background Review,FILE-02,ACME\svc_backup,context,background detection
ATD-007-00605,2026-08-19T22:56:59Z,low,Background Review,JUMP-01,ACME\svc_backup,context,background detection
ATD-007-00450,2026-08-19T23:03:51Z,low,Background Review,FILE-02,ACME\svc_backup,context,background detection
ATD-007-00372,2026-08-19T23:05:25Z,low,Background Review,APP-API-02,ACME\svc_backup,context,background detection
ATD-007-01474,2026-08-19T23:11:02Z,low,Background Review,FIN-WS-14,ACME\svc_print,context,background detection
ATD-007-00224,2026-08-19T23:15:42Z,low,Background Review,FIN-WS-14,ACME\jsmith,context,background detection
ATD-007-01697,2026-08-19T23:20:44Z,low,Background Review,DC-01,NT AUTHORITY\SYSTEM,context,background detection
ATD-007-01175,2026-08-19T23:21:06Z,low,Background Review,FILE-02,ACME\svc_print,context,background detection
ATD-007-00432,2026-08-19T23:22:54Z,low,Background Review,FIN-WS-14,ACME\mrivera,context,background detection
ATD-007-01604,2026-08-19T23:25:01Z,low,Background Review,DC-01,ACME\svc_print,context,background detection
ATD-007-01421,2026-08-19T23:26:59Z,low,Background Review,JUMP-01,ACME\jsmith,context,background detection
ATD-007-01389,2026-08-19T23:38:55Z,low,Background Review,FILE-02,ACME\jsmith,context,background detection
ATD-007-01395,2026-08-19T23:51:10Z,low,Background Review,APP-API-02,ACME\svc_print,context,background detection
ATD-007-00920,2026-08-19T23:54:07Z,low,Background Review,DC-01,ACME\svc_backup,context,background detection
ATD-007-01235,2026-08-20T00:03:48Z,low,Background Review,BACKUP-01,ACME\mrivera,context,background detection
ATD-007-01211,2026-08-20T00:06:34Z,low,Background Review,FILE-02,ACME\svc_backup,context,background detection
ATD-007-00593,2026-08-20T00:07:51Z,low,Background Review,APP-API-02,ACME\svc_print,context,background detection
ATD-007-01521,2026-08-20T00:17:31Z,low,Background Review,FIN-WS-14,ACME\jsmith,context,background detection
ATD-007-01016,2026-08-20T00:19:40Z,low,Background Review,APP-API-02,ACME\jsmith,context,background detection
ATD-007-00868,2026-08-20T00:21:09Z,low,Background Review,APP-API-02,ACME\svc_print,context,background detection
ATD-007-00993,2026-08-20T00:22:15Z,low,Background Review,FIN-WS-14,ACME\svc_backup,context,background detection
ATD-007-00443,2026-08-20T00:23:21Z,low,Background Review,PRINT-01,NT AUTHORITY\SYSTEM,context,background detection
ATD-007-00863,2026-08-20T00:24:35Z,low,Background Review,PRINT-01,ACME\svc_backup,context,background detection
ATD-007-00447,2026-08-20T00:30:58Z,low,Background Review,BACKUP-01,ACME\svc_print,context,background detection
ATD-007-00541,2026-08-20T00:31:24Z,low,Background Review,JUMP-01,NT AUTHORITY\SYSTEM,context,background detection
ATD-007-00807,2026-08-20T00:31:45Z,low,Background Review,BACKUP-01,ACME\mrivera,context,background detection
ATD-007-01198,2026-08-20T00:32:49Z,low,Background Review,PRINT-01,ACME\svc_print,context,background detection
ATD-007-01126,2026-08-20T00:37:09Z,low,Background Review,APP-API-02,ACME\jsmith,context,background detection
ATD-007-00515,2026-08-20T00:39:42Z,low,Background Review,DC-01,ACME\svc_backup,context,background detection
ATD-007-00104,2026-08-20T00:41:23Z,low,Background Review,FILE-02,ACME\mrivera,context,background detection
ATD-007-00663,2026-08-20T00:42:46Z,low,Background Review,DC-01,ACME\svc_print,context,background detection
ATD-007-00717,2026-08-20T00:54:42Z,low,Background Review,PRINT-01,ACME\svc_backup,context,background detection
ATD-007-00737,2026-08-20T00:55:53Z,low,Background Review,DC-01,ACME\jsmith,context,background detection
ATD-007-00687,2026-08-20T01:00:56Z,low,Background Review,DC-01,ACME\svc_backup,context,background detection
ATD-007-01681,2026-08-20T01:02:52Z,low,Background Review,FILE-02,NT AUTHORITY\SYSTEM,context,background detection
ATD-007-00337,2026-08-20T01:03:09Z,low,Background Review,DC-01,ACME\jsmith,context,background detection
ATD-007-00792,2026-08-20T01:11:19Z,low,Background Review,FIN-WS-14,NT AUTHORITY\SYSTEM,context,background detection
ATD-007-01791,2026-08-20T01:14:40Z,low,Background Review,FILE-02,ACME\mrivera,context,background detection
ATD-007-01718,2026-08-20T01:15:16Z,low,Background Review,DC-01,ACME\svc_print,context,background detection
ATD-007-01276,2026-08-20T01:18:11Z,low,Background Review,DC-01,NT AUTHORITY\SYSTEM,context,background detection
ATD-007-00847,2026-08-20T01:20:22Z,low,Background Review,PRINT-01,ACME\mrivera,context,background detection
ATD-007-01536,2026-08-20T01:21:22Z,low,Background Review,BACKUP-01,ACME\mrivera,context,background detection
ATD-007-01762,2026-08-20T01:25:45Z,low,Background Review,APP-API-02,ACME\jsmith,context,background detection
ATD-007-01044,2026-08-20T01:30:08Z,low,Background Review,PRINT-01,ACME\jsmith,context,background detection
ATD-007-00740,2026-08-20T01:33:44Z,low,Background Review,BACKUP-01,ACME\jsmith,context,background detection
ATD-007-00497,2026-08-20T01:34:34Z,low,Background Review,DC-01,ACME\svc_print,context,background detection
ATD-007-01292,2026-08-20T01:41:16Z,low,Background Review,BACKUP-01,ACME\mrivera,context,background detection
ATD-007-00137,2026-08-20T01:45:35Z,low,Background Review,DC-01,NT AUTHORITY\SYSTEM,context,background detection
ATD-007-01644,2026-08-20T01:46:34Z,low,Background Review,PRINT-01,ACME\jsmith,context,background detection
ATD-007-01400,2026-08-20T01:53:34Z,low,Background Review,JUMP-01,ACME\svc_print,context,background detection
ATD-007-01288,2026-08-20T01:54:53Z,low,Background Review,BACKUP-01,ACME\mrivera,context,background detection
ATD-007-00231,2026-08-20T02:05:46Z,low,Background Review,FILE-02,ACME\mrivera,context,background detection
ATD-007-00331,2026-08-20T02:11:35Z,low,Background Review,FIN-WS-14,ACME\svc_print,context,background detection
ATD-007-00967,2026-08-20T02:12:43Z,low,Background Review,FILE-02,ACME\jsmith,context,background detection
ATD-007-00619,2026-08-20T02:22:09Z,low,Background Review,JUMP-01,ACME\svc_print,context,background detection
ATD-007-01261,2026-08-20T02:28:37Z,low,Background Review,JUMP-01,NT AUTHORITY\SYSTEM,context,background detection
ATD-007-00672,2026-08-20T02:29:13Z,low,Background Review,PRINT-01,ACME\svc_print,context,background detection
ATD-007-01502,2026-08-20T02:29:54Z,low,Background Review,FIN-WS-14,ACME\jsmith,context,background detection
ATD-007-00903,2026-08-20T02:39:24Z,low,Background Review,FIN-WS-14,ACME\svc_backup,context,background detection
ATD-007-00507,2026-08-20T02:43:09Z,low,Background Review,BACKUP-01,ACME\mrivera,context,background detection
ATD-007-01491,2026-08-20T02:45:51Z,low,Background Review,FIN-WS-14,NT AUTHORITY\SYSTEM,context,background detection
ATD-007-00785,2026-08-20T02:47:05Z,low,Background Review,BACKUP-01,ACME\jsmith,context,background detection
ATD-007-01702,2026-08-20T02:48:09Z,low,Background Review,APP-API-02,ACME\svc_backup,context,background detection
ATD-007-00980,2026-08-20T02:51:57Z,low,Background Review,DC-01,ACME\svc_backup,context,background detection
ATD-007-00564,2026-08-20T02:52:19Z,low,Background Review,FIN-WS-14,NT AUTHORITY\SYSTEM,context,background detection
ATD-007-01401,2026-08-20T03:02:24Z,low,Background Review,APP-API-02,NT AUTHORITY\SYSTEM,context,background detection
ATD-007-01260,2026-08-20T03:03:47Z,low,Background Review,JUMP-01,ACME\mrivera,context,background detection
ATD-007-01064,2026-08-20T03:04:53Z,low,Background Review,JUMP-01,ACME\jsmith,context,background detection
ATD-007-01544,2026-08-20T03:09:22Z,low,Background Review,APP-API-02,ACME\svc_print,context,background detection
ATD-007-00783,2026-08-20T03:11:01Z,low,Background Review,PRINT-01,NT AUTHORITY\SYSTEM,context,background detection
ATD-007-00902,2026-08-20T03:12:07Z,low,Background Review,JUMP-01,ACME\mrivera,context,background detection
ATD-007-01001,2026-08-20T03:19:59Z,low,Background Review,JUMP-01,ACME\svc_backup,context,background detection
ATD-007-01138,2026-08-20T03:21:55Z,low,Background Review,APP-API-02,ACME\svc_backup,context,background detection
ATD-007-00128,2026-08-20T03:34:41Z,low,Background Review,FILE-02,ACME\jsmith,context,background detection
ATD-007-01754,2026-08-20T03:36:45Z,low,Background Review,BACKUP-01,ACME\svc_backup,context,background detection
ATD-007-00461,2026-08-20T03:38:44Z,low,Background Review,PRINT-01,NT AUTHORITY\SYSTEM,context,background detection
ATD-007-01166,2026-08-20T03:40:36Z,low,Background Review,BACKUP-01,ACME\svc_backup,context,background detection
ATD-007-01410,2026-08-20T03:44:15Z,low,Background Review,DC-01,ACME\svc_backup,context,background detection
ATD-007-00455,2026-08-20T03:46:47Z,low,Background Review,APP-API-02,ACME\jsmith,context,background detection
ATD-007-01469,2026-08-20T03:54:20Z,low,Background Review,FILE-02,ACME\svc_backup,context,background detection
ATD-007-00749,2026-08-20T03:55:00Z,low,Background Review,JUMP-01,ACME\svc_print,context,background detection
ATD-007-00527,2026-08-20T04:05:18Z,low,Background Review,BACKUP-01,ACME\svc_backup,context,background detection
ATD-007-00857,2026-08-20T04:06:38Z,low,Background Review,FIN-WS-14,ACME\jsmith,context,background detection
ATD-007-01532,2026-08-20T04:06:44Z,low,Background Review,DC-01,NT AUTHORITY\SYSTEM,context,background detection
ATD-007-01282,2026-08-20T04:07:10Z,low,Background Review,JUMP-01,ACME\svc_print,context,background detection
ATD-007-00688,2026-08-20T04:11:53Z,low,Background Review,FILE-02,NT AUTHORITY\SYSTEM,context,background detection
ATD-007-00479,2026-08-20T04:19:33Z,low,Background Review,FILE-02,ACME\svc_backup,context,background detection
ATD-007-00891,2026-08-20T04:24:28Z,low,Background Review,FIN-WS-14,ACME\svc_print,context,background detection
ATD-007-00073,2026-08-20T04:29:48Z,low,Background Review,FILE-02,NT AUTHORITY\SYSTEM,context,background detection
ATD-007-00984,2026-08-20T04:32:57Z,low,Background Review,DC-01,ACME\svc_print,context,background detection
ATD-007-01736,2026-08-20T04:40:15Z,low,Background Review,JUMP-01,ACME\svc_print,context,background detection
ATD-007-01337,2026-08-20T04:40:37Z,low,Background Review,FIN-WS-14,NT AUTHORITY\SYSTEM,context,background detection
ATD-007-01612,2026-08-20T04:43:51Z,low,Background Review,BACKUP-01,ACME\mrivera,context,background detection
ATD-007-00887,2026-08-20T04:45:35Z,low,Background Review,BACKUP-01,ACME\jsmith,context,background detection
ATD-007-00070,2026-08-20T04:46:24Z,low,Background Review,JUMP-01,ACME\svc_backup,context,background detection
ATD-007-01458,2026-08-20T04:48:49Z,low,Background Review,APP-API-02,NT AUTHORITY\SYSTEM,context,background detection
ATD-007-01540,2026-08-20T04:50:54Z,low,Background Review,JUMP-01,NT AUTHORITY\SYSTEM,context,background detection
ATD-007-01344,2026-08-20T04:53:03Z,low,Background Review,APP-API-02,ACME\svc_print,context,background detection
ATD-007-00964,2026-08-20T04:57:48Z,low,Background Review,PRINT-01,ACME\svc_print,context,background detection
ATD-007-00194,2026-08-20T04:58:29Z,low,Background Review,FIN-WS-14,NT AUTHORITY\SYSTEM,context,background detection
ATD-007-00326,2026-08-20T05:01:27Z,low,Background Review,FILE-02,ACME\mrivera,context,background detection
ATD-007-01108,2026-08-20T05:03:31Z,low,Background Review,DC-01,ACME\mrivera,context,background detection
ATD-007-01731,2026-08-20T05:16:30Z,low,Background Review,JUMP-01,ACME\mrivera,context,background detection
ATD-007-01116,2026-08-20T05:17:11Z,low,Background Review,FILE-02,NT AUTHORITY\SYSTEM,context,background detection
ATD-007-00276,2026-08-20T05:28:23Z,low,Background Review,FIN-WS-14,ACME\svc_print,context,background detection
ATD-007-01418,2026-08-20T05:29:42Z,low,Background Review,DC-01,ACME\jsmith,context,background detection
ATD-007-00890,2026-08-20T05:31:06Z,low,Background Review,APP-API-02,ACME\mrivera,context,background detection
ATD-007-01772,2026-08-20T05:33:07Z,low,Background Review,DC-01,ACME\svc_backup,context,background detection
ATD-007-01142,2026-08-20T05:35:27Z,low,Background Review,JUMP-01,ACME\svc_print,context,background detection
ATD-007-01135,2026-08-20T05:37:17Z,low,Background Review,PRINT-01,ACME\jsmith,context,background detection
ATD-007-00397,2026-08-20T05:38:25Z,low,Background Review,APP-API-02,NT AUTHORITY\SYSTEM,context,background detection
ATD-007-01009,2026-08-20T05:39:50Z,low,Background Review,DC-01,ACME\mrivera,context,background detection
ATD-007-01494,2026-08-20T05:47:44Z,low,Background Review,APP-API-02,NT AUTHORITY\SYSTEM,context,background detection
ATD-007-00878,2026-08-20T05:52:24Z,low,Background Review,FILE-02,ACME\svc_backup,context,background detection
ATD-007-01326,2026-08-20T05:58:47Z,low,Background Review,JUMP-01,ACME\mrivera,context,background detection
ATD-007-00419,2026-08-20T06:03:08Z,low,Background Review,PRINT-01,ACME\mrivera,context,background detection
ATD-007-01355,2026-08-20T06:05:29Z,low,Background Review,DC-01,ACME\mrivera,context,background detection
ATD-007-00809,2026-08-20T06:07:07Z,low,Background Review,JUMP-01,ACME\svc_print,context,background detection
ATD-007-01567,2026-08-20T06:10:17Z,low,Background Review,BACKUP-01,ACME\svc_print,context,background detection
ATD-007-01379,2026-08-20T06:11:45Z,low,Background Review,APP-API-02,ACME\svc_print,context,background detection
ATD-007-01668,2026-08-20T06:19:33Z,low,Background Review,JUMP-01,NT AUTHORITY\SYSTEM,context,background detection
ATD-007-00649,2026-08-20T06:22:17Z,low,Background Review,DC-01,ACME\jsmith,context,background detection
ATD-007-00316,2026-08-20T06:29:43Z,low,Background Review,DC-01,ACME\mrivera,context,background detection
ATD-007-00875,2026-08-20T06:34:51Z,low,Background Review,FILE-02,NT AUTHORITY\SYSTEM,context,background detection
ATD-007-01011,2026-08-20T06:51:50Z,low,Background Review,PRINT-01,NT AUTHORITY\SYSTEM,context,background detection
ATD-007-00739,2026-08-20T06:56:19Z,low,Background Review,DC-01,ACME\jsmith,context,background detection
ATD-007-01522,2026-08-20T06:57:43Z,low,Background Review,APP-API-02,NT AUTHORITY\SYSTEM,context,background detection
ATD-007-01634,2026-08-20T06:58:52Z,low,Background Review,APP-API-02,ACME\mrivera,context,background detection
ATD-007-00617,2026-08-20T07:00:53Z,low,Background Review,JUMP-01,NT AUTHORITY\SYSTEM,context,background detection
ATD-007-00076,2026-08-20T07:06:15Z,low,Background Review,DC-01,ACME\svc_backup,context,background detection
ATD-007-00188,2026-08-20T07:14:05Z,low,Background Review,PRINT-01,ACME\jsmith,context,background detection
ATD-007-01539,2026-08-20T07:30:31Z,low,Background Review,FILE-02,ACME\jsmith,context,background detection
ATD-007-00938,2026-08-20T07:51:39Z,low,Background Review,JUMP-01,ACME\svc_print,context,background detection
ATD-007-00293,2026-08-20T07:59:56Z,low,Background Review,FILE-02,ACME\svc_backup,context,background detection
ATD-007-00531,2026-08-20T08:00:14Z,low,Background Review,PRINT-01,ACME\mrivera,context,background detection
ATD-007-00083,2026-08-20T08:04:56Z,low,Background Review,BACKUP-01,ACME\jsmith,context,background detection
ATD-007-01213,2026-08-20T08:18:33Z,low,Background Review,BACKUP-01,ACME\svc_print,context,background detection
ATD-007-01694,2026-08-20T08:19:56Z,low,Background Review,DC-01,NT AUTHORITY\SYSTEM,context,background detection
ATD-007-01459,2026-08-20T08:24:33Z,low,Background Review,FILE-02,ACME\jsmith,context,background detection
ATD-007-01551,2026-08-20T08:30:28Z,low,Background Review,JUMP-01,ACME\svc_print,context,background detection
ATD-007-01062,2026-08-20T08:32:32Z,low,Background Review,PRINT-01,ACME\svc_print,context,background detection
ATD-007-01026,2026-08-20T08:33:00Z,low,Background Review,APP-API-02,ACME\mrivera,context,background detection
ATD-007-00869,2026-08-20T08:37:41Z,low,Background Review,FILE-02,ACME\jsmith,context,background detection
ATD-007-01743,2026-08-20T08:38:03Z,low,Background Review,APP-API-02,NT AUTHORITY\SYSTEM,context,background detection
ATD-007-00570,2026-08-20T08:41:55Z,low,Background Review,DC-01,NT AUTHORITY\SYSTEM,context,background detection
ATD-007-00203,2026-08-20T08:49:49Z,low,Background Review,DC-01,ACME\mrivera,context,background detection
ATD-007-00627,2026-08-20T08:55:38Z,low,Background Review,DC-01,ACME\mrivera,context,background detection
ATD-007-00703,2026-08-20T08:58:32Z,low,Background Review,PRINT-01,ACME\svc_backup,context,background detection
ATD-007-01045,2026-08-20T09:02:05Z,low,Background Review,BACKUP-01,NT AUTHORITY\SYSTEM,context,background detection
ATD-007-00347,2026-08-20T09:02:32Z,low,Background Review,FILE-02,ACME\svc_backup,context,background detection
ATD-007-00668,2026-08-20T09:14:02Z,low,Background Review,PRINT-01,ACME\mrivera,context,background detection
ATD-007-00517,2026-08-20T09:15:02Z,low,Background Review,BACKUP-01,ACME\svc_backup,context,background detection
ATD-007-00909,2026-08-20T09:16:08Z,low,Background Review,PRINT-01,ACME\svc_backup,context,background detection
ATD-007-00023,2026-08-20T09:20:29Z,low,Background Review,APP-API-02,ACME\jsmith,context,background detection
ATD-007-00673,2026-08-20T09:21:33Z,low,Background Review,FIN-WS-14,ACME\svc_backup,context,background detection
ATD-007-00322,2026-08-20T09:24:54Z,low,Background Review,JUMP-01,NT AUTHORITY\SYSTEM,context,background detection
ATD-007-00856,2026-08-20T09:27:09Z,low,Background Review,FIN-WS-14,ACME\svc_backup,context,background detection
ATD-007-01434,2026-08-20T09:33:17Z,low,Background Review,BACKUP-01,NT AUTHORITY\SYSTEM,context,background detection
ATD-007-01722,2026-08-20T09:34:34Z,low,Background Review,DC-01,ACME\jsmith,context,background detection
ATD-007-00298,2026-08-20T09:41:31Z,low,Background Review,BACKUP-01,ACME\mrivera,context,background detection
ATD-007-00422,2026-08-20T09:41:36Z,low,Background Review,PRINT-01,ACME\svc_backup,context,background detection
ATD-007-01633,2026-08-20T09:51:11Z,low,Background Review,DC-01,NT AUTHORITY\SYSTEM,context,background detection
ATD-007-01685,2026-08-20T09:51:46Z,low,Background Review,FILE-02,ACME\svc_backup,context,background detection
ATD-007-00012,2026-08-20T09:53:10Z,low,Background Review,FILE-02,ACME\jsmith,context,background detection
ATD-007-01124,2026-08-20T09:53:48Z,low,Background Review,JUMP-01,ACME\mrivera,context,background detection
ATD-007-00889,2026-08-20T09:54:32Z,low,Background Review,JUMP-01,ACME\mrivera,context,background detection
ATD-007-01225,2026-08-20T10:01:41Z,low,Background Review,BACKUP-01,ACME\jsmith,context,background detection
ATD-007-00969,2026-08-20T10:08:40Z,low,Background Review,FIN-WS-14,ACME\jsmith,context,background detection
ATD-007-00044,2026-08-20T10:08:55Z,low,Background Review,FILE-02,NT AUTHORITY\SYSTEM,context,background detection
ATD-007-00900,2026-08-20T10:10:20Z,low,Background Review,APP-API-02,ACME\mrivera,context,background detection
ATD-007-01453,2026-08-20T10:12:41Z,low,Background Review,BACKUP-01,ACME\svc_print,context,background detection
ATD-007-00893,2026-08-20T10:14:18Z,low,Background Review,JUMP-01,ACME\svc_print,context,background detection
ATD-007-00356,2026-08-20T10:20:00Z,low,Background Review,BACKUP-01,ACME\mrivera,context,background detection
ATD-007-00575,2026-08-20T10:21:00Z,low,Background Review,DC-01,ACME\jsmith,context,background detection
ATD-007-01786,2026-08-20T10:24:25Z,low,Background Review,JUMP-01,ACME\mrivera,context,background detection
ATD-007-00639,2026-08-20T10:25:33Z,low,Background Review,FILE-02,ACME\jsmith,context,background detection
ATD-007-00317,2026-08-20T10:26:26Z,low,Background Review,DC-01,ACME\svc_print,context,background detection
ATD-007-00198,2026-08-20T10:27:46Z,low,Background Review,FILE-02,NT AUTHORITY\SYSTEM,context,background detection
ATD-007-01305,2026-08-20T10:33:37Z,low,Background Review,APP-API-02,ACME\svc_backup,context,background detection
ATD-007-00420,2026-08-20T10:34:17Z,low,Background Review,APP-API-02,ACME\mrivera,context,background detection
ATD-007-01611,2026-08-20T10:35:28Z,low,Background Review,JUMP-01,ACME\svc_backup,context,background detection
ATD-007-00222,2026-08-20T10:46:59Z,low,Background Review,APP-API-02,ACME\jsmith,context,background detection
ATD-007-00787,2026-08-20T10:48:25Z,low,Background Review,JUMP-01,ACME\svc_print,context,background detection
ATD-007-01682,2026-08-20T10:49:52Z,low,Background Review,FILE-02,ACME\mrivera,context,background detection
ATD-007-00933,2026-08-20T11:03:02Z,low,Background Review,APP-API-02,ACME\mrivera,context,background detection
ATD-007-01564,2026-08-20T11:03:23Z,low,Background Review,BACKUP-01,ACME\mrivera,context,background detection
ATD-007-00361,2026-08-20T11:11:10Z,low,Background Review,FIN-WS-14,NT AUTHORITY\SYSTEM,context,background detection
ATD-007-00112,2026-08-20T11:12:56Z,low,Background Review,DC-01,ACME\jsmith,context,background detection
ATD-007-01507,2026-08-20T11:14:37Z,low,Background Review,JUMP-01,ACME\jsmith,context,background detection
ATD-007-00707,2026-08-20T11:18:04Z,low,Background Review,FILE-02,ACME\mrivera,context,background detection
ATD-007-01296,2026-08-20T11:25:22Z,low,Background Review,DC-01,ACME\jsmith,context,background detection
ATD-007-00320,2026-08-20T11:27:36Z,low,Background Review,JUMP-01,ACME\mrivera,context,background detection
ATD-007-01266,2026-08-20T11:27:50Z,low,Background Review,DC-01,ACME\svc_backup,context,background detection
ATD-007-00537,2026-08-20T11:27:53Z,low,Background Review,FIN-WS-14,NT AUTHORITY\SYSTEM,context,background detection
ATD-007-01338,2026-08-20T11:30:11Z,low,Background Review,FIN-WS-14,ACME\svc_print,context,background detection
ATD-007-01100,2026-08-20T11:54:43Z,low,Background Review,FILE-02,ACME\jsmith,context,background detection
ATD-007-00394,2026-08-20T12:00:46Z,low,Background Review,PRINT-01,NT AUTHORITY\SYSTEM,context,background detection
ATD-007-00166,2026-08-20T12:14:10Z,low,Background Review,JUMP-01,ACME\mrivera,context,background detection
ATD-007-00561,2026-08-20T12:17:47Z,low,Background Review,FIN-WS-14,ACME\svc_print,context,background detection
ATD-007-01024,2026-08-20T12:17:48Z,low,Background Review,BACKUP-01,ACME\jsmith,context,background detection
ATD-007-00444,2026-08-20T12:20:24Z,low,Background Review,FILE-02,ACME\jsmith,context,background detection
ATD-007-01085,2026-08-20T12:26:27Z,low,Background Review,FIN-WS-14,ACME\svc_backup,context,background detection
ATD-007-01382,2026-08-20T12:28:40Z,low,Background Review,FILE-02,ACME\svc_print,context,background detection
ATD-007-00849,2026-08-20T12:30:33Z,low,Background Review,FILE-02,NT AUTHORITY\SYSTEM,context,background detection
ATD-007-01584,2026-08-20T12:35:25Z,low,Background Review,BACKUP-01,ACME\jsmith,context,background detection
ATD-007-01083,2026-08-20T12:38:42Z,low,Background Review,FIN-WS-14,ACME\svc_print,context,background detection
ATD-007-01393,2026-08-20T12:41:02Z,low,Background Review,APP-API-02,NT AUTHORITY\SYSTEM,context,background detection
ATD-007-01487,2026-08-20T12:41:06Z,low,Background Review,FILE-02,ACME\svc_backup,context,background detection
ATD-007-01304,2026-08-20T12:43:18Z,low,Background Review,FILE-02,ACME\mrivera,context,background detection
ATD-007-01405,2026-08-20T12:52:59Z,low,Background Review,JUMP-01,ACME\mrivera,context,background detection
ATD-007-00121,2026-08-20T13:00:02Z,low,Background Review,BACKUP-01,ACME\jsmith,context,background detection
ATD-007-00823,2026-08-20T13:01:06Z,low,Background Review,BACKUP-01,NT AUTHORITY\SYSTEM,context,background detection
ATD-007-00595,2026-08-20T13:03:36Z,low,Background Review,FIN-WS-14,ACME\svc_print,context,background detection
ATD-007-00227,2026-08-20T13:05:34Z,low,Background Review,BACKUP-01,NT AUTHORITY\SYSTEM,context,background detection
ATD-007-00522,2026-08-20T13:10:23Z,low,Background Review,DC-01,ACME\svc_print,context,background detection
ATD-007-00591,2026-08-20T13:10:35Z,low,Background Review,APP-API-02,ACME\mrivera,context,background detection
ATD-007-01392,2026-08-20T13:10:56Z,low,Background Review,FILE-02,NT AUTHORITY\SYSTEM,context,background detection
ATD-007-00578,2026-08-20T13:12:56Z,low,Background Review,FILE-02,NT AUTHORITY\SYSTEM,context,background detection
ATD-007-01233,2026-08-20T13:20:09Z,low,Background Review,DC-01,ACME\svc_backup,context,background detection
ATD-007-01662,2026-08-20T13:25:26Z,low,Background Review,FIN-WS-14,ACME\svc_print,context,background detection
ATD-007-01413,2026-08-20T13:26:04Z,low,Background Review,BACKUP-01,ACME\mrivera,context,background detection
ATD-007-00067,2026-08-20T13:28:38Z,low,Background Review,APP-API-02,ACME\svc_backup,context,background detection
ATD-007-01258,2026-08-20T13:29:35Z,low,Background Review,BACKUP-01,NT AUTHORITY\SYSTEM,context,background detection
ATD-007-01156,2026-08-20T13:30:01Z,low,Background Review,BACKUP-01,ACME\jsmith,context,background detection
ATD-007-01572,2026-08-20T13:33:14Z,low,Background Review,PRINT-01,ACME\jsmith,context,background detection
ATD-007-01635,2026-08-20T13:33:29Z,low,Background Review,PRINT-01,ACME\jsmith,context,background detection
ATD-007-00843,2026-08-20T13:36:58Z,low,Background Review,JUMP-01,NT AUTHORITY\SYSTEM,context,background detection
ATD-007-00213,2026-08-20T13:41:28Z,low,Background Review,BACKUP-01,ACME\jsmith,context,background detection
ATD-007-01726,2026-08-20T13:43:41Z,low,Background Review,APP-API-02,ACME\mrivera,context,background detection
ATD-007-00666,2026-08-20T13:52:17Z,low,Background Review,FILE-02,ACME\svc_backup,context,background detection
ATD-007-00223,2026-08-20T13:59:22Z,low,Background Review,BACKUP-01,ACME\svc_backup,context,background detection
ATD-007-01140,2026-08-20T14:00:46Z,low,Background Review,BACKUP-01,NT AUTHORITY\SYSTEM,context,background detection
ATD-007-01061,2026-08-20T14:06:13Z,low,Background Review,FILE-02,ACME\svc_print,context,background detection
ATD-007-00506,2026-08-20T14:07:22Z,low,Background Review,APP-API-02,NT AUTHORITY\SYSTEM,context,background detection
ATD-007-01541,2026-08-20T14:07:40Z,low,Background Review,APP-API-02,ACME\svc_backup,context,background detection
ATD-007-00413,2026-08-20T14:12:28Z,low,Background Review,DC-01,ACME\mrivera,context,background detection
ATD-007-01185,2026-08-20T14:13:57Z,low,Background Review,DC-01,ACME\svc_print,context,background detection
ATD-007-01167,2026-08-20T14:16:56Z,low,Background Review,JUMP-01,ACME\jsmith,context,background detection
ATD-007-01411,2026-08-20T14:21:07Z,low,Background Review,BACKUP-01,NT AUTHORITY\SYSTEM,context,background detection
ATD-007-00603,2026-08-20T14:26:29Z,low,Background Review,DC-01,ACME\svc_backup,context,background detection
ATD-007-01744,2026-08-20T14:26:51Z,low,Background Review,APP-API-02,ACME\svc_print,context,background detection
ATD-007-01173,2026-08-20T14:36:43Z,low,Background Review,APP-API-02,ACME\mrivera,context,background detection
ATD-007-00294,2026-08-20T14:39:05Z,low,Background Review,JUMP-01,ACME\svc_backup,context,background detection
ATD-007-00805,2026-08-20T14:39:24Z,low,Background Review,JUMP-01,ACME\mrivera,context,background detection
ATD-007-01286,2026-08-20T14:44:11Z,low,Background Review,BACKUP-01,ACME\svc_backup,context,background detection
ATD-007-01373,2026-08-20T14:46:38Z,low,Background Review,FILE-02,NT AUTHORITY\SYSTEM,context,background detection
ATD-007-00610,2026-08-20T14:54:16Z,low,Background Review,PRINT-01,ACME\mrivera,context,background detection
ATD-007-00712,2026-08-20T14:59:49Z,low,Background Review,DC-01,ACME\svc_backup,context,background detection
ATD-007-01370,2026-08-20T15:07:01Z,low,Background Review,JUMP-01,ACME\svc_backup,context,background detection
ATD-007-00103,2026-08-20T15:08:55Z,low,Background Review,FILE-02,NT AUTHORITY\SYSTEM,context,background detection
ATD-007-00208,2026-08-20T15:13:07Z,low,Background Review,JUMP-01,NT AUTHORITY\SYSTEM,context,background detection
ATD-007-00635,2026-08-20T15:14:45Z,low,Background Review,FIN-WS-14,ACME\svc_print,context,background detection
ATD-007-00683,2026-08-20T15:30:31Z,low,Background Review,JUMP-01,NT AUTHORITY\SYSTEM,context,background detection
ATD-007-01133,2026-08-20T15:33:21Z,low,Background Review,FILE-02,ACME\svc_backup,context,background detection
ATD-007-01237,2026-08-20T15:35:40Z,low,Background Review,FIN-WS-14,ACME\mrivera,context,background detection
ATD-007-01431,2026-08-20T15:37:52Z,low,Background Review,FILE-02,ACME\svc_print,context,background detection
ATD-007-00638,2026-08-20T15:53:16Z,low,Background Review,DC-01,NT AUTHORITY\SYSTEM,context,background detection
ATD-007-01646,2026-08-20T15:59:26Z,low,Background Review,JUMP-01,ACME\mrivera,context,background detection
ATD-007-00428,2026-08-20T15:59:36Z,low,Background Review,DC-01,ACME\svc_backup,context,background detection
ATD-007-01046,2026-08-20T16:00:27Z,low,Background Review,JUMP-01,ACME\svc_print,context,background detection
ATD-007-00033,2026-08-20T16:10:26Z,low,Background Review,JUMP-01,ACME\svc_backup,context,background detection
ATD-007-01700,2026-08-20T16:17:51Z,low,Background Review,JUMP-01,NT AUTHORITY\SYSTEM,context,background detection
ATD-007-01734,2026-08-20T16:20:43Z,low,Background Review,FILE-02,NT AUTHORITY\SYSTEM,context,background detection
ATD-007-01569,2026-08-20T16:24:01Z,low,Background Review,FILE-02,NT AUTHORITY\SYSTEM,context,background detection
ATD-007-01739,2026-08-20T16:24:23Z,low,Background Review,APP-API-02,ACME\svc_print,context,background detection
ATD-007-01243,2026-08-20T16:24:26Z,low,Background Review,DC-01,ACME\mrivera,context,background detection
ATD-007-00676,2026-08-20T16:27:47Z,low,Background Review,APP-API-02,ACME\jsmith,context,background detection
ATD-007-01006,2026-08-20T16:41:11Z,low,Background Review,JUMP-01,NT AUTHORITY\SYSTEM,context,background detection
ATD-007-00625,2026-08-20T16:52:27Z,low,Background Review,JUMP-01,NT AUTHORITY\SYSTEM,context,background detection
ATD-007-01071,2026-08-20T16:53:58Z,low,Background Review,APP-API-02,ACME\jsmith,context,background detection
ATD-007-00862,2026-08-20T16:54:22Z,low,Background Review,FILE-02,NT AUTHORITY\SYSTEM,context,background detection
ATD-007-00311,2026-08-20T17:00:35Z,low,Background Review,FIN-WS-14,NT AUTHORITY\SYSTEM,context,background detection
ATD-007-01580,2026-08-20T17:08:32Z,low,Background Review,FIN-WS-14,ACME\jsmith,context,background detection
ATD-007-01312,2026-08-20T17:13:49Z,low,Background Review,DC-01,ACME\mrivera,context,background detection
ATD-007-01084,2026-08-20T17:14:18Z,low,Background Review,BACKUP-01,ACME\svc_backup,context,background detection
ATD-007-00655,2026-08-20T17:14:25Z,low,Background Review,FIN-WS-14,ACME\svc_print,context,background detection
ATD-007-00236,2026-08-20T17:18:55Z,low,Background Review,JUMP-01,ACME\svc_backup,context,background detection
ATD-007-00152,2026-08-20T17:29:14Z,low,Background Review,PRINT-01,ACME\jsmith,context,background detection
ATD-007-00081,2026-08-20T17:30:31Z,low,Background Review,JUMP-01,ACME\mrivera,context,background detection
ATD-007-00309,2026-08-20T17:31:52Z,low,Background Review,FILE-02,ACME\svc_print,context,background detection
ATD-007-00942,2026-08-20T17:37:01Z,low,Background Review,FILE-02,ACME\mrivera,context,background detection
ATD-007-01529,2026-08-20T17:37:53Z,low,Background Review,FIN-WS-14,ACME\svc_print,context,background detection
ATD-007-01477,2026-08-20T17:45:44Z,low,Background Review,BACKUP-01,ACME\jsmith,context,background detection
ATD-007-01146,2026-08-20T17:47:08Z,low,Background Review,PRINT-01,ACME\svc_backup,context,background detection
ATD-007-00167,2026-08-20T17:50:46Z,low,Background Review,PRINT-01,ACME\svc_print,context,background detection
ATD-007-01101,2026-08-20T17:55:31Z,low,Background Review,DC-01,ACME\svc_backup,context,background detection
ATD-007-01388,2026-08-20T17:56:00Z,low,Background Review,PRINT-01,ACME\mrivera,context,background detection
ATD-007-00992,2026-08-20T17:56:38Z,low,Background Review,APP-API-02,ACME\svc_print,context,background detection
ATD-007-01139,2026-08-20T18:12:17Z,low,Background Review,DC-01,ACME\mrivera,context,background detection
ATD-007-00586,2026-08-20T18:14:58Z,low,Background Review,FILE-02,ACME\mrivera,context,background detection
ATD-007-01479,2026-08-20T18:19:54Z,low,Background Review,FIN-WS-14,ACME\jsmith,context,background detection
ATD-007-00075,2026-08-20T18:20:03Z,low,Background Review,FIN-WS-14,NT AUTHORITY\SYSTEM,context,background detection
ATD-007-00265,2026-08-20T18:22:31Z,low,Background Review,PRINT-01,ACME\jsmith,context,background detection
ATD-007-00769,2026-08-20T18:30:37Z,low,Background Review,JUMP-01,NT AUTHORITY\SYSTEM,context,background detection
ATD-007-01465,2026-08-20T18:35:45Z,low,Background Review,BACKUP-01,ACME\svc_backup,context,background detection
ATD-007-01364,2026-08-20T18:36:05Z,low,Background Review,JUMP-01,ACME\jsmith,context,background detection
ATD-007-01113,2026-08-20T18:38:22Z,low,Background Review,BACKUP-01,ACME\svc_print,context,background detection
ATD-007-01430,2026-08-20T18:39:18Z,low,Background Review,FIN-WS-14,ACME\mrivera,context,background detection
ATD-007-00754,2026-08-20T18:47:03Z,low,Background Review,FIN-WS-14,NT AUTHORITY\SYSTEM,context,background detection
ATD-007-00817,2026-08-20T18:47:50Z,low,Background Review,APP-API-02,ACME\svc_backup,context,background detection
ATD-007-00510,2026-08-20T18:51:03Z,low,Background Review,PRINT-01,NT AUTHORITY\SYSTEM,context,background detection
ATD-007-00972,2026-08-20T18:54:37Z,low,Background Review,DC-01,ACME\svc_print,context,background detection
ATD-007-01342,2026-08-20T18:55:46Z,low,Background Review,APP-API-02,ACME\svc_backup,context,background detection
ATD-007-01038,2026-08-20T18:57:53Z,low,Background Review,APP-API-02,ACME\svc_backup,context,background detection
ATD-007-00151,2026-08-20T19:00:37Z,low,Background Review,APP-API-02,ACME\svc_print,context,background detection
ATD-007-00874,2026-08-20T19:09:44Z,low,Background Review,JUMP-01,ACME\jsmith,context,background detection
ATD-007-01106,2026-08-20T19:12:28Z,low,Background Review,BACKUP-01,ACME\jsmith,context,background detection
ATD-007-01594,2026-08-20T19:18:22Z,low,Background Review,FILE-02,ACME\jsmith,context,background detection
ATD-007-01442,2026-08-20T19:19:09Z,low,Background Review,JUMP-01,NT AUTHORITY\SYSTEM,context,background detection
ATD-007-00636,2026-08-20T19:21:12Z,low,Background Review,JUMP-01,ACME\jsmith,context,background detection
ATD-007-00202,2026-08-20T19:25:40Z,low,Background Review,DC-01,NT AUTHORITY\SYSTEM,context,background detection
ATD-007-00915,2026-08-20T19:26:03Z,low,Background Review,PRINT-01,ACME\mrivera,context,background detection
ATD-007-01599,2026-08-20T19:29:28Z,low,Background Review,FIN-WS-14,ACME\mrivera,context,background detection
ATD-007-00409,2026-08-20T19:34:26Z,low,Background Review,PRINT-01,ACME\svc_backup,context,background detection
ATD-007-01177,2026-08-20T19:35:14Z,low,Background Review,FIN-WS-14,ACME\mrivera,context,background detection
ATD-007-01759,2026-08-20T19:39:48Z,low,Background Review,FILE-02,ACME\svc_backup,context,background detection
ATD-007-00062,2026-08-20T19:40:20Z,low,Background Review,FIN-WS-14,ACME\svc_print,context,background detection
ATD-007-01590,2026-08-20T19:43:32Z,low,Background Review,JUMP-01,NT AUTHORITY\SYSTEM,context,background detection
ATD-007-01123,2026-08-20T19:44:09Z,low,Background Review,APP-API-02,ACME\mrivera,context,background detection
ATD-007-00392,2026-08-20T19:45:57Z,low,Background Review,BACKUP-01,NT AUTHORITY\SYSTEM,context,background detection
ATD-007-00369,2026-08-20T19:55:37Z,low,Background Review,FILE-02,ACME\mrivera,context,background detection
ATD-007-01446,2026-08-20T20:05:00Z,low,Background Review,DC-01,ACME\svc_print,context,background detection
ATD-007-01262,2026-08-20T20:12:33Z,low,Background Review,BACKUP-01,ACME\jsmith,context,background detection
ATD-007-01210,2026-08-20T20:12:56Z,low,Background Review,FIN-WS-14,ACME\mrivera,context,background detection
ATD-007-01475,2026-08-20T20:15:13Z,low,Background Review,APP-API-02,ACME\jsmith,context,background detection
ATD-007-00705,2026-08-20T20:20:36Z,low,Background Review,PRINT-01,ACME\svc_backup,context,background detection
ATD-007-00892,2026-08-20T20:21:03Z,low,Background Review,DC-01,ACME\svc_backup,context,background detection
ATD-007-01689,2026-08-20T20:22:21Z,low,Background Review,BACKUP-01,ACME\mrivera,context,background detection
ATD-007-01117,2026-08-20T20:25:56Z,low,Background Review,FILE-02,ACME\svc_print,context,background detection
ATD-007-00956,2026-08-20T20:26:40Z,low,Background Review,BACKUP-01,NT AUTHORITY\SYSTEM,context,background detection
ATD-007-01018,2026-08-20T20:27:27Z,low,Background Review,DC-01,NT AUTHORITY\SYSTEM,context,background detection
ATD-007-00501,2026-08-20T20:31:29Z,low,Background Review,FIN-WS-14,ACME\svc_print,context,background detection
ATD-007-00698,2026-08-20T20:34:40Z,low,Background Review,PRINT-01,NT AUTHORITY\SYSTEM,context,background detection
ATD-007-00727,2026-08-20T20:35:43Z,low,Background Review,APP-API-02,ACME\svc_backup,context,background detection
ATD-007-01526,2026-08-20T20:39:35Z,low,Background Review,FILE-02,ACME\jsmith,context,background detection
ATD-007-00881,2026-08-20T20:39:41Z,low,Background Review,JUMP-01,ACME\jsmith,context,background detection
ATD-007-00059,2026-08-20T20:51:34Z,low,Background Review,APP-API-02,NT AUTHORITY\SYSTEM,context,background detection
ATD-007-00795,2026-08-20T20:58:05Z,low,Background Review,PRINT-01,ACME\mrivera,context,background detection
ATD-007-01192,2026-08-20T21:01:51Z,low,Background Review,JUMP-01,NT AUTHORITY\SYSTEM,context,background detection
ATD-007-01426,2026-08-20T21:04:55Z,low,Background Review,FILE-02,ACME\svc_print,context,background detection
ATD-007-01629,2026-08-20T21:09:16Z,low,Background Review,FIN-WS-14,ACME\mrivera,context,background detection
ATD-007-01041,2026-08-20T21:11:05Z,low,Background Review,FIN-WS-14,ACME\svc_print,context,background detection
ATD-007-00818,2026-08-20T21:27:37Z,low,Background Review,APP-API-02,ACME\svc_backup,context,background detection
ATD-007-01012,2026-08-20T21:27:39Z,low,Background Review,BACKUP-01,ACME\svc_backup,context,background detection
ATD-007-01625,2026-08-20T21:34:02Z,low,Background Review,JUMP-01,ACME\svc_print,context,background detection
ATD-007-01500,2026-08-20T21:40:06Z,low,Background Review,JUMP-01,ACME\svc_print,context,background detection
ATD-007-01597,2026-08-20T21:41:13Z,low,Background Review,JUMP-01,ACME\svc_print,context,background detection
ATD-007-00175,2026-08-20T21:56:15Z,low,Background Review,APP-API-02,ACME\jsmith,context,background detection
ATD-007-01524,2026-08-20T22:02:03Z,low,Background Review,JUMP-01,ACME\svc_print,context,background detection
ATD-007-01454,2026-08-20T22:02:11Z,low,Background Review,JUMP-01,ACME\jsmith,context,background detection
ATD-007-00301,2026-08-20T22:04:11Z,low,Background Review,FILE-02,ACME\svc_backup,context,background detection
ATD-007-01558,2026-08-20T22:13:40Z,low,Background Review,JUMP-01,NT AUTHORITY\SYSTEM,context,background detection
ATD-007-00839,2026-08-20T22:21:03Z,low,Background Review,FIN-WS-14,ACME\jsmith,context,background detection
ATD-007-00768,2026-08-20T22:24:54Z,low,Background Review,FILE-02,ACME\jsmith,context,background detection
ATD-007-00174,2026-08-20T22:28:46Z,low,Background Review,PRINT-01,ACME\svc_print,context,background detection
ATD-007-00414,2026-08-20T22:29:48Z,low,Background Review,FILE-02,ACME\jsmith,context,background detection
ATD-007-00102,2026-08-20T22:31:12Z,low,Background Review,FIN-WS-14,ACME\mrivera,context,background detection
ATD-007-00220,2026-08-20T22:43:19Z,low,Background Review,FIN-WS-14,ACME\svc_print,context,background detection
ATD-007-00271,2026-08-20T22:50:52Z,low,Background Review,BACKUP-01,ACME\svc_backup,context,background detection
ATD-007-00093,2026-08-20T22:59:09Z,low,Background Review,FIN-WS-14,ACME\mrivera,context,background detection
ATD-007-00313,2026-08-20T22:59:12Z,low,Background Review,FILE-02,ACME\svc_print,context,background detection
ATD-007-00383,2026-08-20T23:00:03Z,low,Background Review,FIN-WS-14,NT AUTHORITY\SYSTEM,context,background detection
ATD-007-01310,2026-08-20T23:07:26Z,low,Background Review,BACKUP-01,ACME\svc_print,context,background detection
ATD-007-00884,2026-08-20T23:08:16Z,low,Background Review,FIN-WS-14,ACME\svc_backup,context,background detection
ATD-007-01253,2026-08-20T23:11:37Z,low,Background Review,PRINT-01,ACME\jsmith,context,background detection
ATD-007-01794,2026-08-20T23:13:38Z,low,Background Review,FILE-02,ACME\jsmith,context,background detection
ATD-007-01746,2026-08-20T23:14:43Z,low,Background Review,DC-01,ACME\svc_backup,context,background detection
ATD-007-01032,2026-08-20T23:18:27Z,low,Background Review,APP-API-02,ACME\mrivera,context,background detection
ATD-007-00431,2026-08-20T23:22:28Z,low,Background Review,BACKUP-01,ACME\svc_print,context,background detection
ATD-007-00757,2026-08-20T23:26:22Z,low,Background Review,JUMP-01,ACME\svc_backup,context,background detection
ATD-007-00055,2026-08-20T23:31:47Z,low,Background Review,PRINT-01,NT AUTHORITY\SYSTEM,context,background detection
ATD-007-00936,2026-08-20T23:33:48Z,low,Background Review,BACKUP-01,ACME\jsmith,context,background detection
ATD-007-01499,2026-08-20T23:36:08Z,low,Background Review,PRINT-01,ACME\mrivera,context,background detection
ATD-007-01737,2026-08-20T23:37:21Z,low,Background Review,BACKUP-01,ACME\mrivera,context,background detection
ATD-007-01627,2026-08-20T23:46:22Z,low,Background Review,PRINT-01,ACME\svc_print,context,background detection
ATD-007-01181,2026-08-20T23:47:05Z,low,Background Review,DC-01,ACME\mrivera,context,background detection
ATD-007-01179,2026-08-20T23:48:29Z,low,Background Review,APP-API-02,ACME\mrivera,context,background detection
ATD-007-01209,2026-08-20T23:49:24Z,low,Background Review,FILE-02,NT AUTHORITY\SYSTEM,context,background detection
ATD-007-00921,2026-08-20T23:51:26Z,low,Background Review,APP-API-02,ACME\svc_backup,context,background detection
ATD-007-01347,2026-08-20T23:53:20Z,low,Background Review,FIN-WS-14,ACME\svc_print,context,background detection
ATD-007-01420,2026-08-21T00:00:39Z,low,Background Review,PRINT-01,ACME\svc_print,context,background detection
ATD-007-01538,2026-08-21T00:01:20Z,low,Background Review,BACKUP-01,NT AUTHORITY\SYSTEM,context,background detection
ATD-007-01047,2026-08-21T00:02:17Z,low,Background Review,FILE-02,ACME\jsmith,context,background detection
ATD-007-00360,2026-08-21T00:04:54Z,low,Background Review,APP-API-02,ACME\svc_backup,context,background detection
ATD-007-01652,2026-08-21T00:16:47Z,low,Background Review,PRINT-01,ACME\svc_backup,context,background detection
ATD-007-01508,2026-08-21T00:17:40Z,low,Background Review,JUMP-01,ACME\jsmith,context,background detection
ATD-007-01720,2026-08-21T00:26:32Z,low,Background Review,JUMP-01,ACME\svc_print,context,background detection
ATD-007-01226,2026-08-21T00:31:51Z,low,Background Review,PRINT-01,ACME\svc_print,context,background detection
ATD-007-01486,2026-08-21T00:33:22Z,low,Background Review,PRINT-01,ACME\mrivera,context,background detection
ATD-007-01717,2026-08-21T00:39:09Z,low,Background Review,FIN-WS-14,ACME\jsmith,context,background detection
ATD-007-00362,2026-08-21T00:42:57Z,low,Background Review,APP-API-02,ACME\svc_print,context,background detection
ATD-007-01642,2026-08-21T00:44:54Z,low,Background Review,FIN-WS-14,ACME\svc_print,context,background detection
ATD-007-00724,2026-08-21T00:46:15Z,low,Background Review,JUMP-01,NT AUTHORITY\SYSTEM,context,background detection
ATD-007-00377,2026-08-21T00:50:11Z,low,Background Review,JUMP-01,ACME\jsmith,context,background detection
ATD-007-01356,2026-08-21T00:50:11Z,low,Background Review,BACKUP-01,ACME\svc_backup,context,background detection
ATD-007-00776,2026-08-21T00:57:07Z,low,Background Review,JUMP-01,ACME\jsmith,context,background detection
ATD-007-00244,2026-08-21T00:57:39Z,low,Background Review,FIN-WS-14,ACME\svc_backup,context,background detection
ATD-007-00376,2026-08-21T01:00:14Z,low,Background Review,PRINT-01,ACME\svc_print,context,background detection
ATD-007-00442,2026-08-21T01:05:46Z,low,Background Review,FILE-02,ACME\mrivera,context,background detection
ATD-007-00470,2026-08-21T01:06:59Z,low,Background Review,BACKUP-01,ACME\jsmith,context,background detection
ATD-007-01168,2026-08-21T01:08:49Z,low,Background Review,DC-01,ACME\mrivera,context,background detection
ATD-007-01614,2026-08-21T01:08:58Z,low,Background Review,DC-01,ACME\svc_backup,context,background detection
ATD-007-00600,2026-08-21T01:14:38Z,low,Background Review,FIN-WS-14,ACME\jsmith,context,background detection
ATD-007-01730,2026-08-21T01:16:03Z,low,Background Review,FILE-02,ACME\jsmith,context,background detection
ATD-007-01435,2026-08-21T01:23:19Z,low,Background Review,BACKUP-01,NT AUTHORITY\SYSTEM,context,background detection
ATD-007-01256,2026-08-21T01:23:40Z,low,Background Review,JUMP-01,NT AUTHORITY\SYSTEM,context,background detection
ATD-007-01387,2026-08-21T01:29:25Z,low,Background Review,BACKUP-01,ACME\mrivera,context,background detection
ATD-007-00519,2026-08-21T01:35:40Z,low,Background Review,FIN-WS-14,ACME\jsmith,context,background detection
ATD-007-01022,2026-08-21T01:43:10Z,low,Background Review,DC-01,ACME\svc_backup,context,background detection
ATD-007-01707,2026-08-21T01:43:36Z,low,Background Review,DC-01,ACME\jsmith,context,background detection
ATD-007-00381,2026-08-21T01:45:59Z,low,Background Review,JUMP-01,ACME\jsmith,context,background detection
ATD-007-01114,2026-08-21T01:47:42Z,low,Background Review,APP-API-02,NT AUTHORITY\SYSTEM,context,background detection
ATD-007-00054,2026-08-21T01:48:22Z,low,Background Review,PRINT-01,ACME\jsmith,context,background detection
ATD-007-00165,2026-08-21T01:50:33Z,low,Background Review,DC-01,NT AUTHORITY\SYSTEM,context,background detection
ATD-007-01592,2026-08-21T02:00:31Z,low,Background Review,BACKUP-01,NT AUTHORITY\SYSTEM,context,background detection
ATD-007-00250,2026-08-21T02:16:20Z,low,Background Review,BACKUP-01,ACME\svc_backup,context,background detection
ATD-007-00702,2026-08-21T02:18:41Z,low,Background Review,APP-API-02,ACME\mrivera,context,background detection
ATD-007-01155,2026-08-21T02:19:56Z,low,Background Review,JUMP-01,ACME\svc_print,context,background detection
ATD-007-01531,2026-08-21T02:25:25Z,low,Background Review,FILE-02,ACME\svc_print,context,background detection
ATD-007-00242,2026-08-21T02:28:56Z,low,Background Review,BACKUP-01,ACME\svc_backup,context,background detection
ATD-007-01738,2026-08-21T02:33:51Z,low,Background Review,PRINT-01,ACME\svc_backup,context,background detection
ATD-007-01240,2026-08-21T02:34:28Z,low,Background Review,FILE-02,NT AUTHORITY\SYSTEM,context,background detection
ATD-007-00628,2026-08-21T02:36:47Z,low,Background Review,BACKUP-01,ACME\svc_backup,context,background detection
ATD-007-01440,2026-08-21T02:39:20Z,low,Background Review,FIN-WS-14,ACME\svc_backup,context,background detection
ATD-007-00110,2026-08-21T02:40:19Z,low,Background Review,FIN-WS-14,ACME\jsmith,context,background detection
ATD-007-01309,2026-08-21T02:46:38Z,low,Background Review,DC-01,NT AUTHORITY\SYSTEM,context,background detection
ATD-007-00560,2026-08-21T02:47:41Z,low,Background Review,BACKUP-01,ACME\mrivera,context,background detection
ATD-007-01801,2026-08-21T02:49:21Z,low,Background Review,APP-API-02,ACME\svc_backup,context,background detection
ATD-007-01145,2026-08-21T02:56:10Z,low,Background Review,APP-API-02,NT AUTHORITY\SYSTEM,context,background detection
ATD-007-01017,2026-08-21T03:05:36Z,low,Background Review,BACKUP-01,ACME\mrivera,context,background detection
ATD-007-00049,2026-08-21T03:08:50Z,low,Background Review,APP-API-02,ACME\mrivera,context,background detection
ATD-007-00566,2026-08-21T03:10:25Z,low,Background Review,JUMP-01,NT AUTHORITY\SYSTEM,context,background detection
ATD-007-00789,2026-08-21T03:14:37Z,low,Background Review,JUMP-01,ACME\jsmith,context,background detection
ATD-007-00184,2026-08-21T03:18:19Z,low,Background Review,BACKUP-01,ACME\mrivera,context,background detection
ATD-007-01333,2026-08-21T03:31:43Z,low,Background Review,BACKUP-01,ACME\svc_backup,context,background detection
ATD-007-01610,2026-08-21T03:36:23Z,low,Background Review,PRINT-01,ACME\svc_print,context,background detection
ATD-007-00374,2026-08-21T03:37:49Z,low,Background Review,PRINT-01,ACME\jsmith,context,background detection
ATD-007-00876,2026-08-21T03:40:44Z,low,Background Review,FILE-02,ACME\svc_backup,context,background detection
ATD-007-01784,2026-08-21T03:56:53Z,low,Background Review,APP-API-02,ACME\svc_print,context,background detection
ATD-007-00056,2026-08-21T03:57:02Z,low,Background Review,APP-API-02,NT AUTHORITY\SYSTEM,context,background detection
ATD-007-01040,2026-08-21T03:58:56Z,low,Background Review,APP-API-02,ACME\svc_backup,context,background detection
ATD-007-00029,2026-08-21T04:01:13Z,low,Background Review,APP-API-02,ACME\svc_print,context,background detection
ATD-007-00914,2026-08-21T04:13:52Z,low,Background Review,JUMP-01,ACME\svc_print,context,background detection
ATD-007-00691,2026-08-21T04:13:54Z,low,Background Review,APP-API-02,NT AUTHORITY\SYSTEM,context,background detection
ATD-007-00388,2026-08-21T04:14:55Z,low,Background Review,PRINT-01,ACME\svc_backup,context,background detection
ATD-007-01505,2026-08-21T04:15:06Z,low,Background Review,PRINT-01,ACME\jsmith,context,background detection
ATD-007-00589,2026-08-21T04:20:21Z,low,Background Review,JUMP-01,ACME\jsmith,context,background detection
ATD-007-00069,2026-08-21T04:24:21Z,low,Background Review,FIN-WS-14,ACME\svc_print,context,background detection
ATD-007-00190,2026-08-21T04:35:11Z,low,Background Review,FIN-WS-14,ACME\jsmith,context,background detection
ATD-007-01059,2026-08-21T04:36:20Z,low,Background Review,BACKUP-01,ACME\svc_backup,context,background detection
ATD-007-00334,2026-08-21T04:38:05Z,low,Background Review,FILE-02,ACME\svc_print,context,background detection
ATD-007-01229,2026-08-21T04:41:36Z,low,Background Review,BACKUP-01,ACME\jsmith,context,background detection
ATD-007-01025,2026-08-21T04:44:07Z,low,Background Review,APP-API-02,NT AUTHORITY\SYSTEM,context,background detection
ATD-007-00937,2026-08-21T04:45:39Z,low,Background Review,BACKUP-01,ACME\mrivera,context,background detection
ATD-007-00650,2026-08-21T04:48:50Z,low,Background Review,PRINT-01,ACME\svc_backup,context,background detection
ATD-007-01518,2026-08-21T04:59:29Z,low,Background Review,FILE-02,ACME\svc_backup,context,background detection
ATD-007-00068,2026-08-21T05:03:59Z,low,Background Review,FILE-02,ACME\svc_backup,context,background detection
ATD-007-00384,2026-08-21T05:13:54Z,low,Background Review,APP-API-02,ACME\mrivera,context,background detection
ATD-007-00995,2026-08-21T05:19:12Z,low,Background Review,APP-API-02,ACME\mrivera,context,background detection
ATD-007-00620,2026-08-21T05:25:51Z,low,Background Review,PRINT-01,ACME\mrivera,context,background detection
ATD-007-00477,2026-08-21T05:26:39Z,low,Background Review,APP-API-02,ACME\svc_print,context,background detection
ATD-007-00089,2026-08-21T05:28:17Z,low,Background Review,FILE-02,ACME\svc_backup,context,background detection
ATD-007-00429,2026-08-21T05:30:16Z,low,Background Review,PRINT-01,NT AUTHORITY\SYSTEM,context,background detection
ATD-007-01553,2026-08-21T05:30:32Z,low,Background Review,DC-01,ACME\svc_backup,context,background detection
ATD-007-00105,2026-08-21T05:30:43Z,low,Background Review,FIN-WS-14,ACME\jsmith,context,background detection
ATD-007-00161,2026-08-21T05:33:36Z,low,Background Review,BACKUP-01,NT AUTHORITY\SYSTEM,context,background detection
ATD-007-00181,2026-08-21T05:33:45Z,low,Background Review,APP-API-02,ACME\svc_print,context,background detection
ATD-007-00047,2026-08-21T05:36:55Z,low,Background Review,APP-API-02,ACME\svc_backup,context,background detection
ATD-007-01617,2026-08-21T05:37:14Z,low,Background Review,APP-API-02,NT AUTHORITY\SYSTEM,context,background detection
ATD-007-01735,2026-08-21T05:43:42Z,low,Background Review,PRINT-01,ACME\svc_print,context,background detection
ATD-007-00066,2026-08-21T05:43:46Z,low,Background Review,PRINT-01,ACME\svc_print,context,background detection
ATD-007-00120,2026-08-21T05:46:43Z,low,Background Review,JUMP-01,ACME\jsmith,context,background detection
ATD-007-01761,2026-08-21T05:48:55Z,low,Background Review,PRINT-01,ACME\svc_print,context,background detection
ATD-007-01002,2026-08-21T05:51:48Z,low,Background Review,PRINT-01,NT AUTHORITY\SYSTEM,context,background detection
ATD-007-00904,2026-08-21T06:00:11Z,low,Background Review,APP-API-02,ACME\jsmith,context,background detection
ATD-007-01360,2026-08-21T06:00:24Z,low,Background Review,APP-API-02,ACME\svc_backup,context,background detection
ATD-007-00689,2026-08-21T06:03:24Z,low,Background Review,FILE-02,ACME\jsmith,context,background detection
ATD-007-00962,2026-08-21T06:05:11Z,low,Background Review,DC-01,ACME\mrivera,context,background detection
ATD-007-00434,2026-08-21T06:05:54Z,low,Background Review,PRINT-01,ACME\mrivera,context,background detection
ATD-007-00844,2026-08-21T06:06:39Z,low,Background Review,JUMP-01,ACME\svc_print,context,background detection
ATD-007-01341,2026-08-21T06:07:12Z,low,Background Review,FILE-02,ACME\svc_print,context,background detection
ATD-007-00457,2026-08-21T06:07:33Z,low,Background Review,JUMP-01,ACME\mrivera,context,background detection
ATD-007-01534,2026-08-21T06:08:42Z,low,Background Review,JUMP-01,ACME\mrivera,context,background detection
ATD-007-00308,2026-08-21T06:11:30Z,low,Background Review,PRINT-01,ACME\mrivera,context,background detection
ATD-007-01323,2026-08-21T06:14:29Z,low,Background Review,FIN-WS-14,ACME\mrivera,context,background detection
ATD-007-00910,2026-08-21T06:26:22Z,low,Background Review,JUMP-01,ACME\svc_backup,context,background detection
ATD-007-00885,2026-08-21T06:31:43Z,low,Background Review,DC-01,NT AUTHORITY\SYSTEM,context,background detection
ATD-007-01753,2026-08-21T06:44:00Z,low,Background Review,FIN-WS-14,ACME\svc_print,context,background detection
ATD-007-00710,2026-08-21T06:51:24Z,low,Background Review,PRINT-01,NT AUTHORITY\SYSTEM,context,background detection
ATD-007-01554,2026-08-21T06:53:50Z,low,Background Review,FIN-WS-14,ACME\svc_print,context,background detection
ATD-007-01797,2026-08-21T06:57:23Z,low,Background Review,APP-API-02,ACME\svc_backup,context,background detection
ATD-007-00038,2026-08-21T07:00:40Z,low,Background Review,FIN-WS-14,ACME\jsmith,context,background detection
ATD-007-01476,2026-08-21T07:02:21Z,low,Background Review,PRINT-01,ACME\svc_backup,context,background detection
ATD-007-00266,2026-08-21T07:08:53Z,low,Background Review,FILE-02,ACME\jsmith,context,background detection
ATD-007-01545,2026-08-21T07:14:00Z,low,Background Review,FILE-02,ACME\mrivera,context,background detection
ATD-007-01436,2026-08-21T07:23:09Z,low,Background Review,BACKUP-01,ACME\svc_print,context,background detection
ATD-007-00013,2026-08-21T07:27:55Z,low,Background Review,BACKUP-01,ACME\mrivera,context,background detection
ATD-007-01318,2026-08-21T07:29:54Z,low,Background Review,DC-01,ACME\mrivera,context,background detection
ATD-007-01466,2026-08-21T07:32:42Z,low,Background Review,FILE-02,ACME\svc_print,context,background detection
ATD-007-01049,2026-08-21T07:33:31Z,low,Background Review,DC-01,NT AUTHORITY\SYSTEM,context,background detection
ATD-007-00389,2026-08-21T07:35:19Z,low,Background Review,PRINT-01,ACME\svc_print,context,background detection
ATD-007-01485,2026-08-21T07:39:45Z,low,Background Review,PRINT-01,ACME\svc_print,context,background detection
ATD-007-01560,2026-08-21T07:40:32Z,low,Background Review,FILE-02,ACME\svc_backup,context,background detection
ATD-007-00302,2026-08-21T07:41:12Z,low,Background Review,APP-API-02,ACME\svc_print,context,background detection
ATD-007-00859,2026-08-21T07:51:16Z,low,Background Review,JUMP-01,ACME\jsmith,context,background detection
ATD-007-01207,2026-08-21T07:51:19Z,low,Background Review,DC-01,ACME\svc_backup,context,background detection
ATD-007-00129,2026-08-21T07:55:49Z,low,Background Review,JUMP-01,NT AUTHORITY\SYSTEM,context,background detection
ATD-007-00758,2026-08-21T07:58:20Z,low,Background Review,FIN-WS-14,ACME\svc_print,context,background detection
ATD-007-01593,2026-08-21T07:59:56Z,low,Background Review,PRINT-01,ACME\svc_backup,context,background detection
ATD-007-01640,2026-08-21T08:03:37Z,low,Background Review,JUMP-01,ACME\svc_print,context,background detection
ATD-007-01792,2026-08-21T08:13:59Z,low,Background Review,APP-API-02,ACME\svc_backup,context,background detection
ATD-007-01595,2026-08-21T08:20:51Z,low,Background Review,FIN-WS-14,ACME\jsmith,context,background detection
ATD-007-01609,2026-08-21T08:22:39Z,low,Background Review,JUMP-01,ACME\mrivera,context,background detection
ATD-007-01205,2026-08-21T08:28:24Z,low,Background Review,FILE-02,NT AUTHORITY\SYSTEM,context,background detection
ATD-007-00390,2026-08-21T08:31:42Z,low,Background Review,PRINT-01,ACME\svc_backup,context,background detection
ATD-007-00483,2026-08-21T08:34:18Z,low,Background Review,JUMP-01,ACME\jsmith,context,background detection
ATD-007-00107,2026-08-21T08:35:33Z,low,Background Review,JUMP-01,NT AUTHORITY\SYSTEM,context,background detection
ATD-007-01765,2026-08-21T08:36:00Z,low,Background Review,FIN-WS-14,ACME\svc_print,context,background detection
ATD-007-01383,2026-08-21T08:37:13Z,low,Background Review,JUMP-01,ACME\mrivera,context,background detection
ATD-007-00860,2026-08-21T08:43:16Z,low,Background Review,BACKUP-01,NT AUTHORITY\SYSTEM,context,background detection
ATD-007-00064,2026-08-21T08:48:28Z,low,Background Review,FILE-02,NT AUTHORITY\SYSTEM,context,background detection
ATD-007-01099,2026-08-21T09:00:34Z,low,Background Review,PRINT-01,ACME\jsmith,context,background detection
ATD-007-00270,2026-08-21T09:11:07Z,low,Background Review,FIN-WS-14,ACME\mrivera,context,background detection
ATD-007-01444,2026-08-21T09:13:02Z,low,Background Review,PRINT-01,ACME\svc_backup,context,background detection
ATD-007-01641,2026-08-21T09:13:15Z,low,Background Review,APP-API-02,ACME\svc_backup,context,background detection
ATD-007-00371,2026-08-21T09:22:30Z,low,Background Review,FIN-WS-14,ACME\svc_backup,context,background detection
ATD-007-00245,2026-08-21T09:26:09Z,low,Background Review,FIN-WS-14,ACME\jsmith,context,background detection
ATD-007-00478,2026-08-21T09:27:58Z,low,Background Review,DC-01,ACME\svc_backup,context,background detection
ATD-007-01374,2026-08-21T09:34:43Z,low,Background Review,BACKUP-01,ACME\svc_print,context,background detection
ATD-007-00016,2026-08-21T09:51:12Z,low,Background Review,DC-01,NT AUTHORITY\SYSTEM,context,background detection
ATD-007-00358,2026-08-21T09:52:29Z,low,Background Review,FILE-02,ACME\svc_print,context,background detection
ATD-007-00755,2026-08-21T09:59:07Z,low,Background Review,DC-01,ACME\svc_print,context,background detection
ATD-007-00412,2026-08-21T10:01:04Z,low,Background Review,JUMP-01,ACME\mrivera,context,background detection
ATD-007-01313,2026-08-21T10:02:37Z,low,Background Review,FIN-WS-14,NT AUTHORITY\SYSTEM,context,background detection
ATD-007-00837,2026-08-21T10:05:20Z,low,Background Review,JUMP-01,ACME\svc_print,context,background detection
ATD-007-00773,2026-08-21T10:09:33Z,low,Background Review,DC-01,ACME\mrivera,context,background detection
ATD-007-01087,2026-08-21T10:10:31Z,low,Background Review,FILE-02,ACME\mrivera,context,background detection
ATD-007-00052,2026-08-21T10:11:25Z,low,Background Review,DC-01,ACME\svc_print,context,background detection
ATD-007-00734,2026-08-21T10:16:43Z,low,Background Review,BACKUP-01,ACME\svc_backup,context,background detection
ATD-007-00700,2026-08-21T10:19:57Z,low,Background Review,APP-API-02,ACME\svc_print,context,background detection
ATD-007-01749,2026-08-21T10:24:11Z,low,Background Review,PRINT-01,NT AUTHORITY\SYSTEM,context,background detection
ATD-007-01050,2026-08-21T10:29:16Z,low,Background Review,PRINT-01,ACME\mrivera,context,background detection
ATD-007-00411,2026-08-21T10:29:49Z,low,Background Review,DC-01,ACME\jsmith,context,background detection
ATD-007-00845,2026-08-21T10:30:45Z,low,Background Review,DC-01,ACME\svc_print,context,background detection
ATD-007-01109,2026-08-21T10:37:09Z,low,Background Review,DC-01,ACME\jsmith,context,background detection
ATD-007-00087,2026-08-21T10:37:32Z,low,Background Review,DC-01,ACME\mrivera,context,background detection
ATD-007-01478,2026-08-21T10:41:08Z,low,Background Review,BACKUP-01,ACME\jsmith,context,background detection
ATD-007-00678,2026-08-21T10:45:00Z,low,Background Review,JUMP-01,ACME\jsmith,context,background detection
ATD-007-01509,2026-08-21T10:51:55Z,low,Background Review,BACKUP-01,ACME\mrivera,context,background detection
ATD-007-00221,2026-08-21T10:51:56Z,low,Background Review,JUMP-01,ACME\jsmith,context,background detection
ATD-007-01078,2026-08-21T11:02:33Z,low,Background Review,FIN-WS-14,NT AUTHORITY\SYSTEM,context,background detection
ATD-007-01020,2026-08-21T11:09:56Z,low,Background Review,APP-API-02,ACME\svc_backup,context,background detection
ATD-007-00496,2026-08-21T11:14:27Z,low,Background Review,PRINT-01,ACME\svc_print,context,background detection
ATD-007-01579,2026-08-21T11:22:34Z,low,Background Review,DC-01,ACME\svc_print,context,background detection
ATD-007-01232,2026-08-21T11:29:18Z,low,Background Review,FILE-02,ACME\mrivera,context,background detection
ATD-007-00086,2026-08-21T11:29:43Z,low,Background Review,APP-API-02,ACME\jsmith,context,background detection
ATD-007-01122,2026-08-21T11:30:58Z,low,Background Review,FILE-02,ACME\svc_backup,context,background detection
ATD-007-01202,2026-08-21T11:33:51Z,low,Background Review,JUMP-01,ACME\jsmith,context,background detection
ATD-007-00509,2026-08-21T11:42:00Z,low,Background Review,APP-API-02,ACME\svc_print,context,background detection
ATD-007-01069,2026-08-21T11:44:50Z,low,Background Review,FIN-WS-14,ACME\jsmith,context,background detection
ATD-007-00357,2026-08-21T11:46:40Z,low,Background Review,BACKUP-01,ACME\svc_backup,context,background detection
ATD-007-01252,2026-08-21T11:47:27Z,low,Background Review,DC-01,ACME\mrivera,context,background detection
ATD-007-00618,2026-08-21T11:48:41Z,low,Background Review,BACKUP-01,NT AUTHORITY\SYSTEM,context,background detection
ATD-007-00602,2026-08-21T11:55:35Z,low,Background Review,FIN-WS-14,ACME\svc_print,context,background detection
ATD-007-00828,2026-08-21T12:00:32Z,low,Background Review,PRINT-01,NT AUTHORITY\SYSTEM,context,background detection
ATD-007-00433,2026-08-21T12:01:49Z,low,Background Review,PRINT-01,ACME\jsmith,context,background detection
ATD-007-00826,2026-08-21T12:04:57Z,low,Background Review,DC-01,ACME\mrivera,context,background detection
ATD-007-00588,2026-08-21T12:10:38Z,low,Background Review,FILE-02,ACME\svc_print,context,background detection
ATD-007-00448,2026-08-21T12:11:18Z,low,Background Review,JUMP-01,ACME\svc_print,context,background detection
ATD-007-01460,2026-08-21T12:13:56Z,low,Background Review,DC-01,ACME\mrivera,context,background detection
ATD-007-01489,2026-08-21T12:14:50Z,low,Background Review,FIN-WS-14,NT AUTHORITY\SYSTEM,context,background detection
ATD-007-01756,2026-08-21T12:18:52Z,low,Background Review,APP-API-02,NT AUTHORITY\SYSTEM,context,background detection
ATD-007-01255,2026-08-21T12:19:10Z,low,Background Review,DC-01,ACME\mrivera,context,background detection
ATD-007-01271,2026-08-21T12:21:27Z,low,Background Review,DC-01,ACME\mrivera,context,background detection
ATD-007-00286,2026-08-21T12:22:50Z,low,Background Review,APP-API-02,NT AUTHORITY\SYSTEM,context,background detection
ATD-007-00613,2026-08-21T12:25:23Z,low,Background Review,DC-01,ACME\svc_print,context,background detection
ATD-007-00078,2026-08-21T12:25:33Z,low,Background Review,APP-API-02,ACME\mrivera,context,background detection
ATD-007-00725,2026-08-21T12:30:39Z,low,Background Review,JUMP-01,ACME\svc_backup,context,background detection
ATD-007-01176,2026-08-21T12:47:47Z,low,Background Review,BACKUP-01,ACME\svc_backup,context,background detection
ATD-007-00675,2026-08-21T12:59:22Z,low,Background Review,BACKUP-01,ACME\svc_backup,context,background detection
ATD-007-00945,2026-08-21T13:00:02Z,low,Background Review,FIN-WS-14,ACME\svc_print,context,background detection
ATD-007-01080,2026-08-21T13:03:51Z,low,Background Review,FIN-WS-14,ACME\svc_print,context,background detection
ATD-007-01097,2026-08-21T13:05:41Z,low,Background Review,APP-API-02,ACME\mrivera,context,background detection
ATD-007-00582,2026-08-21T13:20:38Z,low,Background Review,FILE-02,NT AUTHORITY\SYSTEM,context,background detection
ATD-007-01514,2026-08-21T13:26:29Z,low,Background Review,PRINT-01,ACME\svc_backup,context,background detection
ATD-007-01283,2026-08-21T13:31:32Z,low,Background Review,FIN-WS-14,ACME\mrivera,context,background detection
ATD-007-01201,2026-08-21T13:44:38Z,low,Background Review,APP-API-02,ACME\svc_print,context,background detection
ATD-007-00456,2026-08-21T13:46:09Z,low,Background Review,DC-01,ACME\mrivera,context,background detection
ATD-007-01199,2026-08-21T13:51:16Z,low,Background Review,PRINT-01,ACME\jsmith,context,background detection
ATD-007-00368,2026-08-21T13:53:41Z,low,Background Review,APP-API-02,ACME\mrivera,context,background detection
ATD-007-01096,2026-08-21T13:59:26Z,low,Background Review,BACKUP-01,ACME\svc_backup,context,background detection
ATD-007-01051,2026-08-21T14:01:09Z,low,Background Review,PRINT-01,NT AUTHORITY\SYSTEM,context,background detection
ATD-007-01613,2026-08-21T14:10:24Z,low,Background Review,FIN-WS-14,ACME\jsmith,context,background detection
ATD-007-01178,2026-08-21T14:11:16Z,low,Background Review,BACKUP-01,NT AUTHORITY\SYSTEM,context,background detection
ATD-007-00931,2026-08-21T14:15:28Z,low,Background Review,DC-01,ACME\svc_print,context,background detection
ATD-007-00987,2026-08-21T14:17:18Z,low,Background Review,JUMP-01,ACME\svc_backup,context,background detection
ATD-007-01328,2026-08-21T14:17:29Z,low,Background Review,PRINT-01,ACME\jsmith,context,background detection
ATD-007-01021,2026-08-21T14:25:17Z,low,Background Review,JUMP-01,ACME\mrivera,context,background detection
ATD-007-00659,2026-08-21T14:36:41Z,low,Background Review,BACKUP-01,ACME\jsmith,context,background detection
ATD-007-00971,2026-08-21T14:37:36Z,low,Background Review,PRINT-01,NT AUTHORITY\SYSTEM,context,background detection
ATD-007-00256,2026-08-21T14:38:57Z,low,Background Review,JUMP-01,ACME\svc_print,context,background detection
ATD-007-01619,2026-08-21T14:43:06Z,low,Background Review,FILE-02,NT AUTHORITY\SYSTEM,context,background detection
ATD-007-00253,2026-08-21T14:45:41Z,low,Background Review,DC-01,ACME\mrivera,context,background detection
ATD-007-00233,2026-08-21T14:46:57Z,low,Background Review,PRINT-01,ACME\svc_print,context,background detection
ATD-007-01763,2026-08-21T14:52:10Z,low,Background Review,APP-API-02,ACME\jsmith,context,background detection
ATD-007-00263,2026-08-21T14:57:24Z,low,Background Review,FILE-02,ACME\svc_backup,context,background detection
ATD-007-00802,2026-08-21T14:57:43Z,low,Background Review,FILE-02,ACME\svc_backup,context,background detection
ATD-007-00715,2026-08-21T14:57:54Z,low,Background Review,FIN-WS-14,ACME\jsmith,context,background detection
ATD-007-00871,2026-08-21T15:07:10Z,low,Background Review,JUMP-01,ACME\svc_print,context,background detection
ATD-007-00974,2026-08-21T15:13:39Z,low,Background Review,APP-API-02,ACME\jsmith,context,background detection
ATD-007-01385,2026-08-21T15:17:44Z,low,Background Review,FILE-02,NT AUTHORITY\SYSTEM,context,background detection
ATD-007-01596,2026-08-21T15:21:50Z,low,Background Review,FILE-02,ACME\svc_backup,context,background detection
ATD-007-01248,2026-08-21T15:26:05Z,low,Background Review,APP-API-02,ACME\svc_print,context,background detection
ATD-007-00459,2026-08-21T15:27:37Z,low,Background Review,APP-API-02,ACME\mrivera,context,background detection
ATD-007-01427,2026-08-21T15:43:12Z,low,Background Review,FIN-WS-14,ACME\svc_backup,context,background detection
ATD-007-01653,2026-08-21T15:56:41Z,low,Background Review,FIN-WS-14,ACME\svc_backup,context,background detection
ATD-007-00179,2026-08-21T16:03:07Z,low,Background Review,FILE-02,NT AUTHORITY\SYSTEM,context,background detection
ATD-007-00518,2026-08-21T16:05:53Z,low,Background Review,FILE-02,ACME\jsmith,context,background detection
ATD-007-00520,2026-08-21T16:15:44Z,low,Background Review,FIN-WS-14,ACME\jsmith,context,background detection
ATD-007-00398,2026-08-21T16:17:02Z,low,Background Review,BACKUP-01,ACME\jsmith,context,background detection
ATD-007-00546,2026-08-21T16:18:39Z,low,Background Review,APP-API-02,ACME\svc_backup,context,background detection
ATD-007-01120,2026-08-21T16:21:29Z,low,Background Review,PRINT-01,ACME\svc_backup,context,background detection
ATD-007-01780,2026-08-21T16:31:57Z,low,Background Review,JUMP-01,ACME\svc_print,context,background detection
ATD-007-01727,2026-08-21T16:33:55Z,low,Background Review,PRINT-01,ACME\svc_backup,context,background detection
ATD-007-01230,2026-08-21T16:45:19Z,low,Background Review,BACKUP-01,ACME\jsmith,context,background detection
ATD-007-01130,2026-08-21T16:46:50Z,low,Background Review,DC-01,ACME\mrivera,context,background detection
ATD-007-01741,2026-08-21T16:49:30Z,low,Background Review,FILE-02,ACME\svc_print,context,background detection
ATD-007-00111,2026-08-21T16:51:36Z,low,Background Review,FIN-WS-14,NT AUTHORITY\SYSTEM,context,background detection
ATD-007-00511,2026-08-21T16:55:57Z,low,Background Review,FILE-02,ACME\jsmith,context,background detection
ATD-007-01208,2026-08-21T16:59:17Z,low,Background Review,APP-API-02,NT AUTHORITY\SYSTEM,context,background detection
ATD-007-01104,2026-08-21T17:01:08Z,low,Background Review,JUMP-01,NT AUTHORITY\SYSTEM,context,background detection
ATD-007-01496,2026-08-21T17:10:09Z,low,Background Review,DC-01,ACME\svc_backup,context,background detection
ATD-007-00926,2026-08-21T17:11:14Z,low,Background Review,DC-01,ACME\jsmith,context,background detection
ATD-007-01461,2026-08-21T17:13:03Z,low,Background Review,BACKUP-01,NT AUTHORITY\SYSTEM,context,background detection
ATD-007-01583,2026-08-21T17:25:25Z,low,Background Review,DC-01,ACME\mrivera,context,background detection
ATD-007-00282,2026-08-21T17:26:11Z,low,Background Review,BACKUP-01,NT AUTHORITY\SYSTEM,context,background detection
ATD-007-00274,2026-08-21T17:27:47Z,low,Background Review,JUMP-01,ACME\svc_print,context,background detection
ATD-007-00803,2026-08-21T17:29:14Z,low,Background Review,FIN-WS-14,NT AUTHORITY\SYSTEM,context,background detection
ATD-007-01317,2026-08-21T17:29:53Z,low,Background Review,JUMP-01,ACME\jsmith,context,background detection
ATD-007-01601,2026-08-21T17:31:19Z,low,Background Review,FIN-WS-14,NT AUTHORITY\SYSTEM,context,background detection
ATD-007-00475,2026-08-21T17:34:52Z,low,Background Review,FIN-WS-14,ACME\svc_print,context,background detection
ATD-007-00804,2026-08-21T17:53:01Z,low,Background Review,DC-01,NT AUTHORITY\SYSTEM,context,background detection
ATD-007-00853,2026-08-21T17:55:52Z,low,Background Review,APP-API-02,ACME\mrivera,context,background detection
ATD-007-01227,2026-08-21T18:08:11Z,low,Background Review,FILE-02,NT AUTHORITY\SYSTEM,context,background detection
ATD-007-01273,2026-08-21T18:09:06Z,low,Background Review,FILE-02,NT AUTHORITY\SYSTEM,context,background detection
ATD-007-00407,2026-08-21T18:09:30Z,low,Background Review,DC-01,ACME\svc_print,context,background detection
ATD-007-00643,2026-08-21T18:11:04Z,low,Background Review,FILE-02,NT AUTHORITY\SYSTEM,context,background detection
ATD-007-00662,2026-08-21T18:12:00Z,low,Background Review,BACKUP-01,ACME\svc_backup,context,background detection
ATD-007-01708,2026-08-21T18:12:12Z,low,Background Review,PRINT-01,ACME\svc_backup,context,background detection
ATD-007-00040,2026-08-21T18:21:17Z,low,Background Review,DC-01,ACME\svc_backup,context,background detection
ATD-007-00063,2026-08-21T18:28:21Z,low,Background Review,JUMP-01,ACME\svc_print,context,background detection
ATD-007-01212,2026-08-21T18:44:33Z,low,Background Review,APP-API-02,ACME\svc_print,context,background detection
ATD-007-00850,2026-08-21T18:46:34Z,low,Background Review,BACKUP-01,ACME\mrivera,context,background detection
ATD-007-01515,2026-08-21T18:49:11Z,low,Background Review,JUMP-01,ACME\jsmith,context,background detection
ATD-007-01605,2026-08-21T18:55:20Z,low,Background Review,APP-API-02,ACME\svc_print,context,background detection
ATD-007-01196,2026-08-21T18:56:20Z,low,Background Review,APP-API-02,ACME\svc_print,context,background detection
ATD-007-01274,2026-08-21T18:58:39Z,low,Background Review,APP-API-02,ACME\svc_backup,context,background detection
ATD-007-00318,2026-08-21T19:00:42Z,low,Background Review,DC-01,ACME\jsmith,context,background detection
ATD-007-00939,2026-08-21T19:23:57Z,low,Background Review,FILE-02,ACME\svc_print,context,background detection
ATD-007-01481,2026-08-21T19:34:33Z,low,Background Review,DC-01,NT AUTHORITY\SYSTEM,context,background detection
ATD-007-01163,2026-08-21T19:37:06Z,low,Background Review,FIN-WS-14,ACME\svc_backup,context,background detection
ATD-007-01648,2026-08-21T19:37:58Z,low,Background Review,JUMP-01,ACME\mrivera,context,background detection
ATD-007-00319,2026-08-21T19:49:17Z,low,Background Review,APP-API-02,NT AUTHORITY\SYSTEM,context,background detection
ATD-007-01129,2026-08-21T19:53:35Z,low,Background Review,FILE-02,ACME\svc_print,context,background detection
ATD-007-01704,2026-08-21T19:56:10Z,low,Background Review,FIN-WS-14,ACME\jsmith,context,background detection
ATD-007-00929,2026-08-21T19:59:18Z,low,Background Review,PRINT-01,ACME\mrivera,context,background detection
ATD-007-00988,2026-08-21T20:07:01Z,low,Background Review,JUMP-01,ACME\mrivera,context,background detection
ATD-007-00486,2026-08-21T20:07:54Z,low,Background Review,JUMP-01,ACME\svc_backup,context,background detection
ATD-007-01693,2026-08-21T20:20:10Z,low,Background Review,BACKUP-01,ACME\svc_backup,context,background detection
ATD-007-00258,2026-08-21T20:20:44Z,low,Background Review,FILE-02,ACME\jsmith,context,background detection
ATD-007-01451,2026-08-21T20:29:18Z,low,Background Review,FILE-02,NT AUTHORITY\SYSTEM,context,background detection
ATD-007-00601,2026-08-21T20:34:42Z,low,Background Review,FIN-WS-14,ACME\mrivera,context,background detection
ATD-007-00252,2026-08-21T21:04:49Z,low,Background Review,FILE-02,ACME\mrivera,context,background detection
ATD-007-00774,2026-08-21T21:06:30Z,low,Background Review,PRINT-01,ACME\svc_backup,context,background detection
ATD-007-01015,2026-08-21T21:11:39Z,low,Background Review,DC-01,ACME\svc_backup,context,background detection
ATD-007-01351,2026-08-21T21:16:38Z,low,Background Review,APP-API-02,ACME\mrivera,context,background detection
ATD-007-01251,2026-08-21T21:17:14Z,low,Background Review,FIN-WS-14,ACME\svc_backup,context,background detection
ATD-007-00573,2026-08-21T21:21:09Z,low,Background Review,PRINT-01,NT AUTHORITY\SYSTEM,context,background detection
ATD-007-01301,2026-08-21T21:26:20Z,low,Background Review,DC-01,ACME\svc_print,context,background detection
ATD-007-01511,2026-08-21T21:29:44Z,low,Background Review,APP-API-02,ACME\mrivera,context,background detection
ATD-007-00664,2026-08-21T21:32:04Z,low,Background Review,FIN-WS-14,ACME\svc_backup,context,background detection
ATD-007-01075,2026-08-21T21:33:47Z,low,Background Review,JUMP-01,ACME\jsmith,context,background detection
ATD-007-01363,2026-08-21T21:37:44Z,low,Background Review,PRINT-01,ACME\svc_backup,context,background detection
ATD-007-01710,2026-08-21T21:48:29Z,low,Background Review,FIN-WS-14,ACME\svc_print,context,background detection
ATD-007-01575,2026-08-21T21:48:33Z,low,Background Review,PRINT-01,ACME\mrivera,context,background detection
ATD-007-00144,2026-08-21T21:50:16Z,low,Background Review,FIN-WS-14,NT AUTHORITY\SYSTEM,context,background detection
ATD-007-01740,2026-08-21T21:50:37Z,low,Background Review,JUMP-01,NT AUTHORITY\SYSTEM,context,background detection
ATD-007-00279,2026-08-21T21:50:57Z,low,Background Review,JUMP-01,ACME\mrivera,context,background detection
ATD-007-00348,2026-08-21T21:54:46Z,low,Background Review,FILE-02,ACME\mrivera,context,background detection
ATD-007-00289,2026-08-21T21:57:00Z,low,Background Review,FILE-02,NT AUTHORITY\SYSTEM,context,background detection
ATD-007-01307,2026-08-21T21:57:33Z,low,Background Review,JUMP-01,ACME\jsmith,context,background detection
ATD-007-01745,2026-08-21T22:10:43Z,low,Background Review,PRINT-01,ACME\svc_print,context,background detection
ATD-007-00380,2026-08-21T22:16:19Z,low,Background Review,PRINT-01,ACME\svc_print,context,background detection
ATD-007-01457,2026-08-21T22:19:54Z,low,Background Review,BACKUP-01,ACME\jsmith,context,background detection
ATD-007-00840,2026-08-21T22:25:55Z,low,Background Review,DC-01,ACME\svc_print,context,background detection
ATD-007-01349,2026-08-21T22:26:14Z,low,Background Review,DC-01,ACME\mrivera,context,background detection
ATD-007-00342,2026-08-21T22:27:03Z,low,Background Review,FIN-WS-14,ACME\jsmith,context,background detection
ATD-007-00741,2026-08-21T22:27:08Z,low,Background Review,FILE-02,ACME\svc_print,context,background detection
ATD-007-01322,2026-08-21T22:35:34Z,low,Background Review,FIN-WS-14,ACME\svc_print,context,background detection
ATD-007-01220,2026-08-21T22:39:05Z,low,Background Review,APP-API-02,NT AUTHORITY\SYSTEM,context,background detection
ATD-007-01516,2026-08-21T22:43:07Z,low,Background Review,FILE-02,ACME\svc_print,context,background detection
ATD-007-01079,2026-08-21T22:50:35Z,low,Background Review,FIN-WS-14,NT AUTHORITY\SYSTEM,context,background detection
ATD-007-00472,2026-08-21T22:51:42Z,low,Background Review,FILE-02,ACME\svc_print,context,background detection
ATD-007-00569,2026-08-21T22:53:22Z,low,Background Review,FILE-02,ACME\jsmith,context,background detection
ATD-007-00568,2026-08-21T22:54:50Z,low,Background Review,FILE-02,ACME\jsmith,context,background detection
ATD-007-01350,2026-08-21T22:56:30Z,low,Background Review,PRINT-01,NT AUTHORITY\SYSTEM,context,background detection
ATD-007-00539,2026-08-21T23:01:09Z,low,Background Review,JUMP-01,ACME\svc_backup,context,background detection
ATD-007-01098,2026-08-21T23:01:11Z,low,Background Review,FIN-WS-14,ACME\svc_print,context,background detection
ATD-007-01000,2026-08-21T23:02:31Z,low,Background Review,JUMP-01,ACME\svc_backup,context,background detection
ATD-007-01670,2026-08-21T23:18:37Z,low,Background Review,BACKUP-01,ACME\mrivera,context,background detection
ATD-007-00232,2026-08-21T23:20:34Z,low,Background Review,DC-01,ACME\jsmith,context,background detection
ATD-007-01574,2026-08-21T23:26:09Z,low,Background Review,APP-API-02,ACME\svc_backup,context,background detection
ATD-007-01397,2026-08-21T23:28:28Z,low,Background Review,APP-API-02,ACME\svc_print,context,background detection
ATD-007-01369,2026-08-21T23:28:43Z,low,Background Review,APP-API-02,ACME\svc_print,context,background detection
ATD-007-00305,2026-08-21T23:37:59Z,low,Background Review,PRINT-01,ACME\svc_print,context,background detection
ATD-007-01316,2026-08-21T23:44:25Z,low,Background Review,JUMP-01,ACME\mrivera,context,background detection
ATD-007-00122,2026-08-21T23:45:43Z,low,Background Review,JUMP-01,ACME\svc_print,context,background detection
ATD-007-00101,2026-08-21T23:49:44Z,low,Background Review,APP-API-02,ACME\mrivera,context,background detection
ATD-007-01711,2026-08-21T23:53:49Z,low,Background Review,FILE-02,NT AUTHORITY\SYSTEM,context,background detection
ATD-007-00743,2026-08-21T23:55:35Z,low,Background Review,PRINT-01,ACME\svc_backup,context,background detection
ATD-007-01563,2026-08-22T00:00:07Z,low,Background Review,APP-API-02,ACME\mrivera,context,background detection
ATD-007-01186,2026-08-22T00:00:14Z,low,Background Review,JUMP-01,ACME\svc_backup,context,background detection
ATD-007-01244,2026-08-22T00:01:15Z,low,Background Review,FIN-WS-14,ACME\mrivera,context,background detection
ATD-007-01570,2026-08-22T00:06:21Z,low,Background Review,PRINT-01,ACME\jsmith,context,background detection
ATD-007-00020,2026-08-22T00:10:06Z,low,Background Review,FILE-02,NT AUTHORITY\SYSTEM,context,background detection
ATD-007-00896,2026-08-22T00:15:19Z,low,Background Review,FILE-02,ACME\svc_print,context,background detection
ATD-007-00708,2026-08-22T00:18:08Z,low,Background Review,FIN-WS-14,ACME\svc_backup,context,background detection
ATD-007-00685,2026-08-22T00:22:13Z,low,Background Review,BACKUP-01,NT AUTHORITY\SYSTEM,context,background detection
ATD-007-01448,2026-08-22T00:29:26Z,low,Background Review,FILE-02,NT AUTHORITY\SYSTEM,context,background detection
ATD-007-00262,2026-08-22T00:31:11Z,low,Background Review,DC-01,ACME\jsmith,context,background detection
ATD-007-00524,2026-08-22T00:31:11Z,low,Background Review,FILE-02,ACME\jsmith,context,background detection
ATD-007-00797,2026-08-22T00:37:22Z,low,Background Review,DC-01,NT AUTHORITY\SYSTEM,context,background detection
ATD-007-00460,2026-08-22T00:39:24Z,low,Background Review,FILE-02,ACME\svc_print,context,background detection
ATD-007-00729,2026-08-22T00:40:43Z,low,Background Review,APP-API-02,ACME\mrivera,context,background detection
ATD-007-01768,2026-08-22T00:40:54Z,low,Background Review,APP-API-02,ACME\jsmith,context,background detection
ATD-007-00218,2026-08-22T00:43:17Z,low,Background Review,FIN-WS-14,NT AUTHORITY\SYSTEM,context,background detection
ATD-007-01480,2026-08-22T00:47:43Z,low,Background Review,PRINT-01,ACME\svc_backup,context,background detection
ATD-007-00831,2026-08-22T00:48:49Z,low,Background Review,JUMP-01,ACME\svc_print,context,background detection
ATD-007-01361,2026-08-22T00:49:27Z,low,Background Review,PRINT-01,ACME\jsmith,context,background detection
ATD-007-00158,2026-08-22T00:54:12Z,low,Background Review,JUMP-01,NT AUTHORITY\SYSTEM,context,background detection
ATD-007-00106,2026-08-22T00:54:48Z,low,Background Review,DC-01,NT AUTHORITY\SYSTEM,context,background detection
ATD-007-00861,2026-08-22T00:57:34Z,low,Background Review,JUMP-01,NT AUTHORITY\SYSTEM,context,background detection
ATD-007-01239,2026-08-22T01:16:38Z,low,Background Review,FIN-WS-14,ACME\svc_print,context,background detection
ATD-007-01169,2026-08-22T01:17:07Z,low,Background Review,PRINT-01,ACME\svc_backup,context,background detection
ATD-007-01082,2026-08-22T01:34:13Z,low,Background Review,BACKUP-01,NT AUTHORITY\SYSTEM,context,background detection
ATD-007-00693,2026-08-22T01:35:45Z,low,Background Review,BACKUP-01,ACME\jsmith,context,background detection
ATD-007-00763,2026-08-22T01:47:59Z,low,Background Review,PRINT-01,ACME\jsmith,context,background detection
ATD-007-00669,2026-08-22T02:03:11Z,low,Background Review,DC-01,NT AUTHORITY\SYSTEM,context,background detection
ATD-007-00534,2026-08-22T02:08:21Z,low,Background Review,BACKUP-01,ACME\svc_backup,context,background detection
ATD-007-00180,2026-08-22T02:14:41Z,low,Background Review,BACKUP-01,NT AUTHORITY\SYSTEM,context,background detection
ATD-007-00545,2026-08-22T02:18:58Z,low,Background Review,APP-API-02,ACME\mrivera,context,background detection
ATD-007-01065,2026-08-22T02:30:48Z,low,Background Review,BACKUP-01,ACME\mrivera,context,background detection
ATD-007-01157,2026-08-22T02:39:43Z,low,Background Review,FILE-02,ACME\mrivera,context,background detection
ATD-007-01606,2026-08-22T02:41:21Z,low,Background Review,PRINT-01,ACME\jsmith,context,background detection
ATD-007-00571,2026-08-22T02:41:34Z,low,Background Review,FILE-02,ACME\jsmith,context,background detection
ATD-007-00170,2026-08-22T02:45:48Z,low,Background Review,PRINT-01,NT AUTHORITY\SYSTEM,context,background detection
ATD-007-01783,2026-08-22T02:47:20Z,low,Background Review,APP-API-02,ACME\svc_backup,context,background detection
ATD-007-00965,2026-08-22T02:49:26Z,low,Background Review,FILE-02,ACME\svc_backup,context,background detection
ATD-007-01464,2026-08-22T02:56:50Z,low,Background Review,PRINT-01,ACME\svc_print,context,background detection
ATD-007-01182,2026-08-22T03:17:13Z,low,Background Review,PRINT-01,ACME\jsmith,context,background detection
ATD-007-00923,2026-08-22T03:17:18Z,low,Background Review,APP-API-02,NT AUTHORITY\SYSTEM,context,background detection
ATD-007-00832,2026-08-22T03:22:56Z,low,Background Review,DC-01,ACME\svc_backup,context,background detection
ATD-007-01368,2026-08-22T03:23:57Z,low,Background Review,DC-01,ACME\svc_backup,context,background detection
ATD-007-00469,2026-08-22T03:24:26Z,low,Background Review,PRINT-01,ACME\svc_backup,context,background detection
ATD-007-00762,2026-08-22T03:26:02Z,low,Background Review,FIN-WS-14,ACME\svc_print,context,background detection
ATD-007-00658,2026-08-22T03:26:32Z,low,Background Review,FIN-WS-14,ACME\svc_print,context,background detection
ATD-007-01655,2026-08-22T03:29:23Z,low,Background Review,FIN-WS-14,ACME\jsmith,context,background detection
ATD-007-01067,2026-08-22T03:30:41Z,low,Background Review,FILE-02,NT AUTHORITY\SYSTEM,context,background detection
ATD-007-01031,2026-08-22T03:34:17Z,low,Background Review,DC-01,ACME\mrivera,context,background detection
ATD-007-01550,2026-08-22T03:35:45Z,low,Background Review,APP-API-02,ACME\jsmith,context,background detection
ATD-007-01512,2026-08-22T03:40:41Z,low,Background Review,PRINT-01,ACME\mrivera,context,background detection
ATD-007-00346,2026-08-22T03:42:03Z,low,Background Review,FIN-WS-14,ACME\svc_print,context,background detection
ATD-007-00096,2026-08-22T03:51:17Z,low,Background Review,DC-01,ACME\mrivera,context,background detection
ATD-007-00632,2026-08-22T03:52:05Z,low,Background Review,JUMP-01,ACME\svc_backup,context,background detection
ATD-007-01334,2026-08-22T03:57:47Z,low,Background Review,BACKUP-01,ACME\svc_backup,context,background detection
ATD-007-01121,2026-08-22T04:04:02Z,low,Background Review,PRINT-01,ACME\svc_backup,context,background detection
ATD-007-00285,2026-08-22T04:09:51Z,low,Background Review,JUMP-01,ACME\svc_print,context,background detection
ATD-007-01504,2026-08-22T04:10:20Z,low,Background Review,FIN-WS-14,ACME\jsmith,context,background detection
ATD-007-01036,2026-08-22T04:25:11Z,low,Background Review,BACKUP-01,ACME\mrivera,context,background detection
ATD-007-00197,2026-08-22T04:34:16Z,low,Background Review,FIN-WS-14,ACME\jsmith,context,background detection
ATD-007-01447,2026-08-22T04:38:46Z,low,Background Review,APP-API-02,ACME\svc_print,context,background detection
ATD-007-01657,2026-08-22T04:41:33Z,low,Background Review,FILE-02,ACME\jsmith,context,background detection
ATD-007-01055,2026-08-22T04:45:32Z,low,Background Review,JUMP-01,ACME\mrivera,context,background detection
ATD-007-00092,2026-08-22T04:47:21Z,low,Background Review,APP-API-02,NT AUTHORITY\SYSTEM,context,background detection
ATD-007-01327,2026-08-22T04:47:56Z,low,Background Review,DC-01,ACME\mrivera,context,background detection
ATD-007-01004,2026-08-22T04:52:04Z,low,Background Review,FIN-WS-14,ACME\svc_print,context,background detection
ATD-007-00879,2026-08-22T04:53:21Z,low,Background Review,APP-API-02,ACME\svc_print,context,background detection
ATD-007-00354,2026-08-22T05:01:13Z,low,Background Review,FIN-WS-14,NT AUTHORITY\SYSTEM,context,background detection
ATD-007-00187,2026-08-22T05:05:09Z,low,Background Review,PRINT-01,ACME\jsmith,context,background detection
ATD-007-00775,2026-08-22T05:13:18Z,low,Background Review,DC-01,ACME\svc_print,context,background detection
ATD-007-00135,2026-08-22T05:13:59Z,low,Background Review,JUMP-01,ACME\mrivera,context,background detection
ATD-007-01147,2026-08-22T05:27:08Z,low,Background Review,BACKUP-01,NT AUTHORITY\SYSTEM,context,background detection
ATD-007-00731,2026-08-22T05:33:01Z,low,Background Review,DC-01,ACME\svc_print,context,background detection
ATD-007-00584,2026-08-22T05:36:03Z,low,Background Review,APP-API-02,ACME\svc_print,context,background detection
ATD-007-00580,2026-08-22T05:36:38Z,low,Background Review,FIN-WS-14,ACME\svc_print,context,background detection
ATD-007-00043,2026-08-22T05:36:43Z,low,Background Review,JUMP-01,ACME\svc_backup,context,background detection
ATD-007-00825,2026-08-22T05:52:40Z,low,Background Review,BACKUP-01,ACME\svc_backup,context,background detection
ATD-007-00944,2026-08-22T06:02:32Z,low,Background Review,BACKUP-01,NT AUTHORITY\SYSTEM,context,background detection
ATD-007-00621,2026-08-22T06:06:10Z,low,Background Review,FIN-WS-14,ACME\svc_print,context,background detection
ATD-007-01264,2026-08-22T06:11:48Z,low,Background Review,FILE-02,ACME\jsmith,context,background detection
ATD-007-00508,2026-08-22T06:16:29Z,low,Background Review,FIN-WS-14,ACME\mrivera,context,background detection
ATD-007-00946,2026-08-22T06:17:12Z,low,Background Review,BACKUP-01,ACME\mrivera,context,background detection
ATD-007-00239,2026-08-22T06:17:18Z,low,Background Review,BACKUP-01,NT AUTHORITY\SYSTEM,context,background detection
ATD-007-00467,2026-08-22T06:18:30Z,low,Background Review,APP-API-02,NT AUTHORITY\SYSTEM,context,background detection
ATD-007-01425,2026-08-22T06:20:25Z,low,Background Review,PRINT-01,ACME\svc_backup,context,background detection
ATD-007-01372,2026-08-22T06:20:41Z,low,Background Review,APP-API-02,ACME\jsmith,context,background detection
ATD-007-01197,2026-08-22T06:22:22Z,low,Background Review,APP-API-02,ACME\jsmith,context,background detection
ATD-007-00779,2026-08-22T06:22:24Z,low,Background Review,DC-01,ACME\svc_backup,context,background detection
ATD-007-01525,2026-08-22T06:29:20Z,low,Background Review,FILE-02,NT AUTHORITY\SYSTEM,context,background detection
ATD-007-00254,2026-08-22T06:37:38Z,low,Background Review,PRINT-01,NT AUTHORITY\SYSTEM,context,background detection
ATD-007-00760,2026-08-22T06:45:58Z,low,Background Review,FILE-02,NT AUTHORITY\SYSTEM,context,background detection
ATD-007-00882,2026-08-22T06:52:38Z,low,Background Review,BACKUP-01,ACME\svc_print,context,background detection
ATD-007-00176,2026-08-22T06:53:38Z,low,Background Review,PRINT-01,ACME\svc_backup,context,background detection
ATD-007-01250,2026-08-22T06:59:26Z,low,Background Review,BACKUP-01,ACME\jsmith,context,background detection
ATD-007-00193,2026-08-22T07:02:44Z,low,Background Review,JUMP-01,NT AUTHORITY\SYSTEM,context,background detection
ATD-007-00514,2026-08-22T07:03:38Z,low,Background Review,JUMP-01,NT AUTHORITY\SYSTEM,context,background detection
ATD-007-00821,2026-08-22T07:06:18Z,low,Background Review,JUMP-01,NT AUTHORITY\SYSTEM,context,background detection
ATD-007-00824,2026-08-22T07:10:10Z,low,Background Review,DC-01,ACME\svc_print,context,background detection
ATD-007-00796,2026-08-22T07:10:49Z,low,Background Review,FIN-WS-14,ACME\jsmith,context,background detection
ATD-007-01285,2026-08-22T07:12:04Z,low,Background Review,FILE-02,ACME\svc_backup,context,background detection
ATD-007-00046,2026-08-22T07:12:50Z,low,Background Review,FILE-02,ACME\svc_print,context,background detection
ATD-007-01608,2026-08-22T07:21:16Z,low,Background Review,FIN-WS-14,NT AUTHORITY\SYSTEM,context,background detection
ATD-007-01034,2026-08-22T07:23:04Z,low,Background Review,PRINT-01,ACME\jsmith,context,background detection
ATD-007-01415,2026-08-22T07:38:53Z,low,Background Review,FILE-02,ACME\mrivera,context,background detection
ATD-007-01790,2026-08-22T07:44:46Z,low,Background Review,FIN-WS-14,ACME\svc_print,context,background detection
ATD-007-00505,2026-08-22T07:45:21Z,low,Background Review,DC-01,ACME\svc_print,context,background detection
ATD-007-01728,2026-08-22T07:50:19Z,low,Background Review,BACKUP-01,ACME\svc_print,context,background detection
ATD-007-01224,2026-08-22T08:03:33Z,low,Background Review,JUMP-01,NT AUTHORITY\SYSTEM,context,background detection
ATD-007-01471,2026-08-22T08:04:36Z,low,Background Review,JUMP-01,ACME\svc_backup,context,background detection
ATD-007-01348,2026-08-22T08:05:39Z,low,Background Review,FILE-02,ACME\mrivera,context,background detection
ATD-007-00784,2026-08-22T08:05:56Z,low,Background Review,FILE-02,ACME\jsmith,context,background detection
ATD-007-00079,2026-08-22T08:06:27Z,low,Background Review,APP-API-02,ACME\mrivera,context,background detection
ATD-007-00192,2026-08-22T08:13:46Z,low,Background Review,FILE-02,ACME\mrivera,context,background detection
ATD-007-00912,2026-08-22T08:29:37Z,low,Background Review,BACKUP-01,ACME\jsmith,context,background detection
ATD-007-00633,2026-08-22T08:36:25Z,low,Background Review,BACKUP-01,ACME\jsmith,context,background detection
ATD-007-00451,2026-08-22T08:37:21Z,low,Background Review,PRINT-01,ACME\svc_print,context,background detection
ATD-007-01450,2026-08-22T08:38:39Z,low,Background Review,FIN-WS-14,ACME\svc_backup,context,background detection
ATD-007-01172,2026-08-22T08:42:23Z,low,Background Review,BACKUP-01,ACME\svc_backup,context,background detection
ATD-007-00399,2026-08-22T08:49:27Z,low,Background Review,BACKUP-01,NT AUTHORITY\SYSTEM,context,background detection
ATD-007-00500,2026-08-22T08:57:15Z,low,Background Review,DC-01,NT AUTHORITY\SYSTEM,context,background detection
ATD-007-00123,2026-08-22T08:57:41Z,low,Background Review,DC-01,ACME\svc_print,context,background detection
ATD-007-01661,2026-08-22T09:01:29Z,low,Background Review,JUMP-01,ACME\svc_print,context,background detection
ATD-007-00799,2026-08-22T09:20:06Z,low,Background Review,DC-01,ACME\svc_print,context,background detection
ATD-007-01581,2026-08-22T09:20:49Z,low,Background Review,DC-01,ACME\svc_print,context,background detection
ATD-007-01278,2026-08-22T09:21:05Z,low,Background Review,FILE-02,ACME\svc_print,context,background detection
ATD-007-00973,2026-08-22T09:21:21Z,low,Background Review,FILE-02,ACME\svc_print,context,background detection
ATD-007-01650,2026-08-22T09:21:26Z,low,Background Review,BACKUP-01,ACME\mrivera,context,background detection
ATD-007-01559,2026-08-22T09:23:28Z,low,Background Review,BACKUP-01,ACME\mrivera,context,background detection
ATD-007-00118,2026-08-22T09:24:54Z,low,Background Review,FILE-02,ACME\svc_backup,context,background detection
ATD-007-01380,2026-08-22T09:34:44Z,low,Background Review,JUMP-01,ACME\mrivera,context,background detection
ATD-007-00148,2026-08-22T09:38:43Z,low,Background Review,PRINT-01,NT AUTHORITY\SYSTEM,context,background detection
ATD-007-00557,2026-08-22T09:40:16Z,low,Background Review,BACKUP-01,ACME\svc_print,context,background detection
ATD-007-00958,2026-08-22T09:52:28Z,low,Background Review,PRINT-01,ACME\svc_backup,context,background detection
ATD-007-01144,2026-08-22T09:58:15Z,low,Background Review,FIN-WS-14,ACME\jsmith,context,background detection
ATD-007-00126,2026-08-22T10:06:20Z,low,Background Review,APP-API-02,ACME\mrivera,context,background detection
ATD-007-00283,2026-08-22T10:07:28Z,low,Background Review,JUMP-01,ACME\jsmith,context,background detection
ATD-007-00667,2026-08-22T10:08:36Z,low,Background Review,DC-01,ACME\svc_print,context,background detection
ATD-007-00873,2026-08-22T10:10:46Z,low,Background Review,DC-01,ACME\mrivera,context,background detection
ATD-007-00053,2026-08-22T10:11:42Z,low,Background Review,FIN-WS-14,ACME\svc_backup,context,background detection
ATD-007-00210,2026-08-22T10:12:45Z,low,Background Review,FILE-02,ACME\svc_print,context,background detection
ATD-007-00713,2026-08-22T10:12:49Z,low,Background Review,BACKUP-01,ACME\svc_print,context,background detection
ATD-007-00986,2026-08-22T10:16:40Z,low,Background Review,JUMP-01,ACME\mrivera,context,background detection
ATD-007-00260,2026-08-22T10:21:53Z,low,Background Review,APP-API-02,NT AUTHORITY\SYSTEM,context,background detection
ATD-007-01321,2026-08-22T10:23:35Z,low,Background Review,JUMP-01,ACME\jsmith,context,background detection
ATD-007-00306,2026-08-22T10:25:58Z,low,Background Review,FIN-WS-14,NT AUTHORITY\SYSTEM,context,background detection
ATD-007-00801,2026-08-22T10:26:48Z,low,Background Review,FIN-WS-14,NT AUTHORITY\SYSTEM,context,background detection
ATD-007-01228,2026-08-22T10:34:18Z,low,Background Review,DC-01,NT AUTHORITY\SYSTEM,context,background detection
ATD-007-01143,2026-08-22T10:42:50Z,low,Background Review,DC-01,ACME\svc_backup,context,background detection
ATD-007-01203,2026-08-22T10:42:51Z,low,Background Review,APP-API-02,NT AUTHORITY\SYSTEM,context,background detection
ATD-007-01760,2026-08-22T10:53:52Z,low,Background Review,JUMP-01,ACME\svc_backup,context,background detection
ATD-007-00951,2026-08-22T10:58:28Z,low,Background Review,PRINT-01,NT AUTHORITY\SYSTEM,context,background detection
ATD-007-00296,2026-08-22T11:04:32Z,low,Background Review,APP-API-02,ACME\mrivera,context,background detection
ATD-007-00425,2026-08-22T11:05:05Z,low,Background Review,PRINT-01,ACME\jsmith,context,background detection
ATD-007-00925,2026-08-22T11:17:43Z,low,Background Review,JUMP-01,NT AUTHORITY\SYSTEM,context,background detection
ATD-007-00790,2026-08-22T11:23:15Z,low,Background Review,JUMP-01,ACME\svc_backup,context,background detection
ATD-007-00473,2026-08-22T11:23:23Z,low,Background Review,PRINT-01,ACME\svc_backup,context,background detection
ATD-007-00800,2026-08-22T11:37:46Z,low,Background Review,BACKUP-01,ACME\svc_backup,context,background detection
ATD-007-01340,2026-08-22T11:46:03Z,low,Background Review,FILE-02,NT AUTHORITY\SYSTEM,context,background detection
ATD-007-01715,2026-08-22T11:47:56Z,low,Background Review,PRINT-01,ACME\svc_print,context,background detection
ATD-007-01407,2026-08-22T11:47:59Z,low,Background Review,BACKUP-01,ACME\svc_print,context,background detection
ATD-007-01076,2026-08-22T11:50:15Z,low,Background Review,DC-01,ACME\svc_backup,context,background detection
ATD-007-00031,2026-08-22T11:50:28Z,low,Background Review,APP-API-02,ACME\jsmith,context,background detection
ATD-007-01764,2026-08-22T11:50:33Z,low,Background Review,FIN-WS-14,ACME\mrivera,context,background detection
ATD-007-01345,2026-08-22T11:51:02Z,low,Background Review,JUMP-01,NT AUTHORITY\SYSTEM,context,background detection
ATD-007-00788,2026-08-22T11:51:21Z,low,Background Review,JUMP-01,ACME\jsmith,context,background detection
ATD-007-00288,2026-08-22T11:56:02Z,low,Background Review,JUMP-01,ACME\svc_print,context,background detection
ATD-007-00251,2026-08-22T11:57:59Z,low,Background Review,FILE-02,ACME\mrivera,context,background detection
ATD-007-01092,2026-08-22T12:07:27Z,low,Background Review,APP-API-02,ACME\svc_print,context,background detection
ATD-007-00209,2026-08-22T12:10:46Z,low,Background Review,BACKUP-01,ACME\svc_backup,context,background detection
ATD-007-01153,2026-08-22T12:11:33Z,low,Background Review,PRINT-01,ACME\svc_print,context,background detection
ATD-007-00090,2026-08-22T12:16:22Z,low,Background Review,JUMP-01,ACME\svc_print,context,background detection
ATD-007-01194,2026-08-22T12:17:23Z,low,Background Review,FILE-02,ACME\svc_backup,context,background detection
ATD-007-00753,2026-08-22T12:20:16Z,low,Background Review,JUMP-01,NT AUTHORITY\SYSTEM,context,background detection
ATD-007-00395,2026-08-22T12:21:48Z,low,Background Review,FILE-02,NT AUTHORITY\SYSTEM,context,background detection
ATD-007-00808,2026-08-22T12:46:15Z,low,Background Review,JUMP-01,ACME\jsmith,context,background detection
ATD-007-01598,2026-08-22T12:46:39Z,low,Background Review,DC-01,NT AUTHORITY\SYSTEM,context,background detection
ATD-007-00060,2026-08-22T12:47:09Z,low,Background Review,FIN-WS-14,ACME\svc_print,context,background detection
ATD-007-01329,2026-08-22T12:57:33Z,low,Background Review,DC-01,ACME\jsmith,context,background detection
ATD-007-01698,2026-08-22T13:11:21Z,low,Background Review,DC-01,NT AUTHORITY\SYSTEM,context,background detection
ATD-007-00690,2026-08-22T13:14:34Z,low,Background Review,FIN-WS-14,NT AUTHORITY\SYSTEM,context,background detection
ATD-007-00547,2026-08-22T13:18:20Z,low,Background Review,BACKUP-01,ACME\mrivera,context,background detection
ATD-007-00716,2026-08-22T13:28:17Z,low,Background Review,DC-01,ACME\jsmith,context,background detection
ATD-007-00249,2026-08-22T13:29:33Z,low,Background Review,BACKUP-01,ACME\svc_backup,context,background detection
ATD-007-01455,2026-08-22T13:32:42Z,low,Background Review,DC-01,ACME\svc_backup,context,background detection
ATD-007-01664,2026-08-22T13:36:43Z,low,Background Review,JUMP-01,ACME\svc_backup,context,background detection
ATD-007-00670,2026-08-22T13:38:43Z,low,Background Review,BACKUP-01,ACME\jsmith,context,background detection
ATD-007-00011,2026-08-22T13:41:14Z,low,Background Review,APP-API-02,ACME\svc_print,context,background detection
ATD-007-00453,2026-08-22T13:45:19Z,low,Background Review,DC-01,ACME\svc_backup,context,background detection
ATD-007-01218,2026-08-22T13:47:29Z,low,Background Review,JUMP-01,ACME\mrivera,context,background detection
ATD-007-01484,2026-08-22T13:52:13Z,low,Background Review,APP-API-02,ACME\jsmith,context,background detection
ATD-007-00333,2026-08-22T14:06:25Z,low,Background Review,FILE-02,ACME\svc_print,context,background detection
ATD-007-01293,2026-08-22T14:08:33Z,low,Background Review,JUMP-01,ACME\jsmith,context,background detection
ATD-007-00950,2026-08-22T14:12:27Z,low,Background Review,JUMP-01,ACME\jsmith,context,background detection
ATD-007-00637,2026-08-22T14:13:55Z,low,Background Review,FIN-WS-14,ACME\mrivera,context,background detection
ATD-007-00264,2026-08-22T14:15:44Z,low,Background Review,JUMP-01,ACME\svc_print,context,background detection
ATD-007-00733,2026-08-22T14:16:21Z,low,Background Review,BACKUP-01,ACME\svc_backup,context,background detection
ATD-007-00985,2026-08-22T14:18:13Z,low,Background Review,FILE-02,NT AUTHORITY\SYSTEM,context,background detection
ATD-007-00393,2026-08-22T14:19:50Z,low,Background Review,APP-API-02,ACME\jsmith,context,background detection
ATD-007-00238,2026-08-22T14:20:01Z,low,Background Review,FIN-WS-14,ACME\jsmith,context,background detection
ATD-007-00695,2026-08-22T14:20:45Z,low,Background Review,FIN-WS-14,ACME\jsmith,context,background detection
ATD-007-00782,2026-08-22T14:24:49Z,low,Background Review,DC-01,ACME\mrivera,context,background detection
ATD-007-01666,2026-08-22T14:26:08Z,low,Background Review,APP-API-02,ACME\mrivera,context,background detection
ATD-007-01586,2026-08-22T14:27:55Z,low,Background Review,APP-API-02,ACME\jsmith,context,background detection
ATD-007-00930,2026-08-22T14:28:04Z,low,Background Review,FIN-WS-14,ACME\mrivera,context,background detection
ATD-007-00292,2026-08-22T14:29:01Z,low,Background Review,DC-01,NT AUTHORITY\SYSTEM,context,background detection
ATD-007-01150,2026-08-22T14:37:56Z,low,Background Review,JUMP-01,ACME\svc_backup,context,background detection
ATD-007-00935,2026-08-22T14:39:22Z,low,Background Review,PRINT-01,ACME\svc_backup,context,background detection
ATD-007-00162,2026-08-22T14:45:33Z,low,Background Review,DC-01,NT AUTHORITY\SYSTEM,context,background detection
ATD-007-00215,2026-08-22T14:51:16Z,low,Background Review,DC-01,ACME\jsmith,context,background detection
ATD-007-00338,2026-08-22T14:55:42Z,low,Background Review,BACKUP-01,ACME\mrivera,context,background detection
ATD-007-00095,2026-08-22T14:58:08Z,low,Background Review,FIN-WS-14,ACME\mrivera,context,background detection
ATD-007-00207,2026-08-22T15:03:57Z,low,Background Review,DC-01,ACME\jsmith,context,background detection
ATD-007-00426,2026-08-22T15:05:13Z,low,Background Review,JUMP-01,NT AUTHORITY\SYSTEM,context,background detection
ATD-007-01268,2026-08-22T15:08:13Z,low,Background Review,PRINT-01,ACME\svc_backup,context,background detection
ATD-007-00163,2026-08-22T15:10:47Z,low,Background Review,FIN-WS-14,ACME\svc_backup,context,background detection
ATD-007-01752,2026-08-22T15:22:38Z,low,Background Review,APP-API-02,ACME\svc_backup,context,background detection
ATD-007-01798,2026-08-22T15:27:03Z,low,Background Review,APP-API-02,ACME\svc_print,context,background detection
ATD-007-00261,2026-08-22T15:29:20Z,low,Background Review,PRINT-01,ACME\mrivera,context,background detection
ATD-007-00747,2026-08-22T15:33:22Z,low,Background Review,APP-API-02,ACME\svc_backup,context,background detection
ATD-007-00684,2026-08-22T15:35:15Z,low,Background Review,APP-API-02,ACME\jsmith,context,background detection
ATD-007-00624,2026-08-22T15:38:36Z,low,Background Review,FIN-WS-14,ACME\svc_backup,context,background detection
ATD-007-00941,2026-08-22T15:40:39Z,low,Background Review,JUMP-01,ACME\jsmith,context,background detection
ATD-007-01419,2026-08-22T15:44:15Z,low,Background Review,DC-01,ACME\svc_print,context,background detection
ATD-007-00168,2026-08-22T15:45:20Z,low,Background Review,BACKUP-01,ACME\jsmith,context,background detection
ATD-007-01287,2026-08-22T15:54:21Z,low,Background Review,APP-API-02,NT AUTHORITY\SYSTEM,context,background detection
ATD-007-00146,2026-08-22T15:57:40Z,low,Background Review,JUMP-01,ACME\jsmith,context,background detection
ATD-007-00108,2026-08-22T15:58:06Z,low,Background Review,FILE-02,ACME\svc_backup,context,background detection
ATD-007-00471,2026-08-22T15:58:06Z,low,Background Review,FIN-WS-14,ACME\jsmith,context,background detection
ATD-007-01795,2026-08-22T16:01:05Z,low,Background Review,JUMP-01,ACME\svc_print,context,background detection
ATD-007-01398,2026-08-22T16:08:39Z,low,Background Review,DC-01,ACME\mrivera,context,background detection
ATD-007-01134,2026-08-22T16:10:32Z,low,Background Review,FILE-02,ACME\svc_print,context,background detection
ATD-007-01366,2026-08-22T16:28:10Z,low,Background Review,APP-API-02,ACME\svc_backup,context,background detection
ATD-007-00077,2026-08-22T16:30:45Z,low,Background Review,APP-API-02,ACME\jsmith,context,background detection
ATD-007-00611,2026-08-22T16:35:53Z,low,Background Review,FIN-WS-14,ACME\mrivera,context,background detection
ATD-007-00794,2026-08-22T16:39:32Z,low,Background Review,JUMP-01,ACME\jsmith,context,background detection
ATD-007-00235,2026-08-22T16:40:43Z,low,Background Review,DC-01,ACME\svc_backup,context,background detection
ATD-007-01663,2026-08-22T16:56:41Z,low,Background Review,DC-01,ACME\svc_backup,context,background detection
ATD-007-00403,2026-08-22T16:59:08Z,low,Background Review,FIN-WS-14,ACME\jsmith,context,background detection
ATD-007-01712,2026-08-22T17:02:27Z,low,Background Review,PRINT-01,ACME\jsmith,context,background detection
ATD-007-00344,2026-08-22T17:08:40Z,low,Background Review,PRINT-01,ACME\svc_backup,context,background detection
ATD-007-00599,2026-08-22T17:11:35Z,low,Background Review,FILE-02,ACME\jsmith,context,background detection
ATD-007-01429,2026-08-22T17:13:29Z,low,Background Review,FIN-WS-14,ACME\svc_print,context,background detection
ATD-007-01164,2026-08-22T17:18:36Z,low,Background Review,BACKUP-01,ACME\jsmith,context,background detection
ATD-007-00341,2026-08-22T17:30:42Z,low,Background Review,DC-01,ACME\svc_backup,context,background detection
ATD-007-01148,2026-08-22T17:32:01Z,low,Background Review,APP-API-02,ACME\jsmith,context,background detection
ATD-007-00405,2026-08-22T17:32:36Z,low,Background Review,BACKUP-01,ACME\svc_print,context,background detection
ATD-007-00771,2026-08-22T17:32:41Z,low,Background Review,FIN-WS-14,ACME\mrivera,context,background detection
ATD-007-00030,2026-08-22T17:35:18Z,low,Background Review,FILE-02,ACME\svc_print,context,background detection
ATD-007-01519,2026-08-22T17:36:41Z,low,Background Review,FIN-WS-14,ACME\svc_backup,context,background detection
ATD-007-01513,2026-08-22T17:52:08Z,low,Background Review,JUMP-01,ACME\svc_backup,context,background detection
ATD-007-01462,2026-08-22T17:52:11Z,low,Background Review,PRINT-01,ACME\mrivera,context,background detection
ATD-007-00894,2026-08-22T17:57:06Z,low,Background Review,APP-API-02,ACME\jsmith,context,background detection
ATD-007-01019,2026-08-22T18:08:40Z,low,Background Review,JUMP-01,NT AUTHORITY\SYSTEM,context,background detection
ATD-007-01365,2026-08-22T18:09:16Z,low,Background Review,FILE-02,ACME\mrivera,context,background detection
ATD-007-01632,2026-08-22T18:10:34Z,low,Background Review,PRINT-01,ACME\svc_backup,context,background detection
ATD-007-00752,2026-08-22T18:18:42Z,low,Background Review,FILE-02,ACME\svc_backup,context,background detection
ATD-007-01184,2026-08-22T18:20:44Z,low,Background Review,JUMP-01,ACME\svc_backup,context,background detection
ATD-007-00325,2026-08-22T18:23:48Z,low,Background Review,JUMP-01,ACME\svc_backup,context,background detection
ATD-007-00303,2026-08-22T18:26:26Z,low,Background Review,APP-API-02,NT AUTHORITY\SYSTEM,context,background detection
ATD-007-00681,2026-08-22T18:31:59Z,low,Background Review,FIN-WS-14,NT AUTHORITY\SYSTEM,context,background detection
ATD-007-01030,2026-08-22T18:32:29Z,low,Background Review,DC-01,ACME\jsmith,context,background detection
ATD-007-00858,2026-08-22T18:39:17Z,low,Background Review,DC-01,ACME\jsmith,context,background detection
ATD-007-00516,2026-08-22T18:42:28Z,low,Background Review,BACKUP-01,ACME\mrivera,context,background detection
ATD-007-01330,2026-08-22T18:44:18Z,low,Background Review,JUMP-01,ACME\mrivera,context,background detection
ATD-007-00113,2026-08-22T18:51:36Z,low,Background Review,FIN-WS-14,ACME\jsmith,context,background detection
ATD-007-00330,2026-08-22T18:57:10Z,low,Background Review,BACKUP-01,ACME\mrivera,context,background detection
ATD-007-00606,2026-08-22T19:01:40Z,low,Background Review,APP-API-02,NT AUTHORITY\SYSTEM,context,background detection
ATD-007-00798,2026-08-22T19:08:38Z,low,Background Review,JUMP-01,ACME\svc_print,context,background detection
ATD-007-00523,2026-08-22T19:09:11Z,low,Background Review,PRINT-01,ACME\mrivera,context,background detection
ATD-007-00880,2026-08-22T19:18:06Z,low,Background Review,FILE-02,ACME\jsmith,context,background detection
ATD-007-01247,2026-08-22T19:22:09Z,low,Background Review,APP-API-02,ACME\jsmith,context,background detection
ATD-007-01033,2026-08-22T19:22:54Z,low,Background Review,PRINT-01,ACME\svc_backup,context,background detection
ATD-007-00609,2026-08-22T19:24:43Z,low,Background Review,BACKUP-01,ACME\svc_backup,context,background detection
ATD-007-01042,2026-08-22T19:24:43Z,low,Background Review,DC-01,ACME\jsmith,context,background detection
ATD-007-00291,2026-08-22T19:26:10Z,low,Background Review,BACKUP-01,ACME\jsmith,context,background detection
ATD-007-00490,2026-08-22T19:32:18Z,low,Background Review,BACKUP-01,ACME\jsmith,context,background detection
ATD-007-00694,2026-08-22T19:33:47Z,low,Background Review,JUMP-01,ACME\svc_backup,context,background detection
ATD-007-00686,2026-08-22T19:34:41Z,low,Background Review,FIN-WS-14,ACME\svc_backup,context,background detection
ATD-007-00272,2026-08-22T19:35:05Z,low,Background Review,FILE-02,ACME\svc_print,context,background detection
ATD-007-01053,2026-08-22T19:36:29Z,low,Background Review,JUMP-01,NT AUTHORITY\SYSTEM,context,background detection
ATD-007-01414,2026-08-22T19:43:32Z,low,Background Review,FIN-WS-14,ACME\svc_backup,context,background detection
ATD-007-00159,2026-08-22T19:48:23Z,low,Background Review,BACKUP-01,ACME\svc_print,context,background detection
ATD-007-01416,2026-08-22T19:53:47Z,low,Background Review,DC-01,ACME\svc_print,context,background detection
ATD-007-00777,2026-08-22T19:54:12Z,low,Background Review,APP-API-02,ACME\svc_print,context,background detection
ATD-007-00932,2026-08-22T19:56:54Z,low,Background Review,FIN-WS-14,ACME\svc_backup,context,background detection
ATD-007-01543,2026-08-22T19:57:37Z,low,Background Review,JUMP-01,ACME\jsmith,context,background detection
ATD-007-00482,2026-08-22T20:02:13Z,low,Background Review,JUMP-01,ACME\mrivera,context,background detection
ATD-007-00723,2026-08-22T20:03:23Z,low,Background Review,FIN-WS-14,ACME\svc_print,context,background detection
ATD-007-00230,2026-08-22T20:04:12Z,low,Background Review,JUMP-01,ACME\svc_backup,context,background detection
ATD-007-00657,2026-08-22T20:17:31Z,low,Background Review,BACKUP-01,ACME\mrivera,context,background detection
ATD-007-00042,2026-08-22T20:20:06Z,low,Background Review,PRINT-01,ACME\jsmith,context,background detection
ATD-007-00094,2026-08-22T20:27:13Z,low,Background Review,FILE-02,ACME\mrivera,context,background detection
ATD-007-01767,2026-08-22T20:29:07Z,low,Background Review,BACKUP-01,ACME\svc_print,context,background detection
ATD-007-01206,2026-08-22T20:32:15Z,low,Background Review,JUMP-01,NT AUTHORITY\SYSTEM,context,background detection
ATD-007-01589,2026-08-22T20:35:14Z,low,Background Review,JUMP-01,NT AUTHORITY\SYSTEM,context,background detection
ATD-007-01782,2026-08-22T20:35:34Z,low,Background Review,FIN-WS-14,ACME\jsmith,context,background detection
ATD-007-00961,2026-08-22T20:37:23Z,low,Background Review,PRINT-01,ACME\svc_backup,context,background detection
ATD-007-01320,2026-08-22T20:48:01Z,low,Background Review,FIN-WS-14,ACME\jsmith,context,background detection
ATD-007-00391,2026-08-22T20:53:22Z,low,Background Review,FILE-02,NT AUTHORITY\SYSTEM,context,background detection
ATD-007-01390,2026-08-22T20:57:27Z,low,Background Review,PRINT-01,ACME\jsmith,context,background detection
ATD-007-00738,2026-08-22T21:00:44Z,low,Background Review,DC-01,ACME\svc_backup,context,background detection
ATD-007-01423,2026-08-22T21:07:16Z,low,Background Review,JUMP-01,ACME\svc_backup,context,background detection
ATD-007-01690,2026-08-22T21:08:27Z,low,Background Review,PRINT-01,ACME\svc_backup,context,background detection
ATD-007-00036,2026-08-22T21:15:05Z,low,Background Review,FILE-02,ACME\svc_print,context,background detection
ATD-007-00091,2026-08-22T21:21:01Z,low,Background Review,BACKUP-01,NT AUTHORITY\SYSTEM,context,background detection
ATD-007-01376,2026-08-22T21:24:29Z,low,Background Review,BACKUP-01,NT AUTHORITY\SYSTEM,context,background detection
ATD-007-00895,2026-08-22T21:26:16Z,low,Background Review,FILE-02,ACME\jsmith,context,background detection
ATD-007-01231,2026-08-22T21:36:43Z,low,Background Review,PRINT-01,NT AUTHORITY\SYSTEM,context,background detection
ATD-007-00488,2026-08-22T21:40:29Z,low,Background Review,DC-01,ACME\mrivera,context,background detection
ATD-007-01695,2026-08-22T21:53:28Z,low,Background Review,BACKUP-01,ACME\jsmith,context,background detection
ATD-007-01456,2026-08-22T21:54:04Z,low,Background Review,FIN-WS-14,ACME\jsmith,context,background detection
ATD-007-01188,2026-08-22T21:56:04Z,low,Background Review,DC-01,ACME\mrivera,context,background detection
ATD-007-00300,2026-08-22T21:58:54Z,low,Background Review,DC-01,ACME\jsmith,context,background detection
ATD-007-00816,2026-08-22T22:02:05Z,low,Background Review,PRINT-01,ACME\jsmith,context,background detection
ATD-007-01438,2026-08-22T22:03:06Z,low,Background Review,FIN-WS-14,ACME\svc_print,context,background detection
ATD-007-01482,2026-08-22T22:09:37Z,low,Background Review,JUMP-01,ACME\mrivera,context,background detection
ATD-007-01132,2026-08-22T22:20:48Z,low,Background Review,FIN-WS-14,NT AUTHORITY\SYSTEM,context,background detection
ATD-007-01249,2026-08-22T22:20:51Z,low,Background Review,JUMP-01,ACME\jsmith,context,background detection
ATD-007-01072,2026-08-22T22:26:29Z,low,Background Review,PRINT-01,ACME\svc_backup,context,background detection
ATD-007-00026,2026-08-22T22:28:47Z,low,Background Review,DC-01,ACME\svc_backup,context,background detection
ATD-007-00671,2026-08-22T22:29:03Z,low,Background Review,FILE-02,ACME\jsmith,context,background detection
ATD-007-00211,2026-08-22T22:33:17Z,low,Background Review,JUMP-01,ACME\mrivera,context,background detection
ATD-007-01424,2026-08-22T22:34:37Z,low,Background Review,BACKUP-01,ACME\svc_backup,context,background detection
ATD-007-01615,2026-08-22T22:35:20Z,low,Background Review,PRINT-01,ACME\jsmith,context,background detection
ATD-007-00295,2026-08-22T22:38:49Z,low,Background Review,FILE-02,ACME\jsmith,context,background detection
ATD-007-01160,2026-08-22T22:40:10Z,low,Background Review,FILE-02,ACME\jsmith,context,background detection
ATD-007-00922,2026-08-22T22:43:26Z,low,Background Review,PRINT-01,ACME\mrivera,context,background detection
ATD-007-00237,2026-08-22T22:50:50Z,low,Background Review,JUMP-01,NT AUTHORITY\SYSTEM,context,background detection
ATD-007-00677,2026-08-22T23:06:25Z,low,Background Review,DC-01,ACME\svc_backup,context,background detection
ATD-007-01547,2026-08-22T23:12:06Z,low,Background Review,PRINT-01,ACME\jsmith,context,background detection
ATD-007-00241,2026-08-22T23:14:06Z,low,Background Review,BACKUP-01,ACME\svc_backup,context,background detection
ATD-007-00259,2026-08-22T23:17:30Z,low,Background Review,FIN-WS-14,NT AUTHORITY\SYSTEM,context,background detection
ATD-007-00718,2026-08-22T23:17:55Z,low,Background Review,FIN-WS-14,NT AUTHORITY\SYSTEM,context,background detection
ATD-007-00499,2026-08-22T23:37:40Z,low,Background Review,APP-API-02,ACME\mrivera,context,background detection
ATD-007-00982,2026-08-22T23:48:01Z,low,Background Review,BACKUP-01,ACME\svc_backup,context,background detection
ATD-007-01091,2026-08-22T23:50:12Z,low,Background Review,DC-01,ACME\mrivera,context,background detection
ATD-007-01432,2026-08-22T23:52:01Z,low,Background Review,APP-API-02,ACME\mrivera,context,background detection
ATD-007-01281,2026-08-22T23:53:35Z,low,Background Review,JUMP-01,ACME\svc_print,context,background detection
ATD-007-00088,2026-08-22T23:58:14Z,low,Background Review,PRINT-01,ACME\jsmith,context,background detection
ATD-007-01433,2026-08-23T00:00:47Z,low,Background Review,FILE-02,NT AUTHORITY\SYSTEM,context,background detection
ATD-007-01679,2026-08-23T00:03:14Z,low,Background Review,JUMP-01,ACME\mrivera,context,background detection
ATD-007-01128,2026-08-23T00:06:23Z,low,Background Review,PRINT-01,NT AUTHORITY\SYSTEM,context,background detection
ATD-007-01339,2026-08-23T00:06:27Z,low,Background Review,BACKUP-01,ACME\svc_print,context,background detection
ATD-007-00324,2026-08-23T00:09:43Z,low,Background Review,BACKUP-01,NT AUTHORITY\SYSTEM,context,background detection
ATD-007-01520,2026-08-23T00:10:13Z,low,Background Review,FIN-WS-14,NT AUTHORITY\SYSTEM,context,background detection
ATD-007-01386,2026-08-23T00:14:27Z,low,Background Review,FILE-02,ACME\svc_print,context,background detection
ATD-007-01171,2026-08-23T00:18:50Z,low,Background Review,PRINT-01,ACME\svc_print,context,background detection
ATD-007-01358,2026-08-23T00:28:06Z,low,Background Review,FILE-02,ACME\mrivera,context,background detection
ATD-007-00396,2026-08-23T00:43:32Z,low,Background Review,BACKUP-01,ACME\jsmith,context,background detection
ATD-007-01003,2026-08-23T00:52:02Z,low,Background Review,APP-API-02,ACME\svc_print,context,background detection
ATD-007-00529,2026-08-23T00:58:06Z,low,Background Review,FIN-WS-14,ACME\mrivera,context,background detection
ATD-007-00171,2026-08-23T01:01:30Z,low,Background Review,DC-01,ACME\jsmith,context,background detection
ATD-007-00877,2026-08-23T01:05:33Z,low,Background Review,PRINT-01,ACME\mrivera,context,background detection
ATD-007-01190,2026-08-23T01:06:07Z,low,Background Review,BACKUP-01,ACME\mrivera,context,background detection
ATD-007-00532,2026-08-23T01:06:08Z,low,Background Review,JUMP-01,ACME\svc_print,context,background detection
ATD-007-01112,2026-08-23T01:06:28Z,low,Background Review,FIN-WS-14,ACME\svc_print,context,background detection
ATD-007-01332,2026-08-23T01:09:56Z,low,Background Review,DC-01,ACME\mrivera,context,background detection
ATD-007-00615,2026-08-23T01:11:12Z,low,Background Review,APP-API-02,ACME\svc_backup,context,background detection
ATD-007-01472,2026-08-23T01:12:16Z,low,Background Review,FIN-WS-14,NT AUTHORITY\SYSTEM,context,background detection
ATD-007-01656,2026-08-23T01:13:21Z,low,Background Review,FIN-WS-14,ACME\svc_backup,context,background detection
ATD-007-00032,2026-08-23T01:16:25Z,low,Background Review,JUMP-01,ACME\jsmith,context,background detection
ATD-007-00604,2026-08-23T01:21:47Z,low,Background Review,JUMP-01,ACME\mrivera,context,background detection
ATD-007-00287,2026-08-23T01:28:00Z,low,Background Review,FIN-WS-14,ACME\svc_print,context,background detection
ATD-007-00665,2026-08-23T01:31:44Z,low,Background Review,FIN-WS-14,NT AUTHORITY\SYSTEM,context,background detection
ATD-007-00378,2026-08-23T01:36:22Z,low,Background Review,JUMP-01,ACME\mrivera,context,background detection
ATD-007-00674,2026-08-23T01:36:24Z,low,Background Review,BACKUP-01,NT AUTHORITY\SYSTEM,context,background detection
ATD-007-00487,2026-08-23T01:37:49Z,low,Background Review,FIN-WS-14,NT AUTHORITY\SYSTEM,context,background detection
ATD-007-00439,2026-08-23T01:42:30Z,low,Background Review,DC-01,ACME\svc_backup,context,background detection
ATD-007-01577,2026-08-23T01:53:16Z,low,Background Review,FIN-WS-14,ACME\mrivera,context,background detection
ATD-007-00714,2026-08-23T01:54:16Z,low,Background Review,BACKUP-01,ACME\jsmith,context,background detection
ATD-007-00981,2026-08-23T01:54:28Z,low,Background Review,JUMP-01,ACME\mrivera,context,background detection
ATD-007-00867,2026-08-23T01:55:45Z,low,Background Review,APP-API-02,ACME\mrivera,context,background detection
ATD-007-00117,2026-08-23T02:09:42Z,low,Background Review,DC-01,ACME\svc_backup,context,background detection
ATD-007-01647,2026-08-23T02:09:54Z,low,Background Review,APP-API-02,ACME\svc_backup,context,background detection
ATD-007-00468,2026-08-23T02:13:34Z,low,Background Review,APP-API-02,ACME\svc_backup,context,background detection
ATD-007-01483,2026-08-23T02:19:10Z,low,Background Review,BACKUP-01,ACME\jsmith,context,background detection
ATD-007-00750,2026-08-23T02:19:19Z,low,Background Review,DC-01,ACME\mrivera,context,background detection
ATD-007-01503,2026-08-23T02:22:12Z,low,Background Review,PRINT-01,ACME\jsmith,context,background detection
ATD-007-01234,2026-08-23T02:22:21Z,low,Background Review,APP-API-02,ACME\jsmith,context,background detection
ATD-007-00940,2026-08-23T02:23:31Z,low,Background Review,FIN-WS-14,ACME\svc_backup,context,background detection
ATD-007-01686,2026-08-23T02:27:16Z,low,Background Review,BACKUP-01,ACME\mrivera,context,background detection
ATD-007-00491,2026-08-23T02:31:48Z,low,Background Review,APP-API-02,ACME\svc_backup,context,background detection
ATD-007-01463,2026-08-23T02:35:13Z,low,Background Review,APP-API-02,ACME\svc_backup,context,background detection
ATD-007-00116,2026-08-23T02:40:53Z,low,Background Review,BACKUP-01,ACME\mrivera,context,background detection
ATD-007-01616,2026-08-23T02:42:17Z,low,Background Review,BACKUP-01,ACME\svc_backup,context,background detection
ATD-007-00195,2026-08-23T02:49:42Z,low,Background Review,APP-API-02,ACME\svc_print,context,background detection
ATD-007-00343,2026-08-23T02:52:18Z,low,Background Review,JUMP-01,NT AUTHORITY\SYSTEM,context,background detection
ATD-007-01699,2026-08-23T02:52:20Z,low,Background Review,DC-01,NT AUTHORITY\SYSTEM,context,background detection
ATD-007-00427,2026-08-23T02:52:27Z,low,Background Review,DC-01,NT AUTHORITY\SYSTEM,context,background detection
ATD-007-01757,2026-08-23T02:53:25Z,low,Background Review,APP-API-02,NT AUTHORITY\SYSTEM,context,background detection
ATD-007-00275,2026-08-23T02:56:04Z,low,Background Review,APP-API-02,ACME\jsmith,context,background detection
ATD-007-00464,2026-08-23T03:00:09Z,low,Background Review,FIN-WS-14,ACME\svc_print,context,background detection
ATD-007-01193,2026-08-23T03:03:19Z,low,Background Review,JUMP-01,ACME\jsmith,context,background detection
ATD-007-00626,2026-08-23T03:05:43Z,low,Background Review,APP-API-02,ACME\svc_backup,context,background detection
ATD-007-00640,2026-08-23T03:11:08Z,low,Background Review,JUMP-01,ACME\svc_print,context,background detection
ATD-007-01557,2026-08-23T03:11:41Z,low,Background Review,FIN-WS-14,NT AUTHORITY\SYSTEM,context,background detection
ATD-007-00562,2026-08-23T03:13:15Z,low,Background Review,FIN-WS-14,ACME\mrivera,context,background detection
ATD-007-00692,2026-08-23T03:20:38Z,low,Background Review,BACKUP-01,NT AUTHORITY\SYSTEM,context,background detection
ATD-007-01291,2026-08-23T03:22:57Z,low,Background Review,DC-01,ACME\svc_print,context,background detection
ATD-007-00200,2026-08-23T03:23:55Z,low,Background Review,JUMP-01,ACME\jsmith,context,background detection
ATD-007-01324,2026-08-23T03:30:32Z,low,Background Review,DC-01,ACME\svc_print,context,background detection
ATD-007-00149,2026-08-23T03:33:25Z,low,Background Review,BACKUP-01,NT AUTHORITY\SYSTEM,context,background detection
ATD-007-01556,2026-08-23T03:34:03Z,low,Background Review,APP-API-02,ACME\mrivera,context,background detection
ATD-007-01788,2026-08-23T03:35:12Z,low,Background Review,BACKUP-01,ACME\jsmith,context,background detection
ATD-007-00440,2026-08-23T03:36:07Z,low,Background Review,JUMP-01,ACME\svc_print,context,background detection
ATD-007-01219,2026-08-23T03:36:14Z,low,Background Review,JUMP-01,ACME\svc_backup,context,background detection
ATD-007-00312,2026-08-23T03:37:37Z,low,Background Review,DC-01,ACME\svc_backup,context,background detection
ATD-007-01081,2026-08-23T03:37:51Z,low,Background Review,DC-01,ACME\svc_backup,context,background detection
ATD-007-01105,2026-08-23T03:38:15Z,low,Background Review,FIN-WS-14,ACME\svc_backup,context,background detection
ATD-007-01517,2026-08-23T03:39:54Z,low,Background Review,BACKUP-01,ACME\svc_print,context,background detection
ATD-007-00408,2026-08-23T03:40:36Z,low,Background Review,FIN-WS-14,ACME\svc_print,context,background detection
ATD-007-00767,2026-08-23T03:43:21Z,low,Background Review,FILE-02,NT AUTHORITY\SYSTEM,context,background detection
ATD-007-01637,2026-08-23T03:44:03Z,low,Background Review,PRINT-01,NT AUTHORITY\SYSTEM,context,background detection
ATD-007-01742,2026-08-23T03:44:29Z,low,Background Review,FILE-02,NT AUTHORITY\SYSTEM,context,background detection
ATD-007-01394,2026-08-23T03:46:03Z,low,Background Review,JUMP-01,ACME\mrivera,context,background detection
ATD-007-01295,2026-08-23T03:47:00Z,low,Background Review,JUMP-01,ACME\svc_backup,context,background detection
ATD-007-01729,2026-08-23T03:47:42Z,low,Background Review,FILE-02,NT AUTHORITY\SYSTEM,context,background detection
ATD-007-00886,2026-08-23T03:48:42Z,low,Background Review,PRINT-01,NT AUTHORITY\SYSTEM,context,background detection
ATD-007-00446,2026-08-23T03:57:00Z,low,Background Review,JUMP-01,NT AUTHORITY\SYSTEM,context,background detection
ATD-007-00125,2026-08-23T04:06:04Z,low,Background Review,JUMP-01,ACME\mrivera,context,background detection
ATD-007-01056,2026-08-23T04:09:21Z,low,Background Review,DC-01,ACME\svc_print,context,background detection
ATD-007-00765,2026-08-23T04:10:03Z,low,Background Review,FIN-WS-14,ACME\mrivera,context,background detection
ATD-007-00085,2026-08-23T04:25:25Z,low,Background Review,DC-01,ACME\svc_print,context,background detection
ATD-007-00304,2026-08-23T04:25:56Z,low,Background Review,DC-01,ACME\svc_backup,context,background detection
ATD-007-01246,2026-08-23T04:27:03Z,low,Background Review,BACKUP-01,ACME\svc_print,context,background detection
ATD-007-01094,2026-08-23T04:30:05Z,low,Background Review,PRINT-01,ACME\svc_backup,context,background detection
ATD-007-01043,2026-08-23T04:32:39Z,low,Background Review,JUMP-01,NT AUTHORITY\SYSTEM,context,background detection
ATD-007-01367,2026-08-23T04:33:33Z,low,Background Review,FIN-WS-14,ACME\jsmith,context,background detection
ATD-007-00037,2026-08-23T04:34:01Z,low,Background Review,BACKUP-01,NT AUTHORITY\SYSTEM,context,background detection
ATD-007-00917,2026-08-23T04:35:03Z,low,Background Review,JUMP-01,NT AUTHORITY\SYSTEM,context,background detection
ATD-007-01013,2026-08-23T04:44:06Z,low,Background Review,FILE-02,ACME\svc_print,context,background detection
ATD-007-00991,2026-08-23T04:48:15Z,low,Background Review,JUMP-01,ACME\mrivera,context,background detection
ATD-007-00124,2026-08-23T04:53:18Z,low,Background Review,BACKUP-01,NT AUTHORITY\SYSTEM,context,background detection
ATD-007-00645,2026-08-23T04:55:41Z,low,Background Review,BACKUP-01,ACME\svc_backup,context,background detection
ATD-007-00906,2026-08-23T05:03:53Z,low,Background Review,PRINT-01,ACME\jsmith,context,background detection
ATD-007-00806,2026-08-23T05:05:50Z,low,Background Review,FILE-02,ACME\jsmith,context,background detection
ATD-007-01785,2026-08-23T05:10:01Z,low,Background Review,FIN-WS-14,NT AUTHORITY\SYSTEM,context,background detection
ATD-007-00359,2026-08-23T05:11:40Z,low,Background Review,DC-01,ACME\jsmith,context,background detection
ATD-007-01308,2026-08-23T05:13:08Z,low,Background Review,DC-01,ACME\svc_print,context,background detection
ATD-007-01352,2026-08-23T05:20:40Z,low,Background Review,BACKUP-01,ACME\svc_backup,context,background detection
ATD-007-00682,2026-08-23T05:24:21Z,low,Background Review,BACKUP-01,ACME\svc_backup,context,background detection
ATD-007-01297,2026-08-23T05:27:53Z,low,Background Review,JUMP-01,ACME\svc_print,context,background detection
ATD-007-01354,2026-08-23T05:40:49Z,low,Background Review,BACKUP-01,ACME\jsmith,context,background detection
ATD-007-01396,2026-08-23T05:40:50Z,low,Background Review,DC-01,ACME\svc_backup,context,background detection
ATD-007-01300,2026-08-23T05:40:53Z,low,Background Review,APP-API-02,NT AUTHORITY\SYSTEM,context,background detection
ATD-007-00504,2026-08-23T05:45:32Z,low,Background Review,FILE-02,ACME\svc_print,context,background detection
ATD-007-01671,2026-08-23T05:46:48Z,low,Background Review,PRINT-01,NT AUTHORITY\SYSTEM,context,background detection
ATD-007-00744,2026-08-23T05:49:55Z,low,Background Review,JUMP-01,NT AUTHORITY\SYSTEM,context,background detection
ATD-007-01566,2026-08-23T05:52:20Z,low,Background Review,PRINT-01,ACME\svc_backup,context,background detection
ATD-007-00905,2026-08-23T05:56:46Z,low,Background Review,DC-01,ACME\mrivera,context,background detection
ATD-007-01161,2026-08-23T06:08:07Z,low,Background Review,PRINT-01,ACME\jsmith,context,background detection
ATD-007-01191,2026-08-23T06:08:39Z,low,Background Review,PRINT-01,ACME\svc_backup,context,background detection
ATD-007-01165,2026-08-23T06:10:52Z,low,Background Review,FIN-WS-14,ACME\svc_backup,context,background detection
ATD-007-00438,2026-08-23T06:12:15Z,low,Background Review,FILE-02,ACME\mrivera,context,background detection
ATD-007-00630,2026-08-23T06:29:38Z,low,Background Review,JUMP-01,ACME\mrivera,context,background detection
ATD-007-00954,2026-08-23T06:32:10Z,low,Background Review,DC-01,ACME\svc_print,context,background detection
ATD-007-01645,2026-08-23T06:34:35Z,low,Background Review,FIN-WS-14,ACME\svc_backup,context,background detection
ATD-007-00761,2026-08-23T06:36:59Z,low,Background Review,FILE-02,ACME\svc_backup,context,background detection
ATD-007-00051,2026-08-23T06:41:02Z,low,Background Review,PRINT-01,ACME\svc_print,context,background detection
ATD-007-01660,2026-08-23T06:45:57Z,low,Background Review,JUMP-01,NT AUTHORITY\SYSTEM,context,background detection
ATD-007-00339,2026-08-23T06:46:15Z,low,Background Review,PRINT-01,ACME\mrivera,context,background detection
ATD-007-01257,2026-08-23T06:58:11Z,low,Background Review,DC-01,ACME\svc_print,context,background detection
ATD-007-01680,2026-08-23T06:59:39Z,low,Background Review,APP-API-02,ACME\jsmith,context,background detection
ATD-007-00555,2026-08-23T07:02:15Z,low,Background Review,FIN-WS-14,ACME\mrivera,context,background detection
ATD-007-00417,2026-08-23T07:07:11Z,low,Background Review,JUMP-01,NT AUTHORITY\SYSTEM,context,background detection
ATD-007-01216,2026-08-23T07:16:01Z,low,Background Review,FILE-02,ACME\jsmith,context,background detection
ATD-007-00204,2026-08-23T07:17:18Z,low,Background Review,BACKUP-01,ACME\mrivera,context,background detection
ATD-007-00375,2026-08-23T07:22:26Z,low,Background Review,DC-01,ACME\svc_backup,context,background detection
ATD-007-01277,2026-08-23T07:25:58Z,low,Background Review,APP-API-02,ACME\svc_print,context,background detection
ATD-007-00990,2026-08-23T07:36:34Z,low,Background Review,FILE-02,ACME\jsmith,context,background detection
ATD-007-00552,2026-08-23T07:45:07Z,low,Background Review,BACKUP-01,ACME\jsmith,context,background detection
ATD-007-00979,2026-08-23T07:45:15Z,low,Background Review,BACKUP-01,ACME\svc_print,context,background detection
ATD-007-01375,2026-08-23T07:45:46Z,low,Background Review,JUMP-01,ACME\svc_backup,context,background detection
ATD-007-00502,2026-08-23T07:54:13Z,low,Background Review,PRINT-01,ACME\svc_print,context,background detection
ATD-007-01548,2026-08-23T08:05:07Z,low,Background Review,JUMP-01,ACME\svc_print,context,background detection
ATD-007-01470,2026-08-23T08:07:42Z,low,Background Review,BACKUP-01,ACME\mrivera,context,background detection
ATD-007-00960,2026-08-23T08:17:58Z,low,Background Review,FIN-WS-14,ACME\svc_print,context,background detection
ATD-007-01677,2026-08-23T08:18:35Z,low,Background Review,FIN-WS-14,NT AUTHORITY\SYSTEM,context,background detection
ATD-007-00556,2026-08-23T08:23:54Z,low,Background Review,PRINT-01,ACME\mrivera,context,background detection
ATD-007-01651,2026-08-23T08:24:49Z,low,Background Review,APP-API-02,ACME\jsmith,context,background detection
ATD-007-01688,2026-08-23T08:52:44Z,low,Background Review,APP-API-02,ACME\mrivera,context,background detection
ATD-007-01111,2026-08-23T08:55:57Z,low,Background Review,PRINT-01,ACME\mrivera,context,background detection
ATD-007-00596,2026-08-23T09:03:38Z,low,Background Review,FIN-WS-14,ACME\svc_print,context,background detection
ATD-007-01537,2026-08-23T09:04:51Z,low,Background Review,FILE-02,ACME\svc_backup,context,background detection
ATD-007-00819,2026-08-23T09:07:40Z,low,Background Review,PRINT-01,ACME\svc_backup,context,background detection
ATD-007-00363,2026-08-23T09:11:30Z,low,Background Review,FIN-WS-14,NT AUTHORITY\SYSTEM,context,background detection
ATD-007-00607,2026-08-23T09:14:05Z,low,Background Review,DC-01,ACME\svc_print,context,background detection
ATD-007-01576,2026-08-23T09:15:22Z,low,Background Review,FILE-02,ACME\mrivera,context,background detection
ATD-007-01600,2026-08-23T09:20:50Z,low,Background Review,JUMP-01,NT AUTHORITY\SYSTEM,context,background detection
ATD-007-01498,2026-08-23T09:25:38Z,low,Background Review,APP-API-02,NT AUTHORITY\SYSTEM,context,background detection
ATD-007-01254,2026-08-23T09:28:06Z,low,Background Review,FILE-02,ACME\mrivera,context,background detection
ATD-007-00928,2026-08-23T09:32:46Z,low,Background Review,APP-API-02,ACME\jsmith,context,background detection
ATD-007-00901,2026-08-23T09:37:06Z,low,Background Review,DC-01,NT AUTHORITY\SYSTEM,context,background detection
ATD-007-00219,2026-08-23T09:40:33Z,low,Background Review,BACKUP-01,ACME\svc_backup,context,background detection
ATD-007-00225,2026-08-23T09:47:26Z,low,Background Review,FIN-WS-14,ACME\jsmith,context,background detection
ATD-007-00997,2026-08-23T09:49:14Z,low,Background Review,FILE-02,ACME\svc_backup,context,background detection
ATD-007-00353,2026-08-23T09:49:39Z,low,Background Review,FIN-WS-14,ACME\mrivera,context,background detection
ATD-007-01501,2026-08-23T09:56:40Z,low,Background Review,JUMP-01,ACME\jsmith,context,background detection
ATD-007-01549,2026-08-23T10:00:11Z,low,Background Review,APP-API-02,ACME\svc_print,context,background detection
ATD-007-00454,2026-08-23T10:00:38Z,low,Background Review,FIN-WS-14,ACME\jsmith,context,background detection
ATD-007-00057,2026-08-23T10:04:30Z,low,Background Review,BACKUP-01,ACME\mrivera,context,background detection
ATD-007-00074,2026-08-23T10:12:41Z,low,Background Review,DC-01,ACME\svc_print,context,background detection
ATD-007-00827,2026-08-23T10:18:29Z,low,Background Review,APP-API-02,ACME\mrivera,context,background detection
ATD-007-00173,2026-08-23T10:21:36Z,low,Background Review,JUMP-01,NT AUTHORITY\SYSTEM,context,background detection
ATD-007-00139,2026-08-23T10:22:47Z,low,Background Review,APP-API-02,ACME\jsmith,context,background detection
ATD-007-00742,2026-08-23T10:26:13Z,low,Background Review,FILE-02,NT AUTHORITY\SYSTEM,context,background detection
ATD-007-00641,2026-08-23T10:31:04Z,low,Background Review,DC-01,NT AUTHORITY\SYSTEM,context,background detection
ATD-007-00648,2026-08-23T10:33:01Z,low,Background Review,PRINT-01,ACME\mrivera,context,background detection
ATD-007-00240,2026-08-23T10:34:52Z,low,Background Review,JUMP-01,NT AUTHORITY\SYSTEM,context,background detection
ATD-007-01027,2026-08-23T10:36:11Z,low,Background Review,BACKUP-01,NT AUTHORITY\SYSTEM,context,background detection
ATD-007-00332,2026-08-23T10:38:08Z,low,Background Review,BACKUP-01,ACME\jsmith,context,background detection
ATD-007-00855,2026-08-23T10:42:55Z,low,Background Review,DC-01,ACME\mrivera,context,background detection
ATD-007-00598,2026-08-23T10:45:03Z,low,Background Review,DC-01,ACME\svc_backup,context,background detection
ATD-007-01552,2026-08-23T10:45:39Z,low,Background Review,APP-API-02,ACME\mrivera,context,background detection
ATD-007-00766,2026-08-23T10:59:36Z,low,Background Review,FIN-WS-14,ACME\mrivera,context,background detection
ATD-007-01673,2026-08-23T10:59:38Z,low,Background Review,FILE-02,ACME\svc_print,context,background detection
ATD-007-01279,2026-08-23T10:59:53Z,low,Background Review,JUMP-01,ACME\svc_print,context,background detection
ATD-007-01359,2026-08-23T11:02:49Z,low,Background Review,DC-01,ACME\jsmith,context,background detection
ATD-007-00045,2026-08-23T11:21:28Z,low,Background Review,DC-01,ACME\svc_print,context,background detection
ATD-007-01118,2026-08-23T11:25:27Z,low,Background Review,FIN-WS-14,NT AUTHORITY\SYSTEM,context,background detection
ATD-007-01497,2026-08-23T11:28:27Z,low,Background Review,PRINT-01,NT AUTHORITY\SYSTEM,context,background detection
ATD-007-01441,2026-08-23T11:40:26Z,low,Background Review,APP-API-02,ACME\mrivera,context,background detection
ATD-007-00058,2026-08-23T11:45:49Z,low,Background Review,BACKUP-01,ACME\mrivera,context,background detection
ATD-007-00018,2026-08-23T11:53:17Z,low,Background Review,BACKUP-01,NT AUTHORITY\SYSTEM,context,background detection
ATD-007-00810,2026-08-23T11:54:50Z,low,Background Review,APP-API-02,ACME\mrivera,context,background detection
ATD-007-00812,2026-08-23T11:56:20Z,low,Background Review,JUMP-01,ACME\mrivera,context,background detection
ATD-007-00141,2026-08-23T11:58:35Z,low,Background Review,FIN-WS-14,ACME\svc_backup,context,background detection
ATD-007-00865,2026-08-23T11:58:41Z,low,Background Review,JUMP-01,ACME\svc_backup,context,background detection
ATD-007-01755,2026-08-23T11:59:06Z,low,Background Review,FIN-WS-14,ACME\svc_backup,context,background detection
