event_id,_time,actor,target_user,action,result,classification,note
ACT-00374,2026-08-18T12:03:49Z,ACME\helpdesk1,ACME\jsmith,ticket_review,success,benign,routine identity administration
ACT-01083,2026-08-18T12:05:50Z,ACME\helpdesk1,NT AUTHORITY\SYSTEM,ticket_review,success,benign,routine identity administration
ACT-01231,2026-08-18T12:06:50Z,ACME\helpdesk1,ACME\jsmith,ticket_review,success,benign,routine identity administration
ACT-00066,2026-08-18T12:09:37Z,ACME\helpdesk1,ACME\jsmith,ticket_review,success,benign,routine identity administration
ACT-00887,2026-08-18T12:18:27Z,ACME\helpdesk1,ACME\svc_backup,ticket_review,success,benign,routine identity administration
ACT-00639,2026-08-18T12:27:20Z,ACME\helpdesk1,NT AUTHORITY\SYSTEM,ticket_review,success,benign,routine identity administration
ACT-00185,2026-08-18T12:28:40Z,ACME\helpdesk1,ACME\jsmith,ticket_review,success,benign,routine identity administration
ACT-00088,2026-08-18T12:28:46Z,ACME\helpdesk1,ACME\jsmith,ticket_review,success,benign,routine identity administration
ACT-00480,2026-08-18T12:30:20Z,ACME\helpdesk1,NT AUTHORITY\SYSTEM,ticket_review,success,benign,routine identity administration
ACT-00651,2026-08-18T12:30:28Z,ACME\helpdesk1,ACME\mrivera,ticket_review,success,benign,routine identity administration
ACT-01318,2026-08-18T12:32:37Z,ACME\helpdesk1,ACME\svc_print,ticket_review,success,benign,routine identity administration
ACT-00719,2026-08-18T12:32:51Z,ACME\helpdesk1,ACME\svc_backup,ticket_review,success,benign,routine identity administration
ACT-00178,2026-08-18T12:37:56Z,ACME\helpdesk1,NT AUTHORITY\SYSTEM,ticket_review,success,benign,routine identity administration
ACT-00402,2026-08-18T12:41:51Z,ACME\helpdesk1,ACME\svc_backup,ticket_review,success,benign,routine identity administration
ACT-01499,2026-08-18T12:41:56Z,ACME\helpdesk1,ACME\svc_print,ticket_review,success,benign,routine identity administration
ACT-00623,2026-08-18T12:42:36Z,ACME\helpdesk1,ACME\jsmith,ticket_review,success,benign,routine identity administration
ACT-00228,2026-08-18T12:46:41Z,ACME\helpdesk1,NT AUTHORITY\SYSTEM,ticket_review,success,benign,routine identity administration
ACT-00842,2026-08-18T12:47:32Z,ACME\helpdesk1,ACME\svc_print,ticket_review,success,benign,routine identity administration
ACT-00729,2026-08-18T12:50:11Z,ACME\helpdesk1,ACME\jsmith,ticket_review,success,benign,routine identity administration
ACT-01531,2026-08-18T12:51:26Z,ACME\helpdesk1,ACME\mrivera,ticket_review,success,benign,routine identity administration
ACT-01629,2026-08-18T12:53:37Z,ACME\helpdesk1,ACME\svc_backup,ticket_review,success,benign,routine identity administration
ACT-00744,2026-08-18T13:01:47Z,ACME\helpdesk1,ACME\jsmith,ticket_review,success,benign,routine identity administration
ACT-01425,2026-08-18T13:06:09Z,ACME\helpdesk1,ACME\svc_backup,ticket_review,success,benign,routine identity administration
ACT-01701,2026-08-18T13:09:42Z,ACME\helpdesk1,ACME\svc_backup,ticket_review,success,benign,routine identity administration
ACT-00125,2026-08-18T13:14:30Z,ACME\helpdesk1,ACME\mrivera,ticket_review,success,benign,routine identity administration
ACT-00615,2026-08-18T13:18:56Z,ACME\helpdesk1,NT AUTHORITY\SYSTEM,ticket_review,success,benign,routine identity administration
ACT-01760,2026-08-18T13:31:56Z,ACME\helpdesk1,ACME\svc_print,ticket_review,success,benign,routine identity administration
ACT-01410,2026-08-18T13:37:53Z,ACME\helpdesk1,ACME\svc_print,ticket_review,success,benign,routine identity administration
ACT-01133,2026-08-18T13:38:33Z,ACME\helpdesk1,ACME\svc_print,ticket_review,success,benign,routine identity administration
ACT-00916,2026-08-18T13:48:07Z,ACME\helpdesk1,ACME\jsmith,ticket_review,success,benign,routine identity administration
ACT-00370,2026-08-18T13:49:08Z,ACME\helpdesk1,ACME\jsmith,ticket_review,success,benign,routine identity administration
ACT-00735,2026-08-18T13:50:13Z,ACME\helpdesk1,ACME\mrivera,ticket_review,success,benign,routine identity administration
ACT-01062,2026-08-18T13:53:59Z,ACME\helpdesk1,ACME\svc_backup,ticket_review,success,benign,routine identity administration
ACT-00119,2026-08-18T13:54:20Z,ACME\helpdesk1,ACME\mrivera,ticket_review,success,benign,routine identity administration
ACT-01631,2026-08-18T13:54:57Z,ACME\helpdesk1,ACME\jsmith,ticket_review,success,benign,routine identity administration
ACT-01374,2026-08-18T13:57:27Z,ACME\helpdesk1,ACME\svc_print,ticket_review,success,benign,routine identity administration
ACT-01261,2026-08-18T13:57:29Z,ACME\helpdesk1,ACME\mrivera,ticket_review,success,benign,routine identity administration
ACT-00145,2026-08-18T14:01:23Z,ACME\helpdesk1,ACME\jsmith,ticket_review,success,benign,routine identity administration
ACT-00879,2026-08-18T14:02:14Z,ACME\helpdesk1,ACME\svc_backup,ticket_review,success,benign,routine identity administration
ACT-01295,2026-08-18T14:08:12Z,ACME\helpdesk1,ACME\svc_backup,ticket_review,success,benign,routine identity administration
ACT-00071,2026-08-18T14:12:13Z,ACME\helpdesk1,NT AUTHORITY\SYSTEM,ticket_review,success,benign,routine identity administration
ACT-01119,2026-08-18T14:14:59Z,ACME\helpdesk1,ACME\svc_backup,ticket_review,success,benign,routine identity administration
ACT-01034,2026-08-18T14:18:54Z,ACME\helpdesk1,ACME\svc_backup,ticket_review,success,benign,routine identity administration
ACT-01686,2026-08-18T14:20:42Z,ACME\helpdesk1,ACME\svc_backup,ticket_review,success,benign,routine identity administration
ACT-01434,2026-08-18T14:23:22Z,ACME\helpdesk1,ACME\svc_print,ticket_review,success,benign,routine identity administration
ACT-01321,2026-08-18T14:27:51Z,ACME\helpdesk1,ACME\jsmith,ticket_review,success,benign,routine identity administration
ACT-INC-001,2026-08-18T14:35:00Z,ACME\helpdesk1,ACME\mrivera,password_reset,success,response,reset after confirmed compromise
ACT-INC-002,2026-08-18T14:36:00Z,SOC-AUTOMATION,ACME\mrivera,revoke_interactive_sessions,partial,response,endpoint sessions targeted
ACT-01144,2026-08-18T14:42:12Z,ACME\helpdesk1,ACME\mrivera,ticket_review,success,benign,routine identity administration
ACT-01304,2026-08-18T14:42:44Z,ACME\helpdesk1,ACME\mrivera,ticket_review,success,benign,routine identity administration
ACT-01047,2026-08-18T14:47:09Z,ACME\helpdesk1,ACME\mrivera,ticket_review,success,benign,routine identity administration
ACT-INC-003,2026-08-18T14:49:00Z,ACME\jsmith,ACME\mrivera,disable_account,success,response,disabled after post-reset use
ACT-INC-004,2026-08-18T14:50:00Z,ACME\jsmith,ACME\mrivera,revoke_all_sessions,success,response,full revocation
ACT-01498,2026-08-18T14:51:55Z,ACME\helpdesk1,ACME\svc_backup,ticket_review,success,benign,routine identity administration
ACT-00796,2026-08-18T15:00:16Z,ACME\helpdesk1,ACME\svc_backup,ticket_review,success,benign,routine identity administration
ACT-00233,2026-08-18T15:03:07Z,ACME\helpdesk1,ACME\mrivera,ticket_review,success,benign,routine identity administration
ACT-00685,2026-08-18T15:06:01Z,ACME\helpdesk1,NT AUTHORITY\SYSTEM,ticket_review,success,benign,routine identity administration
ACT-01078,2026-08-18T15:08:02Z,ACME\helpdesk1,ACME\mrivera,ticket_review,success,benign,routine identity administration
ACT-01782,2026-08-18T15:11:33Z,ACME\helpdesk1,ACME\mrivera,ticket_review,success,benign,routine identity administration
ACT-00532,2026-08-18T15:23:19Z,ACME\helpdesk1,ACME\svc_print,ticket_review,success,benign,routine identity administration
ACT-01107,2026-08-18T15:28:41Z,ACME\helpdesk1,ACME\svc_print,ticket_review,success,benign,routine identity administration
ACT-01192,2026-08-18T15:29:48Z,ACME\helpdesk1,ACME\jsmith,ticket_review,success,benign,routine identity administration
ACT-00588,2026-08-18T15:31:29Z,ACME\helpdesk1,NT AUTHORITY\SYSTEM,ticket_review,success,benign,routine identity administration
ACT-00876,2026-08-18T15:39:57Z,ACME\helpdesk1,ACME\mrivera,ticket_review,success,benign,routine identity administration
ACT-01130,2026-08-18T15:40:55Z,ACME\helpdesk1,ACME\svc_print,ticket_review,success,benign,routine identity administration
ACT-00486,2026-08-18T15:52:11Z,ACME\helpdesk1,ACME\svc_print,ticket_review,success,benign,routine identity administration
ACT-00552,2026-08-18T15:59:52Z,ACME\helpdesk1,ACME\jsmith,ticket_review,success,benign,routine identity administration
ACT-01421,2026-08-18T16:06:56Z,ACME\helpdesk1,ACME\svc_print,ticket_review,success,benign,routine identity administration
ACT-01592,2026-08-18T16:07:15Z,ACME\helpdesk1,ACME\svc_print,ticket_review,success,benign,routine identity administration
ACT-00135,2026-08-18T16:09:01Z,ACME\helpdesk1,ACME\svc_print,ticket_review,success,benign,routine identity administration
ACT-00209,2026-08-18T16:11:52Z,ACME\helpdesk1,ACME\svc_print,ticket_review,success,benign,routine identity administration
ACT-00855,2026-08-18T16:14:39Z,ACME\helpdesk1,ACME\svc_backup,ticket_review,success,benign,routine identity administration
ACT-01327,2026-08-18T16:18:01Z,ACME\helpdesk1,ACME\jsmith,ticket_review,success,benign,routine identity administration
ACT-01767,2026-08-18T16:21:25Z,ACME\helpdesk1,ACME\jsmith,ticket_review,success,benign,routine identity administration
ACT-00318,2026-08-18T16:23:45Z,ACME\helpdesk1,ACME\svc_backup,ticket_review,success,benign,routine identity administration
ACT-01256,2026-08-18T16:27:35Z,ACME\helpdesk1,ACME\jsmith,ticket_review,success,benign,routine identity administration
ACT-01306,2026-08-18T16:27:38Z,ACME\helpdesk1,ACME\mrivera,ticket_review,success,benign,routine identity administration
ACT-00833,2026-08-18T16:31:05Z,ACME\helpdesk1,ACME\svc_backup,ticket_review,success,benign,routine identity administration
ACT-01140,2026-08-18T16:32:00Z,ACME\helpdesk1,NT AUTHORITY\SYSTEM,ticket_review,success,benign,routine identity administration
ACT-01315,2026-08-18T16:35:52Z,ACME\helpdesk1,ACME\jsmith,ticket_review,success,benign,routine identity administration
ACT-01014,2026-08-18T16:44:58Z,ACME\helpdesk1,ACME\svc_backup,ticket_review,success,benign,routine identity administration
ACT-01411,2026-08-18T16:52:43Z,ACME\helpdesk1,ACME\svc_backup,ticket_review,success,benign,routine identity administration
ACT-01238,2026-08-18T16:59:21Z,ACME\helpdesk1,ACME\svc_backup,ticket_review,success,benign,routine identity administration
ACT-00864,2026-08-18T17:01:37Z,ACME\helpdesk1,NT AUTHORITY\SYSTEM,ticket_review,success,benign,routine identity administration
ACT-01649,2026-08-18T17:02:28Z,ACME\helpdesk1,ACME\mrivera,ticket_review,success,benign,routine identity administration
ACT-01060,2026-08-18T17:04:34Z,ACME\helpdesk1,ACME\svc_backup,ticket_review,success,benign,routine identity administration
ACT-00495,2026-08-18T17:13:33Z,ACME\helpdesk1,NT AUTHORITY\SYSTEM,ticket_review,success,benign,routine identity administration
ACT-01218,2026-08-18T17:26:39Z,ACME\helpdesk1,NT AUTHORITY\SYSTEM,ticket_review,success,benign,routine identity administration
ACT-01738,2026-08-18T17:27:40Z,ACME\helpdesk1,ACME\jsmith,ticket_review,success,benign,routine identity administration
ACT-00003,2026-08-18T17:28:14Z,ACME\helpdesk1,ACME\mrivera,ticket_review,success,benign,routine identity administration
ACT-01227,2026-08-18T17:37:56Z,ACME\helpdesk1,NT AUTHORITY\SYSTEM,ticket_review,success,benign,routine identity administration
ACT-01037,2026-08-18T17:38:16Z,ACME\helpdesk1,ACME\svc_backup,ticket_review,success,benign,routine identity administration
ACT-00485,2026-08-18T17:43:22Z,ACME\helpdesk1,NT AUTHORITY\SYSTEM,ticket_review,success,benign,routine identity administration
ACT-00246,2026-08-18T17:44:40Z,ACME\helpdesk1,NT AUTHORITY\SYSTEM,ticket_review,success,benign,routine identity administration
ACT-01464,2026-08-18T17:45:09Z,ACME\helpdesk1,ACME\mrivera,ticket_review,success,benign,routine identity administration
ACT-00936,2026-08-18T17:46:45Z,ACME\helpdesk1,ACME\svc_backup,ticket_review,success,benign,routine identity administration
ACT-00999,2026-08-18T17:54:00Z,ACME\helpdesk1,ACME\svc_backup,ticket_review,success,benign,routine identity administration
ACT-00271,2026-08-18T17:54:47Z,ACME\helpdesk1,ACME\svc_backup,ticket_review,success,benign,routine identity administration
ACT-00954,2026-08-18T17:54:57Z,ACME\helpdesk1,ACME\mrivera,ticket_review,success,benign,routine identity administration
ACT-00415,2026-08-18T17:58:38Z,ACME\helpdesk1,ACME\svc_backup,ticket_review,success,benign,routine identity administration
ACT-00041,2026-08-18T17:59:53Z,ACME\helpdesk1,NT AUTHORITY\SYSTEM,ticket_review,success,benign,routine identity administration
ACT-00948,2026-08-18T18:01:07Z,ACME\helpdesk1,ACME\mrivera,ticket_review,success,benign,routine identity administration
ACT-00684,2026-08-18T18:05:01Z,ACME\helpdesk1,NT AUTHORITY\SYSTEM,ticket_review,success,benign,routine identity administration
ACT-00341,2026-08-18T18:05:50Z,ACME\helpdesk1,ACME\svc_backup,ticket_review,success,benign,routine identity administration
ACT-01173,2026-08-18T18:08:58Z,ACME\helpdesk1,NT AUTHORITY\SYSTEM,ticket_review,success,benign,routine identity administration
ACT-01345,2026-08-18T18:09:57Z,ACME\helpdesk1,ACME\mrivera,ticket_review,success,benign,routine identity administration
ACT-00262,2026-08-18T18:11:42Z,ACME\helpdesk1,ACME\svc_backup,ticket_review,success,benign,routine identity administration
ACT-00411,2026-08-18T18:14:57Z,ACME\helpdesk1,ACME\svc_backup,ticket_review,success,benign,routine identity administration
ACT-00267,2026-08-18T18:16:15Z,ACME\helpdesk1,ACME\mrivera,ticket_review,success,benign,routine identity administration
ACT-00503,2026-08-18T18:21:41Z,ACME\helpdesk1,NT AUTHORITY\SYSTEM,ticket_review,success,benign,routine identity administration
ACT-00907,2026-08-18T18:22:19Z,ACME\helpdesk1,NT AUTHORITY\SYSTEM,ticket_review,success,benign,routine identity administration
ACT-01044,2026-08-18T18:35:11Z,ACME\helpdesk1,ACME\mrivera,ticket_review,success,benign,routine identity administration
ACT-01759,2026-08-18T18:48:25Z,ACME\helpdesk1,NT AUTHORITY\SYSTEM,ticket_review,success,benign,routine identity administration
ACT-01518,2026-08-18T18:49:20Z,ACME\helpdesk1,ACME\mrivera,ticket_review,success,benign,routine identity administration
ACT-01480,2026-08-18T18:56:42Z,ACME\helpdesk1,NT AUTHORITY\SYSTEM,ticket_review,success,benign,routine identity administration
ACT-01169,2026-08-18T18:59:29Z,ACME\helpdesk1,ACME\mrivera,ticket_review,success,benign,routine identity administration
ACT-01558,2026-08-18T19:09:02Z,ACME\helpdesk1,ACME\mrivera,ticket_review,success,benign,routine identity administration
ACT-01540,2026-08-18T19:11:52Z,ACME\helpdesk1,NT AUTHORITY\SYSTEM,ticket_review,success,benign,routine identity administration
ACT-01209,2026-08-18T19:19:44Z,ACME\helpdesk1,ACME\mrivera,ticket_review,success,benign,routine identity administration
ACT-01555,2026-08-18T19:23:05Z,ACME\helpdesk1,ACME\mrivera,ticket_review,success,benign,routine identity administration
ACT-01164,2026-08-18T19:25:55Z,ACME\helpdesk1,ACME\jsmith,ticket_review,success,benign,routine identity administration
ACT-00721,2026-08-18T19:26:31Z,ACME\helpdesk1,ACME\mrivera,ticket_review,success,benign,routine identity administration
ACT-01597,2026-08-18T19:26:33Z,ACME\helpdesk1,ACME\svc_backup,ticket_review,success,benign,routine identity administration
ACT-01783,2026-08-18T19:27:33Z,ACME\helpdesk1,ACME\svc_backup,ticket_review,success,benign,routine identity administration
ACT-01211,2026-08-18T19:29:06Z,ACME\helpdesk1,ACME\mrivera,ticket_review,success,benign,routine identity administration
ACT-00663,2026-08-18T19:29:37Z,ACME\helpdesk1,ACME\svc_print,ticket_review,success,benign,routine identity administration
ACT-01013,2026-08-18T19:29:56Z,ACME\helpdesk1,ACME\mrivera,ticket_review,success,benign,routine identity administration
ACT-00033,2026-08-18T19:30:56Z,ACME\helpdesk1,ACME\mrivera,ticket_review,success,benign,routine identity administration
ACT-01776,2026-08-18T19:34:05Z,ACME\helpdesk1,ACME\svc_print,ticket_review,success,benign,routine identity administration
ACT-01339,2026-08-18T19:35:23Z,ACME\helpdesk1,NT AUTHORITY\SYSTEM,ticket_review,success,benign,routine identity administration
ACT-00268,2026-08-18T19:37:38Z,ACME\helpdesk1,ACME\svc_print,ticket_review,success,benign,routine identity administration
ACT-00869,2026-08-18T19:42:31Z,ACME\helpdesk1,ACME\jsmith,ticket_review,success,benign,routine identity administration
ACT-00014,2026-08-18T19:52:56Z,ACME\helpdesk1,ACME\mrivera,ticket_review,success,benign,routine identity administration
ACT-00846,2026-08-18T19:53:39Z,ACME\helpdesk1,ACME\jsmith,ticket_review,success,benign,routine identity administration
ACT-01071,2026-08-18T19:54:45Z,ACME\helpdesk1,ACME\svc_backup,ticket_review,success,benign,routine identity administration
ACT-00892,2026-08-18T19:56:30Z,ACME\helpdesk1,ACME\svc_backup,ticket_review,success,benign,routine identity administration
ACT-00467,2026-08-18T19:56:37Z,ACME\helpdesk1,NT AUTHORITY\SYSTEM,ticket_review,success,benign,routine identity administration
ACT-00688,2026-08-18T20:01:04Z,ACME\helpdesk1,ACME\jsmith,ticket_review,success,benign,routine identity administration
ACT-01413,2026-08-18T20:06:44Z,ACME\helpdesk1,NT AUTHORITY\SYSTEM,ticket_review,success,benign,routine identity administration
ACT-01535,2026-08-18T20:08:48Z,ACME\helpdesk1,ACME\jsmith,ticket_review,success,benign,routine identity administration
ACT-01352,2026-08-18T20:09:07Z,ACME\helpdesk1,ACME\svc_print,ticket_review,success,benign,routine identity administration
ACT-01507,2026-08-18T20:10:00Z,ACME\helpdesk1,ACME\svc_print,ticket_review,success,benign,routine identity administration
ACT-01310,2026-08-18T20:16:02Z,ACME\helpdesk1,ACME\svc_print,ticket_review,success,benign,routine identity administration
ACT-01706,2026-08-18T20:16:45Z,ACME\helpdesk1,ACME\svc_backup,ticket_review,success,benign,routine identity administration
ACT-01101,2026-08-18T20:23:41Z,ACME\helpdesk1,ACME\jsmith,ticket_review,success,benign,routine identity administration
ACT-00239,2026-08-18T20:31:03Z,ACME\helpdesk1,ACME\svc_print,ticket_review,success,benign,routine identity administration
ACT-01008,2026-08-18T20:44:14Z,ACME\helpdesk1,NT AUTHORITY\SYSTEM,ticket_review,success,benign,routine identity administration
ACT-00603,2026-08-18T20:49:43Z,ACME\helpdesk1,ACME\mrivera,ticket_review,success,benign,routine identity administration
ACT-00986,2026-08-18T20:52:12Z,ACME\helpdesk1,ACME\svc_backup,ticket_review,success,benign,routine identity administration
ACT-00893,2026-08-18T20:53:44Z,ACME\helpdesk1,ACME\mrivera,ticket_review,success,benign,routine identity administration
ACT-00489,2026-08-18T20:56:58Z,ACME\helpdesk1,ACME\mrivera,ticket_review,success,benign,routine identity administration
ACT-00225,2026-08-18T21:00:44Z,ACME\helpdesk1,ACME\svc_backup,ticket_review,success,benign,routine identity administration
ACT-00946,2026-08-18T21:01:41Z,ACME\helpdesk1,ACME\mrivera,ticket_review,success,benign,routine identity administration
ACT-01672,2026-08-18T21:11:25Z,ACME\helpdesk1,ACME\jsmith,ticket_review,success,benign,routine identity administration
ACT-01741,2026-08-18T21:16:16Z,ACME\helpdesk1,ACME\svc_backup,ticket_review,success,benign,routine identity administration
ACT-00862,2026-08-18T21:23:44Z,ACME\helpdesk1,ACME\mrivera,ticket_review,success,benign,routine identity administration
ACT-01319,2026-08-18T21:24:05Z,ACME\helpdesk1,NT AUTHORITY\SYSTEM,ticket_review,success,benign,routine identity administration
ACT-01791,2026-08-18T21:26:15Z,ACME\helpdesk1,ACME\svc_print,ticket_review,success,benign,routine identity administration
ACT-00784,2026-08-18T21:28:17Z,ACME\helpdesk1,ACME\mrivera,ticket_review,success,benign,routine identity administration
ACT-00631,2026-08-18T21:34:35Z,ACME\helpdesk1,ACME\mrivera,ticket_review,success,benign,routine identity administration
ACT-00395,2026-08-18T21:35:11Z,ACME\helpdesk1,ACME\svc_print,ticket_review,success,benign,routine identity administration
ACT-00883,2026-08-18T21:41:21Z,ACME\helpdesk1,ACME\mrivera,ticket_review,success,benign,routine identity administration
ACT-00985,2026-08-18T21:43:59Z,ACME\helpdesk1,ACME\svc_backup,ticket_review,success,benign,routine identity administration
ACT-00161,2026-08-18T21:44:53Z,ACME\helpdesk1,NT AUTHORITY\SYSTEM,ticket_review,success,benign,routine identity administration
ACT-01514,2026-08-18T21:46:26Z,ACME\helpdesk1,ACME\svc_print,ticket_review,success,benign,routine identity administration
ACT-01431,2026-08-18T21:47:21Z,ACME\helpdesk1,ACME\mrivera,ticket_review,success,benign,routine identity administration
ACT-00585,2026-08-18T21:54:56Z,ACME\helpdesk1,NT AUTHORITY\SYSTEM,ticket_review,success,benign,routine identity administration
ACT-00389,2026-08-18T21:58:23Z,ACME\helpdesk1,ACME\mrivera,ticket_review,success,benign,routine identity administration
ACT-01620,2026-08-18T21:58:24Z,ACME\helpdesk1,ACME\jsmith,ticket_review,success,benign,routine identity administration
ACT-01516,2026-08-18T21:59:27Z,ACME\helpdesk1,NT AUTHORITY\SYSTEM,ticket_review,success,benign,routine identity administration
ACT-00938,2026-08-18T22:00:16Z,ACME\helpdesk1,NT AUTHORITY\SYSTEM,ticket_review,success,benign,routine identity administration
ACT-00932,2026-08-18T22:06:36Z,ACME\helpdesk1,ACME\svc_print,ticket_review,success,benign,routine identity administration
ACT-01395,2026-08-18T22:13:59Z,ACME\helpdesk1,ACME\mrivera,ticket_review,success,benign,routine identity administration
ACT-00055,2026-08-18T22:23:16Z,ACME\helpdesk1,ACME\svc_print,ticket_review,success,benign,routine identity administration
ACT-00845,2026-08-18T22:27:52Z,ACME\helpdesk1,ACME\jsmith,ticket_review,success,benign,routine identity administration
ACT-00700,2026-08-18T22:37:53Z,ACME\helpdesk1,ACME\jsmith,ticket_review,success,benign,routine identity administration
ACT-01009,2026-08-18T22:40:42Z,ACME\helpdesk1,ACME\mrivera,ticket_review,success,benign,routine identity administration
ACT-00781,2026-08-18T22:48:44Z,ACME\helpdesk1,NT AUTHORITY\SYSTEM,ticket_review,success,benign,routine identity administration
ACT-01443,2026-08-18T22:50:07Z,ACME\helpdesk1,ACME\svc_print,ticket_review,success,benign,routine identity administration
ACT-00266,2026-08-18T22:51:09Z,ACME\helpdesk1,NT AUTHORITY\SYSTEM,ticket_review,success,benign,routine identity administration
ACT-01120,2026-08-18T22:53:10Z,ACME\helpdesk1,ACME\jsmith,ticket_review,success,benign,routine identity administration
ACT-00257,2026-08-18T22:57:29Z,ACME\helpdesk1,ACME\svc_print,ticket_review,success,benign,routine identity administration
ACT-01463,2026-08-18T22:58:08Z,ACME\helpdesk1,NT AUTHORITY\SYSTEM,ticket_review,success,benign,routine identity administration
ACT-00324,2026-08-18T22:58:33Z,ACME\helpdesk1,NT AUTHORITY\SYSTEM,ticket_review,success,benign,routine identity administration
ACT-00574,2026-08-18T23:00:20Z,ACME\helpdesk1,ACME\jsmith,ticket_review,success,benign,routine identity administration
ACT-00179,2026-08-18T23:07:54Z,ACME\helpdesk1,NT AUTHORITY\SYSTEM,ticket_review,success,benign,routine identity administration
ACT-00048,2026-08-18T23:10:19Z,ACME\helpdesk1,ACME\mrivera,ticket_review,success,benign,routine identity administration
ACT-01523,2026-08-18T23:14:08Z,ACME\helpdesk1,ACME\mrivera,ticket_review,success,benign,routine identity administration
ACT-01247,2026-08-18T23:16:37Z,ACME\helpdesk1,ACME\jsmith,ticket_review,success,benign,routine identity administration
ACT-01477,2026-08-18T23:20:35Z,ACME\helpdesk1,ACME\jsmith,ticket_review,success,benign,routine identity administration
ACT-00059,2026-08-18T23:25:40Z,ACME\helpdesk1,NT AUTHORITY\SYSTEM,ticket_review,success,benign,routine identity administration
ACT-01342,2026-08-18T23:35:04Z,ACME\helpdesk1,ACME\svc_print,ticket_review,success,benign,routine identity administration
ACT-01338,2026-08-18T23:35:45Z,ACME\helpdesk1,ACME\mrivera,ticket_review,success,benign,routine identity administration
ACT-00972,2026-08-18T23:40:32Z,ACME\helpdesk1,ACME\mrivera,ticket_review,success,benign,routine identity administration
ACT-01138,2026-08-18T23:44:58Z,ACME\helpdesk1,ACME\jsmith,ticket_review,success,benign,routine identity administration
ACT-01503,2026-08-18T23:47:57Z,ACME\helpdesk1,ACME\svc_print,ticket_review,success,benign,routine identity administration
ACT-00287,2026-08-18T23:51:57Z,ACME\helpdesk1,ACME\jsmith,ticket_review,success,benign,routine identity administration
ACT-00192,2026-08-18T23:52:07Z,ACME\helpdesk1,ACME\svc_print,ticket_review,success,benign,routine identity administration
ACT-00921,2026-08-18T23:52:25Z,ACME\helpdesk1,ACME\svc_print,ticket_review,success,benign,routine identity administration
ACT-00545,2026-08-18T23:56:53Z,ACME\helpdesk1,NT AUTHORITY\SYSTEM,ticket_review,success,benign,routine identity administration
ACT-01728,2026-08-19T00:07:02Z,ACME\helpdesk1,ACME\jsmith,ticket_review,success,benign,routine identity administration
ACT-00757,2026-08-19T00:09:24Z,ACME\helpdesk1,ACME\mrivera,ticket_review,success,benign,routine identity administration
ACT-00353,2026-08-19T00:16:50Z,ACME\helpdesk1,ACME\svc_backup,ticket_review,success,benign,routine identity administration
ACT-01068,2026-08-19T00:17:02Z,ACME\helpdesk1,NT AUTHORITY\SYSTEM,ticket_review,success,benign,routine identity administration
ACT-01090,2026-08-19T00:19:01Z,ACME\helpdesk1,ACME\svc_backup,ticket_review,success,benign,routine identity administration
ACT-00263,2026-08-19T00:26:39Z,ACME\helpdesk1,ACME\svc_print,ticket_review,success,benign,routine identity administration
ACT-00511,2026-08-19T00:26:47Z,ACME\helpdesk1,ACME\svc_print,ticket_review,success,benign,routine identity administration
ACT-00282,2026-08-19T00:42:43Z,ACME\helpdesk1,ACME\mrivera,ticket_review,success,benign,routine identity administration
ACT-01790,2026-08-19T00:53:05Z,ACME\helpdesk1,ACME\svc_print,ticket_review,success,benign,routine identity administration
ACT-01007,2026-08-19T00:54:51Z,ACME\helpdesk1,ACME\svc_backup,ticket_review,success,benign,routine identity administration
ACT-01294,2026-08-19T01:04:02Z,ACME\helpdesk1,ACME\svc_backup,ticket_review,success,benign,routine identity administration
ACT-00256,2026-08-19T01:05:54Z,ACME\helpdesk1,NT AUTHORITY\SYSTEM,ticket_review,success,benign,routine identity administration
ACT-01667,2026-08-19T01:09:15Z,ACME\helpdesk1,ACME\jsmith,ticket_review,success,benign,routine identity administration
ACT-00025,2026-08-19T01:14:41Z,ACME\helpdesk1,ACME\jsmith,ticket_review,success,benign,routine identity administration
ACT-01645,2026-08-19T01:17:02Z,ACME\helpdesk1,ACME\svc_print,ticket_review,success,benign,routine identity administration
ACT-00635,2026-08-19T01:22:30Z,ACME\helpdesk1,ACME\mrivera,ticket_review,success,benign,routine identity administration
ACT-01106,2026-08-19T01:23:28Z,ACME\helpdesk1,NT AUTHORITY\SYSTEM,ticket_review,success,benign,routine identity administration
ACT-00111,2026-08-19T01:25:31Z,ACME\helpdesk1,ACME\mrivera,ticket_review,success,benign,routine identity administration
ACT-01457,2026-08-19T01:26:42Z,ACME\helpdesk1,ACME\svc_backup,ticket_review,success,benign,routine identity administration
ACT-00830,2026-08-19T01:33:00Z,ACME\helpdesk1,NT AUTHORITY\SYSTEM,ticket_review,success,benign,routine identity administration
ACT-00180,2026-08-19T01:37:04Z,ACME\helpdesk1,ACME\mrivera,ticket_review,success,benign,routine identity administration
ACT-01671,2026-08-19T01:39:55Z,ACME\helpdesk1,ACME\jsmith,ticket_review,success,benign,routine identity administration
ACT-00334,2026-08-19T01:48:15Z,ACME\helpdesk1,ACME\jsmith,ticket_review,success,benign,routine identity administration
ACT-00130,2026-08-19T01:52:08Z,ACME\helpdesk1,ACME\jsmith,ticket_review,success,benign,routine identity administration
ACT-01245,2026-08-19T01:55:57Z,ACME\helpdesk1,ACME\jsmith,ticket_review,success,benign,routine identity administration
ACT-00500,2026-08-19T01:57:17Z,ACME\helpdesk1,ACME\svc_backup,ticket_review,success,benign,routine identity administration
ACT-01371,2026-08-19T01:58:06Z,ACME\helpdesk1,ACME\svc_print,ticket_review,success,benign,routine identity administration
ACT-00531,2026-08-19T02:02:51Z,ACME\helpdesk1,ACME\mrivera,ticket_review,success,benign,routine identity administration
ACT-01063,2026-08-19T02:03:28Z,ACME\helpdesk1,ACME\mrivera,ticket_review,success,benign,routine identity administration
ACT-01668,2026-08-19T02:10:41Z,ACME\helpdesk1,NT AUTHORITY\SYSTEM,ticket_review,success,benign,routine identity administration
ACT-00121,2026-08-19T02:13:55Z,ACME\helpdesk1,ACME\mrivera,ticket_review,success,benign,routine identity administration
ACT-00344,2026-08-19T02:14:49Z,ACME\helpdesk1,ACME\svc_backup,ticket_review,success,benign,routine identity administration
ACT-01500,2026-08-19T02:15:33Z,ACME\helpdesk1,ACME\jsmith,ticket_review,success,benign,routine identity administration
ACT-00817,2026-08-19T02:21:44Z,ACME\helpdesk1,ACME\svc_print,ticket_review,success,benign,routine identity administration
ACT-00100,2026-08-19T02:24:59Z,ACME\helpdesk1,ACME\svc_backup,ticket_review,success,benign,routine identity administration
ACT-00676,2026-08-19T02:25:37Z,ACME\helpdesk1,ACME\jsmith,ticket_review,success,benign,routine identity administration
ACT-01652,2026-08-19T02:28:08Z,ACME\helpdesk1,ACME\jsmith,ticket_review,success,benign,routine identity administration
ACT-01340,2026-08-19T02:30:42Z,ACME\helpdesk1,ACME\mrivera,ticket_review,success,benign,routine identity administration
ACT-00544,2026-08-19T02:34:02Z,ACME\helpdesk1,NT AUTHORITY\SYSTEM,ticket_review,success,benign,routine identity administration
ACT-00540,2026-08-19T02:38:47Z,ACME\helpdesk1,ACME\jsmith,ticket_review,success,benign,routine identity administration
ACT-01700,2026-08-19T02:47:32Z,ACME\helpdesk1,ACME\svc_backup,ticket_review,success,benign,routine identity administration
ACT-00466,2026-08-19T02:52:52Z,ACME\helpdesk1,ACME\jsmith,ticket_review,success,benign,routine identity administration
ACT-00637,2026-08-19T02:58:48Z,ACME\helpdesk1,ACME\jsmith,ticket_review,success,benign,routine identity administration
ACT-01022,2026-08-19T03:01:30Z,ACME\helpdesk1,ACME\svc_backup,ticket_review,success,benign,routine identity administration
ACT-00386,2026-08-19T03:04:13Z,ACME\helpdesk1,NT AUTHORITY\SYSTEM,ticket_review,success,benign,routine identity administration
ACT-00451,2026-08-19T03:09:43Z,ACME\helpdesk1,ACME\mrivera,ticket_review,success,benign,routine identity administration
ACT-00468,2026-08-19T03:16:32Z,ACME\helpdesk1,ACME\svc_backup,ticket_review,success,benign,routine identity administration
ACT-00244,2026-08-19T03:20:58Z,ACME\helpdesk1,ACME\svc_print,ticket_review,success,benign,routine identity administration
ACT-00471,2026-08-19T03:22:44Z,ACME\helpdesk1,NT AUTHORITY\SYSTEM,ticket_review,success,benign,routine identity administration
ACT-00571,2026-08-19T03:27:04Z,ACME\helpdesk1,ACME\svc_print,ticket_review,success,benign,routine identity administration
ACT-00332,2026-08-19T03:32:12Z,ACME\helpdesk1,ACME\jsmith,ticket_review,success,benign,routine identity administration
ACT-00950,2026-08-19T03:32:19Z,ACME\helpdesk1,ACME\mrivera,ticket_review,success,benign,routine identity administration
ACT-00994,2026-08-19T03:35:36Z,ACME\helpdesk1,ACME\svc_backup,ticket_review,success,benign,routine identity administration
ACT-00128,2026-08-19T03:38:27Z,ACME\helpdesk1,ACME\jsmith,ticket_review,success,benign,routine identity administration
ACT-01191,2026-08-19T03:41:25Z,ACME\helpdesk1,ACME\svc_print,ticket_review,success,benign,routine identity administration
ACT-00264,2026-08-19T03:47:07Z,ACME\helpdesk1,ACME\mrivera,ticket_review,success,benign,routine identity administration
ACT-01648,2026-08-19T03:49:23Z,ACME\helpdesk1,ACME\svc_backup,ticket_review,success,benign,routine identity administration
ACT-00636,2026-08-19T03:59:34Z,ACME\helpdesk1,ACME\mrivera,ticket_review,success,benign,routine identity administration
ACT-01250,2026-08-19T04:09:57Z,ACME\helpdesk1,ACME\svc_print,ticket_review,success,benign,routine identity administration
ACT-00251,2026-08-19T04:12:29Z,ACME\helpdesk1,ACME\jsmith,ticket_review,success,benign,routine identity administration
ACT-00137,2026-08-19T04:15:06Z,ACME\helpdesk1,ACME\jsmith,ticket_review,success,benign,routine identity administration
ACT-00094,2026-08-19T04:20:06Z,ACME\helpdesk1,ACME\svc_print,ticket_review,success,benign,routine identity administration
ACT-00867,2026-08-19T04:23:30Z,ACME\helpdesk1,ACME\mrivera,ticket_review,success,benign,routine identity administration
ACT-00073,2026-08-19T04:28:00Z,ACME\helpdesk1,ACME\svc_backup,ticket_review,success,benign,routine identity administration
ACT-00707,2026-08-19T04:28:35Z,ACME\helpdesk1,ACME\svc_print,ticket_review,success,benign,routine identity administration
ACT-01537,2026-08-19T04:28:48Z,ACME\helpdesk1,ACME\svc_print,ticket_review,success,benign,routine identity administration
ACT-00828,2026-08-19T04:29:31Z,ACME\helpdesk1,ACME\jsmith,ticket_review,success,benign,routine identity administration
ACT-01228,2026-08-19T04:34:29Z,ACME\helpdesk1,ACME\svc_backup,ticket_review,success,benign,routine identity administration
ACT-01739,2026-08-19T04:36:11Z,ACME\helpdesk1,ACME\svc_backup,ticket_review,success,benign,routine identity administration
ACT-00818,2026-08-19T04:40:28Z,ACME\helpdesk1,ACME\svc_print,ticket_review,success,benign,routine identity administration
ACT-00070,2026-08-19T04:41:03Z,ACME\helpdesk1,ACME\mrivera,ticket_review,success,benign,routine identity administration
ACT-01314,2026-08-19T04:43:15Z,ACME\helpdesk1,ACME\jsmith,ticket_review,success,benign,routine identity administration
ACT-01373,2026-08-19T04:46:38Z,ACME\helpdesk1,ACME\svc_backup,ticket_review,success,benign,routine identity administration
ACT-01653,2026-08-19T04:51:10Z,ACME\helpdesk1,ACME\mrivera,ticket_review,success,benign,routine identity administration
ACT-00207,2026-08-19T04:51:14Z,ACME\helpdesk1,ACME\mrivera,ticket_review,success,benign,routine identity administration
ACT-01329,2026-08-19T04:58:46Z,ACME\helpdesk1,ACME\jsmith,ticket_review,success,benign,routine identity administration
ACT-00759,2026-08-19T05:00:39Z,ACME\helpdesk1,ACME\svc_backup,ticket_review,success,benign,routine identity administration
ACT-00188,2026-08-19T05:01:33Z,ACME\helpdesk1,ACME\mrivera,ticket_review,success,benign,routine identity administration
ACT-00215,2026-08-19T05:07:30Z,ACME\helpdesk1,ACME\jsmith,ticket_review,success,benign,routine identity administration
ACT-00029,2026-08-19T05:19:42Z,ACME\helpdesk1,ACME\svc_backup,ticket_review,success,benign,routine identity administration
ACT-01299,2026-08-19T05:23:50Z,ACME\helpdesk1,ACME\svc_backup,ticket_review,success,benign,routine identity administration
ACT-01399,2026-08-19T05:33:20Z,ACME\helpdesk1,ACME\jsmith,ticket_review,success,benign,routine identity administration
ACT-00286,2026-08-19T05:34:31Z,ACME\helpdesk1,ACME\mrivera,ticket_review,success,benign,routine identity administration
ACT-01553,2026-08-19T05:43:39Z,ACME\helpdesk1,ACME\mrivera,ticket_review,success,benign,routine identity administration
ACT-01259,2026-08-19T05:44:35Z,ACME\helpdesk1,NT AUTHORITY\SYSTEM,ticket_review,success,benign,routine identity administration
ACT-00277,2026-08-19T05:47:55Z,ACME\helpdesk1,ACME\svc_backup,ticket_review,success,benign,routine identity administration
ACT-00115,2026-08-19T05:55:18Z,ACME\helpdesk1,ACME\mrivera,ticket_review,success,benign,routine identity administration
ACT-01335,2026-08-19T05:56:16Z,ACME\helpdesk1,ACME\mrivera,ticket_review,success,benign,routine identity administration
ACT-01612,2026-08-19T06:01:48Z,ACME\helpdesk1,ACME\svc_print,ticket_review,success,benign,routine identity administration
ACT-01573,2026-08-19T06:01:58Z,ACME\helpdesk1,ACME\jsmith,ticket_review,success,benign,routine identity administration
ACT-01771,2026-08-19T06:08:34Z,ACME\helpdesk1,NT AUTHORITY\SYSTEM,ticket_review,success,benign,routine identity administration
ACT-00108,2026-08-19T06:18:20Z,ACME\helpdesk1,ACME\svc_backup,ticket_review,success,benign,routine identity administration
ACT-00957,2026-08-19T06:21:28Z,ACME\helpdesk1,ACME\svc_print,ticket_review,success,benign,routine identity administration
ACT-01416,2026-08-19T06:23:52Z,ACME\helpdesk1,ACME\mrivera,ticket_review,success,benign,routine identity administration
ACT-01607,2026-08-19T06:24:19Z,ACME\helpdesk1,ACME\mrivera,ticket_review,success,benign,routine identity administration
ACT-00885,2026-08-19T06:33:40Z,ACME\helpdesk1,ACME\svc_backup,ticket_review,success,benign,routine identity administration
ACT-00664,2026-08-19T06:36:11Z,ACME\helpdesk1,ACME\jsmith,ticket_review,success,benign,routine identity administration
ACT-00652,2026-08-19T06:36:40Z,ACME\helpdesk1,NT AUTHORITY\SYSTEM,ticket_review,success,benign,routine identity administration
ACT-01435,2026-08-19T06:41:54Z,ACME\helpdesk1,ACME\mrivera,ticket_review,success,benign,routine identity administration
ACT-00706,2026-08-19T06:42:55Z,ACME\helpdesk1,ACME\jsmith,ticket_review,success,benign,routine identity administration
ACT-00388,2026-08-19T06:43:12Z,ACME\helpdesk1,ACME\mrivera,ticket_review,success,benign,routine identity administration
ACT-01795,2026-08-19T06:43:42Z,ACME\helpdesk1,ACME\svc_print,ticket_review,success,benign,routine identity administration
ACT-00469,2026-08-19T06:44:12Z,ACME\helpdesk1,ACME\mrivera,ticket_review,success,benign,routine identity administration
ACT-01621,2026-08-19T06:44:47Z,ACME\helpdesk1,ACME\svc_backup,ticket_review,success,benign,routine identity administration
ACT-01301,2026-08-19T06:45:45Z,ACME\helpdesk1,ACME\svc_print,ticket_review,success,benign,routine identity administration
ACT-01172,2026-08-19T06:49:36Z,ACME\helpdesk1,ACME\jsmith,ticket_review,success,benign,routine identity administration
ACT-00516,2026-08-19T06:49:51Z,ACME\helpdesk1,ACME\jsmith,ticket_review,success,benign,routine identity administration
ACT-01571,2026-08-19T06:54:58Z,ACME\helpdesk1,ACME\svc_backup,ticket_review,success,benign,routine identity administration
ACT-00725,2026-08-19T06:58:38Z,ACME\helpdesk1,ACME\mrivera,ticket_review,success,benign,routine identity administration
ACT-01046,2026-08-19T07:01:43Z,ACME\helpdesk1,ACME\mrivera,ticket_review,success,benign,routine identity administration
ACT-00042,2026-08-19T07:07:55Z,ACME\helpdesk1,ACME\jsmith,ticket_review,success,benign,routine identity administration
ACT-00551,2026-08-19T07:12:32Z,ACME\helpdesk1,ACME\svc_print,ticket_review,success,benign,routine identity administration
ACT-01420,2026-08-19T07:20:12Z,ACME\helpdesk1,ACME\mrivera,ticket_review,success,benign,routine identity administration
ACT-01777,2026-08-19T07:20:41Z,ACME\helpdesk1,ACME\svc_print,ticket_review,success,benign,routine identity administration
ACT-00694,2026-08-19T07:23:19Z,ACME\helpdesk1,ACME\mrivera,ticket_review,success,benign,routine identity administration
ACT-01446,2026-08-19T07:24:45Z,ACME\helpdesk1,ACME\svc_print,ticket_review,success,benign,routine identity administration
ACT-01742,2026-08-19T07:25:18Z,ACME\helpdesk1,ACME\svc_backup,ticket_review,success,benign,routine identity administration
ACT-00981,2026-08-19T07:27:24Z,ACME\helpdesk1,ACME\svc_backup,ticket_review,success,benign,routine identity administration
ACT-00183,2026-08-19T07:28:49Z,ACME\helpdesk1,ACME\jsmith,ticket_review,success,benign,routine identity administration
ACT-00366,2026-08-19T07:30:17Z,ACME\helpdesk1,ACME\mrivera,ticket_review,success,benign,routine identity administration
ACT-00203,2026-08-19T07:39:43Z,ACME\helpdesk1,ACME\svc_print,ticket_review,success,benign,routine identity administration
ACT-01788,2026-08-19T07:40:55Z,ACME\helpdesk1,ACME\mrivera,ticket_review,success,benign,routine identity administration
ACT-01125,2026-08-19T07:42:17Z,ACME\helpdesk1,ACME\svc_print,ticket_review,success,benign,routine identity administration
ACT-01510,2026-08-19T07:46:11Z,ACME\helpdesk1,ACME\svc_backup,ticket_review,success,benign,routine identity administration
ACT-00967,2026-08-19T07:47:44Z,ACME\helpdesk1,ACME\jsmith,ticket_review,success,benign,routine identity administration
ACT-00313,2026-08-19T07:58:33Z,ACME\helpdesk1,ACME\svc_print,ticket_review,success,benign,routine identity administration
ACT-01417,2026-08-19T07:58:38Z,ACME\helpdesk1,ACME\svc_print,ticket_review,success,benign,routine identity administration
ACT-00276,2026-08-19T07:58:57Z,ACME\helpdesk1,ACME\mrivera,ticket_review,success,benign,routine identity administration
ACT-01713,2026-08-19T08:02:29Z,ACME\helpdesk1,ACME\jsmith,ticket_review,success,benign,routine identity administration
ACT-01278,2026-08-19T08:07:39Z,ACME\helpdesk1,NT AUTHORITY\SYSTEM,ticket_review,success,benign,routine identity administration
ACT-01333,2026-08-19T08:29:48Z,ACME\helpdesk1,ACME\jsmith,ticket_review,success,benign,routine identity administration
ACT-01662,2026-08-19T08:34:30Z,ACME\helpdesk1,ACME\svc_backup,ticket_review,success,benign,routine identity administration
ACT-00987,2026-08-19T08:35:44Z,ACME\helpdesk1,ACME\svc_print,ticket_review,success,benign,routine identity administration
ACT-01619,2026-08-19T08:39:53Z,ACME\helpdesk1,NT AUTHORITY\SYSTEM,ticket_review,success,benign,routine identity administration
ACT-01548,2026-08-19T08:41:10Z,ACME\helpdesk1,ACME\svc_print,ticket_review,success,benign,routine identity administration
ACT-00428,2026-08-19T08:43:25Z,ACME\helpdesk1,ACME\jsmith,ticket_review,success,benign,routine identity administration
ACT-00443,2026-08-19T08:44:12Z,ACME\helpdesk1,ACME\svc_print,ticket_review,success,benign,routine identity administration
ACT-00211,2026-08-19T08:46:21Z,ACME\helpdesk1,ACME\svc_backup,ticket_review,success,benign,routine identity administration
ACT-01588,2026-08-19T08:51:41Z,ACME\helpdesk1,ACME\svc_backup,ticket_review,success,benign,routine identity administration
ACT-01188,2026-08-19T08:54:04Z,ACME\helpdesk1,ACME\svc_print,ticket_review,success,benign,routine identity administration
ACT-00305,2026-08-19T08:54:21Z,ACME\helpdesk1,ACME\svc_backup,ticket_review,success,benign,routine identity administration
ACT-00448,2026-08-19T08:56:33Z,ACME\helpdesk1,ACME\svc_backup,ticket_review,success,benign,routine identity administration
ACT-00493,2026-08-19T08:57:04Z,ACME\helpdesk1,NT AUTHORITY\SYSTEM,ticket_review,success,benign,routine identity administration
ACT-01158,2026-08-19T09:02:09Z,ACME\helpdesk1,ACME\mrivera,ticket_review,success,benign,routine identity administration
ACT-00580,2026-08-19T09:04:25Z,ACME\helpdesk1,ACME\svc_print,ticket_review,success,benign,routine identity administration
ACT-00904,2026-08-19T09:04:54Z,ACME\helpdesk1,ACME\mrivera,ticket_review,success,benign,routine identity administration
ACT-01658,2026-08-19T09:06:04Z,ACME\helpdesk1,ACME\svc_print,ticket_review,success,benign,routine identity administration
ACT-01449,2026-08-19T09:06:34Z,ACME\helpdesk1,ACME\jsmith,ticket_review,success,benign,routine identity administration
ACT-00802,2026-08-19T09:07:13Z,ACME\helpdesk1,ACME\mrivera,ticket_review,success,benign,routine identity administration
ACT-00291,2026-08-19T09:08:24Z,ACME\helpdesk1,ACME\mrivera,ticket_review,success,benign,routine identity administration
ACT-01487,2026-08-19T09:18:34Z,ACME\helpdesk1,ACME\svc_backup,ticket_review,success,benign,routine identity administration
ACT-01633,2026-08-19T09:18:37Z,ACME\helpdesk1,ACME\svc_backup,ticket_review,success,benign,routine identity administration
ACT-00330,2026-08-19T09:22:37Z,ACME\helpdesk1,ACME\jsmith,ticket_review,success,benign,routine identity administration
ACT-01076,2026-08-19T09:30:16Z,ACME\helpdesk1,NT AUTHORITY\SYSTEM,ticket_review,success,benign,routine identity administration
ACT-01350,2026-08-19T09:33:31Z,ACME\helpdesk1,ACME\mrivera,ticket_review,success,benign,routine identity administration
ACT-01367,2026-08-19T09:33:51Z,ACME\helpdesk1,NT AUTHORITY\SYSTEM,ticket_review,success,benign,routine identity administration
ACT-00519,2026-08-19T09:51:01Z,ACME\helpdesk1,NT AUTHORITY\SYSTEM,ticket_review,success,benign,routine identity administration
ACT-01058,2026-08-19T09:55:36Z,ACME\helpdesk1,ACME\jsmith,ticket_review,success,benign,routine identity administration
ACT-00421,2026-08-19T09:56:48Z,ACME\helpdesk1,ACME\svc_backup,ticket_review,success,benign,routine identity administration
ACT-00749,2026-08-19T10:06:39Z,ACME\helpdesk1,ACME\mrivera,ticket_review,success,benign,routine identity administration
ACT-00113,2026-08-19T10:26:42Z,ACME\helpdesk1,ACME\svc_print,ticket_review,success,benign,routine identity administration
ACT-00602,2026-08-19T10:26:54Z,ACME\helpdesk1,ACME\svc_print,ticket_review,success,benign,routine identity administration
ACT-01366,2026-08-19T10:27:09Z,ACME\helpdesk1,ACME\jsmith,ticket_review,success,benign,routine identity administration
ACT-01708,2026-08-19T10:28:45Z,ACME\helpdesk1,NT AUTHORITY\SYSTEM,ticket_review,success,benign,routine identity administration
ACT-01031,2026-08-19T10:29:10Z,ACME\helpdesk1,ACME\mrivera,ticket_review,success,benign,routine identity administration
ACT-00406,2026-08-19T10:40:10Z,ACME\helpdesk1,ACME\jsmith,ticket_review,success,benign,routine identity administration
ACT-01116,2026-08-19T10:49:44Z,ACME\helpdesk1,ACME\jsmith,ticket_review,success,benign,routine identity administration
ACT-00691,2026-08-19T10:50:38Z,ACME\helpdesk1,ACME\jsmith,ticket_review,success,benign,routine identity administration
ACT-00960,2026-08-19T10:51:47Z,ACME\helpdesk1,ACME\svc_print,ticket_review,success,benign,routine identity administration
ACT-00462,2026-08-19T10:53:47Z,ACME\helpdesk1,NT AUTHORITY\SYSTEM,ticket_review,success,benign,routine identity administration
ACT-01460,2026-08-19T11:00:38Z,ACME\helpdesk1,ACME\svc_print,ticket_review,success,benign,routine identity administration
ACT-00054,2026-08-19T11:07:06Z,ACME\helpdesk1,ACME\svc_print,ticket_review,success,benign,routine identity administration
ACT-00573,2026-08-19T11:07:38Z,ACME\helpdesk1,ACME\svc_backup,ticket_review,success,benign,routine identity administration
ACT-00013,2026-08-19T11:09:35Z,ACME\helpdesk1,ACME\svc_print,ticket_review,success,benign,routine identity administration
ACT-01166,2026-08-19T11:15:23Z,ACME\helpdesk1,NT AUTHORITY\SYSTEM,ticket_review,success,benign,routine identity administration
ACT-00703,2026-08-19T11:24:30Z,ACME\helpdesk1,ACME\svc_backup,ticket_review,success,benign,routine identity administration
ACT-01284,2026-08-19T11:26:40Z,ACME\helpdesk1,NT AUTHORITY\SYSTEM,ticket_review,success,benign,routine identity administration
ACT-00464,2026-08-19T11:33:00Z,ACME\helpdesk1,NT AUTHORITY\SYSTEM,ticket_review,success,benign,routine identity administration
ACT-00807,2026-08-19T11:38:09Z,ACME\helpdesk1,ACME\jsmith,ticket_review,success,benign,routine identity administration
ACT-00193,2026-08-19T11:43:19Z,ACME\helpdesk1,ACME\jsmith,ticket_review,success,benign,routine identity administration
ACT-00814,2026-08-19T11:45:36Z,ACME\helpdesk1,NT AUTHORITY\SYSTEM,ticket_review,success,benign,routine identity administration
ACT-01762,2026-08-19T11:57:04Z,ACME\helpdesk1,NT AUTHORITY\SYSTEM,ticket_review,success,benign,routine identity administration
ACT-01554,2026-08-19T12:05:18Z,ACME\helpdesk1,ACME\mrivera,ticket_review,success,benign,routine identity administration
ACT-01377,2026-08-19T12:06:54Z,ACME\helpdesk1,ACME\svc_print,ticket_review,success,benign,routine identity administration
ACT-00609,2026-08-19T12:16:34Z,ACME\helpdesk1,ACME\svc_print,ticket_review,success,benign,routine identity administration
ACT-00865,2026-08-19T12:17:58Z,ACME\helpdesk1,ACME\svc_backup,ticket_review,success,benign,routine identity administration
ACT-00221,2026-08-19T12:24:19Z,ACME\helpdesk1,NT AUTHORITY\SYSTEM,ticket_review,success,benign,routine identity administration
ACT-01331,2026-08-19T12:25:08Z,ACME\helpdesk1,ACME\jsmith,ticket_review,success,benign,routine identity administration
ACT-01325,2026-08-19T12:34:17Z,ACME\helpdesk1,NT AUTHORITY\SYSTEM,ticket_review,success,benign,routine identity administration
ACT-00909,2026-08-19T12:34:42Z,ACME\helpdesk1,ACME\svc_backup,ticket_review,success,benign,routine identity administration
ACT-00556,2026-08-19T12:37:12Z,ACME\helpdesk1,NT AUTHORITY\SYSTEM,ticket_review,success,benign,routine identity administration
ACT-01042,2026-08-19T12:38:55Z,ACME\helpdesk1,ACME\svc_backup,ticket_review,success,benign,routine identity administration
ACT-00487,2026-08-19T12:40:08Z,ACME\helpdesk1,NT AUTHORITY\SYSTEM,ticket_review,success,benign,routine identity administration
ACT-00296,2026-08-19T12:43:01Z,ACME\helpdesk1,ACME\mrivera,ticket_review,success,benign,routine identity administration
ACT-00438,2026-08-19T12:51:08Z,ACME\helpdesk1,ACME\mrivera,ticket_review,success,benign,routine identity administration
ACT-01438,2026-08-19T12:58:40Z,ACME\helpdesk1,ACME\svc_backup,ticket_review,success,benign,routine identity administration
ACT-01179,2026-08-19T13:00:43Z,ACME\helpdesk1,ACME\svc_print,ticket_review,success,benign,routine identity administration
ACT-00026,2026-08-19T13:08:00Z,ACME\helpdesk1,NT AUTHORITY\SYSTEM,ticket_review,success,benign,routine identity administration
ACT-01657,2026-08-19T13:10:11Z,ACME\helpdesk1,ACME\mrivera,ticket_review,success,benign,routine identity administration
ACT-01023,2026-08-19T13:16:16Z,ACME\helpdesk1,ACME\svc_backup,ticket_review,success,benign,routine identity administration
ACT-00159,2026-08-19T13:16:59Z,ACME\helpdesk1,ACME\mrivera,ticket_review,success,benign,routine identity administration
ACT-01408,2026-08-19T13:19:12Z,ACME\helpdesk1,NT AUTHORITY\SYSTEM,ticket_review,success,benign,routine identity administration
ACT-01495,2026-08-19T13:24:10Z,ACME\helpdesk1,ACME\jsmith,ticket_review,success,benign,routine identity administration
ACT-01522,2026-08-19T13:33:46Z,ACME\helpdesk1,ACME\svc_backup,ticket_review,success,benign,routine identity administration
ACT-01092,2026-08-19T13:36:55Z,ACME\helpdesk1,NT AUTHORITY\SYSTEM,ticket_review,success,benign,routine identity administration
ACT-00245,2026-08-19T13:43:14Z,ACME\helpdesk1,ACME\mrivera,ticket_review,success,benign,routine identity administration
ACT-00204,2026-08-19T13:45:40Z,ACME\helpdesk1,ACME\svc_backup,ticket_review,success,benign,routine identity administration
ACT-01254,2026-08-19T13:45:40Z,ACME\helpdesk1,NT AUTHORITY\SYSTEM,ticket_review,success,benign,routine identity administration
ACT-01141,2026-08-19T13:53:52Z,ACME\helpdesk1,ACME\svc_print,ticket_review,success,benign,routine identity administration
ACT-00360,2026-08-19T13:53:54Z,ACME\helpdesk1,ACME\mrivera,ticket_review,success,benign,routine identity administration
ACT-00686,2026-08-19T13:54:44Z,ACME\helpdesk1,ACME\svc_backup,ticket_review,success,benign,routine identity administration
ACT-00517,2026-08-19T13:55:28Z,ACME\helpdesk1,NT AUTHORITY\SYSTEM,ticket_review,success,benign,routine identity administration
ACT-01368,2026-08-19T13:55:55Z,ACME\helpdesk1,ACME\mrivera,ticket_review,success,benign,routine identity administration
ACT-01217,2026-08-19T14:06:30Z,ACME\helpdesk1,ACME\jsmith,ticket_review,success,benign,routine identity administration
ACT-00655,2026-08-19T14:09:10Z,ACME\helpdesk1,NT AUTHORITY\SYSTEM,ticket_review,success,benign,routine identity administration
ACT-01453,2026-08-19T14:09:17Z,ACME\helpdesk1,NT AUTHORITY\SYSTEM,ticket_review,success,benign,routine identity administration
ACT-00407,2026-08-19T14:11:05Z,ACME\helpdesk1,ACME\jsmith,ticket_review,success,benign,routine identity administration
ACT-00654,2026-08-19T14:21:57Z,ACME\helpdesk1,ACME\mrivera,ticket_review,success,benign,routine identity administration
ACT-00101,2026-08-19T14:30:36Z,ACME\helpdesk1,NT AUTHORITY\SYSTEM,ticket_review,success,benign,routine identity administration
ACT-01529,2026-08-19T14:36:07Z,ACME\helpdesk1,ACME\svc_backup,ticket_review,success,benign,routine identity administration
ACT-00315,2026-08-19T14:47:49Z,ACME\helpdesk1,ACME\mrivera,ticket_review,success,benign,routine identity administration
ACT-00764,2026-08-19T14:49:56Z,ACME\helpdesk1,ACME\svc_print,ticket_review,success,benign,routine identity administration
ACT-01781,2026-08-19T14:50:00Z,ACME\helpdesk1,ACME\svc_backup,ticket_review,success,benign,routine identity administration
ACT-01094,2026-08-19T14:50:59Z,ACME\helpdesk1,ACME\mrivera,ticket_review,success,benign,routine identity administration
ACT-01568,2026-08-19T14:58:16Z,ACME\helpdesk1,ACME\mrivera,ticket_review,success,benign,routine identity administration
ACT-01097,2026-08-19T15:02:48Z,ACME\helpdesk1,ACME\svc_backup,ticket_review,success,benign,routine identity administration
ACT-00242,2026-08-19T15:05:32Z,ACME\helpdesk1,ACME\mrivera,ticket_review,success,benign,routine identity administration
ACT-01170,2026-08-19T15:06:40Z,ACME\helpdesk1,ACME\svc_backup,ticket_review,success,benign,routine identity administration
ACT-00539,2026-08-19T15:09:50Z,ACME\helpdesk1,ACME\svc_backup,ticket_review,success,benign,routine identity administration
ACT-01224,2026-08-19T15:10:45Z,ACME\helpdesk1,ACME\mrivera,ticket_review,success,benign,routine identity administration
ACT-01682,2026-08-19T15:11:58Z,ACME\helpdesk1,ACME\svc_print,ticket_review,success,benign,routine identity administration
ACT-01563,2026-08-19T15:13:47Z,ACME\helpdesk1,NT AUTHORITY\SYSTEM,ticket_review,success,benign,routine identity administration
ACT-00335,2026-08-19T15:23:09Z,ACME\helpdesk1,NT AUTHORITY\SYSTEM,ticket_review,success,benign,routine identity administration
ACT-00328,2026-08-19T15:24:19Z,ACME\helpdesk1,ACME\svc_print,ticket_review,success,benign,routine identity administration
ACT-01736,2026-08-19T15:24:31Z,ACME\helpdesk1,ACME\jsmith,ticket_review,success,benign,routine identity administration
ACT-01606,2026-08-19T15:25:17Z,ACME\helpdesk1,NT AUTHORITY\SYSTEM,ticket_review,success,benign,routine identity administration
ACT-00559,2026-08-19T15:27:45Z,ACME\helpdesk1,ACME\svc_backup,ticket_review,success,benign,routine identity administration
ACT-00906,2026-08-19T15:29:38Z,ACME\helpdesk1,ACME\mrivera,ticket_review,success,benign,routine identity administration
ACT-01165,2026-08-19T15:31:56Z,ACME\helpdesk1,ACME\svc_print,ticket_review,success,benign,routine identity administration
ACT-00627,2026-08-19T15:32:50Z,ACME\helpdesk1,ACME\jsmith,ticket_review,success,benign,routine identity administration
ACT-00478,2026-08-19T15:38:35Z,ACME\helpdesk1,ACME\svc_backup,ticket_review,success,benign,routine identity administration
ACT-01521,2026-08-19T15:40:55Z,ACME\helpdesk1,ACME\jsmith,ticket_review,success,benign,routine identity administration
ACT-00404,2026-08-19T15:43:32Z,ACME\helpdesk1,ACME\svc_print,ticket_review,success,benign,routine identity administration
ACT-01749,2026-08-19T15:53:27Z,ACME\helpdesk1,ACME\svc_backup,ticket_review,success,benign,routine identity administration
ACT-01176,2026-08-19T16:05:01Z,ACME\helpdesk1,ACME\svc_backup,ticket_review,success,benign,routine identity administration
ACT-00030,2026-08-19T16:08:36Z,ACME\helpdesk1,ACME\svc_backup,ticket_review,success,benign,routine identity administration
ACT-01330,2026-08-19T16:13:06Z,ACME\helpdesk1,ACME\svc_backup,ticket_review,success,benign,routine identity administration
ACT-00089,2026-08-19T16:14:05Z,ACME\helpdesk1,ACME\jsmith,ticket_review,success,benign,routine identity administration
ACT-01429,2026-08-19T16:17:52Z,ACME\helpdesk1,ACME\mrivera,ticket_review,success,benign,routine identity administration
ACT-01392,2026-08-19T16:18:49Z,ACME\helpdesk1,ACME\mrivera,ticket_review,success,benign,routine identity administration
ACT-01613,2026-08-19T16:19:05Z,ACME\helpdesk1,ACME\svc_print,ticket_review,success,benign,routine identity administration
ACT-00841,2026-08-19T16:31:55Z,ACME\helpdesk1,NT AUTHORITY\SYSTEM,ticket_review,success,benign,routine identity administration
ACT-01659,2026-08-19T16:32:18Z,ACME\helpdesk1,ACME\mrivera,ticket_review,success,benign,routine identity administration
ACT-01542,2026-08-19T16:33:23Z,ACME\helpdesk1,ACME\mrivera,ticket_review,success,benign,routine identity administration
ACT-01206,2026-08-19T16:34:11Z,ACME\helpdesk1,NT AUTHORITY\SYSTEM,ticket_review,success,benign,routine identity administration
ACT-00530,2026-08-19T16:36:25Z,ACME\helpdesk1,NT AUTHORITY\SYSTEM,ticket_review,success,benign,routine identity administration
ACT-00197,2026-08-19T16:40:10Z,ACME\helpdesk1,ACME\svc_backup,ticket_review,success,benign,routine identity administration
ACT-00952,2026-08-19T16:44:07Z,ACME\helpdesk1,ACME\jsmith,ticket_review,success,benign,routine identity administration
ACT-01154,2026-08-19T16:44:13Z,ACME\helpdesk1,ACME\svc_backup,ticket_review,success,benign,routine identity administration
ACT-01451,2026-08-19T17:02:02Z,ACME\helpdesk1,ACME\mrivera,ticket_review,success,benign,routine identity administration
ACT-00463,2026-08-19T17:08:01Z,ACME\helpdesk1,ACME\svc_print,ticket_review,success,benign,routine identity administration
ACT-00338,2026-08-19T17:09:07Z,ACME\helpdesk1,NT AUTHORITY\SYSTEM,ticket_review,success,benign,routine identity administration
ACT-00261,2026-08-19T17:14:22Z,ACME\helpdesk1,ACME\jsmith,ticket_review,success,benign,routine identity administration
ACT-00329,2026-08-19T17:24:21Z,ACME\helpdesk1,ACME\svc_print,ticket_review,success,benign,routine identity administration
ACT-01622,2026-08-19T17:30:42Z,ACME\helpdesk1,ACME\mrivera,ticket_review,success,benign,routine identity administration
ACT-00202,2026-08-19T17:37:55Z,ACME\helpdesk1,ACME\mrivera,ticket_review,success,benign,routine identity administration
ACT-01146,2026-08-19T17:54:04Z,ACME\helpdesk1,ACME\svc_print,ticket_review,success,benign,routine identity administration
ACT-00838,2026-08-19T18:01:25Z,ACME\helpdesk1,ACME\svc_print,ticket_review,success,benign,routine identity administration
ACT-00594,2026-08-19T18:02:03Z,ACME\helpdesk1,ACME\svc_backup,ticket_review,success,benign,routine identity administration
ACT-01332,2026-08-19T18:13:22Z,ACME\helpdesk1,ACME\svc_backup,ticket_review,success,benign,routine identity administration
ACT-00231,2026-08-19T18:13:37Z,ACME\helpdesk1,ACME\jsmith,ticket_review,success,benign,routine identity administration
ACT-00213,2026-08-19T18:14:20Z,ACME\helpdesk1,NT AUTHORITY\SYSTEM,ticket_review,success,benign,routine identity administration
ACT-01579,2026-08-19T18:17:12Z,ACME\helpdesk1,ACME\svc_backup,ticket_review,success,benign,routine identity administration
ACT-01655,2026-08-19T18:17:31Z,ACME\helpdesk1,NT AUTHORITY\SYSTEM,ticket_review,success,benign,routine identity administration
ACT-00929,2026-08-19T18:28:28Z,ACME\helpdesk1,NT AUTHORITY\SYSTEM,ticket_review,success,benign,routine identity administration
ACT-01038,2026-08-19T18:30:24Z,ACME\helpdesk1,ACME\svc_backup,ticket_review,success,benign,routine identity administration
ACT-00177,2026-08-19T18:41:07Z,ACME\helpdesk1,ACME\svc_backup,ticket_review,success,benign,routine identity administration
ACT-00541,2026-08-19T18:54:38Z,ACME\helpdesk1,ACME\mrivera,ticket_review,success,benign,routine identity administration
ACT-00687,2026-08-19T18:55:17Z,ACME\helpdesk1,ACME\svc_print,ticket_review,success,benign,routine identity administration
ACT-01102,2026-08-19T18:59:13Z,ACME\helpdesk1,ACME\svc_backup,ticket_review,success,benign,routine identity administration
ACT-01793,2026-08-19T19:05:17Z,ACME\helpdesk1,NT AUTHORITY\SYSTEM,ticket_review,success,benign,routine identity administration
ACT-01248,2026-08-19T19:05:50Z,ACME\helpdesk1,ACME\jsmith,ticket_review,success,benign,routine identity administration
ACT-01561,2026-08-19T19:06:32Z,ACME\helpdesk1,ACME\mrivera,ticket_review,success,benign,routine identity administration
ACT-00894,2026-08-19T19:11:15Z,ACME\helpdesk1,ACME\mrivera,ticket_review,success,benign,routine identity administration
ACT-01277,2026-08-19T19:13:48Z,ACME\helpdesk1,ACME\jsmith,ticket_review,success,benign,routine identity administration
ACT-00146,2026-08-19T19:13:49Z,ACME\helpdesk1,ACME\mrivera,ticket_review,success,benign,routine identity administration
ACT-01581,2026-08-19T19:15:33Z,ACME\helpdesk1,ACME\svc_backup,ticket_review,success,benign,routine identity administration
ACT-01401,2026-08-19T19:18:34Z,ACME\helpdesk1,ACME\mrivera,ticket_review,success,benign,routine identity administration
ACT-00914,2026-08-19T19:33:05Z,ACME\helpdesk1,ACME\jsmith,ticket_review,success,benign,routine identity administration
ACT-00704,2026-08-19T19:46:13Z,ACME\helpdesk1,ACME\svc_print,ticket_review,success,benign,routine identity administration
ACT-01593,2026-08-19T19:46:18Z,ACME\helpdesk1,ACME\mrivera,ticket_review,success,benign,routine identity administration
ACT-00275,2026-08-19T19:48:03Z,ACME\helpdesk1,ACME\jsmith,ticket_review,success,benign,routine identity administration
ACT-01077,2026-08-19T19:57:22Z,ACME\helpdesk1,ACME\jsmith,ticket_review,success,benign,routine identity administration
ACT-00017,2026-08-19T20:04:23Z,ACME\helpdesk1,ACME\svc_backup,ticket_review,success,benign,routine identity administration
ACT-00998,2026-08-19T20:04:32Z,ACME\helpdesk1,NT AUTHORITY\SYSTEM,ticket_review,success,benign,routine identity administration
ACT-00117,2026-08-19T20:04:57Z,ACME\helpdesk1,ACME\mrivera,ticket_review,success,benign,routine identity administration
ACT-00520,2026-08-19T20:05:00Z,ACME\helpdesk1,ACME\mrivera,ticket_review,success,benign,routine identity administration
ACT-00976,2026-08-19T20:06:45Z,ACME\helpdesk1,ACME\svc_print,ticket_review,success,benign,routine identity administration
ACT-00504,2026-08-19T20:09:17Z,ACME\helpdesk1,ACME\svc_backup,ticket_review,success,benign,routine identity administration
ACT-00250,2026-08-19T20:18:08Z,ACME\helpdesk1,ACME\jsmith,ticket_review,success,benign,routine identity administration
ACT-01308,2026-08-19T20:22:04Z,ACME\helpdesk1,ACME\svc_print,ticket_review,success,benign,routine identity administration
ACT-00920,2026-08-19T20:35:14Z,ACME\helpdesk1,ACME\svc_backup,ticket_review,success,benign,routine identity administration
ACT-00857,2026-08-19T20:35:55Z,ACME\helpdesk1,ACME\jsmith,ticket_review,success,benign,routine identity administration
ACT-00935,2026-08-19T20:38:14Z,ACME\helpdesk1,NT AUTHORITY\SYSTEM,ticket_review,success,benign,routine identity administration
ACT-00777,2026-08-19T20:40:51Z,ACME\helpdesk1,ACME\jsmith,ticket_review,success,benign,routine identity administration
ACT-01493,2026-08-19T20:42:31Z,ACME\helpdesk1,ACME\svc_print,ticket_review,success,benign,routine identity administration
ACT-01105,2026-08-19T20:47:44Z,ACME\helpdesk1,ACME\mrivera,ticket_review,success,benign,routine identity administration
ACT-01636,2026-08-19T20:54:00Z,ACME\helpdesk1,NT AUTHORITY\SYSTEM,ticket_review,success,benign,routine identity administration
ACT-01081,2026-08-19T20:58:15Z,ACME\helpdesk1,ACME\svc_backup,ticket_review,success,benign,routine identity administration
ACT-00644,2026-08-19T21:17:00Z,ACME\helpdesk1,ACME\svc_backup,ticket_review,success,benign,routine identity administration
ACT-01156,2026-08-19T21:20:09Z,ACME\helpdesk1,ACME\mrivera,ticket_review,success,benign,routine identity administration
ACT-01616,2026-08-19T21:21:47Z,ACME\helpdesk1,ACME\svc_backup,ticket_review,success,benign,routine identity administration
ACT-01447,2026-08-19T21:21:52Z,ACME\helpdesk1,ACME\mrivera,ticket_review,success,benign,routine identity administration
ACT-01183,2026-08-19T21:22:18Z,ACME\helpdesk1,ACME\svc_backup,ticket_review,success,benign,routine identity administration
ACT-00947,2026-08-19T21:23:30Z,ACME\helpdesk1,ACME\svc_backup,ticket_review,success,benign,routine identity administration
ACT-00149,2026-08-19T21:27:29Z,ACME\helpdesk1,ACME\jsmith,ticket_review,success,benign,routine identity administration
ACT-01725,2026-08-19T21:29:09Z,ACME\helpdesk1,NT AUTHORITY\SYSTEM,ticket_review,success,benign,routine identity administration
ACT-00728,2026-08-19T21:34:30Z,ACME\helpdesk1,ACME\jsmith,ticket_review,success,benign,routine identity administration
ACT-01626,2026-08-19T21:39:16Z,ACME\helpdesk1,ACME\svc_backup,ticket_review,success,benign,routine identity administration
ACT-01016,2026-08-19T21:40:33Z,ACME\helpdesk1,ACME\mrivera,ticket_review,success,benign,routine identity administration
ACT-00997,2026-08-19T21:45:44Z,ACME\helpdesk1,ACME\mrivera,ticket_review,success,benign,routine identity administration
ACT-00120,2026-08-19T21:49:00Z,ACME\helpdesk1,ACME\jsmith,ticket_review,success,benign,routine identity administration
ACT-01559,2026-08-19T21:55:24Z,ACME\helpdesk1,ACME\svc_print,ticket_review,success,benign,routine identity administration
ACT-01557,2026-08-19T22:02:40Z,ACME\helpdesk1,NT AUTHORITY\SYSTEM,ticket_review,success,benign,routine identity administration
ACT-01678,2026-08-19T22:06:46Z,ACME\helpdesk1,ACME\svc_backup,ticket_review,success,benign,routine identity administration
ACT-00347,2026-08-19T22:13:06Z,ACME\helpdesk1,ACME\jsmith,ticket_review,success,benign,routine identity administration
ACT-00908,2026-08-19T22:13:06Z,ACME\helpdesk1,ACME\svc_print,ticket_review,success,benign,routine identity administration
ACT-00096,2026-08-19T22:13:12Z,ACME\helpdesk1,ACME\svc_backup,ticket_review,success,benign,routine identity administration
ACT-01543,2026-08-19T22:15:12Z,ACME\helpdesk1,ACME\svc_backup,ticket_review,success,benign,routine identity administration
ACT-01753,2026-08-19T22:28:03Z,ACME\helpdesk1,ACME\jsmith,ticket_review,success,benign,routine identity administration
ACT-00252,2026-08-19T22:30:29Z,ACME\helpdesk1,ACME\svc_print,ticket_review,success,benign,routine identity administration
ACT-01517,2026-08-19T22:32:44Z,ACME\helpdesk1,ACME\svc_print,ticket_review,success,benign,routine identity administration
ACT-00989,2026-08-19T22:35:03Z,ACME\helpdesk1,ACME\svc_print,ticket_review,success,benign,routine identity administration
ACT-01654,2026-08-19T22:44:47Z,ACME\helpdesk1,ACME\svc_backup,ticket_review,success,benign,routine identity administration
ACT-01010,2026-08-19T22:48:33Z,ACME\helpdesk1,ACME\svc_print,ticket_review,success,benign,routine identity administration
ACT-00754,2026-08-19T22:49:42Z,ACME\helpdesk1,ACME\svc_backup,ticket_review,success,benign,routine identity administration
ACT-00450,2026-08-19T22:57:36Z,ACME\helpdesk1,ACME\svc_print,ticket_review,success,benign,routine identity administration
ACT-01723,2026-08-19T23:01:28Z,ACME\helpdesk1,NT AUTHORITY\SYSTEM,ticket_review,success,benign,routine identity administration
ACT-00200,2026-08-19T23:03:34Z,ACME\helpdesk1,ACME\svc_backup,ticket_review,success,benign,routine identity administration
ACT-00590,2026-08-19T23:04:25Z,ACME\helpdesk1,NT AUTHORITY\SYSTEM,ticket_review,success,benign,routine identity administration
ACT-01279,2026-08-19T23:07:46Z,ACME\helpdesk1,ACME\svc_print,ticket_review,success,benign,routine identity administration
ACT-00533,2026-08-19T23:08:32Z,ACME\helpdesk1,ACME\mrivera,ticket_review,success,benign,routine identity administration
ACT-00761,2026-08-19T23:14:16Z,ACME\helpdesk1,ACME\svc_print,ticket_review,success,benign,routine identity administration
ACT-00201,2026-08-19T23:14:51Z,ACME\helpdesk1,ACME\jsmith,ticket_review,success,benign,routine identity administration
ACT-00008,2026-08-19T23:17:19Z,ACME\helpdesk1,ACME\mrivera,ticket_review,success,benign,routine identity administration
ACT-00187,2026-08-19T23:23:50Z,ACME\helpdesk1,NT AUTHORITY\SYSTEM,ticket_review,success,benign,routine identity administration
ACT-01057,2026-08-19T23:28:04Z,ACME\helpdesk1,ACME\svc_print,ticket_review,success,benign,routine identity administration
ACT-00697,2026-08-19T23:30:49Z,ACME\helpdesk1,ACME\mrivera,ticket_review,success,benign,routine identity administration
ACT-00078,2026-08-19T23:34:54Z,ACME\helpdesk1,ACME\jsmith,ticket_review,success,benign,routine identity administration
ACT-01512,2026-08-19T23:39:29Z,ACME\helpdesk1,NT AUTHORITY\SYSTEM,ticket_review,success,benign,routine identity administration
ACT-00260,2026-08-19T23:41:37Z,ACME\helpdesk1,ACME\svc_print,ticket_review,success,benign,routine identity administration
ACT-00160,2026-08-19T23:42:59Z,ACME\helpdesk1,ACME\mrivera,ticket_review,success,benign,routine identity administration
ACT-00934,2026-08-19T23:47:33Z,ACME\helpdesk1,ACME\svc_backup,ticket_review,success,benign,routine identity administration
ACT-00669,2026-08-19T23:54:12Z,ACME\helpdesk1,ACME\jsmith,ticket_review,success,benign,routine identity administration
ACT-01508,2026-08-19T23:59:08Z,ACME\helpdesk1,ACME\svc_print,ticket_review,success,benign,routine identity administration
ACT-00158,2026-08-20T00:03:49Z,ACME\helpdesk1,ACME\mrivera,ticket_review,success,benign,routine identity administration
ACT-00310,2026-08-20T00:15:05Z,ACME\helpdesk1,ACME\mrivera,ticket_review,success,benign,routine identity administration
ACT-01232,2026-08-20T00:18:30Z,ACME\helpdesk1,ACME\svc_print,ticket_review,success,benign,routine identity administration
ACT-01638,2026-08-20T00:36:51Z,ACME\helpdesk1,ACME\svc_backup,ticket_review,success,benign,routine identity administration
ACT-01472,2026-08-20T00:40:55Z,ACME\helpdesk1,ACME\svc_print,ticket_review,success,benign,routine identity administration
ACT-00472,2026-08-20T00:42:06Z,ACME\helpdesk1,ACME\svc_print,ticket_review,success,benign,routine identity administration
ACT-00788,2026-08-20T00:55:19Z,ACME\helpdesk1,ACME\jsmith,ticket_review,success,benign,routine identity administration
ACT-01689,2026-08-20T00:55:42Z,ACME\helpdesk1,ACME\mrivera,ticket_review,success,benign,routine identity administration
ACT-01012,2026-08-20T01:05:41Z,ACME\helpdesk1,ACME\svc_print,ticket_review,success,benign,routine identity administration
ACT-01624,2026-08-20T01:13:51Z,ACME\helpdesk1,ACME\jsmith,ticket_review,success,benign,routine identity administration
ACT-01504,2026-08-20T01:19:10Z,ACME\helpdesk1,ACME\mrivera,ticket_review,success,benign,routine identity administration
ACT-01246,2026-08-20T01:19:18Z,ACME\helpdesk1,ACME\svc_print,ticket_review,success,benign,routine identity administration
ACT-00148,2026-08-20T01:21:01Z,ACME\helpdesk1,ACME\svc_backup,ticket_review,success,benign,routine identity administration
ACT-01384,2026-08-20T01:26:36Z,ACME\helpdesk1,ACME\jsmith,ticket_review,success,benign,routine identity administration
ACT-01360,2026-08-20T01:32:15Z,ACME\helpdesk1,ACME\svc_print,ticket_review,success,benign,routine identity administration
ACT-00196,2026-08-20T01:40:10Z,ACME\helpdesk1,NT AUTHORITY\SYSTEM,ticket_review,success,benign,routine identity administration
ACT-00453,2026-08-20T01:41:58Z,ACME\helpdesk1,ACME\mrivera,ticket_review,success,benign,routine identity administration
ACT-00851,2026-08-20T01:43:57Z,ACME\helpdesk1,ACME\jsmith,ticket_review,success,benign,routine identity administration
ACT-01223,2026-08-20T01:51:57Z,ACME\helpdesk1,ACME\mrivera,ticket_review,success,benign,routine identity administration
ACT-01719,2026-08-20T01:59:33Z,ACME\helpdesk1,ACME\svc_print,ticket_review,success,benign,routine identity administration
ACT-00422,2026-08-20T02:00:57Z,ACME\helpdesk1,ACME\mrivera,ticket_review,success,benign,routine identity administration
ACT-01222,2026-08-20T02:01:19Z,ACME\helpdesk1,ACME\mrivera,ticket_review,success,benign,routine identity administration
ACT-01699,2026-08-20T02:04:30Z,ACME\helpdesk1,ACME\svc_print,ticket_review,success,benign,routine identity administration
ACT-00043,2026-08-20T02:09:37Z,ACME\helpdesk1,ACME\svc_backup,ticket_review,success,benign,routine identity administration
ACT-01171,2026-08-20T02:19:25Z,ACME\helpdesk1,ACME\jsmith,ticket_review,success,benign,routine identity administration
ACT-01681,2026-08-20T02:19:28Z,ACME\helpdesk1,NT AUTHORITY\SYSTEM,ticket_review,success,benign,routine identity administration
ACT-01532,2026-08-20T02:20:59Z,ACME\helpdesk1,NT AUTHORITY\SYSTEM,ticket_review,success,benign,routine identity administration
ACT-01282,2026-08-20T02:28:39Z,ACME\helpdesk1,NT AUTHORITY\SYSTEM,ticket_review,success,benign,routine identity administration
ACT-01143,2026-08-20T02:31:55Z,ACME\helpdesk1,ACME\svc_backup,ticket_review,success,benign,routine identity administration
ACT-00309,2026-08-20T02:33:15Z,ACME\helpdesk1,ACME\svc_print,ticket_review,success,benign,routine identity administration
ACT-00587,2026-08-20T02:38:44Z,ACME\helpdesk1,ACME\svc_backup,ticket_review,success,benign,routine identity administration
ACT-01052,2026-08-20T02:38:44Z,ACME\helpdesk1,NT AUTHORITY\SYSTEM,ticket_review,success,benign,routine identity administration
ACT-00057,2026-08-20T02:39:32Z,ACME\helpdesk1,ACME\jsmith,ticket_review,success,benign,routine identity administration
ACT-00255,2026-08-20T02:42:27Z,ACME\helpdesk1,ACME\svc_backup,ticket_review,success,benign,routine identity administration
ACT-00007,2026-08-20T02:44:24Z,ACME\helpdesk1,ACME\mrivera,ticket_review,success,benign,routine identity administration
ACT-00031,2026-08-20T02:45:22Z,ACME\helpdesk1,ACME\svc_backup,ticket_review,success,benign,routine identity administration
ACT-00064,2026-08-20T02:53:10Z,ACME\helpdesk1,ACME\svc_print,ticket_review,success,benign,routine identity administration
ACT-00391,2026-08-20T03:04:34Z,ACME\helpdesk1,NT AUTHORITY\SYSTEM,ticket_review,success,benign,routine identity administration
ACT-00858,2026-08-20T03:10:49Z,ACME\helpdesk1,NT AUTHORITY\SYSTEM,ticket_review,success,benign,routine identity administration
ACT-01545,2026-08-20T03:11:52Z,ACME\helpdesk1,ACME\svc_print,ticket_review,success,benign,routine identity administration
ACT-01311,2026-08-20T03:15:16Z,ACME\helpdesk1,ACME\jsmith,ticket_review,success,benign,routine identity administration
ACT-00112,2026-08-20T03:18:59Z,ACME\helpdesk1,NT AUTHORITY\SYSTEM,ticket_review,success,benign,routine identity administration
ACT-00044,2026-08-20T03:34:12Z,ACME\helpdesk1,ACME\svc_backup,ticket_review,success,benign,routine identity administration
ACT-01346,2026-08-20T03:39:30Z,ACME\helpdesk1,ACME\svc_print,ticket_review,success,benign,routine identity administration
ACT-00975,2026-08-20T03:50:35Z,ACME\helpdesk1,ACME\svc_backup,ticket_review,success,benign,routine identity administration
ACT-01110,2026-08-20T03:51:08Z,ACME\helpdesk1,ACME\mrivera,ticket_review,success,benign,routine identity administration
ACT-00165,2026-08-20T03:55:20Z,ACME\helpdesk1,ACME\jsmith,ticket_review,success,benign,routine identity administration
ACT-01356,2026-08-20T03:58:49Z,ACME\helpdesk1,ACME\svc_backup,ticket_review,success,benign,routine identity administration
ACT-00743,2026-08-20T04:02:20Z,ACME\helpdesk1,ACME\svc_print,ticket_review,success,benign,routine identity administration
ACT-00536,2026-08-20T04:02:26Z,ACME\helpdesk1,ACME\mrivera,ticket_review,success,benign,routine identity administration
ACT-01640,2026-08-20T04:04:08Z,ACME\helpdesk1,ACME\jsmith,ticket_review,success,benign,routine identity administration
ACT-01235,2026-08-20T04:04:17Z,ACME\helpdesk1,ACME\svc_print,ticket_review,success,benign,routine identity administration
ACT-00020,2026-08-20T04:06:07Z,ACME\helpdesk1,ACME\svc_backup,ticket_review,success,benign,routine identity administration
ACT-00895,2026-08-20T04:06:52Z,ACME\helpdesk1,ACME\jsmith,ticket_review,success,benign,routine identity administration
ACT-01262,2026-08-20T04:06:55Z,ACME\helpdesk1,NT AUTHORITY\SYSTEM,ticket_review,success,benign,routine identity administration
ACT-01104,2026-08-20T04:13:22Z,ACME\helpdesk1,ACME\jsmith,ticket_review,success,benign,routine identity administration
ACT-00176,2026-08-20T04:21:10Z,ACME\helpdesk1,ACME\svc_print,ticket_review,success,benign,routine identity administration
ACT-00591,2026-08-20T04:21:13Z,ACME\helpdesk1,ACME\svc_print,ticket_review,success,benign,routine identity administration
ACT-01048,2026-08-20T04:24:31Z,ACME\helpdesk1,NT AUTHORITY\SYSTEM,ticket_review,success,benign,routine identity administration
ACT-01515,2026-08-20T04:27:32Z,ACME\helpdesk1,ACME\mrivera,ticket_review,success,benign,routine identity administration
ACT-01786,2026-08-20T04:36:26Z,ACME\helpdesk1,ACME\jsmith,ticket_review,success,benign,routine identity administration
ACT-01348,2026-08-20T04:44:46Z,ACME\helpdesk1,ACME\jsmith,ticket_review,success,benign,routine identity administration
ACT-00482,2026-08-20T04:49:35Z,ACME\helpdesk1,ACME\jsmith,ticket_review,success,benign,routine identity administration
ACT-00333,2026-08-20T04:52:29Z,ACME\helpdesk1,ACME\svc_backup,ticket_review,success,benign,routine identity administration
ACT-01112,2026-08-20T04:54:29Z,ACME\helpdesk1,ACME\svc_print,ticket_review,success,benign,routine identity administration
ACT-00206,2026-08-20T04:55:10Z,ACME\helpdesk1,ACME\mrivera,ticket_review,success,benign,routine identity administration
ACT-01520,2026-08-20T05:00:26Z,ACME\helpdesk1,ACME\svc_backup,ticket_review,success,benign,routine identity administration
ACT-00680,2026-08-20T05:04:37Z,ACME\helpdesk1,NT AUTHORITY\SYSTEM,ticket_review,success,benign,routine identity administration
ACT-00558,2026-08-20T05:06:26Z,ACME\helpdesk1,NT AUTHORITY\SYSTEM,ticket_review,success,benign,routine identity administration
ACT-01220,2026-08-20T05:10:24Z,ACME\helpdesk1,ACME\jsmith,ticket_review,success,benign,routine identity administration
ACT-00212,2026-08-20T05:13:38Z,ACME\helpdesk1,ACME\svc_backup,ticket_review,success,benign,routine identity administration
ACT-01550,2026-08-20T05:18:07Z,ACME\helpdesk1,ACME\svc_print,ticket_review,success,benign,routine identity administration
ACT-01264,2026-08-20T05:18:54Z,ACME\helpdesk1,NT AUTHORITY\SYSTEM,ticket_review,success,benign,routine identity administration
ACT-00295,2026-08-20T05:20:00Z,ACME\helpdesk1,ACME\svc_backup,ticket_review,success,benign,routine identity administration
ACT-00331,2026-08-20T05:26:32Z,ACME\helpdesk1,ACME\svc_backup,ticket_review,success,benign,routine identity administration
ACT-01244,2026-08-20T05:29:14Z,ACME\helpdesk1,NT AUTHORITY\SYSTEM,ticket_review,success,benign,routine identity administration
ACT-00455,2026-08-20T05:30:29Z,ACME\helpdesk1,ACME\svc_print,ticket_review,success,benign,routine identity administration
ACT-00156,2026-08-20T05:31:12Z,ACME\helpdesk1,ACME\svc_backup,ticket_review,success,benign,routine identity administration
ACT-00208,2026-08-20T05:33:02Z,ACME\helpdesk1,ACME\jsmith,ticket_review,success,benign,routine identity administration
ACT-00742,2026-08-20T05:36:10Z,ACME\helpdesk1,ACME\mrivera,ticket_review,success,benign,routine identity administration
ACT-01584,2026-08-20T05:47:19Z,ACME\helpdesk1,ACME\mrivera,ticket_review,success,benign,routine identity administration
ACT-00599,2026-08-20T05:47:51Z,ACME\helpdesk1,ACME\svc_print,ticket_review,success,benign,routine identity administration
ACT-00361,2026-08-20T05:56:57Z,ACME\helpdesk1,ACME\jsmith,ticket_review,success,benign,routine identity administration
ACT-01381,2026-08-20T06:01:52Z,ACME\helpdesk1,ACME\svc_print,ticket_review,success,benign,routine identity administration
ACT-01049,2026-08-20T06:03:00Z,ACME\helpdesk1,ACME\jsmith,ticket_review,success,benign,routine identity administration
ACT-00982,2026-08-20T06:09:53Z,ACME\helpdesk1,ACME\svc_print,ticket_review,success,benign,routine identity administration
ACT-01732,2026-08-20T06:14:19Z,ACME\helpdesk1,ACME\jsmith,ticket_review,success,benign,routine identity administration
ACT-01029,2026-08-20T06:20:24Z,ACME\helpdesk1,ACME\svc_print,ticket_review,success,benign,routine identity administration
ACT-00658,2026-08-20T06:20:38Z,ACME\helpdesk1,ACME\jsmith,ticket_review,success,benign,routine identity administration
ACT-00770,2026-08-20T06:35:21Z,ACME\helpdesk1,ACME\jsmith,ticket_review,success,benign,routine identity administration
ACT-01004,2026-08-20T06:38:31Z,ACME\helpdesk1,ACME\jsmith,ticket_review,success,benign,routine identity administration
ACT-01412,2026-08-20T06:45:35Z,ACME\helpdesk1,ACME\svc_backup,ticket_review,success,benign,routine identity administration
ACT-00405,2026-08-20T06:46:00Z,ACME\helpdesk1,ACME\svc_backup,ticket_review,success,benign,routine identity administration
ACT-00758,2026-08-20T06:50:06Z,ACME\helpdesk1,NT AUTHORITY\SYSTEM,ticket_review,success,benign,routine identity administration
ACT-00136,2026-08-20T06:53:18Z,ACME\helpdesk1,ACME\svc_backup,ticket_review,success,benign,routine identity administration
ACT-01690,2026-08-20T06:59:23Z,ACME\helpdesk1,ACME\svc_print,ticket_review,success,benign,routine identity administration
ACT-01617,2026-08-20T07:00:50Z,ACME\helpdesk1,ACME\svc_backup,ticket_review,success,benign,routine identity administration
ACT-00510,2026-08-20T07:08:02Z,ACME\helpdesk1,ACME\svc_print,ticket_review,success,benign,routine identity administration
ACT-01290,2026-08-20T07:08:38Z,ACME\helpdesk1,ACME\mrivera,ticket_review,success,benign,routine identity administration
ACT-01475,2026-08-20T07:16:52Z,ACME\helpdesk1,ACME\mrivera,ticket_review,success,benign,routine identity administration
ACT-00223,2026-08-20T07:21:29Z,ACME\helpdesk1,ACME\svc_backup,ticket_review,success,benign,routine identity administration
ACT-00822,2026-08-20T07:26:10Z,ACME\helpdesk1,ACME\svc_backup,ticket_review,success,benign,routine identity administration
ACT-01560,2026-08-20T07:28:37Z,ACME\helpdesk1,ACME\jsmith,ticket_review,success,benign,routine identity administration
ACT-00798,2026-08-20T07:34:11Z,ACME\helpdesk1,NT AUTHORITY\SYSTEM,ticket_review,success,benign,routine identity administration
ACT-01208,2026-08-20T07:39:24Z,ACME\helpdesk1,ACME\jsmith,ticket_review,success,benign,routine identity administration
ACT-00597,2026-08-20T07:40:34Z,ACME\helpdesk1,ACME\svc_backup,ticket_review,success,benign,routine identity administration
ACT-01779,2026-08-20T07:43:15Z,ACME\helpdesk1,ACME\svc_backup,ticket_review,success,benign,routine identity administration
ACT-00080,2026-08-20T07:44:19Z,ACME\helpdesk1,ACME\svc_print,ticket_review,success,benign,routine identity administration
ACT-01303,2026-08-20T07:48:45Z,ACME\helpdesk1,ACME\svc_print,ticket_review,success,benign,routine identity administration
ACT-01382,2026-08-20T07:54:11Z,ACME\helpdesk1,ACME\mrivera,ticket_review,success,benign,routine identity administration
ACT-01131,2026-08-20T07:58:09Z,ACME\helpdesk1,NT AUTHORITY\SYSTEM,ticket_review,success,benign,routine identity administration
ACT-01363,2026-08-20T08:01:39Z,ACME\helpdesk1,NT AUTHORITY\SYSTEM,ticket_review,success,benign,routine identity administration
ACT-00824,2026-08-20T08:03:16Z,ACME\helpdesk1,ACME\jsmith,ticket_review,success,benign,routine identity administration
ACT-00153,2026-08-20T08:07:04Z,ACME\helpdesk1,ACME\svc_print,ticket_review,success,benign,routine identity administration
ACT-00776,2026-08-20T08:15:06Z,ACME\helpdesk1,ACME\svc_backup,ticket_review,success,benign,routine identity administration
ACT-01488,2026-08-20T08:16:43Z,ACME\helpdesk1,ACME\jsmith,ticket_review,success,benign,routine identity administration
ACT-01660,2026-08-20T08:23:09Z,ACME\helpdesk1,NT AUTHORITY\SYSTEM,ticket_review,success,benign,routine identity administration
ACT-00665,2026-08-20T08:25:40Z,ACME\helpdesk1,ACME\mrivera,ticket_review,success,benign,routine identity administration
ACT-01748,2026-08-20T08:26:10Z,ACME\helpdesk1,ACME\jsmith,ticket_review,success,benign,routine identity administration
ACT-00554,2026-08-20T08:26:51Z,ACME\helpdesk1,ACME\svc_backup,ticket_review,success,benign,routine identity administration
ACT-00711,2026-08-20T08:33:36Z,ACME\helpdesk1,ACME\svc_print,ticket_review,success,benign,routine identity administration
ACT-01089,2026-08-20T08:35:30Z,ACME\helpdesk1,ACME\jsmith,ticket_review,success,benign,routine identity administration
ACT-01184,2026-08-20T08:39:18Z,ACME\helpdesk1,ACME\mrivera,ticket_review,success,benign,routine identity administration
ACT-01541,2026-08-20T08:53:54Z,ACME\helpdesk1,ACME\mrivera,ticket_review,success,benign,routine identity administration
ACT-00973,2026-08-20T08:56:44Z,ACME\helpdesk1,ACME\svc_print,ticket_review,success,benign,routine identity administration
ACT-00199,2026-08-20T09:01:51Z,ACME\helpdesk1,NT AUTHORITY\SYSTEM,ticket_review,success,benign,routine identity administration
ACT-00604,2026-08-20T09:04:12Z,ACME\helpdesk1,NT AUTHORITY\SYSTEM,ticket_review,success,benign,routine identity administration
ACT-00050,2026-08-20T09:16:46Z,ACME\helpdesk1,ACME\mrivera,ticket_review,success,benign,routine identity administration
ACT-01087,2026-08-20T09:23:56Z,ACME\helpdesk1,ACME\svc_print,ticket_review,success,benign,routine identity administration
ACT-01072,2026-08-20T09:26:57Z,ACME\helpdesk1,ACME\svc_print,ticket_review,success,benign,routine identity administration
ACT-00657,2026-08-20T09:27:50Z,ACME\helpdesk1,ACME\mrivera,ticket_review,success,benign,routine identity administration
ACT-00873,2026-08-20T09:29:39Z,ACME\helpdesk1,NT AUTHORITY\SYSTEM,ticket_review,success,benign,routine identity administration
ACT-00811,2026-08-20T09:32:10Z,ACME\helpdesk1,NT AUTHORITY\SYSTEM,ticket_review,success,benign,routine identity administration
ACT-01300,2026-08-20T09:54:20Z,ACME\helpdesk1,NT AUTHORITY\SYSTEM,ticket_review,success,benign,routine identity administration
ACT-01032,2026-08-20T09:59:56Z,ACME\helpdesk1,ACME\svc_backup,ticket_review,success,benign,routine identity administration
ACT-01473,2026-08-20T10:09:20Z,ACME\helpdesk1,NT AUTHORITY\SYSTEM,ticket_review,success,benign,routine identity administration
ACT-00875,2026-08-20T10:18:05Z,ACME\helpdesk1,NT AUTHORITY\SYSTEM,ticket_review,success,benign,routine identity administration
ACT-00579,2026-08-20T10:27:27Z,ACME\helpdesk1,NT AUTHORITY\SYSTEM,ticket_review,success,benign,routine identity administration
ACT-01139,2026-08-20T10:28:12Z,ACME\helpdesk1,ACME\svc_print,ticket_review,success,benign,routine identity administration
ACT-01751,2026-08-20T10:31:14Z,ACME\helpdesk1,NT AUTHORITY\SYSTEM,ticket_review,success,benign,routine identity administration
ACT-00182,2026-08-20T10:34:53Z,ACME\helpdesk1,NT AUTHORITY\SYSTEM,ticket_review,success,benign,routine identity administration
ACT-00768,2026-08-20T10:43:16Z,ACME\helpdesk1,ACME\jsmith,ticket_review,success,benign,routine identity administration
ACT-00792,2026-08-20T10:43:43Z,ACME\helpdesk1,NT AUTHORITY\SYSTEM,ticket_review,success,benign,routine identity administration
ACT-01674,2026-08-20T10:44:04Z,ACME\helpdesk1,ACME\jsmith,ticket_review,success,benign,routine identity administration
ACT-00648,2026-08-20T10:44:54Z,ACME\helpdesk1,ACME\svc_print,ticket_review,success,benign,routine identity administration
ACT-01704,2026-08-20T10:45:01Z,ACME\helpdesk1,ACME\svc_print,ticket_review,success,benign,routine identity administration
ACT-00782,2026-08-20T10:49:44Z,ACME\helpdesk1,ACME\svc_print,ticket_review,success,benign,routine identity administration
ACT-01439,2026-08-20T11:03:08Z,ACME\helpdesk1,ACME\svc_print,ticket_review,success,benign,routine identity administration
ACT-00150,2026-08-20T11:04:00Z,ACME\helpdesk1,ACME\mrivera,ticket_review,success,benign,routine identity administration
ACT-00079,2026-08-20T11:04:40Z,ACME\helpdesk1,ACME\svc_print,ticket_review,success,benign,routine identity administration
ACT-01316,2026-08-20T11:07:33Z,ACME\helpdesk1,ACME\svc_print,ticket_review,success,benign,routine identity administration
ACT-00667,2026-08-20T11:09:49Z,ACME\helpdesk1,ACME\mrivera,ticket_review,success,benign,routine identity administration
ACT-01470,2026-08-20T11:19:20Z,ACME\helpdesk1,ACME\jsmith,ticket_review,success,benign,routine identity administration
ACT-01580,2026-08-20T11:20:12Z,ACME\helpdesk1,ACME\svc_backup,ticket_review,success,benign,routine identity administration
ACT-00617,2026-08-20T11:26:33Z,ACME\helpdesk1,NT AUTHORITY\SYSTEM,ticket_review,success,benign,routine identity administration
ACT-01474,2026-08-20T11:36:52Z,ACME\helpdesk1,ACME\mrivera,ticket_review,success,benign,routine identity administration
ACT-00393,2026-08-20T11:41:58Z,ACME\helpdesk1,NT AUTHORITY\SYSTEM,ticket_review,success,benign,routine identity administration
ACT-00092,2026-08-20T11:46:43Z,ACME\helpdesk1,ACME\svc_print,ticket_review,success,benign,routine identity administration
ACT-00629,2026-08-20T11:46:50Z,ACME\helpdesk1,ACME\svc_backup,ticket_review,success,benign,routine identity administration
ACT-01212,2026-08-20T11:50:01Z,ACME\helpdesk1,ACME\jsmith,ticket_review,success,benign,routine identity administration
ACT-00660,2026-08-20T11:57:50Z,ACME\helpdesk1,ACME\svc_print,ticket_review,success,benign,routine identity administration
ACT-01676,2026-08-20T11:59:34Z,ACME\helpdesk1,NT AUTHORITY\SYSTEM,ticket_review,success,benign,routine identity administration
ACT-00314,2026-08-20T12:04:42Z,ACME\helpdesk1,ACME\svc_backup,ticket_review,success,benign,routine identity administration
ACT-00459,2026-08-20T12:16:13Z,ACME\helpdesk1,ACME\svc_print,ticket_review,success,benign,routine identity administration
ACT-01525,2026-08-20T12:18:33Z,ACME\helpdesk1,ACME\svc_print,ticket_review,success,benign,routine identity administration
ACT-01271,2026-08-20T12:23:17Z,ACME\helpdesk1,NT AUTHORITY\SYSTEM,ticket_review,success,benign,routine identity administration
ACT-00385,2026-08-20T12:30:05Z,ACME\helpdesk1,NT AUTHORITY\SYSTEM,ticket_review,success,benign,routine identity administration
ACT-00151,2026-08-20T12:36:23Z,ACME\helpdesk1,NT AUTHORITY\SYSTEM,ticket_review,success,benign,routine identity administration
ACT-01202,2026-08-20T12:39:06Z,ACME\helpdesk1,ACME\jsmith,ticket_review,success,benign,routine identity administration
ACT-01768,2026-08-20T12:50:06Z,ACME\helpdesk1,ACME\mrivera,ticket_review,success,benign,routine identity administration
ACT-01757,2026-08-20T12:54:50Z,ACME\helpdesk1,ACME\jsmith,ticket_review,success,benign,routine identity administration
ACT-00661,2026-08-20T12:59:33Z,ACME\helpdesk1,NT AUTHORITY\SYSTEM,ticket_review,success,benign,routine identity administration
ACT-00222,2026-08-20T13:06:42Z,ACME\helpdesk1,NT AUTHORITY\SYSTEM,ticket_review,success,benign,routine identity administration
ACT-01149,2026-08-20T13:11:01Z,ACME\helpdesk1,NT AUTHORITY\SYSTEM,ticket_review,success,benign,routine identity administration
ACT-00856,2026-08-20T13:16:37Z,ACME\helpdesk1,ACME\svc_print,ticket_review,success,benign,routine identity administration
ACT-00216,2026-08-20T13:17:07Z,ACME\helpdesk1,ACME\jsmith,ticket_review,success,benign,routine identity administration
ACT-00724,2026-08-20T13:22:10Z,ACME\helpdesk1,ACME\jsmith,ticket_review,success,benign,routine identity administration
ACT-00281,2026-08-20T13:24:31Z,ACME\helpdesk1,ACME\svc_backup,ticket_review,success,benign,routine identity administration
ACT-00931,2026-08-20T13:26:37Z,ACME\helpdesk1,ACME\mrivera,ticket_review,success,benign,routine identity administration
ACT-00087,2026-08-20T13:28:34Z,ACME\helpdesk1,ACME\svc_print,ticket_review,success,benign,routine identity administration
ACT-00034,2026-08-20T13:31:09Z,ACME\helpdesk1,ACME\svc_print,ticket_review,success,benign,routine identity administration
ACT-00659,2026-08-20T13:37:48Z,ACME\helpdesk1,NT AUTHORITY\SYSTEM,ticket_review,success,benign,routine identity administration
ACT-01750,2026-08-20T13:42:32Z,ACME\helpdesk1,ACME\svc_backup,ticket_review,success,benign,routine identity administration
ACT-00322,2026-08-20T13:43:18Z,ACME\helpdesk1,NT AUTHORITY\SYSTEM,ticket_review,success,benign,routine identity administration
ACT-00084,2026-08-20T13:44:40Z,ACME\helpdesk1,ACME\mrivera,ticket_review,success,benign,routine identity administration
ACT-00484,2026-08-20T13:47:50Z,ACME\helpdesk1,NT AUTHORITY\SYSTEM,ticket_review,success,benign,routine identity administration
ACT-01497,2026-08-20T13:54:42Z,ACME\helpdesk1,ACME\svc_print,ticket_review,success,benign,routine identity administration
ACT-01599,2026-08-20T13:54:45Z,ACME\helpdesk1,ACME\svc_print,ticket_review,success,benign,routine identity administration
ACT-00890,2026-08-20T13:56:34Z,ACME\helpdesk1,ACME\mrivera,ticket_review,success,benign,routine identity administration
ACT-00751,2026-08-20T13:57:05Z,ACME\helpdesk1,ACME\mrivera,ticket_review,success,benign,routine identity administration
ACT-01478,2026-08-20T13:58:05Z,ACME\helpdesk1,ACME\jsmith,ticket_review,success,benign,routine identity administration
ACT-01312,2026-08-20T14:11:11Z,ACME\helpdesk1,NT AUTHORITY\SYSTEM,ticket_review,success,benign,routine identity administration
ACT-01357,2026-08-20T14:18:26Z,ACME\helpdesk1,ACME\svc_backup,ticket_review,success,benign,routine identity administration
ACT-01234,2026-08-20T14:19:26Z,ACME\helpdesk1,ACME\svc_backup,ticket_review,success,benign,routine identity administration
ACT-00038,2026-08-20T14:20:24Z,ACME\helpdesk1,ACME\mrivera,ticket_review,success,benign,routine identity administration
ACT-01703,2026-08-20T14:22:42Z,ACME\helpdesk1,ACME\mrivera,ticket_review,success,benign,routine identity administration
ACT-01027,2026-08-20T14:37:56Z,ACME\helpdesk1,ACME\mrivera,ticket_review,success,benign,routine identity administration
ACT-00248,2026-08-20T14:39:26Z,ACME\helpdesk1,ACME\svc_backup,ticket_review,success,benign,routine identity administration
ACT-00968,2026-08-20T14:42:33Z,ACME\helpdesk1,ACME\svc_backup,ticket_review,success,benign,routine identity administration
ACT-00772,2026-08-20T14:45:41Z,ACME\helpdesk1,ACME\jsmith,ticket_review,success,benign,routine identity administration
ACT-00521,2026-08-20T14:50:32Z,ACME\helpdesk1,ACME\jsmith,ticket_review,success,benign,routine identity administration
ACT-00971,2026-08-20T14:59:15Z,ACME\helpdesk1,NT AUTHORITY\SYSTEM,ticket_review,success,benign,routine identity administration
ACT-00492,2026-08-20T15:01:52Z,ACME\helpdesk1,ACME\svc_backup,ticket_review,success,benign,routine identity administration
ACT-01064,2026-08-20T15:08:25Z,ACME\helpdesk1,ACME\svc_backup,ticket_review,success,benign,routine identity administration
ACT-01289,2026-08-20T15:10:03Z,ACME\helpdesk1,ACME\mrivera,ticket_review,success,benign,routine identity administration
ACT-01718,2026-08-20T15:10:10Z,ACME\helpdesk1,ACME\svc_backup,ticket_review,success,benign,routine identity administration
ACT-00441,2026-08-20T15:32:39Z,ACME\helpdesk1,NT AUTHORITY\SYSTEM,ticket_review,success,benign,routine identity administration
ACT-00626,2026-08-20T15:34:21Z,ACME\helpdesk1,ACME\svc_backup,ticket_review,success,benign,routine identity administration
ACT-00104,2026-08-20T15:36:24Z,ACME\helpdesk1,NT AUTHORITY\SYSTEM,ticket_review,success,benign,routine identity administration
ACT-01775,2026-08-20T15:41:09Z,ACME\helpdesk1,NT AUTHORITY\SYSTEM,ticket_review,success,benign,routine identity administration
ACT-00046,2026-08-20T15:51:55Z,ACME\helpdesk1,ACME\svc_print,ticket_review,success,benign,routine identity administration
ACT-01465,2026-08-20T15:57:25Z,ACME\helpdesk1,ACME\svc_print,ticket_review,success,benign,routine identity administration
ACT-01789,2026-08-20T16:00:42Z,ACME\helpdesk1,ACME\svc_print,ticket_review,success,benign,routine identity administration
ACT-00783,2026-08-20T16:06:01Z,ACME\helpdesk1,ACME\jsmith,ticket_review,success,benign,routine identity administration
ACT-01734,2026-08-20T16:08:19Z,ACME\helpdesk1,NT AUTHORITY\SYSTEM,ticket_review,success,benign,routine identity administration
ACT-00247,2026-08-20T16:10:02Z,ACME\helpdesk1,ACME\jsmith,ticket_review,success,benign,routine identity administration
ACT-00534,2026-08-20T16:11:47Z,ACME\helpdesk1,ACME\svc_print,ticket_review,success,benign,routine identity administration
ACT-00229,2026-08-20T16:16:27Z,ACME\helpdesk1,ACME\mrivera,ticket_review,success,benign,routine identity administration
ACT-01163,2026-08-20T16:19:11Z,ACME\helpdesk1,ACME\mrivera,ticket_review,success,benign,routine identity administration
ACT-00992,2026-08-20T16:20:42Z,ACME\helpdesk1,ACME\mrivera,ticket_review,success,benign,routine identity administration
ACT-00114,2026-08-20T16:28:52Z,ACME\helpdesk1,ACME\mrivera,ticket_review,success,benign,routine identity administration
ACT-01715,2026-08-20T16:29:49Z,ACME\helpdesk1,ACME\mrivera,ticket_review,success,benign,routine identity administration
ACT-00601,2026-08-20T16:37:11Z,ACME\helpdesk1,ACME\mrivera,ticket_review,success,benign,routine identity administration
ACT-00435,2026-08-20T16:38:12Z,ACME\helpdesk1,ACME\svc_backup,ticket_review,success,benign,routine identity administration
ACT-00794,2026-08-20T16:39:55Z,ACME\helpdesk1,ACME\jsmith,ticket_review,success,benign,routine identity administration
ACT-00871,2026-08-20T16:40:26Z,ACME\helpdesk1,ACME\svc_backup,ticket_review,success,benign,routine identity administration
ACT-00056,2026-08-20T16:46:03Z,ACME\helpdesk1,ACME\mrivera,ticket_review,success,benign,routine identity administration
ACT-01452,2026-08-20T16:51:10Z,ACME\helpdesk1,NT AUTHORITY\SYSTEM,ticket_review,success,benign,routine identity administration
ACT-00432,2026-08-20T16:52:18Z,ACME\helpdesk1,NT AUTHORITY\SYSTEM,ticket_review,success,benign,routine identity administration
ACT-01539,2026-08-20T16:54:39Z,ACME\helpdesk1,ACME\jsmith,ticket_review,success,benign,routine identity administration
ACT-01230,2026-08-20T16:58:32Z,ACME\helpdesk1,ACME\jsmith,ticket_review,success,benign,routine identity administration
ACT-01533,2026-08-20T17:04:03Z,ACME\helpdesk1,NT AUTHORITY\SYSTEM,ticket_review,success,benign,routine identity administration
ACT-01693,2026-08-20T17:07:52Z,ACME\helpdesk1,ACME\jsmith,ticket_review,success,benign,routine identity administration
ACT-00234,2026-08-20T17:13:12Z,ACME\helpdesk1,NT AUTHORITY\SYSTEM,ticket_review,success,benign,routine identity administration
ACT-00499,2026-08-20T17:15:03Z,ACME\helpdesk1,ACME\svc_backup,ticket_review,success,benign,routine identity administration
ACT-01661,2026-08-20T17:26:21Z,ACME\helpdesk1,ACME\jsmith,ticket_review,success,benign,routine identity administration
ACT-00880,2026-08-20T17:29:31Z,ACME\helpdesk1,ACME\jsmith,ticket_review,success,benign,routine identity administration
ACT-00622,2026-08-20T17:29:55Z,ACME\helpdesk1,ACME\svc_backup,ticket_review,success,benign,routine identity administration
ACT-00611,2026-08-20T17:39:13Z,ACME\helpdesk1,ACME\svc_print,ticket_review,success,benign,routine identity administration
ACT-01685,2026-08-20T17:41:48Z,ACME\helpdesk1,ACME\svc_print,ticket_review,success,benign,routine identity administration
ACT-00820,2026-08-20T17:51:02Z,ACME\helpdesk1,NT AUTHORITY\SYSTEM,ticket_review,success,benign,routine identity administration
ACT-00881,2026-08-20T17:59:36Z,ACME\helpdesk1,ACME\mrivera,ticket_review,success,benign,routine identity administration
ACT-01161,2026-08-20T18:09:48Z,ACME\helpdesk1,NT AUTHORITY\SYSTEM,ticket_review,success,benign,routine identity administration
ACT-00831,2026-08-20T18:12:21Z,ACME\helpdesk1,ACME\jsmith,ticket_review,success,benign,routine identity administration
ACT-00800,2026-08-20T18:15:21Z,ACME\helpdesk1,NT AUTHORITY\SYSTEM,ticket_review,success,benign,routine identity administration
ACT-00537,2026-08-20T18:21:11Z,ACME\helpdesk1,ACME\svc_backup,ticket_review,success,benign,routine identity administration
ACT-01362,2026-08-20T18:28:49Z,ACME\helpdesk1,ACME\jsmith,ticket_review,success,benign,routine identity administration
ACT-01196,2026-08-20T18:29:05Z,ACME\helpdesk1,ACME\mrivera,ticket_review,success,benign,routine identity administration
ACT-00785,2026-08-20T18:35:15Z,ACME\helpdesk1,NT AUTHORITY\SYSTEM,ticket_review,success,benign,routine identity administration
ACT-00376,2026-08-20T18:37:59Z,ACME\helpdesk1,ACME\svc_backup,ticket_review,success,benign,routine identity administration
ACT-00299,2026-08-20T18:46:51Z,ACME\helpdesk1,ACME\mrivera,ticket_review,success,benign,routine identity administration
ACT-01053,2026-08-20T18:46:55Z,ACME\helpdesk1,ACME\jsmith,ticket_review,success,benign,routine identity administration
ACT-00440,2026-08-20T18:54:47Z,ACME\helpdesk1,ACME\svc_backup,ticket_review,success,benign,routine identity administration
ACT-00901,2026-08-20T18:56:27Z,ACME\helpdesk1,ACME\svc_backup,ticket_review,success,benign,routine identity administration
ACT-00755,2026-08-20T18:57:46Z,ACME\helpdesk1,ACME\svc_print,ticket_review,success,benign,routine identity administration
ACT-00011,2026-08-20T19:01:24Z,ACME\helpdesk1,ACME\svc_backup,ticket_review,success,benign,routine identity administration
ACT-01576,2026-08-20T19:02:51Z,ACME\helpdesk1,ACME\svc_backup,ticket_review,success,benign,routine identity administration
ACT-01707,2026-08-20T19:05:04Z,ACME\helpdesk1,ACME\svc_print,ticket_review,success,benign,routine identity administration
ACT-00184,2026-08-20T19:06:07Z,ACME\helpdesk1,ACME\jsmith,ticket_review,success,benign,routine identity administration
ACT-00747,2026-08-20T19:07:28Z,ACME\helpdesk1,ACME\mrivera,ticket_review,success,benign,routine identity administration
ACT-00933,2026-08-20T19:09:32Z,ACME\helpdesk1,ACME\jsmith,ticket_review,success,benign,routine identity administration
ACT-00926,2026-08-20T19:10:25Z,ACME\helpdesk1,ACME\mrivera,ticket_review,success,benign,routine identity administration
ACT-00132,2026-08-20T19:17:31Z,ACME\helpdesk1,ACME\jsmith,ticket_review,success,benign,routine identity administration
ACT-00959,2026-08-20T19:22:22Z,ACME\helpdesk1,NT AUTHORITY\SYSTEM,ticket_review,success,benign,routine identity administration
ACT-00116,2026-08-20T19:27:14Z,ACME\helpdesk1,ACME\svc_backup,ticket_review,success,benign,routine identity administration
ACT-00505,2026-08-20T19:38:40Z,ACME\helpdesk1,NT AUTHORITY\SYSTEM,ticket_review,success,benign,routine identity administration
ACT-00672,2026-08-20T19:45:00Z,ACME\helpdesk1,NT AUTHORITY\SYSTEM,ticket_review,success,benign,routine identity administration
ACT-00304,2026-08-20T19:49:56Z,ACME\helpdesk1,ACME\svc_backup,ticket_review,success,benign,routine identity administration
ACT-01328,2026-08-20T19:52:36Z,ACME\helpdesk1,ACME\mrivera,ticket_review,success,benign,routine identity administration
ACT-01061,2026-08-20T19:59:42Z,ACME\helpdesk1,ACME\svc_backup,ticket_review,success,benign,routine identity administration
ACT-01733,2026-08-20T20:02:27Z,ACME\helpdesk1,ACME\svc_backup,ticket_review,success,benign,routine identity administration
ACT-01036,2026-08-20T20:04:29Z,ACME\helpdesk1,ACME\mrivera,ticket_review,success,benign,routine identity administration
ACT-00479,2026-08-20T20:05:00Z,ACME\helpdesk1,ACME\jsmith,ticket_review,success,benign,routine identity administration
ACT-01765,2026-08-20T20:05:25Z,ACME\helpdesk1,ACME\svc_backup,ticket_review,success,benign,routine identity administration
ACT-01552,2026-08-20T20:06:16Z,ACME\helpdesk1,ACME\svc_backup,ticket_review,success,benign,routine identity administration
ACT-00633,2026-08-20T20:16:57Z,ACME\helpdesk1,ACME\svc_backup,ticket_review,success,benign,routine identity administration
ACT-00713,2026-08-20T20:26:22Z,ACME\helpdesk1,ACME\svc_print,ticket_review,success,benign,routine identity administration
ACT-00062,2026-08-20T20:26:40Z,ACME\helpdesk1,ACME\mrivera,ticket_review,success,benign,routine identity administration
ACT-00373,2026-08-20T20:30:49Z,ACME\helpdesk1,NT AUTHORITY\SYSTEM,ticket_review,success,benign,routine identity administration
ACT-01754,2026-08-20T20:34:03Z,ACME\helpdesk1,ACME\mrivera,ticket_review,success,benign,routine identity administration
ACT-01035,2026-08-20T20:38:07Z,ACME\helpdesk1,ACME\jsmith,ticket_review,success,benign,routine identity administration
ACT-00671,2026-08-20T20:44:04Z,ACME\helpdesk1,ACME\svc_print,ticket_review,success,benign,routine identity administration
ACT-00024,2026-08-20T20:46:50Z,ACME\helpdesk1,ACME\mrivera,ticket_review,success,benign,routine identity administration
ACT-01403,2026-08-20T20:51:02Z,ACME\helpdesk1,ACME\mrivera,ticket_review,success,benign,routine identity administration
ACT-01175,2026-08-20T20:59:04Z,ACME\helpdesk1,ACME\jsmith,ticket_review,success,benign,routine identity administration
ACT-00815,2026-08-20T21:00:48Z,ACME\helpdesk1,ACME\mrivera,ticket_review,success,benign,routine identity administration
ACT-00433,2026-08-20T21:05:42Z,ACME\helpdesk1,NT AUTHORITY\SYSTEM,ticket_review,success,benign,routine identity administration
ACT-01017,2026-08-20T21:07:36Z,ACME\helpdesk1,ACME\jsmith,ticket_review,success,benign,routine identity administration
ACT-01400,2026-08-20T21:08:47Z,ACME\helpdesk1,ACME\jsmith,ticket_review,success,benign,routine identity administration
ACT-01268,2026-08-20T21:13:38Z,ACME\helpdesk1,ACME\jsmith,ticket_review,success,benign,routine identity administration
ACT-01018,2026-08-20T21:24:22Z,ACME\helpdesk1,ACME\mrivera,ticket_review,success,benign,routine identity administration
ACT-00898,2026-08-20T21:27:28Z,ACME\helpdesk1,NT AUTHORITY\SYSTEM,ticket_review,success,benign,routine identity administration
ACT-01710,2026-08-20T21:28:41Z,ACME\helpdesk1,ACME\svc_backup,ticket_review,success,benign,routine identity administration
ACT-00666,2026-08-20T21:37:27Z,ACME\helpdesk1,ACME\svc_backup,ticket_review,success,benign,routine identity administration
ACT-00091,2026-08-20T21:46:48Z,ACME\helpdesk1,ACME\jsmith,ticket_review,success,benign,routine identity administration
ACT-00319,2026-08-20T21:47:08Z,ACME\helpdesk1,ACME\svc_backup,ticket_review,success,benign,routine identity administration
ACT-00816,2026-08-20T21:48:17Z,ACME\helpdesk1,ACME\jsmith,ticket_review,success,benign,routine identity administration
ACT-00868,2026-08-20T21:51:08Z,ACME\helpdesk1,NT AUTHORITY\SYSTEM,ticket_review,success,benign,routine identity administration
ACT-01711,2026-08-20T21:53:15Z,ACME\helpdesk1,ACME\mrivera,ticket_review,success,benign,routine identity administration
ACT-01386,2026-08-20T22:07:05Z,ACME\helpdesk1,NT AUTHORITY\SYSTEM,ticket_review,success,benign,routine identity administration
ACT-00910,2026-08-20T22:08:02Z,ACME\helpdesk1,ACME\svc_backup,ticket_review,success,benign,routine identity administration
ACT-01364,2026-08-20T22:09:30Z,ACME\helpdesk1,ACME\mrivera,ticket_review,success,benign,routine identity administration
ACT-01605,2026-08-20T22:11:17Z,ACME\helpdesk1,ACME\jsmith,ticket_review,success,benign,routine identity administration
ACT-01696,2026-08-20T22:12:27Z,ACME\helpdesk1,ACME\svc_print,ticket_review,success,benign,routine identity administration
ACT-00028,2026-08-20T22:15:03Z,ACME\helpdesk1,ACME\svc_backup,ticket_review,success,benign,routine identity administration
ACT-01556,2026-08-20T22:16:30Z,ACME\helpdesk1,ACME\svc_backup,ticket_review,success,benign,routine identity administration
ACT-01609,2026-08-20T22:21:36Z,ACME\helpdesk1,ACME\svc_print,ticket_review,success,benign,routine identity administration
ACT-01359,2026-08-20T22:23:02Z,ACME\helpdesk1,ACME\svc_backup,ticket_review,success,benign,routine identity administration
ACT-01784,2026-08-20T22:27:30Z,ACME\helpdesk1,ACME\mrivera,ticket_review,success,benign,routine identity administration
ACT-01644,2026-08-20T22:31:46Z,ACME\helpdesk1,ACME\svc_backup,ticket_review,success,benign,routine identity administration
ACT-00392,2026-08-20T22:32:04Z,ACME\helpdesk1,ACME\mrivera,ticket_review,success,benign,routine identity administration
ACT-00426,2026-08-20T22:34:27Z,ACME\helpdesk1,ACME\jsmith,ticket_review,success,benign,routine identity administration
ACT-01574,2026-08-20T22:43:46Z,ACME\helpdesk1,ACME\jsmith,ticket_review,success,benign,routine identity administration
ACT-01074,2026-08-20T23:00:02Z,ACME\helpdesk1,ACME\svc_print,ticket_review,success,benign,routine identity administration
ACT-01355,2026-08-20T23:06:56Z,ACME\helpdesk1,NT AUTHORITY\SYSTEM,ticket_review,success,benign,routine identity administration
ACT-01349,2026-08-20T23:14:37Z,ACME\helpdesk1,ACME\jsmith,ticket_review,success,benign,routine identity administration
ACT-01569,2026-08-20T23:21:29Z,ACME\helpdesk1,NT AUTHORITY\SYSTEM,ticket_review,success,benign,routine identity administration
ACT-01501,2026-08-20T23:26:14Z,ACME\helpdesk1,NT AUTHORITY\SYSTEM,ticket_review,success,benign,routine identity administration
ACT-01485,2026-08-20T23:26:30Z,ACME\helpdesk1,ACME\svc_print,ticket_review,success,benign,routine identity administration
ACT-01242,2026-08-20T23:27:54Z,ACME\helpdesk1,ACME\svc_backup,ticket_review,success,benign,routine identity administration
ACT-01266,2026-08-20T23:29:31Z,ACME\helpdesk1,ACME\svc_print,ticket_review,success,benign,routine identity administration
ACT-01098,2026-08-20T23:32:56Z,ACME\helpdesk1,ACME\svc_backup,ticket_review,success,benign,routine identity administration
ACT-01426,2026-08-20T23:33:31Z,ACME\helpdesk1,ACME\mrivera,ticket_review,success,benign,routine identity administration
ACT-00358,2026-08-20T23:34:52Z,ACME\helpdesk1,ACME\svc_print,ticket_review,success,benign,routine identity administration
ACT-01692,2026-08-20T23:38:49Z,ACME\helpdesk1,ACME\mrivera,ticket_review,success,benign,routine identity administration
ACT-00258,2026-08-20T23:41:11Z,ACME\helpdesk1,ACME\svc_backup,ticket_review,success,benign,routine identity administration
ACT-01056,2026-08-20T23:42:32Z,ACME\helpdesk1,ACME\svc_backup,ticket_review,success,benign,routine identity administration
ACT-00454,2026-08-20T23:45:51Z,ACME\helpdesk1,NT AUTHORITY\SYSTEM,ticket_review,success,benign,routine identity administration
ACT-01115,2026-08-20T23:51:38Z,ACME\helpdesk1,ACME\svc_backup,ticket_review,success,benign,routine identity administration
ACT-00437,2026-08-21T00:07:20Z,ACME\helpdesk1,ACME\jsmith,ticket_review,success,benign,routine identity administration
ACT-01002,2026-08-21T00:09:17Z,ACME\helpdesk1,ACME\svc_backup,ticket_review,success,benign,routine identity administration
ACT-01766,2026-08-21T00:10:26Z,ACME\helpdesk1,ACME\mrivera,ticket_review,success,benign,routine identity administration
ACT-00643,2026-08-21T00:13:32Z,ACME\helpdesk1,ACME\svc_backup,ticket_review,success,benign,routine identity administration
ACT-00298,2026-08-21T00:16:12Z,ACME\helpdesk1,ACME\svc_backup,ticket_review,success,benign,routine identity administration
ACT-00911,2026-08-21T00:18:52Z,ACME\helpdesk1,ACME\mrivera,ticket_review,success,benign,routine identity administration
ACT-01396,2026-08-21T00:19:44Z,ACME\helpdesk1,ACME\svc_backup,ticket_review,success,benign,routine identity administration
ACT-01194,2026-08-21T00:24:04Z,ACME\helpdesk1,ACME\jsmith,ticket_review,success,benign,routine identity administration
ACT-01200,2026-08-21T00:24:05Z,ACME\helpdesk1,ACME\mrivera,ticket_review,success,benign,routine identity administration
ACT-01549,2026-08-21T00:26:31Z,ACME\helpdesk1,ACME\svc_backup,ticket_review,success,benign,routine identity administration
ACT-00124,2026-08-21T00:27:42Z,ACME\helpdesk1,ACME\jsmith,ticket_review,success,benign,routine identity administration
ACT-00940,2026-08-21T00:27:56Z,ACME\helpdesk1,ACME\svc_backup,ticket_review,success,benign,routine identity administration
ACT-00175,2026-08-21T00:29:26Z,ACME\helpdesk1,NT AUTHORITY\SYSTEM,ticket_review,success,benign,routine identity administration
ACT-00790,2026-08-21T00:29:30Z,ACME\helpdesk1,ACME\jsmith,ticket_review,success,benign,routine identity administration
ACT-00767,2026-08-21T00:31:15Z,ACME\helpdesk1,ACME\svc_print,ticket_review,success,benign,routine identity administration
ACT-01383,2026-08-21T00:31:15Z,ACME\helpdesk1,ACME\svc_print,ticket_review,success,benign,routine identity administration
ACT-00955,2026-08-21T00:33:10Z,ACME\helpdesk1,NT AUTHORITY\SYSTEM,ticket_review,success,benign,routine identity administration
ACT-00513,2026-08-21T00:35:00Z,ACME\helpdesk1,ACME\svc_print,ticket_review,success,benign,routine identity administration
ACT-01181,2026-08-21T00:44:46Z,ACME\helpdesk1,ACME\jsmith,ticket_review,success,benign,routine identity administration
ACT-00401,2026-08-21T00:44:58Z,ACME\helpdesk1,NT AUTHORITY\SYSTEM,ticket_review,success,benign,routine identity administration
ACT-00085,2026-08-21T00:47:36Z,ACME\helpdesk1,NT AUTHORITY\SYSTEM,ticket_review,success,benign,routine identity administration
ACT-01059,2026-08-21T00:47:46Z,ACME\helpdesk1,ACME\svc_print,ticket_review,success,benign,routine identity administration
ACT-00572,2026-08-21T00:53:12Z,ACME\helpdesk1,ACME\svc_print,ticket_review,success,benign,routine identity administration
ACT-00924,2026-08-21T00:55:27Z,ACME\helpdesk1,ACME\svc_print,ticket_review,success,benign,routine identity administration
ACT-01155,2026-08-21T01:04:47Z,ACME\helpdesk1,NT AUTHORITY\SYSTEM,ticket_review,success,benign,routine identity administration
ACT-00172,2026-08-21T01:05:42Z,ACME\helpdesk1,ACME\jsmith,ticket_review,success,benign,routine identity administration
ACT-00019,2026-08-21T01:08:10Z,ACME\helpdesk1,ACME\svc_print,ticket_review,success,benign,routine identity administration
ACT-00090,2026-08-21T01:22:57Z,ACME\helpdesk1,NT AUTHORITY\SYSTEM,ticket_review,success,benign,routine identity administration
ACT-01243,2026-08-21T01:26:00Z,ACME\helpdesk1,ACME\svc_print,ticket_review,success,benign,routine identity administration
ACT-01323,2026-08-21T01:26:15Z,ACME\helpdesk1,ACME\svc_backup,ticket_review,success,benign,routine identity administration
ACT-01695,2026-08-21T01:39:50Z,ACME\helpdesk1,ACME\mrivera,ticket_review,success,benign,routine identity administration
ACT-01121,2026-08-21T01:42:42Z,ACME\helpdesk1,ACME\jsmith,ticket_review,success,benign,routine identity administration
ACT-00840,2026-08-21T01:44:01Z,ACME\helpdesk1,ACME\svc_backup,ticket_review,success,benign,routine identity administration
ACT-00642,2026-08-21T01:48:54Z,ACME\helpdesk1,ACME\svc_print,ticket_review,success,benign,routine identity administration
ACT-00752,2026-08-21T01:50:44Z,ACME\helpdesk1,ACME\mrivera,ticket_review,success,benign,routine identity administration
ACT-00866,2026-08-21T01:52:00Z,ACME\helpdesk1,ACME\jsmith,ticket_review,success,benign,routine identity administration
ACT-00027,2026-08-21T01:53:45Z,ACME\helpdesk1,ACME\jsmith,ticket_review,success,benign,routine identity administration
ACT-01108,2026-08-21T01:59:32Z,ACME\helpdesk1,ACME\svc_print,ticket_review,success,benign,routine identity administration
ACT-00995,2026-08-21T02:03:49Z,ACME\helpdesk1,NT AUTHORITY\SYSTEM,ticket_review,success,benign,routine identity administration
ACT-01085,2026-08-21T02:07:16Z,ACME\helpdesk1,NT AUTHORITY\SYSTEM,ticket_review,success,benign,routine identity administration
ACT-01213,2026-08-21T02:08:06Z,ACME\helpdesk1,ACME\mrivera,ticket_review,success,benign,routine identity administration
ACT-01404,2026-08-21T02:10:44Z,ACME\helpdesk1,ACME\mrivera,ticket_review,success,benign,routine identity administration
ACT-01731,2026-08-21T02:13:14Z,ACME\helpdesk1,ACME\mrivera,ticket_review,success,benign,routine identity administration
ACT-01623,2026-08-21T02:16:56Z,ACME\helpdesk1,NT AUTHORITY\SYSTEM,ticket_review,success,benign,routine identity administration
ACT-01589,2026-08-21T02:27:08Z,ACME\helpdesk1,NT AUTHORITY\SYSTEM,ticket_review,success,benign,routine identity administration
ACT-00378,2026-08-21T02:29:20Z,ACME\helpdesk1,ACME\mrivera,ticket_review,success,benign,routine identity administration
ACT-00232,2026-08-21T02:29:24Z,ACME\helpdesk1,ACME\svc_print,ticket_review,success,benign,routine identity administration
ACT-00731,2026-08-21T02:31:53Z,ACME\helpdesk1,NT AUTHORITY\SYSTEM,ticket_review,success,benign,routine identity administration
ACT-01226,2026-08-21T02:35:41Z,ACME\helpdesk1,NT AUTHORITY\SYSTEM,ticket_review,success,benign,routine identity administration
ACT-00377,2026-08-21T02:35:43Z,ACME\helpdesk1,NT AUTHORITY\SYSTEM,ticket_review,success,benign,routine identity administration
ACT-01643,2026-08-21T02:35:57Z,ACME\helpdesk1,ACME\mrivera,ticket_review,success,benign,routine identity administration
ACT-00436,2026-08-21T02:37:28Z,ACME\helpdesk1,NT AUTHORITY\SYSTEM,ticket_review,success,benign,routine identity administration
ACT-00722,2026-08-21T02:40:06Z,ACME\helpdesk1,NT AUTHORITY\SYSTEM,ticket_review,success,benign,routine identity administration
ACT-00969,2026-08-21T02:46:20Z,ACME\helpdesk1,NT AUTHORITY\SYSTEM,ticket_review,success,benign,routine identity administration
ACT-01026,2026-08-21T02:48:44Z,ACME\helpdesk1,ACME\mrivera,ticket_review,success,benign,routine identity administration
ACT-00732,2026-08-21T02:52:02Z,ACME\helpdesk1,NT AUTHORITY\SYSTEM,ticket_review,success,benign,routine identity administration
ACT-00575,2026-08-21T02:53:08Z,ACME\helpdesk1,ACME\svc_backup,ticket_review,success,benign,routine identity administration
ACT-01351,2026-08-21T02:54:52Z,ACME\helpdesk1,ACME\svc_backup,ticket_review,success,benign,routine identity administration
ACT-00140,2026-08-21T02:58:13Z,ACME\helpdesk1,ACME\mrivera,ticket_review,success,benign,routine identity administration
ACT-01275,2026-08-21T03:05:27Z,ACME\helpdesk1,ACME\svc_print,ticket_review,success,benign,routine identity administration
ACT-01347,2026-08-21T03:28:08Z,ACME\helpdesk1,ACME\mrivera,ticket_review,success,benign,routine identity administration
ACT-00399,2026-08-21T03:28:56Z,ACME\helpdesk1,ACME\svc_backup,ticket_review,success,benign,routine identity administration
ACT-01132,2026-08-21T03:34:59Z,ACME\helpdesk1,NT AUTHORITY\SYSTEM,ticket_review,success,benign,routine identity administration
ACT-00836,2026-08-21T03:38:22Z,ACME\helpdesk1,ACME\mrivera,ticket_review,success,benign,routine identity administration
ACT-00339,2026-08-21T03:42:44Z,ACME\helpdesk1,ACME\jsmith,ticket_review,success,benign,routine identity administration
ACT-01197,2026-08-21T03:49:37Z,ACME\helpdesk1,ACME\svc_backup,ticket_review,success,benign,routine identity administration
ACT-01269,2026-08-21T03:50:01Z,ACME\helpdesk1,NT AUTHORITY\SYSTEM,ticket_review,success,benign,routine identity administration
ACT-01354,2026-08-21T03:50:21Z,ACME\helpdesk1,ACME\jsmith,ticket_review,success,benign,routine identity administration
ACT-00769,2026-08-21T03:52:29Z,ACME\helpdesk1,NT AUTHORITY\SYSTEM,ticket_review,success,benign,routine identity administration
ACT-00506,2026-08-21T03:58:14Z,ACME\helpdesk1,ACME\jsmith,ticket_review,success,benign,routine identity administration
ACT-00189,2026-08-21T04:01:12Z,ACME\helpdesk1,ACME\jsmith,ticket_review,success,benign,routine identity administration
ACT-00771,2026-08-21T04:02:18Z,ACME\helpdesk1,ACME\mrivera,ticket_review,success,benign,routine identity administration
ACT-00548,2026-08-21T04:04:09Z,ACME\helpdesk1,ACME\svc_backup,ticket_review,success,benign,routine identity administration
ACT-01221,2026-08-21T04:04:20Z,ACME\helpdesk1,ACME\svc_backup,ticket_review,success,benign,routine identity administration
ACT-00022,2026-08-21T04:15:35Z,ACME\helpdesk1,ACME\svc_backup,ticket_review,success,benign,routine identity administration
ACT-00345,2026-08-21T04:16:16Z,ACME\helpdesk1,ACME\svc_backup,ticket_review,success,benign,routine identity administration
ACT-00923,2026-08-21T04:16:30Z,ACME\helpdesk1,ACME\svc_backup,ticket_review,success,benign,routine identity administration
ACT-00787,2026-08-21T04:20:56Z,ACME\helpdesk1,ACME\mrivera,ticket_review,success,benign,routine identity administration
ACT-00561,2026-08-21T04:23:12Z,ACME\helpdesk1,ACME\svc_backup,ticket_review,success,benign,routine identity administration
ACT-00937,2026-08-21T04:25:52Z,ACME\helpdesk1,NT AUTHORITY\SYSTEM,ticket_review,success,benign,routine identity administration
ACT-01610,2026-08-21T04:26:58Z,ACME\helpdesk1,ACME\svc_print,ticket_review,success,benign,routine identity administration
ACT-01494,2026-08-21T04:30:18Z,ACME\helpdesk1,ACME\mrivera,ticket_review,success,benign,routine identity administration
ACT-00431,2026-08-21T04:33:45Z,ACME\helpdesk1,NT AUTHORITY\SYSTEM,ticket_review,success,benign,routine identity administration
ACT-00756,2026-08-21T04:36:53Z,ACME\helpdesk1,ACME\svc_print,ticket_review,success,benign,routine identity administration
ACT-01454,2026-08-21T04:45:30Z,ACME\helpdesk1,ACME\jsmith,ticket_review,success,benign,routine identity administration
ACT-01270,2026-08-21T04:45:57Z,ACME\helpdesk1,ACME\jsmith,ticket_review,success,benign,routine identity administration
ACT-00058,2026-08-21T04:55:35Z,ACME\helpdesk1,NT AUTHORITY\SYSTEM,ticket_review,success,benign,routine identity administration
ACT-01100,2026-08-21T04:55:51Z,ACME\helpdesk1,NT AUTHORITY\SYSTEM,ticket_review,success,benign,routine identity administration
ACT-00238,2026-08-21T05:00:44Z,ACME\helpdesk1,ACME\mrivera,ticket_review,success,benign,routine identity administration
ACT-00274,2026-08-21T05:00:54Z,ACME\helpdesk1,NT AUTHORITY\SYSTEM,ticket_review,success,benign,routine identity administration
ACT-01365,2026-08-21T05:09:52Z,ACME\helpdesk1,ACME\mrivera,ticket_review,success,benign,routine identity administration
ACT-00002,2026-08-21T05:09:53Z,ACME\helpdesk1,ACME\jsmith,ticket_review,success,benign,routine identity administration
ACT-01343,2026-08-21T05:14:11Z,ACME\helpdesk1,ACME\svc_backup,ticket_review,success,benign,routine identity administration
ACT-00753,2026-08-21T05:23:22Z,ACME\helpdesk1,NT AUTHORITY\SYSTEM,ticket_review,success,benign,routine identity administration
ACT-01153,2026-08-21T05:27:47Z,ACME\helpdesk1,ACME\mrivera,ticket_review,success,benign,routine identity administration
ACT-01647,2026-08-21T05:31:36Z,ACME\helpdesk1,NT AUTHORITY\SYSTEM,ticket_review,success,benign,routine identity administration
ACT-00040,2026-08-21T05:35:28Z,ACME\helpdesk1,NT AUTHORITY\SYSTEM,ticket_review,success,benign,routine identity administration
ACT-01646,2026-08-21T05:39:12Z,ACME\helpdesk1,ACME\svc_backup,ticket_review,success,benign,routine identity administration
ACT-01258,2026-08-21T05:47:03Z,ACME\helpdesk1,ACME\svc_backup,ticket_review,success,benign,routine identity administration
ACT-01313,2026-08-21T05:47:43Z,ACME\helpdesk1,ACME\svc_print,ticket_review,success,benign,routine identity administration
ACT-01466,2026-08-21T05:48:22Z,ACME\helpdesk1,NT AUTHORITY\SYSTEM,ticket_review,success,benign,routine identity administration
ACT-00224,2026-08-21T05:48:28Z,ACME\helpdesk1,ACME\svc_print,ticket_review,success,benign,routine identity administration
ACT-01065,2026-08-21T05:51:21Z,ACME\helpdesk1,NT AUTHORITY\SYSTEM,ticket_review,success,benign,routine identity administration
ACT-00715,2026-08-21T05:51:55Z,ACME\helpdesk1,ACME\svc_print,ticket_review,success,benign,routine identity administration
ACT-01534,2026-08-21T05:56:25Z,ACME\helpdesk1,ACME\jsmith,ticket_review,success,benign,routine identity administration
ACT-01743,2026-08-21T06:02:32Z,ACME\helpdesk1,ACME\svc_backup,ticket_review,success,benign,routine identity administration
ACT-00586,2026-08-21T06:18:25Z,ACME\helpdesk1,NT AUTHORITY\SYSTEM,ticket_review,success,benign,routine identity administration
ACT-00012,2026-08-21T06:22:43Z,ACME\helpdesk1,ACME\svc_backup,ticket_review,success,benign,routine identity administration
ACT-01114,2026-08-21T06:24:05Z,ACME\helpdesk1,NT AUTHORITY\SYSTEM,ticket_review,success,benign,routine identity administration
ACT-00365,2026-08-21T06:28:35Z,ACME\helpdesk1,ACME\svc_print,ticket_review,success,benign,routine identity administration
ACT-00390,2026-08-21T06:34:07Z,ACME\helpdesk1,ACME\svc_print,ticket_review,success,benign,routine identity administration
ACT-01397,2026-08-21T06:37:53Z,ACME\helpdesk1,ACME\svc_backup,ticket_review,success,benign,routine identity administration
ACT-00001,2026-08-21T06:41:34Z,ACME\helpdesk1,ACME\svc_print,ticket_review,success,benign,routine identity administration
ACT-01608,2026-08-21T06:44:28Z,ACME\helpdesk1,ACME\svc_backup,ticket_review,success,benign,routine identity administration
ACT-01204,2026-08-21T06:49:05Z,ACME\helpdesk1,ACME\jsmith,ticket_review,success,benign,routine identity administration
ACT-01111,2026-08-21T06:55:56Z,ACME\helpdesk1,ACME\mrivera,ticket_review,success,benign,routine identity administration
ACT-00562,2026-08-21T06:57:08Z,ACME\helpdesk1,ACME\svc_print,ticket_review,success,benign,routine identity administration
ACT-00837,2026-08-21T06:57:33Z,ACME\helpdesk1,NT AUTHORITY\SYSTEM,ticket_review,success,benign,routine identity administration
ACT-01524,2026-08-21T06:58:58Z,ACME\helpdesk1,ACME\svc_print,ticket_review,success,benign,routine identity administration
ACT-00095,2026-08-21T07:08:06Z,ACME\helpdesk1,ACME\jsmith,ticket_review,success,benign,routine identity administration
ACT-01291,2026-08-21T07:08:28Z,ACME\helpdesk1,NT AUTHORITY\SYSTEM,ticket_review,success,benign,routine identity administration
ACT-01506,2026-08-21T07:12:12Z,ACME\helpdesk1,ACME\jsmith,ticket_review,success,benign,routine identity administration
ACT-00164,2026-08-21T07:15:12Z,ACME\helpdesk1,ACME\jsmith,ticket_review,success,benign,routine identity administration
ACT-00949,2026-08-21T07:16:44Z,ACME\helpdesk1,ACME\mrivera,ticket_review,success,benign,routine identity administration
ACT-00843,2026-08-21T07:20:06Z,ACME\helpdesk1,ACME\mrivera,ticket_review,success,benign,routine identity administration
ACT-01505,2026-08-21T07:21:46Z,ACME\helpdesk1,NT AUTHORITY\SYSTEM,ticket_review,success,benign,routine identity administration
ACT-01712,2026-08-21T07:24:08Z,ACME\helpdesk1,ACME\svc_print,ticket_review,success,benign,routine identity administration
ACT-01148,2026-08-21T07:32:08Z,ACME\helpdesk1,ACME\jsmith,ticket_review,success,benign,routine identity administration
ACT-01546,2026-08-21T07:33:25Z,ACME\helpdesk1,ACME\mrivera,ticket_review,success,benign,routine identity administration
ACT-00582,2026-08-21T07:34:07Z,ACME\helpdesk1,ACME\svc_backup,ticket_review,success,benign,routine identity administration
ACT-01564,2026-08-21T07:36:11Z,ACME\helpdesk1,ACME\jsmith,ticket_review,success,benign,routine identity administration
ACT-00476,2026-08-21T07:37:15Z,ACME\helpdesk1,NT AUTHORITY\SYSTEM,ticket_review,success,benign,routine identity administration
ACT-00083,2026-08-21T07:40:08Z,ACME\helpdesk1,ACME\svc_print,ticket_review,success,benign,routine identity administration
ACT-00483,2026-08-21T07:43:01Z,ACME\helpdesk1,ACME\svc_backup,ticket_review,success,benign,routine identity administration
ACT-00583,2026-08-21T07:43:21Z,ACME\helpdesk1,ACME\svc_print,ticket_review,success,benign,routine identity administration
ACT-01595,2026-08-21T07:45:16Z,ACME\helpdesk1,NT AUTHORITY\SYSTEM,ticket_review,success,benign,routine identity administration
ACT-01727,2026-08-21T07:49:05Z,ACME\helpdesk1,ACME\mrivera,ticket_review,success,benign,routine identity administration
ACT-00047,2026-08-21T07:50:16Z,ACME\helpdesk1,NT AUTHORITY\SYSTEM,ticket_review,success,benign,routine identity administration
ACT-00675,2026-08-21T07:50:29Z,ACME\helpdesk1,ACME\svc_backup,ticket_review,success,benign,routine identity administration
ACT-00311,2026-08-21T07:51:16Z,ACME\helpdesk1,ACME\svc_backup,ticket_review,success,benign,routine identity administration
ACT-01028,2026-08-21T07:55:12Z,ACME\helpdesk1,ACME\svc_print,ticket_review,success,benign,routine identity administration
ACT-00564,2026-08-21T07:57:49Z,ACME\helpdesk1,ACME\svc_backup,ticket_review,success,benign,routine identity administration
ACT-01445,2026-08-21T08:02:02Z,ACME\helpdesk1,ACME\svc_print,ticket_review,success,benign,routine identity administration
ACT-00827,2026-08-21T08:05:59Z,ACME\helpdesk1,ACME\jsmith,ticket_review,success,benign,routine identity administration
ACT-01596,2026-08-21T08:06:49Z,ACME\helpdesk1,NT AUTHORITY\SYSTEM,ticket_review,success,benign,routine identity administration
ACT-01746,2026-08-21T08:07:57Z,ACME\helpdesk1,ACME\svc_print,ticket_review,success,benign,routine identity administration
ACT-00039,2026-08-21T08:12:24Z,ACME\helpdesk1,NT AUTHORITY\SYSTEM,ticket_review,success,benign,routine identity administration
ACT-01388,2026-08-21T08:12:36Z,ACME\helpdesk1,ACME\mrivera,ticket_review,success,benign,routine identity administration
ACT-00953,2026-08-21T08:13:56Z,ACME\helpdesk1,ACME\mrivera,ticket_review,success,benign,routine identity administration
ACT-00577,2026-08-21T08:14:35Z,ACME\helpdesk1,ACME\jsmith,ticket_review,success,benign,routine identity administration
ACT-01764,2026-08-21T08:23:47Z,ACME\helpdesk1,ACME\mrivera,ticket_review,success,benign,routine identity administration
ACT-00323,2026-08-21T08:37:59Z,ACME\helpdesk1,NT AUTHORITY\SYSTEM,ticket_review,success,benign,routine identity administration
ACT-00897,2026-08-21T08:45:53Z,ACME\helpdesk1,ACME\svc_print,ticket_review,success,benign,routine identity administration
ACT-00067,2026-08-21T08:47:25Z,ACME\helpdesk1,ACME\jsmith,ticket_review,success,benign,routine identity administration
ACT-00072,2026-08-21T08:49:32Z,ACME\helpdesk1,ACME\mrivera,ticket_review,success,benign,routine identity administration
ACT-00413,2026-08-21T08:59:12Z,ACME\helpdesk1,ACME\svc_print,ticket_review,success,benign,routine identity administration
ACT-00567,2026-08-21T09:03:18Z,ACME\helpdesk1,ACME\svc_backup,ticket_review,success,benign,routine identity administration
ACT-00919,2026-08-21T09:05:15Z,ACME\helpdesk1,NT AUTHORITY\SYSTEM,ticket_review,success,benign,routine identity administration
ACT-00346,2026-08-21T09:06:32Z,ACME\helpdesk1,ACME\mrivera,ticket_review,success,benign,routine identity administration
ACT-01415,2026-08-21T09:07:52Z,ACME\helpdesk1,ACME\svc_backup,ticket_review,success,benign,routine identity administration
ACT-00097,2026-08-21T09:15:13Z,ACME\helpdesk1,ACME\svc_backup,ticket_review,success,benign,routine identity administration
ACT-00004,2026-08-21T09:17:14Z,ACME\helpdesk1,NT AUTHORITY\SYSTEM,ticket_review,success,benign,routine identity administration
ACT-00773,2026-08-21T09:19:35Z,ACME\helpdesk1,NT AUTHORITY\SYSTEM,ticket_review,success,benign,routine identity administration
ACT-00077,2026-08-21T09:21:58Z,ACME\helpdesk1,ACME\svc_print,ticket_review,success,benign,routine identity administration
ACT-00825,2026-08-21T09:22:08Z,ACME\helpdesk1,ACME\mrivera,ticket_review,success,benign,routine identity administration
ACT-00420,2026-08-21T09:28:54Z,ACME\helpdesk1,ACME\jsmith,ticket_review,success,benign,routine identity administration
ACT-00891,2026-08-21T09:33:39Z,ACME\helpdesk1,ACME\svc_backup,ticket_review,success,benign,routine identity administration
ACT-01424,2026-08-21T09:36:34Z,ACME\helpdesk1,ACME\jsmith,ticket_review,success,benign,routine identity administration
ACT-00270,2026-08-21T09:39:59Z,ACME\helpdesk1,ACME\svc_backup,ticket_review,success,benign,routine identity administration
ACT-00403,2026-08-21T09:55:16Z,ACME\helpdesk1,ACME\mrivera,ticket_review,success,benign,routine identity administration
ACT-01137,2026-08-21T09:57:57Z,ACME\helpdesk1,ACME\svc_print,ticket_review,success,benign,routine identity administration
ACT-01272,2026-08-21T09:59:51Z,ACME\helpdesk1,ACME\mrivera,ticket_review,success,benign,routine identity administration
ACT-00522,2026-08-21T10:02:04Z,ACME\helpdesk1,ACME\jsmith,ticket_review,success,benign,routine identity administration
ACT-00076,2026-08-21T10:07:20Z,ACME\helpdesk1,ACME\svc_print,ticket_review,success,benign,routine identity administration
ACT-00167,2026-08-21T10:17:14Z,ACME\helpdesk1,ACME\mrivera,ticket_review,success,benign,routine identity administration
ACT-00553,2026-08-21T10:21:53Z,ACME\helpdesk1,ACME\svc_backup,ticket_review,success,benign,routine identity administration
ACT-00045,2026-08-21T10:25:47Z,ACME\helpdesk1,ACME\svc_backup,ticket_review,success,benign,routine identity administration
ACT-01722,2026-08-21T10:27:04Z,ACME\helpdesk1,NT AUTHORITY\SYSTEM,ticket_review,success,benign,routine identity administration
ACT-00653,2026-08-21T10:34:09Z,ACME\helpdesk1,ACME\jsmith,ticket_review,success,benign,routine identity administration
ACT-00241,2026-08-21T10:38:12Z,ACME\helpdesk1,ACME\svc_print,ticket_review,success,benign,routine identity administration
ACT-01635,2026-08-21T10:41:19Z,ACME\helpdesk1,ACME\svc_print,ticket_review,success,benign,routine identity administration
ACT-01774,2026-08-21T10:41:52Z,ACME\helpdesk1,ACME\mrivera,ticket_review,success,benign,routine identity administration
ACT-00380,2026-08-21T10:42:05Z,ACME\helpdesk1,ACME\svc_print,ticket_review,success,benign,routine identity administration
ACT-00375,2026-08-21T10:46:32Z,ACME\helpdesk1,ACME\svc_print,ticket_review,success,benign,routine identity administration
ACT-00170,2026-08-21T10:47:25Z,ACME\helpdesk1,NT AUTHORITY\SYSTEM,ticket_review,success,benign,routine identity administration
ACT-00219,2026-08-21T11:03:22Z,ACME\helpdesk1,ACME\mrivera,ticket_review,success,benign,routine identity administration
ACT-00157,2026-08-21T11:04:23Z,ACME\helpdesk1,ACME\jsmith,ticket_review,success,benign,routine identity administration
ACT-01486,2026-08-21T11:08:06Z,ACME\helpdesk1,ACME\mrivera,ticket_review,success,benign,routine identity administration
ACT-00523,2026-08-21T11:08:30Z,ACME\helpdesk1,NT AUTHORITY\SYSTEM,ticket_review,success,benign,routine identity administration
ACT-01050,2026-08-21T11:17:10Z,ACME\helpdesk1,ACME\jsmith,ticket_review,success,benign,routine identity administration
ACT-00930,2026-08-21T11:26:58Z,ACME\helpdesk1,NT AUTHORITY\SYSTEM,ticket_review,success,benign,routine identity administration
ACT-00418,2026-08-21T11:29:08Z,ACME\helpdesk1,ACME\mrivera,ticket_review,success,benign,routine identity administration
ACT-00439,2026-08-21T11:31:04Z,ACME\helpdesk1,ACME\jsmith,ticket_review,success,benign,routine identity administration
ACT-01096,2026-08-21T11:34:33Z,ACME\helpdesk1,ACME\mrivera,ticket_review,success,benign,routine identity administration
ACT-01168,2026-08-21T11:37:35Z,ACME\helpdesk1,ACME\svc_backup,ticket_review,success,benign,routine identity administration
ACT-00249,2026-08-21T11:46:11Z,ACME\helpdesk1,NT AUTHORITY\SYSTEM,ticket_review,success,benign,routine identity administration
ACT-00990,2026-08-21T11:50:59Z,ACME\helpdesk1,NT AUTHORITY\SYSTEM,ticket_review,success,benign,routine identity administration
ACT-00835,2026-08-21T11:52:05Z,ACME\helpdesk1,ACME\jsmith,ticket_review,success,benign,routine identity administration
ACT-00006,2026-08-21T11:52:59Z,ACME\helpdesk1,ACME\svc_backup,ticket_review,success,benign,routine identity administration
ACT-01142,2026-08-21T11:53:48Z,ACME\helpdesk1,ACME\svc_print,ticket_review,success,benign,routine identity administration
ACT-01378,2026-08-21T12:04:24Z,ACME\helpdesk1,ACME\svc_print,ticket_review,success,benign,routine identity administration
ACT-01575,2026-08-21T12:10:19Z,ACME\helpdesk1,NT AUTHORITY\SYSTEM,ticket_review,success,benign,routine identity administration
ACT-00624,2026-08-21T12:17:22Z,ACME\helpdesk1,ACME\svc_print,ticket_review,success,benign,routine identity administration
ACT-00806,2026-08-21T12:17:47Z,ACME\helpdesk1,NT AUTHORITY\SYSTEM,ticket_review,success,benign,routine identity administration
ACT-00049,2026-08-21T12:20:42Z,ACME\helpdesk1,ACME\svc_backup,ticket_review,success,benign,routine identity administration
ACT-00445,2026-08-21T12:27:28Z,ACME\helpdesk1,ACME\jsmith,ticket_review,success,benign,routine identity administration
ACT-00607,2026-08-21T12:40:19Z,ACME\helpdesk1,ACME\svc_print,ticket_review,success,benign,routine identity administration
ACT-01326,2026-08-21T12:53:11Z,ACME\helpdesk1,ACME\jsmith,ticket_review,success,benign,routine identity administration
ACT-01691,2026-08-21T13:00:40Z,ACME\helpdesk1,ACME\jsmith,ticket_review,success,benign,routine identity administration
ACT-00051,2026-08-21T13:09:22Z,ACME\helpdesk1,ACME\jsmith,ticket_review,success,benign,routine identity administration
ACT-00144,2026-08-21T13:19:05Z,ACME\helpdesk1,ACME\svc_print,ticket_review,success,benign,routine identity administration
ACT-01572,2026-08-21T13:23:44Z,ACME\helpdesk1,ACME\svc_print,ticket_review,success,benign,routine identity administration
ACT-00355,2026-08-21T13:23:55Z,ACME\helpdesk1,NT AUTHORITY\SYSTEM,ticket_review,success,benign,routine identity administration
ACT-00460,2026-08-21T13:41:29Z,ACME\helpdesk1,ACME\jsmith,ticket_review,success,benign,routine identity administration
ACT-01406,2026-08-21T13:41:48Z,ACME\helpdesk1,ACME\svc_print,ticket_review,success,benign,routine identity administration
ACT-01391,2026-08-21T13:43:32Z,ACME\helpdesk1,ACME\svc_print,ticket_review,success,benign,routine identity administration
ACT-01544,2026-08-21T13:54:48Z,ACME\helpdesk1,NT AUTHORITY\SYSTEM,ticket_review,success,benign,routine identity administration
ACT-01484,2026-08-21T13:56:11Z,ACME\helpdesk1,ACME\mrivera,ticket_review,success,benign,routine identity administration
ACT-00419,2026-08-21T13:57:38Z,ACME\helpdesk1,ACME\mrivera,ticket_review,success,benign,routine identity administration
ACT-01195,2026-08-21T14:06:23Z,ACME\helpdesk1,ACME\mrivera,ticket_review,success,benign,routine identity administration
ACT-00739,2026-08-21T14:08:06Z,ACME\helpdesk1,NT AUTHORITY\SYSTEM,ticket_review,success,benign,routine identity administration
ACT-01252,2026-08-21T14:09:52Z,ACME\helpdesk1,ACME\jsmith,ticket_review,success,benign,routine identity administration
ACT-00515,2026-08-21T14:14:57Z,ACME\helpdesk1,ACME\svc_backup,ticket_review,success,benign,routine identity administration
ACT-00300,2026-08-21T14:15:45Z,ACME\helpdesk1,ACME\jsmith,ticket_review,success,benign,routine identity administration
ACT-00053,2026-08-21T14:26:20Z,ACME\helpdesk1,ACME\svc_print,ticket_review,success,benign,routine identity administration
ACT-00118,2026-08-21T14:26:52Z,ACME\helpdesk1,ACME\svc_print,ticket_review,success,benign,routine identity administration
ACT-01203,2026-08-21T14:33:12Z,ACME\helpdesk1,ACME\svc_backup,ticket_review,success,benign,routine identity administration
ACT-01583,2026-08-21T14:36:27Z,ACME\helpdesk1,ACME\mrivera,ticket_review,success,benign,routine identity administration
ACT-01745,2026-08-21T14:39:46Z,ACME\helpdesk1,ACME\svc_print,ticket_review,success,benign,routine identity administration
ACT-00379,2026-08-21T14:42:51Z,ACME\helpdesk1,ACME\svc_backup,ticket_review,success,benign,routine identity administration
ACT-01496,2026-08-21T14:43:37Z,ACME\helpdesk1,ACME\jsmith,ticket_review,success,benign,routine identity administration
ACT-00813,2026-08-21T14:44:48Z,ACME\helpdesk1,ACME\jsmith,ticket_review,success,benign,routine identity administration
ACT-01675,2026-08-21T14:45:42Z,ACME\helpdesk1,NT AUTHORITY\SYSTEM,ticket_review,success,benign,routine identity administration
ACT-00683,2026-08-21T14:52:22Z,ACME\helpdesk1,ACME\svc_backup,ticket_review,success,benign,routine identity administration
ACT-00527,2026-08-21T14:54:03Z,ACME\helpdesk1,ACME\jsmith,ticket_review,success,benign,routine identity administration
ACT-01491,2026-08-21T14:54:20Z,ACME\helpdesk1,NT AUTHORITY\SYSTEM,ticket_review,success,benign,routine identity administration
ACT-01476,2026-08-21T15:12:02Z,ACME\helpdesk1,ACME\jsmith,ticket_review,success,benign,routine identity administration
ACT-00723,2026-08-21T15:25:09Z,ACME\helpdesk1,ACME\mrivera,ticket_review,success,benign,routine identity administration
ACT-01122,2026-08-21T15:25:44Z,ACME\helpdesk1,ACME\jsmith,ticket_review,success,benign,routine identity administration
ACT-01251,2026-08-21T15:32:25Z,ACME\helpdesk1,NT AUTHORITY\SYSTEM,ticket_review,success,benign,routine identity administration
ACT-00409,2026-08-21T15:39:40Z,ACME\helpdesk1,ACME\svc_print,ticket_review,success,benign,routine identity administration
ACT-01598,2026-08-21T15:43:31Z,ACME\helpdesk1,ACME\svc_print,ticket_review,success,benign,routine identity administration
ACT-00496,2026-08-21T15:45:03Z,ACME\helpdesk1,ACME\svc_print,ticket_review,success,benign,routine identity administration
ACT-01780,2026-08-21T15:45:03Z,ACME\helpdesk1,NT AUTHORITY\SYSTEM,ticket_review,success,benign,routine identity administration
ACT-00874,2026-08-21T15:46:28Z,ACME\helpdesk1,ACME\mrivera,ticket_review,success,benign,routine identity administration
ACT-01273,2026-08-21T15:56:39Z,ACME\helpdesk1,ACME\jsmith,ticket_review,success,benign,routine identity administration
ACT-00717,2026-08-21T15:57:07Z,ACME\helpdesk1,ACME\svc_print,ticket_review,success,benign,routine identity administration
ACT-00416,2026-08-21T16:00:56Z,ACME\helpdesk1,ACME\jsmith,ticket_review,success,benign,routine identity administration
ACT-01201,2026-08-21T16:04:08Z,ACME\helpdesk1,ACME\svc_print,ticket_review,success,benign,routine identity administration
ACT-01073,2026-08-21T16:07:16Z,ACME\helpdesk1,ACME\jsmith,ticket_review,success,benign,routine identity administration
ACT-00560,2026-08-21T16:10:06Z,ACME\helpdesk1,ACME\svc_print,ticket_review,success,benign,routine identity administration
ACT-00944,2026-08-21T16:10:38Z,ACME\helpdesk1,ACME\svc_backup,ticket_review,success,benign,routine identity administration
ACT-00734,2026-08-21T16:15:57Z,ACME\helpdesk1,ACME\svc_backup,ticket_review,success,benign,routine identity administration
ACT-01219,2026-08-21T16:17:21Z,ACME\helpdesk1,ACME\svc_print,ticket_review,success,benign,routine identity administration
ACT-00854,2026-08-21T16:18:05Z,ACME\helpdesk1,ACME\jsmith,ticket_review,success,benign,routine identity administration
ACT-00557,2026-08-21T16:18:49Z,ACME\helpdesk1,ACME\svc_backup,ticket_review,success,benign,routine identity administration
ACT-01444,2026-08-21T16:27:35Z,ACME\helpdesk1,ACME\mrivera,ticket_review,success,benign,routine identity administration
ACT-01298,2026-08-21T16:31:03Z,ACME\helpdesk1,ACME\jsmith,ticket_review,success,benign,routine identity administration
ACT-01317,2026-08-21T16:44:10Z,ACME\helpdesk1,ACME\mrivera,ticket_review,success,benign,routine identity administration
ACT-00272,2026-08-21T16:47:40Z,ACME\helpdesk1,ACME\jsmith,ticket_review,success,benign,routine identity administration
ACT-00502,2026-08-21T16:52:41Z,ACME\helpdesk1,ACME\svc_print,ticket_review,success,benign,routine identity administration
ACT-00966,2026-08-21T16:54:24Z,ACME\helpdesk1,ACME\svc_backup,ticket_review,success,benign,routine identity administration
ACT-01129,2026-08-21T16:56:18Z,ACME\helpdesk1,ACME\svc_print,ticket_review,success,benign,routine identity administration
ACT-01055,2026-08-21T16:56:29Z,ACME\helpdesk1,ACME\svc_print,ticket_review,success,benign,routine identity administration
ACT-01088,2026-08-21T16:57:47Z,ACME\helpdesk1,NT AUTHORITY\SYSTEM,ticket_review,success,benign,routine identity administration
ACT-01229,2026-08-21T16:59:22Z,ACME\helpdesk1,ACME\mrivera,ticket_review,success,benign,routine identity administration
ACT-00951,2026-08-21T17:00:23Z,ACME\helpdesk1,NT AUTHORITY\SYSTEM,ticket_review,success,benign,routine identity administration
ACT-01187,2026-08-21T17:08:46Z,ACME\helpdesk1,NT AUTHORITY\SYSTEM,ticket_review,success,benign,routine identity administration
ACT-01651,2026-08-21T17:28:24Z,ACME\helpdesk1,NT AUTHORITY\SYSTEM,ticket_review,success,benign,routine identity administration
ACT-00240,2026-08-21T17:29:00Z,ACME\helpdesk1,ACME\svc_print,ticket_review,success,benign,routine identity administration
ACT-01045,2026-08-21T17:43:12Z,ACME\helpdesk1,ACME\mrivera,ticket_review,success,benign,routine identity administration
ACT-00741,2026-08-21T17:43:18Z,ACME\helpdesk1,ACME\svc_backup,ticket_review,success,benign,routine identity administration
ACT-00625,2026-08-21T17:48:38Z,ACME\helpdesk1,ACME\svc_backup,ticket_review,success,benign,routine identity administration
ACT-01030,2026-08-21T17:55:07Z,ACME\helpdesk1,NT AUTHORITY\SYSTEM,ticket_review,success,benign,routine identity administration
ACT-00356,2026-08-21T18:02:49Z,ACME\helpdesk1,ACME\jsmith,ticket_review,success,benign,routine identity administration
ACT-01428,2026-08-21T18:08:24Z,ACME\helpdesk1,ACME\svc_print,ticket_review,success,benign,routine identity administration
ACT-01528,2026-08-21T18:26:54Z,ACME\helpdesk1,ACME\mrivera,ticket_review,success,benign,routine identity administration
ACT-00491,2026-08-21T18:36:33Z,ACME\helpdesk1,ACME\mrivera,ticket_review,success,benign,routine identity administration
ACT-00779,2026-08-21T18:44:54Z,ACME\helpdesk1,ACME\svc_print,ticket_review,success,benign,routine identity administration
ACT-00810,2026-08-21T18:45:12Z,ACME\helpdesk1,ACME\svc_print,ticket_review,success,benign,routine identity administration
ACT-01099,2026-08-21T18:45:40Z,ACME\helpdesk1,ACME\mrivera,ticket_review,success,benign,routine identity administration
ACT-01151,2026-08-21T18:46:45Z,ACME\helpdesk1,NT AUTHORITY\SYSTEM,ticket_review,success,benign,routine identity administration
ACT-00915,2026-08-21T18:53:36Z,ACME\helpdesk1,ACME\jsmith,ticket_review,success,benign,routine identity administration
ACT-01249,2026-08-21T18:57:32Z,ACME\helpdesk1,ACME\svc_backup,ticket_review,success,benign,routine identity administration
ACT-00110,2026-08-21T19:00:07Z,ACME\helpdesk1,ACME\svc_backup,ticket_review,success,benign,routine identity administration
ACT-00716,2026-08-21T19:02:18Z,ACME\helpdesk1,ACME\svc_backup,ticket_review,success,benign,routine identity administration
ACT-00018,2026-08-21T19:13:56Z,ACME\helpdesk1,ACME\jsmith,ticket_review,success,benign,routine identity administration
ACT-00363,2026-08-21T19:19:26Z,ACME\helpdesk1,ACME\svc_print,ticket_review,success,benign,routine identity administration
ACT-01717,2026-08-21T19:19:50Z,ACME\helpdesk1,ACME\svc_print,ticket_review,success,benign,routine identity administration
ACT-00861,2026-08-21T19:22:04Z,ACME\helpdesk1,ACME\svc_backup,ticket_review,success,benign,routine identity administration
ACT-00613,2026-08-21T19:28:39Z,ACME\helpdesk1,ACME\jsmith,ticket_review,success,benign,routine identity administration
ACT-00913,2026-08-21T19:36:39Z,ACME\helpdesk1,ACME\jsmith,ticket_review,success,benign,routine identity administration
ACT-01669,2026-08-21T19:37:17Z,ACME\helpdesk1,ACME\mrivera,ticket_review,success,benign,routine identity administration
ACT-01747,2026-08-21T19:45:05Z,ACME\helpdesk1,ACME\svc_print,ticket_review,success,benign,routine identity administration
ACT-00965,2026-08-21T19:45:13Z,ACME\helpdesk1,ACME\jsmith,ticket_review,success,benign,routine identity administration
ACT-00884,2026-08-21T19:47:29Z,ACME\helpdesk1,ACME\jsmith,ticket_review,success,benign,routine identity administration
ACT-00154,2026-08-21T19:48:18Z,ACME\helpdesk1,ACME\jsmith,ticket_review,success,benign,routine identity administration
ACT-00075,2026-08-21T19:55:08Z,ACME\helpdesk1,ACME\svc_backup,ticket_review,success,benign,routine identity administration
ACT-01136,2026-08-21T19:57:37Z,ACME\helpdesk1,ACME\mrivera,ticket_review,success,benign,routine identity administration
ACT-00702,2026-08-21T19:59:16Z,ACME\helpdesk1,NT AUTHORITY\SYSTEM,ticket_review,success,benign,routine identity administration
ACT-01687,2026-08-21T20:03:59Z,ACME\helpdesk1,NT AUTHORITY\SYSTEM,ticket_review,success,benign,routine identity administration
ACT-01511,2026-08-21T20:12:13Z,ACME\helpdesk1,ACME\svc_backup,ticket_review,success,benign,routine identity administration
ACT-01361,2026-08-21T20:15:29Z,ACME\helpdesk1,NT AUTHORITY\SYSTEM,ticket_review,success,benign,routine identity administration
ACT-00280,2026-08-21T20:16:53Z,ACME\helpdesk1,ACME\jsmith,ticket_review,success,benign,routine identity administration
ACT-00009,2026-08-21T20:21:44Z,ACME\helpdesk1,ACME\mrivera,ticket_review,success,benign,routine identity administration
ACT-01180,2026-08-21T20:22:10Z,ACME\helpdesk1,ACME\mrivera,ticket_review,success,benign,routine identity administration
ACT-00630,2026-08-21T20:24:47Z,ACME\helpdesk1,NT AUTHORITY\SYSTEM,ticket_review,success,benign,routine identity administration
ACT-00473,2026-08-21T20:29:43Z,ACME\helpdesk1,ACME\jsmith,ticket_review,success,benign,routine identity administration
ACT-01600,2026-08-21T20:32:51Z,ACME\helpdesk1,ACME\svc_print,ticket_review,success,benign,routine identity administration
ACT-01287,2026-08-21T20:38:01Z,ACME\helpdesk1,ACME\svc_backup,ticket_review,success,benign,routine identity administration
ACT-01005,2026-08-21T20:38:54Z,ACME\helpdesk1,ACME\mrivera,ticket_review,success,benign,routine identity administration
ACT-01402,2026-08-21T20:41:11Z,ACME\helpdesk1,ACME\mrivera,ticket_review,success,benign,routine identity administration
ACT-01260,2026-08-21T20:56:08Z,ACME\helpdesk1,ACME\mrivera,ticket_review,success,benign,routine identity administration
ACT-00283,2026-08-21T21:03:32Z,ACME\helpdesk1,ACME\mrivera,ticket_review,success,benign,routine identity administration
ACT-01265,2026-08-21T21:11:10Z,ACME\helpdesk1,ACME\svc_backup,ticket_review,success,benign,routine identity administration
ACT-00434,2026-08-21T21:19:18Z,ACME\helpdesk1,ACME\mrivera,ticket_review,success,benign,routine identity administration
ACT-00155,2026-08-21T21:21:44Z,ACME\helpdesk1,NT AUTHORITY\SYSTEM,ticket_review,success,benign,routine identity administration
ACT-01680,2026-08-21T21:31:01Z,ACME\helpdesk1,ACME\jsmith,ticket_review,success,benign,routine identity administration
ACT-00372,2026-08-21T21:37:32Z,ACME\helpdesk1,ACME\svc_print,ticket_review,success,benign,routine identity administration
ACT-00900,2026-08-21T21:38:09Z,ACME\helpdesk1,ACME\svc_print,ticket_review,success,benign,routine identity administration
ACT-00593,2026-08-21T21:39:54Z,ACME\helpdesk1,ACME\svc_backup,ticket_review,success,benign,routine identity administration
ACT-01370,2026-08-21T21:49:18Z,ACME\helpdesk1,ACME\mrivera,ticket_review,success,benign,routine identity administration
ACT-01198,2026-08-21T21:54:19Z,ACME\helpdesk1,ACME\jsmith,ticket_review,success,benign,routine identity administration
ACT-01448,2026-08-21T21:57:02Z,ACME\helpdesk1,ACME\svc_backup,ticket_review,success,benign,routine identity administration
ACT-00288,2026-08-21T22:06:51Z,ACME\helpdesk1,ACME\mrivera,ticket_review,success,benign,routine identity administration
ACT-00799,2026-08-21T22:13:45Z,ACME\helpdesk1,ACME\mrivera,ticket_review,success,benign,routine identity administration
ACT-00912,2026-08-21T22:14:42Z,ACME\helpdesk1,NT AUTHORITY\SYSTEM,ticket_review,success,benign,routine identity administration
ACT-00958,2026-08-21T22:14:58Z,ACME\helpdesk1,ACME\svc_print,ticket_review,success,benign,routine identity administration
ACT-01720,2026-08-21T22:15:58Z,ACME\helpdesk1,ACME\mrivera,ticket_review,success,benign,routine identity administration
ACT-00507,2026-08-21T22:16:26Z,ACME\helpdesk1,NT AUTHORITY\SYSTEM,ticket_review,success,benign,routine identity administration
ACT-00290,2026-08-21T22:19:11Z,ACME\helpdesk1,ACME\mrivera,ticket_review,success,benign,routine identity administration
ACT-00162,2026-08-21T22:21:42Z,ACME\helpdesk1,ACME\svc_backup,ticket_review,success,benign,routine identity administration
ACT-00139,2026-08-21T22:25:38Z,ACME\helpdesk1,ACME\svc_backup,ticket_review,success,benign,routine identity administration
ACT-00902,2026-08-21T22:29:41Z,ACME\helpdesk1,NT AUTHORITY\SYSTEM,ticket_review,success,benign,routine identity administration
ACT-00746,2026-08-21T22:31:42Z,ACME\helpdesk1,ACME\mrivera,ticket_review,success,benign,routine identity administration
ACT-00705,2026-08-21T22:33:16Z,ACME\helpdesk1,ACME\svc_print,ticket_review,success,benign,routine identity administration
ACT-00082,2026-08-21T22:33:44Z,ACME\helpdesk1,ACME\svc_backup,ticket_review,success,benign,routine identity administration
ACT-01393,2026-08-21T22:35:12Z,ACME\helpdesk1,NT AUTHORITY\SYSTEM,ticket_review,success,benign,routine identity administration
ACT-00668,2026-08-21T22:39:14Z,ACME\helpdesk1,ACME\mrivera,ticket_review,success,benign,routine identity administration
ACT-01185,2026-08-21T22:39:32Z,ACME\helpdesk1,ACME\jsmith,ticket_review,success,benign,routine identity administration
ACT-00498,2026-08-21T22:52:24Z,ACME\helpdesk1,ACME\svc_backup,ticket_review,success,benign,routine identity administration
ACT-00105,2026-08-21T22:56:52Z,ACME\helpdesk1,ACME\mrivera,ticket_review,success,benign,routine identity administration
ACT-01225,2026-08-21T23:13:58Z,ACME\helpdesk1,ACME\svc_print,ticket_review,success,benign,routine identity administration
ACT-00927,2026-08-21T23:23:14Z,ACME\helpdesk1,ACME\svc_print,ticket_review,success,benign,routine identity administration
ACT-01281,2026-08-21T23:26:03Z,ACME\helpdesk1,NT AUTHORITY\SYSTEM,ticket_review,success,benign,routine identity administration
ACT-01276,2026-08-21T23:27:09Z,ACME\helpdesk1,ACME\mrivera,ticket_review,success,benign,routine identity administration
ACT-01080,2026-08-21T23:31:33Z,ACME\helpdesk1,ACME\mrivera,ticket_review,success,benign,routine identity administration
ACT-00325,2026-08-21T23:33:58Z,ACME\helpdesk1,ACME\svc_print,ticket_review,success,benign,routine identity administration
ACT-00547,2026-08-21T23:36:26Z,ACME\helpdesk1,ACME\mrivera,ticket_review,success,benign,routine identity administration
ACT-00696,2026-08-21T23:36:39Z,ACME\helpdesk1,ACME\mrivera,ticket_review,success,benign,routine identity administration
ACT-01570,2026-08-21T23:36:48Z,ACME\helpdesk1,ACME\jsmith,ticket_review,success,benign,routine identity administration
ACT-01255,2026-08-21T23:38:46Z,ACME\helpdesk1,ACME\svc_backup,ticket_review,success,benign,routine identity administration
ACT-00063,2026-08-21T23:47:00Z,ACME\helpdesk1,ACME\mrivera,ticket_review,success,benign,routine identity administration
ACT-01075,2026-08-21T23:47:36Z,ACME\helpdesk1,NT AUTHORITY\SYSTEM,ticket_review,success,benign,routine identity administration
ACT-01509,2026-08-21T23:47:38Z,ACME\helpdesk1,ACME\mrivera,ticket_review,success,benign,routine identity administration
ACT-00326,2026-08-21T23:53:37Z,ACME\helpdesk1,ACME\jsmith,ticket_review,success,benign,routine identity administration
ACT-01483,2026-08-21T23:54:37Z,ACME\helpdesk1,ACME\mrivera,ticket_review,success,benign,routine identity administration
ACT-00844,2026-08-22T00:06:42Z,ACME\helpdesk1,NT AUTHORITY\SYSTEM,ticket_review,success,benign,routine identity administration
ACT-00273,2026-08-22T00:18:30Z,ACME\helpdesk1,ACME\mrivera,ticket_review,success,benign,routine identity administration
ACT-01305,2026-08-22T00:20:57Z,ACME\helpdesk1,NT AUTHORITY\SYSTEM,ticket_review,success,benign,routine identity administration
ACT-01467,2026-08-22T00:22:11Z,ACME\helpdesk1,ACME\mrivera,ticket_review,success,benign,routine identity administration
ACT-00546,2026-08-22T00:22:50Z,ACME\helpdesk1,ACME\jsmith,ticket_review,success,benign,routine identity administration
ACT-00766,2026-08-22T00:24:41Z,ACME\helpdesk1,ACME\svc_backup,ticket_review,success,benign,routine identity administration
ACT-01567,2026-08-22T00:26:53Z,ACME\helpdesk1,NT AUTHORITY\SYSTEM,ticket_review,success,benign,routine identity administration
ACT-00612,2026-08-22T00:27:30Z,ACME\helpdesk1,ACME\jsmith,ticket_review,success,benign,routine identity administration
ACT-00786,2026-08-22T00:28:50Z,ACME\helpdesk1,NT AUTHORITY\SYSTEM,ticket_review,success,benign,routine identity administration
ACT-00198,2026-08-22T00:32:01Z,ACME\helpdesk1,ACME\jsmith,ticket_review,success,benign,routine identity administration
ACT-00349,2026-08-22T00:32:06Z,ACME\helpdesk1,ACME\mrivera,ticket_review,success,benign,routine identity administration
ACT-00850,2026-08-22T00:34:54Z,ACME\helpdesk1,NT AUTHORITY\SYSTEM,ticket_review,success,benign,routine identity administration
ACT-01440,2026-08-22T00:37:06Z,ACME\helpdesk1,ACME\svc_backup,ticket_review,success,benign,routine identity administration
ACT-00709,2026-08-22T00:40:27Z,ACME\helpdesk1,ACME\jsmith,ticket_review,success,benign,routine identity administration
ACT-00181,2026-08-22T00:45:39Z,ACME\helpdesk1,NT AUTHORITY\SYSTEM,ticket_review,success,benign,routine identity administration
ACT-00859,2026-08-22T00:49:20Z,ACME\helpdesk1,ACME\mrivera,ticket_review,success,benign,routine identity administration
ACT-01274,2026-08-22T00:50:05Z,ACME\helpdesk1,NT AUTHORITY\SYSTEM,ticket_review,success,benign,routine identity administration
ACT-00253,2026-08-22T01:05:46Z,ACME\helpdesk1,ACME\jsmith,ticket_review,success,benign,routine identity administration
ACT-01127,2026-08-22T01:06:02Z,ACME\helpdesk1,NT AUTHORITY\SYSTEM,ticket_review,success,benign,routine identity administration
ACT-00775,2026-08-22T01:09:13Z,ACME\helpdesk1,ACME\svc_backup,ticket_review,success,benign,routine identity administration
ACT-00352,2026-08-22T01:10:52Z,ACME\helpdesk1,NT AUTHORITY\SYSTEM,ticket_review,success,benign,routine identity administration
ACT-01591,2026-08-22T01:13:11Z,ACME\helpdesk1,ACME\mrivera,ticket_review,success,benign,routine identity administration
ACT-00638,2026-08-22T01:14:11Z,ACME\helpdesk1,ACME\svc_backup,ticket_review,success,benign,routine identity administration
ACT-01054,2026-08-22T01:21:47Z,ACME\helpdesk1,ACME\mrivera,ticket_review,success,benign,routine identity administration
ACT-01594,2026-08-22T01:22:26Z,ACME\helpdesk1,ACME\jsmith,ticket_review,success,benign,routine identity administration
ACT-00086,2026-08-22T01:25:39Z,ACME\helpdesk1,ACME\svc_print,ticket_review,success,benign,routine identity administration
ACT-01752,2026-08-22T01:25:41Z,ACME\helpdesk1,ACME\mrivera,ticket_review,success,benign,routine identity administration
ACT-01586,2026-08-22T01:27:43Z,ACME\helpdesk1,NT AUTHORITY\SYSTEM,ticket_review,success,benign,routine identity administration
ACT-00414,2026-08-22T01:30:22Z,ACME\helpdesk1,ACME\svc_backup,ticket_review,success,benign,routine identity administration
ACT-00699,2026-08-22T01:30:58Z,ACME\helpdesk1,ACME\mrivera,ticket_review,success,benign,routine identity administration
ACT-00872,2026-08-22T01:31:30Z,ACME\helpdesk1,ACME\jsmith,ticket_review,success,benign,routine identity administration
ACT-01422,2026-08-22T01:36:17Z,ACME\helpdesk1,NT AUTHORITY\SYSTEM,ticket_review,success,benign,routine identity administration
ACT-01286,2026-08-22T01:37:30Z,ACME\helpdesk1,ACME\mrivera,ticket_review,success,benign,routine identity administration
ACT-00227,2026-08-22T01:37:48Z,ACME\helpdesk1,ACME\mrivera,ticket_review,success,benign,routine identity administration
ACT-01627,2026-08-22T01:43:56Z,ACME\helpdesk1,ACME\svc_print,ticket_review,success,benign,routine identity administration
ACT-01794,2026-08-22T01:47:03Z,ACME\helpdesk1,ACME\mrivera,ticket_review,success,benign,routine identity administration
ACT-01730,2026-08-22T01:50:51Z,ACME\helpdesk1,ACME\mrivera,ticket_review,success,benign,routine identity administration
ACT-01387,2026-08-22T01:59:09Z,ACME\helpdesk1,ACME\svc_backup,ticket_review,success,benign,routine identity administration
ACT-00674,2026-08-22T01:59:36Z,ACME\helpdesk1,ACME\svc_backup,ticket_review,success,benign,routine identity administration
ACT-01650,2026-08-22T02:00:46Z,ACME\helpdesk1,ACME\svc_backup,ticket_review,success,benign,routine identity administration
ACT-01602,2026-08-22T02:03:49Z,ACME\helpdesk1,ACME\mrivera,ticket_review,success,benign,routine identity administration
ACT-01683,2026-08-22T02:10:07Z,ACME\helpdesk1,ACME\jsmith,ticket_review,success,benign,routine identity administration
ACT-00205,2026-08-22T02:12:04Z,ACME\helpdesk1,ACME\svc_backup,ticket_review,success,benign,routine identity administration
ACT-00243,2026-08-22T02:16:09Z,ACME\helpdesk1,ACME\mrivera,ticket_review,success,benign,routine identity administration
ACT-00698,2026-08-22T02:16:23Z,ACME\helpdesk1,ACME\svc_backup,ticket_review,success,benign,routine identity administration
ACT-00023,2026-08-22T02:22:19Z,ACME\helpdesk1,ACME\jsmith,ticket_review,success,benign,routine identity administration
ACT-00425,2026-08-22T02:22:33Z,ACME\helpdesk1,ACME\svc_backup,ticket_review,success,benign,routine identity administration
ACT-00265,2026-08-22T02:24:35Z,ACME\helpdesk1,ACME\svc_print,ticket_review,success,benign,routine identity administration
ACT-01162,2026-08-22T02:28:49Z,ACME\helpdesk1,ACME\svc_backup,ticket_review,success,benign,routine identity administration
ACT-00812,2026-08-22T02:31:17Z,ACME\helpdesk1,ACME\mrivera,ticket_review,success,benign,routine identity administration
ACT-00616,2026-08-22T02:31:37Z,ACME\helpdesk1,ACME\svc_backup,ticket_review,success,benign,routine identity administration
ACT-01582,2026-08-22T02:33:35Z,ACME\helpdesk1,ACME\svc_backup,ticket_review,success,benign,routine identity administration
ACT-00230,2026-08-22T02:37:06Z,ACME\helpdesk1,ACME\svc_backup,ticket_review,success,benign,routine identity administration
ACT-00147,2026-08-22T02:38:49Z,ACME\helpdesk1,ACME\svc_backup,ticket_review,success,benign,routine identity administration
ACT-00381,2026-08-22T02:46:09Z,ACME\helpdesk1,ACME\mrivera,ticket_review,success,benign,routine identity administration
ACT-00430,2026-08-22T02:47:19Z,ACME\helpdesk1,ACME\svc_backup,ticket_review,success,benign,routine identity administration
ACT-00801,2026-08-22T02:48:13Z,ACME\helpdesk1,ACME\svc_print,ticket_review,success,benign,routine identity administration
ACT-01011,2026-08-22T02:48:24Z,ACME\helpdesk1,ACME\svc_print,ticket_review,success,benign,routine identity administration
ACT-01547,2026-08-22T02:57:38Z,ACME\helpdesk1,ACME\mrivera,ticket_review,success,benign,routine identity administration
ACT-01677,2026-08-22T03:01:58Z,ACME\helpdesk1,ACME\svc_print,ticket_review,success,benign,routine identity administration
ACT-01167,2026-08-22T03:02:45Z,ACME\helpdesk1,ACME\svc_backup,ticket_review,success,benign,routine identity administration
ACT-01324,2026-08-22T03:05:01Z,ACME\helpdesk1,ACME\svc_backup,ticket_review,success,benign,routine identity administration
ACT-00297,2026-08-22T03:05:52Z,ACME\helpdesk1,ACME\svc_print,ticket_review,success,benign,routine identity administration
ACT-00429,2026-08-22T03:15:38Z,ACME\helpdesk1,ACME\svc_backup,ticket_review,success,benign,routine identity administration
ACT-00122,2026-08-22T03:21:13Z,ACME\helpdesk1,ACME\mrivera,ticket_review,success,benign,routine identity administration
ACT-00578,2026-08-22T03:22:25Z,ACME\helpdesk1,NT AUTHORITY\SYSTEM,ticket_review,success,benign,routine identity administration
ACT-01019,2026-08-22T03:24:30Z,ACME\helpdesk1,NT AUTHORITY\SYSTEM,ticket_review,success,benign,routine identity administration
ACT-00302,2026-08-22T03:25:36Z,ACME\helpdesk1,ACME\svc_backup,ticket_review,success,benign,routine identity administration
ACT-00457,2026-08-22T03:29:45Z,ACME\helpdesk1,ACME\mrivera,ticket_review,success,benign,routine identity administration
ACT-01020,2026-08-22T03:31:50Z,ACME\helpdesk1,ACME\svc_print,ticket_review,success,benign,routine identity administration
ACT-01492,2026-08-22T03:35:00Z,ACME\helpdesk1,ACME\mrivera,ticket_review,success,benign,routine identity administration
ACT-01519,2026-08-22T03:37:51Z,ACME\helpdesk1,ACME\mrivera,ticket_review,success,benign,routine identity administration
ACT-00943,2026-08-22T03:38:50Z,ACME\helpdesk1,ACME\svc_backup,ticket_review,success,benign,routine identity administration
ACT-00795,2026-08-22T03:38:51Z,ACME\helpdesk1,ACME\svc_backup,ticket_review,success,benign,routine identity administration
ACT-01240,2026-08-22T03:44:09Z,ACME\helpdesk1,ACME\jsmith,ticket_review,success,benign,routine identity administration
ACT-01376,2026-08-22T03:45:36Z,ACME\helpdesk1,ACME\jsmith,ticket_review,success,benign,routine identity administration
ACT-00550,2026-08-22T03:49:03Z,ACME\helpdesk1,NT AUTHORITY\SYSTEM,ticket_review,success,benign,routine identity administration
ACT-00569,2026-08-22T03:51:04Z,ACME\helpdesk1,ACME\mrivera,ticket_review,success,benign,routine identity administration
ACT-01015,2026-08-22T03:55:23Z,ACME\helpdesk1,ACME\svc_backup,ticket_review,success,benign,routine identity administration
ACT-00306,2026-08-22T03:56:11Z,ACME\helpdesk1,ACME\svc_print,ticket_review,success,benign,routine identity administration
ACT-01630,2026-08-22T03:56:46Z,ACME\helpdesk1,ACME\svc_print,ticket_review,success,benign,routine identity administration
ACT-01432,2026-08-22T03:58:31Z,ACME\helpdesk1,NT AUTHORITY\SYSTEM,ticket_review,success,benign,routine identity administration
ACT-01069,2026-08-22T04:03:08Z,ACME\helpdesk1,ACME\svc_print,ticket_review,success,benign,routine identity administration
ACT-01490,2026-08-22T04:07:06Z,ACME\helpdesk1,ACME\svc_print,ticket_review,success,benign,routine identity administration
ACT-00452,2026-08-22T04:08:22Z,ACME\helpdesk1,ACME\jsmith,ticket_review,success,benign,routine identity administration
ACT-00191,2026-08-22T04:14:05Z,ACME\helpdesk1,ACME\svc_backup,ticket_review,success,benign,routine identity administration
ACT-00809,2026-08-22T04:15:41Z,ACME\helpdesk1,ACME\mrivera,ticket_review,success,benign,routine identity administration
ACT-00714,2026-08-22T04:30:43Z,ACME\helpdesk1,ACME\mrivera,ticket_review,success,benign,routine identity administration
ACT-00941,2026-08-22T04:31:27Z,ACME\helpdesk1,ACME\mrivera,ticket_review,success,benign,routine identity administration
ACT-01288,2026-08-22T04:34:26Z,ACME\helpdesk1,ACME\mrivera,ticket_review,success,benign,routine identity administration
ACT-01614,2026-08-22T04:36:43Z,ACME\helpdesk1,ACME\jsmith,ticket_review,success,benign,routine identity administration
ACT-00692,2026-08-22T04:42:16Z,ACME\helpdesk1,ACME\jsmith,ticket_review,success,benign,routine identity administration
ACT-00190,2026-08-22T04:48:33Z,ACME\helpdesk1,ACME\svc_backup,ticket_review,success,benign,routine identity administration
ACT-00918,2026-08-22T04:48:52Z,ACME\helpdesk1,ACME\svc_backup,ticket_review,success,benign,routine identity administration
ACT-00977,2026-08-22T04:50:22Z,ACME\helpdesk1,NT AUTHORITY\SYSTEM,ticket_review,success,benign,routine identity administration
ACT-00351,2026-08-22T05:00:27Z,ACME\helpdesk1,ACME\svc_print,ticket_review,success,benign,routine identity administration
ACT-01177,2026-08-22T05:12:21Z,ACME\helpdesk1,NT AUTHORITY\SYSTEM,ticket_review,success,benign,routine identity administration
ACT-01637,2026-08-22T05:13:29Z,ACME\helpdesk1,ACME\svc_print,ticket_review,success,benign,routine identity administration
ACT-00512,2026-08-22T05:15:23Z,ACME\helpdesk1,ACME\mrivera,ticket_review,success,benign,routine identity administration
ACT-00099,2026-08-22T05:20:15Z,ACME\helpdesk1,ACME\mrivera,ticket_review,success,benign,routine identity administration
ACT-01702,2026-08-22T05:20:31Z,ACME\helpdesk1,NT AUTHORITY\SYSTEM,ticket_review,success,benign,routine identity administration
ACT-00410,2026-08-22T05:24:33Z,ACME\helpdesk1,ACME\svc_backup,ticket_review,success,benign,routine identity administration
ACT-00320,2026-08-22T05:33:09Z,ACME\helpdesk1,ACME\svc_backup,ticket_review,success,benign,routine identity administration
ACT-00461,2026-08-22T05:44:20Z,ACME\helpdesk1,ACME\jsmith,ticket_review,success,benign,routine identity administration
ACT-01758,2026-08-22T05:50:24Z,ACME\helpdesk1,ACME\mrivera,ticket_review,success,benign,routine identity administration
ACT-01578,2026-08-22T05:57:48Z,ACME\helpdesk1,ACME\mrivera,ticket_review,success,benign,routine identity administration
ACT-00289,2026-08-22T05:58:20Z,ACME\helpdesk1,ACME\jsmith,ticket_review,success,benign,routine identity administration
ACT-00169,2026-08-22T06:06:14Z,ACME\helpdesk1,NT AUTHORITY\SYSTEM,ticket_review,success,benign,routine identity administration
ACT-01385,2026-08-22T06:15:48Z,ACME\helpdesk1,ACME\svc_backup,ticket_review,success,benign,routine identity administration
ACT-00978,2026-08-22T06:19:29Z,ACME\helpdesk1,NT AUTHORITY\SYSTEM,ticket_review,success,benign,routine identity administration
ACT-00052,2026-08-22T06:19:37Z,ACME\helpdesk1,ACME\mrivera,ticket_review,success,benign,routine identity administration
ACT-01755,2026-08-22T06:20:24Z,ACME\helpdesk1,ACME\mrivera,ticket_review,success,benign,routine identity administration
ACT-00195,2026-08-22T06:26:23Z,ACME\helpdesk1,ACME\jsmith,ticket_review,success,benign,routine identity administration
ACT-00163,2026-08-22T06:33:45Z,ACME\helpdesk1,NT AUTHORITY\SYSTEM,ticket_review,success,benign,routine identity administration
ACT-00903,2026-08-22T06:47:32Z,ACME\helpdesk1,ACME\mrivera,ticket_review,success,benign,routine identity administration
ACT-01527,2026-08-22T06:51:07Z,ACME\helpdesk1,ACME\svc_print,ticket_review,success,benign,routine identity administration
ACT-00760,2026-08-22T06:54:10Z,ACME\helpdesk1,ACME\svc_backup,ticket_review,success,benign,routine identity administration
ACT-00565,2026-08-22T06:59:59Z,ACME\helpdesk1,NT AUTHORITY\SYSTEM,ticket_review,success,benign,routine identity administration
ACT-00853,2026-08-22T07:01:33Z,ACME\helpdesk1,ACME\jsmith,ticket_review,success,benign,routine identity administration
ACT-00896,2026-08-22T07:06:10Z,ACME\helpdesk1,ACME\mrivera,ticket_review,success,benign,routine identity administration
ACT-01773,2026-08-22T07:11:33Z,ACME\helpdesk1,ACME\jsmith,ticket_review,success,benign,routine identity administration
ACT-00962,2026-08-22T07:18:37Z,ACME\helpdesk1,ACME\mrivera,ticket_review,success,benign,routine identity administration
ACT-01724,2026-08-22T07:20:33Z,ACME\helpdesk1,ACME\jsmith,ticket_review,success,benign,routine identity administration
ACT-01536,2026-08-22T07:20:51Z,ACME\helpdesk1,ACME\svc_backup,ticket_review,success,benign,routine identity administration
ACT-00928,2026-08-22T07:22:00Z,ACME\helpdesk1,NT AUTHORITY\SYSTEM,ticket_review,success,benign,routine identity administration
ACT-00543,2026-08-22T07:26:33Z,ACME\helpdesk1,ACME\mrivera,ticket_review,success,benign,routine identity administration
ACT-00619,2026-08-22T07:29:24Z,ACME\helpdesk1,NT AUTHORITY\SYSTEM,ticket_review,success,benign,routine identity administration
ACT-00021,2026-08-22T07:35:50Z,ACME\helpdesk1,ACME\mrivera,ticket_review,success,benign,routine identity administration
ACT-00983,2026-08-22T07:41:21Z,ACME\helpdesk1,ACME\svc_backup,ticket_review,success,benign,routine identity administration
ACT-01666,2026-08-22T07:43:33Z,ACME\helpdesk1,ACME\svc_backup,ticket_review,success,benign,routine identity administration
ACT-00237,2026-08-22T07:44:55Z,ACME\helpdesk1,ACME\svc_print,ticket_review,success,benign,routine identity administration
ACT-01353,2026-08-22T07:45:44Z,ACME\helpdesk1,ACME\svc_print,ticket_review,success,benign,routine identity administration
ACT-01437,2026-08-22T07:46:11Z,ACME\helpdesk1,ACME\svc_print,ticket_review,success,benign,routine identity administration
ACT-00364,2026-08-22T07:50:43Z,ACME\helpdesk1,ACME\jsmith,ticket_review,success,benign,routine identity administration
ACT-00961,2026-08-22T07:51:09Z,ACME\helpdesk1,ACME\svc_print,ticket_review,success,benign,routine identity administration
ACT-00925,2026-08-22T07:55:51Z,ACME\helpdesk1,ACME\mrivera,ticket_review,success,benign,routine identity administration
ACT-00819,2026-08-22T07:59:27Z,ACME\helpdesk1,ACME\jsmith,ticket_review,success,benign,routine identity administration
ACT-00000,2026-08-22T08:01:06Z,ACME\helpdesk1,NT AUTHORITY\SYSTEM,ticket_review,success,benign,routine identity administration
ACT-00134,2026-08-22T08:03:46Z,ACME\helpdesk1,ACME\svc_backup,ticket_review,success,benign,routine identity administration
ACT-01233,2026-08-22T08:07:28Z,ACME\helpdesk1,ACME\mrivera,ticket_review,success,benign,routine identity administration
ACT-01601,2026-08-22T08:23:11Z,ACME\helpdesk1,ACME\mrivera,ticket_review,success,benign,routine identity administration
ACT-00423,2026-08-22T08:26:02Z,ACME\helpdesk1,ACME\svc_print,ticket_review,success,benign,routine identity administration
ACT-01684,2026-08-22T08:29:19Z,ACME\helpdesk1,ACME\jsmith,ticket_review,success,benign,routine identity administration
ACT-01462,2026-08-22T08:34:55Z,ACME\helpdesk1,ACME\mrivera,ticket_review,success,benign,routine identity administration
ACT-01423,2026-08-22T08:36:32Z,ACME\helpdesk1,ACME\jsmith,ticket_review,success,benign,routine identity administration
ACT-00152,2026-08-22T08:41:00Z,ACME\helpdesk1,ACME\mrivera,ticket_review,success,benign,routine identity administration
ACT-01006,2026-08-22T08:44:52Z,ACME\helpdesk1,NT AUTHORITY\SYSTEM,ticket_review,success,benign,routine identity administration
ACT-00357,2026-08-22T08:47:01Z,ACME\helpdesk1,ACME\svc_print,ticket_review,success,benign,routine identity administration
ACT-00763,2026-08-22T09:04:05Z,ACME\helpdesk1,ACME\jsmith,ticket_review,success,benign,routine identity administration
ACT-00217,2026-08-22T09:06:51Z,ACME\helpdesk1,ACME\svc_backup,ticket_review,success,benign,routine identity administration
ACT-00878,2026-08-22T09:14:53Z,ACME\helpdesk1,ACME\jsmith,ticket_review,success,benign,routine identity administration
ACT-00470,2026-08-22T09:17:17Z,ACME\helpdesk1,ACME\svc_print,ticket_review,success,benign,routine identity administration
ACT-00832,2026-08-22T09:19:25Z,ACME\helpdesk1,ACME\jsmith,ticket_review,success,benign,routine identity administration
ACT-00589,2026-08-22T09:32:19Z,ACME\helpdesk1,NT AUTHORITY\SYSTEM,ticket_review,success,benign,routine identity administration
ACT-00142,2026-08-22T09:35:39Z,ACME\helpdesk1,NT AUTHORITY\SYSTEM,ticket_review,success,benign,routine identity administration
ACT-01021,2026-08-22T09:43:02Z,ACME\helpdesk1,NT AUTHORITY\SYSTEM,ticket_review,success,benign,routine identity administration
ACT-00424,2026-08-22T09:44:07Z,ACME\helpdesk1,ACME\jsmith,ticket_review,success,benign,routine identity administration
ACT-00350,2026-08-22T09:55:37Z,ACME\helpdesk1,ACME\mrivera,ticket_review,success,benign,routine identity administration
ACT-00354,2026-08-22T10:08:04Z,ACME\helpdesk1,NT AUTHORITY\SYSTEM,ticket_review,success,benign,routine identity administration
ACT-00529,2026-08-22T10:10:22Z,ACME\helpdesk1,ACME\svc_backup,ticket_review,success,benign,routine identity administration
ACT-00847,2026-08-22T10:11:12Z,ACME\helpdesk1,ACME\jsmith,ticket_review,success,benign,routine identity administration
ACT-01456,2026-08-22T10:12:01Z,ACME\helpdesk1,ACME\svc_backup,ticket_review,success,benign,routine identity administration
ACT-00720,2026-08-22T10:13:52Z,ACME\helpdesk1,ACME\svc_backup,ticket_review,success,benign,routine identity administration
ACT-00736,2026-08-22T10:15:03Z,ACME\helpdesk1,ACME\jsmith,ticket_review,success,benign,routine identity administration
ACT-00542,2026-08-22T10:17:02Z,ACME\helpdesk1,ACME\mrivera,ticket_review,success,benign,routine identity administration
ACT-00738,2026-08-22T10:21:32Z,ACME\helpdesk1,NT AUTHORITY\SYSTEM,ticket_review,success,benign,routine identity administration
ACT-00641,2026-08-22T10:26:07Z,ACME\helpdesk1,ACME\mrivera,ticket_review,success,benign,routine identity administration
ACT-01084,2026-08-22T10:27:17Z,ACME\helpdesk1,ACME\jsmith,ticket_review,success,benign,routine identity administration
ACT-00210,2026-08-22T10:31:28Z,ACME\helpdesk1,ACME\mrivera,ticket_review,success,benign,routine identity administration
ACT-00821,2026-08-22T10:32:50Z,ACME\helpdesk1,ACME\mrivera,ticket_review,success,benign,routine identity administration
ACT-00620,2026-08-22T10:33:01Z,ACME\helpdesk1,ACME\mrivera,ticket_review,success,benign,routine identity administration
ACT-00726,2026-08-22T10:34:34Z,ACME\helpdesk1,NT AUTHORITY\SYSTEM,ticket_review,success,benign,routine identity administration
ACT-01372,2026-08-22T10:44:38Z,ACME\helpdesk1,ACME\mrivera,ticket_review,success,benign,routine identity administration
ACT-00458,2026-08-22T10:46:54Z,ACME\helpdesk1,ACME\mrivera,ticket_review,success,benign,routine identity administration
ACT-00690,2026-08-22T10:50:57Z,ACME\helpdesk1,ACME\mrivera,ticket_review,success,benign,routine identity administration
ACT-00294,2026-08-22T10:51:26Z,ACME\helpdesk1,ACME\mrivera,ticket_review,success,benign,routine identity administration
ACT-00171,2026-08-22T10:52:49Z,ACME\helpdesk1,NT AUTHORITY\SYSTEM,ticket_review,success,benign,routine identity administration
ACT-00963,2026-08-22T11:06:38Z,ACME\helpdesk1,ACME\mrivera,ticket_review,success,benign,routine identity administration
ACT-00446,2026-08-22T11:10:58Z,ACME\helpdesk1,ACME\mrivera,ticket_review,success,benign,routine identity administration
ACT-00371,2026-08-22T11:18:47Z,ACME\helpdesk1,ACME\svc_backup,ticket_review,success,benign,routine identity administration
ACT-01590,2026-08-22T11:21:25Z,ACME\helpdesk1,ACME\jsmith,ticket_review,success,benign,routine identity administration
ACT-01502,2026-08-22T11:25:06Z,ACME\helpdesk1,ACME\jsmith,ticket_review,success,benign,routine identity administration
ACT-01698,2026-08-22T11:30:10Z,ACME\helpdesk1,ACME\jsmith,ticket_review,success,benign,routine identity administration
ACT-01562,2026-08-22T11:34:11Z,ACME\helpdesk1,ACME\svc_backup,ticket_review,success,benign,routine identity administration
ACT-01000,2026-08-22T11:37:51Z,ACME\helpdesk1,ACME\jsmith,ticket_review,success,benign,routine identity administration
ACT-01716,2026-08-22T11:38:24Z,ACME\helpdesk1,ACME\svc_print,ticket_review,success,benign,routine identity administration
ACT-00922,2026-08-22T11:40:24Z,ACME\helpdesk1,NT AUTHORITY\SYSTEM,ticket_review,success,benign,routine identity administration
ACT-01369,2026-08-22T11:46:31Z,ACME\helpdesk1,ACME\mrivera,ticket_review,success,benign,routine identity administration
ACT-00905,2026-08-22T11:47:17Z,ACME\helpdesk1,ACME\jsmith,ticket_review,success,benign,routine identity administration
ACT-00127,2026-08-22T11:49:15Z,ACME\helpdesk1,ACME\jsmith,ticket_review,success,benign,routine identity administration
ACT-00109,2026-08-22T11:50:05Z,ACME\helpdesk1,ACME\svc_print,ticket_review,success,benign,routine identity administration
ACT-00336,2026-08-22T11:52:58Z,ACME\helpdesk1,ACME\jsmith,ticket_review,success,benign,routine identity administration
ACT-00745,2026-08-22T11:58:13Z,ACME\helpdesk1,ACME\svc_print,ticket_review,success,benign,routine identity administration
ACT-00384,2026-08-22T11:58:45Z,ACME\helpdesk1,ACME\mrivera,ticket_review,success,benign,routine identity administration
ACT-01632,2026-08-22T12:04:26Z,ACME\helpdesk1,ACME\jsmith,ticket_review,success,benign,routine identity administration
ACT-00015,2026-08-22T12:05:38Z,ACME\helpdesk1,ACME\jsmith,ticket_review,success,benign,routine identity administration
ACT-00656,2026-08-22T12:09:31Z,ACME\helpdesk1,ACME\svc_backup,ticket_review,success,benign,routine identity administration
ACT-00870,2026-08-22T12:19:02Z,ACME\helpdesk1,ACME\jsmith,ticket_review,success,benign,routine identity administration
ACT-00107,2026-08-22T12:25:56Z,ACME\helpdesk1,ACME\jsmith,ticket_review,success,benign,routine identity administration
ACT-00133,2026-08-22T12:26:04Z,ACME\helpdesk1,ACME\mrivera,ticket_review,success,benign,routine identity administration
ACT-00670,2026-08-22T12:27:04Z,ACME\helpdesk1,ACME\svc_backup,ticket_review,success,benign,routine identity administration
ACT-01082,2026-08-22T12:27:48Z,ACME\helpdesk1,NT AUTHORITY\SYSTEM,ticket_review,success,benign,routine identity administration
ACT-01587,2026-08-22T12:29:07Z,ACME\helpdesk1,ACME\mrivera,ticket_review,success,benign,routine identity administration
ACT-00889,2026-08-22T12:29:12Z,ACME\helpdesk1,NT AUTHORITY\SYSTEM,ticket_review,success,benign,routine identity administration
ACT-01237,2026-08-22T12:32:40Z,ACME\helpdesk1,ACME\jsmith,ticket_review,success,benign,routine identity administration
ACT-00514,2026-08-22T12:36:50Z,ACME\helpdesk1,ACME\mrivera,ticket_review,success,benign,routine identity administration
ACT-01337,2026-08-22T12:39:49Z,ACME\helpdesk1,ACME\jsmith,ticket_review,success,benign,routine identity administration
ACT-00528,2026-08-22T12:42:23Z,ACME\helpdesk1,ACME\svc_backup,ticket_review,success,benign,routine identity administration
ACT-00138,2026-08-22T12:45:42Z,ACME\helpdesk1,ACME\svc_backup,ticket_review,success,benign,routine identity administration
ACT-01322,2026-08-22T12:46:20Z,ACME\helpdesk1,ACME\mrivera,ticket_review,success,benign,routine identity administration
ACT-00839,2026-08-22T12:47:45Z,ACME\helpdesk1,ACME\svc_print,ticket_review,success,benign,routine identity administration
ACT-01297,2026-08-22T12:48:28Z,ACME\helpdesk1,ACME\mrivera,ticket_review,success,benign,routine identity administration
ACT-00649,2026-08-22T12:48:29Z,ACME\helpdesk1,ACME\svc_print,ticket_review,success,benign,routine identity administration
ACT-00236,2026-08-22T12:48:54Z,ACME\helpdesk1,ACME\jsmith,ticket_review,success,benign,routine identity administration
ACT-01458,2026-08-22T12:51:56Z,ACME\helpdesk1,ACME\mrivera,ticket_review,success,benign,routine identity administration
ACT-01193,2026-08-22T12:54:00Z,ACME\helpdesk1,NT AUTHORITY\SYSTEM,ticket_review,success,benign,routine identity administration
ACT-00793,2026-08-22T12:57:31Z,ACME\helpdesk1,ACME\svc_print,ticket_review,success,benign,routine identity administration
ACT-01189,2026-08-22T12:58:03Z,ACME\helpdesk1,ACME\svc_print,ticket_review,success,benign,routine identity administration
ACT-00408,2026-08-22T12:59:19Z,ACME\helpdesk1,ACME\mrivera,ticket_review,success,benign,routine identity administration
ACT-00308,2026-08-22T13:03:08Z,ACME\helpdesk1,NT AUTHORITY\SYSTEM,ticket_review,success,benign,routine identity administration
ACT-01334,2026-08-22T13:03:19Z,ACME\helpdesk1,ACME\svc_backup,ticket_review,success,benign,routine identity administration
ACT-01296,2026-08-22T13:16:00Z,ACME\helpdesk1,ACME\jsmith,ticket_review,success,benign,routine identity administration
ACT-00509,2026-08-22T13:22:13Z,ACME\helpdesk1,NT AUTHORITY\SYSTEM,ticket_review,success,benign,routine identity administration
ACT-00634,2026-08-22T13:23:05Z,ACME\helpdesk1,ACME\jsmith,ticket_review,success,benign,routine identity administration
ACT-00016,2026-08-22T13:31:02Z,ACME\helpdesk1,NT AUTHORITY\SYSTEM,ticket_review,success,benign,routine identity administration
ACT-00679,2026-08-22T13:32:49Z,ACME\helpdesk1,ACME\mrivera,ticket_review,success,benign,routine identity administration
ACT-00618,2026-08-22T13:41:12Z,ACME\helpdesk1,ACME\mrivera,ticket_review,success,benign,routine identity administration
ACT-00730,2026-08-22T13:43:16Z,ACME\helpdesk1,ACME\svc_print,ticket_review,success,benign,routine identity administration
ACT-01479,2026-08-22T13:43:17Z,ACME\helpdesk1,ACME\svc_print,ticket_review,success,benign,routine identity administration
ACT-00774,2026-08-22T13:46:25Z,ACME\helpdesk1,ACME\svc_print,ticket_review,success,benign,routine identity administration
ACT-00877,2026-08-22T13:46:43Z,ACME\helpdesk1,ACME\svc_print,ticket_review,success,benign,routine identity administration
ACT-01419,2026-08-22T13:48:44Z,ACME\helpdesk1,ACME\svc_backup,ticket_review,success,benign,routine identity administration
ACT-01302,2026-08-22T13:49:42Z,ACME\helpdesk1,ACME\jsmith,ticket_review,success,benign,routine identity administration
ACT-01538,2026-08-22T13:51:49Z,ACME\helpdesk1,ACME\svc_print,ticket_review,success,benign,routine identity administration
ACT-00168,2026-08-22T13:54:19Z,ACME\helpdesk1,ACME\jsmith,ticket_review,success,benign,routine identity administration
ACT-00362,2026-08-22T13:56:34Z,ACME\helpdesk1,NT AUTHORITY\SYSTEM,ticket_review,success,benign,routine identity administration
ACT-01427,2026-08-22T14:02:44Z,ACME\helpdesk1,NT AUTHORITY\SYSTEM,ticket_review,success,benign,routine identity administration
ACT-00570,2026-08-22T14:06:10Z,ACME\helpdesk1,ACME\mrivera,ticket_review,success,benign,routine identity administration
ACT-00789,2026-08-22T14:18:34Z,ACME\helpdesk1,NT AUTHORITY\SYSTEM,ticket_review,success,benign,routine identity administration
ACT-00804,2026-08-22T14:18:34Z,ACME\helpdesk1,ACME\svc_print,ticket_review,success,benign,routine identity administration
ACT-01639,2026-08-22T14:23:15Z,ACME\helpdesk1,ACME\mrivera,ticket_review,success,benign,routine identity administration
ACT-00074,2026-08-22T14:28:37Z,ACME\helpdesk1,ACME\svc_backup,ticket_review,success,benign,routine identity administration
ACT-01450,2026-08-22T14:47:46Z,ACME\helpdesk1,NT AUTHORITY\SYSTEM,ticket_review,success,benign,routine identity administration
ACT-01040,2026-08-22T14:56:27Z,ACME\helpdesk1,ACME\svc_print,ticket_review,success,benign,routine identity administration
ACT-01615,2026-08-22T14:57:12Z,ACME\helpdesk1,ACME\svc_print,ticket_review,success,benign,routine identity administration
ACT-00061,2026-08-22T14:57:32Z,ACME\helpdesk1,ACME\jsmith,ticket_review,success,benign,routine identity administration
ACT-01737,2026-08-22T15:04:35Z,ACME\helpdesk1,NT AUTHORITY\SYSTEM,ticket_review,success,benign,routine identity administration
ACT-01205,2026-08-22T15:05:44Z,ACME\helpdesk1,ACME\svc_backup,ticket_review,success,benign,routine identity administration
ACT-00650,2026-08-22T15:11:20Z,ACME\helpdesk1,ACME\mrivera,ticket_review,success,benign,routine identity administration
ACT-01663,2026-08-22T15:12:15Z,ACME\helpdesk1,ACME\svc_backup,ticket_review,success,benign,routine identity administration
ACT-01735,2026-08-22T15:14:05Z,ACME\helpdesk1,ACME\jsmith,ticket_review,success,benign,routine identity administration
ACT-00956,2026-08-22T15:16:40Z,ACME\helpdesk1,ACME\svc_backup,ticket_review,success,benign,routine identity administration
ACT-00628,2026-08-22T15:22:36Z,ACME\helpdesk1,ACME\svc_print,ticket_review,success,benign,routine identity administration
ACT-01152,2026-08-22T15:26:32Z,ACME\helpdesk1,NT AUTHORITY\SYSTEM,ticket_review,success,benign,routine identity administration
ACT-00340,2026-08-22T15:26:36Z,ACME\helpdesk1,ACME\mrivera,ticket_review,success,benign,routine identity administration
ACT-01135,2026-08-22T15:33:41Z,ACME\helpdesk1,NT AUTHORITY\SYSTEM,ticket_review,success,benign,routine identity administration
ACT-00292,2026-08-22T15:34:34Z,ACME\helpdesk1,NT AUTHORITY\SYSTEM,ticket_review,success,benign,routine identity administration
ACT-00778,2026-08-22T15:43:06Z,ACME\helpdesk1,ACME\mrivera,ticket_review,success,benign,routine identity administration
ACT-00488,2026-08-22T15:43:36Z,ACME\helpdesk1,NT AUTHORITY\SYSTEM,ticket_review,success,benign,routine identity administration
ACT-00501,2026-08-22T15:43:38Z,ACME\helpdesk1,NT AUTHORITY\SYSTEM,ticket_review,success,benign,routine identity administration
ACT-01123,2026-08-22T15:45:22Z,ACME\helpdesk1,NT AUTHORITY\SYSTEM,ticket_review,success,benign,routine identity administration
ACT-01489,2026-08-22T15:59:28Z,ACME\helpdesk1,ACME\mrivera,ticket_review,success,benign,routine identity administration
ACT-01336,2026-08-22T16:02:07Z,ACME\helpdesk1,NT AUTHORITY\SYSTEM,ticket_review,success,benign,routine identity administration
ACT-00678,2026-08-22T16:03:32Z,ACME\helpdesk1,NT AUTHORITY\SYSTEM,ticket_review,success,benign,routine identity administration
ACT-01043,2026-08-22T16:03:34Z,ACME\helpdesk1,ACME\jsmith,ticket_review,success,benign,routine identity administration
ACT-00214,2026-08-22T16:09:03Z,ACME\helpdesk1,ACME\jsmith,ticket_review,success,benign,routine identity administration
ACT-01566,2026-08-22T16:10:35Z,ACME\helpdesk1,NT AUTHORITY\SYSTEM,ticket_review,success,benign,routine identity administration
ACT-01482,2026-08-22T16:14:45Z,ACME\helpdesk1,ACME\jsmith,ticket_review,success,benign,routine identity administration
ACT-00508,2026-08-22T16:15:39Z,ACME\helpdesk1,NT AUTHORITY\SYSTEM,ticket_review,success,benign,routine identity administration
ACT-00829,2026-08-22T16:17:40Z,ACME\helpdesk1,ACME\jsmith,ticket_review,success,benign,routine identity administration
ACT-00394,2026-08-22T16:21:01Z,ACME\helpdesk1,ACME\mrivera,ticket_review,success,benign,routine identity administration
ACT-00278,2026-08-22T16:22:58Z,ACME\helpdesk1,ACME\jsmith,ticket_review,success,benign,routine identity administration
ACT-00693,2026-08-22T16:42:27Z,ACME\helpdesk1,NT AUTHORITY\SYSTEM,ticket_review,success,benign,routine identity administration
ACT-01761,2026-08-22T16:42:42Z,ACME\helpdesk1,NT AUTHORITY\SYSTEM,ticket_review,success,benign,routine identity administration
ACT-01358,2026-08-22T16:43:13Z,ACME\helpdesk1,ACME\jsmith,ticket_review,success,benign,routine identity administration
ACT-00359,2026-08-22T16:44:54Z,ACME\helpdesk1,ACME\mrivera,ticket_review,success,benign,routine identity administration
ACT-01214,2026-08-22T16:46:47Z,ACME\helpdesk1,ACME\svc_print,ticket_review,success,benign,routine identity administration
ACT-00803,2026-08-22T16:48:52Z,ACME\helpdesk1,ACME\svc_print,ticket_review,success,benign,routine identity administration
ACT-01642,2026-08-22T16:50:51Z,ACME\helpdesk1,ACME\mrivera,ticket_review,success,benign,routine identity administration
ACT-01785,2026-08-22T16:51:37Z,ACME\helpdesk1,NT AUTHORITY\SYSTEM,ticket_review,success,benign,routine identity administration
ACT-01145,2026-08-22T16:59:59Z,ACME\helpdesk1,ACME\mrivera,ticket_review,success,benign,routine identity administration
ACT-00126,2026-08-22T17:14:43Z,ACME\helpdesk1,ACME\jsmith,ticket_review,success,benign,routine identity administration
ACT-00740,2026-08-22T17:18:19Z,ACME\helpdesk1,ACME\svc_print,ticket_review,success,benign,routine identity administration
ACT-00750,2026-08-22T17:19:12Z,ACME\helpdesk1,ACME\jsmith,ticket_review,success,benign,routine identity administration
ACT-01379,2026-08-22T17:22:21Z,ACME\helpdesk1,NT AUTHORITY\SYSTEM,ticket_review,success,benign,routine identity administration
ACT-01241,2026-08-22T17:24:34Z,ACME\helpdesk1,NT AUTHORITY\SYSTEM,ticket_review,success,benign,routine identity administration
ACT-01585,2026-08-22T17:26:21Z,ACME\helpdesk1,ACME\mrivera,ticket_review,success,benign,routine identity administration
ACT-00518,2026-08-22T17:30:48Z,ACME\helpdesk1,ACME\mrivera,ticket_review,success,benign,routine identity administration
ACT-01430,2026-08-22T17:42:58Z,ACME\helpdesk1,ACME\jsmith,ticket_review,success,benign,routine identity administration
ACT-01418,2026-08-22T17:45:21Z,ACME\helpdesk1,ACME\svc_backup,ticket_review,success,benign,routine identity administration
ACT-01770,2026-08-22T17:47:06Z,ACME\helpdesk1,ACME\svc_print,ticket_review,success,benign,routine identity administration
ACT-00598,2026-08-22T17:50:46Z,ACME\helpdesk1,ACME\jsmith,ticket_review,success,benign,routine identity administration
ACT-01772,2026-08-22T17:57:11Z,ACME\helpdesk1,ACME\mrivera,ticket_review,success,benign,routine identity administration
ACT-01577,2026-08-22T17:58:57Z,ACME\helpdesk1,NT AUTHORITY\SYSTEM,ticket_review,success,benign,routine identity administration
ACT-01124,2026-08-22T18:06:18Z,ACME\helpdesk1,NT AUTHORITY\SYSTEM,ticket_review,success,benign,routine identity administration
ACT-01375,2026-08-22T18:07:27Z,ACME\helpdesk1,ACME\jsmith,ticket_review,success,benign,routine identity administration
ACT-01263,2026-08-22T18:08:38Z,ACME\helpdesk1,ACME\svc_backup,ticket_review,success,benign,routine identity administration
ACT-00886,2026-08-22T18:11:32Z,ACME\helpdesk1,ACME\jsmith,ticket_review,success,benign,routine identity administration
ACT-01409,2026-08-22T18:11:33Z,ACME\helpdesk1,ACME\jsmith,ticket_review,success,benign,routine identity administration
ACT-01769,2026-08-22T18:12:09Z,ACME\helpdesk1,NT AUTHORITY\SYSTEM,ticket_review,success,benign,routine identity administration
ACT-00549,2026-08-22T18:12:16Z,ACME\helpdesk1,ACME\svc_backup,ticket_review,success,benign,routine identity administration
ACT-00447,2026-08-22T18:12:59Z,ACME\helpdesk1,ACME\mrivera,ticket_review,success,benign,routine identity administration
ACT-01433,2026-08-22T18:16:45Z,ACME\helpdesk1,ACME\svc_print,ticket_review,success,benign,routine identity administration
ACT-00765,2026-08-22T18:20:39Z,ACME\helpdesk1,ACME\mrivera,ticket_review,success,benign,routine identity administration
ACT-01267,2026-08-22T18:20:49Z,ACME\helpdesk1,ACME\mrivera,ticket_review,success,benign,routine identity administration
ACT-00387,2026-08-22T18:32:15Z,ACME\helpdesk1,ACME\svc_backup,ticket_review,success,benign,routine identity administration
ACT-00852,2026-08-22T18:32:45Z,ACME\helpdesk1,ACME\jsmith,ticket_review,success,benign,routine identity administration
ACT-00996,2026-08-22T18:33:51Z,ACME\helpdesk1,ACME\jsmith,ticket_review,success,benign,routine identity administration
ACT-01003,2026-08-22T18:40:30Z,ACME\helpdesk1,ACME\svc_print,ticket_review,success,benign,routine identity administration
ACT-01380,2026-08-22T18:41:18Z,ACME\helpdesk1,ACME\svc_print,ticket_review,success,benign,routine identity administration
ACT-00808,2026-08-22T18:46:34Z,ACME\helpdesk1,ACME\svc_print,ticket_review,success,benign,routine identity administration
ACT-00069,2026-08-22T18:48:24Z,ACME\helpdesk1,ACME\mrivera,ticket_review,success,benign,routine identity administration
ACT-00005,2026-08-22T18:48:42Z,ACME\helpdesk1,ACME\svc_backup,ticket_review,success,benign,routine identity administration
ACT-00081,2026-08-22T18:50:15Z,ACME\helpdesk1,ACME\jsmith,ticket_review,success,benign,routine identity administration
ACT-01513,2026-08-22T18:52:28Z,ACME\helpdesk1,NT AUTHORITY\SYSTEM,ticket_review,success,benign,routine identity administration
ACT-01697,2026-08-22T18:55:54Z,ACME\helpdesk1,ACME\svc_print,ticket_review,success,benign,routine identity administration
ACT-00882,2026-08-22T18:56:45Z,ACME\helpdesk1,ACME\jsmith,ticket_review,success,benign,routine identity administration
ACT-00584,2026-08-22T19:02:18Z,ACME\helpdesk1,ACME\svc_backup,ticket_review,success,benign,routine identity administration
ACT-00303,2026-08-22T19:02:49Z,ACME\helpdesk1,NT AUTHORITY\SYSTEM,ticket_review,success,benign,routine identity administration
ACT-00369,2026-08-22T19:03:07Z,ACME\helpdesk1,NT AUTHORITY\SYSTEM,ticket_review,success,benign,routine identity administration
ACT-00060,2026-08-22T19:08:39Z,ACME\helpdesk1,ACME\svc_backup,ticket_review,success,benign,routine identity administration
ACT-00980,2026-08-22T19:13:03Z,ACME\helpdesk1,ACME\svc_print,ticket_review,success,benign,routine identity administration
ACT-00689,2026-08-22T19:22:10Z,ACME\helpdesk1,ACME\svc_print,ticket_review,success,benign,routine identity administration
ACT-01694,2026-08-22T19:24:56Z,ACME\helpdesk1,ACME\svc_print,ticket_review,success,benign,routine identity administration
ACT-01117,2026-08-22T19:28:18Z,ACME\helpdesk1,ACME\jsmith,ticket_review,success,benign,routine identity administration
ACT-01067,2026-08-22T19:32:17Z,ACME\helpdesk1,ACME\mrivera,ticket_review,success,benign,routine identity administration
ACT-01481,2026-08-22T19:33:52Z,ACME\helpdesk1,NT AUTHORITY\SYSTEM,ticket_review,success,benign,routine identity administration
ACT-00647,2026-08-22T19:38:13Z,ACME\helpdesk1,ACME\svc_print,ticket_review,success,benign,routine identity administration
ACT-00307,2026-08-22T19:39:53Z,ACME\helpdesk1,NT AUTHORITY\SYSTEM,ticket_review,success,benign,routine identity administration
ACT-00166,2026-08-22T19:40:42Z,ACME\helpdesk1,ACME\svc_print,ticket_review,success,benign,routine identity administration
ACT-00474,2026-08-22T19:54:32Z,ACME\helpdesk1,ACME\jsmith,ticket_review,success,benign,routine identity administration
ACT-00068,2026-08-22T19:57:27Z,ACME\helpdesk1,NT AUTHORITY\SYSTEM,ticket_review,success,benign,routine identity administration
ACT-01128,2026-08-22T20:01:29Z,ACME\helpdesk1,ACME\mrivera,ticket_review,success,benign,routine identity administration
ACT-00899,2026-08-22T20:01:55Z,ACME\helpdesk1,NT AUTHORITY\SYSTEM,ticket_review,success,benign,routine identity administration
ACT-01344,2026-08-22T20:02:23Z,ACME\helpdesk1,ACME\svc_print,ticket_review,success,benign,routine identity administration
ACT-01744,2026-08-22T20:04:38Z,ACME\helpdesk1,ACME\svc_backup,ticket_review,success,benign,routine identity administration
ACT-01471,2026-08-22T20:11:13Z,ACME\helpdesk1,ACME\svc_backup,ticket_review,success,benign,routine identity administration
ACT-01280,2026-08-22T20:14:03Z,ACME\helpdesk1,ACME\mrivera,ticket_review,success,benign,routine identity administration
ACT-00186,2026-08-22T20:14:47Z,ACME\helpdesk1,ACME\svc_backup,ticket_review,success,benign,routine identity administration
ACT-01285,2026-08-22T20:15:09Z,ACME\helpdesk1,ACME\mrivera,ticket_review,success,benign,routine identity administration
ACT-00316,2026-08-22T20:16:28Z,ACME\helpdesk1,ACME\jsmith,ticket_review,success,benign,routine identity administration
ACT-00417,2026-08-22T20:18:48Z,ACME\helpdesk1,ACME\svc_backup,ticket_review,success,benign,routine identity administration
ACT-00681,2026-08-22T20:20:14Z,ACME\helpdesk1,ACME\mrivera,ticket_review,success,benign,routine identity administration
ACT-00608,2026-08-22T20:20:21Z,ACME\helpdesk1,ACME\svc_print,ticket_review,success,benign,routine identity administration
ACT-00398,2026-08-22T20:34:08Z,ACME\helpdesk1,ACME\mrivera,ticket_review,success,benign,routine identity administration
ACT-00596,2026-08-22T20:53:05Z,ACME\helpdesk1,ACME\mrivera,ticket_review,success,benign,routine identity administration
ACT-01253,2026-08-22T20:56:30Z,ACME\helpdesk1,ACME\jsmith,ticket_review,success,benign,routine identity administration
ACT-01705,2026-08-22T20:56:48Z,ACME\helpdesk1,ACME\mrivera,ticket_review,success,benign,routine identity administration
ACT-01157,2026-08-22T21:07:01Z,ACME\helpdesk1,ACME\jsmith,ticket_review,success,benign,routine identity administration
ACT-00465,2026-08-22T21:08:14Z,ACME\helpdesk1,ACME\jsmith,ticket_review,success,benign,routine identity administration
ACT-00834,2026-08-22T21:10:29Z,ACME\helpdesk1,ACME\svc_print,ticket_review,success,benign,routine identity administration
ACT-00102,2026-08-22T21:15:19Z,ACME\helpdesk1,NT AUTHORITY\SYSTEM,ticket_review,success,benign,routine identity administration
ACT-00449,2026-08-22T21:18:10Z,ACME\helpdesk1,NT AUTHORITY\SYSTEM,ticket_review,success,benign,routine identity administration
ACT-01041,2026-08-22T21:19:21Z,ACME\helpdesk1,ACME\svc_print,ticket_review,success,benign,routine identity administration
ACT-00065,2026-08-22T21:22:59Z,ACME\helpdesk1,ACME\jsmith,ticket_review,success,benign,routine identity administration
ACT-00939,2026-08-22T21:25:19Z,ACME\helpdesk1,ACME\jsmith,ticket_review,success,benign,routine identity administration
ACT-01126,2026-08-22T21:25:27Z,ACME\helpdesk1,ACME\jsmith,ticket_review,success,benign,routine identity administration
ACT-01763,2026-08-22T21:25:48Z,ACME\helpdesk1,ACME\svc_backup,ticket_review,success,benign,routine identity administration
ACT-00269,2026-08-22T21:28:45Z,ACME\helpdesk1,ACME\jsmith,ticket_review,success,benign,routine identity administration
ACT-00284,2026-08-22T21:35:45Z,ACME\helpdesk1,ACME\svc_print,ticket_review,success,benign,routine identity administration
ACT-00396,2026-08-22T21:43:00Z,ACME\helpdesk1,ACME\jsmith,ticket_review,success,benign,routine identity administration
ACT-00343,2026-08-22T21:46:57Z,ACME\helpdesk1,ACME\svc_backup,ticket_review,success,benign,routine identity administration
ACT-00581,2026-08-22T21:47:00Z,ACME\helpdesk1,ACME\svc_print,ticket_review,success,benign,routine identity administration
ACT-00849,2026-08-22T21:47:18Z,ACME\helpdesk1,ACME\jsmith,ticket_review,success,benign,routine identity administration
ACT-01634,2026-08-22T21:56:22Z,ACME\helpdesk1,NT AUTHORITY\SYSTEM,ticket_review,success,benign,routine identity administration
ACT-00173,2026-08-22T21:58:30Z,ACME\helpdesk1,ACME\svc_print,ticket_review,success,benign,routine identity administration
ACT-01178,2026-08-22T21:59:46Z,ACME\helpdesk1,NT AUTHORITY\SYSTEM,ticket_review,success,benign,routine identity administration
ACT-01182,2026-08-22T22:02:42Z,ACME\helpdesk1,ACME\svc_backup,ticket_review,success,benign,routine identity administration
ACT-00036,2026-08-22T22:05:46Z,ACME\helpdesk1,ACME\jsmith,ticket_review,success,benign,routine identity administration
ACT-00123,2026-08-22T22:08:04Z,ACME\helpdesk1,ACME\jsmith,ticket_review,success,benign,routine identity administration
ACT-00568,2026-08-22T22:09:53Z,ACME\helpdesk1,ACME\jsmith,ticket_review,success,benign,routine identity administration
ACT-00342,2026-08-22T22:10:19Z,ACME\helpdesk1,NT AUTHORITY\SYSTEM,ticket_review,success,benign,routine identity administration
ACT-01714,2026-08-22T22:23:09Z,ACME\helpdesk1,ACME\svc_backup,ticket_review,success,benign,routine identity administration
ACT-01160,2026-08-22T22:25:13Z,ACME\helpdesk1,ACME\svc_print,ticket_review,success,benign,routine identity administration
ACT-00605,2026-08-22T22:30:05Z,ACME\helpdesk1,ACME\svc_print,ticket_review,success,benign,routine identity administration
ACT-00106,2026-08-22T22:32:30Z,ACME\helpdesk1,NT AUTHORITY\SYSTEM,ticket_review,success,benign,routine identity administration
ACT-01721,2026-08-22T22:34:36Z,ACME\helpdesk1,ACME\jsmith,ticket_review,success,benign,routine identity administration
ACT-00762,2026-08-22T22:35:55Z,ACME\helpdesk1,ACME\svc_print,ticket_review,success,benign,routine identity administration
ACT-00129,2026-08-22T22:38:31Z,ACME\helpdesk1,ACME\jsmith,ticket_review,success,benign,routine identity administration
ACT-01530,2026-08-22T22:44:26Z,ACME\helpdesk1,ACME\mrivera,ticket_review,success,benign,routine identity administration
ACT-00860,2026-08-22T22:45:35Z,ACME\helpdesk1,ACME\mrivera,ticket_review,success,benign,routine identity administration
ACT-01664,2026-08-22T22:49:21Z,ACME\helpdesk1,ACME\svc_print,ticket_review,success,benign,routine identity administration
ACT-00093,2026-08-22T22:53:41Z,ACME\helpdesk1,NT AUTHORITY\SYSTEM,ticket_review,success,benign,routine identity administration
ACT-01625,2026-08-22T22:56:41Z,ACME\helpdesk1,ACME\svc_backup,ticket_review,success,benign,routine identity administration
ACT-01103,2026-08-22T22:58:38Z,ACME\helpdesk1,ACME\svc_backup,ticket_review,success,benign,routine identity administration
ACT-01390,2026-08-22T23:05:37Z,ACME\helpdesk1,ACME\jsmith,ticket_review,success,benign,routine identity administration
ACT-00600,2026-08-22T23:08:20Z,ACME\helpdesk1,ACME\svc_print,ticket_review,success,benign,routine identity administration
ACT-00301,2026-08-22T23:14:16Z,ACME\helpdesk1,ACME\svc_backup,ticket_review,success,benign,routine identity administration
ACT-01309,2026-08-22T23:15:50Z,ACME\helpdesk1,ACME\svc_backup,ticket_review,success,benign,routine identity administration
ACT-00220,2026-08-22T23:18:19Z,ACME\helpdesk1,ACME\mrivera,ticket_review,success,benign,routine identity administration
ACT-01656,2026-08-22T23:26:38Z,ACME\helpdesk1,NT AUTHORITY\SYSTEM,ticket_review,success,benign,routine identity administration
ACT-00984,2026-08-22T23:28:36Z,ACME\helpdesk1,ACME\mrivera,ticket_review,success,benign,routine identity administration
ACT-00397,2026-08-22T23:29:01Z,ACME\helpdesk1,ACME\jsmith,ticket_review,success,benign,routine identity administration
ACT-00708,2026-08-22T23:29:16Z,ACME\helpdesk1,ACME\mrivera,ticket_review,success,benign,routine identity administration
ACT-00863,2026-08-22T23:33:30Z,ACME\helpdesk1,ACME\mrivera,ticket_review,success,benign,routine identity administration
ACT-01134,2026-08-22T23:46:11Z,ACME\helpdesk1,ACME\mrivera,ticket_review,success,benign,routine identity administration
ACT-00974,2026-08-22T23:53:36Z,ACME\helpdesk1,ACME\svc_backup,ticket_review,success,benign,routine identity administration
ACT-01113,2026-08-22T23:56:46Z,ACME\helpdesk1,NT AUTHORITY\SYSTEM,ticket_review,success,benign,routine identity administration
ACT-00141,2026-08-23T00:00:06Z,ACME\helpdesk1,ACME\svc_print,ticket_review,success,benign,routine identity administration
ACT-00368,2026-08-23T00:05:50Z,ACME\helpdesk1,ACME\svc_backup,ticket_review,success,benign,routine identity administration
ACT-00592,2026-08-23T00:09:49Z,ACME\helpdesk1,NT AUTHORITY\SYSTEM,ticket_review,success,benign,routine identity administration
ACT-00535,2026-08-23T00:15:10Z,ACME\helpdesk1,ACME\svc_backup,ticket_review,success,benign,routine identity administration
ACT-00797,2026-08-23T00:15:45Z,ACME\helpdesk1,ACME\svc_print,ticket_review,success,benign,routine identity administration
ACT-00888,2026-08-23T00:19:13Z,ACME\helpdesk1,ACME\svc_print,ticket_review,success,benign,routine identity administration
ACT-00606,2026-08-23T00:19:52Z,ACME\helpdesk1,ACME\svc_print,ticket_review,success,benign,routine identity administration
ACT-00712,2026-08-23T00:28:26Z,ACME\helpdesk1,ACME\mrivera,ticket_review,success,benign,routine identity administration
ACT-00494,2026-08-23T00:29:58Z,ACME\helpdesk1,ACME\svc_backup,ticket_review,success,benign,routine identity administration
ACT-01239,2026-08-23T00:31:47Z,ACME\helpdesk1,ACME\mrivera,ticket_review,success,benign,routine identity administration
ACT-00194,2026-08-23T00:33:47Z,ACME\helpdesk1,NT AUTHORITY\SYSTEM,ticket_review,success,benign,routine identity administration
ACT-00327,2026-08-23T00:36:15Z,ACME\helpdesk1,ACME\svc_print,ticket_review,success,benign,routine identity administration
ACT-01159,2026-08-23T00:36:24Z,ACME\helpdesk1,NT AUTHORITY\SYSTEM,ticket_review,success,benign,routine identity administration
ACT-01215,2026-08-23T00:40:14Z,ACME\helpdesk1,ACME\svc_backup,ticket_review,success,benign,routine identity administration
ACT-00555,2026-08-23T00:40:47Z,ACME\helpdesk1,ACME\svc_backup,ticket_review,success,benign,routine identity administration
ACT-00524,2026-08-23T00:43:00Z,ACME\helpdesk1,ACME\mrivera,ticket_review,success,benign,routine identity administration
ACT-00254,2026-08-23T00:48:38Z,ACME\helpdesk1,NT AUTHORITY\SYSTEM,ticket_review,success,benign,routine identity administration
ACT-00823,2026-08-23T01:02:01Z,ACME\helpdesk1,NT AUTHORITY\SYSTEM,ticket_review,success,benign,routine identity administration
ACT-01033,2026-08-23T01:10:33Z,ACME\helpdesk1,NT AUTHORITY\SYSTEM,ticket_review,success,benign,routine identity administration
ACT-01551,2026-08-23T01:29:28Z,ACME\helpdesk1,ACME\svc_print,ticket_review,success,benign,routine identity administration
ACT-01459,2026-08-23T01:32:07Z,ACME\helpdesk1,ACME\svc_print,ticket_review,success,benign,routine identity administration
ACT-00737,2026-08-23T01:39:02Z,ACME\helpdesk1,NT AUTHORITY\SYSTEM,ticket_review,success,benign,routine identity administration
ACT-00826,2026-08-23T01:49:03Z,ACME\helpdesk1,ACME\jsmith,ticket_review,success,benign,routine identity administration
ACT-00032,2026-08-23T01:52:03Z,ACME\helpdesk1,NT AUTHORITY\SYSTEM,ticket_review,success,benign,routine identity administration
ACT-01468,2026-08-23T01:53:56Z,ACME\helpdesk1,ACME\svc_print,ticket_review,success,benign,routine identity administration
ACT-01726,2026-08-23T02:00:47Z,ACME\helpdesk1,ACME\jsmith,ticket_review,success,benign,routine identity administration
ACT-00497,2026-08-23T02:11:19Z,ACME\helpdesk1,ACME\jsmith,ticket_review,success,benign,routine identity administration
ACT-01307,2026-08-23T02:18:45Z,ACME\helpdesk1,ACME\svc_backup,ticket_review,success,benign,routine identity administration
ACT-01001,2026-08-23T02:27:08Z,ACME\helpdesk1,ACME\svc_backup,ticket_review,success,benign,routine identity administration
ACT-01207,2026-08-23T02:35:10Z,ACME\helpdesk1,NT AUTHORITY\SYSTEM,ticket_review,success,benign,routine identity administration
ACT-00321,2026-08-23T02:36:38Z,ACME\helpdesk1,ACME\svc_backup,ticket_review,success,benign,routine identity administration
ACT-00727,2026-08-23T02:38:53Z,ACME\helpdesk1,ACME\svc_backup,ticket_review,success,benign,routine identity administration
ACT-01039,2026-08-23T02:57:49Z,ACME\helpdesk1,ACME\svc_print,ticket_review,success,benign,routine identity administration
ACT-01756,2026-08-23T02:59:46Z,ACME\helpdesk1,ACME\svc_print,ticket_review,success,benign,routine identity administration
ACT-00143,2026-08-23T03:05:00Z,ACME\helpdesk1,ACME\svc_backup,ticket_review,success,benign,routine identity administration
ACT-01665,2026-08-23T03:11:11Z,ACME\helpdesk1,ACME\mrivera,ticket_review,success,benign,routine identity administration
ACT-00525,2026-08-23T03:23:39Z,ACME\helpdesk1,ACME\svc_backup,ticket_review,success,benign,routine identity administration
ACT-01025,2026-08-23T03:28:16Z,ACME\helpdesk1,NT AUTHORITY\SYSTEM,ticket_review,success,benign,routine identity administration
ACT-00367,2026-08-23T03:48:11Z,ACME\helpdesk1,NT AUTHORITY\SYSTEM,ticket_review,success,benign,routine identity administration
ACT-01293,2026-08-23T03:49:20Z,ACME\helpdesk1,ACME\mrivera,ticket_review,success,benign,routine identity administration
ACT-00645,2026-08-23T03:52:56Z,ACME\helpdesk1,ACME\svc_print,ticket_review,success,benign,routine identity administration
ACT-00538,2026-08-23T03:57:12Z,ACME\helpdesk1,NT AUTHORITY\SYSTEM,ticket_review,success,benign,routine identity administration
ACT-01603,2026-08-23T04:11:41Z,ACME\helpdesk1,ACME\jsmith,ticket_review,success,benign,routine identity administration
ACT-00805,2026-08-23T04:13:41Z,ACME\helpdesk1,NT AUTHORITY\SYSTEM,ticket_review,success,benign,routine identity administration
ACT-00131,2026-08-23T04:15:37Z,ACME\helpdesk1,ACME\jsmith,ticket_review,success,benign,routine identity administration
ACT-01257,2026-08-23T04:19:20Z,ACME\helpdesk1,NT AUTHORITY\SYSTEM,ticket_review,success,benign,routine identity administration
ACT-01051,2026-08-23T04:26:12Z,ACME\helpdesk1,ACME\mrivera,ticket_review,success,benign,routine identity administration
ACT-00733,2026-08-23T04:26:54Z,ACME\helpdesk1,ACME\svc_print,ticket_review,success,benign,routine identity administration
ACT-00010,2026-08-23T04:27:30Z,ACME\helpdesk1,NT AUTHORITY\SYSTEM,ticket_review,success,benign,routine identity administration
ACT-01174,2026-08-23T04:29:55Z,ACME\helpdesk1,ACME\mrivera,ticket_review,success,benign,routine identity administration
ACT-00035,2026-08-23T04:30:21Z,ACME\helpdesk1,ACME\svc_print,ticket_review,success,benign,routine identity administration
ACT-00477,2026-08-23T04:37:02Z,ACME\helpdesk1,ACME\jsmith,ticket_review,success,benign,routine identity administration
ACT-01109,2026-08-23T04:40:53Z,ACME\helpdesk1,NT AUTHORITY\SYSTEM,ticket_review,success,benign,routine identity administration
ACT-01618,2026-08-23T04:51:51Z,ACME\helpdesk1,ACME\svc_print,ticket_review,success,benign,routine identity administration
ACT-00640,2026-08-23T04:58:20Z,ACME\helpdesk1,ACME\svc_backup,ticket_review,success,benign,routine identity administration
ACT-00475,2026-08-23T04:59:11Z,ACME\helpdesk1,NT AUTHORITY\SYSTEM,ticket_review,success,benign,routine identity administration
ACT-01394,2026-08-23T05:05:34Z,ACME\helpdesk1,ACME\svc_print,ticket_review,success,benign,routine identity administration
ACT-00945,2026-08-23T05:05:49Z,ACME\helpdesk1,ACME\svc_backup,ticket_review,success,benign,routine identity administration
ACT-00226,2026-08-23T05:06:25Z,ACME\helpdesk1,ACME\svc_backup,ticket_review,success,benign,routine identity administration
ACT-00748,2026-08-23T05:06:50Z,ACME\helpdesk1,ACME\jsmith,ticket_review,success,benign,routine identity administration
ACT-00576,2026-08-23T05:07:21Z,ACME\helpdesk1,ACME\mrivera,ticket_review,success,benign,routine identity administration
ACT-00780,2026-08-23T05:09:28Z,ACME\helpdesk1,ACME\svc_backup,ticket_review,success,benign,routine identity administration
ACT-01461,2026-08-23T05:11:40Z,ACME\helpdesk1,NT AUTHORITY\SYSTEM,ticket_review,success,benign,routine identity administration
ACT-00103,2026-08-23T05:15:50Z,ACME\helpdesk1,ACME\mrivera,ticket_review,success,benign,routine identity administration
ACT-01414,2026-08-23T05:19:28Z,ACME\helpdesk1,NT AUTHORITY\SYSTEM,ticket_review,success,benign,routine identity administration
ACT-01526,2026-08-23T05:22:16Z,ACME\helpdesk1,ACME\mrivera,ticket_review,success,benign,routine identity administration
ACT-01341,2026-08-23T05:31:05Z,ACME\helpdesk1,ACME\jsmith,ticket_review,success,benign,routine identity administration
ACT-00037,2026-08-23T05:31:26Z,ACME\helpdesk1,ACME\jsmith,ticket_review,success,benign,routine identity administration
ACT-01679,2026-08-23T05:45:26Z,ACME\helpdesk1,ACME\svc_print,ticket_review,success,benign,routine identity administration
ACT-00710,2026-08-23T05:46:19Z,ACME\helpdesk1,NT AUTHORITY\SYSTEM,ticket_review,success,benign,routine identity administration
ACT-01320,2026-08-23T05:46:44Z,ACME\helpdesk1,ACME\svc_backup,ticket_review,success,benign,routine identity administration
ACT-00610,2026-08-23T05:48:57Z,ACME\helpdesk1,ACME\mrivera,ticket_review,success,benign,routine identity administration
ACT-01190,2026-08-23T06:11:32Z,ACME\helpdesk1,ACME\svc_backup,ticket_review,success,benign,routine identity administration
ACT-00993,2026-08-23T06:11:38Z,ACME\helpdesk1,ACME\svc_print,ticket_review,success,benign,routine identity administration
ACT-01455,2026-08-23T06:28:06Z,ACME\helpdesk1,ACME\svc_backup,ticket_review,success,benign,routine identity administration
ACT-00942,2026-08-23T06:31:00Z,ACME\helpdesk1,ACME\svc_backup,ticket_review,success,benign,routine identity administration
ACT-00791,2026-08-23T06:34:45Z,ACME\helpdesk1,ACME\svc_print,ticket_review,success,benign,routine identity administration
ACT-00259,2026-08-23T06:35:46Z,ACME\helpdesk1,NT AUTHORITY\SYSTEM,ticket_review,success,benign,routine identity administration
ACT-01641,2026-08-23T06:36:02Z,ACME\helpdesk1,ACME\mrivera,ticket_review,success,benign,routine identity administration
ACT-00701,2026-08-23T06:41:25Z,ACME\helpdesk1,ACME\mrivera,ticket_review,success,benign,routine identity administration
ACT-00662,2026-08-23T06:42:32Z,ACME\helpdesk1,NT AUTHORITY\SYSTEM,ticket_review,success,benign,routine identity administration
ACT-00293,2026-08-23T06:46:30Z,ACME\helpdesk1,ACME\svc_print,ticket_review,success,benign,routine identity administration
ACT-01210,2026-08-23T06:48:49Z,ACME\helpdesk1,ACME\mrivera,ticket_review,success,benign,routine identity administration
ACT-01673,2026-08-23T06:53:48Z,ACME\helpdesk1,ACME\mrivera,ticket_review,success,benign,routine identity administration
ACT-00695,2026-08-23T07:01:10Z,ACME\helpdesk1,ACME\jsmith,ticket_review,success,benign,routine identity administration
ACT-01066,2026-08-23T07:02:56Z,ACME\helpdesk1,NT AUTHORITY\SYSTEM,ticket_review,success,benign,routine identity administration
ACT-01709,2026-08-23T07:03:34Z,ACME\helpdesk1,ACME\svc_backup,ticket_review,success,benign,routine identity administration
ACT-01405,2026-08-23T07:03:49Z,ACME\helpdesk1,ACME\svc_backup,ticket_review,success,benign,routine identity administration
ACT-00400,2026-08-23T07:16:11Z,ACME\helpdesk1,ACME\mrivera,ticket_review,success,benign,routine identity administration
ACT-01628,2026-08-23T07:16:35Z,ACME\helpdesk1,ACME\mrivera,ticket_review,success,benign,routine identity administration
ACT-00673,2026-08-23T07:17:54Z,ACME\helpdesk1,ACME\svc_print,ticket_review,success,benign,routine identity administration
ACT-00490,2026-08-23T07:29:09Z,ACME\helpdesk1,ACME\svc_backup,ticket_review,success,benign,routine identity administration
ACT-01186,2026-08-23T07:32:30Z,ACME\helpdesk1,ACME\svc_backup,ticket_review,success,benign,routine identity administration
ACT-00317,2026-08-23T07:37:47Z,ACME\helpdesk1,ACME\svc_print,ticket_review,success,benign,routine identity administration
ACT-00563,2026-08-23T07:39:32Z,ACME\helpdesk1,ACME\mrivera,ticket_review,success,benign,routine identity administration
ACT-00526,2026-08-23T07:40:55Z,ACME\helpdesk1,ACME\jsmith,ticket_review,success,benign,routine identity administration
ACT-00718,2026-08-23T07:44:05Z,ACME\helpdesk1,NT AUTHORITY\SYSTEM,ticket_review,success,benign,routine identity administration
ACT-01442,2026-08-23T07:46:10Z,ACME\helpdesk1,ACME\jsmith,ticket_review,success,benign,routine identity administration
ACT-00481,2026-08-23T07:46:56Z,ACME\helpdesk1,ACME\svc_backup,ticket_review,success,benign,routine identity administration
ACT-00279,2026-08-23T07:48:36Z,ACME\helpdesk1,NT AUTHORITY\SYSTEM,ticket_review,success,benign,routine identity administration
ACT-01398,2026-08-23T07:48:48Z,ACME\helpdesk1,ACME\jsmith,ticket_review,success,benign,routine identity administration
ACT-00427,2026-08-23T07:58:55Z,ACME\helpdesk1,ACME\jsmith,ticket_review,success,benign,routine identity administration
ACT-00383,2026-08-23T08:01:27Z,ACME\helpdesk1,NT AUTHORITY\SYSTEM,ticket_review,success,benign,routine identity administration
ACT-01093,2026-08-23T08:04:14Z,ACME\helpdesk1,ACME\svc_print,ticket_review,success,benign,routine identity administration
ACT-00632,2026-08-23T08:06:11Z,ACME\helpdesk1,ACME\svc_backup,ticket_review,success,benign,routine identity administration
ACT-00917,2026-08-23T08:11:17Z,ACME\helpdesk1,NT AUTHORITY\SYSTEM,ticket_review,success,benign,routine identity administration
ACT-00098,2026-08-23T08:12:56Z,ACME\helpdesk1,ACME\svc_print,ticket_review,success,benign,routine identity administration
ACT-01407,2026-08-23T08:16:06Z,ACME\helpdesk1,ACME\mrivera,ticket_review,success,benign,routine identity administration
ACT-01604,2026-08-23T08:22:24Z,ACME\helpdesk1,ACME\svc_backup,ticket_review,success,benign,routine identity administration
ACT-01688,2026-08-23T08:39:55Z,ACME\helpdesk1,ACME\mrivera,ticket_review,success,benign,routine identity administration
ACT-00235,2026-08-23T08:42:15Z,ACME\helpdesk1,ACME\svc_print,ticket_review,success,benign,routine identity administration
ACT-01199,2026-08-23T08:49:59Z,ACME\helpdesk1,ACME\mrivera,ticket_review,success,benign,routine identity administration
ACT-00218,2026-08-23T08:52:29Z,ACME\helpdesk1,ACME\svc_print,ticket_review,success,benign,routine identity administration
ACT-00614,2026-08-23T08:53:38Z,ACME\helpdesk1,ACME\svc_print,ticket_review,success,benign,routine identity administration
ACT-01740,2026-08-23T09:05:56Z,ACME\helpdesk1,ACME\mrivera,ticket_review,success,benign,routine identity administration
ACT-01729,2026-08-23T09:06:38Z,ACME\helpdesk1,ACME\svc_print,ticket_review,success,benign,routine identity administration
ACT-00848,2026-08-23T09:07:29Z,ACME\helpdesk1,ACME\mrivera,ticket_review,success,benign,routine identity administration
ACT-00991,2026-08-23T09:07:36Z,ACME\helpdesk1,ACME\jsmith,ticket_review,success,benign,routine identity administration
ACT-01086,2026-08-23T09:08:59Z,ACME\helpdesk1,ACME\svc_print,ticket_review,success,benign,routine identity administration
ACT-00677,2026-08-23T09:09:03Z,ACME\helpdesk1,ACME\jsmith,ticket_review,success,benign,routine identity administration
ACT-01778,2026-08-23T09:14:36Z,ACME\helpdesk1,ACME\mrivera,ticket_review,success,benign,routine identity administration
ACT-00174,2026-08-23T09:17:48Z,ACME\helpdesk1,NT AUTHORITY\SYSTEM,ticket_review,success,benign,routine identity administration
ACT-00964,2026-08-23T09:19:34Z,ACME\helpdesk1,ACME\svc_print,ticket_review,success,benign,routine identity administration
ACT-00682,2026-08-23T09:20:16Z,ACME\helpdesk1,ACME\mrivera,ticket_review,success,benign,routine identity administration
ACT-01441,2026-08-23T09:21:44Z,ACME\helpdesk1,ACME\jsmith,ticket_review,success,benign,routine identity administration
ACT-00566,2026-08-23T09:22:26Z,ACME\helpdesk1,NT AUTHORITY\SYSTEM,ticket_review,success,benign,routine identity administration
ACT-00646,2026-08-23T09:22:46Z,ACME\helpdesk1,NT AUTHORITY\SYSTEM,ticket_review,success,benign,routine identity administration
ACT-00337,2026-08-23T09:22:58Z,ACME\helpdesk1,ACME\mrivera,ticket_review,success,benign,routine identity administration
ACT-01236,2026-08-23T09:26:10Z,ACME\helpdesk1,ACME\mrivera,ticket_review,success,benign,routine identity administration
ACT-01095,2026-08-23T09:29:09Z,ACME\helpdesk1,ACME\jsmith,ticket_review,success,benign,routine identity administration
ACT-01787,2026-08-23T09:31:34Z,ACME\helpdesk1,NT AUTHORITY\SYSTEM,ticket_review,success,benign,routine identity administration
ACT-01283,2026-08-23T09:34:28Z,ACME\helpdesk1,ACME\svc_print,ticket_review,success,benign,routine identity administration
ACT-00348,2026-08-23T09:39:15Z,ACME\helpdesk1,ACME\svc_backup,ticket_review,success,benign,routine identity administration
ACT-01091,2026-08-23T09:43:01Z,ACME\helpdesk1,ACME\svc_backup,ticket_review,success,benign,routine identity administration
ACT-00442,2026-08-23T09:49:51Z,ACME\helpdesk1,ACME\jsmith,ticket_review,success,benign,routine identity administration
ACT-01024,2026-08-23T09:52:01Z,ACME\helpdesk1,ACME\mrivera,ticket_review,success,benign,routine identity administration
ACT-01118,2026-08-23T09:53:20Z,ACME\helpdesk1,ACME\svc_print,ticket_review,success,benign,routine identity administration
ACT-00456,2026-08-23T09:56:26Z,ACME\helpdesk1,ACME\svc_print,ticket_review,success,benign,routine identity administration
ACT-00979,2026-08-23T10:14:22Z,ACME\helpdesk1,NT AUTHORITY\SYSTEM,ticket_review,success,benign,routine identity administration
ACT-01792,2026-08-23T10:14:29Z,ACME\helpdesk1,NT AUTHORITY\SYSTEM,ticket_review,success,benign,routine identity administration
ACT-00621,2026-08-23T10:15:58Z,ACME\helpdesk1,NT AUTHORITY\SYSTEM,ticket_review,success,benign,routine identity administration
ACT-00444,2026-08-23T10:19:26Z,ACME\helpdesk1,ACME\svc_print,ticket_review,success,benign,routine identity administration
ACT-01150,2026-08-23T10:26:44Z,ACME\helpdesk1,ACME\svc_backup,ticket_review,success,benign,routine identity administration
ACT-01389,2026-08-23T10:47:02Z,ACME\helpdesk1,ACME\mrivera,ticket_review,success,benign,routine identity administration
ACT-01436,2026-08-23T10:54:24Z,ACME\helpdesk1,ACME\svc_print,ticket_review,success,benign,routine identity administration
ACT-00285,2026-08-23T10:57:14Z,ACME\helpdesk1,ACME\svc_print,ticket_review,success,benign,routine identity administration
ACT-01147,2026-08-23T10:58:04Z,ACME\helpdesk1,ACME\mrivera,ticket_review,success,benign,routine identity administration
ACT-01565,2026-08-23T10:58:31Z,ACME\helpdesk1,ACME\svc_backup,ticket_review,success,benign,routine identity administration
ACT-00412,2026-08-23T11:05:13Z,ACME\helpdesk1,ACME\mrivera,ticket_review,success,benign,routine identity administration
ACT-00970,2026-08-23T11:06:16Z,ACME\helpdesk1,ACME\svc_backup,ticket_review,success,benign,routine identity administration
ACT-01611,2026-08-23T11:08:34Z,ACME\helpdesk1,ACME\jsmith,ticket_review,success,benign,routine identity administration
ACT-00382,2026-08-23T11:13:51Z,ACME\helpdesk1,ACME\svc_backup,ticket_review,success,benign,routine identity administration
ACT-00312,2026-08-23T11:14:13Z,ACME\helpdesk1,ACME\jsmith,ticket_review,success,benign,routine identity administration
ACT-01216,2026-08-23T11:19:24Z,ACME\helpdesk1,ACME\svc_print,ticket_review,success,benign,routine identity administration
ACT-01079,2026-08-23T11:23:00Z,ACME\helpdesk1,ACME\svc_print,ticket_review,success,benign,routine identity administration
ACT-01292,2026-08-23T11:27:16Z,ACME\helpdesk1,NT AUTHORITY\SYSTEM,ticket_review,success,benign,routine identity administration
ACT-01469,2026-08-23T11:34:00Z,ACME\helpdesk1,ACME\svc_print,ticket_review,success,benign,routine identity administration
ACT-00595,2026-08-23T11:42:56Z,ACME\helpdesk1,ACME\mrivera,ticket_review,success,benign,routine identity administration
ACT-00988,2026-08-23T11:43:55Z,ACME\helpdesk1,ACME\svc_print,ticket_review,success,benign,routine identity administration
ACT-01070,2026-08-23T11:48:01Z,ACME\helpdesk1,ACME\svc_print,ticket_review,success,benign,routine identity administration
ACT-01670,2026-08-23T11:55:23Z,ACME\helpdesk1,ACME\svc_backup,ticket_review,success,benign,routine identity administration
