event_id,_time,host,user,action,file_path,source_process,classification,note
FILE-00779,2026-08-18T12:00:54Z,FIN-WS-14,ACME\mrivera,read,C:\Backup\state.db,robocopy.exe,benign,routine file activity
FILE-00356,2026-08-18T12:01:12Z,FILE-02,ACME\svc_print,create,D:\Shares\Finance\budget.xlsx,explorer.exe,benign,routine file activity
FILE-01246,2026-08-18T12:02:41Z,BACKUP-01,ACME\jsmith,modify,C:\Windows\Temp\app.log,robocopy.exe,benign,routine file activity
FILE-01727,2026-08-18T12:04:02Z,FIN-WS-14,ACME\svc_backup,read,D:\Shares\Finance\budget.xlsx,backup-agent.exe,benign,routine file activity
FILE-00544,2026-08-18T12:05:40Z,JUMP-01,ACME\mrivera,create,D:\Shares\Finance\budget.xlsx,backup-agent.exe,benign,routine file activity
FILE-00391,2026-08-18T12:06:02Z,DC-01,ACME\mrivera,modify,D:\Shares\Finance\budget.xlsx,backup-agent.exe,benign,routine file activity
FILE-00063,2026-08-18T12:07:38Z,DC-01,ACME\svc_print,read,C:\Windows\Temp\app.log,robocopy.exe,benign,routine file activity
FILE-00912,2026-08-18T12:26:57Z,FILE-02,ACME\svc_print,read,C:\Windows\Temp\app.log,backup-agent.exe,benign,routine file activity
FILE-01527,2026-08-18T12:37:58Z,FIN-WS-14,ACME\mrivera,read,D:\Shares\Finance\budget.xlsx,explorer.exe,benign,routine file activity
FILE-01109,2026-08-18T12:41:41Z,APP-API-02,ACME\svc_backup,read,D:\Shares\Finance\budget.xlsx,backup-agent.exe,benign,routine file activity
FILE-00413,2026-08-18T12:49:34Z,BACKUP-01,ACME\svc_print,read,C:\Windows\Temp\app.log,explorer.exe,benign,routine file activity
FILE-01100,2026-08-18T13:00:35Z,APP-API-02,ACME\jsmith,modify,C:\Windows\Temp\app.log,backup-agent.exe,benign,routine file activity
FILE-00715,2026-08-18T13:17:12Z,DC-01,ACME\mrivera,read,D:\Shares\Finance\budget.xlsx,robocopy.exe,benign,routine file activity
FILE-00960,2026-08-18T13:17:23Z,PRINT-01,ACME\jsmith,modify,C:\Backup\state.db,backup-agent.exe,benign,routine file activity
FILE-01219,2026-08-18T13:20:58Z,APP-API-02,ACME\mrivera,modify,D:\Shares\Finance\budget.xlsx,explorer.exe,benign,routine file activity
FILE-00478,2026-08-18T13:21:21Z,DC-01,NT AUTHORITY\SYSTEM,modify,D:\Shares\Finance\budget.xlsx,robocopy.exe,benign,routine file activity
FILE-01277,2026-08-18T13:23:45Z,PRINT-01,NT AUTHORITY\SYSTEM,create,C:\Backup\state.db,backup-agent.exe,benign,routine file activity
FILE-01319,2026-08-18T13:29:58Z,APP-API-02,ACME\svc_print,read,C:\Windows\Temp\app.log,backup-agent.exe,benign,routine file activity
FILE-01667,2026-08-18T13:31:03Z,FILE-02,ACME\svc_backup,read,C:\Windows\Temp\app.log,backup-agent.exe,benign,routine file activity
FILE-00863,2026-08-18T13:33:38Z,DC-01,NT AUTHORITY\SYSTEM,modify,C:\Backup\state.db,explorer.exe,benign,routine file activity
FILE-00495,2026-08-18T13:44:35Z,APP-API-02,ACME\mrivera,modify,C:\Windows\Temp\app.log,backup-agent.exe,benign,routine file activity
FILE-01676,2026-08-18T13:44:43Z,BACKUP-01,ACME\svc_backup,read,D:\Shares\Finance\budget.xlsx,robocopy.exe,benign,routine file activity
FILE-01749,2026-08-18T13:49:27Z,FILE-02,ACME\jsmith,read,D:\Shares\Finance\budget.xlsx,explorer.exe,benign,routine file activity
FILE-01486,2026-08-18T13:51:31Z,PRINT-01,ACME\svc_backup,read,C:\Backup\state.db,backup-agent.exe,benign,routine file activity
FILE-01244,2026-08-18T13:59:37Z,BACKUP-01,ACME\svc_backup,create,D:\Shares\Finance\budget.xlsx,backup-agent.exe,benign,routine file activity
FILE-00742,2026-08-18T14:06:27Z,FIN-WS-14,ACME\mrivera,create,C:\Backup\state.db,backup-agent.exe,benign,routine file activity
FILE-01393,2026-08-18T14:15:22Z,DC-01,ACME\svc_print,read,C:\Windows\Temp\app.log,backup-agent.exe,benign,routine file activity
FILE-00300,2026-08-18T14:18:48Z,BACKUP-01,ACME\svc_print,create,C:\Windows\Temp\app.log,backup-agent.exe,benign,routine file activity
FILE-00577,2026-08-18T14:20:40Z,APP-API-02,ACME\svc_print,read,C:\Windows\Temp\app.log,explorer.exe,benign,routine file activity
FILE-00556,2026-08-18T14:21:52Z,FIN-WS-14,NT AUTHORITY\SYSTEM,modify,C:\Windows\Temp\app.log,explorer.exe,benign,routine file activity
FILE-00885,2026-08-18T14:24:15Z,APP-API-02,ACME\svc_print,create,C:\Backup\state.db,robocopy.exe,benign,routine file activity
FILE-01099,2026-08-18T14:26:26Z,PRINT-01,NT AUTHORITY\SYSTEM,create,C:\Backup\state.db,robocopy.exe,benign,routine file activity
FILE-01440,2026-08-18T14:28:21Z,JUMP-01,NT AUTHORITY\SYSTEM,modify,D:\Shares\Finance\budget.xlsx,backup-agent.exe,benign,routine file activity
FILE-00632,2026-08-18T14:39:00Z,PRINT-01,ACME\mrivera,modify,D:\Shares\Finance\budget.xlsx,explorer.exe,benign,routine file activity
FILE-01271,2026-08-18T14:39:59Z,DC-01,ACME\jsmith,modify,D:\Shares\Finance\budget.xlsx,robocopy.exe,benign,routine file activity
FILE-INC-001,2026-08-18T14:44:12Z,FILE-02,ACME\mrivera,read,D:\Shares\Finance\Q3.xlsx,cmd.exe,investigate,finance share accessed
FILE-INC-002,2026-08-18T14:44:18Z,FILE-02,ACME\mrivera,create,C:\Users\Public\Q3.xlsx,cmd.exe,investigate,local copy created
FILE-BEN-001,2026-08-18T14:45:14Z,FILE-02,ACME\svc_backup,read,D:\Shares\Finance\Q3.xlsx,backup-agent.exe,benign,scheduled backup read
FILE-00105,2026-08-18T14:47:48Z,BACKUP-01,ACME\svc_backup,read,C:\Windows\Temp\app.log,explorer.exe,benign,routine file activity
FILE-RESP-001,2026-08-18T14:53:00Z,FILE-02,ACME\jsmith,create,C:\IR\file02_triage.txt,cmd.exe,response,responder collection
FILE-00187,2026-08-18T14:58:30Z,PRINT-01,ACME\jsmith,create,C:\Windows\Temp\app.log,robocopy.exe,benign,routine file activity
FILE-01056,2026-08-18T15:05:35Z,BACKUP-01,ACME\svc_backup,create,D:\Shares\Finance\budget.xlsx,robocopy.exe,benign,routine file activity
FILE-01577,2026-08-18T15:07:22Z,JUMP-01,NT AUTHORITY\SYSTEM,create,C:\Backup\state.db,robocopy.exe,benign,routine file activity
FILE-00568,2026-08-18T15:07:37Z,DC-01,ACME\mrivera,create,D:\Shares\Finance\budget.xlsx,robocopy.exe,benign,routine file activity
FILE-01580,2026-08-18T15:11:24Z,PRINT-01,ACME\svc_print,create,C:\Windows\Temp\app.log,robocopy.exe,benign,routine file activity
FILE-01010,2026-08-18T15:14:30Z,DC-01,NT AUTHORITY\SYSTEM,create,C:\Windows\Temp\app.log,robocopy.exe,benign,routine file activity
FILE-00768,2026-08-18T15:16:19Z,APP-API-02,ACME\svc_print,modify,D:\Shares\Finance\budget.xlsx,explorer.exe,benign,routine file activity
FILE-00141,2026-08-18T15:23:09Z,BACKUP-01,ACME\svc_backup,read,D:\Shares\Finance\budget.xlsx,backup-agent.exe,benign,routine file activity
FILE-00167,2026-08-18T15:23:30Z,APP-API-02,NT AUTHORITY\SYSTEM,read,C:\Windows\Temp\app.log,robocopy.exe,benign,routine file activity
FILE-00451,2026-08-18T15:35:39Z,APP-API-02,ACME\jsmith,create,C:\Windows\Temp\app.log,backup-agent.exe,benign,routine file activity
FILE-00313,2026-08-18T15:35:40Z,PRINT-01,ACME\svc_backup,read,C:\Backup\state.db,backup-agent.exe,benign,routine file activity
FILE-01346,2026-08-18T15:44:12Z,FILE-02,ACME\jsmith,create,C:\Windows\Temp\app.log,backup-agent.exe,benign,routine file activity
FILE-00518,2026-08-18T15:44:25Z,BACKUP-01,ACME\svc_backup,create,C:\Windows\Temp\app.log,robocopy.exe,benign,routine file activity
FILE-00255,2026-08-18T15:48:01Z,JUMP-01,ACME\svc_backup,create,C:\Windows\Temp\app.log,explorer.exe,benign,routine file activity
FILE-01306,2026-08-18T15:54:30Z,PRINT-01,NT AUTHORITY\SYSTEM,read,D:\Shares\Finance\budget.xlsx,explorer.exe,benign,routine file activity
FILE-00900,2026-08-18T15:58:29Z,FIN-WS-14,ACME\svc_backup,read,D:\Shares\Finance\budget.xlsx,robocopy.exe,benign,routine file activity
FILE-00599,2026-08-18T16:01:11Z,PRINT-01,NT AUTHORITY\SYSTEM,create,C:\Backup\state.db,robocopy.exe,benign,routine file activity
FILE-00060,2026-08-18T16:05:43Z,BACKUP-01,NT AUTHORITY\SYSTEM,create,D:\Shares\Finance\budget.xlsx,backup-agent.exe,benign,routine file activity
FILE-01481,2026-08-18T16:21:17Z,JUMP-01,ACME\svc_print,read,C:\Windows\Temp\app.log,robocopy.exe,benign,routine file activity
FILE-01742,2026-08-18T16:25:28Z,JUMP-01,ACME\svc_backup,modify,C:\Backup\state.db,backup-agent.exe,benign,routine file activity
FILE-00202,2026-08-18T16:29:14Z,DC-01,ACME\jsmith,read,C:\Windows\Temp\app.log,explorer.exe,benign,routine file activity
FILE-00112,2026-08-18T16:29:51Z,JUMP-01,ACME\jsmith,create,C:\Windows\Temp\app.log,backup-agent.exe,benign,routine file activity
FILE-00928,2026-08-18T16:36:42Z,FIN-WS-14,ACME\svc_backup,read,C:\Windows\Temp\app.log,robocopy.exe,benign,routine file activity
FILE-01602,2026-08-18T16:40:27Z,APP-API-02,ACME\jsmith,modify,C:\Backup\state.db,explorer.exe,benign,routine file activity
FILE-00377,2026-08-18T16:41:29Z,FILE-02,ACME\svc_backup,modify,C:\Backup\state.db,robocopy.exe,benign,routine file activity
FILE-01519,2026-08-18T16:45:28Z,PRINT-01,NT AUTHORITY\SYSTEM,modify,D:\Shares\Finance\budget.xlsx,explorer.exe,benign,routine file activity
FILE-00410,2026-08-18T16:49:24Z,FIN-WS-14,ACME\svc_backup,read,C:\Backup\state.db,explorer.exe,benign,routine file activity
FILE-00958,2026-08-18T16:51:57Z,BACKUP-01,ACME\svc_backup,modify,C:\Backup\state.db,explorer.exe,benign,routine file activity
FILE-00205,2026-08-18T16:59:41Z,BACKUP-01,ACME\svc_print,read,C:\Windows\Temp\app.log,robocopy.exe,benign,routine file activity
FILE-01504,2026-08-18T17:00:51Z,FIN-WS-14,ACME\jsmith,modify,D:\Shares\Finance\budget.xlsx,backup-agent.exe,benign,routine file activity
FILE-00312,2026-08-18T17:00:54Z,BACKUP-01,ACME\mrivera,modify,D:\Shares\Finance\budget.xlsx,backup-agent.exe,benign,routine file activity
FILE-01592,2026-08-18T17:12:31Z,FIN-WS-14,ACME\jsmith,modify,D:\Shares\Finance\budget.xlsx,backup-agent.exe,benign,routine file activity
FILE-00278,2026-08-18T17:14:30Z,DC-01,ACME\svc_backup,read,C:\Backup\state.db,explorer.exe,benign,routine file activity
FILE-00146,2026-08-18T17:25:37Z,FILE-02,ACME\svc_backup,read,C:\Windows\Temp\app.log,backup-agent.exe,benign,routine file activity
FILE-00607,2026-08-18T17:33:50Z,JUMP-01,ACME\jsmith,modify,C:\Backup\state.db,backup-agent.exe,benign,routine file activity
FILE-00551,2026-08-18T17:33:59Z,PRINT-01,NT AUTHORITY\SYSTEM,create,C:\Windows\Temp\app.log,robocopy.exe,benign,routine file activity
FILE-00526,2026-08-18T17:35:12Z,BACKUP-01,NT AUTHORITY\SYSTEM,read,C:\Backup\state.db,explorer.exe,benign,routine file activity
FILE-01765,2026-08-18T17:42:04Z,FILE-02,ACME\svc_backup,create,D:\Shares\Finance\budget.xlsx,robocopy.exe,benign,routine file activity
FILE-00540,2026-08-18T17:43:18Z,FILE-02,ACME\svc_print,modify,D:\Shares\Finance\budget.xlsx,explorer.exe,benign,routine file activity
FILE-00838,2026-08-18T17:43:18Z,BACKUP-01,ACME\svc_print,modify,D:\Shares\Finance\budget.xlsx,robocopy.exe,benign,routine file activity
FILE-00026,2026-08-18T17:47:57Z,FIN-WS-14,NT AUTHORITY\SYSTEM,read,C:\Backup\state.db,robocopy.exe,benign,routine file activity
FILE-00166,2026-08-18T17:48:31Z,DC-01,ACME\mrivera,create,D:\Shares\Finance\budget.xlsx,explorer.exe,benign,routine file activity
FILE-00206,2026-08-18T17:50:38Z,FILE-02,ACME\mrivera,create,C:\Windows\Temp\app.log,robocopy.exe,benign,routine file activity
FILE-01657,2026-08-18T17:51:18Z,BACKUP-01,NT AUTHORITY\SYSTEM,create,C:\Windows\Temp\app.log,backup-agent.exe,benign,routine file activity
FILE-01086,2026-08-18T18:01:07Z,BACKUP-01,ACME\svc_backup,create,D:\Shares\Finance\budget.xlsx,robocopy.exe,benign,routine file activity
FILE-01567,2026-08-18T18:01:57Z,BACKUP-01,NT AUTHORITY\SYSTEM,modify,D:\Shares\Finance\budget.xlsx,backup-agent.exe,benign,routine file activity
FILE-00767,2026-08-18T18:02:15Z,DC-01,ACME\svc_backup,create,D:\Shares\Finance\budget.xlsx,robocopy.exe,benign,routine file activity
FILE-00962,2026-08-18T18:04:46Z,FILE-02,ACME\mrivera,create,D:\Shares\Finance\budget.xlsx,backup-agent.exe,benign,routine file activity
FILE-00330,2026-08-18T18:06:30Z,APP-API-02,ACME\svc_print,create,C:\Backup\state.db,backup-agent.exe,benign,routine file activity
FILE-00450,2026-08-18T18:08:59Z,PRINT-01,ACME\svc_print,create,C:\Backup\state.db,robocopy.exe,benign,routine file activity
FILE-00200,2026-08-18T18:11:51Z,FILE-02,NT AUTHORITY\SYSTEM,modify,D:\Shares\Finance\budget.xlsx,backup-agent.exe,benign,routine file activity
FILE-00934,2026-08-18T18:13:25Z,APP-API-02,ACME\svc_print,modify,C:\Backup\state.db,robocopy.exe,benign,routine file activity
FILE-00608,2026-08-18T18:27:13Z,JUMP-01,ACME\jsmith,create,C:\Windows\Temp\app.log,backup-agent.exe,benign,routine file activity
FILE-00588,2026-08-18T18:35:40Z,PRINT-01,ACME\svc_print,modify,D:\Shares\Finance\budget.xlsx,backup-agent.exe,benign,routine file activity
FILE-01789,2026-08-18T18:37:43Z,JUMP-01,ACME\jsmith,modify,D:\Shares\Finance\budget.xlsx,backup-agent.exe,benign,routine file activity
FILE-00074,2026-08-18T18:40:39Z,FILE-02,NT AUTHORITY\SYSTEM,read,D:\Shares\Finance\budget.xlsx,backup-agent.exe,benign,routine file activity
FILE-01231,2026-08-18T18:41:45Z,APP-API-02,ACME\svc_print,create,C:\Backup\state.db,robocopy.exe,benign,routine file activity
FILE-01261,2026-08-18T18:42:25Z,FIN-WS-14,ACME\svc_print,read,D:\Shares\Finance\budget.xlsx,backup-agent.exe,benign,routine file activity
FILE-01105,2026-08-18T18:43:06Z,FILE-02,ACME\jsmith,create,C:\Windows\Temp\app.log,backup-agent.exe,benign,routine file activity
FILE-00118,2026-08-18T18:43:54Z,DC-01,ACME\svc_backup,create,D:\Shares\Finance\budget.xlsx,robocopy.exe,benign,routine file activity
FILE-00802,2026-08-18T18:46:51Z,APP-API-02,ACME\svc_print,modify,D:\Shares\Finance\budget.xlsx,backup-agent.exe,benign,routine file activity
FILE-01024,2026-08-18T18:53:46Z,JUMP-01,ACME\jsmith,modify,C:\Backup\state.db,explorer.exe,benign,routine file activity
FILE-01507,2026-08-18T18:58:01Z,FILE-02,ACME\jsmith,read,D:\Shares\Finance\budget.xlsx,explorer.exe,benign,routine file activity
FILE-00311,2026-08-18T19:03:40Z,BACKUP-01,ACME\jsmith,modify,C:\Windows\Temp\app.log,explorer.exe,benign,routine file activity
FILE-00499,2026-08-18T19:09:01Z,PRINT-01,ACME\svc_backup,read,C:\Backup\state.db,robocopy.exe,benign,routine file activity
FILE-01043,2026-08-18T19:10:09Z,FIN-WS-14,ACME\mrivera,create,D:\Shares\Finance\budget.xlsx,robocopy.exe,benign,routine file activity
FILE-01195,2026-08-18T19:10:14Z,BACKUP-01,ACME\mrivera,read,C:\Backup\state.db,robocopy.exe,benign,routine file activity
FILE-00256,2026-08-18T19:17:40Z,DC-01,ACME\jsmith,create,C:\Backup\state.db,explorer.exe,benign,routine file activity
FILE-01438,2026-08-18T19:17:53Z,FIN-WS-14,ACME\svc_backup,modify,D:\Shares\Finance\budget.xlsx,explorer.exe,benign,routine file activity
FILE-01755,2026-08-18T19:17:53Z,APP-API-02,ACME\svc_print,modify,C:\Backup\state.db,backup-agent.exe,benign,routine file activity
FILE-00604,2026-08-18T19:20:38Z,PRINT-01,ACME\mrivera,create,C:\Windows\Temp\app.log,backup-agent.exe,benign,routine file activity
FILE-01380,2026-08-18T19:35:24Z,APP-API-02,ACME\svc_print,modify,C:\Backup\state.db,robocopy.exe,benign,routine file activity
FILE-01227,2026-08-18T19:43:25Z,APP-API-02,ACME\jsmith,create,C:\Windows\Temp\app.log,backup-agent.exe,benign,routine file activity
FILE-00615,2026-08-18T19:50:29Z,DC-01,ACME\svc_print,read,C:\Backup\state.db,explorer.exe,benign,routine file activity
FILE-01464,2026-08-18T19:50:48Z,FILE-02,ACME\jsmith,read,C:\Windows\Temp\app.log,backup-agent.exe,benign,routine file activity
FILE-01758,2026-08-18T19:54:28Z,APP-API-02,ACME\svc_backup,read,D:\Shares\Finance\budget.xlsx,explorer.exe,benign,routine file activity
FILE-01251,2026-08-18T19:55:43Z,BACKUP-01,ACME\jsmith,read,D:\Shares\Finance\budget.xlsx,explorer.exe,benign,routine file activity
FILE-00143,2026-08-18T19:59:23Z,FIN-WS-14,NT AUTHORITY\SYSTEM,create,D:\Shares\Finance\budget.xlsx,explorer.exe,benign,routine file activity
FILE-00887,2026-08-18T20:03:20Z,APP-API-02,NT AUTHORITY\SYSTEM,create,C:\Windows\Temp\app.log,explorer.exe,benign,routine file activity
FILE-00169,2026-08-18T20:12:02Z,BACKUP-01,NT AUTHORITY\SYSTEM,create,C:\Windows\Temp\app.log,robocopy.exe,benign,routine file activity
FILE-00645,2026-08-18T20:15:26Z,FIN-WS-14,ACME\svc_backup,create,C:\Backup\state.db,explorer.exe,benign,routine file activity
FILE-01705,2026-08-18T20:18:29Z,APP-API-02,NT AUTHORITY\SYSTEM,create,C:\Windows\Temp\app.log,robocopy.exe,benign,routine file activity
FILE-01680,2026-08-18T20:19:04Z,PRINT-01,ACME\svc_print,create,C:\Backup\state.db,robocopy.exe,benign,routine file activity
FILE-00386,2026-08-18T20:22:14Z,APP-API-02,ACME\svc_print,create,C:\Windows\Temp\app.log,robocopy.exe,benign,routine file activity
FILE-00085,2026-08-18T20:22:51Z,FILE-02,ACME\mrivera,read,C:\Windows\Temp\app.log,robocopy.exe,benign,routine file activity
FILE-01370,2026-08-18T20:24:20Z,FIN-WS-14,ACME\svc_print,modify,C:\Windows\Temp\app.log,robocopy.exe,benign,routine file activity
FILE-01273,2026-08-18T20:24:37Z,FILE-02,ACME\mrivera,read,C:\Backup\state.db,robocopy.exe,benign,routine file activity
FILE-00613,2026-08-18T20:24:49Z,FIN-WS-14,ACME\svc_print,modify,C:\Windows\Temp\app.log,explorer.exe,benign,routine file activity
FILE-00860,2026-08-18T20:24:57Z,FILE-02,ACME\jsmith,modify,C:\Backup\state.db,backup-agent.exe,benign,routine file activity
FILE-00689,2026-08-18T20:26:12Z,APP-API-02,NT AUTHORITY\SYSTEM,create,C:\Windows\Temp\app.log,backup-agent.exe,benign,routine file activity
FILE-00341,2026-08-18T20:28:35Z,PRINT-01,NT AUTHORITY\SYSTEM,modify,C:\Windows\Temp\app.log,explorer.exe,benign,routine file activity
FILE-00294,2026-08-18T20:32:29Z,JUMP-01,ACME\jsmith,modify,D:\Shares\Finance\budget.xlsx,backup-agent.exe,benign,routine file activity
FILE-01450,2026-08-18T20:32:48Z,APP-API-02,ACME\svc_print,modify,C:\Backup\state.db,backup-agent.exe,benign,routine file activity
FILE-00390,2026-08-18T20:39:21Z,DC-01,ACME\svc_backup,modify,C:\Windows\Temp\app.log,backup-agent.exe,benign,routine file activity
FILE-00906,2026-08-18T20:55:10Z,BACKUP-01,ACME\mrivera,modify,C:\Backup\state.db,backup-agent.exe,benign,routine file activity
FILE-01038,2026-08-18T20:56:15Z,FILE-02,NT AUTHORITY\SYSTEM,create,C:\Windows\Temp\app.log,robocopy.exe,benign,routine file activity
FILE-00095,2026-08-18T20:59:38Z,PRINT-01,NT AUTHORITY\SYSTEM,modify,C:\Windows\Temp\app.log,robocopy.exe,benign,routine file activity
FILE-00008,2026-08-18T21:00:50Z,APP-API-02,NT AUTHORITY\SYSTEM,read,D:\Shares\Finance\budget.xlsx,backup-agent.exe,benign,routine file activity
FILE-00458,2026-08-18T21:01:54Z,DC-01,ACME\jsmith,create,C:\Windows\Temp\app.log,explorer.exe,benign,routine file activity
FILE-00529,2026-08-18T21:05:20Z,BACKUP-01,ACME\jsmith,read,C:\Backup\state.db,backup-agent.exe,benign,routine file activity
FILE-00965,2026-08-18T21:19:06Z,BACKUP-01,ACME\mrivera,create,C:\Backup\state.db,robocopy.exe,benign,routine file activity
FILE-00183,2026-08-18T21:22:35Z,APP-API-02,NT AUTHORITY\SYSTEM,modify,D:\Shares\Finance\budget.xlsx,backup-agent.exe,benign,routine file activity
FILE-00695,2026-08-18T21:34:52Z,APP-API-02,ACME\svc_print,modify,C:\Backup\state.db,backup-agent.exe,benign,routine file activity
FILE-00942,2026-08-18T21:37:38Z,JUMP-01,NT AUTHORITY\SYSTEM,create,C:\Windows\Temp\app.log,robocopy.exe,benign,routine file activity
FILE-00196,2026-08-18T21:38:00Z,JUMP-01,ACME\svc_print,modify,C:\Windows\Temp\app.log,backup-agent.exe,benign,routine file activity
FILE-00475,2026-08-18T21:38:53Z,BACKUP-01,ACME\jsmith,read,C:\Backup\state.db,explorer.exe,benign,routine file activity
FILE-00132,2026-08-18T21:42:19Z,PRINT-01,ACME\svc_backup,modify,D:\Shares\Finance\budget.xlsx,backup-agent.exe,benign,routine file activity
FILE-00924,2026-08-18T21:45:06Z,DC-01,ACME\svc_print,modify,C:\Backup\state.db,explorer.exe,benign,routine file activity
FILE-00058,2026-08-18T21:48:08Z,DC-01,ACME\mrivera,create,C:\Windows\Temp\app.log,explorer.exe,benign,routine file activity
FILE-01512,2026-08-18T21:49:07Z,FIN-WS-14,NT AUTHORITY\SYSTEM,modify,C:\Windows\Temp\app.log,robocopy.exe,benign,routine file activity
FILE-01753,2026-08-18T21:52:47Z,BACKUP-01,NT AUTHORITY\SYSTEM,create,D:\Shares\Finance\budget.xlsx,robocopy.exe,benign,routine file activity
FILE-00986,2026-08-18T21:53:38Z,DC-01,ACME\svc_backup,create,C:\Windows\Temp\app.log,robocopy.exe,benign,routine file activity
FILE-00708,2026-08-18T21:57:49Z,BACKUP-01,ACME\jsmith,create,C:\Windows\Temp\app.log,backup-agent.exe,benign,routine file activity
FILE-01620,2026-08-18T21:58:35Z,FIN-WS-14,NT AUTHORITY\SYSTEM,create,C:\Windows\Temp\app.log,robocopy.exe,benign,routine file activity
FILE-00038,2026-08-18T21:58:54Z,PRINT-01,NT AUTHORITY\SYSTEM,read,C:\Windows\Temp\app.log,robocopy.exe,benign,routine file activity
FILE-01023,2026-08-18T22:07:32Z,BACKUP-01,NT AUTHORITY\SYSTEM,create,C:\Windows\Temp\app.log,explorer.exe,benign,routine file activity
FILE-01215,2026-08-18T22:12:25Z,JUMP-01,ACME\jsmith,create,D:\Shares\Finance\budget.xlsx,explorer.exe,benign,routine file activity
FILE-01719,2026-08-18T22:14:46Z,DC-01,ACME\mrivera,read,C:\Windows\Temp\app.log,backup-agent.exe,benign,routine file activity
FILE-01589,2026-08-18T22:27:09Z,FIN-WS-14,NT AUTHORITY\SYSTEM,create,C:\Windows\Temp\app.log,backup-agent.exe,benign,routine file activity
FILE-01005,2026-08-18T22:41:30Z,PRINT-01,ACME\svc_print,create,D:\Shares\Finance\budget.xlsx,robocopy.exe,benign,routine file activity
FILE-00242,2026-08-18T22:42:26Z,FIN-WS-14,ACME\svc_backup,create,C:\Backup\state.db,robocopy.exe,benign,routine file activity
FILE-00302,2026-08-18T22:45:33Z,JUMP-01,ACME\svc_print,read,D:\Shares\Finance\budget.xlsx,backup-agent.exe,benign,routine file activity
FILE-00359,2026-08-18T22:47:30Z,FIN-WS-14,ACME\svc_backup,read,C:\Windows\Temp\app.log,backup-agent.exe,benign,routine file activity
FILE-01725,2026-08-18T22:52:14Z,APP-API-02,ACME\jsmith,create,D:\Shares\Finance\budget.xlsx,robocopy.exe,benign,routine file activity
FILE-00943,2026-08-18T22:53:29Z,FILE-02,ACME\svc_print,create,C:\Windows\Temp\app.log,backup-agent.exe,benign,routine file activity
FILE-01198,2026-08-18T22:57:00Z,FILE-02,ACME\mrivera,modify,C:\Windows\Temp\app.log,backup-agent.exe,benign,routine file activity
FILE-01297,2026-08-18T23:03:23Z,APP-API-02,ACME\svc_print,read,D:\Shares\Finance\budget.xlsx,explorer.exe,benign,routine file activity
FILE-01390,2026-08-18T23:05:55Z,JUMP-01,ACME\mrivera,modify,C:\Backup\state.db,robocopy.exe,benign,routine file activity
FILE-01079,2026-08-18T23:07:09Z,DC-01,ACME\mrivera,create,D:\Shares\Finance\budget.xlsx,robocopy.exe,benign,routine file activity
FILE-01476,2026-08-18T23:07:57Z,APP-API-02,ACME\jsmith,create,C:\Backup\state.db,backup-agent.exe,benign,routine file activity
FILE-00305,2026-08-18T23:10:07Z,BACKUP-01,NT AUTHORITY\SYSTEM,modify,D:\Shares\Finance\budget.xlsx,robocopy.exe,benign,routine file activity
FILE-00405,2026-08-18T23:12:48Z,BACKUP-01,ACME\svc_print,read,D:\Shares\Finance\budget.xlsx,explorer.exe,benign,routine file activity
FILE-00172,2026-08-18T23:13:30Z,PRINT-01,ACME\svc_print,modify,D:\Shares\Finance\budget.xlsx,robocopy.exe,benign,routine file activity
FILE-00746,2026-08-18T23:15:49Z,FILE-02,NT AUTHORITY\SYSTEM,read,D:\Shares\Finance\budget.xlsx,explorer.exe,benign,routine file activity
FILE-01040,2026-08-18T23:16:17Z,FIN-WS-14,ACME\mrivera,modify,D:\Shares\Finance\budget.xlsx,backup-agent.exe,benign,routine file activity
FILE-01046,2026-08-18T23:16:51Z,FILE-02,ACME\svc_print,create,C:\Windows\Temp\app.log,explorer.exe,benign,routine file activity
FILE-00421,2026-08-18T23:18:32Z,FILE-02,NT AUTHORITY\SYSTEM,read,C:\Windows\Temp\app.log,robocopy.exe,benign,routine file activity
FILE-01544,2026-08-18T23:20:38Z,FIN-WS-14,ACME\svc_print,create,D:\Shares\Finance\budget.xlsx,robocopy.exe,benign,routine file activity
FILE-00121,2026-08-18T23:21:46Z,FIN-WS-14,ACME\svc_backup,create,C:\Windows\Temp\app.log,robocopy.exe,benign,routine file activity
FILE-00023,2026-08-18T23:26:38Z,FILE-02,ACME\jsmith,create,C:\Backup\state.db,backup-agent.exe,benign,routine file activity
FILE-00425,2026-08-18T23:28:09Z,FIN-WS-14,ACME\mrivera,create,C:\Windows\Temp\app.log,backup-agent.exe,benign,routine file activity
FILE-00931,2026-08-18T23:28:38Z,FIN-WS-14,ACME\jsmith,create,C:\Windows\Temp\app.log,backup-agent.exe,benign,routine file activity
FILE-00185,2026-08-18T23:35:28Z,JUMP-01,ACME\svc_print,modify,D:\Shares\Finance\budget.xlsx,backup-agent.exe,benign,routine file activity
FILE-00980,2026-08-18T23:42:13Z,DC-01,NT AUTHORITY\SYSTEM,modify,D:\Shares\Finance\budget.xlsx,backup-agent.exe,benign,routine file activity
FILE-00034,2026-08-18T23:44:25Z,FILE-02,ACME\svc_print,read,C:\Backup\state.db,backup-agent.exe,benign,routine file activity
FILE-01637,2026-08-18T23:45:35Z,FILE-02,ACME\svc_print,create,C:\Backup\state.db,explorer.exe,benign,routine file activity
FILE-01090,2026-08-18T23:46:48Z,DC-01,ACME\mrivera,modify,C:\Backup\state.db,robocopy.exe,benign,routine file activity
FILE-01750,2026-08-18T23:48:38Z,APP-API-02,NT AUTHORITY\SYSTEM,read,C:\Backup\state.db,robocopy.exe,benign,routine file activity
FILE-00078,2026-08-18T23:49:38Z,JUMP-01,ACME\mrivera,modify,D:\Shares\Finance\budget.xlsx,robocopy.exe,benign,routine file activity
FILE-01761,2026-08-18T23:53:47Z,JUMP-01,ACME\svc_print,read,C:\Windows\Temp\app.log,backup-agent.exe,benign,routine file activity
FILE-00218,2026-08-18T23:57:23Z,APP-API-02,ACME\svc_print,create,C:\Backup\state.db,explorer.exe,benign,routine file activity
FILE-00621,2026-08-19T00:01:12Z,JUMP-01,ACME\svc_backup,create,C:\Backup\state.db,backup-agent.exe,benign,routine file activity
FILE-00365,2026-08-19T00:15:02Z,FIN-WS-14,ACME\svc_backup,create,C:\Windows\Temp\app.log,backup-agent.exe,benign,routine file activity
FILE-00157,2026-08-19T00:16:07Z,JUMP-01,ACME\jsmith,read,C:\Windows\Temp\app.log,backup-agent.exe,benign,routine file activity
FILE-00678,2026-08-19T00:16:38Z,APP-API-02,ACME\jsmith,modify,D:\Shares\Finance\budget.xlsx,backup-agent.exe,benign,routine file activity
FILE-00168,2026-08-19T00:21:09Z,PRINT-01,ACME\mrivera,modify,D:\Shares\Finance\budget.xlsx,explorer.exe,benign,routine file activity
FILE-00830,2026-08-19T00:23:13Z,FILE-02,ACME\svc_print,create,D:\Shares\Finance\budget.xlsx,explorer.exe,benign,routine file activity
FILE-00647,2026-08-19T00:28:05Z,APP-API-02,ACME\svc_print,create,D:\Shares\Finance\budget.xlsx,backup-agent.exe,benign,routine file activity
FILE-01427,2026-08-19T00:31:42Z,APP-API-02,ACME\jsmith,create,C:\Backup\state.db,explorer.exe,benign,routine file activity
FILE-01788,2026-08-19T00:34:19Z,BACKUP-01,NT AUTHORITY\SYSTEM,create,D:\Shares\Finance\budget.xlsx,explorer.exe,benign,routine file activity
FILE-00248,2026-08-19T00:34:58Z,JUMP-01,ACME\jsmith,modify,D:\Shares\Finance\budget.xlsx,explorer.exe,benign,routine file activity
FILE-01382,2026-08-19T00:36:43Z,FILE-02,ACME\mrivera,modify,D:\Shares\Finance\budget.xlsx,backup-agent.exe,benign,routine file activity
FILE-00866,2026-08-19T00:41:12Z,APP-API-02,ACME\svc_backup,read,C:\Windows\Temp\app.log,explorer.exe,benign,routine file activity
FILE-00919,2026-08-19T00:47:20Z,APP-API-02,ACME\mrivera,create,C:\Backup\state.db,robocopy.exe,benign,routine file activity
FILE-01601,2026-08-19T00:48:15Z,FILE-02,ACME\svc_print,read,D:\Shares\Finance\budget.xlsx,robocopy.exe,benign,routine file activity
FILE-01042,2026-08-19T00:53:33Z,APP-API-02,NT AUTHORITY\SYSTEM,create,C:\Windows\Temp\app.log,backup-agent.exe,benign,routine file activity
FILE-00089,2026-08-19T00:54:46Z,FIN-WS-14,ACME\mrivera,read,C:\Backup\state.db,backup-agent.exe,benign,routine file activity
FILE-01074,2026-08-19T00:56:40Z,FIN-WS-14,ACME\svc_backup,modify,C:\Backup\state.db,backup-agent.exe,benign,routine file activity
FILE-00007,2026-08-19T00:57:58Z,PRINT-01,NT AUTHORITY\SYSTEM,modify,D:\Shares\Finance\budget.xlsx,explorer.exe,benign,routine file activity
FILE-01716,2026-08-19T00:58:47Z,APP-API-02,NT AUTHORITY\SYSTEM,modify,C:\Windows\Temp\app.log,backup-agent.exe,benign,routine file activity
FILE-00471,2026-08-19T00:59:18Z,PRINT-01,NT AUTHORITY\SYSTEM,modify,D:\Shares\Finance\budget.xlsx,robocopy.exe,benign,routine file activity
FILE-00263,2026-08-19T01:04:26Z,FIN-WS-14,ACME\svc_backup,modify,D:\Shares\Finance\budget.xlsx,explorer.exe,benign,routine file activity
FILE-00295,2026-08-19T01:05:28Z,FILE-02,ACME\svc_backup,create,C:\Windows\Temp\app.log,explorer.exe,benign,routine file activity
FILE-01333,2026-08-19T01:07:06Z,FILE-02,ACME\svc_print,modify,C:\Backup\state.db,backup-agent.exe,benign,routine file activity
FILE-00627,2026-08-19T01:13:29Z,APP-API-02,ACME\svc_backup,create,D:\Shares\Finance\budget.xlsx,backup-agent.exe,benign,routine file activity
FILE-00195,2026-08-19T01:15:24Z,DC-01,ACME\jsmith,read,C:\Backup\state.db,explorer.exe,benign,routine file activity
FILE-00992,2026-08-19T01:18:45Z,JUMP-01,ACME\jsmith,create,D:\Shares\Finance\budget.xlsx,explorer.exe,benign,routine file activity
FILE-00673,2026-08-19T01:18:58Z,PRINT-01,ACME\svc_print,read,D:\Shares\Finance\budget.xlsx,robocopy.exe,benign,routine file activity
FILE-00184,2026-08-19T01:23:41Z,PRINT-01,ACME\svc_print,modify,C:\Windows\Temp\app.log,backup-agent.exe,benign,routine file activity
FILE-01746,2026-08-19T01:30:27Z,APP-API-02,ACME\svc_print,modify,C:\Windows\Temp\app.log,explorer.exe,benign,routine file activity
FILE-01608,2026-08-19T01:35:03Z,PRINT-01,ACME\svc_backup,modify,C:\Windows\Temp\app.log,backup-agent.exe,benign,routine file activity
FILE-00793,2026-08-19T01:44:36Z,BACKUP-01,NT AUTHORITY\SYSTEM,read,D:\Shares\Finance\budget.xlsx,explorer.exe,benign,routine file activity
FILE-00087,2026-08-19T01:59:00Z,DC-01,ACME\svc_backup,create,C:\Backup\state.db,robocopy.exe,benign,routine file activity
FILE-00580,2026-08-19T01:59:47Z,JUMP-01,ACME\svc_print,create,C:\Windows\Temp\app.log,backup-agent.exe,benign,routine file activity
FILE-01554,2026-08-19T02:02:27Z,BACKUP-01,ACME\svc_backup,create,C:\Backup\state.db,backup-agent.exe,benign,routine file activity
FILE-01322,2026-08-19T02:07:10Z,FILE-02,ACME\mrivera,read,D:\Shares\Finance\budget.xlsx,explorer.exe,benign,routine file activity
FILE-00288,2026-08-19T02:07:57Z,BACKUP-01,NT AUTHORITY\SYSTEM,create,D:\Shares\Finance\budget.xlsx,backup-agent.exe,benign,routine file activity
FILE-00470,2026-08-19T02:11:01Z,PRINT-01,ACME\svc_backup,read,C:\Windows\Temp\app.log,robocopy.exe,benign,routine file activity
FILE-01171,2026-08-19T02:12:56Z,BACKUP-01,ACME\svc_backup,read,D:\Shares\Finance\budget.xlsx,backup-agent.exe,benign,routine file activity
FILE-00828,2026-08-19T02:19:26Z,JUMP-01,ACME\mrivera,create,C:\Backup\state.db,explorer.exe,benign,routine file activity
FILE-00102,2026-08-19T02:25:38Z,JUMP-01,ACME\svc_backup,read,C:\Windows\Temp\app.log,backup-agent.exe,benign,routine file activity
FILE-01718,2026-08-19T02:26:22Z,JUMP-01,ACME\svc_print,modify,D:\Shares\Finance\budget.xlsx,robocopy.exe,benign,routine file activity
FILE-01080,2026-08-19T02:26:45Z,PRINT-01,ACME\svc_print,create,C:\Windows\Temp\app.log,robocopy.exe,benign,routine file activity
FILE-00945,2026-08-19T02:29:18Z,FIN-WS-14,NT AUTHORITY\SYSTEM,read,C:\Backup\state.db,robocopy.exe,benign,routine file activity
FILE-01351,2026-08-19T02:36:46Z,APP-API-02,ACME\jsmith,modify,D:\Shares\Finance\budget.xlsx,robocopy.exe,benign,routine file activity
FILE-01103,2026-08-19T02:38:22Z,JUMP-01,NT AUTHORITY\SYSTEM,read,C:\Windows\Temp\app.log,backup-agent.exe,benign,routine file activity
FILE-00824,2026-08-19T02:43:08Z,FILE-02,ACME\svc_print,modify,C:\Windows\Temp\app.log,backup-agent.exe,benign,routine file activity
FILE-00339,2026-08-19T02:54:34Z,DC-01,ACME\svc_backup,modify,C:\Backup\state.db,robocopy.exe,benign,routine file activity
FILE-01447,2026-08-19T02:55:39Z,BACKUP-01,ACME\jsmith,read,C:\Backup\state.db,robocopy.exe,benign,routine file activity
FILE-01384,2026-08-19T03:01:14Z,DC-01,NT AUTHORITY\SYSTEM,read,C:\Backup\state.db,backup-agent.exe,benign,routine file activity
FILE-00908,2026-08-19T03:10:50Z,FIN-WS-14,ACME\svc_backup,modify,C:\Backup\state.db,explorer.exe,benign,routine file activity
FILE-01421,2026-08-19T03:14:14Z,JUMP-01,ACME\jsmith,read,C:\Windows\Temp\app.log,backup-agent.exe,benign,routine file activity
FILE-00951,2026-08-19T03:17:42Z,DC-01,ACME\jsmith,modify,C:\Windows\Temp\app.log,robocopy.exe,benign,routine file activity
FILE-00808,2026-08-19T03:18:35Z,PRINT-01,ACME\svc_print,read,C:\Windows\Temp\app.log,explorer.exe,benign,routine file activity
FILE-00160,2026-08-19T03:22:54Z,PRINT-01,NT AUTHORITY\SYSTEM,modify,C:\Backup\state.db,explorer.exe,benign,routine file activity
FILE-01037,2026-08-19T03:25:23Z,BACKUP-01,ACME\jsmith,modify,C:\Backup\state.db,backup-agent.exe,benign,routine file activity
FILE-00754,2026-08-19T03:26:54Z,FIN-WS-14,ACME\svc_backup,create,C:\Windows\Temp\app.log,explorer.exe,benign,routine file activity
FILE-01588,2026-08-19T03:28:24Z,BACKUP-01,ACME\svc_print,create,C:\Backup\state.db,robocopy.exe,benign,routine file activity
FILE-00726,2026-08-19T03:34:45Z,BACKUP-01,ACME\svc_print,create,C:\Backup\state.db,backup-agent.exe,benign,routine file activity
FILE-01491,2026-08-19T03:38:58Z,BACKUP-01,ACME\mrivera,read,D:\Shares\Finance\budget.xlsx,backup-agent.exe,benign,routine file activity
FILE-00985,2026-08-19T03:41:58Z,DC-01,ACME\svc_print,modify,C:\Windows\Temp\app.log,backup-agent.exe,benign,routine file activity
FILE-00612,2026-08-19T03:42:18Z,JUMP-01,ACME\jsmith,modify,C:\Windows\Temp\app.log,robocopy.exe,benign,routine file activity
FILE-00372,2026-08-19T03:42:39Z,FIN-WS-14,ACME\jsmith,read,C:\Backup\state.db,backup-agent.exe,benign,routine file activity
FILE-01092,2026-08-19T03:56:16Z,FIN-WS-14,ACME\svc_backup,modify,C:\Windows\Temp\app.log,explorer.exe,benign,routine file activity
FILE-01787,2026-08-19T03:58:44Z,BACKUP-01,ACME\jsmith,read,D:\Shares\Finance\budget.xlsx,robocopy.exe,benign,routine file activity
FILE-00244,2026-08-19T04:01:56Z,FILE-02,NT AUTHORITY\SYSTEM,create,C:\Backup\state.db,explorer.exe,benign,routine file activity
FILE-01712,2026-08-19T04:08:34Z,BACKUP-01,ACME\mrivera,modify,D:\Shares\Finance\budget.xlsx,explorer.exe,benign,routine file activity
FILE-01530,2026-08-19T04:13:29Z,DC-01,ACME\svc_print,read,C:\Windows\Temp\app.log,robocopy.exe,benign,routine file activity
FILE-01670,2026-08-19T04:15:01Z,BACKUP-01,ACME\svc_backup,read,D:\Shares\Finance\budget.xlsx,explorer.exe,benign,routine file activity
FILE-01539,2026-08-19T04:22:54Z,FIN-WS-14,ACME\svc_print,read,C:\Windows\Temp\app.log,explorer.exe,benign,routine file activity
FILE-00845,2026-08-19T04:42:56Z,APP-API-02,ACME\jsmith,read,D:\Shares\Finance\budget.xlsx,robocopy.exe,benign,routine file activity
FILE-01143,2026-08-19T04:43:28Z,DC-01,NT AUTHORITY\SYSTEM,read,C:\Backup\state.db,explorer.exe,benign,routine file activity
FILE-01457,2026-08-19T04:43:37Z,PRINT-01,ACME\svc_backup,create,D:\Shares\Finance\budget.xlsx,explorer.exe,benign,routine file activity
FILE-00395,2026-08-19T04:47:16Z,APP-API-02,ACME\mrivera,modify,D:\Shares\Finance\budget.xlsx,backup-agent.exe,benign,routine file activity
FILE-00940,2026-08-19T04:55:19Z,PRINT-01,ACME\svc_backup,modify,D:\Shares\Finance\budget.xlsx,robocopy.exe,benign,routine file activity
FILE-01452,2026-08-19T04:56:40Z,FIN-WS-14,ACME\svc_print,read,D:\Shares\Finance\budget.xlsx,explorer.exe,benign,routine file activity
FILE-00794,2026-08-19T04:59:03Z,FIN-WS-14,NT AUTHORITY\SYSTEM,modify,C:\Backup\state.db,backup-agent.exe,benign,routine file activity
FILE-00108,2026-08-19T05:03:35Z,FILE-02,ACME\svc_backup,read,C:\Backup\state.db,robocopy.exe,benign,routine file activity
FILE-01028,2026-08-19T05:04:58Z,BACKUP-01,ACME\mrivera,modify,C:\Windows\Temp\app.log,explorer.exe,benign,routine file activity
FILE-00614,2026-08-19T05:14:03Z,JUMP-01,NT AUTHORITY\SYSTEM,read,C:\Backup\state.db,explorer.exe,benign,routine file activity
FILE-00898,2026-08-19T05:19:52Z,FIN-WS-14,NT AUTHORITY\SYSTEM,read,D:\Shares\Finance\budget.xlsx,robocopy.exe,benign,routine file activity
FILE-01374,2026-08-19T05:20:04Z,JUMP-01,NT AUTHORITY\SYSTEM,modify,D:\Shares\Finance\budget.xlsx,robocopy.exe,benign,routine file activity
FILE-01682,2026-08-19T05:20:29Z,PRINT-01,NT AUTHORITY\SYSTEM,modify,D:\Shares\Finance\budget.xlsx,robocopy.exe,benign,routine file activity
FILE-01502,2026-08-19T05:23:19Z,PRINT-01,ACME\svc_backup,modify,C:\Backup\state.db,explorer.exe,benign,routine file activity
FILE-00991,2026-08-19T05:23:52Z,DC-01,ACME\jsmith,create,C:\Windows\Temp\app.log,backup-agent.exe,benign,routine file activity
FILE-00474,2026-08-19T05:27:21Z,PRINT-01,ACME\svc_print,create,C:\Windows\Temp\app.log,backup-agent.exe,benign,routine file activity
FILE-00763,2026-08-19T05:27:37Z,DC-01,ACME\svc_backup,modify,D:\Shares\Finance\budget.xlsx,backup-agent.exe,benign,routine file activity
FILE-00282,2026-08-19T05:36:01Z,DC-01,ACME\jsmith,modify,C:\Windows\Temp\app.log,explorer.exe,benign,routine file activity
FILE-00260,2026-08-19T05:37:35Z,FIN-WS-14,NT AUTHORITY\SYSTEM,read,C:\Backup\state.db,explorer.exe,benign,routine file activity
FILE-01285,2026-08-19T05:42:47Z,APP-API-02,ACME\mrivera,modify,C:\Windows\Temp\app.log,robocopy.exe,benign,routine file activity
FILE-01200,2026-08-19T05:48:14Z,DC-01,ACME\svc_backup,create,C:\Windows\Temp\app.log,explorer.exe,benign,routine file activity
FILE-01517,2026-08-19T05:51:12Z,JUMP-01,ACME\mrivera,create,C:\Windows\Temp\app.log,robocopy.exe,benign,routine file activity
FILE-01050,2026-08-19T05:56:14Z,BACKUP-01,ACME\svc_print,read,C:\Backup\state.db,explorer.exe,benign,routine file activity
FILE-00972,2026-08-19T06:00:28Z,BACKUP-01,ACME\svc_backup,modify,D:\Shares\Finance\budget.xlsx,backup-agent.exe,benign,routine file activity
FILE-01659,2026-08-19T06:01:26Z,FILE-02,ACME\svc_print,read,C:\Windows\Temp\app.log,backup-agent.exe,benign,routine file activity
FILE-00290,2026-08-19T06:01:34Z,FILE-02,ACME\jsmith,create,C:\Windows\Temp\app.log,backup-agent.exe,benign,routine file activity
FILE-00161,2026-08-19T06:20:02Z,BACKUP-01,ACME\svc_backup,modify,D:\Shares\Finance\budget.xlsx,robocopy.exe,benign,routine file activity
FILE-00473,2026-08-19T06:21:08Z,JUMP-01,ACME\svc_backup,create,C:\Backup\state.db,robocopy.exe,benign,routine file activity
FILE-01029,2026-08-19T06:21:38Z,APP-API-02,NT AUTHORITY\SYSTEM,modify,C:\Backup\state.db,explorer.exe,benign,routine file activity
FILE-00506,2026-08-19T06:22:56Z,FIN-WS-14,ACME\mrivera,create,C:\Windows\Temp\app.log,explorer.exe,benign,routine file activity
FILE-01408,2026-08-19T06:26:28Z,APP-API-02,ACME\mrivera,modify,C:\Backup\state.db,backup-agent.exe,benign,routine file activity
FILE-01218,2026-08-19T06:29:57Z,FILE-02,ACME\svc_backup,read,C:\Windows\Temp\app.log,robocopy.exe,benign,routine file activity
FILE-00575,2026-08-19T06:34:27Z,JUMP-01,ACME\jsmith,create,C:\Windows\Temp\app.log,backup-agent.exe,benign,routine file activity
FILE-00233,2026-08-19T06:41:16Z,JUMP-01,NT AUTHORITY\SYSTEM,read,C:\Backup\state.db,explorer.exe,benign,routine file activity
FILE-00825,2026-08-19T06:43:39Z,FIN-WS-14,NT AUTHORITY\SYSTEM,read,D:\Shares\Finance\budget.xlsx,explorer.exe,benign,routine file activity
FILE-01332,2026-08-19T06:50:46Z,APP-API-02,ACME\svc_print,read,D:\Shares\Finance\budget.xlsx,explorer.exe,benign,routine file activity
FILE-01735,2026-08-19T06:54:10Z,JUMP-01,ACME\svc_print,modify,C:\Windows\Temp\app.log,explorer.exe,benign,routine file activity
FILE-00682,2026-08-19T06:54:58Z,PRINT-01,ACME\svc_backup,create,C:\Backup\state.db,explorer.exe,benign,routine file activity
FILE-00888,2026-08-19T06:56:34Z,FILE-02,NT AUTHORITY\SYSTEM,read,C:\Windows\Temp\app.log,explorer.exe,benign,routine file activity
FILE-00847,2026-08-19T06:57:05Z,JUMP-01,NT AUTHORITY\SYSTEM,modify,D:\Shares\Finance\budget.xlsx,robocopy.exe,benign,routine file activity
FILE-01137,2026-08-19T07:02:22Z,FIN-WS-14,NT AUTHORITY\SYSTEM,create,C:\Backup\state.db,robocopy.exe,benign,routine file activity
FILE-01329,2026-08-19T07:06:56Z,PRINT-01,ACME\mrivera,read,C:\Backup\state.db,robocopy.exe,benign,routine file activity
FILE-00432,2026-08-19T07:07:59Z,APP-API-02,ACME\svc_print,create,C:\Windows\Temp\app.log,backup-agent.exe,benign,routine file activity
FILE-01738,2026-08-19T07:12:21Z,DC-01,ACME\svc_backup,read,D:\Shares\Finance\budget.xlsx,explorer.exe,benign,routine file activity
FILE-00489,2026-08-19T07:19:57Z,BACKUP-01,NT AUTHORITY\SYSTEM,read,D:\Shares\Finance\budget.xlsx,robocopy.exe,benign,routine file activity
FILE-00766,2026-08-19T07:24:13Z,PRINT-01,ACME\svc_backup,create,C:\Backup\state.db,robocopy.exe,benign,routine file activity
FILE-01013,2026-08-19T07:25:45Z,BACKUP-01,NT AUTHORITY\SYSTEM,modify,C:\Windows\Temp\app.log,backup-agent.exe,benign,routine file activity
FILE-00006,2026-08-19T07:27:07Z,BACKUP-01,ACME\svc_backup,read,D:\Shares\Finance\budget.xlsx,robocopy.exe,benign,routine file activity
FILE-00787,2026-08-19T07:38:29Z,DC-01,ACME\svc_backup,create,C:\Backup\state.db,backup-agent.exe,benign,routine file activity
FILE-00711,2026-08-19T07:44:33Z,BACKUP-01,ACME\svc_backup,modify,C:\Windows\Temp\app.log,backup-agent.exe,benign,routine file activity
FILE-00850,2026-08-19T07:48:42Z,APP-API-02,ACME\mrivera,modify,C:\Backup\state.db,explorer.exe,benign,routine file activity
FILE-00424,2026-08-19T07:50:41Z,DC-01,NT AUTHORITY\SYSTEM,read,D:\Shares\Finance\budget.xlsx,explorer.exe,benign,routine file activity
FILE-01702,2026-08-19T07:57:58Z,PRINT-01,ACME\svc_backup,modify,C:\Windows\Temp\app.log,robocopy.exe,benign,routine file activity
FILE-00468,2026-08-19T07:58:48Z,FIN-WS-14,NT AUTHORITY\SYSTEM,read,D:\Shares\Finance\budget.xlsx,explorer.exe,benign,routine file activity
FILE-00476,2026-08-19T08:00:56Z,DC-01,ACME\svc_print,read,C:\Windows\Temp\app.log,explorer.exe,benign,routine file activity
FILE-00219,2026-08-19T08:01:28Z,FILE-02,ACME\jsmith,read,C:\Windows\Temp\app.log,explorer.exe,benign,routine file activity
FILE-00537,2026-08-19T08:02:47Z,BACKUP-01,ACME\mrivera,modify,D:\Shares\Finance\budget.xlsx,backup-agent.exe,benign,routine file activity
FILE-00569,2026-08-19T08:03:29Z,APP-API-02,ACME\svc_print,modify,C:\Windows\Temp\app.log,robocopy.exe,benign,routine file activity
FILE-00190,2026-08-19T08:05:51Z,FIN-WS-14,ACME\jsmith,create,C:\Backup\state.db,backup-agent.exe,benign,routine file activity
FILE-00159,2026-08-19T08:06:11Z,BACKUP-01,ACME\mrivera,create,C:\Backup\state.db,backup-agent.exe,benign,routine file activity
FILE-00113,2026-08-19T08:11:22Z,BACKUP-01,ACME\svc_backup,create,C:\Backup\state.db,robocopy.exe,benign,routine file activity
FILE-00907,2026-08-19T08:12:44Z,FIN-WS-14,ACME\svc_print,create,C:\Backup\state.db,explorer.exe,benign,routine file activity
FILE-01552,2026-08-19T08:17:10Z,APP-API-02,ACME\svc_backup,modify,C:\Backup\state.db,explorer.exe,benign,routine file activity
FILE-01294,2026-08-19T08:21:43Z,FILE-02,ACME\jsmith,create,C:\Backup\state.db,robocopy.exe,benign,routine file activity
FILE-00517,2026-08-19T08:23:02Z,JUMP-01,NT AUTHORITY\SYSTEM,read,D:\Shares\Finance\budget.xlsx,explorer.exe,benign,routine file activity
FILE-00249,2026-08-19T08:24:45Z,FIN-WS-14,ACME\svc_print,create,C:\Windows\Temp\app.log,explorer.exe,benign,routine file activity
FILE-00332,2026-08-19T08:24:53Z,DC-01,NT AUTHORITY\SYSTEM,read,C:\Backup\state.db,explorer.exe,benign,routine file activity
FILE-01422,2026-08-19T08:34:03Z,BACKUP-01,ACME\mrivera,read,D:\Shares\Finance\budget.xlsx,robocopy.exe,benign,routine file activity
FILE-00634,2026-08-19T08:37:59Z,PRINT-01,ACME\svc_backup,create,C:\Windows\Temp\app.log,explorer.exe,benign,routine file activity
FILE-00247,2026-08-19T08:38:47Z,DC-01,ACME\jsmith,create,D:\Shares\Finance\budget.xlsx,backup-agent.exe,benign,routine file activity
FILE-01600,2026-08-19T08:41:04Z,BACKUP-01,ACME\svc_print,read,D:\Shares\Finance\budget.xlsx,backup-agent.exe,benign,routine file activity
FILE-01435,2026-08-19T08:41:48Z,PRINT-01,ACME\mrivera,read,C:\Windows\Temp\app.log,explorer.exe,benign,routine file activity
FILE-00780,2026-08-19T08:50:33Z,BACKUP-01,ACME\jsmith,modify,C:\Windows\Temp\app.log,backup-agent.exe,benign,routine file activity
FILE-01057,2026-08-19T08:55:48Z,DC-01,ACME\svc_print,modify,C:\Backup\state.db,backup-agent.exe,benign,routine file activity
FILE-01336,2026-08-19T08:57:43Z,PRINT-01,ACME\jsmith,create,D:\Shares\Finance\budget.xlsx,backup-agent.exe,benign,routine file activity
FILE-01681,2026-08-19T08:58:33Z,FIN-WS-14,NT AUTHORITY\SYSTEM,modify,C:\Backup\state.db,robocopy.exe,benign,routine file activity
FILE-01059,2026-08-19T08:58:56Z,DC-01,NT AUTHORITY\SYSTEM,modify,C:\Windows\Temp\app.log,explorer.exe,benign,routine file activity
FILE-00932,2026-08-19T09:00:15Z,FILE-02,ACME\jsmith,modify,D:\Shares\Finance\budget.xlsx,explorer.exe,benign,routine file activity
FILE-01485,2026-08-19T09:00:53Z,APP-API-02,ACME\jsmith,create,C:\Backup\state.db,robocopy.exe,benign,routine file activity
FILE-00790,2026-08-19T09:06:10Z,BACKUP-01,ACME\mrivera,create,C:\Backup\state.db,backup-agent.exe,benign,routine file activity
FILE-01383,2026-08-19T09:10:46Z,APP-API-02,ACME\jsmith,modify,C:\Windows\Temp\app.log,robocopy.exe,benign,routine file activity
FILE-01036,2026-08-19T09:12:37Z,APP-API-02,ACME\mrivera,modify,C:\Backup\state.db,explorer.exe,benign,routine file activity
FILE-01232,2026-08-19T09:20:54Z,DC-01,ACME\svc_backup,modify,D:\Shares\Finance\budget.xlsx,backup-agent.exe,benign,routine file activity
FILE-01470,2026-08-19T09:22:32Z,JUMP-01,ACME\jsmith,create,C:\Backup\state.db,backup-agent.exe,benign,routine file activity
FILE-00337,2026-08-19T09:28:05Z,FIN-WS-14,NT AUTHORITY\SYSTEM,create,D:\Shares\Finance\budget.xlsx,robocopy.exe,benign,routine file activity
FILE-00441,2026-08-19T09:31:04Z,FIN-WS-14,NT AUTHORITY\SYSTEM,create,C:\Windows\Temp\app.log,robocopy.exe,benign,routine file activity
FILE-00106,2026-08-19T09:34:03Z,DC-01,ACME\svc_print,create,C:\Backup\state.db,robocopy.exe,benign,routine file activity
FILE-01255,2026-08-19T09:35:44Z,BACKUP-01,ACME\svc_print,read,C:\Backup\state.db,explorer.exe,benign,routine file activity
FILE-00258,2026-08-19T09:39:01Z,FILE-02,NT AUTHORITY\SYSTEM,modify,C:\Backup\state.db,explorer.exe,benign,routine file activity
FILE-00630,2026-08-19T09:39:51Z,JUMP-01,ACME\jsmith,modify,C:\Windows\Temp\app.log,explorer.exe,benign,routine file activity
FILE-00713,2026-08-19T09:49:28Z,FILE-02,ACME\svc_backup,modify,C:\Windows\Temp\app.log,explorer.exe,benign,routine file activity
FILE-01653,2026-08-19T09:55:28Z,APP-API-02,NT AUTHORITY\SYSTEM,modify,D:\Shares\Finance\budget.xlsx,explorer.exe,benign,routine file activity
FILE-00322,2026-08-19T10:00:11Z,FIN-WS-14,ACME\svc_print,create,C:\Backup\state.db,backup-agent.exe,benign,routine file activity
FILE-00082,2026-08-19T10:05:46Z,PRINT-01,ACME\jsmith,read,D:\Shares\Finance\budget.xlsx,backup-agent.exe,benign,routine file activity
FILE-00530,2026-08-19T10:06:18Z,FILE-02,ACME\svc_backup,read,C:\Windows\Temp\app.log,robocopy.exe,benign,routine file activity
FILE-00817,2026-08-19T10:14:29Z,APP-API-02,ACME\mrivera,modify,C:\Windows\Temp\app.log,backup-agent.exe,benign,routine file activity
FILE-01741,2026-08-19T10:16:58Z,FILE-02,ACME\svc_print,read,C:\Windows\Temp\app.log,robocopy.exe,benign,routine file activity
FILE-00617,2026-08-19T10:21:14Z,BACKUP-01,ACME\mrivera,modify,C:\Backup\state.db,backup-agent.exe,benign,routine file activity
FILE-00428,2026-08-19T10:24:07Z,PRINT-01,NT AUTHORITY\SYSTEM,modify,C:\Windows\Temp\app.log,robocopy.exe,benign,routine file activity
FILE-01458,2026-08-19T10:26:26Z,FIN-WS-14,ACME\svc_print,modify,C:\Backup\state.db,backup-agent.exe,benign,routine file activity
FILE-00562,2026-08-19T10:31:04Z,PRINT-01,ACME\svc_print,modify,C:\Windows\Temp\app.log,backup-agent.exe,benign,routine file activity
FILE-00027,2026-08-19T10:33:19Z,PRINT-01,ACME\mrivera,modify,C:\Windows\Temp\app.log,robocopy.exe,benign,routine file activity
FILE-00002,2026-08-19T10:35:14Z,JUMP-01,ACME\svc_print,create,C:\Windows\Temp\app.log,backup-agent.exe,benign,routine file activity
FILE-00956,2026-08-19T10:37:10Z,JUMP-01,ACME\jsmith,create,C:\Windows\Temp\app.log,explorer.exe,benign,routine file activity
FILE-01696,2026-08-19T10:46:52Z,PRINT-01,ACME\svc_print,create,C:\Backup\state.db,explorer.exe,benign,routine file activity
FILE-01389,2026-08-19T10:50:29Z,BACKUP-01,ACME\svc_backup,modify,C:\Windows\Temp\app.log,backup-agent.exe,benign,routine file activity
FILE-00704,2026-08-19T10:50:55Z,BACKUP-01,ACME\mrivera,modify,C:\Backup\state.db,robocopy.exe,benign,routine file activity
FILE-01612,2026-08-19T10:55:21Z,APP-API-02,ACME\svc_backup,read,C:\Windows\Temp\app.log,backup-agent.exe,benign,routine file activity
FILE-00531,2026-08-19T11:08:32Z,DC-01,ACME\svc_backup,read,C:\Backup\state.db,backup-agent.exe,benign,routine file activity
FILE-00021,2026-08-19T11:12:25Z,BACKUP-01,ACME\svc_backup,create,D:\Shares\Finance\budget.xlsx,robocopy.exe,benign,routine file activity
FILE-00342,2026-08-19T11:13:39Z,FIN-WS-14,ACME\jsmith,read,C:\Windows\Temp\app.log,robocopy.exe,benign,routine file activity
FILE-01328,2026-08-19T11:19:36Z,FIN-WS-14,ACME\jsmith,create,D:\Shares\Finance\budget.xlsx,explorer.exe,benign,routine file activity
FILE-01739,2026-08-19T11:28:49Z,APP-API-02,NT AUTHORITY\SYSTEM,create,C:\Windows\Temp\app.log,explorer.exe,benign,routine file activity
FILE-01190,2026-08-19T11:29:03Z,FIN-WS-14,ACME\svc_print,create,D:\Shares\Finance\budget.xlsx,robocopy.exe,benign,routine file activity
FILE-01756,2026-08-19T11:31:05Z,FILE-02,ACME\svc_print,modify,C:\Windows\Temp\app.log,explorer.exe,benign,routine file activity
FILE-00591,2026-08-19T11:36:49Z,FILE-02,ACME\svc_print,create,D:\Shares\Finance\budget.xlsx,backup-agent.exe,benign,routine file activity
FILE-00197,2026-08-19T11:40:07Z,BACKUP-01,ACME\jsmith,modify,C:\Windows\Temp\app.log,explorer.exe,benign,routine file activity
FILE-01430,2026-08-19T11:42:29Z,BACKUP-01,NT AUTHORITY\SYSTEM,create,D:\Shares\Finance\budget.xlsx,explorer.exe,benign,routine file activity
FILE-00658,2026-08-19T11:47:59Z,FILE-02,ACME\jsmith,read,D:\Shares\Finance\budget.xlsx,backup-agent.exe,benign,routine file activity
FILE-01576,2026-08-19T12:02:30Z,BACKUP-01,ACME\mrivera,create,C:\Windows\Temp\app.log,robocopy.exe,benign,routine file activity
FILE-01325,2026-08-19T12:05:09Z,FILE-02,ACME\mrivera,create,C:\Windows\Temp\app.log,robocopy.exe,benign,routine file activity
FILE-00225,2026-08-19T12:06:27Z,DC-01,ACME\mrivera,create,C:\Windows\Temp\app.log,robocopy.exe,benign,routine file activity
FILE-01671,2026-08-19T12:09:42Z,DC-01,ACME\svc_backup,create,C:\Backup\state.db,backup-agent.exe,benign,routine file activity
FILE-00777,2026-08-19T12:12:42Z,APP-API-02,ACME\svc_print,read,C:\Backup\state.db,explorer.exe,benign,routine file activity
FILE-01483,2026-08-19T12:13:25Z,FILE-02,ACME\mrivera,create,C:\Windows\Temp\app.log,backup-agent.exe,benign,routine file activity
FILE-01770,2026-08-19T12:25:23Z,JUMP-01,ACME\svc_print,read,D:\Shares\Finance\budget.xlsx,robocopy.exe,benign,routine file activity
FILE-00538,2026-08-19T12:27:58Z,PRINT-01,ACME\jsmith,modify,C:\Backup\state.db,robocopy.exe,benign,routine file activity
FILE-01304,2026-08-19T12:37:49Z,PRINT-01,NT AUTHORITY\SYSTEM,create,D:\Shares\Finance\budget.xlsx,explorer.exe,benign,routine file activity
FILE-01629,2026-08-19T12:42:49Z,APP-API-02,ACME\svc_backup,modify,C:\Backup\state.db,backup-agent.exe,benign,routine file activity
FILE-01257,2026-08-19T12:50:00Z,FILE-02,ACME\svc_backup,create,D:\Shares\Finance\budget.xlsx,explorer.exe,benign,routine file activity
FILE-00232,2026-08-19T12:51:31Z,DC-01,ACME\mrivera,modify,C:\Windows\Temp\app.log,explorer.exe,benign,routine file activity
FILE-00548,2026-08-19T12:55:27Z,JUMP-01,ACME\svc_backup,read,D:\Shares\Finance\budget.xlsx,explorer.exe,benign,routine file activity
FILE-00654,2026-08-19T12:56:29Z,BACKUP-01,ACME\mrivera,read,C:\Windows\Temp\app.log,explorer.exe,benign,routine file activity
FILE-01479,2026-08-19T12:57:56Z,BACKUP-01,ACME\svc_backup,modify,C:\Windows\Temp\app.log,explorer.exe,benign,routine file activity
FILE-01515,2026-08-19T12:58:31Z,APP-API-02,ACME\mrivera,read,C:\Backup\state.db,robocopy.exe,benign,routine file activity
FILE-01283,2026-08-19T13:14:47Z,PRINT-01,ACME\svc_print,modify,D:\Shares\Finance\budget.xlsx,explorer.exe,benign,routine file activity
FILE-01553,2026-08-19T13:15:03Z,BACKUP-01,ACME\jsmith,modify,C:\Windows\Temp\app.log,robocopy.exe,benign,routine file activity
FILE-01208,2026-08-19T13:17:08Z,BACKUP-01,ACME\svc_backup,create,D:\Shares\Finance\budget.xlsx,robocopy.exe,benign,routine file activity
FILE-01489,2026-08-19T13:19:01Z,JUMP-01,NT AUTHORITY\SYSTEM,create,D:\Shares\Finance\budget.xlsx,backup-agent.exe,benign,routine file activity
FILE-00672,2026-08-19T13:32:40Z,FILE-02,ACME\svc_backup,create,C:\Windows\Temp\app.log,robocopy.exe,benign,routine file activity
FILE-01115,2026-08-19T13:35:03Z,FIN-WS-14,ACME\svc_backup,modify,C:\Windows\Temp\app.log,explorer.exe,benign,routine file activity
FILE-01106,2026-08-19T13:40:35Z,BACKUP-01,ACME\jsmith,read,D:\Shares\Finance\budget.xlsx,backup-agent.exe,benign,routine file activity
FILE-01652,2026-08-19T13:48:13Z,APP-API-02,NT AUTHORITY\SYSTEM,read,C:\Backup\state.db,explorer.exe,benign,routine file activity
FILE-00483,2026-08-19T13:48:42Z,BACKUP-01,ACME\svc_print,modify,D:\Shares\Finance\budget.xlsx,explorer.exe,benign,routine file activity
FILE-00079,2026-08-19T13:49:36Z,FIN-WS-14,ACME\jsmith,modify,C:\Windows\Temp\app.log,robocopy.exe,benign,routine file activity
FILE-01352,2026-08-19T13:56:26Z,FIN-WS-14,ACME\jsmith,create,D:\Shares\Finance\budget.xlsx,explorer.exe,benign,routine file activity
FILE-01686,2026-08-19T14:05:52Z,JUMP-01,ACME\jsmith,read,D:\Shares\Finance\budget.xlsx,explorer.exe,benign,routine file activity
FILE-01003,2026-08-19T14:10:23Z,PRINT-01,ACME\mrivera,read,C:\Backup\state.db,robocopy.exe,benign,routine file activity
FILE-00950,2026-08-19T14:11:54Z,FIN-WS-14,ACME\svc_backup,modify,D:\Shares\Finance\budget.xlsx,backup-agent.exe,benign,routine file activity
FILE-00846,2026-08-19T14:13:48Z,DC-01,ACME\jsmith,read,D:\Shares\Finance\budget.xlsx,backup-agent.exe,benign,routine file activity
FILE-00388,2026-08-19T14:17:51Z,BACKUP-01,ACME\jsmith,read,C:\Backup\state.db,backup-agent.exe,benign,routine file activity
FILE-01181,2026-08-19T14:18:06Z,JUMP-01,NT AUTHORITY\SYSTEM,create,C:\Backup\state.db,explorer.exe,benign,routine file activity
FILE-00547,2026-08-19T14:24:34Z,FILE-02,ACME\mrivera,modify,C:\Windows\Temp\app.log,robocopy.exe,benign,routine file activity
FILE-00039,2026-08-19T14:26:45Z,JUMP-01,ACME\svc_print,modify,D:\Shares\Finance\budget.xlsx,robocopy.exe,benign,routine file activity
FILE-01142,2026-08-19T14:27:48Z,FILE-02,ACME\mrivera,create,C:\Windows\Temp\app.log,backup-agent.exe,benign,routine file activity
FILE-00257,2026-08-19T14:32:39Z,DC-01,NT AUTHORITY\SYSTEM,modify,C:\Windows\Temp\app.log,robocopy.exe,benign,routine file activity
FILE-00254,2026-08-19T14:35:56Z,JUMP-01,ACME\svc_print,modify,C:\Backup\state.db,robocopy.exe,benign,routine file activity
FILE-01154,2026-08-19T14:38:49Z,FILE-02,ACME\mrivera,read,D:\Shares\Finance\budget.xlsx,backup-agent.exe,benign,routine file activity
FILE-01249,2026-08-19T14:40:18Z,FILE-02,ACME\svc_backup,modify,D:\Shares\Finance\budget.xlsx,robocopy.exe,benign,routine file activity
FILE-00611,2026-08-19T14:42:30Z,DC-01,ACME\svc_print,modify,C:\Backup\state.db,backup-agent.exe,benign,routine file activity
FILE-00466,2026-08-19T14:45:17Z,APP-API-02,ACME\mrivera,create,C:\Windows\Temp\app.log,robocopy.exe,benign,routine file activity
FILE-00360,2026-08-19T14:49:18Z,FILE-02,ACME\mrivera,modify,C:\Backup\state.db,backup-agent.exe,benign,routine file activity
FILE-00452,2026-08-19T14:49:40Z,DC-01,ACME\svc_print,read,C:\Backup\state.db,robocopy.exe,benign,routine file activity
FILE-00174,2026-08-19T14:51:18Z,FILE-02,NT AUTHORITY\SYSTEM,modify,D:\Shares\Finance\budget.xlsx,backup-agent.exe,benign,routine file activity
FILE-01032,2026-08-19T14:52:52Z,FIN-WS-14,ACME\jsmith,modify,C:\Backup\state.db,robocopy.exe,benign,routine file activity
FILE-00732,2026-08-19T14:53:05Z,FILE-02,ACME\svc_backup,read,C:\Backup\state.db,backup-agent.exe,benign,routine file activity
FILE-01794,2026-08-19T15:00:13Z,APP-API-02,NT AUTHORITY\SYSTEM,read,C:\Windows\Temp\app.log,backup-agent.exe,benign,routine file activity
FILE-01428,2026-08-19T15:03:23Z,FIN-WS-14,ACME\svc_print,create,D:\Shares\Finance\budget.xlsx,robocopy.exe,benign,routine file activity
FILE-00873,2026-08-19T15:05:45Z,PRINT-01,ACME\jsmith,read,D:\Shares\Finance\budget.xlsx,explorer.exe,benign,routine file activity
FILE-00578,2026-08-19T15:08:46Z,PRINT-01,ACME\jsmith,modify,C:\Backup\state.db,backup-agent.exe,benign,routine file activity
FILE-01007,2026-08-19T15:09:26Z,DC-01,ACME\jsmith,create,C:\Backup\state.db,backup-agent.exe,benign,routine file activity
FILE-00177,2026-08-19T15:11:07Z,PRINT-01,ACME\mrivera,modify,C:\Backup\state.db,explorer.exe,benign,routine file activity
FILE-01412,2026-08-19T15:11:35Z,FIN-WS-14,ACME\svc_backup,read,C:\Backup\state.db,robocopy.exe,benign,routine file activity
FILE-00791,2026-08-19T15:21:37Z,FIN-WS-14,ACME\mrivera,modify,D:\Shares\Finance\budget.xlsx,backup-agent.exe,benign,routine file activity
FILE-01638,2026-08-19T15:22:22Z,FILE-02,NT AUTHORITY\SYSTEM,modify,D:\Shares\Finance\budget.xlsx,explorer.exe,benign,routine file activity
FILE-01147,2026-08-19T15:22:40Z,BACKUP-01,ACME\jsmith,read,C:\Windows\Temp\app.log,explorer.exe,benign,routine file activity
FILE-00622,2026-08-19T15:30:58Z,FIN-WS-14,NT AUTHORITY\SYSTEM,modify,C:\Windows\Temp\app.log,backup-agent.exe,benign,routine file activity
FILE-00560,2026-08-19T15:31:32Z,DC-01,ACME\svc_backup,read,D:\Shares\Finance\budget.xlsx,backup-agent.exe,benign,routine file activity
FILE-00173,2026-08-19T15:33:21Z,FIN-WS-14,NT AUTHORITY\SYSTEM,modify,C:\Backup\state.db,robocopy.exe,benign,routine file activity
FILE-00126,2026-08-19T15:41:36Z,FIN-WS-14,ACME\jsmith,modify,D:\Shares\Finance\budget.xlsx,explorer.exe,benign,routine file activity
FILE-01781,2026-08-19T15:42:43Z,FIN-WS-14,ACME\jsmith,read,C:\Windows\Temp\app.log,robocopy.exe,benign,routine file activity
FILE-01522,2026-08-19T15:46:58Z,FIN-WS-14,ACME\svc_backup,create,C:\Backup\state.db,backup-agent.exe,benign,routine file activity
FILE-01331,2026-08-19T15:47:58Z,FIN-WS-14,ACME\mrivera,create,D:\Shares\Finance\budget.xlsx,robocopy.exe,benign,routine file activity
FILE-01146,2026-08-19T15:51:19Z,FILE-02,ACME\svc_backup,create,C:\Windows\Temp\app.log,explorer.exe,benign,routine file activity
FILE-01210,2026-08-19T15:52:18Z,PRINT-01,NT AUTHORITY\SYSTEM,read,D:\Shares\Finance\budget.xlsx,robocopy.exe,benign,routine file activity
FILE-00955,2026-08-19T16:02:47Z,FIN-WS-14,NT AUTHORITY\SYSTEM,read,D:\Shares\Finance\budget.xlsx,backup-agent.exe,benign,routine file activity
FILE-00894,2026-08-19T16:05:03Z,FIN-WS-14,ACME\svc_print,read,C:\Windows\Temp\app.log,explorer.exe,benign,routine file activity
FILE-00923,2026-08-19T16:05:40Z,BACKUP-01,ACME\mrivera,read,D:\Shares\Finance\budget.xlsx,backup-agent.exe,benign,routine file activity
FILE-00535,2026-08-19T16:06:10Z,APP-API-02,ACME\svc_print,modify,D:\Shares\Finance\budget.xlsx,backup-agent.exe,benign,routine file activity
FILE-01731,2026-08-19T16:18:46Z,FILE-02,ACME\jsmith,read,C:\Windows\Temp\app.log,explorer.exe,benign,routine file activity
FILE-00878,2026-08-19T16:20:17Z,FILE-02,ACME\jsmith,modify,C:\Backup\state.db,explorer.exe,benign,routine file activity
FILE-01185,2026-08-19T16:24:08Z,FIN-WS-14,ACME\mrivera,create,C:\Windows\Temp\app.log,robocopy.exe,benign,routine file activity
FILE-01357,2026-08-19T16:24:42Z,FIN-WS-14,ACME\jsmith,read,D:\Shares\Finance\budget.xlsx,explorer.exe,benign,routine file activity
FILE-00214,2026-08-19T16:26:02Z,JUMP-01,ACME\jsmith,create,C:\Windows\Temp\app.log,explorer.exe,benign,routine file activity
FILE-00650,2026-08-19T16:37:22Z,FIN-WS-14,ACME\mrivera,create,C:\Windows\Temp\app.log,explorer.exe,benign,routine file activity
FILE-01140,2026-08-19T16:51:03Z,PRINT-01,NT AUTHORITY\SYSTEM,create,C:\Backup\state.db,explorer.exe,benign,routine file activity
FILE-00131,2026-08-19T16:53:11Z,JUMP-01,ACME\jsmith,create,C:\Windows\Temp\app.log,robocopy.exe,benign,routine file activity
FILE-00100,2026-08-19T16:55:32Z,JUMP-01,ACME\svc_backup,create,D:\Shares\Finance\budget.xlsx,explorer.exe,benign,routine file activity
FILE-00683,2026-08-19T17:02:14Z,BACKUP-01,ACME\mrivera,read,C:\Backup\state.db,backup-agent.exe,benign,routine file activity
FILE-00170,2026-08-19T17:04:26Z,FILE-02,ACME\jsmith,modify,C:\Backup\state.db,robocopy.exe,benign,routine file activity
FILE-01695,2026-08-19T17:05:58Z,FIN-WS-14,ACME\svc_backup,modify,D:\Shares\Finance\budget.xlsx,explorer.exe,benign,routine file activity
FILE-01138,2026-08-19T17:08:10Z,FIN-WS-14,ACME\jsmith,read,C:\Windows\Temp\app.log,backup-agent.exe,benign,routine file activity
FILE-01711,2026-08-19T17:09:13Z,JUMP-01,ACME\mrivera,modify,D:\Shares\Finance\budget.xlsx,robocopy.exe,benign,routine file activity
FILE-00215,2026-08-19T17:12:57Z,APP-API-02,ACME\svc_backup,modify,C:\Backup\state.db,robocopy.exe,benign,routine file activity
FILE-00610,2026-08-19T17:33:16Z,PRINT-01,ACME\svc_backup,create,D:\Shares\Finance\budget.xlsx,explorer.exe,benign,routine file activity
FILE-00050,2026-08-19T17:34:27Z,DC-01,ACME\jsmith,read,C:\Windows\Temp\app.log,robocopy.exe,benign,routine file activity
FILE-01365,2026-08-19T17:40:59Z,FILE-02,NT AUTHORITY\SYSTEM,create,C:\Windows\Temp\app.log,backup-agent.exe,benign,routine file activity
FILE-01557,2026-08-19T17:44:46Z,FIN-WS-14,NT AUTHORITY\SYSTEM,create,C:\Backup\state.db,backup-agent.exe,benign,routine file activity
FILE-00661,2026-08-19T17:48:50Z,FIN-WS-14,NT AUTHORITY\SYSTEM,modify,C:\Backup\state.db,robocopy.exe,benign,routine file activity
FILE-00909,2026-08-19T17:57:23Z,JUMP-01,ACME\mrivera,create,D:\Shares\Finance\budget.xlsx,explorer.exe,benign,routine file activity
FILE-00351,2026-08-19T17:59:22Z,JUMP-01,ACME\svc_backup,create,C:\Backup\state.db,robocopy.exe,benign,routine file activity
FILE-01433,2026-08-19T18:02:37Z,APP-API-02,NT AUTHORITY\SYSTEM,create,D:\Shares\Finance\budget.xlsx,robocopy.exe,benign,routine file activity
FILE-00213,2026-08-19T18:04:37Z,FIN-WS-14,NT AUTHORITY\SYSTEM,create,D:\Shares\Finance\budget.xlsx,robocopy.exe,benign,routine file activity
FILE-01289,2026-08-19T18:09:04Z,FILE-02,ACME\svc_backup,create,C:\Windows\Temp\app.log,explorer.exe,benign,routine file activity
FILE-00638,2026-08-19T18:10:33Z,FIN-WS-14,ACME\jsmith,read,C:\Windows\Temp\app.log,explorer.exe,benign,routine file activity
FILE-01196,2026-08-19T18:17:28Z,FILE-02,NT AUTHORITY\SYSTEM,modify,D:\Shares\Finance\budget.xlsx,robocopy.exe,benign,routine file activity
FILE-00469,2026-08-19T18:25:39Z,PRINT-01,NT AUTHORITY\SYSTEM,read,C:\Backup\state.db,backup-agent.exe,benign,routine file activity
FILE-00418,2026-08-19T18:29:48Z,PRINT-01,NT AUTHORITY\SYSTEM,read,D:\Shares\Finance\budget.xlsx,explorer.exe,benign,routine file activity
FILE-01646,2026-08-19T18:54:27Z,BACKUP-01,ACME\svc_backup,create,C:\Windows\Temp\app.log,robocopy.exe,benign,routine file activity
FILE-00182,2026-08-19T19:01:59Z,FILE-02,ACME\svc_backup,create,D:\Shares\Finance\budget.xlsx,explorer.exe,benign,routine file activity
FILE-00400,2026-08-19T19:06:12Z,FILE-02,NT AUTHORITY\SYSTEM,read,C:\Backup\state.db,explorer.exe,benign,routine file activity
FILE-01729,2026-08-19T19:10:57Z,JUMP-01,NT AUTHORITY\SYSTEM,create,C:\Backup\state.db,explorer.exe,benign,routine file activity
FILE-00059,2026-08-19T19:16:06Z,PRINT-01,NT AUTHORITY\SYSTEM,read,C:\Backup\state.db,explorer.exe,benign,routine file activity
FILE-01172,2026-08-19T19:19:10Z,DC-01,ACME\svc_print,read,C:\Windows\Temp\app.log,backup-agent.exe,benign,routine file activity
FILE-00527,2026-08-19T19:22:38Z,DC-01,ACME\mrivera,create,C:\Windows\Temp\app.log,explorer.exe,benign,routine file activity
FILE-00435,2026-08-19T19:29:33Z,PRINT-01,ACME\svc_print,create,D:\Shares\Finance\budget.xlsx,robocopy.exe,benign,routine file activity
FILE-00052,2026-08-19T19:38:07Z,FILE-02,ACME\mrivera,read,C:\Backup\state.db,backup-agent.exe,benign,routine file activity
FILE-00269,2026-08-19T20:03:25Z,APP-API-02,ACME\svc_backup,modify,D:\Shares\Finance\budget.xlsx,robocopy.exe,benign,routine file activity
FILE-00262,2026-08-19T20:08:11Z,PRINT-01,ACME\jsmith,read,C:\Backup\state.db,backup-agent.exe,benign,routine file activity
FILE-00397,2026-08-19T20:11:10Z,APP-API-02,NT AUTHORITY\SYSTEM,modify,C:\Windows\Temp\app.log,backup-agent.exe,benign,routine file activity
FILE-01715,2026-08-19T20:14:40Z,JUMP-01,ACME\jsmith,read,C:\Windows\Temp\app.log,explorer.exe,benign,routine file activity
FILE-01120,2026-08-19T20:16:43Z,APP-API-02,ACME\svc_backup,modify,D:\Shares\Finance\budget.xlsx,backup-agent.exe,benign,routine file activity
FILE-01004,2026-08-19T20:30:41Z,FIN-WS-14,ACME\svc_backup,create,D:\Shares\Finance\budget.xlsx,explorer.exe,benign,routine file activity
FILE-01643,2026-08-19T20:36:44Z,FIN-WS-14,ACME\mrivera,create,D:\Shares\Finance\budget.xlsx,backup-agent.exe,benign,routine file activity
FILE-00265,2026-08-19T20:47:30Z,FILE-02,ACME\svc_backup,modify,C:\Windows\Temp\app.log,robocopy.exe,benign,routine file activity
FILE-00839,2026-08-19T20:52:57Z,PRINT-01,NT AUTHORITY\SYSTEM,modify,C:\Backup\state.db,robocopy.exe,benign,routine file activity
FILE-01516,2026-08-19T20:55:15Z,FIN-WS-14,ACME\mrivera,create,C:\Windows\Temp\app.log,backup-agent.exe,benign,routine file activity
FILE-00565,2026-08-19T21:00:42Z,APP-API-02,ACME\svc_print,create,C:\Windows\Temp\app.log,explorer.exe,benign,routine file activity
FILE-00437,2026-08-19T21:07:56Z,FILE-02,ACME\svc_print,modify,C:\Windows\Temp\app.log,backup-agent.exe,benign,routine file activity
FILE-00819,2026-08-19T21:11:30Z,JUMP-01,ACME\svc_backup,read,C:\Windows\Temp\app.log,backup-agent.exe,benign,routine file activity
FILE-00978,2026-08-19T21:18:51Z,PRINT-01,ACME\jsmith,create,C:\Backup\state.db,explorer.exe,benign,routine file activity
FILE-01095,2026-08-19T21:28:14Z,APP-API-02,NT AUTHORITY\SYSTEM,create,C:\Windows\Temp\app.log,backup-agent.exe,benign,routine file activity
FILE-01459,2026-08-19T21:34:09Z,FILE-02,ACME\svc_print,read,C:\Backup\state.db,explorer.exe,benign,routine file activity
FILE-01439,2026-08-19T21:45:31Z,APP-API-02,ACME\mrivera,create,D:\Shares\Finance\budget.xlsx,backup-agent.exe,benign,routine file activity
FILE-01616,2026-08-19T21:46:01Z,BACKUP-01,NT AUTHORITY\SYSTEM,create,C:\Backup\state.db,robocopy.exe,benign,routine file activity
FILE-01514,2026-08-19T21:49:34Z,FILE-02,NT AUTHORITY\SYSTEM,read,C:\Windows\Temp\app.log,backup-agent.exe,benign,routine file activity
FILE-00929,2026-08-19T21:50:48Z,JUMP-01,ACME\mrivera,read,C:\Windows\Temp\app.log,backup-agent.exe,benign,routine file activity
FILE-00990,2026-08-19T21:59:58Z,JUMP-01,ACME\mrivera,create,C:\Backup\state.db,backup-agent.exe,benign,routine file activity
FILE-01339,2026-08-19T22:00:00Z,DC-01,ACME\jsmith,read,D:\Shares\Finance\budget.xlsx,robocopy.exe,benign,routine file activity
FILE-01518,2026-08-19T22:07:05Z,JUMP-01,NT AUTHORITY\SYSTEM,read,C:\Windows\Temp\app.log,explorer.exe,benign,routine file activity
FILE-00677,2026-08-19T22:09:23Z,FIN-WS-14,ACME\svc_print,read,C:\Backup\state.db,backup-agent.exe,benign,routine file activity
FILE-00512,2026-08-19T22:17:16Z,PRINT-01,ACME\mrivera,create,D:\Shares\Finance\budget.xlsx,robocopy.exe,benign,routine file activity
FILE-01073,2026-08-19T22:21:07Z,FIN-WS-14,ACME\svc_backup,modify,C:\Windows\Temp\app.log,backup-agent.exe,benign,routine file activity
FILE-00507,2026-08-19T22:23:17Z,FIN-WS-14,ACME\svc_print,modify,D:\Shares\Finance\budget.xlsx,explorer.exe,benign,routine file activity
FILE-01174,2026-08-19T22:37:25Z,FIN-WS-14,ACME\svc_backup,create,C:\Windows\Temp\app.log,explorer.exe,benign,routine file activity
FILE-01270,2026-08-19T22:37:40Z,DC-01,ACME\svc_backup,modify,C:\Windows\Temp\app.log,explorer.exe,benign,routine file activity
FILE-01520,2026-08-19T22:38:54Z,DC-01,ACME\jsmith,modify,D:\Shares\Finance\budget.xlsx,explorer.exe,benign,routine file activity
FILE-00484,2026-08-19T22:43:57Z,FIN-WS-14,NT AUTHORITY\SYSTEM,read,D:\Shares\Finance\budget.xlsx,robocopy.exe,benign,routine file activity
FILE-01562,2026-08-19T22:51:12Z,PRINT-01,ACME\mrivera,read,C:\Backup\state.db,robocopy.exe,benign,routine file activity
FILE-00480,2026-08-19T22:51:21Z,DC-01,ACME\jsmith,create,D:\Shares\Finance\budget.xlsx,explorer.exe,benign,routine file activity
FILE-00554,2026-08-19T22:59:01Z,FILE-02,ACME\mrivera,modify,C:\Backup\state.db,backup-agent.exe,benign,routine file activity
FILE-00407,2026-08-19T23:09:17Z,FILE-02,ACME\svc_backup,create,C:\Backup\state.db,backup-agent.exe,benign,routine file activity
FILE-00748,2026-08-19T23:13:13Z,FIN-WS-14,ACME\mrivera,modify,C:\Backup\state.db,backup-agent.exe,benign,routine file activity
FILE-00876,2026-08-19T23:17:56Z,FILE-02,NT AUTHORITY\SYSTEM,read,C:\Windows\Temp\app.log,robocopy.exe,benign,routine file activity
FILE-00393,2026-08-19T23:25:52Z,APP-API-02,NT AUTHORITY\SYSTEM,modify,C:\Backup\state.db,robocopy.exe,benign,routine file activity
FILE-01795,2026-08-19T23:32:19Z,FIN-WS-14,ACME\svc_print,read,C:\Backup\state.db,backup-agent.exe,benign,routine file activity
FILE-00953,2026-08-19T23:33:40Z,FIN-WS-14,ACME\svc_print,read,C:\Windows\Temp\app.log,backup-agent.exe,benign,routine file activity
FILE-00261,2026-08-19T23:36:11Z,JUMP-01,ACME\mrivera,modify,D:\Shares\Finance\budget.xlsx,backup-agent.exe,benign,routine file activity
FILE-01242,2026-08-19T23:39:20Z,APP-API-02,ACME\mrivera,create,C:\Backup\state.db,backup-agent.exe,benign,routine file activity
FILE-01055,2026-08-19T23:40:51Z,APP-API-02,ACME\mrivera,create,D:\Shares\Finance\budget.xlsx,explorer.exe,benign,routine file activity
FILE-01561,2026-08-19T23:51:30Z,DC-01,ACME\svc_backup,read,C:\Backup\state.db,backup-agent.exe,benign,routine file activity
FILE-00903,2026-08-19T23:56:02Z,FIN-WS-14,ACME\svc_backup,read,D:\Shares\Finance\budget.xlsx,robocopy.exe,benign,routine file activity
FILE-00324,2026-08-20T00:01:42Z,APP-API-02,ACME\svc_backup,modify,D:\Shares\Finance\budget.xlsx,robocopy.exe,benign,routine file activity
FILE-00368,2026-08-20T00:02:31Z,APP-API-02,ACME\jsmith,read,C:\Backup\state.db,backup-agent.exe,benign,routine file activity
FILE-00109,2026-08-20T00:08:18Z,DC-01,NT AUTHORITY\SYSTEM,modify,C:\Windows\Temp\app.log,backup-agent.exe,benign,routine file activity
FILE-00486,2026-08-20T00:11:51Z,BACKUP-01,ACME\mrivera,create,C:\Windows\Temp\app.log,robocopy.exe,benign,routine file activity
FILE-01463,2026-08-20T00:14:38Z,JUMP-01,ACME\svc_print,create,C:\Windows\Temp\app.log,robocopy.exe,benign,routine file activity
FILE-00024,2026-08-20T00:22:11Z,DC-01,ACME\mrivera,read,C:\Windows\Temp\app.log,robocopy.exe,benign,routine file activity
FILE-00403,2026-08-20T00:31:29Z,DC-01,ACME\svc_backup,modify,C:\Backup\state.db,robocopy.exe,benign,routine file activity
FILE-01496,2026-08-20T00:31:43Z,JUMP-01,ACME\jsmith,read,C:\Windows\Temp\app.log,explorer.exe,benign,routine file activity
FILE-00709,2026-08-20T00:35:02Z,APP-API-02,ACME\svc_print,modify,C:\Windows\Temp\app.log,explorer.exe,benign,routine file activity
FILE-01288,2026-08-20T00:35:43Z,FILE-02,NT AUTHORITY\SYSTEM,modify,D:\Shares\Finance\budget.xlsx,explorer.exe,benign,routine file activity
FILE-01535,2026-08-20T00:37:24Z,FILE-02,ACME\svc_print,read,D:\Shares\Finance\budget.xlsx,backup-agent.exe,benign,routine file activity
FILE-01022,2026-08-20T00:40:23Z,JUMP-01,ACME\svc_print,read,D:\Shares\Finance\budget.xlsx,robocopy.exe,benign,routine file activity
FILE-00139,2026-08-20T00:40:59Z,PRINT-01,ACME\mrivera,create,C:\Backup\state.db,explorer.exe,benign,routine file activity
FILE-00283,2026-08-20T00:43:03Z,APP-API-02,ACME\jsmith,read,C:\Windows\Temp\app.log,backup-agent.exe,benign,routine file activity
FILE-00133,2026-08-20T00:46:37Z,PRINT-01,ACME\svc_print,modify,D:\Shares\Finance\budget.xlsx,backup-agent.exe,benign,routine file activity
FILE-00667,2026-08-20T00:47:29Z,FILE-02,NT AUTHORITY\SYSTEM,read,C:\Backup\state.db,robocopy.exe,benign,routine file activity
FILE-00521,2026-08-20T00:48:06Z,FIN-WS-14,NT AUTHORITY\SYSTEM,create,C:\Backup\state.db,backup-agent.exe,benign,routine file activity
FILE-01456,2026-08-20T00:48:44Z,PRINT-01,ACME\jsmith,modify,D:\Shares\Finance\budget.xlsx,explorer.exe,benign,routine file activity
FILE-01768,2026-08-20T00:50:19Z,JUMP-01,ACME\svc_print,modify,D:\Shares\Finance\budget.xlsx,backup-agent.exe,benign,routine file activity
FILE-01165,2026-08-20T00:52:39Z,JUMP-01,ACME\svc_backup,create,C:\Windows\Temp\app.log,explorer.exe,benign,routine file activity
FILE-01061,2026-08-20T01:20:41Z,FIN-WS-14,ACME\svc_print,create,D:\Shares\Finance\budget.xlsx,robocopy.exe,benign,routine file activity
FILE-01603,2026-08-20T01:20:44Z,DC-01,ACME\svc_backup,read,C:\Backup\state.db,explorer.exe,benign,routine file activity
FILE-00048,2026-08-20T01:20:53Z,APP-API-02,ACME\svc_print,modify,C:\Windows\Temp\app.log,backup-agent.exe,benign,routine file activity
FILE-00743,2026-08-20T01:24:16Z,FILE-02,ACME\mrivera,modify,D:\Shares\Finance\budget.xlsx,backup-agent.exe,benign,routine file activity
FILE-00136,2026-08-20T01:25:25Z,JUMP-01,ACME\svc_print,modify,C:\Backup\state.db,robocopy.exe,benign,routine file activity
FILE-01348,2026-08-20T01:27:51Z,BACKUP-01,NT AUTHORITY\SYSTEM,modify,C:\Backup\state.db,explorer.exe,benign,routine file activity
FILE-00354,2026-08-20T01:27:57Z,PRINT-01,ACME\svc_backup,read,C:\Backup\state.db,explorer.exe,benign,routine file activity
FILE-01327,2026-08-20T01:31:12Z,FILE-02,ACME\svc_print,modify,D:\Shares\Finance\budget.xlsx,explorer.exe,benign,routine file activity
FILE-01747,2026-08-20T01:32:05Z,BACKUP-01,ACME\jsmith,read,C:\Windows\Temp\app.log,robocopy.exe,benign,routine file activity
FILE-01411,2026-08-20T01:34:08Z,FILE-02,ACME\svc_backup,modify,D:\Shares\Finance\budget.xlsx,explorer.exe,benign,routine file activity
FILE-01584,2026-08-20T01:41:26Z,JUMP-01,ACME\mrivera,read,D:\Shares\Finance\budget.xlsx,backup-agent.exe,benign,routine file activity
FILE-01298,2026-08-20T01:43:29Z,FIN-WS-14,ACME\svc_backup,create,C:\Backup\state.db,explorer.exe,benign,routine file activity
FILE-00844,2026-08-20T01:55:40Z,FILE-02,ACME\mrivera,read,C:\Windows\Temp\app.log,explorer.exe,benign,routine file activity
FILE-00490,2026-08-20T02:00:12Z,FILE-02,ACME\svc_print,create,C:\Windows\Temp\app.log,explorer.exe,benign,routine file activity
FILE-01468,2026-08-20T02:00:42Z,JUMP-01,NT AUTHORITY\SYSTEM,create,C:\Windows\Temp\app.log,robocopy.exe,benign,routine file activity
FILE-00816,2026-08-20T02:00:47Z,JUMP-01,ACME\svc_print,create,D:\Shares\Finance\budget.xlsx,explorer.exe,benign,routine file activity
FILE-01694,2026-08-20T02:10:09Z,JUMP-01,ACME\mrivera,create,D:\Shares\Finance\budget.xlsx,robocopy.exe,benign,routine file activity
FILE-01431,2026-08-20T02:10:40Z,FIN-WS-14,ACME\svc_print,read,C:\Backup\state.db,backup-agent.exe,benign,routine file activity
FILE-00331,2026-08-20T02:50:25Z,JUMP-01,NT AUTHORITY\SYSTEM,read,C:\Windows\Temp\app.log,robocopy.exe,benign,routine file activity
FILE-01091,2026-08-20T02:50:44Z,BACKUP-01,ACME\mrivera,create,D:\Shares\Finance\budget.xlsx,robocopy.exe,benign,routine file activity
FILE-01744,2026-08-20T03:07:23Z,PRINT-01,ACME\mrivera,read,C:\Backup\state.db,robocopy.exe,benign,routine file activity
FILE-01597,2026-08-20T03:08:18Z,JUMP-01,ACME\svc_print,modify,C:\Backup\state.db,robocopy.exe,benign,routine file activity
FILE-00875,2026-08-20T03:09:25Z,FILE-02,NT AUTHORITY\SYSTEM,modify,D:\Shares\Finance\budget.xlsx,explorer.exe,benign,routine file activity
FILE-00041,2026-08-20T03:10:10Z,APP-API-02,ACME\svc_backup,read,C:\Backup\state.db,backup-agent.exe,benign,routine file activity
FILE-00176,2026-08-20T03:18:30Z,PRINT-01,ACME\mrivera,create,D:\Shares\Finance\budget.xlsx,robocopy.exe,benign,routine file activity
FILE-01717,2026-08-20T03:20:33Z,FIN-WS-14,ACME\svc_print,create,C:\Backup\state.db,explorer.exe,benign,routine file activity
FILE-01704,2026-08-20T03:23:06Z,DC-01,ACME\jsmith,modify,D:\Shares\Finance\budget.xlsx,explorer.exe,benign,routine file activity
FILE-01537,2026-08-20T03:23:17Z,DC-01,ACME\svc_print,read,C:\Windows\Temp\app.log,backup-agent.exe,benign,routine file activity
FILE-00485,2026-08-20T03:24:49Z,FILE-02,ACME\jsmith,modify,C:\Backup\state.db,backup-agent.exe,benign,routine file activity
FILE-01169,2026-08-20T03:25:41Z,FILE-02,NT AUTHORITY\SYSTEM,create,C:\Backup\state.db,explorer.exe,benign,routine file activity
FILE-01295,2026-08-20T03:32:42Z,DC-01,NT AUTHORITY\SYSTEM,modify,D:\Shares\Finance\budget.xlsx,robocopy.exe,benign,routine file activity
FILE-01315,2026-08-20T03:35:28Z,FILE-02,ACME\mrivera,modify,D:\Shares\Finance\budget.xlsx,backup-agent.exe,benign,routine file activity
FILE-00714,2026-08-20T03:38:00Z,APP-API-02,ACME\svc_print,modify,D:\Shares\Finance\budget.xlsx,backup-agent.exe,benign,routine file activity
FILE-00792,2026-08-20T03:41:01Z,FILE-02,NT AUTHORITY\SYSTEM,create,D:\Shares\Finance\budget.xlsx,backup-agent.exe,benign,routine file activity
FILE-00804,2026-08-20T03:43:07Z,APP-API-02,NT AUTHORITY\SYSTEM,create,C:\Windows\Temp\app.log,explorer.exe,benign,routine file activity
FILE-00217,2026-08-20T03:52:11Z,APP-API-02,ACME\svc_print,read,C:\Windows\Temp\app.log,explorer.exe,benign,routine file activity
FILE-00221,2026-08-20T03:53:15Z,DC-01,ACME\mrivera,modify,C:\Windows\Temp\app.log,explorer.exe,benign,routine file activity
FILE-00194,2026-08-20T03:56:29Z,DC-01,ACME\mrivera,read,C:\Windows\Temp\app.log,backup-agent.exe,benign,routine file activity
FILE-01448,2026-08-20T04:02:18Z,FIN-WS-14,ACME\jsmith,modify,D:\Shares\Finance\budget.xlsx,robocopy.exe,benign,routine file activity
FILE-01591,2026-08-20T04:15:09Z,FILE-02,ACME\svc_print,create,C:\Windows\Temp\app.log,robocopy.exe,benign,routine file activity
FILE-00788,2026-08-20T04:15:14Z,APP-API-02,ACME\svc_backup,create,D:\Shares\Finance\budget.xlsx,explorer.exe,benign,routine file activity
FILE-01488,2026-08-20T04:18:49Z,DC-01,ACME\jsmith,read,D:\Shares\Finance\budget.xlsx,explorer.exe,benign,routine file activity
FILE-00697,2026-08-20T04:21:13Z,PRINT-01,NT AUTHORITY\SYSTEM,create,C:\Windows\Temp\app.log,backup-agent.exe,benign,routine file activity
FILE-01617,2026-08-20T04:21:24Z,PRINT-01,ACME\mrivera,create,C:\Windows\Temp\app.log,robocopy.exe,benign,routine file activity
FILE-01243,2026-08-20T04:32:43Z,BACKUP-01,ACME\mrivera,modify,C:\Windows\Temp\app.log,explorer.exe,benign,routine file activity
FILE-01572,2026-08-20T04:33:01Z,FILE-02,ACME\svc_print,create,C:\Windows\Temp\app.log,backup-agent.exe,benign,routine file activity
FILE-01640,2026-08-20T04:33:46Z,JUMP-01,ACME\jsmith,create,C:\Backup\state.db,backup-agent.exe,benign,routine file activity
FILE-00364,2026-08-20T04:34:21Z,DC-01,ACME\svc_print,modify,C:\Windows\Temp\app.log,explorer.exe,benign,routine file activity
FILE-00710,2026-08-20T04:38:41Z,APP-API-02,NT AUTHORITY\SYSTEM,create,C:\Backup\state.db,robocopy.exe,benign,routine file activity
FILE-00719,2026-08-20T04:42:46Z,FILE-02,NT AUTHORITY\SYSTEM,modify,C:\Backup\state.db,robocopy.exe,benign,routine file activity
FILE-00635,2026-08-20T04:53:22Z,APP-API-02,ACME\jsmith,modify,D:\Shares\Finance\budget.xlsx,backup-agent.exe,benign,routine file activity
FILE-00938,2026-08-20T04:54:01Z,DC-01,ACME\svc_print,create,C:\Windows\Temp\app.log,explorer.exe,benign,routine file activity
FILE-01611,2026-08-20T04:54:02Z,DC-01,ACME\jsmith,read,C:\Windows\Temp\app.log,backup-agent.exe,benign,routine file activity
FILE-01583,2026-08-20T04:57:31Z,FIN-WS-14,NT AUTHORITY\SYSTEM,modify,D:\Shares\Finance\budget.xlsx,backup-agent.exe,benign,routine file activity
FILE-01129,2026-08-20T05:01:37Z,BACKUP-01,ACME\svc_backup,read,C:\Windows\Temp\app.log,backup-agent.exe,benign,routine file activity
FILE-00510,2026-08-20T05:03:33Z,DC-01,ACME\svc_backup,read,C:\Windows\Temp\app.log,robocopy.exe,benign,routine file activity
FILE-00628,2026-08-20T05:17:33Z,FIN-WS-14,NT AUTHORITY\SYSTEM,read,C:\Backup\state.db,robocopy.exe,benign,routine file activity
FILE-00832,2026-08-20T05:23:09Z,BACKUP-01,ACME\svc_backup,read,D:\Shares\Finance\budget.xlsx,robocopy.exe,benign,routine file activity
FILE-01226,2026-08-20T05:30:26Z,FILE-02,ACME\svc_backup,modify,C:\Windows\Temp\app.log,explorer.exe,benign,routine file activity
FILE-01240,2026-08-20T05:43:24Z,DC-01,ACME\svc_print,modify,C:\Windows\Temp\app.log,explorer.exe,benign,routine file activity
FILE-00724,2026-08-20T05:50:09Z,FILE-02,NT AUTHORITY\SYSTEM,create,C:\Backup\state.db,explorer.exe,benign,routine file activity
FILE-01162,2026-08-20T05:51:06Z,FIN-WS-14,ACME\jsmith,create,D:\Shares\Finance\budget.xlsx,robocopy.exe,benign,routine file activity
FILE-01429,2026-08-20T05:54:21Z,JUMP-01,ACME\svc_backup,read,C:\Windows\Temp\app.log,backup-agent.exe,benign,routine file activity
FILE-00935,2026-08-20T05:56:28Z,BACKUP-01,ACME\jsmith,create,D:\Shares\Finance\budget.xlsx,robocopy.exe,benign,routine file activity
FILE-01067,2026-08-20T05:56:39Z,BACKUP-01,NT AUTHORITY\SYSTEM,modify,D:\Shares\Finance\budget.xlsx,explorer.exe,benign,routine file activity
FILE-00375,2026-08-20T05:57:45Z,FILE-02,NT AUTHORITY\SYSTEM,modify,C:\Backup\state.db,robocopy.exe,benign,routine file activity
FILE-00349,2026-08-20T06:04:16Z,PRINT-01,ACME\mrivera,modify,C:\Backup\state.db,explorer.exe,benign,routine file activity
FILE-01697,2026-08-20T06:04:18Z,FIN-WS-14,ACME\mrivera,create,D:\Shares\Finance\budget.xlsx,explorer.exe,benign,routine file activity
FILE-00522,2026-08-20T06:04:53Z,DC-01,ACME\jsmith,read,D:\Shares\Finance\budget.xlsx,robocopy.exe,benign,routine file activity
FILE-00922,2026-08-20T06:04:56Z,DC-01,ACME\jsmith,create,C:\Backup\state.db,robocopy.exe,benign,routine file activity
FILE-00581,2026-08-20T06:19:57Z,FILE-02,ACME\jsmith,create,D:\Shares\Finance\budget.xlsx,backup-agent.exe,benign,routine file activity
FILE-00761,2026-08-20T06:23:19Z,PRINT-01,ACME\svc_backup,create,C:\Backup\state.db,explorer.exe,benign,routine file activity
FILE-00165,2026-08-20T06:24:07Z,FIN-WS-14,ACME\mrivera,read,C:\Windows\Temp\app.log,explorer.exe,benign,routine file activity
FILE-01487,2026-08-20T06:28:42Z,FIN-WS-14,ACME\svc_backup,read,C:\Backup\state.db,explorer.exe,benign,routine file activity
FILE-00740,2026-08-20T06:29:40Z,APP-API-02,ACME\mrivera,create,C:\Backup\state.db,explorer.exe,benign,routine file activity
FILE-01376,2026-08-20T06:38:09Z,FILE-02,ACME\mrivera,create,C:\Windows\Temp\app.log,explorer.exe,benign,routine file activity
FILE-01334,2026-08-20T06:40:21Z,DC-01,NT AUTHORITY\SYSTEM,read,C:\Windows\Temp\app.log,backup-agent.exe,benign,routine file activity
FILE-01039,2026-08-20T06:44:26Z,JUMP-01,ACME\jsmith,create,C:\Windows\Temp\app.log,backup-agent.exe,benign,routine file activity
FILE-01167,2026-08-20T06:56:42Z,FIN-WS-14,NT AUTHORITY\SYSTEM,create,C:\Backup\state.db,explorer.exe,benign,routine file activity
FILE-00431,2026-08-20T07:07:05Z,FILE-02,ACME\svc_print,read,C:\Windows\Temp\app.log,backup-agent.exe,benign,routine file activity
FILE-01710,2026-08-20T07:09:02Z,BACKUP-01,ACME\svc_backup,modify,C:\Backup\state.db,backup-agent.exe,benign,routine file activity
FILE-01272,2026-08-20T07:09:56Z,FIN-WS-14,NT AUTHORITY\SYSTEM,read,C:\Backup\state.db,backup-agent.exe,benign,routine file activity
FILE-01462,2026-08-20T07:10:54Z,FILE-02,ACME\mrivera,modify,C:\Backup\state.db,backup-agent.exe,benign,routine file activity
FILE-00189,2026-08-20T07:13:33Z,FIN-WS-14,ACME\svc_backup,modify,C:\Windows\Temp\app.log,explorer.exe,benign,routine file activity
FILE-00130,2026-08-20T07:14:21Z,FIN-WS-14,ACME\jsmith,create,D:\Shares\Finance\budget.xlsx,explorer.exe,benign,routine file activity
FILE-00700,2026-08-20T07:34:31Z,APP-API-02,NT AUTHORITY\SYSTEM,create,C:\Backup\state.db,backup-agent.exe,benign,routine file activity
FILE-00323,2026-08-20T07:36:55Z,PRINT-01,NT AUTHORITY\SYSTEM,read,D:\Shares\Finance\budget.xlsx,backup-agent.exe,benign,routine file activity
FILE-00053,2026-08-20T07:38:28Z,DC-01,ACME\svc_backup,modify,C:\Windows\Temp\app.log,backup-agent.exe,benign,routine file activity
FILE-01656,2026-08-20T07:41:28Z,DC-01,ACME\svc_print,modify,C:\Windows\Temp\app.log,backup-agent.exe,benign,routine file activity
FILE-01497,2026-08-20T07:50:13Z,PRINT-01,ACME\mrivera,create,D:\Shares\Finance\budget.xlsx,robocopy.exe,benign,routine file activity
FILE-01532,2026-08-20T07:55:50Z,FIN-WS-14,ACME\jsmith,modify,D:\Shares\Finance\budget.xlsx,explorer.exe,benign,routine file activity
FILE-00869,2026-08-20T07:57:27Z,BACKUP-01,ACME\jsmith,create,C:\Windows\Temp\app.log,explorer.exe,benign,routine file activity
FILE-00307,2026-08-20T08:04:09Z,FIN-WS-14,ACME\svc_print,read,C:\Backup\state.db,backup-agent.exe,benign,routine file activity
FILE-00552,2026-08-20T08:26:12Z,PRINT-01,ACME\mrivera,modify,C:\Windows\Temp\app.log,robocopy.exe,benign,routine file activity
FILE-00036,2026-08-20T08:27:01Z,PRINT-01,ACME\svc_backup,create,C:\Backup\state.db,backup-agent.exe,benign,routine file activity
FILE-01076,2026-08-20T08:27:03Z,APP-API-02,ACME\jsmith,create,C:\Windows\Temp\app.log,explorer.exe,benign,routine file activity
FILE-01229,2026-08-20T08:29:29Z,APP-API-02,ACME\mrivera,read,D:\Shares\Finance\budget.xlsx,backup-agent.exe,benign,routine file activity
FILE-01316,2026-08-20T08:32:34Z,FIN-WS-14,ACME\mrivera,create,C:\Windows\Temp\app.log,backup-agent.exe,benign,routine file activity
FILE-01049,2026-08-20T08:32:44Z,PRINT-01,ACME\svc_print,create,D:\Shares\Finance\budget.xlsx,robocopy.exe,benign,routine file activity
FILE-00536,2026-08-20T08:33:11Z,PRINT-01,ACME\jsmith,create,C:\Backup\state.db,backup-agent.exe,benign,routine file activity
FILE-01434,2026-08-20T08:37:57Z,DC-01,ACME\jsmith,create,C:\Backup\state.db,explorer.exe,benign,routine file activity
FILE-01223,2026-08-20T08:40:30Z,FIN-WS-14,ACME\mrivera,read,D:\Shares\Finance\budget.xlsx,backup-agent.exe,benign,routine file activity
FILE-01222,2026-08-20T08:40:40Z,PRINT-01,ACME\jsmith,modify,D:\Shares\Finance\budget.xlsx,explorer.exe,benign,routine file activity
FILE-00694,2026-08-20T08:45:02Z,BACKUP-01,ACME\svc_backup,modify,C:\Windows\Temp\app.log,explorer.exe,benign,routine file activity
FILE-00240,2026-08-20T08:48:39Z,APP-API-02,ACME\svc_print,read,C:\Backup\state.db,explorer.exe,benign,routine file activity
FILE-01771,2026-08-20T09:00:48Z,DC-01,ACME\jsmith,create,C:\Backup\state.db,robocopy.exe,benign,routine file activity
FILE-00646,2026-08-20T09:07:52Z,APP-API-02,ACME\svc_print,create,C:\Backup\state.db,backup-agent.exe,benign,routine file activity
FILE-01661,2026-08-20T09:07:53Z,APP-API-02,ACME\jsmith,create,D:\Shares\Finance\budget.xlsx,backup-agent.exe,benign,routine file activity
FILE-01192,2026-08-20T09:16:16Z,BACKUP-01,ACME\svc_backup,create,C:\Backup\state.db,backup-agent.exe,benign,routine file activity
FILE-00841,2026-08-20T09:22:24Z,FILE-02,NT AUTHORITY\SYSTEM,read,C:\Windows\Temp\app.log,explorer.exe,benign,routine file activity
FILE-00820,2026-08-20T09:27:46Z,PRINT-01,NT AUTHORITY\SYSTEM,modify,C:\Backup\state.db,explorer.exe,benign,routine file activity
FILE-01035,2026-08-20T09:30:42Z,BACKUP-01,ACME\mrivera,modify,D:\Shares\Finance\budget.xlsx,explorer.exe,benign,routine file activity
FILE-01359,2026-08-20T09:31:44Z,FILE-02,ACME\jsmith,modify,C:\Windows\Temp\app.log,backup-agent.exe,benign,routine file activity
FILE-01650,2026-08-20T09:31:55Z,DC-01,ACME\svc_print,read,D:\Shares\Finance\budget.xlsx,backup-agent.exe,benign,routine file activity
FILE-01679,2026-08-20T09:35:19Z,JUMP-01,ACME\svc_backup,read,C:\Windows\Temp\app.log,backup-agent.exe,benign,routine file activity
FILE-01669,2026-08-20T09:39:25Z,APP-API-02,ACME\svc_print,create,D:\Shares\Finance\budget.xlsx,explorer.exe,benign,routine file activity
FILE-01402,2026-08-20T09:44:32Z,JUMP-01,ACME\svc_backup,read,C:\Windows\Temp\app.log,robocopy.exe,benign,routine file activity
FILE-00729,2026-08-20T09:49:31Z,PRINT-01,ACME\jsmith,modify,C:\Backup\state.db,explorer.exe,benign,routine file activity
FILE-01117,2026-08-20T09:51:06Z,APP-API-02,ACME\mrivera,read,C:\Windows\Temp\app.log,explorer.exe,benign,routine file activity
FILE-00162,2026-08-20T09:53:09Z,BACKUP-01,NT AUTHORITY\SYSTEM,create,C:\Windows\Temp\app.log,explorer.exe,benign,routine file activity
FILE-00913,2026-08-20T10:01:08Z,DC-01,ACME\svc_print,read,D:\Shares\Finance\budget.xlsx,robocopy.exe,benign,routine file activity
FILE-00436,2026-08-20T10:11:55Z,BACKUP-01,ACME\svc_print,modify,D:\Shares\Finance\budget.xlsx,robocopy.exe,benign,routine file activity
FILE-01683,2026-08-20T10:22:52Z,FILE-02,ACME\svc_print,read,C:\Backup\state.db,backup-agent.exe,benign,routine file activity
FILE-01344,2026-08-20T10:29:21Z,JUMP-01,ACME\svc_backup,read,C:\Windows\Temp\app.log,backup-agent.exe,benign,routine file activity
FILE-00975,2026-08-20T10:31:48Z,BACKUP-01,ACME\jsmith,create,C:\Backup\state.db,robocopy.exe,benign,routine file activity
FILE-01139,2026-08-20T10:43:44Z,JUMP-01,ACME\svc_backup,read,C:\Backup\state.db,backup-agent.exe,benign,routine file activity
FILE-00890,2026-08-20T10:44:49Z,FILE-02,ACME\mrivera,modify,C:\Windows\Temp\app.log,explorer.exe,benign,routine file activity
FILE-01291,2026-08-20T10:44:50Z,PRINT-01,ACME\mrivera,read,C:\Windows\Temp\app.log,explorer.exe,benign,routine file activity
FILE-00567,2026-08-20T11:02:49Z,JUMP-01,NT AUTHORITY\SYSTEM,create,D:\Shares\Finance\budget.xlsx,backup-agent.exe,benign,routine file activity
FILE-00289,2026-08-20T11:05:17Z,JUMP-01,ACME\jsmith,read,C:\Windows\Temp\app.log,backup-agent.exe,benign,routine file activity
FILE-01168,2026-08-20T11:05:27Z,FIN-WS-14,ACME\mrivera,modify,C:\Backup\state.db,explorer.exe,benign,routine file activity
FILE-00347,2026-08-20T11:12:19Z,BACKUP-01,ACME\jsmith,modify,C:\Backup\state.db,backup-agent.exe,benign,routine file activity
FILE-01122,2026-08-20T11:13:32Z,DC-01,ACME\svc_print,read,C:\Backup\state.db,explorer.exe,benign,routine file activity
FILE-00147,2026-08-20T11:23:51Z,FIN-WS-14,NT AUTHORITY\SYSTEM,read,D:\Shares\Finance\budget.xlsx,robocopy.exe,benign,routine file activity
FILE-00492,2026-08-20T11:26:28Z,DC-01,ACME\jsmith,create,C:\Windows\Temp\app.log,robocopy.exe,benign,routine file activity
FILE-00017,2026-08-20T11:26:42Z,FIN-WS-14,ACME\jsmith,modify,C:\Windows\Temp\app.log,explorer.exe,benign,routine file activity
FILE-00676,2026-08-20T11:41:14Z,APP-API-02,ACME\jsmith,read,C:\Windows\Temp\app.log,backup-agent.exe,benign,routine file activity
FILE-00836,2026-08-20T11:43:06Z,DC-01,ACME\mrivera,read,C:\Windows\Temp\app.log,robocopy.exe,benign,routine file activity
FILE-00772,2026-08-20T11:43:35Z,PRINT-01,ACME\mrivera,create,C:\Backup\state.db,explorer.exe,benign,routine file activity
FILE-00477,2026-08-20T11:43:44Z,DC-01,NT AUTHORITY\SYSTEM,create,C:\Windows\Temp\app.log,explorer.exe,benign,routine file activity
FILE-01399,2026-08-20T11:44:49Z,DC-01,NT AUTHORITY\SYSTEM,read,C:\Windows\Temp\app.log,robocopy.exe,benign,routine file activity
FILE-01188,2026-08-20T11:46:06Z,JUMP-01,ACME\mrivera,create,D:\Shares\Finance\budget.xlsx,backup-agent.exe,benign,routine file activity
FILE-00822,2026-08-20T11:50:04Z,FILE-02,ACME\svc_backup,modify,C:\Backup\state.db,explorer.exe,benign,routine file activity
FILE-01062,2026-08-20T11:51:19Z,JUMP-01,ACME\mrivera,create,C:\Windows\Temp\app.log,backup-agent.exe,benign,routine file activity
FILE-01684,2026-08-20T11:59:22Z,JUMP-01,ACME\mrivera,read,D:\Shares\Finance\budget.xlsx,robocopy.exe,benign,routine file activity
FILE-00271,2026-08-20T12:01:10Z,PRINT-01,ACME\mrivera,read,D:\Shares\Finance\budget.xlsx,robocopy.exe,benign,routine file activity
FILE-00797,2026-08-20T12:11:07Z,APP-API-02,ACME\svc_print,create,C:\Backup\state.db,backup-agent.exe,benign,routine file activity
FILE-00404,2026-08-20T12:16:58Z,FIN-WS-14,ACME\mrivera,modify,C:\Windows\Temp\app.log,explorer.exe,benign,routine file activity
FILE-01337,2026-08-20T12:17:16Z,PRINT-01,ACME\jsmith,create,C:\Windows\Temp\app.log,robocopy.exe,benign,routine file activity
FILE-01068,2026-08-20T12:20:26Z,JUMP-01,ACME\mrivera,modify,C:\Windows\Temp\app.log,explorer.exe,benign,routine file activity
FILE-00303,2026-08-20T12:20:27Z,DC-01,ACME\jsmith,read,D:\Shares\Finance\budget.xlsx,robocopy.exe,benign,routine file activity
FILE-00795,2026-08-20T12:23:42Z,FIN-WS-14,ACME\svc_backup,read,C:\Windows\Temp\app.log,backup-agent.exe,benign,routine file activity
FILE-00374,2026-08-20T12:29:39Z,JUMP-01,ACME\svc_backup,modify,D:\Shares\Finance\budget.xlsx,robocopy.exe,benign,routine file activity
FILE-00318,2026-08-20T12:29:52Z,BACKUP-01,ACME\svc_backup,modify,D:\Shares\Finance\budget.xlsx,explorer.exe,benign,routine file activity
FILE-00420,2026-08-20T12:36:20Z,BACKUP-01,NT AUTHORITY\SYSTEM,create,D:\Shares\Finance\budget.xlsx,backup-agent.exe,benign,routine file activity
FILE-00662,2026-08-20T12:37:04Z,JUMP-01,ACME\jsmith,modify,C:\Backup\state.db,backup-agent.exe,benign,routine file activity
FILE-00222,2026-08-20T12:37:43Z,PRINT-01,ACME\mrivera,modify,C:\Windows\Temp\app.log,explorer.exe,benign,routine file activity
FILE-00429,2026-08-20T12:38:29Z,BACKUP-01,ACME\jsmith,create,C:\Windows\Temp\app.log,explorer.exe,benign,routine file activity
FILE-01144,2026-08-20T12:40:11Z,FIN-WS-14,ACME\mrivera,read,D:\Shares\Finance\budget.xlsx,explorer.exe,benign,routine file activity
FILE-01475,2026-08-20T12:42:04Z,DC-01,ACME\jsmith,read,C:\Backup\state.db,backup-agent.exe,benign,routine file activity
FILE-01636,2026-08-20T12:58:27Z,FILE-02,ACME\jsmith,modify,C:\Backup\state.db,backup-agent.exe,benign,routine file activity
FILE-01651,2026-08-20T12:59:05Z,FILE-02,ACME\svc_print,read,C:\Windows\Temp\app.log,robocopy.exe,benign,routine file activity
FILE-00659,2026-08-20T13:03:58Z,FILE-02,ACME\jsmith,modify,C:\Backup\state.db,explorer.exe,benign,routine file activity
FILE-00299,2026-08-20T13:04:17Z,APP-API-02,ACME\svc_print,modify,C:\Windows\Temp\app.log,explorer.exe,benign,routine file activity
FILE-01641,2026-08-20T13:05:57Z,BACKUP-01,ACME\svc_backup,modify,C:\Backup\state.db,backup-agent.exe,benign,routine file activity
FILE-00782,2026-08-20T13:07:52Z,BACKUP-01,ACME\svc_print,read,C:\Windows\Temp\app.log,backup-agent.exe,benign,routine file activity
FILE-01030,2026-08-20T13:08:07Z,BACKUP-01,NT AUTHORITY\SYSTEM,create,C:\Windows\Temp\app.log,explorer.exe,benign,routine file activity
FILE-00448,2026-08-20T13:33:07Z,JUMP-01,ACME\mrivera,read,C:\Windows\Temp\app.log,explorer.exe,benign,routine file activity
FILE-01607,2026-08-20T13:33:29Z,FILE-02,ACME\svc_print,create,D:\Shares\Finance\budget.xlsx,explorer.exe,benign,routine file activity
FILE-00564,2026-08-20T13:36:57Z,BACKUP-01,NT AUTHORITY\SYSTEM,read,C:\Backup\state.db,robocopy.exe,benign,routine file activity
FILE-00401,2026-08-20T13:38:22Z,PRINT-01,ACME\mrivera,read,C:\Backup\state.db,explorer.exe,benign,routine file activity
FILE-01529,2026-08-20T13:43:58Z,BACKUP-01,ACME\mrivera,read,D:\Shares\Finance\budget.xlsx,explorer.exe,benign,routine file activity
FILE-01792,2026-08-20T13:51:58Z,FILE-02,ACME\mrivera,read,C:\Windows\Temp\app.log,backup-agent.exe,benign,routine file activity
FILE-00019,2026-08-20T13:59:51Z,JUMP-01,ACME\svc_print,create,C:\Backup\state.db,backup-agent.exe,benign,routine file activity
FILE-01093,2026-08-20T14:01:02Z,BACKUP-01,NT AUTHORITY\SYSTEM,read,C:\Backup\state.db,explorer.exe,benign,routine file activity
FILE-00904,2026-08-20T14:01:45Z,PRINT-01,NT AUTHORITY\SYSTEM,create,C:\Backup\state.db,robocopy.exe,benign,routine file activity
FILE-01631,2026-08-20T14:05:45Z,BACKUP-01,NT AUTHORITY\SYSTEM,create,C:\Backup\state.db,robocopy.exe,benign,routine file activity
FILE-01700,2026-08-20T14:11:13Z,JUMP-01,ACME\svc_backup,create,C:\Windows\Temp\app.log,explorer.exe,benign,routine file activity
FILE-00957,2026-08-20T14:29:51Z,JUMP-01,ACME\mrivera,create,C:\Backup\state.db,robocopy.exe,benign,routine file activity
FILE-00163,2026-08-20T14:30:55Z,APP-API-02,ACME\svc_print,create,C:\Windows\Temp\app.log,robocopy.exe,benign,routine file activity
FILE-00029,2026-08-20T14:31:28Z,FIN-WS-14,ACME\jsmith,modify,C:\Windows\Temp\app.log,backup-agent.exe,benign,routine file activity
FILE-00369,2026-08-20T14:41:02Z,FILE-02,ACME\jsmith,read,C:\Backup\state.db,backup-agent.exe,benign,routine file activity
FILE-01118,2026-08-20T14:42:33Z,JUMP-01,NT AUTHORITY\SYSTEM,read,C:\Backup\state.db,explorer.exe,benign,routine file activity
FILE-00842,2026-08-20T14:46:14Z,JUMP-01,ACME\jsmith,read,D:\Shares\Finance\budget.xlsx,explorer.exe,benign,routine file activity
FILE-01170,2026-08-20T14:49:03Z,FILE-02,ACME\svc_backup,modify,D:\Shares\Finance\budget.xlsx,explorer.exe,benign,routine file activity
FILE-01360,2026-08-20T14:52:35Z,APP-API-02,ACME\svc_print,create,D:\Shares\Finance\budget.xlsx,explorer.exe,benign,routine file activity
FILE-01302,2026-08-20T14:55:42Z,JUMP-01,ACME\svc_print,modify,D:\Shares\Finance\budget.xlsx,explorer.exe,benign,routine file activity
FILE-01484,2026-08-20T14:55:50Z,FILE-02,ACME\mrivera,modify,C:\Windows\Temp\app.log,robocopy.exe,benign,routine file activity
FILE-00829,2026-08-20T14:56:09Z,FIN-WS-14,ACME\svc_backup,modify,C:\Backup\state.db,explorer.exe,benign,routine file activity
FILE-00387,2026-08-20T15:01:14Z,FILE-02,ACME\svc_print,read,C:\Backup\state.db,explorer.exe,benign,routine file activity
FILE-01619,2026-08-20T15:05:47Z,FILE-02,ACME\svc_print,read,C:\Windows\Temp\app.log,backup-agent.exe,benign,routine file activity
FILE-00566,2026-08-20T15:06:43Z,BACKUP-01,ACME\svc_print,create,C:\Backup\state.db,backup-agent.exe,benign,routine file activity
FILE-00629,2026-08-20T15:10:06Z,FIN-WS-14,ACME\svc_backup,create,D:\Shares\Finance\budget.xlsx,backup-agent.exe,benign,routine file activity
FILE-01708,2026-08-20T15:11:09Z,DC-01,ACME\jsmith,modify,C:\Windows\Temp\app.log,explorer.exe,benign,routine file activity
FILE-00620,2026-08-20T15:22:11Z,DC-01,ACME\svc_print,create,C:\Windows\Temp\app.log,explorer.exe,benign,routine file activity
FILE-00862,2026-08-20T15:26:14Z,DC-01,ACME\jsmith,create,C:\Backup\state.db,explorer.exe,benign,routine file activity
FILE-01019,2026-08-20T15:31:18Z,DC-01,ACME\svc_backup,read,C:\Backup\state.db,robocopy.exe,benign,routine file activity
FILE-00449,2026-08-20T15:40:43Z,APP-API-02,ACME\svc_backup,create,C:\Backup\state.db,backup-agent.exe,benign,routine file activity
FILE-01596,2026-08-20T16:01:32Z,PRINT-01,NT AUTHORITY\SYSTEM,modify,C:\Backup\state.db,backup-agent.exe,benign,routine file activity
FILE-01665,2026-08-20T16:02:51Z,JUMP-01,NT AUTHORITY\SYSTEM,create,C:\Backup\state.db,robocopy.exe,benign,routine file activity
FILE-00049,2026-08-20T16:05:22Z,DC-01,NT AUTHORITY\SYSTEM,create,C:\Windows\Temp\app.log,explorer.exe,benign,routine file activity
FILE-01655,2026-08-20T16:07:55Z,FIN-WS-14,ACME\svc_print,modify,C:\Backup\state.db,explorer.exe,benign,routine file activity
FILE-01783,2026-08-20T16:12:32Z,JUMP-01,ACME\svc_backup,modify,C:\Backup\state.db,explorer.exe,benign,routine file activity
FILE-00633,2026-08-20T16:18:15Z,DC-01,ACME\mrivera,create,D:\Shares\Finance\budget.xlsx,backup-agent.exe,benign,routine file activity
FILE-00210,2026-08-20T16:19:38Z,PRINT-01,ACME\jsmith,modify,C:\Backup\state.db,backup-agent.exe,benign,routine file activity
FILE-01654,2026-08-20T16:21:58Z,DC-01,NT AUTHORITY\SYSTEM,modify,C:\Backup\state.db,robocopy.exe,benign,routine file activity
FILE-00434,2026-08-20T16:24:28Z,JUMP-01,ACME\jsmith,read,C:\Backup\state.db,explorer.exe,benign,routine file activity
FILE-00807,2026-08-20T16:25:59Z,APP-API-02,ACME\mrivera,modify,D:\Shares\Finance\budget.xlsx,backup-agent.exe,benign,routine file activity
FILE-00571,2026-08-20T16:28:47Z,BACKUP-01,ACME\jsmith,create,C:\Windows\Temp\app.log,robocopy.exe,benign,routine file activity
FILE-00799,2026-08-20T16:37:05Z,FILE-02,ACME\svc_backup,read,C:\Backup\state.db,explorer.exe,benign,routine file activity
FILE-01381,2026-08-20T16:38:08Z,JUMP-01,NT AUTHORITY\SYSTEM,create,D:\Shares\Finance\budget.xlsx,robocopy.exe,benign,routine file activity
FILE-00572,2026-08-20T16:39:16Z,APP-API-02,NT AUTHORITY\SYSTEM,modify,C:\Windows\Temp\app.log,robocopy.exe,benign,routine file activity
FILE-01672,2026-08-20T16:41:02Z,BACKUP-01,ACME\mrivera,read,D:\Shares\Finance\budget.xlsx,robocopy.exe,benign,routine file activity
FILE-01754,2026-08-20T16:41:30Z,APP-API-02,ACME\svc_backup,read,D:\Shares\Finance\budget.xlsx,explorer.exe,benign,routine file activity
FILE-00889,2026-08-20T16:49:00Z,DC-01,ACME\mrivera,create,C:\Backup\state.db,explorer.exe,benign,routine file activity
FILE-01033,2026-08-20T16:53:17Z,DC-01,ACME\svc_print,modify,C:\Windows\Temp\app.log,explorer.exe,benign,routine file activity
FILE-01308,2026-08-20T16:55:58Z,PRINT-01,ACME\mrivera,modify,C:\Backup\state.db,explorer.exe,benign,routine file activity
FILE-01309,2026-08-20T16:59:09Z,BACKUP-01,ACME\svc_backup,read,D:\Shares\Finance\budget.xlsx,explorer.exe,benign,routine file activity
FILE-00755,2026-08-20T16:59:25Z,FIN-WS-14,ACME\svc_print,create,D:\Shares\Finance\budget.xlsx,explorer.exe,benign,routine file activity
FILE-01006,2026-08-20T16:59:55Z,FIN-WS-14,ACME\jsmith,read,C:\Windows\Temp\app.log,robocopy.exe,benign,routine file activity
FILE-01082,2026-08-20T17:00:30Z,FIN-WS-14,ACME\jsmith,modify,D:\Shares\Finance\budget.xlsx,backup-agent.exe,benign,routine file activity
FILE-01760,2026-08-20T17:00:38Z,DC-01,ACME\svc_print,create,D:\Shares\Finance\budget.xlsx,explorer.exe,benign,routine file activity
FILE-01609,2026-08-20T17:00:56Z,JUMP-01,NT AUTHORITY\SYSTEM,modify,D:\Shares\Finance\budget.xlsx,backup-agent.exe,benign,routine file activity
FILE-01392,2026-08-20T17:03:36Z,FILE-02,ACME\jsmith,create,C:\Windows\Temp\app.log,backup-agent.exe,benign,routine file activity
FILE-01534,2026-08-20T17:05:43Z,FIN-WS-14,NT AUTHORITY\SYSTEM,read,C:\Windows\Temp\app.log,robocopy.exe,benign,routine file activity
FILE-01692,2026-08-20T17:27:11Z,BACKUP-01,ACME\jsmith,create,C:\Windows\Temp\app.log,robocopy.exe,benign,routine file activity
FILE-00415,2026-08-20T17:38:56Z,JUMP-01,ACME\svc_print,read,C:\Windows\Temp\app.log,explorer.exe,benign,routine file activity
FILE-01307,2026-08-20T17:49:12Z,FILE-02,ACME\svc_backup,modify,D:\Shares\Finance\budget.xlsx,robocopy.exe,benign,routine file activity
FILE-01026,2026-08-20T17:56:16Z,FILE-02,ACME\mrivera,modify,C:\Backup\state.db,robocopy.exe,benign,routine file activity
FILE-01733,2026-08-20T17:59:53Z,APP-API-02,ACME\jsmith,create,C:\Backup\state.db,backup-agent.exe,benign,routine file activity
FILE-00316,2026-08-20T18:01:04Z,JUMP-01,ACME\svc_backup,read,D:\Shares\Finance\budget.xlsx,robocopy.exe,benign,routine file activity
FILE-01262,2026-08-20T18:02:29Z,APP-API-02,NT AUTHORITY\SYSTEM,modify,C:\Windows\Temp\app.log,backup-agent.exe,benign,routine file activity
FILE-01002,2026-08-20T18:08:01Z,DC-01,ACME\mrivera,read,C:\Windows\Temp\app.log,robocopy.exe,benign,routine file activity
FILE-00180,2026-08-20T18:08:17Z,BACKUP-01,ACME\svc_print,modify,D:\Shares\Finance\budget.xlsx,explorer.exe,benign,routine file activity
FILE-01184,2026-08-20T18:13:07Z,PRINT-01,ACME\jsmith,create,C:\Windows\Temp\app.log,explorer.exe,benign,routine file activity
FILE-01764,2026-08-20T18:22:07Z,JUMP-01,ACME\svc_print,create,C:\Backup\state.db,explorer.exe,benign,routine file activity
FILE-00539,2026-08-20T18:23:33Z,APP-API-02,ACME\jsmith,modify,C:\Backup\state.db,backup-agent.exe,benign,routine file activity
FILE-01301,2026-08-20T18:23:59Z,JUMP-01,ACME\mrivera,read,D:\Shares\Finance\budget.xlsx,explorer.exe,benign,routine file activity
FILE-01111,2026-08-20T18:24:19Z,JUMP-01,NT AUTHORITY\SYSTEM,read,C:\Windows\Temp\app.log,explorer.exe,benign,routine file activity
FILE-00688,2026-08-20T18:25:24Z,PRINT-01,ACME\svc_print,read,D:\Shares\Finance\budget.xlsx,robocopy.exe,benign,routine file activity
FILE-01238,2026-08-20T18:29:16Z,DC-01,ACME\svc_backup,read,C:\Windows\Temp\app.log,explorer.exe,benign,routine file activity
FILE-00362,2026-08-20T18:30:19Z,FIN-WS-14,ACME\jsmith,create,D:\Shares\Finance\budget.xlsx,backup-agent.exe,benign,routine file activity
FILE-00570,2026-08-20T18:32:04Z,DC-01,ACME\svc_backup,create,C:\Windows\Temp\app.log,backup-agent.exe,benign,routine file activity
FILE-01069,2026-08-20T18:35:04Z,FILE-02,NT AUTHORITY\SYSTEM,read,D:\Shares\Finance\budget.xlsx,robocopy.exe,benign,routine file activity
FILE-01216,2026-08-20T18:35:46Z,JUMP-01,ACME\jsmith,read,C:\Windows\Temp\app.log,explorer.exe,benign,routine file activity
FILE-00152,2026-08-20T18:41:27Z,DC-01,ACME\mrivera,create,C:\Backup\state.db,explorer.exe,benign,routine file activity
FILE-01403,2026-08-20T18:42:12Z,BACKUP-01,ACME\mrivera,create,C:\Windows\Temp\app.log,robocopy.exe,benign,routine file activity
FILE-01751,2026-08-20T18:43:17Z,FILE-02,ACME\jsmith,read,D:\Shares\Finance\budget.xlsx,explorer.exe,benign,routine file activity
FILE-00660,2026-08-20T18:45:46Z,BACKUP-01,ACME\svc_backup,read,C:\Backup\state.db,robocopy.exe,benign,routine file activity
FILE-01674,2026-08-20T18:48:36Z,APP-API-02,ACME\jsmith,create,C:\Backup\state.db,backup-agent.exe,benign,routine file activity
FILE-00559,2026-08-20T18:54:54Z,FIN-WS-14,ACME\svc_backup,create,D:\Shares\Finance\budget.xlsx,robocopy.exe,benign,routine file activity
FILE-00698,2026-08-20T18:55:01Z,DC-01,NT AUTHORITY\SYSTEM,read,C:\Windows\Temp\app.log,backup-agent.exe,benign,routine file activity
FILE-00954,2026-08-20T18:55:57Z,PRINT-01,ACME\svc_print,read,C:\Backup\state.db,backup-agent.exe,benign,routine file activity
FILE-01000,2026-08-20T19:09:07Z,DC-01,ACME\mrivera,create,C:\Windows\Temp\app.log,robocopy.exe,benign,routine file activity
FILE-01555,2026-08-20T19:11:57Z,PRINT-01,NT AUTHORITY\SYSTEM,modify,D:\Shares\Finance\budget.xlsx,robocopy.exe,benign,routine file activity
FILE-00033,2026-08-20T19:26:49Z,BACKUP-01,ACME\svc_print,read,D:\Shares\Finance\budget.xlsx,robocopy.exe,benign,routine file activity
FILE-01145,2026-08-20T19:29:23Z,APP-API-02,NT AUTHORITY\SYSTEM,modify,D:\Shares\Finance\budget.xlsx,backup-agent.exe,benign,routine file activity
FILE-00250,2026-08-20T19:30:29Z,APP-API-02,ACME\svc_print,read,D:\Shares\Finance\budget.xlsx,backup-agent.exe,benign,routine file activity
FILE-01211,2026-08-20T19:32:43Z,JUMP-01,ACME\svc_print,create,C:\Windows\Temp\app.log,backup-agent.exe,benign,routine file activity
FILE-01699,2026-08-20T19:32:57Z,JUMP-01,ACME\svc_backup,modify,C:\Windows\Temp\app.log,backup-agent.exe,benign,routine file activity
FILE-01081,2026-08-20T19:33:15Z,JUMP-01,ACME\svc_backup,modify,C:\Backup\state.db,explorer.exe,benign,routine file activity
FILE-01565,2026-08-20T19:34:43Z,BACKUP-01,ACME\jsmith,modify,C:\Backup\state.db,explorer.exe,benign,routine file activity
FILE-01058,2026-08-20T19:37:16Z,BACKUP-01,ACME\jsmith,read,C:\Backup\state.db,explorer.exe,benign,routine file activity
FILE-01194,2026-08-20T19:40:00Z,BACKUP-01,ACME\svc_print,create,D:\Shares\Finance\budget.xlsx,explorer.exe,benign,routine file activity
FILE-00072,2026-08-20T19:40:09Z,DC-01,ACME\svc_backup,read,D:\Shares\Finance\budget.xlsx,backup-agent.exe,benign,routine file activity
FILE-00881,2026-08-20T19:47:40Z,PRINT-01,ACME\svc_print,create,D:\Shares\Finance\budget.xlsx,robocopy.exe,benign,routine file activity
FILE-01471,2026-08-20T19:52:22Z,APP-API-02,NT AUTHORITY\SYSTEM,read,D:\Shares\Finance\budget.xlsx,backup-agent.exe,benign,routine file activity
FILE-01400,2026-08-20T19:55:27Z,JUMP-01,ACME\svc_print,create,D:\Shares\Finance\budget.xlsx,backup-agent.exe,benign,routine file activity
FILE-01639,2026-08-20T20:01:32Z,PRINT-01,ACME\svc_print,read,D:\Shares\Finance\budget.xlsx,backup-agent.exe,benign,routine file activity
FILE-01276,2026-08-20T20:01:34Z,FILE-02,ACME\mrivera,read,C:\Backup\state.db,backup-agent.exe,benign,routine file activity
FILE-01241,2026-08-20T20:11:54Z,FILE-02,ACME\mrivera,create,D:\Shares\Finance\budget.xlsx,backup-agent.exe,benign,routine file activity
FILE-00116,2026-08-20T20:24:41Z,FIN-WS-14,ACME\jsmith,create,C:\Windows\Temp\app.log,explorer.exe,benign,routine file activity
FILE-01791,2026-08-20T20:51:58Z,FILE-02,ACME\svc_print,read,C:\Windows\Temp\app.log,backup-agent.exe,benign,routine file activity
FILE-00981,2026-08-20T20:54:36Z,JUMP-01,ACME\svc_print,modify,C:\Backup\state.db,backup-agent.exe,benign,routine file activity
FILE-01606,2026-08-20T20:56:04Z,JUMP-01,NT AUTHORITY\SYSTEM,read,D:\Shares\Finance\budget.xlsx,explorer.exe,benign,routine file activity
FILE-01613,2026-08-20T21:00:47Z,BACKUP-01,ACME\mrivera,read,D:\Shares\Finance\budget.xlsx,explorer.exe,benign,routine file activity
FILE-01477,2026-08-20T21:02:59Z,BACKUP-01,NT AUTHORITY\SYSTEM,create,C:\Windows\Temp\app.log,explorer.exe,benign,routine file activity
FILE-00509,2026-08-20T21:07:27Z,JUMP-01,ACME\svc_backup,modify,C:\Windows\Temp\app.log,backup-agent.exe,benign,routine file activity
FILE-01648,2026-08-20T21:12:02Z,JUMP-01,ACME\svc_print,modify,D:\Shares\Finance\budget.xlsx,explorer.exe,benign,routine file activity
FILE-00901,2026-08-20T21:15:21Z,BACKUP-01,ACME\jsmith,modify,C:\Backup\state.db,robocopy.exe,benign,routine file activity
FILE-00594,2026-08-20T21:16:35Z,JUMP-01,NT AUTHORITY\SYSTEM,modify,C:\Backup\state.db,robocopy.exe,benign,routine file activity
FILE-00800,2026-08-20T21:18:20Z,FIN-WS-14,ACME\svc_backup,modify,C:\Windows\Temp\app.log,backup-agent.exe,benign,routine file activity
FILE-00686,2026-08-20T21:19:03Z,BACKUP-01,ACME\mrivera,modify,D:\Shares\Finance\budget.xlsx,backup-agent.exe,benign,routine file activity
FILE-01072,2026-08-20T21:20:29Z,JUMP-01,ACME\svc_backup,modify,D:\Shares\Finance\budget.xlsx,explorer.exe,benign,routine file activity
FILE-01125,2026-08-20T21:21:57Z,FILE-02,ACME\svc_backup,create,D:\Shares\Finance\budget.xlsx,backup-agent.exe,benign,routine file activity
FILE-00361,2026-08-20T21:23:12Z,PRINT-01,ACME\svc_backup,modify,D:\Shares\Finance\budget.xlsx,explorer.exe,benign,routine file activity
FILE-01531,2026-08-20T21:26:43Z,BACKUP-01,NT AUTHORITY\SYSTEM,modify,C:\Backup\state.db,explorer.exe,benign,routine file activity
FILE-00977,2026-08-20T21:29:01Z,APP-API-02,ACME\jsmith,create,C:\Backup\state.db,backup-agent.exe,benign,routine file activity
FILE-01253,2026-08-20T21:31:49Z,FIN-WS-14,ACME\jsmith,create,D:\Shares\Finance\budget.xlsx,backup-agent.exe,benign,routine file activity
FILE-01012,2026-08-20T21:32:25Z,APP-API-02,ACME\jsmith,read,C:\Backup\state.db,explorer.exe,benign,routine file activity
FILE-00880,2026-08-20T21:44:36Z,JUMP-01,ACME\svc_backup,modify,C:\Backup\state.db,robocopy.exe,benign,routine file activity
FILE-00854,2026-08-20T21:48:21Z,APP-API-02,ACME\mrivera,modify,D:\Shares\Finance\budget.xlsx,backup-agent.exe,benign,routine file activity
FILE-01060,2026-08-20T21:54:29Z,DC-01,ACME\mrivera,modify,C:\Windows\Temp\app.log,robocopy.exe,benign,routine file activity
FILE-00727,2026-08-20T22:02:34Z,APP-API-02,ACME\jsmith,read,C:\Backup\state.db,explorer.exe,benign,routine file activity
FILE-00343,2026-08-20T22:06:21Z,JUMP-01,ACME\svc_print,modify,D:\Shares\Finance\budget.xlsx,robocopy.exe,benign,routine file activity
FILE-01372,2026-08-20T22:12:36Z,APP-API-02,ACME\jsmith,create,C:\Windows\Temp\app.log,explorer.exe,benign,routine file activity
FILE-00513,2026-08-20T22:22:56Z,BACKUP-01,ACME\svc_print,modify,C:\Windows\Temp\app.log,explorer.exe,benign,routine file activity
FILE-01615,2026-08-20T22:27:20Z,FIN-WS-14,ACME\svc_print,create,C:\Windows\Temp\app.log,robocopy.exe,benign,routine file activity
FILE-01723,2026-08-20T22:33:16Z,APP-API-02,ACME\jsmith,read,C:\Windows\Temp\app.log,explorer.exe,benign,routine file activity
FILE-00925,2026-08-20T22:46:18Z,PRINT-01,ACME\jsmith,read,C:\Backup\state.db,backup-agent.exe,benign,routine file activity
FILE-00859,2026-08-20T22:46:35Z,DC-01,ACME\jsmith,modify,C:\Windows\Temp\app.log,backup-agent.exe,benign,routine file activity
FILE-00749,2026-08-20T22:50:11Z,PRINT-01,NT AUTHORITY\SYSTEM,modify,D:\Shares\Finance\budget.xlsx,robocopy.exe,benign,routine file activity
FILE-01343,2026-08-20T22:50:14Z,APP-API-02,ACME\mrivera,modify,D:\Shares\Finance\budget.xlsx,robocopy.exe,benign,routine file activity
FILE-01379,2026-08-20T22:52:51Z,APP-API-02,NT AUTHORITY\SYSTEM,create,C:\Backup\state.db,backup-agent.exe,benign,routine file activity
FILE-00920,2026-08-20T23:01:45Z,FILE-02,ACME\svc_backup,modify,C:\Windows\Temp\app.log,explorer.exe,benign,routine file activity
FILE-00587,2026-08-20T23:05:32Z,FILE-02,ACME\jsmith,modify,C:\Backup\state.db,backup-agent.exe,benign,routine file activity
FILE-01547,2026-08-20T23:06:31Z,JUMP-01,ACME\svc_backup,read,D:\Shares\Finance\budget.xlsx,explorer.exe,benign,routine file activity
FILE-01401,2026-08-20T23:06:54Z,FIN-WS-14,ACME\svc_backup,modify,C:\Backup\state.db,explorer.exe,benign,routine file activity
FILE-00137,2026-08-20T23:07:21Z,BACKUP-01,ACME\svc_print,modify,C:\Windows\Temp\app.log,explorer.exe,benign,routine file activity
FILE-00915,2026-08-20T23:08:15Z,DC-01,ACME\jsmith,modify,C:\Windows\Temp\app.log,backup-agent.exe,benign,routine file activity
FILE-00685,2026-08-20T23:11:00Z,FIN-WS-14,ACME\svc_backup,read,C:\Windows\Temp\app.log,backup-agent.exe,benign,routine file activity
FILE-00631,2026-08-20T23:20:25Z,DC-01,ACME\svc_backup,create,D:\Shares\Finance\budget.xlsx,robocopy.exe,benign,routine file activity
FILE-00723,2026-08-20T23:21:39Z,DC-01,ACME\jsmith,read,D:\Shares\Finance\budget.xlsx,backup-agent.exe,benign,routine file activity
FILE-01160,2026-08-20T23:25:11Z,FIN-WS-14,ACME\svc_backup,create,D:\Shares\Finance\budget.xlsx,robocopy.exe,benign,routine file activity
FILE-00775,2026-08-20T23:27:52Z,PRINT-01,ACME\svc_backup,modify,D:\Shares\Finance\budget.xlsx,backup-agent.exe,benign,routine file activity
FILE-01299,2026-08-20T23:29:50Z,FILE-02,ACME\svc_backup,modify,D:\Shares\Finance\budget.xlsx,explorer.exe,benign,routine file activity
FILE-00229,2026-08-20T23:33:06Z,JUMP-01,ACME\jsmith,create,C:\Windows\Temp\app.log,robocopy.exe,benign,routine file activity
FILE-00140,2026-08-20T23:35:11Z,DC-01,NT AUTHORITY\SYSTEM,modify,C:\Windows\Temp\app.log,backup-agent.exe,benign,routine file activity
FILE-00998,2026-08-20T23:39:28Z,PRINT-01,ACME\jsmith,read,C:\Backup\state.db,robocopy.exe,benign,routine file activity
FILE-00181,2026-08-20T23:40:58Z,DC-01,ACME\mrivera,modify,C:\Backup\state.db,explorer.exe,benign,routine file activity
FILE-00616,2026-08-20T23:48:55Z,PRINT-01,NT AUTHORITY\SYSTEM,modify,C:\Backup\state.db,backup-agent.exe,benign,routine file activity
FILE-01465,2026-08-20T23:49:40Z,PRINT-01,ACME\svc_print,create,C:\Backup\state.db,backup-agent.exe,benign,routine file activity
FILE-00326,2026-08-20T23:51:30Z,FILE-02,ACME\svc_backup,read,C:\Windows\Temp\app.log,robocopy.exe,benign,routine file activity
FILE-00371,2026-08-20T23:52:49Z,FILE-02,ACME\mrivera,create,D:\Shares\Finance\budget.xlsx,explorer.exe,benign,routine file activity
FILE-01300,2026-08-20T23:52:56Z,DC-01,ACME\mrivera,modify,D:\Shares\Finance\budget.xlsx,robocopy.exe,benign,routine file activity
FILE-00459,2026-08-21T00:07:21Z,DC-01,ACME\svc_backup,modify,C:\Backup\state.db,explorer.exe,benign,routine file activity
FILE-00663,2026-08-21T00:07:48Z,DC-01,ACME\mrivera,modify,C:\Backup\state.db,explorer.exe,benign,routine file activity
FILE-00893,2026-08-21T00:08:06Z,FILE-02,NT AUTHORITY\SYSTEM,read,C:\Windows\Temp\app.log,robocopy.exe,benign,routine file activity
FILE-00851,2026-08-21T00:16:21Z,FILE-02,ACME\mrivera,read,C:\Windows\Temp\app.log,explorer.exe,benign,routine file activity
FILE-00381,2026-08-21T00:21:29Z,DC-01,NT AUTHORITY\SYSTEM,modify,C:\Backup\state.db,backup-agent.exe,benign,routine file activity
FILE-00786,2026-08-21T00:24:33Z,FIN-WS-14,ACME\jsmith,modify,C:\Backup\state.db,backup-agent.exe,benign,routine file activity
FILE-00148,2026-08-21T00:25:56Z,FILE-02,ACME\jsmith,create,C:\Windows\Temp\app.log,robocopy.exe,benign,routine file activity
FILE-01575,2026-08-21T00:25:56Z,JUMP-01,ACME\jsmith,create,C:\Backup\state.db,robocopy.exe,benign,routine file activity
FILE-00314,2026-08-21T00:29:49Z,DC-01,ACME\svc_print,create,C:\Backup\state.db,explorer.exe,benign,routine file activity
FILE-01604,2026-08-21T00:36:59Z,BACKUP-01,ACME\jsmith,create,D:\Shares\Finance\budget.xlsx,explorer.exe,benign,routine file activity
FILE-01503,2026-08-21T00:40:47Z,PRINT-01,ACME\mrivera,modify,C:\Backup\state.db,robocopy.exe,benign,routine file activity
FILE-01779,2026-08-21T00:42:08Z,APP-API-02,ACME\jsmith,create,C:\Backup\state.db,backup-agent.exe,benign,routine file activity
FILE-00149,2026-08-21T00:48:23Z,PRINT-01,ACME\mrivera,modify,C:\Backup\state.db,backup-agent.exe,benign,routine file activity
FILE-00040,2026-08-21T00:59:55Z,DC-01,NT AUTHORITY\SYSTEM,modify,C:\Windows\Temp\app.log,robocopy.exe,benign,routine file activity
FILE-00731,2026-08-21T01:10:12Z,FIN-WS-14,ACME\jsmith,create,C:\Backup\state.db,backup-agent.exe,benign,routine file activity
FILE-01397,2026-08-21T01:16:34Z,DC-01,ACME\mrivera,read,C:\Windows\Temp\app.log,robocopy.exe,benign,routine file activity
FILE-01730,2026-08-21T01:16:39Z,FILE-02,ACME\mrivera,create,D:\Shares\Finance\budget.xlsx,backup-agent.exe,benign,routine file activity
FILE-00681,2026-08-21T01:22:28Z,JUMP-01,ACME\jsmith,modify,C:\Backup\state.db,robocopy.exe,benign,routine file activity
FILE-00870,2026-08-21T01:25:20Z,PRINT-01,ACME\jsmith,modify,C:\Windows\Temp\app.log,explorer.exe,benign,routine file activity
FILE-01675,2026-08-21T01:27:28Z,FIN-WS-14,NT AUTHORITY\SYSTEM,modify,C:\Backup\state.db,backup-agent.exe,benign,routine file activity
FILE-00528,2026-08-21T01:28:16Z,FILE-02,ACME\jsmith,read,C:\Backup\state.db,robocopy.exe,benign,routine file activity
FILE-00014,2026-08-21T01:32:12Z,DC-01,ACME\jsmith,modify,C:\Backup\state.db,robocopy.exe,benign,routine file activity
FILE-00223,2026-08-21T01:32:50Z,PRINT-01,ACME\mrivera,read,C:\Backup\state.db,explorer.exe,benign,routine file activity
FILE-01015,2026-08-21T01:34:17Z,DC-01,ACME\jsmith,modify,C:\Windows\Temp\app.log,explorer.exe,benign,routine file activity
FILE-01104,2026-08-21T01:36:51Z,BACKUP-01,NT AUTHORITY\SYSTEM,modify,C:\Windows\Temp\app.log,explorer.exe,benign,routine file activity
FILE-01239,2026-08-21T01:40:38Z,FILE-02,NT AUTHORITY\SYSTEM,create,D:\Shares\Finance\budget.xlsx,explorer.exe,benign,routine file activity
FILE-00545,2026-08-21T01:42:43Z,FILE-02,NT AUTHORITY\SYSTEM,modify,C:\Backup\state.db,backup-agent.exe,benign,routine file activity
FILE-01622,2026-08-21T01:49:18Z,DC-01,ACME\svc_print,create,D:\Shares\Finance\budget.xlsx,explorer.exe,benign,routine file activity
FILE-00304,2026-08-21T01:49:42Z,FILE-02,ACME\svc_print,read,C:\Windows\Temp\app.log,backup-agent.exe,benign,routine file activity
FILE-01290,2026-08-21T01:52:41Z,JUMP-01,ACME\svc_print,read,C:\Windows\Temp\app.log,explorer.exe,benign,routine file activity
FILE-00764,2026-08-21T01:53:26Z,FILE-02,ACME\mrivera,read,C:\Windows\Temp\app.log,backup-agent.exe,benign,routine file activity
FILE-00209,2026-08-21T02:01:02Z,DC-01,NT AUTHORITY\SYSTEM,create,D:\Shares\Finance\budget.xlsx,explorer.exe,benign,routine file activity
FILE-01586,2026-08-21T02:01:58Z,DC-01,ACME\svc_backup,read,D:\Shares\Finance\budget.xlsx,robocopy.exe,benign,routine file activity
FILE-01559,2026-08-21T02:10:11Z,FILE-02,NT AUTHORITY\SYSTEM,modify,D:\Shares\Finance\budget.xlsx,backup-agent.exe,benign,routine file activity
FILE-00543,2026-08-21T02:13:50Z,FIN-WS-14,ACME\mrivera,modify,C:\Backup\state.db,backup-agent.exe,benign,routine file activity
FILE-00051,2026-08-21T02:23:42Z,APP-API-02,ACME\jsmith,modify,D:\Shares\Finance\budget.xlsx,robocopy.exe,benign,routine file activity
FILE-00778,2026-08-21T02:29:53Z,APP-API-02,ACME\svc_print,modify,D:\Shares\Finance\budget.xlsx,backup-agent.exe,benign,routine file activity
FILE-00128,2026-08-21T02:30:26Z,PRINT-01,NT AUTHORITY\SYSTEM,modify,D:\Shares\Finance\budget.xlsx,robocopy.exe,benign,routine file activity
FILE-00350,2026-08-21T02:31:03Z,JUMP-01,ACME\mrivera,read,C:\Backup\state.db,robocopy.exe,benign,routine file activity
FILE-01269,2026-08-21T02:37:14Z,PRINT-01,NT AUTHORITY\SYSTEM,create,C:\Backup\state.db,robocopy.exe,benign,routine file activity
FILE-00416,2026-08-21T02:40:56Z,FIN-WS-14,ACME\jsmith,create,C:\Windows\Temp\app.log,robocopy.exe,benign,routine file activity
FILE-01166,2026-08-21T02:43:00Z,APP-API-02,ACME\svc_backup,create,C:\Backup\state.db,robocopy.exe,benign,routine file activity
FILE-00756,2026-08-21T02:45:15Z,BACKUP-01,NT AUTHORITY\SYSTEM,read,C:\Backup\state.db,backup-agent.exe,benign,routine file activity
FILE-01163,2026-08-21T02:49:34Z,FIN-WS-14,ACME\mrivera,create,C:\Backup\state.db,backup-agent.exe,benign,routine file activity
FILE-00414,2026-08-21T02:49:58Z,PRINT-01,ACME\jsmith,read,C:\Backup\state.db,explorer.exe,benign,routine file activity
FILE-01623,2026-08-21T02:53:33Z,FILE-02,NT AUTHORITY\SYSTEM,read,C:\Backup\state.db,backup-agent.exe,benign,routine file activity
FILE-00346,2026-08-21T02:55:01Z,FIN-WS-14,ACME\svc_print,read,C:\Windows\Temp\app.log,robocopy.exe,benign,routine file activity
FILE-00989,2026-08-21T02:56:16Z,JUMP-01,ACME\jsmith,read,C:\Windows\Temp\app.log,robocopy.exe,benign,routine file activity
FILE-00399,2026-08-21T02:58:33Z,APP-API-02,NT AUTHORITY\SYSTEM,create,C:\Windows\Temp\app.log,robocopy.exe,benign,routine file activity
FILE-00884,2026-08-21T03:01:47Z,FIN-WS-14,ACME\svc_backup,read,D:\Shares\Finance\budget.xlsx,robocopy.exe,benign,routine file activity
FILE-00236,2026-08-21T03:03:16Z,BACKUP-01,ACME\mrivera,read,D:\Shares\Finance\budget.xlsx,robocopy.exe,benign,routine file activity
FILE-01785,2026-08-21T03:07:10Z,DC-01,NT AUTHORITY\SYSTEM,create,D:\Shares\Finance\budget.xlsx,backup-agent.exe,benign,routine file activity
FILE-00234,2026-08-21T03:15:46Z,DC-01,ACME\svc_print,create,D:\Shares\Finance\budget.xlsx,explorer.exe,benign,routine file activity
FILE-01071,2026-08-21T03:18:23Z,FIN-WS-14,ACME\mrivera,read,C:\Backup\state.db,robocopy.exe,benign,routine file activity
FILE-00803,2026-08-21T03:23:09Z,DC-01,NT AUTHORITY\SYSTEM,modify,D:\Shares\Finance\budget.xlsx,robocopy.exe,benign,routine file activity
FILE-01064,2026-08-21T03:26:17Z,DC-01,ACME\svc_print,modify,C:\Backup\state.db,explorer.exe,benign,routine file activity
FILE-01310,2026-08-21T03:31:06Z,FIN-WS-14,ACME\jsmith,create,C:\Backup\state.db,backup-agent.exe,benign,routine file activity
FILE-00266,2026-08-21T03:31:25Z,APP-API-02,ACME\svc_print,create,C:\Backup\state.db,backup-agent.exe,benign,routine file activity
FILE-00046,2026-08-21T03:33:17Z,PRINT-01,ACME\svc_backup,read,D:\Shares\Finance\budget.xlsx,robocopy.exe,benign,routine file activity
FILE-01405,2026-08-21T03:33:45Z,BACKUP-01,ACME\mrivera,create,C:\Backup\state.db,backup-agent.exe,benign,routine file activity
FILE-01083,2026-08-21T03:34:21Z,JUMP-01,ACME\svc_print,modify,D:\Shares\Finance\budget.xlsx,robocopy.exe,benign,routine file activity
FILE-00028,2026-08-21T03:41:38Z,JUMP-01,ACME\jsmith,read,C:\Windows\Temp\app.log,robocopy.exe,benign,routine file activity
FILE-01782,2026-08-21T03:42:11Z,PRINT-01,ACME\mrivera,modify,C:\Backup\state.db,robocopy.exe,benign,routine file activity
FILE-00487,2026-08-21T03:43:53Z,FILE-02,ACME\jsmith,create,C:\Windows\Temp\app.log,backup-agent.exe,benign,routine file activity
FILE-01152,2026-08-21T03:47:21Z,FILE-02,NT AUTHORITY\SYSTEM,read,C:\Backup\state.db,explorer.exe,benign,routine file activity
FILE-00426,2026-08-21T03:47:35Z,APP-API-02,ACME\mrivera,read,D:\Shares\Finance\budget.xlsx,explorer.exe,benign,routine file activity
FILE-01358,2026-08-21T03:52:16Z,JUMP-01,ACME\svc_backup,modify,C:\Windows\Temp\app.log,robocopy.exe,benign,routine file activity
FILE-01511,2026-08-21T03:52:20Z,JUMP-01,ACME\jsmith,modify,C:\Windows\Temp\app.log,explorer.exe,benign,routine file activity
FILE-01693,2026-08-21T04:00:37Z,APP-API-02,ACME\mrivera,read,D:\Shares\Finance\budget.xlsx,robocopy.exe,benign,routine file activity
FILE-00812,2026-08-21T04:04:20Z,FIN-WS-14,NT AUTHORITY\SYSTEM,read,C:\Windows\Temp\app.log,explorer.exe,benign,routine file activity
FILE-00093,2026-08-21T04:23:17Z,BACKUP-01,ACME\mrivera,create,C:\Backup\state.db,explorer.exe,benign,routine file activity
FILE-01720,2026-08-21T04:25:29Z,FIN-WS-14,ACME\svc_print,modify,C:\Backup\state.db,explorer.exe,benign,routine file activity
FILE-01395,2026-08-21T04:29:11Z,FILE-02,NT AUTHORITY\SYSTEM,modify,C:\Backup\state.db,robocopy.exe,benign,routine file activity
FILE-01728,2026-08-21T04:34:27Z,PRINT-01,ACME\mrivera,create,C:\Backup\state.db,robocopy.exe,benign,routine file activity
FILE-00204,2026-08-21T04:35:13Z,BACKUP-01,ACME\mrivera,modify,D:\Shares\Finance\budget.xlsx,explorer.exe,benign,routine file activity
FILE-01018,2026-08-21T04:36:20Z,FILE-02,ACME\svc_print,read,D:\Shares\Finance\budget.xlsx,robocopy.exe,benign,routine file activity
FILE-00124,2026-08-21T04:41:39Z,DC-01,ACME\svc_backup,modify,C:\Backup\state.db,robocopy.exe,benign,routine file activity
FILE-00902,2026-08-21T04:43:53Z,APP-API-02,ACME\mrivera,modify,C:\Backup\state.db,explorer.exe,benign,routine file activity
FILE-00226,2026-08-21T04:44:42Z,JUMP-01,NT AUTHORITY\SYSTEM,modify,C:\Backup\state.db,explorer.exe,benign,routine file activity
FILE-01420,2026-08-21T04:45:39Z,JUMP-01,NT AUTHORITY\SYSTEM,modify,C:\Windows\Temp\app.log,backup-agent.exe,benign,routine file activity
FILE-01419,2026-08-21T04:46:42Z,APP-API-02,ACME\jsmith,create,C:\Backup\state.db,explorer.exe,benign,routine file activity
FILE-00001,2026-08-21T04:47:31Z,DC-01,ACME\svc_backup,modify,C:\Windows\Temp\app.log,explorer.exe,benign,routine file activity
FILE-01786,2026-08-21T04:47:32Z,DC-01,ACME\jsmith,create,C:\Backup\state.db,explorer.exe,benign,routine file activity
FILE-00759,2026-08-21T04:57:57Z,JUMP-01,ACME\svc_print,read,C:\Backup\state.db,explorer.exe,benign,routine file activity
FILE-01173,2026-08-21T05:01:35Z,APP-API-02,ACME\svc_backup,create,C:\Backup\state.db,backup-agent.exe,benign,routine file activity
FILE-00237,2026-08-21T05:02:59Z,FIN-WS-14,ACME\svc_backup,create,C:\Windows\Temp\app.log,explorer.exe,benign,routine file activity
FILE-00680,2026-08-21T05:03:02Z,PRINT-01,ACME\svc_print,modify,D:\Shares\Finance\budget.xlsx,robocopy.exe,benign,routine file activity
FILE-01148,2026-08-21T05:05:47Z,FIN-WS-14,ACME\svc_backup,create,C:\Windows\Temp\app.log,explorer.exe,benign,routine file activity
FILE-00494,2026-08-21T05:09:27Z,BACKUP-01,ACME\mrivera,modify,C:\Backup\state.db,explorer.exe,benign,routine file activity
FILE-01499,2026-08-21T05:13:33Z,PRINT-01,ACME\jsmith,modify,D:\Shares\Finance\budget.xlsx,explorer.exe,benign,routine file activity
FILE-00127,2026-08-21T05:16:03Z,FILE-02,ACME\svc_backup,read,C:\Backup\state.db,explorer.exe,benign,routine file activity
FILE-01356,2026-08-21T05:16:36Z,FILE-02,ACME\svc_backup,create,C:\Windows\Temp\app.log,backup-agent.exe,benign,routine file activity
FILE-01660,2026-08-21T05:18:41Z,PRINT-01,ACME\svc_print,read,C:\Backup\state.db,backup-agent.exe,benign,routine file activity
FILE-00284,2026-08-21T05:23:29Z,FIN-WS-14,ACME\svc_backup,read,C:\Backup\state.db,robocopy.exe,benign,routine file activity
FILE-00455,2026-08-21T05:24:29Z,PRINT-01,ACME\svc_backup,create,C:\Windows\Temp\app.log,robocopy.exe,benign,routine file activity
FILE-00937,2026-08-21T05:25:07Z,FILE-02,ACME\svc_print,modify,D:\Shares\Finance\budget.xlsx,backup-agent.exe,benign,routine file activity
FILE-00872,2026-08-21T05:29:38Z,DC-01,NT AUTHORITY\SYSTEM,read,D:\Shares\Finance\budget.xlsx,explorer.exe,benign,routine file activity
FILE-00080,2026-08-21T05:31:11Z,PRINT-01,ACME\svc_backup,modify,C:\Backup\state.db,backup-agent.exe,benign,routine file activity
FILE-00693,2026-08-21T05:32:26Z,APP-API-02,ACME\jsmith,create,C:\Windows\Temp\app.log,robocopy.exe,benign,routine file activity
FILE-01467,2026-08-21T05:34:53Z,DC-01,ACME\svc_backup,modify,D:\Shares\Finance\budget.xlsx,backup-agent.exe,benign,routine file activity
FILE-01587,2026-08-21T05:39:00Z,PRINT-01,NT AUTHORITY\SYSTEM,create,C:\Backup\state.db,backup-agent.exe,benign,routine file activity
FILE-01582,2026-08-21T05:45:30Z,PRINT-01,NT AUTHORITY\SYSTEM,modify,C:\Backup\state.db,explorer.exe,benign,routine file activity
FILE-01199,2026-08-21T05:51:13Z,BACKUP-01,ACME\jsmith,read,C:\Backup\state.db,backup-agent.exe,benign,routine file activity
FILE-01409,2026-08-21T05:51:32Z,FIN-WS-14,ACME\svc_print,modify,C:\Windows\Temp\app.log,explorer.exe,benign,routine file activity
FILE-00852,2026-08-21T05:54:18Z,JUMP-01,ACME\mrivera,read,D:\Shares\Finance\budget.xlsx,explorer.exe,benign,routine file activity
FILE-00505,2026-08-21T05:56:21Z,APP-API-02,ACME\jsmith,modify,C:\Backup\state.db,robocopy.exe,benign,routine file activity
FILE-00867,2026-08-21T06:12:24Z,APP-API-02,ACME\jsmith,read,D:\Shares\Finance\budget.xlsx,backup-agent.exe,benign,routine file activity
FILE-01736,2026-08-21T06:13:33Z,APP-API-02,ACME\svc_print,create,C:\Windows\Temp\app.log,explorer.exe,benign,routine file activity
FILE-01391,2026-08-21T06:19:12Z,FILE-02,ACME\mrivera,modify,D:\Shares\Finance\budget.xlsx,backup-agent.exe,benign,routine file activity
FILE-00624,2026-08-21T06:43:17Z,FIN-WS-14,ACME\mrivera,modify,D:\Shares\Finance\budget.xlsx,explorer.exe,benign,routine file activity
FILE-01123,2026-08-21T06:49:31Z,FILE-02,ACME\svc_backup,modify,C:\Backup\state.db,backup-agent.exe,benign,routine file activity
FILE-00736,2026-08-21T06:54:17Z,FILE-02,NT AUTHORITY\SYSTEM,modify,C:\Windows\Temp\app.log,backup-agent.exe,benign,routine file activity
FILE-01102,2026-08-21T06:57:16Z,JUMP-01,ACME\mrivera,read,D:\Shares\Finance\budget.xlsx,backup-agent.exe,benign,routine file activity
FILE-01745,2026-08-21T07:00:39Z,FILE-02,ACME\svc_print,read,C:\Windows\Temp\app.log,robocopy.exe,benign,routine file activity
FILE-00129,2026-08-21T07:01:26Z,FILE-02,ACME\svc_backup,modify,C:\Backup\state.db,backup-agent.exe,benign,routine file activity
FILE-00582,2026-08-21T07:06:13Z,PRINT-01,ACME\mrivera,create,C:\Windows\Temp\app.log,robocopy.exe,benign,routine file activity
FILE-00917,2026-08-21T07:06:17Z,PRINT-01,ACME\jsmith,modify,C:\Windows\Temp\app.log,explorer.exe,benign,routine file activity
FILE-00296,2026-08-21T07:09:55Z,FILE-02,NT AUTHORITY\SYSTEM,modify,D:\Shares\Finance\budget.xlsx,backup-agent.exe,benign,routine file activity
FILE-01354,2026-08-21T07:12:04Z,BACKUP-01,ACME\svc_backup,read,C:\Windows\Temp\app.log,robocopy.exe,benign,routine file activity
FILE-01041,2026-08-21T07:37:14Z,FILE-02,ACME\mrivera,modify,C:\Windows\Temp\app.log,explorer.exe,benign,routine file activity
FILE-00652,2026-08-21T07:37:43Z,FIN-WS-14,NT AUTHORITY\SYSTEM,modify,D:\Shares\Finance\budget.xlsx,backup-agent.exe,benign,routine file activity
FILE-01387,2026-08-21T07:39:10Z,FIN-WS-14,NT AUTHORITY\SYSTEM,read,C:\Windows\Temp\app.log,explorer.exe,benign,routine file activity
FILE-01353,2026-08-21T07:42:10Z,FILE-02,ACME\jsmith,modify,C:\Windows\Temp\app.log,robocopy.exe,benign,routine file activity
FILE-00914,2026-08-21T07:43:16Z,JUMP-01,ACME\svc_print,read,C:\Backup\state.db,backup-agent.exe,benign,routine file activity
FILE-01052,2026-08-21T07:46:07Z,JUMP-01,ACME\svc_backup,modify,C:\Backup\state.db,explorer.exe,benign,routine file activity
FILE-00270,2026-08-21T07:49:19Z,APP-API-02,NT AUTHORITY\SYSTEM,modify,C:\Backup\state.db,explorer.exe,benign,routine file activity
FILE-00253,2026-08-21T07:51:23Z,DC-01,ACME\svc_backup,modify,C:\Backup\state.db,backup-agent.exe,benign,routine file activity
FILE-00753,2026-08-21T07:54:28Z,DC-01,ACME\mrivera,create,C:\Backup\state.db,backup-agent.exe,benign,routine file activity
FILE-01678,2026-08-21T07:58:49Z,APP-API-02,ACME\svc_backup,modify,C:\Windows\Temp\app.log,backup-agent.exe,benign,routine file activity
FILE-00491,2026-08-21T08:00:22Z,JUMP-01,ACME\svc_print,create,D:\Shares\Finance\budget.xlsx,explorer.exe,benign,routine file activity
FILE-00043,2026-08-21T08:04:16Z,PRINT-01,NT AUTHORITY\SYSTEM,modify,D:\Shares\Finance\budget.xlsx,backup-agent.exe,benign,routine file activity
FILE-00329,2026-08-21T08:05:21Z,JUMP-01,ACME\svc_backup,create,C:\Windows\Temp\app.log,robocopy.exe,benign,routine file activity
FILE-01179,2026-08-21T08:05:28Z,FIN-WS-14,ACME\jsmith,read,C:\Backup\state.db,backup-agent.exe,benign,routine file activity
FILE-00781,2026-08-21T08:10:47Z,BACKUP-01,ACME\svc_backup,modify,C:\Windows\Temp\app.log,backup-agent.exe,benign,routine file activity
FILE-00550,2026-08-21T08:18:07Z,BACKUP-01,NT AUTHORITY\SYSTEM,modify,C:\Backup\state.db,backup-agent.exe,benign,routine file activity
FILE-00602,2026-08-21T08:18:30Z,BACKUP-01,ACME\svc_backup,read,D:\Shares\Finance\budget.xlsx,explorer.exe,benign,routine file activity
FILE-00558,2026-08-21T08:19:45Z,FIN-WS-14,ACME\jsmith,read,C:\Windows\Temp\app.log,robocopy.exe,benign,routine file activity
FILE-00340,2026-08-21T08:19:48Z,JUMP-01,ACME\mrivera,modify,C:\Backup\state.db,robocopy.exe,benign,routine file activity
FILE-01714,2026-08-21T08:21:06Z,FIN-WS-14,ACME\svc_print,create,C:\Backup\state.db,backup-agent.exe,benign,routine file activity
FILE-01549,2026-08-21T08:25:06Z,JUMP-01,ACME\jsmith,read,D:\Shares\Finance\budget.xlsx,explorer.exe,benign,routine file activity
FILE-00574,2026-08-21T08:33:07Z,PRINT-01,ACME\svc_print,modify,C:\Windows\Temp\app.log,explorer.exe,benign,routine file activity
FILE-00519,2026-08-21T08:35:06Z,JUMP-01,ACME\mrivera,create,D:\Shares\Finance\budget.xlsx,explorer.exe,benign,routine file activity
FILE-00345,2026-08-21T08:40:50Z,PRINT-01,ACME\mrivera,create,C:\Windows\Temp\app.log,robocopy.exe,benign,routine file activity
FILE-01212,2026-08-21T08:42:00Z,BACKUP-01,ACME\mrivera,create,D:\Shares\Finance\budget.xlsx,explorer.exe,benign,routine file activity
FILE-00004,2026-08-21T08:43:16Z,BACKUP-01,ACME\mrivera,create,C:\Windows\Temp\app.log,backup-agent.exe,benign,routine file activity
FILE-00224,2026-08-21T08:47:16Z,DC-01,ACME\svc_print,modify,C:\Backup\state.db,robocopy.exe,benign,routine file activity
FILE-00016,2026-08-21T08:49:32Z,FILE-02,ACME\svc_backup,read,C:\Backup\state.db,backup-agent.exe,benign,routine file activity
FILE-00947,2026-08-21T08:49:35Z,DC-01,ACME\svc_backup,create,D:\Shares\Finance\budget.xlsx,backup-agent.exe,benign,routine file activity
FILE-00138,2026-08-21T08:53:36Z,APP-API-02,ACME\jsmith,read,C:\Windows\Temp\app.log,backup-agent.exe,benign,routine file activity
FILE-00292,2026-08-21T08:53:44Z,PRINT-01,ACME\svc_print,modify,D:\Shares\Finance\budget.xlsx,explorer.exe,benign,routine file activity
FILE-00671,2026-08-21T08:58:25Z,DC-01,ACME\svc_print,read,D:\Shares\Finance\budget.xlsx,backup-agent.exe,benign,routine file activity
FILE-00585,2026-08-21T09:03:00Z,FIN-WS-14,ACME\svc_print,create,D:\Shares\Finance\budget.xlsx,explorer.exe,benign,routine file activity
FILE-00208,2026-08-21T09:14:58Z,PRINT-01,ACME\mrivera,modify,C:\Backup\state.db,backup-agent.exe,benign,routine file activity
FILE-00741,2026-08-21T09:19:05Z,BACKUP-01,ACME\svc_backup,modify,D:\Shares\Finance\budget.xlsx,robocopy.exe,benign,routine file activity
FILE-00760,2026-08-21T09:23:50Z,DC-01,ACME\svc_backup,create,C:\Windows\Temp\app.log,robocopy.exe,benign,routine file activity
FILE-00193,2026-08-21T09:30:30Z,BACKUP-01,ACME\jsmith,modify,C:\Windows\Temp\app.log,backup-agent.exe,benign,routine file activity
FILE-01533,2026-08-21T09:35:47Z,APP-API-02,ACME\svc_backup,read,C:\Windows\Temp\app.log,explorer.exe,benign,routine file activity
FILE-00952,2026-08-21T09:44:59Z,DC-01,ACME\mrivera,read,C:\Windows\Temp\app.log,robocopy.exe,benign,routine file activity
FILE-01772,2026-08-21T09:57:48Z,BACKUP-01,ACME\jsmith,modify,D:\Shares\Finance\budget.xlsx,robocopy.exe,benign,routine file activity
FILE-01598,2026-08-21T09:58:42Z,JUMP-01,ACME\mrivera,create,C:\Backup\state.db,robocopy.exe,benign,routine file activity
FILE-00675,2026-08-21T10:01:45Z,DC-01,ACME\mrivera,read,D:\Shares\Finance\budget.xlsx,explorer.exe,benign,routine file activity
FILE-01264,2026-08-21T10:16:56Z,PRINT-01,ACME\mrivera,modify,C:\Backup\state.db,explorer.exe,benign,routine file activity
FILE-00037,2026-08-21T10:17:33Z,APP-API-02,NT AUTHORITY\SYSTEM,create,C:\Windows\Temp\app.log,robocopy.exe,benign,routine file activity
FILE-00687,2026-08-21T10:19:08Z,FILE-02,ACME\jsmith,modify,C:\Windows\Temp\app.log,robocopy.exe,benign,routine file activity
FILE-01538,2026-08-21T10:28:16Z,APP-API-02,ACME\mrivera,read,C:\Backup\state.db,robocopy.exe,benign,routine file activity
FILE-01367,2026-08-21T10:30:50Z,PRINT-01,ACME\svc_print,read,D:\Shares\Finance\budget.xlsx,robocopy.exe,benign,routine file activity
FILE-01506,2026-08-21T10:32:52Z,DC-01,ACME\svc_backup,create,C:\Backup\state.db,robocopy.exe,benign,routine file activity
FILE-01703,2026-08-21T10:32:59Z,APP-API-02,ACME\jsmith,read,C:\Backup\state.db,backup-agent.exe,benign,routine file activity
FILE-01482,2026-08-21T10:33:32Z,FIN-WS-14,ACME\mrivera,modify,D:\Shares\Finance\budget.xlsx,backup-agent.exe,benign,routine file activity
FILE-01769,2026-08-21T10:37:44Z,APP-API-02,ACME\svc_backup,create,C:\Windows\Temp\app.log,backup-agent.exe,benign,routine file activity
FILE-00684,2026-08-21T10:45:24Z,FILE-02,NT AUTHORITY\SYSTEM,read,C:\Windows\Temp\app.log,explorer.exe,benign,routine file activity
FILE-01721,2026-08-21T10:47:40Z,FIN-WS-14,NT AUTHORITY\SYSTEM,read,D:\Shares\Finance\budget.xlsx,robocopy.exe,benign,routine file activity
FILE-01510,2026-08-21T10:54:00Z,BACKUP-01,ACME\svc_backup,read,C:\Backup\state.db,robocopy.exe,benign,routine file activity
FILE-00110,2026-08-21T10:54:18Z,FILE-02,ACME\svc_backup,read,D:\Shares\Finance\budget.xlsx,robocopy.exe,benign,routine file activity
FILE-00773,2026-08-21T10:56:27Z,APP-API-02,NT AUTHORITY\SYSTEM,create,C:\Windows\Temp\app.log,backup-agent.exe,benign,routine file activity
FILE-01097,2026-08-21T11:08:08Z,DC-01,ACME\mrivera,create,C:\Windows\Temp\app.log,backup-agent.exe,benign,routine file activity
FILE-00831,2026-08-21T11:10:57Z,JUMP-01,NT AUTHORITY\SYSTEM,modify,D:\Shares\Finance\budget.xlsx,robocopy.exe,benign,routine file activity
FILE-00973,2026-08-21T11:11:11Z,FILE-02,ACME\mrivera,create,D:\Shares\Finance\budget.xlsx,robocopy.exe,benign,routine file activity
FILE-01087,2026-08-21T11:13:13Z,PRINT-01,ACME\svc_print,create,D:\Shares\Finance\budget.xlsx,backup-agent.exe,benign,routine file activity
FILE-01094,2026-08-21T11:14:43Z,FILE-02,ACME\svc_backup,read,C:\Windows\Temp\app.log,robocopy.exe,benign,routine file activity
FILE-00762,2026-08-21T11:16:22Z,JUMP-01,NT AUTHORITY\SYSTEM,modify,C:\Backup\state.db,backup-agent.exe,benign,routine file activity
FILE-01284,2026-08-21T11:18:44Z,FIN-WS-14,ACME\mrivera,modify,C:\Backup\state.db,backup-agent.exe,benign,routine file activity
FILE-00201,2026-08-21T11:21:50Z,PRINT-01,ACME\svc_print,create,D:\Shares\Finance\budget.xlsx,backup-agent.exe,benign,routine file activity
FILE-00083,2026-08-21T11:23:50Z,APP-API-02,ACME\mrivera,read,D:\Shares\Finance\budget.xlsx,robocopy.exe,benign,routine file activity
FILE-00358,2026-08-21T11:28:26Z,JUMP-01,ACME\svc_print,read,D:\Shares\Finance\budget.xlsx,backup-agent.exe,benign,routine file activity
FILE-00716,2026-08-21T11:42:56Z,BACKUP-01,ACME\mrivera,read,C:\Backup\state.db,explorer.exe,benign,routine file activity
FILE-00979,2026-08-21T11:46:28Z,FIN-WS-14,ACME\mrivera,read,D:\Shares\Finance\budget.xlsx,backup-agent.exe,benign,routine file activity
FILE-00843,2026-08-21T11:50:15Z,FILE-02,ACME\mrivera,read,D:\Shares\Finance\budget.xlsx,backup-agent.exe,benign,routine file activity
FILE-00022,2026-08-21T11:56:43Z,APP-API-02,NT AUTHORITY\SYSTEM,create,D:\Shares\Finance\budget.xlsx,explorer.exe,benign,routine file activity
FILE-00603,2026-08-21T11:57:25Z,JUMP-01,ACME\jsmith,modify,C:\Backup\state.db,explorer.exe,benign,routine file activity
FILE-00373,2026-08-21T12:03:27Z,JUMP-01,ACME\svc_print,read,C:\Backup\state.db,backup-agent.exe,benign,routine file activity
FILE-01432,2026-08-21T12:05:49Z,APP-API-02,ACME\svc_backup,read,C:\Windows\Temp\app.log,backup-agent.exe,benign,routine file activity
FILE-01460,2026-08-21T12:07:31Z,JUMP-01,ACME\svc_backup,create,D:\Shares\Finance\budget.xlsx,backup-agent.exe,benign,routine file activity
FILE-00771,2026-08-21T12:09:15Z,DC-01,ACME\jsmith,modify,C:\Windows\Temp\app.log,explorer.exe,benign,routine file activity
FILE-00516,2026-08-21T12:09:58Z,PRINT-01,ACME\svc_backup,modify,C:\Windows\Temp\app.log,robocopy.exe,benign,routine file activity
FILE-01595,2026-08-21T12:13:47Z,PRINT-01,ACME\svc_print,read,D:\Shares\Finance\budget.xlsx,explorer.exe,benign,routine file activity
FILE-00067,2026-08-21T12:15:20Z,BACKUP-01,ACME\svc_backup,read,C:\Backup\state.db,backup-agent.exe,benign,routine file activity
FILE-00730,2026-08-21T12:17:55Z,DC-01,ACME\svc_backup,read,C:\Windows\Temp\app.log,explorer.exe,benign,routine file activity
FILE-00301,2026-08-21T12:23:53Z,APP-API-02,NT AUTHORITY\SYSTEM,read,C:\Backup\state.db,explorer.exe,benign,routine file activity
FILE-01075,2026-08-21T12:24:15Z,APP-API-02,ACME\svc_backup,create,C:\Backup\state.db,backup-agent.exe,benign,routine file activity
FILE-00707,2026-08-21T12:27:39Z,DC-01,ACME\svc_print,modify,D:\Shares\Finance\budget.xlsx,robocopy.exe,benign,routine file activity
FILE-00798,2026-08-21T12:33:56Z,PRINT-01,ACME\mrivera,read,C:\Windows\Temp\app.log,backup-agent.exe,benign,routine file activity
FILE-01016,2026-08-21T12:34:30Z,FIN-WS-14,ACME\jsmith,read,C:\Backup\state.db,robocopy.exe,benign,routine file activity
FILE-00315,2026-08-21T12:36:24Z,PRINT-01,NT AUTHORITY\SYSTEM,read,D:\Shares\Finance\budget.xlsx,robocopy.exe,benign,routine file activity
FILE-00833,2026-08-21T12:36:30Z,FIN-WS-14,ACME\svc_print,create,C:\Windows\Temp\app.log,backup-agent.exe,benign,routine file activity
FILE-00156,2026-08-21T12:46:08Z,PRINT-01,ACME\jsmith,create,D:\Shares\Finance\budget.xlsx,explorer.exe,benign,routine file activity
FILE-01369,2026-08-21T12:49:50Z,BACKUP-01,ACME\svc_print,modify,D:\Shares\Finance\budget.xlsx,backup-agent.exe,benign,routine file activity
FILE-00353,2026-08-21T12:54:10Z,JUMP-01,NT AUTHORITY\SYSTEM,modify,D:\Shares\Finance\budget.xlsx,explorer.exe,benign,routine file activity
FILE-01053,2026-08-21T13:02:09Z,PRINT-01,ACME\mrivera,create,C:\Backup\state.db,backup-agent.exe,benign,routine file activity
FILE-01317,2026-08-21T13:16:43Z,JUMP-01,ACME\jsmith,modify,C:\Backup\state.db,backup-agent.exe,benign,routine file activity
FILE-00757,2026-08-21T13:24:54Z,BACKUP-01,ACME\jsmith,modify,C:\Backup\state.db,explorer.exe,benign,routine file activity
FILE-01330,2026-08-21T13:29:06Z,BACKUP-01,NT AUTHORITY\SYSTEM,create,C:\Backup\state.db,backup-agent.exe,benign,routine file activity
FILE-01545,2026-08-21T13:33:13Z,FIN-WS-14,ACME\svc_backup,modify,C:\Windows\Temp\app.log,robocopy.exe,benign,routine file activity
FILE-00969,2026-08-21T13:34:29Z,APP-API-02,NT AUTHORITY\SYSTEM,read,C:\Backup\state.db,explorer.exe,benign,routine file activity
FILE-00502,2026-08-21T13:34:53Z,FILE-02,ACME\mrivera,read,C:\Windows\Temp\app.log,backup-agent.exe,benign,routine file activity
FILE-01599,2026-08-21T13:37:39Z,PRINT-01,ACME\jsmith,modify,D:\Shares\Finance\budget.xlsx,backup-agent.exe,benign,routine file activity
FILE-01127,2026-08-21T13:38:48Z,APP-API-02,ACME\svc_backup,create,C:\Windows\Temp\app.log,backup-agent.exe,benign,routine file activity
FILE-01664,2026-08-21T13:42:01Z,FIN-WS-14,ACME\svc_print,create,C:\Windows\Temp\app.log,backup-agent.exe,benign,routine file activity
FILE-01668,2026-08-21T13:43:32Z,APP-API-02,NT AUTHORITY\SYSTEM,modify,C:\Backup\state.db,backup-agent.exe,benign,routine file activity
FILE-00737,2026-08-21T13:45:26Z,FILE-02,NT AUTHORITY\SYSTEM,read,D:\Shares\Finance\budget.xlsx,explorer.exe,benign,routine file activity
FILE-00497,2026-08-21T13:45:36Z,PRINT-01,ACME\svc_print,read,C:\Windows\Temp\app.log,robocopy.exe,benign,routine file activity
FILE-00500,2026-08-21T13:49:06Z,JUMP-01,NT AUTHORITY\SYSTEM,modify,D:\Shares\Finance\budget.xlsx,robocopy.exe,benign,routine file activity
FILE-00155,2026-08-21T13:50:42Z,DC-01,ACME\svc_backup,read,C:\Windows\Temp\app.log,backup-agent.exe,benign,routine file activity
FILE-00810,2026-08-21T13:59:59Z,DC-01,ACME\mrivera,create,C:\Backup\state.db,robocopy.exe,benign,routine file activity
FILE-00891,2026-08-21T14:10:09Z,JUMP-01,NT AUTHORITY\SYSTEM,create,C:\Windows\Temp\app.log,robocopy.exe,benign,routine file activity
FILE-00151,2026-08-21T14:14:47Z,JUMP-01,ACME\mrivera,modify,D:\Shares\Finance\budget.xlsx,robocopy.exe,benign,routine file activity
FILE-00268,2026-08-21T14:18:47Z,FIN-WS-14,ACME\jsmith,create,C:\Windows\Temp\app.log,backup-agent.exe,benign,routine file activity
FILE-00092,2026-08-21T14:18:52Z,PRINT-01,NT AUTHORITY\SYSTEM,modify,C:\Windows\Temp\app.log,explorer.exe,benign,routine file activity
FILE-01338,2026-08-21T14:19:07Z,APP-API-02,ACME\jsmith,create,D:\Shares\Finance\budget.xlsx,explorer.exe,benign,routine file activity
FILE-01345,2026-08-21T14:23:03Z,DC-01,ACME\svc_print,create,C:\Windows\Temp\app.log,backup-agent.exe,benign,routine file activity
FILE-01234,2026-08-21T14:34:16Z,FILE-02,ACME\svc_backup,modify,C:\Windows\Temp\app.log,explorer.exe,benign,routine file activity
FILE-01221,2026-08-21T14:34:36Z,FILE-02,ACME\svc_backup,create,D:\Shares\Finance\budget.xlsx,explorer.exe,benign,routine file activity
FILE-00944,2026-08-21T14:37:31Z,DC-01,ACME\mrivera,create,C:\Windows\Temp\app.log,explorer.exe,benign,routine file activity
FILE-00408,2026-08-21T14:39:20Z,BACKUP-01,ACME\mrivera,read,C:\Backup\state.db,explorer.exe,benign,routine file activity
FILE-00993,2026-08-21T14:41:20Z,APP-API-02,ACME\jsmith,read,D:\Shares\Finance\budget.xlsx,robocopy.exe,benign,routine file activity
FILE-00096,2026-08-21T14:58:32Z,DC-01,ACME\jsmith,create,D:\Shares\Finance\budget.xlsx,explorer.exe,benign,routine file activity
FILE-00228,2026-08-21T15:00:15Z,PRINT-01,ACME\jsmith,read,C:\Backup\state.db,backup-agent.exe,benign,routine file activity
FILE-00853,2026-08-21T15:15:23Z,PRINT-01,ACME\svc_backup,create,C:\Windows\Temp\app.log,robocopy.exe,benign,routine file activity
FILE-01495,2026-08-21T15:19:26Z,BACKUP-01,NT AUTHORITY\SYSTEM,create,C:\Windows\Temp\app.log,explorer.exe,benign,routine file activity
FILE-01224,2026-08-21T15:25:12Z,JUMP-01,ACME\mrivera,read,C:\Backup\state.db,backup-agent.exe,benign,routine file activity
FILE-00246,2026-08-21T15:27:06Z,DC-01,ACME\mrivera,create,D:\Shares\Finance\budget.xlsx,backup-agent.exe,benign,routine file activity
FILE-00605,2026-08-21T15:31:43Z,BACKUP-01,NT AUTHORITY\SYSTEM,read,D:\Shares\Finance\budget.xlsx,robocopy.exe,benign,routine file activity
FILE-01321,2026-08-21T15:32:15Z,FIN-WS-14,ACME\svc_print,create,C:\Windows\Temp\app.log,backup-agent.exe,benign,routine file activity
FILE-01204,2026-08-21T15:34:54Z,PRINT-01,NT AUTHORITY\SYSTEM,create,D:\Shares\Finance\budget.xlsx,backup-agent.exe,benign,routine file activity
FILE-00625,2026-08-21T15:35:20Z,APP-API-02,ACME\svc_backup,read,C:\Backup\state.db,backup-agent.exe,benign,routine file activity
FILE-01250,2026-08-21T15:37:09Z,DC-01,NT AUTHORITY\SYSTEM,read,D:\Shares\Finance\budget.xlsx,robocopy.exe,benign,routine file activity
FILE-00457,2026-08-21T15:42:25Z,BACKUP-01,ACME\svc_print,read,C:\Windows\Temp\app.log,robocopy.exe,benign,routine file activity
FILE-01509,2026-08-21T15:44:50Z,BACKUP-01,ACME\jsmith,create,C:\Windows\Temp\app.log,explorer.exe,benign,routine file activity
FILE-01108,2026-08-21T15:47:19Z,APP-API-02,ACME\svc_backup,read,C:\Backup\state.db,backup-agent.exe,benign,routine file activity
FILE-00770,2026-08-21T15:47:46Z,APP-API-02,ACME\mrivera,read,C:\Windows\Temp\app.log,backup-agent.exe,benign,routine file activity
FILE-00927,2026-08-21T15:52:39Z,JUMP-01,NT AUTHORITY\SYSTEM,modify,C:\Windows\Temp\app.log,robocopy.exe,benign,routine file activity
FILE-01263,2026-08-21T16:01:51Z,JUMP-01,ACME\svc_backup,read,D:\Shares\Finance\budget.xlsx,robocopy.exe,benign,routine file activity
FILE-00376,2026-08-21T16:05:14Z,DC-01,ACME\svc_print,modify,D:\Shares\Finance\budget.xlsx,explorer.exe,benign,routine file activity
FILE-00220,2026-08-21T16:06:01Z,PRINT-01,ACME\svc_backup,read,D:\Shares\Finance\budget.xlsx,robocopy.exe,benign,routine file activity
FILE-01690,2026-08-21T16:06:46Z,BACKUP-01,NT AUTHORITY\SYSTEM,modify,C:\Backup\state.db,explorer.exe,benign,routine file activity
FILE-01523,2026-08-21T16:16:31Z,APP-API-02,ACME\svc_backup,read,C:\Windows\Temp\app.log,explorer.exe,benign,routine file activity
FILE-00834,2026-08-21T16:19:55Z,FILE-02,ACME\jsmith,read,C:\Windows\Temp\app.log,explorer.exe,benign,routine file activity
FILE-00422,2026-08-21T16:22:17Z,PRINT-01,ACME\svc_print,read,C:\Windows\Temp\app.log,backup-agent.exe,benign,routine file activity
FILE-00826,2026-08-21T16:23:13Z,FIN-WS-14,NT AUTHORITY\SYSTEM,modify,C:\Backup\state.db,backup-agent.exe,benign,routine file activity
FILE-01279,2026-08-21T16:28:19Z,FIN-WS-14,ACME\svc_backup,modify,C:\Windows\Temp\app.log,backup-agent.exe,benign,routine file activity
FILE-01628,2026-08-21T16:29:05Z,BACKUP-01,ACME\svc_backup,create,C:\Backup\state.db,explorer.exe,benign,routine file activity
FILE-01472,2026-08-21T16:44:30Z,DC-01,ACME\svc_print,create,D:\Shares\Finance\budget.xlsx,explorer.exe,benign,routine file activity
FILE-01498,2026-08-21T16:46:42Z,FIN-WS-14,ACME\svc_backup,read,D:\Shares\Finance\budget.xlsx,explorer.exe,benign,routine file activity
FILE-00321,2026-08-21T16:55:30Z,FILE-02,ACME\jsmith,read,C:\Windows\Temp\app.log,explorer.exe,benign,routine file activity
FILE-01131,2026-08-21T16:55:53Z,BACKUP-01,ACME\mrivera,modify,C:\Backup\state.db,explorer.exe,benign,routine file activity
FILE-01014,2026-08-21T16:59:12Z,BACKUP-01,ACME\jsmith,read,C:\Windows\Temp\app.log,backup-agent.exe,benign,routine file activity
FILE-00076,2026-08-21T17:15:20Z,FIN-WS-14,ACME\jsmith,create,C:\Backup\state.db,explorer.exe,benign,routine file activity
FILE-00967,2026-08-21T17:15:38Z,JUMP-01,NT AUTHORITY\SYSTEM,read,D:\Shares\Finance\budget.xlsx,backup-agent.exe,benign,routine file activity
FILE-01566,2026-08-21T17:20:19Z,FILE-02,ACME\mrivera,modify,C:\Windows\Temp\app.log,backup-agent.exe,benign,routine file activity
FILE-00739,2026-08-21T17:24:31Z,FILE-02,ACME\jsmith,modify,C:\Backup\state.db,backup-agent.exe,benign,routine file activity
FILE-00382,2026-08-21T17:27:36Z,APP-API-02,ACME\mrivera,create,D:\Shares\Finance\budget.xlsx,backup-agent.exe,benign,routine file activity
FILE-00597,2026-08-21T17:29:20Z,PRINT-01,ACME\svc_backup,create,C:\Windows\Temp\app.log,backup-agent.exe,benign,routine file activity
FILE-01441,2026-08-21T17:35:02Z,PRINT-01,ACME\mrivera,read,C:\Backup\state.db,explorer.exe,benign,routine file activity
FILE-00411,2026-08-21T17:38:12Z,FILE-02,ACME\jsmith,create,C:\Windows\Temp\app.log,explorer.exe,benign,routine file activity
FILE-00971,2026-08-21T17:39:18Z,FILE-02,ACME\mrivera,read,C:\Backup\state.db,explorer.exe,benign,routine file activity
FILE-00769,2026-08-21T17:40:00Z,BACKUP-01,ACME\svc_print,read,C:\Backup\state.db,backup-agent.exe,benign,routine file activity
FILE-00230,2026-08-21T17:48:53Z,PRINT-01,ACME\svc_print,read,D:\Shares\Finance\budget.xlsx,robocopy.exe,benign,routine file activity
FILE-00069,2026-08-21T17:50:49Z,FILE-02,NT AUTHORITY\SYSTEM,read,C:\Windows\Temp\app.log,explorer.exe,benign,routine file activity
FILE-00198,2026-08-21T17:55:54Z,APP-API-02,NT AUTHORITY\SYSTEM,modify,C:\Backup\state.db,backup-agent.exe,benign,routine file activity
FILE-01247,2026-08-21T17:58:46Z,PRINT-01,NT AUTHORITY\SYSTEM,create,C:\Backup\state.db,backup-agent.exe,benign,routine file activity
FILE-00994,2026-08-21T18:06:42Z,PRINT-01,ACME\mrivera,read,C:\Backup\state.db,robocopy.exe,benign,routine file activity
FILE-00286,2026-08-21T18:07:12Z,JUMP-01,ACME\mrivera,read,C:\Backup\state.db,explorer.exe,benign,routine file activity
FILE-00366,2026-08-21T18:07:36Z,FILE-02,ACME\mrivera,create,C:\Backup\state.db,backup-agent.exe,benign,routine file activity
FILE-00488,2026-08-21T18:17:34Z,FILE-02,ACME\svc_print,create,C:\Windows\Temp\app.log,explorer.exe,benign,routine file activity
FILE-01581,2026-08-21T18:19:39Z,FILE-02,ACME\mrivera,modify,D:\Shares\Finance\budget.xlsx,robocopy.exe,benign,routine file activity
FILE-00317,2026-08-21T18:21:29Z,BACKUP-01,ACME\mrivera,modify,C:\Windows\Temp\app.log,backup-agent.exe,benign,routine file activity
FILE-01153,2026-08-21T18:23:17Z,FIN-WS-14,ACME\jsmith,read,C:\Backup\state.db,robocopy.exe,benign,routine file activity
FILE-00576,2026-08-21T18:29:30Z,FILE-02,ACME\jsmith,create,D:\Shares\Finance\budget.xlsx,robocopy.exe,benign,routine file activity
FILE-01663,2026-08-21T18:29:36Z,BACKUP-01,NT AUTHORITY\SYSTEM,read,C:\Backup\state.db,backup-agent.exe,benign,routine file activity
FILE-00910,2026-08-21T18:31:23Z,APP-API-02,ACME\svc_backup,modify,D:\Shares\Finance\budget.xlsx,backup-agent.exe,benign,routine file activity
FILE-00186,2026-08-21T18:35:58Z,JUMP-01,ACME\svc_print,create,D:\Shares\Finance\budget.xlsx,robocopy.exe,benign,routine file activity
FILE-00203,2026-08-21T18:36:44Z,DC-01,ACME\svc_print,read,C:\Windows\Temp\app.log,robocopy.exe,benign,routine file activity
FILE-01362,2026-08-21T18:39:02Z,FILE-02,ACME\svc_print,read,C:\Windows\Temp\app.log,backup-agent.exe,benign,routine file activity
FILE-01045,2026-08-21T18:48:18Z,JUMP-01,ACME\svc_backup,read,C:\Windows\Temp\app.log,backup-agent.exe,benign,routine file activity
FILE-00774,2026-08-21T18:49:17Z,APP-API-02,NT AUTHORITY\SYSTEM,read,C:\Windows\Temp\app.log,backup-agent.exe,benign,routine file activity
FILE-01027,2026-08-21T18:52:06Z,APP-API-02,ACME\jsmith,read,C:\Windows\Temp\app.log,robocopy.exe,benign,routine file activity
FILE-01550,2026-08-21T18:53:14Z,APP-API-02,ACME\svc_print,read,C:\Backup\state.db,explorer.exe,benign,routine file activity
FILE-01461,2026-08-21T18:54:11Z,PRINT-01,ACME\svc_backup,read,C:\Windows\Temp\app.log,explorer.exe,benign,routine file activity
FILE-00644,2026-08-21T18:58:05Z,JUMP-01,ACME\svc_backup,read,C:\Windows\Temp\app.log,explorer.exe,benign,routine file activity
FILE-00158,2026-08-21T19:02:43Z,BACKUP-01,ACME\svc_print,modify,C:\Windows\Temp\app.log,robocopy.exe,benign,routine file activity
FILE-01569,2026-08-21T19:05:18Z,DC-01,ACME\mrivera,create,D:\Shares\Finance\budget.xlsx,robocopy.exe,benign,routine file activity
FILE-00443,2026-08-21T19:07:46Z,BACKUP-01,ACME\svc_backup,create,C:\Backup\state.db,backup-agent.exe,benign,routine file activity
FILE-01473,2026-08-21T19:10:27Z,DC-01,ACME\svc_backup,create,D:\Shares\Finance\budget.xlsx,backup-agent.exe,benign,routine file activity
FILE-01047,2026-08-21T19:12:01Z,FILE-02,ACME\svc_print,read,C:\Windows\Temp\app.log,robocopy.exe,benign,routine file activity
FILE-01767,2026-08-21T19:17:15Z,PRINT-01,ACME\svc_print,modify,C:\Backup\state.db,backup-agent.exe,benign,routine file activity
FILE-00057,2026-08-21T19:25:55Z,JUMP-01,ACME\svc_print,modify,D:\Shares\Finance\budget.xlsx,explorer.exe,benign,routine file activity
FILE-01021,2026-08-21T19:27:15Z,DC-01,NT AUTHORITY\SYSTEM,modify,C:\Windows\Temp\app.log,robocopy.exe,benign,routine file activity
FILE-00099,2026-08-21T19:29:52Z,APP-API-02,ACME\svc_backup,create,D:\Shares\Finance\budget.xlsx,robocopy.exe,benign,routine file activity
FILE-01124,2026-08-21T19:30:17Z,FILE-02,ACME\jsmith,modify,D:\Shares\Finance\budget.xlsx,explorer.exe,benign,routine file activity
FILE-00939,2026-08-21T19:31:31Z,PRINT-01,NT AUTHORITY\SYSTEM,modify,D:\Shares\Finance\budget.xlsx,explorer.exe,benign,routine file activity
FILE-00164,2026-08-21T19:32:20Z,APP-API-02,ACME\svc_backup,create,C:\Windows\Temp\app.log,explorer.exe,benign,routine file activity
FILE-00285,2026-08-21T19:32:43Z,DC-01,ACME\jsmith,modify,C:\Backup\state.db,explorer.exe,benign,routine file activity
FILE-00523,2026-08-21T19:33:45Z,JUMP-01,NT AUTHORITY\SYSTEM,read,C:\Windows\Temp\app.log,backup-agent.exe,benign,routine file activity
FILE-01267,2026-08-21T19:37:31Z,APP-API-02,ACME\mrivera,read,C:\Backup\state.db,robocopy.exe,benign,routine file activity
FILE-01133,2026-08-21T19:48:51Z,JUMP-01,NT AUTHORITY\SYSTEM,modify,D:\Shares\Finance\budget.xlsx,robocopy.exe,benign,routine file activity
FILE-01107,2026-08-21T19:53:03Z,APP-API-02,NT AUTHORITY\SYSTEM,modify,C:\Backup\state.db,explorer.exe,benign,routine file activity
FILE-00879,2026-08-21T19:54:05Z,APP-API-02,NT AUTHORITY\SYSTEM,create,C:\Windows\Temp\app.log,robocopy.exe,benign,routine file activity
FILE-01318,2026-08-21T19:57:20Z,APP-API-02,NT AUTHORITY\SYSTEM,read,C:\Backup\state.db,robocopy.exe,benign,routine file activity
FILE-00117,2026-08-21T20:01:41Z,APP-API-02,ACME\mrivera,read,D:\Shares\Finance\budget.xlsx,backup-agent.exe,benign,routine file activity
FILE-00251,2026-08-21T20:02:08Z,FIN-WS-14,ACME\svc_backup,create,C:\Windows\Temp\app.log,robocopy.exe,benign,routine file activity
FILE-01455,2026-08-21T20:13:07Z,FIN-WS-14,ACME\svc_print,create,C:\Windows\Temp\app.log,robocopy.exe,benign,routine file activity
FILE-01101,2026-08-21T20:14:25Z,DC-01,ACME\jsmith,modify,C:\Windows\Temp\app.log,backup-agent.exe,benign,routine file activity
FILE-00272,2026-08-21T20:26:05Z,APP-API-02,ACME\mrivera,modify,C:\Windows\Temp\app.log,backup-agent.exe,benign,routine file activity
FILE-00409,2026-08-21T20:26:14Z,BACKUP-01,ACME\svc_backup,read,C:\Backup\state.db,backup-agent.exe,benign,routine file activity
FILE-00784,2026-08-21T20:31:26Z,APP-API-02,ACME\jsmith,modify,C:\Backup\state.db,robocopy.exe,benign,routine file activity
FILE-01235,2026-08-21T20:33:29Z,FILE-02,ACME\svc_backup,read,C:\Backup\state.db,robocopy.exe,benign,routine file activity
FILE-01112,2026-08-21T20:37:42Z,DC-01,ACME\jsmith,read,C:\Backup\state.db,robocopy.exe,benign,routine file activity
FILE-00171,2026-08-21T20:38:41Z,PRINT-01,NT AUTHORITY\SYSTEM,modify,C:\Backup\state.db,robocopy.exe,benign,routine file activity
FILE-00511,2026-08-21T20:44:32Z,JUMP-01,ACME\mrivera,read,D:\Shares\Finance\budget.xlsx,explorer.exe,benign,routine file activity
FILE-00618,2026-08-21T20:50:13Z,PRINT-01,ACME\svc_backup,read,C:\Windows\Temp\app.log,explorer.exe,benign,routine file activity
FILE-01793,2026-08-21T20:53:40Z,BACKUP-01,ACME\svc_backup,read,D:\Shares\Finance\budget.xlsx,explorer.exe,benign,routine file activity
FILE-01375,2026-08-21T21:00:44Z,FILE-02,NT AUTHORITY\SYSTEM,modify,C:\Backup\state.db,robocopy.exe,benign,routine file activity
FILE-00267,2026-08-21T21:07:08Z,BACKUP-01,NT AUTHORITY\SYSTEM,read,C:\Backup\state.db,backup-agent.exe,benign,routine file activity
FILE-00765,2026-08-21T21:09:47Z,FILE-02,ACME\svc_print,modify,C:\Backup\state.db,backup-agent.exe,benign,routine file activity
FILE-00463,2026-08-21T21:10:51Z,BACKUP-01,NT AUTHORITY\SYSTEM,read,C:\Backup\state.db,robocopy.exe,benign,routine file activity
FILE-00188,2026-08-21T21:12:19Z,FILE-02,ACME\jsmith,read,C:\Windows\Temp\app.log,explorer.exe,benign,routine file activity
FILE-01126,2026-08-21T21:13:27Z,PRINT-01,NT AUTHORITY\SYSTEM,read,C:\Windows\Temp\app.log,explorer.exe,benign,routine file activity
FILE-01183,2026-08-21T21:15:20Z,APP-API-02,ACME\svc_backup,modify,C:\Backup\state.db,robocopy.exe,benign,routine file activity
FILE-01201,2026-08-21T21:15:42Z,BACKUP-01,ACME\jsmith,create,D:\Shares\Finance\budget.xlsx,backup-agent.exe,benign,routine file activity
FILE-00750,2026-08-21T21:20:44Z,PRINT-01,ACME\svc_backup,read,C:\Windows\Temp\app.log,robocopy.exe,benign,routine file activity
FILE-00396,2026-08-21T21:32:55Z,PRINT-01,ACME\svc_backup,create,C:\Backup\state.db,backup-agent.exe,benign,routine file activity
FILE-01340,2026-08-21T21:33:34Z,FILE-02,ACME\mrivera,modify,C:\Windows\Temp\app.log,robocopy.exe,benign,routine file activity
FILE-00392,2026-08-21T21:36:45Z,APP-API-02,NT AUTHORITY\SYSTEM,modify,C:\Windows\Temp\app.log,backup-agent.exe,benign,routine file activity
FILE-01197,2026-08-21T21:37:14Z,BACKUP-01,ACME\svc_print,modify,C:\Backup\state.db,explorer.exe,benign,routine file activity
FILE-01556,2026-08-21T21:37:53Z,FIN-WS-14,ACME\mrivera,create,C:\Windows\Temp\app.log,robocopy.exe,benign,routine file activity
FILE-01312,2026-08-21T21:42:03Z,BACKUP-01,ACME\svc_print,read,D:\Shares\Finance\budget.xlsx,robocopy.exe,benign,routine file activity
FILE-00153,2026-08-21T21:47:31Z,DC-01,NT AUTHORITY\SYSTEM,create,C:\Backup\state.db,backup-agent.exe,benign,routine file activity
FILE-01548,2026-08-21T21:51:55Z,APP-API-02,ACME\jsmith,modify,C:\Backup\state.db,robocopy.exe,benign,routine file activity
FILE-01777,2026-08-21T21:53:37Z,FILE-02,ACME\svc_backup,read,C:\Backup\state.db,explorer.exe,benign,routine file activity
FILE-00811,2026-08-21T22:08:16Z,PRINT-01,ACME\mrivera,read,C:\Windows\Temp\app.log,backup-agent.exe,benign,routine file activity
FILE-00064,2026-08-21T22:10:48Z,FIN-WS-14,ACME\mrivera,read,C:\Windows\Temp\app.log,backup-agent.exe,benign,routine file activity
FILE-00982,2026-08-21T22:17:44Z,APP-API-02,NT AUTHORITY\SYSTEM,create,D:\Shares\Finance\budget.xlsx,robocopy.exe,benign,routine file activity
FILE-00384,2026-08-21T22:18:30Z,FILE-02,NT AUTHORITY\SYSTEM,create,D:\Shares\Finance\budget.xlsx,backup-agent.exe,benign,routine file activity
FILE-00005,2026-08-21T22:24:27Z,PRINT-01,ACME\mrivera,read,D:\Shares\Finance\budget.xlsx,backup-agent.exe,benign,routine file activity
FILE-00055,2026-08-21T22:26:09Z,BACKUP-01,ACME\svc_backup,modify,C:\Backup\state.db,explorer.exe,benign,routine file activity
FILE-00227,2026-08-21T22:26:13Z,APP-API-02,ACME\mrivera,read,C:\Backup\state.db,explorer.exe,benign,routine file activity
FILE-01248,2026-08-21T22:27:43Z,FILE-02,ACME\svc_backup,modify,C:\Backup\state.db,backup-agent.exe,benign,routine file activity
FILE-00335,2026-08-21T22:29:22Z,FIN-WS-14,NT AUTHORITY\SYSTEM,create,D:\Shares\Finance\budget.xlsx,backup-agent.exe,benign,routine file activity
FILE-01563,2026-08-21T22:46:20Z,DC-01,ACME\svc_backup,create,C:\Backup\state.db,robocopy.exe,benign,routine file activity
FILE-00003,2026-08-21T23:01:12Z,APP-API-02,ACME\mrivera,create,C:\Backup\state.db,backup-agent.exe,benign,routine file activity
FILE-01260,2026-08-21T23:04:00Z,PRINT-01,NT AUTHORITY\SYSTEM,read,C:\Windows\Temp\app.log,backup-agent.exe,benign,routine file activity
FILE-01414,2026-08-21T23:05:21Z,APP-API-02,ACME\svc_backup,modify,C:\Windows\Temp\app.log,robocopy.exe,benign,routine file activity
FILE-00722,2026-08-21T23:05:24Z,FILE-02,ACME\svc_print,modify,D:\Shares\Finance\budget.xlsx,explorer.exe,benign,routine file activity
FILE-01098,2026-08-21T23:14:19Z,JUMP-01,ACME\svc_print,read,C:\Backup\state.db,explorer.exe,benign,routine file activity
FILE-00071,2026-08-21T23:18:44Z,APP-API-02,ACME\mrivera,read,C:\Backup\state.db,backup-agent.exe,benign,routine file activity
FILE-01293,2026-08-21T23:35:35Z,FIN-WS-14,ACME\mrivera,read,C:\Windows\Temp\app.log,backup-agent.exe,benign,routine file activity
FILE-00970,2026-08-21T23:36:28Z,BACKUP-01,ACME\svc_print,create,D:\Shares\Finance\budget.xlsx,backup-agent.exe,benign,routine file activity
FILE-00701,2026-08-21T23:36:37Z,DC-01,ACME\jsmith,read,C:\Backup\state.db,explorer.exe,benign,routine file activity
FILE-00717,2026-08-21T23:37:56Z,BACKUP-01,NT AUTHORITY\SYSTEM,modify,C:\Backup\state.db,backup-agent.exe,benign,routine file activity
FILE-00609,2026-08-21T23:42:03Z,FILE-02,NT AUTHORITY\SYSTEM,modify,C:\Windows\Temp\app.log,robocopy.exe,benign,routine file activity
FILE-00806,2026-08-21T23:48:34Z,JUMP-01,ACME\jsmith,modify,D:\Shares\Finance\budget.xlsx,robocopy.exe,benign,routine file activity
FILE-01051,2026-08-21T23:49:37Z,FILE-02,ACME\mrivera,modify,D:\Shares\Finance\budget.xlsx,backup-agent.exe,benign,routine file activity
FILE-01236,2026-08-21T23:56:47Z,DC-01,ACME\mrivera,create,C:\Backup\state.db,explorer.exe,benign,routine file activity
FILE-00012,2026-08-21T23:58:30Z,BACKUP-01,ACME\svc_backup,read,C:\Windows\Temp\app.log,robocopy.exe,benign,routine file activity
FILE-01077,2026-08-22T00:00:27Z,BACKUP-01,NT AUTHORITY\SYSTEM,modify,C:\Backup\state.db,explorer.exe,benign,routine file activity
FILE-00383,2026-08-22T00:05:21Z,PRINT-01,ACME\svc_backup,create,C:\Backup\state.db,backup-agent.exe,benign,routine file activity
FILE-01413,2026-08-22T00:05:38Z,FIN-WS-14,ACME\svc_backup,create,D:\Shares\Finance\budget.xlsx,robocopy.exe,benign,routine file activity
FILE-01536,2026-08-22T00:06:10Z,FILE-02,NT AUTHORITY\SYSTEM,create,D:\Shares\Finance\budget.xlsx,robocopy.exe,benign,routine file activity
FILE-01621,2026-08-22T00:06:57Z,DC-01,ACME\jsmith,create,C:\Backup\state.db,explorer.exe,benign,routine file activity
FILE-01214,2026-08-22T00:08:40Z,PRINT-01,ACME\svc_backup,create,C:\Windows\Temp\app.log,robocopy.exe,benign,routine file activity
FILE-00926,2026-08-22T00:12:06Z,DC-01,NT AUTHORITY\SYSTEM,read,D:\Shares\Finance\budget.xlsx,robocopy.exe,benign,routine file activity
FILE-01355,2026-08-22T00:15:02Z,FILE-02,ACME\svc_backup,read,C:\Backup\state.db,backup-agent.exe,benign,routine file activity
FILE-00061,2026-08-22T00:17:23Z,PRINT-01,ACME\jsmith,create,D:\Shares\Finance\budget.xlsx,robocopy.exe,benign,routine file activity
FILE-00561,2026-08-22T00:17:44Z,BACKUP-01,ACME\svc_backup,modify,D:\Shares\Finance\budget.xlsx,robocopy.exe,benign,routine file activity
FILE-01571,2026-08-22T00:21:15Z,BACKUP-01,ACME\jsmith,read,C:\Backup\state.db,explorer.exe,benign,routine file activity
FILE-01445,2026-08-22T00:26:46Z,APP-API-02,ACME\mrivera,read,C:\Windows\Temp\app.log,explorer.exe,benign,routine file activity
FILE-01541,2026-08-22T00:32:31Z,FILE-02,ACME\svc_backup,modify,D:\Shares\Finance\budget.xlsx,backup-agent.exe,benign,routine file activity
FILE-00460,2026-08-22T00:33:50Z,DC-01,ACME\jsmith,create,C:\Windows\Temp\app.log,explorer.exe,benign,routine file activity
FILE-00338,2026-08-22T00:36:31Z,JUMP-01,ACME\svc_backup,create,D:\Shares\Finance\budget.xlsx,backup-agent.exe,benign,routine file activity
FILE-00481,2026-08-22T00:47:27Z,APP-API-02,ACME\svc_print,modify,D:\Shares\Finance\budget.xlsx,robocopy.exe,benign,routine file activity
FILE-01341,2026-08-22T00:53:14Z,APP-API-02,ACME\svc_print,create,C:\Windows\Temp\app.log,robocopy.exe,benign,routine file activity
FILE-00273,2026-08-22T00:56:41Z,FIN-WS-14,ACME\svc_backup,create,C:\Backup\state.db,explorer.exe,benign,routine file activity
FILE-00892,2026-08-22T01:01:35Z,APP-API-02,ACME\mrivera,read,C:\Backup\state.db,robocopy.exe,benign,routine file activity
FILE-01528,2026-08-22T01:05:36Z,APP-API-02,ACME\jsmith,modify,C:\Backup\state.db,backup-agent.exe,benign,routine file activity
FILE-00735,2026-08-22T01:12:03Z,PRINT-01,ACME\svc_backup,create,C:\Windows\Temp\app.log,robocopy.exe,benign,routine file activity
FILE-00691,2026-08-22T01:19:14Z,FILE-02,ACME\svc_print,create,C:\Backup\state.db,explorer.exe,benign,routine file activity
FILE-00275,2026-08-22T01:23:23Z,BACKUP-01,NT AUTHORITY\SYSTEM,read,C:\Backup\state.db,robocopy.exe,benign,routine file activity
FILE-00997,2026-08-22T01:25:51Z,JUMP-01,ACME\svc_backup,modify,C:\Backup\state.db,robocopy.exe,benign,routine file activity
FILE-01132,2026-08-22T01:30:29Z,FIN-WS-14,ACME\svc_print,modify,D:\Shares\Finance\budget.xlsx,backup-agent.exe,benign,routine file activity
FILE-01347,2026-08-22T01:32:03Z,FIN-WS-14,ACME\svc_print,modify,C:\Windows\Temp\app.log,explorer.exe,benign,routine file activity
FILE-00849,2026-08-22T01:41:55Z,FILE-02,ACME\svc_backup,read,C:\Windows\Temp\app.log,robocopy.exe,benign,routine file activity
FILE-00135,2026-08-22T01:43:46Z,DC-01,NT AUTHORITY\SYSTEM,create,C:\Backup\state.db,explorer.exe,benign,routine file activity
FILE-00054,2026-08-22T01:45:03Z,PRINT-01,ACME\mrivera,modify,C:\Backup\state.db,explorer.exe,benign,routine file activity
FILE-00091,2026-08-22T01:45:34Z,FILE-02,ACME\mrivera,modify,C:\Backup\state.db,explorer.exe,benign,routine file activity
FILE-01378,2026-08-22T01:46:01Z,BACKUP-01,ACME\jsmith,modify,C:\Backup\state.db,robocopy.exe,benign,routine file activity
FILE-01011,2026-08-22T01:50:58Z,FILE-02,ACME\jsmith,modify,C:\Backup\state.db,robocopy.exe,benign,routine file activity
FILE-01417,2026-08-22T01:52:21Z,DC-01,ACME\svc_print,create,C:\Backup\state.db,explorer.exe,benign,routine file activity
FILE-01579,2026-08-22T02:03:44Z,PRINT-01,ACME\svc_backup,modify,C:\Backup\state.db,backup-agent.exe,benign,routine file activity
FILE-00738,2026-08-22T02:04:03Z,DC-01,ACME\svc_print,create,D:\Shares\Finance\budget.xlsx,robocopy.exe,benign,routine file activity
FILE-00858,2026-08-22T02:13:44Z,DC-01,ACME\jsmith,read,D:\Shares\Finance\budget.xlsx,robocopy.exe,benign,routine file activity
FILE-00857,2026-08-22T02:14:42Z,BACKUP-01,NT AUTHORITY\SYSTEM,read,C:\Backup\state.db,robocopy.exe,benign,routine file activity
FILE-01265,2026-08-22T02:17:10Z,PRINT-01,ACME\mrivera,read,D:\Shares\Finance\budget.xlsx,backup-agent.exe,benign,routine file activity
FILE-00446,2026-08-22T02:19:27Z,APP-API-02,ACME\svc_backup,read,C:\Windows\Temp\app.log,robocopy.exe,benign,routine file activity
FILE-01065,2026-08-22T02:23:43Z,FIN-WS-14,ACME\svc_backup,read,C:\Backup\state.db,robocopy.exe,benign,routine file activity
FILE-00504,2026-08-22T02:26:44Z,APP-API-02,NT AUTHORITY\SYSTEM,modify,D:\Shares\Finance\budget.xlsx,explorer.exe,benign,routine file activity
FILE-01225,2026-08-22T02:26:48Z,FILE-02,NT AUTHORITY\SYSTEM,read,C:\Backup\state.db,backup-agent.exe,benign,routine file activity
FILE-00472,2026-08-22T02:27:20Z,PRINT-01,NT AUTHORITY\SYSTEM,create,D:\Shares\Finance\budget.xlsx,explorer.exe,benign,routine file activity
FILE-00103,2026-08-22T02:33:03Z,FILE-02,ACME\svc_backup,create,C:\Windows\Temp\app.log,explorer.exe,benign,routine file activity
FILE-00690,2026-08-22T02:33:40Z,FIN-WS-14,ACME\svc_print,create,D:\Shares\Finance\budget.xlsx,robocopy.exe,benign,routine file activity
FILE-01505,2026-08-22T02:37:24Z,FILE-02,ACME\mrivera,modify,C:\Backup\state.db,backup-agent.exe,benign,routine file activity
FILE-00212,2026-08-22T02:43:35Z,FIN-WS-14,ACME\svc_backup,read,C:\Windows\Temp\app.log,explorer.exe,benign,routine file activity
FILE-01578,2026-08-22T02:45:14Z,APP-API-02,ACME\svc_print,read,C:\Windows\Temp\app.log,robocopy.exe,benign,routine file activity
FILE-00796,2026-08-22T02:47:36Z,APP-API-02,ACME\svc_backup,read,C:\Backup\state.db,robocopy.exe,benign,routine file activity
FILE-00995,2026-08-22T02:48:26Z,JUMP-01,ACME\svc_backup,create,D:\Shares\Finance\budget.xlsx,backup-agent.exe,benign,routine file activity
FILE-01187,2026-08-22T02:51:36Z,BACKUP-01,ACME\mrivera,modify,C:\Backup\state.db,robocopy.exe,benign,routine file activity
FILE-01726,2026-08-22T02:52:36Z,FILE-02,ACME\jsmith,read,C:\Backup\state.db,backup-agent.exe,benign,routine file activity
FILE-01437,2026-08-22T02:57:12Z,FIN-WS-14,ACME\jsmith,modify,C:\Backup\state.db,robocopy.exe,benign,routine file activity
FILE-01709,2026-08-22T03:01:06Z,JUMP-01,ACME\svc_backup,modify,C:\Backup\state.db,explorer.exe,benign,routine file activity
FILE-01707,2026-08-22T03:08:58Z,JUMP-01,ACME\svc_print,create,C:\Windows\Temp\app.log,backup-agent.exe,benign,routine file activity
FILE-00619,2026-08-22T03:09:28Z,JUMP-01,ACME\svc_print,create,D:\Shares\Finance\budget.xlsx,robocopy.exe,benign,routine file activity
FILE-01161,2026-08-22T03:13:49Z,FILE-02,ACME\jsmith,modify,C:\Windows\Temp\app.log,explorer.exe,benign,routine file activity
FILE-00515,2026-08-22T03:14:02Z,FILE-02,ACME\mrivera,read,D:\Shares\Finance\budget.xlsx,explorer.exe,benign,routine file activity
FILE-01189,2026-08-22T03:15:48Z,APP-API-02,ACME\svc_backup,read,C:\Windows\Temp\app.log,backup-agent.exe,benign,routine file activity
FILE-01425,2026-08-22T03:19:00Z,FIN-WS-14,ACME\jsmith,read,D:\Shares\Finance\budget.xlsx,robocopy.exe,benign,routine file activity
FILE-00549,2026-08-22T03:21:11Z,FILE-02,NT AUTHORITY\SYSTEM,create,C:\Windows\Temp\app.log,backup-agent.exe,benign,routine file activity
FILE-01478,2026-08-22T03:21:17Z,FIN-WS-14,NT AUTHORITY\SYSTEM,create,C:\Backup\state.db,explorer.exe,benign,routine file activity
FILE-01157,2026-08-22T03:34:44Z,FILE-02,ACME\svc_print,create,D:\Shares\Finance\budget.xlsx,backup-agent.exe,benign,routine file activity
FILE-00758,2026-08-22T03:36:24Z,FILE-02,ACME\svc_print,create,D:\Shares\Finance\budget.xlsx,explorer.exe,benign,routine file activity
FILE-01642,2026-08-22T03:36:53Z,JUMP-01,ACME\mrivera,create,C:\Backup\state.db,backup-agent.exe,benign,routine file activity
FILE-01044,2026-08-22T03:48:15Z,DC-01,ACME\svc_backup,create,C:\Backup\state.db,backup-agent.exe,benign,routine file activity
FILE-01349,2026-08-22T03:49:28Z,PRINT-01,ACME\svc_print,modify,C:\Backup\state.db,backup-agent.exe,benign,routine file activity
FILE-00025,2026-08-22T03:56:06Z,DC-01,ACME\svc_print,modify,D:\Shares\Finance\budget.xlsx,explorer.exe,benign,routine file activity
FILE-00702,2026-08-22T03:56:43Z,FILE-02,NT AUTHORITY\SYSTEM,create,D:\Shares\Finance\budget.xlsx,explorer.exe,benign,routine file activity
FILE-01585,2026-08-22T03:59:18Z,APP-API-02,ACME\mrivera,modify,D:\Shares\Finance\budget.xlsx,robocopy.exe,benign,routine file activity
FILE-01386,2026-08-22T04:03:53Z,DC-01,ACME\jsmith,create,D:\Shares\Finance\budget.xlsx,robocopy.exe,benign,routine file activity
FILE-01685,2026-08-22T04:05:47Z,FIN-WS-14,NT AUTHORITY\SYSTEM,read,D:\Shares\Finance\budget.xlsx,explorer.exe,benign,routine file activity
FILE-01078,2026-08-22T04:21:10Z,BACKUP-01,ACME\svc_print,read,C:\Backup\state.db,explorer.exe,benign,routine file activity
FILE-00279,2026-08-22T04:24:34Z,DC-01,ACME\jsmith,create,C:\Backup\state.db,robocopy.exe,benign,routine file activity
FILE-01426,2026-08-22T04:25:08Z,FILE-02,ACME\mrivera,create,C:\Windows\Temp\app.log,robocopy.exe,benign,routine file activity
FILE-00655,2026-08-22T04:30:09Z,DC-01,NT AUTHORITY\SYSTEM,read,C:\Windows\Temp\app.log,explorer.exe,benign,routine file activity
FILE-00745,2026-08-22T04:34:07Z,BACKUP-01,ACME\mrivera,create,C:\Backup\state.db,robocopy.exe,benign,routine file activity
FILE-00482,2026-08-22T04:37:03Z,FIN-WS-14,NT AUTHORITY\SYSTEM,create,D:\Shares\Finance\budget.xlsx,backup-agent.exe,benign,routine file activity
FILE-01008,2026-08-22T04:37:23Z,FIN-WS-14,NT AUTHORITY\SYSTEM,create,C:\Backup\state.db,robocopy.exe,benign,routine file activity
FILE-00871,2026-08-22T04:38:40Z,PRINT-01,ACME\svc_backup,create,D:\Shares\Finance\budget.xlsx,explorer.exe,benign,routine file activity
FILE-00379,2026-08-22T04:39:58Z,BACKUP-01,ACME\svc_backup,modify,D:\Shares\Finance\budget.xlsx,backup-agent.exe,benign,routine file activity
FILE-00936,2026-08-22T04:40:57Z,FIN-WS-14,ACME\svc_print,modify,D:\Shares\Finance\budget.xlsx,robocopy.exe,benign,routine file activity
FILE-01610,2026-08-22T04:41:51Z,BACKUP-01,NT AUTHORITY\SYSTEM,modify,C:\Windows\Temp\app.log,explorer.exe,benign,routine file activity
FILE-01303,2026-08-22T04:49:36Z,BACKUP-01,ACME\jsmith,create,C:\Backup\state.db,robocopy.exe,benign,routine file activity
FILE-01017,2026-08-22T04:50:03Z,DC-01,ACME\svc_print,read,D:\Shares\Finance\budget.xlsx,explorer.exe,benign,routine file activity
FILE-00336,2026-08-22T04:50:24Z,PRINT-01,NT AUTHORITY\SYSTEM,modify,C:\Backup\state.db,robocopy.exe,benign,routine file activity
FILE-00104,2026-08-22T04:51:13Z,FIN-WS-14,NT AUTHORITY\SYSTEM,modify,C:\Backup\state.db,robocopy.exe,benign,routine file activity
FILE-00653,2026-08-22T05:08:57Z,DC-01,ACME\svc_backup,create,D:\Shares\Finance\budget.xlsx,robocopy.exe,benign,routine file activity
FILE-00107,2026-08-22T05:12:18Z,APP-API-02,ACME\jsmith,modify,C:\Windows\Temp\app.log,robocopy.exe,benign,routine file activity
FILE-01407,2026-08-22T05:13:00Z,APP-API-02,ACME\svc_backup,modify,D:\Shares\Finance\budget.xlsx,backup-agent.exe,benign,routine file activity
FILE-01446,2026-08-22T05:20:33Z,FILE-02,ACME\svc_print,modify,C:\Windows\Temp\app.log,explorer.exe,benign,routine file activity
FILE-01363,2026-08-22T05:23:03Z,JUMP-01,ACME\svc_print,create,D:\Shares\Finance\budget.xlsx,robocopy.exe,benign,routine file activity
FILE-00020,2026-08-22T05:27:26Z,FILE-02,ACME\jsmith,create,C:\Windows\Temp\app.log,backup-agent.exe,benign,routine file activity
FILE-00918,2026-08-22T05:29:24Z,FILE-02,ACME\svc_print,read,C:\Windows\Temp\app.log,backup-agent.exe,benign,routine file activity
FILE-00150,2026-08-22T05:30:28Z,DC-01,ACME\svc_print,modify,D:\Shares\Finance\budget.xlsx,backup-agent.exe,benign,routine file activity
FILE-01266,2026-08-22T05:32:31Z,PRINT-01,NT AUTHORITY\SYSTEM,create,C:\Windows\Temp\app.log,backup-agent.exe,benign,routine file activity
FILE-00718,2026-08-22T05:34:09Z,JUMP-01,NT AUTHORITY\SYSTEM,modify,C:\Windows\Temp\app.log,explorer.exe,benign,routine file activity
FILE-00293,2026-08-22T05:34:25Z,PRINT-01,ACME\svc_backup,read,D:\Shares\Finance\budget.xlsx,explorer.exe,benign,routine file activity
FILE-00447,2026-08-22T05:34:25Z,FIN-WS-14,ACME\jsmith,read,C:\Windows\Temp\app.log,explorer.exe,benign,routine file activity
FILE-00098,2026-08-22T05:37:36Z,JUMP-01,ACME\jsmith,create,C:\Backup\state.db,robocopy.exe,benign,routine file activity
FILE-01361,2026-08-22T05:44:19Z,APP-API-02,ACME\jsmith,read,D:\Shares\Finance\budget.xlsx,explorer.exe,benign,routine file activity
FILE-01245,2026-08-22T05:52:34Z,DC-01,ACME\mrivera,create,C:\Backup\state.db,robocopy.exe,benign,routine file activity
FILE-00419,2026-08-22T06:01:41Z,DC-01,ACME\svc_print,create,C:\Backup\state.db,backup-agent.exe,benign,routine file activity
FILE-00541,2026-08-22T06:05:01Z,BACKUP-01,NT AUTHORITY\SYSTEM,modify,C:\Backup\state.db,backup-agent.exe,benign,routine file activity
FILE-01780,2026-08-22T06:07:27Z,FILE-02,ACME\mrivera,modify,D:\Shares\Finance\budget.xlsx,robocopy.exe,benign,routine file activity
FILE-01558,2026-08-22T06:10:42Z,PRINT-01,ACME\svc_backup,create,C:\Windows\Temp\app.log,robocopy.exe,benign,routine file activity
FILE-00243,2026-08-22T06:11:52Z,PRINT-01,ACME\mrivera,modify,D:\Shares\Finance\budget.xlsx,robocopy.exe,benign,routine file activity
FILE-00899,2026-08-22T06:12:55Z,PRINT-01,ACME\svc_backup,read,C:\Windows\Temp\app.log,robocopy.exe,benign,routine file activity
FILE-00334,2026-08-22T06:13:41Z,DC-01,NT AUTHORITY\SYSTEM,create,C:\Backup\state.db,backup-agent.exe,benign,routine file activity
FILE-00827,2026-08-22T06:16:35Z,FILE-02,ACME\mrivera,modify,C:\Backup\state.db,explorer.exe,benign,routine file activity
FILE-00380,2026-08-22T06:18:13Z,FIN-WS-14,ACME\svc_print,create,C:\Backup\state.db,robocopy.exe,benign,routine file activity
FILE-00503,2026-08-22T06:20:36Z,FIN-WS-14,ACME\svc_backup,create,C:\Windows\Temp\app.log,robocopy.exe,benign,routine file activity
FILE-00355,2026-08-22T06:20:38Z,APP-API-02,ACME\svc_backup,read,C:\Windows\Temp\app.log,explorer.exe,benign,routine file activity
FILE-00984,2026-08-22T06:26:34Z,APP-API-02,ACME\jsmith,read,C:\Backup\state.db,explorer.exe,benign,routine file activity
FILE-01275,2026-08-22T06:27:28Z,BACKUP-01,ACME\svc_backup,modify,C:\Backup\state.db,explorer.exe,benign,routine file activity
FILE-01156,2026-08-22T06:33:49Z,APP-API-02,ACME\jsmith,create,D:\Shares\Finance\budget.xlsx,backup-agent.exe,benign,routine file activity
FILE-01136,2026-08-22T06:39:22Z,BACKUP-01,NT AUTHORITY\SYSTEM,read,C:\Windows\Temp\app.log,backup-agent.exe,benign,routine file activity
FILE-00454,2026-08-22T06:39:33Z,FILE-02,ACME\svc_backup,create,C:\Windows\Temp\app.log,backup-agent.exe,benign,routine file activity
FILE-01394,2026-08-22T06:40:12Z,JUMP-01,ACME\svc_backup,create,C:\Backup\state.db,robocopy.exe,benign,routine file activity
FILE-00542,2026-08-22T06:44:39Z,JUMP-01,ACME\jsmith,create,C:\Windows\Temp\app.log,backup-agent.exe,benign,routine file activity
FILE-01762,2026-08-22T06:45:03Z,DC-01,ACME\svc_print,read,C:\Backup\state.db,backup-agent.exe,benign,routine file activity
FILE-00946,2026-08-22T06:49:01Z,PRINT-01,ACME\svc_backup,read,D:\Shares\Finance\budget.xlsx,robocopy.exe,benign,routine file activity
FILE-00122,2026-08-22T06:49:11Z,PRINT-01,ACME\svc_print,modify,D:\Shares\Finance\budget.xlsx,explorer.exe,benign,routine file activity
FILE-01625,2026-08-22T06:55:33Z,FIN-WS-14,ACME\mrivera,create,C:\Backup\state.db,robocopy.exe,benign,routine file activity
FILE-00068,2026-08-22T07:00:02Z,APP-API-02,ACME\mrivera,create,D:\Shares\Finance\budget.xlsx,explorer.exe,benign,routine file activity
FILE-00595,2026-08-22T07:01:30Z,FIN-WS-14,ACME\svc_print,create,D:\Shares\Finance\budget.xlsx,robocopy.exe,benign,routine file activity
FILE-01280,2026-08-22T07:02:41Z,FIN-WS-14,NT AUTHORITY\SYSTEM,modify,D:\Shares\Finance\budget.xlsx,backup-agent.exe,benign,routine file activity
FILE-01237,2026-08-22T07:06:58Z,PRINT-01,ACME\jsmith,create,C:\Windows\Temp\app.log,robocopy.exe,benign,routine file activity
FILE-01649,2026-08-22T07:07:05Z,FILE-02,ACME\svc_backup,modify,C:\Backup\state.db,explorer.exe,benign,routine file activity
FILE-00114,2026-08-22T07:07:17Z,DC-01,ACME\svc_print,modify,D:\Shares\Finance\budget.xlsx,backup-agent.exe,benign,routine file activity
FILE-01113,2026-08-22T07:21:45Z,BACKUP-01,ACME\svc_print,read,C:\Windows\Temp\app.log,robocopy.exe,benign,routine file activity
FILE-01737,2026-08-22T07:23:11Z,PRINT-01,ACME\mrivera,modify,C:\Windows\Temp\app.log,backup-agent.exe,benign,routine file activity
FILE-01220,2026-08-22T07:23:47Z,APP-API-02,ACME\svc_backup,read,C:\Windows\Temp\app.log,backup-agent.exe,benign,routine file activity
FILE-01614,2026-08-22T07:25:29Z,PRINT-01,ACME\jsmith,create,D:\Shares\Finance\budget.xlsx,robocopy.exe,benign,routine file activity
FILE-01180,2026-08-22T07:31:17Z,JUMP-01,ACME\jsmith,create,D:\Shares\Finance\budget.xlsx,backup-agent.exe,benign,routine file activity
FILE-01274,2026-08-22T07:35:14Z,JUMP-01,NT AUTHORITY\SYSTEM,create,C:\Windows\Temp\app.log,robocopy.exe,benign,routine file activity
FILE-01119,2026-08-22T07:35:28Z,APP-API-02,ACME\svc_backup,read,C:\Windows\Temp\app.log,backup-agent.exe,benign,routine file activity
FILE-01373,2026-08-22T07:37:22Z,FILE-02,NT AUTHORITY\SYSTEM,modify,C:\Backup\state.db,robocopy.exe,benign,routine file activity
FILE-00111,2026-08-22T07:44:00Z,BACKUP-01,ACME\mrivera,read,D:\Shares\Finance\budget.xlsx,robocopy.exe,benign,routine file activity
FILE-01206,2026-08-22T07:45:35Z,PRINT-01,NT AUTHORITY\SYSTEM,create,C:\Backup\state.db,robocopy.exe,benign,routine file activity
FILE-00274,2026-08-22T07:57:46Z,JUMP-01,NT AUTHORITY\SYSTEM,modify,D:\Shares\Finance\budget.xlsx,robocopy.exe,benign,routine file activity
FILE-00532,2026-08-22T07:59:05Z,DC-01,NT AUTHORITY\SYSTEM,read,D:\Shares\Finance\budget.xlsx,robocopy.exe,benign,routine file activity
FILE-00402,2026-08-22T08:03:44Z,FILE-02,ACME\jsmith,read,C:\Backup\state.db,backup-agent.exe,benign,routine file activity
FILE-00442,2026-08-22T08:07:36Z,DC-01,ACME\svc_print,create,C:\Windows\Temp\app.log,backup-agent.exe,benign,routine file activity
FILE-01135,2026-08-22T08:27:24Z,FIN-WS-14,ACME\jsmith,modify,C:\Windows\Temp\app.log,backup-agent.exe,benign,routine file activity
FILE-00911,2026-08-22T08:28:40Z,JUMP-01,ACME\svc_print,read,C:\Windows\Temp\app.log,backup-agent.exe,benign,routine file activity
FILE-00865,2026-08-22T08:31:24Z,FILE-02,ACME\mrivera,modify,C:\Windows\Temp\app.log,backup-agent.exe,benign,routine file activity
FILE-01268,2026-08-22T08:33:01Z,FIN-WS-14,ACME\svc_print,read,D:\Shares\Finance\budget.xlsx,explorer.exe,benign,routine file activity
FILE-00593,2026-08-22T08:33:19Z,JUMP-01,ACME\jsmith,modify,D:\Shares\Finance\budget.xlsx,explorer.exe,benign,routine file activity
FILE-01256,2026-08-22T08:34:19Z,FILE-02,ACME\svc_backup,read,D:\Shares\Finance\budget.xlsx,robocopy.exe,benign,routine file activity
FILE-01377,2026-08-22T08:36:24Z,PRINT-01,NT AUTHORITY\SYSTEM,read,D:\Shares\Finance\budget.xlsx,explorer.exe,benign,routine file activity
FILE-00692,2026-08-22T08:38:16Z,FILE-02,ACME\mrivera,create,D:\Shares\Finance\budget.xlsx,robocopy.exe,benign,routine file activity
FILE-01757,2026-08-22T08:43:57Z,DC-01,ACME\mrivera,modify,C:\Windows\Temp\app.log,backup-agent.exe,benign,routine file activity
FILE-00855,2026-08-22T08:44:28Z,FIN-WS-14,ACME\svc_backup,read,C:\Windows\Temp\app.log,robocopy.exe,benign,routine file activity
FILE-00747,2026-08-22T08:45:27Z,JUMP-01,ACME\svc_backup,read,C:\Backup\state.db,explorer.exe,benign,routine file activity
FILE-01687,2026-08-22T08:48:50Z,PRINT-01,NT AUTHORITY\SYSTEM,create,C:\Windows\Temp\app.log,robocopy.exe,benign,routine file activity
FILE-00949,2026-08-22T09:00:12Z,JUMP-01,ACME\svc_backup,create,C:\Windows\Temp\app.log,robocopy.exe,benign,routine file activity
FILE-01442,2026-08-22T09:13:31Z,APP-API-02,ACME\svc_backup,read,D:\Shares\Finance\budget.xlsx,robocopy.exe,benign,routine file activity
FILE-01658,2026-08-22T09:19:35Z,APP-API-02,ACME\svc_print,create,C:\Backup\state.db,backup-agent.exe,benign,routine file activity
FILE-01158,2026-08-22T09:19:54Z,APP-API-02,NT AUTHORITY\SYSTEM,modify,C:\Backup\state.db,backup-agent.exe,benign,routine file activity
FILE-01311,2026-08-22T09:21:59Z,DC-01,ACME\svc_print,create,C:\Backup\state.db,robocopy.exe,benign,routine file activity
FILE-00933,2026-08-22T09:22:22Z,PRINT-01,ACME\jsmith,modify,C:\Windows\Temp\app.log,explorer.exe,benign,routine file activity
FILE-00555,2026-08-22T09:31:32Z,APP-API-02,ACME\mrivera,read,C:\Backup\state.db,explorer.exe,benign,routine file activity
FILE-00706,2026-08-22T09:32:51Z,APP-API-02,ACME\mrivera,create,D:\Shares\Finance\budget.xlsx,explorer.exe,benign,routine file activity
FILE-01205,2026-08-22T09:33:38Z,BACKUP-01,ACME\mrivera,modify,D:\Shares\Finance\budget.xlsx,robocopy.exe,benign,routine file activity
FILE-01454,2026-08-22T09:38:39Z,FIN-WS-14,ACME\mrivera,modify,C:\Windows\Temp\app.log,explorer.exe,benign,routine file activity
FILE-00344,2026-08-22T09:56:00Z,APP-API-02,ACME\mrivera,create,C:\Backup\state.db,backup-agent.exe,benign,routine file activity
FILE-00241,2026-08-22T09:56:12Z,FIN-WS-14,ACME\svc_backup,create,C:\Windows\Temp\app.log,explorer.exe,benign,routine file activity
FILE-01342,2026-08-22T10:05:40Z,BACKUP-01,ACME\mrivera,read,D:\Shares\Finance\budget.xlsx,robocopy.exe,benign,routine file activity
FILE-00734,2026-08-22T10:06:56Z,DC-01,ACME\mrivera,modify,D:\Shares\Finance\budget.xlsx,explorer.exe,benign,routine file activity
FILE-00245,2026-08-22T10:12:03Z,DC-01,ACME\mrivera,modify,D:\Shares\Finance\budget.xlsx,explorer.exe,benign,routine file activity
FILE-00081,2026-08-22T10:12:26Z,PRINT-01,ACME\svc_backup,modify,D:\Shares\Finance\budget.xlsx,backup-agent.exe,benign,routine file activity
FILE-01025,2026-08-22T10:20:08Z,FIN-WS-14,NT AUTHORITY\SYSTEM,read,C:\Backup\state.db,robocopy.exe,benign,routine file activity
FILE-01281,2026-08-22T10:22:27Z,PRINT-01,NT AUTHORITY\SYSTEM,read,D:\Shares\Finance\budget.xlsx,explorer.exe,benign,routine file activity
FILE-00848,2026-08-22T10:22:41Z,APP-API-02,ACME\svc_print,create,C:\Backup\state.db,explorer.exe,benign,routine file activity
FILE-01292,2026-08-22T10:31:11Z,FILE-02,ACME\svc_backup,read,C:\Backup\state.db,backup-agent.exe,benign,routine file activity
FILE-01752,2026-08-22T10:32:54Z,JUMP-01,ACME\mrivera,modify,C:\Windows\Temp\app.log,robocopy.exe,benign,routine file activity
FILE-00837,2026-08-22T10:38:41Z,JUMP-01,ACME\jsmith,modify,D:\Shares\Finance\budget.xlsx,robocopy.exe,benign,routine file activity
FILE-00073,2026-08-22T10:43:15Z,FILE-02,ACME\svc_print,create,C:\Backup\state.db,backup-agent.exe,benign,routine file activity
FILE-00444,2026-08-22T10:46:25Z,FILE-02,ACME\mrivera,modify,C:\Backup\state.db,explorer.exe,benign,routine file activity
FILE-00427,2026-08-22T10:46:33Z,FIN-WS-14,ACME\svc_backup,modify,C:\Windows\Temp\app.log,backup-agent.exe,benign,routine file activity
FILE-00456,2026-08-22T10:49:36Z,JUMP-01,ACME\jsmith,read,C:\Windows\Temp\app.log,backup-agent.exe,benign,routine file activity
FILE-01444,2026-08-22T10:53:12Z,FIN-WS-14,ACME\svc_backup,modify,C:\Backup\state.db,backup-agent.exe,benign,routine file activity
FILE-00144,2026-08-22T10:56:51Z,APP-API-02,NT AUTHORITY\SYSTEM,modify,C:\Backup\state.db,robocopy.exe,benign,routine file activity
FILE-00665,2026-08-22T11:01:55Z,DC-01,ACME\jsmith,create,C:\Backup\state.db,explorer.exe,benign,routine file activity
FILE-01335,2026-08-22T11:02:15Z,BACKUP-01,ACME\svc_print,modify,C:\Windows\Temp\app.log,backup-agent.exe,benign,routine file activity
FILE-00864,2026-08-22T11:13:15Z,JUMP-01,ACME\svc_backup,modify,C:\Windows\Temp\app.log,explorer.exe,benign,routine file activity
FILE-01688,2026-08-22T11:17:21Z,PRINT-01,ACME\mrivera,read,D:\Shares\Finance\budget.xlsx,explorer.exe,benign,routine file activity
FILE-01673,2026-08-22T11:19:58Z,PRINT-01,ACME\svc_print,read,C:\Backup\state.db,backup-agent.exe,benign,routine file activity
FILE-00809,2026-08-22T11:21:13Z,APP-API-02,ACME\svc_backup,modify,D:\Shares\Finance\budget.xlsx,robocopy.exe,benign,routine file activity
FILE-01759,2026-08-22T11:28:23Z,APP-API-02,ACME\mrivera,create,D:\Shares\Finance\budget.xlsx,robocopy.exe,benign,routine file activity
FILE-01186,2026-08-22T11:31:55Z,FILE-02,ACME\svc_backup,create,C:\Windows\Temp\app.log,backup-agent.exe,benign,routine file activity
FILE-01494,2026-08-22T11:35:31Z,FILE-02,ACME\mrivera,read,D:\Shares\Finance\budget.xlsx,robocopy.exe,benign,routine file activity
FILE-00239,2026-08-22T11:35:56Z,PRINT-01,ACME\jsmith,read,D:\Shares\Finance\budget.xlsx,backup-agent.exe,benign,routine file activity
FILE-01009,2026-08-22T11:43:45Z,DC-01,ACME\svc_print,create,C:\Backup\state.db,robocopy.exe,benign,routine file activity
FILE-01209,2026-08-22T11:47:08Z,JUMP-01,ACME\mrivera,modify,C:\Backup\state.db,robocopy.exe,benign,routine file activity
FILE-01453,2026-08-22T11:57:58Z,BACKUP-01,ACME\svc_backup,modify,C:\Backup\state.db,explorer.exe,benign,routine file activity
FILE-01521,2026-08-22T11:59:38Z,FIN-WS-14,ACME\mrivera,read,D:\Shares\Finance\budget.xlsx,robocopy.exe,benign,routine file activity
FILE-00417,2026-08-22T12:01:16Z,PRINT-01,NT AUTHORITY\SYSTEM,create,C:\Backup\state.db,explorer.exe,benign,routine file activity
FILE-01287,2026-08-22T12:15:48Z,JUMP-01,ACME\mrivera,create,C:\Backup\state.db,backup-agent.exe,benign,routine file activity
FILE-00649,2026-08-22T12:16:04Z,FILE-02,ACME\svc_backup,modify,D:\Shares\Finance\budget.xlsx,explorer.exe,benign,routine file activity
FILE-00606,2026-08-22T12:17:16Z,JUMP-01,NT AUTHORITY\SYSTEM,modify,C:\Windows\Temp\app.log,robocopy.exe,benign,routine file activity
FILE-00600,2026-08-22T12:26:18Z,FIN-WS-14,NT AUTHORITY\SYSTEM,modify,D:\Shares\Finance\budget.xlsx,robocopy.exe,benign,routine file activity
FILE-00553,2026-08-22T12:26:34Z,DC-01,ACME\jsmith,modify,D:\Shares\Finance\budget.xlsx,explorer.exe,benign,routine file activity
FILE-00752,2026-08-22T12:27:38Z,PRINT-01,ACME\svc_print,create,C:\Windows\Temp\app.log,explorer.exe,benign,routine file activity
FILE-01677,2026-08-22T12:32:27Z,BACKUP-01,ACME\svc_print,read,C:\Windows\Temp\app.log,backup-agent.exe,benign,routine file activity
FILE-00308,2026-08-22T12:37:40Z,APP-API-02,ACME\mrivera,create,D:\Shares\Finance\budget.xlsx,explorer.exe,benign,routine file activity
FILE-00776,2026-08-22T12:42:17Z,JUMP-01,ACME\mrivera,read,C:\Backup\state.db,explorer.exe,benign,routine file activity
FILE-00668,2026-08-22T12:53:26Z,JUMP-01,ACME\svc_backup,read,C:\Backup\state.db,backup-agent.exe,benign,routine file activity
FILE-00579,2026-08-22T12:59:22Z,FIN-WS-14,ACME\svc_backup,read,C:\Windows\Temp\app.log,explorer.exe,benign,routine file activity
FILE-00601,2026-08-22T13:00:05Z,JUMP-01,ACME\mrivera,create,C:\Windows\Temp\app.log,explorer.exe,benign,routine file activity
FILE-00868,2026-08-22T13:01:14Z,APP-API-02,ACME\svc_backup,create,C:\Windows\Temp\app.log,backup-agent.exe,benign,routine file activity
FILE-00367,2026-08-22T13:01:44Z,APP-API-02,ACME\svc_print,modify,C:\Windows\Temp\app.log,backup-agent.exe,benign,routine file activity
FILE-01513,2026-08-22T13:02:39Z,FILE-02,ACME\svc_print,read,C:\Backup\state.db,backup-agent.exe,benign,routine file activity
FILE-00011,2026-08-22T13:06:38Z,DC-01,ACME\jsmith,modify,D:\Shares\Finance\budget.xlsx,robocopy.exe,benign,routine file activity
FILE-01203,2026-08-22T13:14:01Z,JUMP-01,ACME\mrivera,create,C:\Backup\state.db,backup-agent.exe,benign,routine file activity
FILE-01054,2026-08-22T13:20:14Z,FIN-WS-14,ACME\mrivera,modify,C:\Backup\state.db,robocopy.exe,benign,routine file activity
FILE-00664,2026-08-22T13:21:44Z,APP-API-02,ACME\jsmith,create,D:\Shares\Finance\budget.xlsx,backup-agent.exe,benign,routine file activity
FILE-01645,2026-08-22T13:28:35Z,FIN-WS-14,ACME\jsmith,create,C:\Backup\state.db,backup-agent.exe,benign,routine file activity
FILE-01748,2026-08-22T13:30:56Z,APP-API-02,NT AUTHORITY\SYSTEM,read,D:\Shares\Finance\budget.xlsx,explorer.exe,benign,routine file activity
FILE-00557,2026-08-22T13:31:03Z,JUMP-01,NT AUTHORITY\SYSTEM,read,C:\Windows\Temp\app.log,explorer.exe,benign,routine file activity
FILE-01593,2026-08-22T13:33:09Z,APP-API-02,ACME\svc_print,read,C:\Backup\state.db,backup-agent.exe,benign,routine file activity
FILE-00905,2026-08-22T13:38:08Z,APP-API-02,ACME\mrivera,read,D:\Shares\Finance\budget.xlsx,backup-agent.exe,benign,routine file activity
FILE-00856,2026-08-22T13:49:45Z,JUMP-01,ACME\mrivera,modify,C:\Windows\Temp\app.log,robocopy.exe,benign,routine file activity
FILE-01141,2026-08-22T13:56:59Z,FILE-02,ACME\jsmith,read,C:\Windows\Temp\app.log,backup-agent.exe,benign,routine file activity
FILE-00115,2026-08-22T13:57:06Z,FILE-02,ACME\svc_print,read,C:\Windows\Temp\app.log,explorer.exe,benign,routine file activity
FILE-00310,2026-08-22T13:59:00Z,PRINT-01,ACME\svc_print,read,D:\Shares\Finance\budget.xlsx,backup-agent.exe,benign,routine file activity
FILE-01766,2026-08-22T13:59:29Z,FILE-02,ACME\svc_backup,create,D:\Shares\Finance\budget.xlsx,robocopy.exe,benign,routine file activity
FILE-01282,2026-08-22T14:04:33Z,FILE-02,ACME\mrivera,read,C:\Backup\state.db,explorer.exe,benign,routine file activity
FILE-00814,2026-08-22T14:11:51Z,FIN-WS-14,ACME\mrivera,modify,D:\Shares\Finance\budget.xlsx,backup-agent.exe,benign,routine file activity
FILE-00385,2026-08-22T14:15:21Z,APP-API-02,ACME\svc_print,modify,C:\Backup\state.db,robocopy.exe,benign,routine file activity
FILE-00584,2026-08-22T14:24:30Z,APP-API-02,NT AUTHORITY\SYSTEM,modify,C:\Windows\Temp\app.log,explorer.exe,benign,routine file activity
FILE-01364,2026-08-22T14:27:23Z,BACKUP-01,NT AUTHORITY\SYSTEM,create,D:\Shares\Finance\budget.xlsx,backup-agent.exe,benign,routine file activity
FILE-00394,2026-08-22T14:29:16Z,FILE-02,NT AUTHORITY\SYSTEM,modify,C:\Windows\Temp\app.log,robocopy.exe,benign,routine file activity
FILE-01254,2026-08-22T14:29:24Z,FILE-02,ACME\svc_backup,create,C:\Windows\Temp\app.log,backup-agent.exe,benign,routine file activity
FILE-01396,2026-08-22T14:31:23Z,JUMP-01,ACME\jsmith,read,C:\Backup\state.db,explorer.exe,benign,routine file activity
FILE-01230,2026-08-22T14:34:56Z,PRINT-01,NT AUTHORITY\SYSTEM,read,C:\Windows\Temp\app.log,robocopy.exe,benign,routine file activity
FILE-00656,2026-08-22T14:41:47Z,APP-API-02,NT AUTHORITY\SYSTEM,modify,C:\Backup\state.db,explorer.exe,benign,routine file activity
FILE-00298,2026-08-22T14:43:46Z,DC-01,ACME\svc_print,modify,C:\Windows\Temp\app.log,robocopy.exe,benign,routine file activity
FILE-01540,2026-08-22T14:44:12Z,FILE-02,ACME\jsmith,modify,C:\Windows\Temp\app.log,robocopy.exe,benign,routine file activity
FILE-01314,2026-08-22T14:45:25Z,PRINT-01,ACME\svc_backup,modify,D:\Shares\Finance\budget.xlsx,robocopy.exe,benign,routine file activity
FILE-00874,2026-08-22T14:46:18Z,DC-01,ACME\mrivera,read,C:\Windows\Temp\app.log,explorer.exe,benign,routine file activity
FILE-00983,2026-08-22T14:46:40Z,JUMP-01,NT AUTHORITY\SYSTEM,read,C:\Windows\Temp\app.log,robocopy.exe,benign,routine file activity
FILE-01296,2026-08-22T14:55:15Z,FILE-02,ACME\svc_backup,modify,C:\Backup\state.db,robocopy.exe,benign,routine file activity
FILE-01500,2026-08-22T15:04:28Z,BACKUP-01,ACME\jsmith,create,C:\Backup\state.db,robocopy.exe,benign,routine file activity
FILE-01001,2026-08-22T15:14:43Z,FIN-WS-14,ACME\svc_backup,modify,C:\Backup\state.db,explorer.exe,benign,routine file activity
FILE-00895,2026-08-22T15:19:31Z,BACKUP-01,ACME\jsmith,read,C:\Backup\state.db,backup-agent.exe,benign,routine file activity
FILE-00406,2026-08-22T15:21:49Z,BACKUP-01,ACME\mrivera,modify,D:\Shares\Finance\budget.xlsx,backup-agent.exe,benign,routine file activity
FILE-00297,2026-08-22T15:22:49Z,JUMP-01,ACME\svc_backup,create,C:\Backup\state.db,backup-agent.exe,benign,routine file activity
FILE-01020,2026-08-22T15:22:51Z,FIN-WS-14,ACME\mrivera,read,C:\Backup\state.db,explorer.exe,benign,routine file activity
FILE-00815,2026-08-22T15:23:46Z,PRINT-01,ACME\svc_backup,create,D:\Shares\Finance\budget.xlsx,explorer.exe,benign,routine file activity
FILE-01151,2026-08-22T15:28:21Z,JUMP-01,ACME\svc_print,create,D:\Shares\Finance\budget.xlsx,explorer.exe,benign,routine file activity
FILE-01404,2026-08-22T15:30:08Z,BACKUP-01,ACME\jsmith,modify,C:\Backup\state.db,robocopy.exe,benign,routine file activity
FILE-01451,2026-08-22T15:32:30Z,JUMP-01,ACME\svc_print,modify,D:\Shares\Finance\budget.xlsx,robocopy.exe,benign,routine file activity
FILE-00643,2026-08-22T15:38:50Z,FILE-02,ACME\svc_backup,modify,C:\Windows\Temp\app.log,explorer.exe,benign,routine file activity
FILE-00398,2026-08-22T15:43:28Z,BACKUP-01,ACME\svc_backup,read,C:\Windows\Temp\app.log,explorer.exe,benign,routine file activity
FILE-00031,2026-08-22T15:53:35Z,FIN-WS-14,ACME\jsmith,read,C:\Backup\state.db,backup-agent.exe,benign,routine file activity
FILE-01326,2026-08-22T15:53:44Z,BACKUP-01,ACME\svc_backup,read,D:\Shares\Finance\budget.xlsx,explorer.exe,benign,routine file activity
FILE-01175,2026-08-22T15:59:05Z,APP-API-02,ACME\svc_print,create,C:\Windows\Temp\app.log,robocopy.exe,benign,routine file activity
FILE-00042,2026-08-22T16:00:04Z,PRINT-01,NT AUTHORITY\SYSTEM,modify,C:\Windows\Temp\app.log,explorer.exe,benign,routine file activity
FILE-00666,2026-08-22T16:03:45Z,BACKUP-01,ACME\svc_print,modify,C:\Windows\Temp\app.log,robocopy.exe,benign,routine file activity
FILE-00090,2026-08-22T16:04:58Z,APP-API-02,ACME\svc_print,create,C:\Backup\state.db,robocopy.exe,benign,routine file activity
FILE-01630,2026-08-22T16:16:44Z,DC-01,ACME\svc_backup,modify,C:\Windows\Temp\app.log,backup-agent.exe,benign,routine file activity
FILE-01775,2026-08-22T16:29:37Z,DC-01,ACME\svc_backup,read,D:\Shares\Finance\budget.xlsx,robocopy.exe,benign,routine file activity
FILE-00823,2026-08-22T16:30:54Z,PRINT-01,ACME\svc_backup,read,C:\Backup\state.db,explorer.exe,benign,routine file activity
FILE-00370,2026-08-22T16:33:35Z,APP-API-02,NT AUTHORITY\SYSTEM,create,C:\Windows\Temp\app.log,robocopy.exe,benign,routine file activity
FILE-00252,2026-08-22T16:40:31Z,FILE-02,ACME\jsmith,modify,D:\Shares\Finance\budget.xlsx,robocopy.exe,benign,routine file activity
FILE-00840,2026-08-22T16:54:18Z,DC-01,ACME\svc_print,modify,D:\Shares\Finance\budget.xlsx,backup-agent.exe,benign,routine file activity
FILE-01416,2026-08-22T16:54:36Z,JUMP-01,ACME\svc_print,create,C:\Backup\state.db,robocopy.exe,benign,routine file activity
FILE-00789,2026-08-22T16:59:22Z,BACKUP-01,ACME\svc_backup,modify,C:\Backup\state.db,backup-agent.exe,benign,routine file activity
FILE-01252,2026-08-22T17:10:47Z,BACKUP-01,ACME\svc_print,create,D:\Shares\Finance\budget.xlsx,robocopy.exe,benign,routine file activity
FILE-00964,2026-08-22T17:11:43Z,DC-01,ACME\mrivera,read,D:\Shares\Finance\budget.xlsx,robocopy.exe,benign,routine file activity
FILE-01773,2026-08-22T17:19:22Z,FILE-02,ACME\svc_backup,modify,C:\Windows\Temp\app.log,explorer.exe,benign,routine file activity
FILE-00733,2026-08-22T17:25:41Z,BACKUP-01,ACME\svc_backup,read,D:\Shares\Finance\budget.xlsx,explorer.exe,benign,routine file activity
FILE-00586,2026-08-22T17:29:52Z,FIN-WS-14,ACME\svc_print,read,D:\Shares\Finance\budget.xlsx,robocopy.exe,benign,routine file activity
FILE-00120,2026-08-22T17:29:53Z,APP-API-02,ACME\svc_backup,modify,D:\Shares\Finance\budget.xlsx,robocopy.exe,benign,routine file activity
FILE-00264,2026-08-22T17:33:32Z,JUMP-01,NT AUTHORITY\SYSTEM,modify,C:\Backup\state.db,robocopy.exe,benign,routine file activity
FILE-00154,2026-08-22T17:50:29Z,PRINT-01,ACME\jsmith,create,D:\Shares\Finance\budget.xlsx,robocopy.exe,benign,routine file activity
FILE-01443,2026-08-22T17:54:33Z,JUMP-01,ACME\mrivera,create,D:\Shares\Finance\budget.xlsx,backup-agent.exe,benign,routine file activity
FILE-00445,2026-08-22T17:58:07Z,FILE-02,ACME\svc_print,create,C:\Windows\Temp\app.log,robocopy.exe,benign,routine file activity
FILE-00805,2026-08-22T17:58:51Z,DC-01,ACME\svc_print,create,C:\Backup\state.db,robocopy.exe,benign,routine file activity
FILE-00070,2026-08-22T17:59:03Z,DC-01,ACME\svc_backup,create,C:\Windows\Temp\app.log,explorer.exe,benign,routine file activity
FILE-00086,2026-08-22T18:00:04Z,APP-API-02,ACME\svc_print,read,C:\Backup\state.db,explorer.exe,benign,routine file activity
FILE-00119,2026-08-22T18:00:54Z,APP-API-02,ACME\mrivera,create,D:\Shares\Finance\budget.xlsx,explorer.exe,benign,routine file activity
FILE-00498,2026-08-22T18:04:11Z,JUMP-01,ACME\mrivera,modify,C:\Windows\Temp\app.log,robocopy.exe,benign,routine file activity
FILE-00948,2026-08-22T18:04:45Z,FILE-02,ACME\mrivera,modify,D:\Shares\Finance\budget.xlsx,explorer.exe,benign,routine file activity
FILE-00886,2026-08-22T18:15:28Z,PRINT-01,ACME\mrivera,create,C:\Windows\Temp\app.log,robocopy.exe,benign,routine file activity
FILE-01560,2026-08-22T18:16:16Z,BACKUP-01,ACME\jsmith,create,D:\Shares\Finance\budget.xlsx,robocopy.exe,benign,routine file activity
FILE-01278,2026-08-22T18:17:13Z,FILE-02,ACME\svc_backup,modify,C:\Backup\state.db,explorer.exe,benign,routine file activity
FILE-00044,2026-08-22T18:22:47Z,APP-API-02,ACME\svc_backup,modify,C:\Backup\state.db,backup-agent.exe,benign,routine file activity
FILE-00520,2026-08-22T18:29:41Z,APP-API-02,ACME\jsmith,create,D:\Shares\Finance\budget.xlsx,robocopy.exe,benign,routine file activity
FILE-00524,2026-08-22T18:34:17Z,PRINT-01,ACME\mrivera,create,D:\Shares\Finance\budget.xlsx,robocopy.exe,benign,routine file activity
FILE-01551,2026-08-22T18:38:23Z,DC-01,ACME\jsmith,create,C:\Backup\state.db,robocopy.exe,benign,routine file activity
FILE-00999,2026-08-22T18:45:23Z,FIN-WS-14,ACME\mrivera,read,C:\Windows\Temp\app.log,explorer.exe,benign,routine file activity
FILE-00065,2026-08-22T18:46:49Z,APP-API-02,ACME\jsmith,modify,C:\Backup\state.db,robocopy.exe,benign,routine file activity
FILE-00642,2026-08-22T18:47:41Z,BACKUP-01,ACME\mrivera,create,D:\Shares\Finance\budget.xlsx,explorer.exe,benign,routine file activity
FILE-01070,2026-08-22T18:53:25Z,APP-API-02,ACME\mrivera,modify,C:\Windows\Temp\app.log,backup-agent.exe,benign,routine file activity
FILE-01624,2026-08-22T18:58:04Z,JUMP-01,ACME\mrivera,create,D:\Shares\Finance\budget.xlsx,backup-agent.exe,benign,routine file activity
FILE-01202,2026-08-22T18:58:05Z,FIN-WS-14,NT AUTHORITY\SYSTEM,read,C:\Windows\Temp\app.log,explorer.exe,benign,routine file activity
FILE-00669,2026-08-22T18:58:25Z,FILE-02,NT AUTHORITY\SYSTEM,read,C:\Backup\state.db,robocopy.exe,benign,routine file activity
FILE-00378,2026-08-22T19:00:11Z,PRINT-01,ACME\svc_print,modify,C:\Windows\Temp\app.log,explorer.exe,benign,routine file activity
FILE-01159,2026-08-22T19:02:08Z,APP-API-02,ACME\svc_print,modify,C:\Windows\Temp\app.log,explorer.exe,benign,routine file activity
FILE-01662,2026-08-22T19:10:57Z,BACKUP-01,ACME\jsmith,modify,D:\Shares\Finance\budget.xlsx,explorer.exe,benign,routine file activity
FILE-01128,2026-08-22T19:15:04Z,FIN-WS-14,ACME\mrivera,create,C:\Backup\state.db,backup-agent.exe,benign,routine file activity
FILE-00641,2026-08-22T19:19:09Z,FILE-02,ACME\svc_backup,modify,D:\Shares\Finance\budget.xlsx,robocopy.exe,benign,routine file activity
FILE-01085,2026-08-22T19:28:36Z,JUMP-01,ACME\svc_backup,read,C:\Windows\Temp\app.log,explorer.exe,benign,routine file activity
FILE-01371,2026-08-22T19:29:39Z,FIN-WS-14,ACME\mrivera,read,C:\Windows\Temp\app.log,explorer.exe,benign,routine file activity
FILE-00882,2026-08-22T19:31:13Z,PRINT-01,ACME\jsmith,create,C:\Windows\Temp\app.log,backup-agent.exe,benign,routine file activity
FILE-01632,2026-08-22T19:32:24Z,BACKUP-01,ACME\svc_print,create,C:\Backup\state.db,explorer.exe,benign,routine file activity
FILE-00231,2026-08-22T19:41:21Z,APP-API-02,NT AUTHORITY\SYSTEM,create,C:\Windows\Temp\app.log,explorer.exe,benign,routine file activity
FILE-00320,2026-08-22T19:45:17Z,JUMP-01,ACME\svc_print,read,C:\Backup\state.db,backup-agent.exe,benign,routine file activity
FILE-01130,2026-08-22T19:46:32Z,BACKUP-01,ACME\jsmith,read,C:\Backup\state.db,robocopy.exe,benign,routine file activity
FILE-00640,2026-08-22T19:49:55Z,FIN-WS-14,ACME\jsmith,create,C:\Windows\Temp\app.log,explorer.exe,benign,routine file activity
FILE-00744,2026-08-22T19:51:16Z,APP-API-02,ACME\svc_backup,create,C:\Windows\Temp\app.log,robocopy.exe,benign,routine file activity
FILE-00670,2026-08-22T19:58:19Z,APP-API-02,ACME\svc_backup,modify,D:\Shares\Finance\budget.xlsx,robocopy.exe,benign,routine file activity
FILE-00010,2026-08-22T20:01:32Z,JUMP-01,ACME\svc_backup,modify,C:\Windows\Temp\app.log,explorer.exe,benign,routine file activity
FILE-00440,2026-08-22T20:07:39Z,JUMP-01,ACME\mrivera,create,C:\Backup\state.db,robocopy.exe,benign,routine file activity
FILE-00813,2026-08-22T20:09:23Z,BACKUP-01,ACME\jsmith,modify,C:\Backup\state.db,explorer.exe,benign,routine file activity
FILE-00281,2026-08-22T20:09:50Z,PRINT-01,ACME\svc_backup,read,C:\Windows\Temp\app.log,backup-agent.exe,benign,routine file activity
FILE-00976,2026-08-22T20:10:41Z,APP-API-02,ACME\svc_backup,read,D:\Shares\Finance\budget.xlsx,explorer.exe,benign,routine file activity
FILE-01134,2026-08-22T20:25:11Z,BACKUP-01,ACME\svc_print,read,C:\Backup\state.db,backup-agent.exe,benign,routine file activity
FILE-00439,2026-08-22T20:40:54Z,APP-API-02,ACME\jsmith,read,C:\Windows\Temp\app.log,backup-agent.exe,benign,routine file activity
FILE-01568,2026-08-22T20:42:15Z,DC-01,ACME\svc_backup,modify,D:\Shares\Finance\budget.xlsx,robocopy.exe,benign,routine file activity
FILE-00179,2026-08-22T20:44:10Z,FIN-WS-14,ACME\svc_print,create,D:\Shares\Finance\budget.xlsx,robocopy.exe,benign,routine file activity
FILE-01564,2026-08-22T20:44:12Z,FILE-02,NT AUTHORITY\SYSTEM,create,C:\Windows\Temp\app.log,robocopy.exe,benign,routine file activity
FILE-00430,2026-08-22T20:45:02Z,FILE-02,ACME\svc_print,modify,C:\Windows\Temp\app.log,robocopy.exe,benign,routine file activity
FILE-00751,2026-08-22T20:45:45Z,FILE-02,ACME\mrivera,modify,C:\Windows\Temp\app.log,robocopy.exe,benign,routine file activity
FILE-00590,2026-08-22T20:53:12Z,PRINT-01,ACME\svc_backup,read,D:\Shares\Finance\budget.xlsx,robocopy.exe,benign,routine file activity
FILE-01207,2026-08-22T20:59:03Z,FIN-WS-14,ACME\svc_print,create,D:\Shares\Finance\budget.xlsx,backup-agent.exe,benign,routine file activity
FILE-00018,2026-08-22T21:00:46Z,FILE-02,ACME\svc_backup,modify,C:\Backup\state.db,explorer.exe,benign,routine file activity
FILE-00327,2026-08-22T21:12:28Z,JUMP-01,NT AUTHORITY\SYSTEM,read,D:\Shares\Finance\budget.xlsx,robocopy.exe,benign,routine file activity
FILE-00412,2026-08-22T21:18:48Z,JUMP-01,ACME\mrivera,read,D:\Shares\Finance\budget.xlsx,explorer.exe,benign,routine file activity
FILE-00941,2026-08-22T21:18:57Z,BACKUP-01,ACME\mrivera,create,C:\Backup\state.db,robocopy.exe,benign,routine file activity
FILE-01469,2026-08-22T21:21:07Z,FILE-02,NT AUTHORITY\SYSTEM,create,C:\Windows\Temp\app.log,robocopy.exe,benign,routine file activity
FILE-01574,2026-08-22T21:21:34Z,JUMP-01,NT AUTHORITY\SYSTEM,create,C:\Windows\Temp\app.log,backup-agent.exe,benign,routine file activity
FILE-00963,2026-08-22T21:23:22Z,BACKUP-01,ACME\svc_print,create,D:\Shares\Finance\budget.xlsx,backup-agent.exe,benign,routine file activity
FILE-00651,2026-08-22T21:29:52Z,JUMP-01,ACME\svc_print,modify,C:\Backup\state.db,robocopy.exe,benign,routine file activity
FILE-01778,2026-08-22T21:44:03Z,JUMP-01,ACME\mrivera,read,C:\Windows\Temp\app.log,backup-agent.exe,benign,routine file activity
FILE-00648,2026-08-22T21:45:03Z,BACKUP-01,ACME\svc_backup,read,C:\Backup\state.db,backup-agent.exe,benign,routine file activity
FILE-01066,2026-08-22T21:58:45Z,FILE-02,ACME\svc_backup,create,C:\Backup\state.db,explorer.exe,benign,routine file activity
FILE-01233,2026-08-22T22:02:44Z,APP-API-02,ACME\mrivera,modify,D:\Shares\Finance\budget.xlsx,explorer.exe,benign,routine file activity
FILE-00433,2026-08-22T22:06:18Z,FIN-WS-14,ACME\svc_print,create,C:\Backup\state.db,explorer.exe,benign,routine file activity
FILE-00546,2026-08-22T22:08:04Z,FIN-WS-14,ACME\svc_print,read,D:\Shares\Finance\budget.xlsx,backup-agent.exe,benign,routine file activity
FILE-01626,2026-08-22T22:10:24Z,BACKUP-01,ACME\svc_print,create,D:\Shares\Finance\budget.xlsx,explorer.exe,benign,routine file activity
FILE-00883,2026-08-22T22:12:50Z,PRINT-01,ACME\svc_print,create,C:\Backup\state.db,backup-agent.exe,benign,routine file activity
FILE-01305,2026-08-22T22:17:34Z,BACKUP-01,NT AUTHORITY\SYSTEM,create,D:\Shares\Finance\budget.xlsx,robocopy.exe,benign,routine file activity
FILE-01627,2026-08-22T22:24:36Z,BACKUP-01,ACME\jsmith,modify,C:\Backup\state.db,robocopy.exe,benign,routine file activity
FILE-00032,2026-08-22T22:28:56Z,BACKUP-01,ACME\svc_backup,create,C:\Windows\Temp\app.log,backup-agent.exe,benign,routine file activity
FILE-00563,2026-08-22T22:30:05Z,BACKUP-01,ACME\mrivera,create,C:\Backup\state.db,robocopy.exe,benign,routine file activity
FILE-01388,2026-08-22T22:34:50Z,BACKUP-01,ACME\jsmith,create,D:\Shares\Finance\budget.xlsx,backup-agent.exe,benign,routine file activity
FILE-00461,2026-08-22T22:40:05Z,FILE-02,NT AUTHORITY\SYSTEM,create,C:\Backup\state.db,robocopy.exe,benign,routine file activity
FILE-01323,2026-08-22T22:40:05Z,DC-01,ACME\svc_backup,modify,C:\Backup\state.db,robocopy.exe,benign,routine file activity
FILE-00703,2026-08-22T22:41:22Z,BACKUP-01,NT AUTHORITY\SYSTEM,create,C:\Windows\Temp\app.log,robocopy.exe,benign,routine file activity
FILE-00508,2026-08-22T22:41:45Z,FIN-WS-14,ACME\jsmith,create,D:\Shares\Finance\budget.xlsx,backup-agent.exe,benign,routine file activity
FILE-01150,2026-08-22T22:45:01Z,APP-API-02,ACME\jsmith,read,C:\Windows\Temp\app.log,explorer.exe,benign,routine file activity
FILE-00961,2026-08-22T22:45:20Z,JUMP-01,NT AUTHORITY\SYSTEM,create,D:\Shares\Finance\budget.xlsx,backup-agent.exe,benign,routine file activity
FILE-01259,2026-08-22T22:50:18Z,BACKUP-01,ACME\svc_print,modify,C:\Backup\state.db,backup-agent.exe,benign,routine file activity
FILE-00877,2026-08-22T22:51:16Z,JUMP-01,ACME\svc_print,create,C:\Windows\Temp\app.log,robocopy.exe,benign,routine file activity
FILE-00319,2026-08-22T22:57:36Z,DC-01,NT AUTHORITY\SYSTEM,modify,D:\Shares\Finance\budget.xlsx,explorer.exe,benign,routine file activity
FILE-00674,2026-08-22T22:59:53Z,BACKUP-01,ACME\svc_backup,read,D:\Shares\Finance\budget.xlsx,backup-agent.exe,benign,routine file activity
FILE-00720,2026-08-22T23:02:19Z,PRINT-01,ACME\mrivera,read,C:\Windows\Temp\app.log,backup-agent.exe,benign,routine file activity
FILE-00015,2026-08-22T23:03:05Z,APP-API-02,ACME\svc_print,read,C:\Backup\state.db,backup-agent.exe,benign,routine file activity
FILE-00988,2026-08-22T23:03:44Z,PRINT-01,ACME\mrivera,create,D:\Shares\Finance\budget.xlsx,explorer.exe,benign,routine file activity
FILE-00573,2026-08-22T23:06:48Z,BACKUP-01,ACME\mrivera,read,C:\Windows\Temp\app.log,backup-agent.exe,benign,routine file activity
FILE-00896,2026-08-22T23:13:41Z,FILE-02,ACME\svc_backup,create,D:\Shares\Finance\budget.xlsx,backup-agent.exe,benign,routine file activity
FILE-00280,2026-08-22T23:13:50Z,DC-01,ACME\mrivera,modify,C:\Windows\Temp\app.log,robocopy.exe,benign,routine file activity
FILE-00465,2026-08-22T23:25:28Z,JUMP-01,ACME\jsmith,create,C:\Windows\Temp\app.log,robocopy.exe,benign,routine file activity
FILE-00062,2026-08-22T23:32:37Z,FILE-02,ACME\jsmith,read,D:\Shares\Finance\budget.xlsx,backup-agent.exe,benign,routine file activity
FILE-01724,2026-08-22T23:33:43Z,APP-API-02,ACME\svc_backup,modify,D:\Shares\Finance\budget.xlsx,explorer.exe,benign,routine file activity
FILE-00075,2026-08-22T23:35:35Z,FIN-WS-14,ACME\jsmith,read,C:\Windows\Temp\app.log,robocopy.exe,benign,routine file activity
FILE-00000,2026-08-22T23:39:01Z,FILE-02,ACME\jsmith,read,C:\Windows\Temp\app.log,backup-agent.exe,benign,routine file activity
FILE-00987,2026-08-22T23:39:30Z,PRINT-01,ACME\jsmith,read,D:\Shares\Finance\budget.xlsx,explorer.exe,benign,routine file activity
FILE-00637,2026-08-23T00:04:12Z,APP-API-02,ACME\jsmith,modify,C:\Windows\Temp\app.log,explorer.exe,benign,routine file activity
FILE-00712,2026-08-23T00:18:22Z,FIN-WS-14,NT AUTHORITY\SYSTEM,modify,D:\Shares\Finance\budget.xlsx,backup-agent.exe,benign,routine file activity
FILE-01526,2026-08-23T00:23:18Z,FILE-02,NT AUTHORITY\SYSTEM,read,D:\Shares\Finance\budget.xlsx,backup-agent.exe,benign,routine file activity
FILE-00389,2026-08-23T00:29:49Z,BACKUP-01,NT AUTHORITY\SYSTEM,modify,C:\Backup\state.db,backup-agent.exe,benign,routine file activity
FILE-00123,2026-08-23T00:30:38Z,FIN-WS-14,ACME\jsmith,read,C:\Backup\state.db,backup-agent.exe,benign,routine file activity
FILE-00462,2026-08-23T00:31:05Z,FIN-WS-14,NT AUTHORITY\SYSTEM,read,C:\Backup\state.db,explorer.exe,benign,routine file activity
FILE-01573,2026-08-23T00:35:12Z,FILE-02,ACME\svc_print,read,C:\Backup\state.db,robocopy.exe,benign,routine file activity
FILE-00357,2026-08-23T00:37:03Z,APP-API-02,ACME\svc_backup,modify,D:\Shares\Finance\budget.xlsx,backup-agent.exe,benign,routine file activity
FILE-00175,2026-08-23T00:40:57Z,BACKUP-01,NT AUTHORITY\SYSTEM,create,C:\Windows\Temp\app.log,backup-agent.exe,benign,routine file activity
FILE-01594,2026-08-23T00:58:24Z,FIN-WS-14,ACME\svc_backup,create,C:\Backup\state.db,explorer.exe,benign,routine file activity
FILE-00235,2026-08-23T01:02:33Z,DC-01,ACME\jsmith,create,D:\Shares\Finance\budget.xlsx,explorer.exe,benign,routine file activity
FILE-01193,2026-08-23T01:05:10Z,APP-API-02,ACME\svc_print,create,C:\Backup\state.db,backup-agent.exe,benign,routine file activity
FILE-00916,2026-08-23T01:09:52Z,DC-01,ACME\svc_print,create,D:\Shares\Finance\budget.xlsx,explorer.exe,benign,routine file activity
FILE-01492,2026-08-23T01:11:32Z,PRINT-01,ACME\mrivera,create,C:\Backup\state.db,robocopy.exe,benign,routine file activity
FILE-00835,2026-08-23T01:15:28Z,APP-API-02,ACME\svc_backup,read,D:\Shares\Finance\budget.xlsx,backup-agent.exe,benign,routine file activity
FILE-01480,2026-08-23T01:15:58Z,FIN-WS-14,NT AUTHORITY\SYSTEM,modify,C:\Backup\state.db,explorer.exe,benign,routine file activity
FILE-00592,2026-08-23T01:18:21Z,PRINT-01,ACME\mrivera,read,C:\Backup\state.db,robocopy.exe,benign,routine file activity
FILE-00178,2026-08-23T01:19:42Z,DC-01,ACME\svc_backup,create,D:\Shares\Finance\budget.xlsx,backup-agent.exe,benign,routine file activity
FILE-01689,2026-08-23T01:21:54Z,PRINT-01,ACME\mrivera,modify,D:\Shares\Finance\budget.xlsx,explorer.exe,benign,routine file activity
FILE-00783,2026-08-23T01:22:50Z,FILE-02,ACME\mrivera,read,C:\Backup\state.db,backup-agent.exe,benign,routine file activity
FILE-01508,2026-08-23T01:32:13Z,DC-01,ACME\svc_print,read,D:\Shares\Finance\budget.xlsx,robocopy.exe,benign,routine file activity
FILE-00721,2026-08-23T01:33:10Z,JUMP-01,ACME\svc_backup,create,D:\Shares\Finance\budget.xlsx,explorer.exe,benign,routine file activity
FILE-01546,2026-08-23T01:39:46Z,APP-API-02,ACME\svc_print,create,C:\Windows\Temp\app.log,explorer.exe,benign,routine file activity
FILE-01743,2026-08-23T01:39:51Z,FIN-WS-14,ACME\jsmith,create,D:\Shares\Finance\budget.xlsx,robocopy.exe,benign,routine file activity
FILE-01666,2026-08-23T01:47:37Z,FIN-WS-14,ACME\svc_print,read,C:\Windows\Temp\app.log,explorer.exe,benign,routine file activity
FILE-00496,2026-08-23T01:56:02Z,DC-01,ACME\mrivera,create,C:\Windows\Temp\app.log,backup-agent.exe,benign,routine file activity
FILE-01286,2026-08-23T01:56:37Z,PRINT-01,ACME\mrivera,read,C:\Backup\state.db,backup-agent.exe,benign,routine file activity
FILE-01691,2026-08-23T01:57:46Z,APP-API-02,ACME\mrivera,create,C:\Backup\state.db,backup-agent.exe,benign,routine file activity
FILE-00192,2026-08-23T01:58:06Z,DC-01,ACME\svc_backup,create,C:\Windows\Temp\app.log,backup-agent.exe,benign,routine file activity
FILE-00959,2026-08-23T01:59:34Z,APP-API-02,ACME\svc_backup,read,D:\Shares\Finance\budget.xlsx,robocopy.exe,benign,routine file activity
FILE-00145,2026-08-23T02:05:09Z,JUMP-01,NT AUTHORITY\SYSTEM,modify,C:\Backup\state.db,robocopy.exe,benign,routine file activity
FILE-01490,2026-08-23T02:07:29Z,FILE-02,NT AUTHORITY\SYSTEM,modify,D:\Shares\Finance\budget.xlsx,backup-agent.exe,benign,routine file activity
FILE-00035,2026-08-23T02:07:43Z,FILE-02,ACME\svc_print,create,D:\Shares\Finance\budget.xlsx,robocopy.exe,benign,routine file activity
FILE-00047,2026-08-23T02:13:49Z,BACKUP-01,NT AUTHORITY\SYSTEM,create,C:\Windows\Temp\app.log,backup-agent.exe,benign,routine file activity
FILE-00088,2026-08-23T02:16:22Z,DC-01,NT AUTHORITY\SYSTEM,modify,C:\Backup\state.db,explorer.exe,benign,routine file activity
FILE-00623,2026-08-23T02:16:24Z,FILE-02,ACME\svc_print,read,D:\Shares\Finance\budget.xlsx,backup-agent.exe,benign,routine file activity
FILE-00821,2026-08-23T02:16:27Z,BACKUP-01,NT AUTHORITY\SYSTEM,read,C:\Backup\state.db,robocopy.exe,benign,routine file activity
FILE-00438,2026-08-23T02:16:32Z,FIN-WS-14,ACME\mrivera,modify,C:\Backup\state.db,backup-agent.exe,benign,routine file activity
FILE-00464,2026-08-23T02:18:15Z,PRINT-01,ACME\jsmith,create,C:\Backup\state.db,explorer.exe,benign,routine file activity
FILE-00861,2026-08-23T02:21:17Z,BACKUP-01,NT AUTHORITY\SYSTEM,read,C:\Windows\Temp\app.log,explorer.exe,benign,routine file activity
FILE-01088,2026-08-23T02:21:56Z,BACKUP-01,ACME\jsmith,read,C:\Backup\state.db,robocopy.exe,benign,routine file activity
FILE-00657,2026-08-23T02:25:21Z,FILE-02,ACME\svc_backup,modify,C:\Windows\Temp\app.log,robocopy.exe,benign,routine file activity
FILE-01501,2026-08-23T02:28:45Z,BACKUP-01,NT AUTHORITY\SYSTEM,modify,D:\Shares\Finance\budget.xlsx,explorer.exe,benign,routine file activity
FILE-01635,2026-08-23T02:35:03Z,DC-01,ACME\jsmith,create,D:\Shares\Finance\budget.xlsx,backup-agent.exe,benign,routine file activity
FILE-00514,2026-08-23T02:51:34Z,APP-API-02,ACME\svc_backup,create,D:\Shares\Finance\budget.xlsx,explorer.exe,benign,routine file activity
FILE-00348,2026-08-23T02:53:48Z,JUMP-01,ACME\svc_backup,read,C:\Backup\state.db,backup-agent.exe,benign,routine file activity
FILE-01493,2026-08-23T02:55:07Z,APP-API-02,ACME\svc_print,read,D:\Shares\Finance\budget.xlsx,backup-agent.exe,benign,routine file activity
FILE-01034,2026-08-23T02:56:22Z,BACKUP-01,ACME\svc_backup,read,C:\Windows\Temp\app.log,explorer.exe,benign,routine file activity
FILE-01774,2026-08-23T02:57:48Z,PRINT-01,NT AUTHORITY\SYSTEM,modify,C:\Backup\state.db,robocopy.exe,benign,routine file activity
FILE-01176,2026-08-23T03:00:01Z,APP-API-02,ACME\jsmith,modify,D:\Shares\Finance\budget.xlsx,backup-agent.exe,benign,routine file activity
FILE-01524,2026-08-23T03:03:23Z,DC-01,ACME\jsmith,create,C:\Windows\Temp\app.log,backup-agent.exe,benign,routine file activity
FILE-01324,2026-08-23T03:05:11Z,DC-01,ACME\svc_print,read,C:\Windows\Temp\app.log,explorer.exe,benign,routine file activity
FILE-01313,2026-08-23T03:08:01Z,APP-API-02,NT AUTHORITY\SYSTEM,modify,D:\Shares\Finance\budget.xlsx,backup-agent.exe,benign,routine file activity
FILE-00467,2026-08-23T03:09:30Z,BACKUP-01,ACME\svc_print,create,C:\Backup\state.db,robocopy.exe,benign,routine file activity
FILE-00493,2026-08-23T03:24:57Z,FILE-02,ACME\svc_print,create,C:\Windows\Temp\app.log,explorer.exe,benign,routine file activity
FILE-00287,2026-08-23T03:27:30Z,BACKUP-01,ACME\jsmith,read,C:\Backup\state.db,explorer.exe,benign,routine file activity
FILE-00199,2026-08-23T03:36:02Z,PRINT-01,ACME\svc_print,modify,C:\Windows\Temp\app.log,explorer.exe,benign,routine file activity
FILE-01590,2026-08-23T03:40:44Z,FIN-WS-14,ACME\svc_print,create,C:\Backup\state.db,explorer.exe,benign,routine file activity
FILE-01398,2026-08-23T03:43:39Z,DC-01,ACME\mrivera,modify,C:\Windows\Temp\app.log,robocopy.exe,benign,routine file activity
FILE-01418,2026-08-23T03:46:13Z,BACKUP-01,ACME\svc_print,modify,D:\Shares\Finance\budget.xlsx,backup-agent.exe,benign,routine file activity
FILE-01063,2026-08-23T03:46:32Z,DC-01,ACME\svc_print,read,C:\Backup\state.db,robocopy.exe,benign,routine file activity
FILE-01155,2026-08-23T03:46:38Z,FIN-WS-14,ACME\svc_print,create,C:\Backup\state.db,backup-agent.exe,benign,routine file activity
FILE-01784,2026-08-23T03:54:11Z,FILE-02,ACME\svc_backup,modify,D:\Shares\Finance\budget.xlsx,backup-agent.exe,benign,routine file activity
FILE-00325,2026-08-23T04:00:55Z,DC-01,ACME\svc_print,read,D:\Shares\Finance\budget.xlsx,robocopy.exe,benign,routine file activity
FILE-01110,2026-08-23T04:05:22Z,DC-01,ACME\jsmith,create,D:\Shares\Finance\budget.xlsx,explorer.exe,benign,routine file activity
FILE-01258,2026-08-23T04:06:54Z,BACKUP-01,ACME\jsmith,modify,D:\Shares\Finance\budget.xlsx,robocopy.exe,benign,routine file activity
FILE-01722,2026-08-23T04:07:25Z,JUMP-01,ACME\svc_print,modify,D:\Shares\Finance\budget.xlsx,robocopy.exe,benign,routine file activity
FILE-00306,2026-08-23T04:19:05Z,BACKUP-01,ACME\jsmith,modify,C:\Backup\state.db,backup-agent.exe,benign,routine file activity
FILE-00598,2026-08-23T04:21:21Z,APP-API-02,ACME\svc_print,modify,C:\Backup\state.db,explorer.exe,benign,routine file activity
FILE-01096,2026-08-23T04:23:09Z,JUMP-01,ACME\svc_backup,modify,C:\Windows\Temp\app.log,explorer.exe,benign,routine file activity
FILE-01436,2026-08-23T04:23:33Z,FIN-WS-14,ACME\svc_print,read,C:\Windows\Temp\app.log,backup-agent.exe,benign,routine file activity
FILE-00276,2026-08-23T04:32:23Z,APP-API-02,ACME\svc_backup,read,D:\Shares\Finance\budget.xlsx,backup-agent.exe,benign,routine file activity
FILE-00077,2026-08-23T04:33:27Z,FIN-WS-14,ACME\svc_print,modify,C:\Backup\state.db,robocopy.exe,benign,routine file activity
FILE-01213,2026-08-23T04:39:24Z,APP-API-02,NT AUTHORITY\SYSTEM,read,D:\Shares\Finance\budget.xlsx,explorer.exe,benign,routine file activity
FILE-01410,2026-08-23T04:41:08Z,APP-API-02,ACME\svc_backup,read,C:\Backup\state.db,backup-agent.exe,benign,routine file activity
FILE-00291,2026-08-23T04:46:18Z,BACKUP-01,ACME\svc_backup,create,D:\Shares\Finance\budget.xlsx,robocopy.exe,benign,routine file activity
FILE-00968,2026-08-23T04:53:20Z,JUMP-01,ACME\svc_print,modify,D:\Shares\Finance\budget.xlsx,robocopy.exe,benign,routine file activity
FILE-01121,2026-08-23T05:02:47Z,PRINT-01,NT AUTHORITY\SYSTEM,read,D:\Shares\Finance\budget.xlsx,backup-agent.exe,benign,routine file activity
FILE-00277,2026-08-23T05:04:27Z,FIN-WS-14,ACME\mrivera,read,D:\Shares\Finance\budget.xlsx,robocopy.exe,benign,routine file activity
FILE-01525,2026-08-23T05:07:16Z,BACKUP-01,ACME\jsmith,read,C:\Backup\state.db,explorer.exe,benign,routine file activity
FILE-01633,2026-08-23T05:12:51Z,PRINT-01,NT AUTHORITY\SYSTEM,create,C:\Backup\state.db,robocopy.exe,benign,routine file activity
FILE-00596,2026-08-23T05:18:40Z,DC-01,ACME\mrivera,read,C:\Windows\Temp\app.log,explorer.exe,benign,routine file activity
FILE-01415,2026-08-23T05:18:48Z,DC-01,ACME\jsmith,modify,C:\Backup\state.db,backup-agent.exe,benign,routine file activity
FILE-00259,2026-08-23T05:20:53Z,DC-01,ACME\jsmith,modify,D:\Shares\Finance\budget.xlsx,explorer.exe,benign,routine file activity
FILE-01423,2026-08-23T05:21:34Z,JUMP-01,ACME\svc_backup,modify,D:\Shares\Finance\budget.xlsx,robocopy.exe,benign,routine file activity
FILE-00101,2026-08-23T05:27:24Z,FILE-02,ACME\mrivera,create,C:\Windows\Temp\app.log,backup-agent.exe,benign,routine file activity
FILE-01734,2026-08-23T05:29:25Z,PRINT-01,NT AUTHORITY\SYSTEM,create,C:\Backup\state.db,explorer.exe,benign,routine file activity
FILE-00966,2026-08-23T05:32:19Z,APP-API-02,ACME\mrivera,modify,D:\Shares\Finance\budget.xlsx,backup-agent.exe,benign,routine file activity
FILE-00533,2026-08-23T05:33:34Z,FIN-WS-14,ACME\jsmith,read,C:\Backup\state.db,robocopy.exe,benign,routine file activity
FILE-00636,2026-08-23T05:42:26Z,APP-API-02,ACME\svc_print,read,C:\Windows\Temp\app.log,backup-agent.exe,benign,routine file activity
FILE-00056,2026-08-23T05:43:47Z,JUMP-01,ACME\mrivera,create,C:\Backup\state.db,explorer.exe,benign,routine file activity
FILE-01366,2026-08-23T05:47:07Z,APP-API-02,ACME\svc_backup,read,D:\Shares\Finance\budget.xlsx,backup-agent.exe,benign,routine file activity
FILE-00699,2026-08-23T05:47:53Z,DC-01,ACME\mrivera,modify,C:\Windows\Temp\app.log,robocopy.exe,benign,routine file activity
FILE-00818,2026-08-23T05:54:16Z,FILE-02,ACME\jsmith,modify,C:\Windows\Temp\app.log,backup-agent.exe,benign,routine file activity
FILE-00728,2026-08-23T06:04:02Z,APP-API-02,ACME\mrivera,read,D:\Shares\Finance\budget.xlsx,robocopy.exe,benign,routine file activity
FILE-01776,2026-08-23T06:06:01Z,FILE-02,ACME\jsmith,read,C:\Backup\state.db,robocopy.exe,benign,routine file activity
FILE-00211,2026-08-23T06:11:56Z,JUMP-01,ACME\svc_print,create,D:\Shares\Finance\budget.xlsx,explorer.exe,benign,routine file activity
FILE-00501,2026-08-23T06:18:11Z,JUMP-01,ACME\svc_backup,create,C:\Backup\state.db,explorer.exe,benign,routine file activity
FILE-01618,2026-08-23T06:20:32Z,APP-API-02,ACME\svc_print,read,C:\Windows\Temp\app.log,robocopy.exe,benign,routine file activity
FILE-00626,2026-08-23T06:20:34Z,BACKUP-01,ACME\jsmith,create,D:\Shares\Finance\budget.xlsx,robocopy.exe,benign,routine file activity
FILE-00525,2026-08-23T06:21:58Z,PRINT-01,ACME\jsmith,create,D:\Shares\Finance\budget.xlsx,robocopy.exe,benign,routine file activity
FILE-01701,2026-08-23T06:26:55Z,BACKUP-01,ACME\svc_backup,create,C:\Windows\Temp\app.log,explorer.exe,benign,routine file activity
FILE-00423,2026-08-23T06:29:56Z,DC-01,ACME\svc_backup,create,C:\Backup\state.db,backup-agent.exe,benign,routine file activity
FILE-00996,2026-08-23T06:43:40Z,PRINT-01,ACME\svc_backup,read,C:\Backup\state.db,explorer.exe,benign,routine file activity
FILE-01164,2026-08-23T06:47:46Z,DC-01,ACME\jsmith,create,D:\Shares\Finance\budget.xlsx,backup-agent.exe,benign,routine file activity
FILE-00134,2026-08-23T06:48:29Z,BACKUP-01,ACME\mrivera,read,D:\Shares\Finance\budget.xlsx,explorer.exe,benign,routine file activity
FILE-00352,2026-08-23T06:49:04Z,BACKUP-01,ACME\mrivera,create,C:\Windows\Temp\app.log,explorer.exe,benign,routine file activity
FILE-01116,2026-08-23T06:54:10Z,APP-API-02,ACME\jsmith,modify,C:\Backup\state.db,backup-agent.exe,benign,routine file activity
FILE-01466,2026-08-23T06:54:43Z,BACKUP-01,ACME\mrivera,create,C:\Backup\state.db,explorer.exe,benign,routine file activity
FILE-00084,2026-08-23T06:57:43Z,BACKUP-01,ACME\svc_print,create,C:\Windows\Temp\app.log,robocopy.exe,benign,routine file activity
FILE-01368,2026-08-23T07:06:23Z,PRINT-01,NT AUTHORITY\SYSTEM,create,D:\Shares\Finance\budget.xlsx,backup-agent.exe,benign,routine file activity
FILE-00679,2026-08-23T07:08:36Z,APP-API-02,ACME\jsmith,modify,D:\Shares\Finance\budget.xlsx,robocopy.exe,benign,routine file activity
FILE-00045,2026-08-23T07:09:19Z,FIN-WS-14,ACME\svc_print,read,C:\Backup\state.db,robocopy.exe,benign,routine file activity
FILE-01149,2026-08-23T07:11:20Z,BACKUP-01,ACME\jsmith,modify,C:\Backup\state.db,backup-agent.exe,benign,routine file activity
FILE-01217,2026-08-23T07:16:00Z,FIN-WS-14,ACME\svc_print,modify,C:\Backup\state.db,explorer.exe,benign,routine file activity
FILE-00333,2026-08-23T07:19:35Z,DC-01,ACME\svc_backup,read,C:\Windows\Temp\app.log,explorer.exe,benign,routine file activity
FILE-01543,2026-08-23T07:37:50Z,PRINT-01,ACME\svc_print,modify,D:\Shares\Finance\budget.xlsx,backup-agent.exe,benign,routine file activity
FILE-00125,2026-08-23T07:39:52Z,DC-01,ACME\svc_print,read,D:\Shares\Finance\budget.xlsx,explorer.exe,benign,routine file activity
FILE-01424,2026-08-23T07:43:20Z,DC-01,ACME\svc_backup,modify,C:\Backup\state.db,robocopy.exe,benign,routine file activity
FILE-00696,2026-08-23T07:44:33Z,BACKUP-01,NT AUTHORITY\SYSTEM,create,D:\Shares\Finance\budget.xlsx,backup-agent.exe,benign,routine file activity
FILE-01177,2026-08-23T07:47:03Z,PRINT-01,ACME\jsmith,read,D:\Shares\Finance\budget.xlsx,backup-agent.exe,benign,routine file activity
FILE-01191,2026-08-23T07:51:52Z,DC-01,ACME\svc_backup,modify,C:\Windows\Temp\app.log,backup-agent.exe,benign,routine file activity
FILE-00238,2026-08-23T07:55:27Z,JUMP-01,NT AUTHORITY\SYSTEM,create,D:\Shares\Finance\budget.xlsx,explorer.exe,benign,routine file activity
FILE-01542,2026-08-23T08:00:49Z,FIN-WS-14,ACME\svc_print,create,C:\Windows\Temp\app.log,robocopy.exe,benign,routine file activity
FILE-01706,2026-08-23T08:01:54Z,FILE-02,ACME\mrivera,create,D:\Shares\Finance\budget.xlsx,robocopy.exe,benign,routine file activity
FILE-00009,2026-08-23T08:03:24Z,FILE-02,ACME\svc_backup,create,C:\Backup\state.db,backup-agent.exe,benign,routine file activity
FILE-00705,2026-08-23T08:04:51Z,JUMP-01,NT AUTHORITY\SYSTEM,modify,C:\Backup\state.db,robocopy.exe,benign,routine file activity
FILE-01385,2026-08-23T08:26:43Z,BACKUP-01,ACME\svc_print,modify,C:\Backup\state.db,explorer.exe,benign,routine file activity
FILE-01698,2026-08-23T08:30:31Z,PRINT-01,ACME\mrivera,create,C:\Windows\Temp\app.log,robocopy.exe,benign,routine file activity
FILE-00921,2026-08-23T08:36:18Z,FIN-WS-14,ACME\svc_print,create,C:\Windows\Temp\app.log,backup-agent.exe,benign,routine file activity
FILE-01350,2026-08-23T08:42:21Z,FILE-02,NT AUTHORITY\SYSTEM,read,C:\Windows\Temp\app.log,explorer.exe,benign,routine file activity
FILE-01732,2026-08-23T08:42:22Z,PRINT-01,NT AUTHORITY\SYSTEM,read,D:\Shares\Finance\budget.xlsx,robocopy.exe,benign,routine file activity
FILE-00328,2026-08-23T08:46:19Z,FIN-WS-14,ACME\jsmith,modify,C:\Backup\state.db,backup-agent.exe,benign,routine file activity
FILE-01048,2026-08-23T08:58:12Z,APP-API-02,ACME\mrivera,modify,C:\Windows\Temp\app.log,backup-agent.exe,benign,routine file activity
FILE-00013,2026-08-23T09:03:19Z,DC-01,ACME\svc_backup,modify,C:\Windows\Temp\app.log,robocopy.exe,benign,routine file activity
FILE-01634,2026-08-23T09:04:08Z,BACKUP-01,ACME\svc_backup,read,C:\Backup\state.db,robocopy.exe,benign,routine file activity
FILE-00725,2026-08-23T09:05:08Z,APP-API-02,ACME\mrivera,read,C:\Windows\Temp\app.log,robocopy.exe,benign,routine file activity
FILE-00030,2026-08-23T09:06:32Z,PRINT-01,ACME\jsmith,create,D:\Shares\Finance\budget.xlsx,explorer.exe,benign,routine file activity
FILE-00801,2026-08-23T09:09:09Z,PRINT-01,ACME\svc_print,create,C:\Windows\Temp\app.log,robocopy.exe,benign,routine file activity
FILE-00785,2026-08-23T09:13:49Z,FILE-02,NT AUTHORITY\SYSTEM,read,C:\Windows\Temp\app.log,backup-agent.exe,benign,routine file activity
FILE-00930,2026-08-23T09:16:29Z,PRINT-01,NT AUTHORITY\SYSTEM,create,C:\Backup\state.db,backup-agent.exe,benign,routine file activity
FILE-00191,2026-08-23T09:30:08Z,FIN-WS-14,ACME\mrivera,modify,C:\Windows\Temp\app.log,backup-agent.exe,benign,routine file activity
FILE-00094,2026-08-23T09:33:02Z,FIN-WS-14,ACME\svc_print,read,C:\Backup\state.db,explorer.exe,benign,routine file activity
FILE-01182,2026-08-23T09:38:44Z,DC-01,ACME\mrivera,create,C:\Backup\state.db,backup-agent.exe,benign,routine file activity
FILE-01605,2026-08-23T09:38:45Z,APP-API-02,ACME\svc_print,read,D:\Shares\Finance\budget.xlsx,robocopy.exe,benign,routine file activity
FILE-01406,2026-08-23T09:39:23Z,APP-API-02,ACME\svc_backup,read,C:\Windows\Temp\app.log,explorer.exe,benign,routine file activity
FILE-00097,2026-08-23T09:42:42Z,JUMP-01,ACME\jsmith,read,C:\Windows\Temp\app.log,explorer.exe,benign,routine file activity
FILE-00639,2026-08-23T09:44:39Z,DC-01,ACME\mrivera,read,C:\Windows\Temp\app.log,backup-agent.exe,benign,routine file activity
FILE-01474,2026-08-23T09:47:57Z,PRINT-01,ACME\svc_backup,create,C:\Windows\Temp\app.log,explorer.exe,benign,routine file activity
FILE-00583,2026-08-23T09:49:08Z,DC-01,ACME\mrivera,create,C:\Backup\state.db,backup-agent.exe,benign,routine file activity
FILE-01114,2026-08-23T09:52:59Z,BACKUP-01,ACME\mrivera,modify,C:\Backup\state.db,explorer.exe,benign,routine file activity
FILE-00479,2026-08-23T09:53:48Z,JUMP-01,ACME\svc_backup,modify,D:\Shares\Finance\budget.xlsx,explorer.exe,benign,routine file activity
FILE-01570,2026-08-23T09:55:16Z,JUMP-01,NT AUTHORITY\SYSTEM,create,C:\Windows\Temp\app.log,robocopy.exe,benign,routine file activity
FILE-00216,2026-08-23T10:00:08Z,FIN-WS-14,ACME\jsmith,modify,C:\Backup\state.db,backup-agent.exe,benign,routine file activity
FILE-00589,2026-08-23T10:07:47Z,PRINT-01,ACME\mrivera,read,C:\Windows\Temp\app.log,backup-agent.exe,benign,routine file activity
FILE-01320,2026-08-23T10:14:52Z,FILE-02,ACME\jsmith,create,C:\Backup\state.db,explorer.exe,benign,routine file activity
FILE-01763,2026-08-23T10:16:13Z,FILE-02,ACME\mrivera,create,C:\Backup\state.db,robocopy.exe,benign,routine file activity
FILE-00363,2026-08-23T10:18:06Z,FIN-WS-14,ACME\svc_print,modify,C:\Windows\Temp\app.log,explorer.exe,benign,routine file activity
FILE-01647,2026-08-23T10:18:40Z,APP-API-02,ACME\svc_backup,modify,C:\Backup\state.db,robocopy.exe,benign,routine file activity
FILE-00974,2026-08-23T10:28:02Z,JUMP-01,ACME\mrivera,read,C:\Backup\state.db,explorer.exe,benign,routine file activity
FILE-01084,2026-08-23T10:30:09Z,BACKUP-01,ACME\mrivera,modify,C:\Windows\Temp\app.log,robocopy.exe,benign,routine file activity
FILE-00066,2026-08-23T10:36:02Z,PRINT-01,ACME\jsmith,modify,C:\Windows\Temp\app.log,explorer.exe,benign,routine file activity
FILE-00453,2026-08-23T10:37:45Z,APP-API-02,NT AUTHORITY\SYSTEM,read,C:\Windows\Temp\app.log,backup-agent.exe,benign,routine file activity
FILE-00309,2026-08-23T10:53:03Z,JUMP-01,ACME\svc_backup,read,C:\Backup\state.db,explorer.exe,benign,routine file activity
FILE-00534,2026-08-23T10:55:57Z,BACKUP-01,ACME\svc_print,create,C:\Windows\Temp\app.log,backup-agent.exe,benign,routine file activity
FILE-01178,2026-08-23T11:00:51Z,PRINT-01,ACME\svc_print,modify,C:\Windows\Temp\app.log,explorer.exe,benign,routine file activity
FILE-01089,2026-08-23T11:03:15Z,DC-01,NT AUTHORITY\SYSTEM,create,C:\Backup\state.db,robocopy.exe,benign,routine file activity
FILE-01644,2026-08-23T11:04:04Z,BACKUP-01,NT AUTHORITY\SYSTEM,read,C:\Backup\state.db,explorer.exe,benign,routine file activity
FILE-01449,2026-08-23T11:15:38Z,PRINT-01,ACME\jsmith,read,C:\Backup\state.db,robocopy.exe,benign,routine file activity
FILE-01228,2026-08-23T11:23:38Z,FILE-02,ACME\jsmith,create,D:\Shares\Finance\budget.xlsx,explorer.exe,benign,routine file activity
FILE-01713,2026-08-23T11:24:05Z,FILE-02,ACME\svc_print,read,C:\Windows\Temp\app.log,robocopy.exe,benign,routine file activity
FILE-00897,2026-08-23T11:24:12Z,BACKUP-01,ACME\svc_print,read,D:\Shares\Finance\budget.xlsx,robocopy.exe,benign,routine file activity
FILE-01740,2026-08-23T11:25:54Z,BACKUP-01,ACME\jsmith,create,C:\Backup\state.db,robocopy.exe,benign,routine file activity
FILE-00207,2026-08-23T11:34:29Z,BACKUP-01,ACME\jsmith,read,C:\Backup\state.db,explorer.exe,benign,routine file activity
FILE-00142,2026-08-23T11:40:27Z,PRINT-01,ACME\svc_print,read,C:\Backup\state.db,backup-agent.exe,benign,routine file activity
FILE-01031,2026-08-23T11:52:05Z,FILE-02,ACME\svc_backup,read,C:\Windows\Temp\app.log,robocopy.exe,benign,routine file activity
FILE-01790,2026-08-23T11:54:14Z,APP-API-02,ACME\svc_print,modify,C:\Backup\state.db,robocopy.exe,benign,routine file activity
